,instr_date,final_address,time_adj_npsf,gfa,nfa,other_area,original_consid,consid,original_npsf,npsf,memo_no,MW_data_code,nat_instr,d_code,code_chinese,op_date,op_year,bldg_age,unit,floor,block,phase,est_name_en,est_name_ch,with_CPS,final_coords,lat,long
0,1995-11-01,"PARK GARDEN,TAI HANG DR|柏園,大坑徑",5173.596491228071,1390,1140,"{'bay_window': '', 'flat_roof': '', 'roof': '', 'ac_platform': '', 'plant_room': '', 'garden': '', 'yard': ''}",6.465,5.8979,5671,5173.596491228071,6456268,4774360,ASP,HJL,渣甸山,1972/08,1972,54,B,14.0,blank,blank,blank,,True,POINT Z (22.273318 114.192986 0),22.273318,114.192986
1,1995-11-01,"PARK GARDEN,TAI HANG DR|柏園,大坑徑",4033.305084745764,1420,1180,"{'bay_window': '', 'flat_roof': '', 'roof': '', 'ac_platform': '', 'plant_room': '', 'garden': '', 'yard': ''}",5.2,4.7593000000000005,4407,4033.305084745764,6475518,4782050,ASP,HJL,渣甸山,1972/08,1972,54,D,1.0,blank,blank,blank,,True,POINT Z (22.273318 114.192986 0),22.273318,114.192986
2,1995-12-22,"PARK GARDEN,TAI HANG DR|柏園,大坑徑",5641.754385964912,1390,1140,"{'bay_window': '', 'flat_roof': '', 'roof': '', 'ac_platform': '', 'plant_room': '', 'garden': '', 'yard': ''}",7.05,6.4316,6184,5641.754385964912,6493488,4784233,ASP,HJL,渣甸山,1972/08,1972,54,C,19.0,blank,blank,blank,,True,POINT Z (22.273318 114.192986 0),22.273318,114.192986
3,1996-01-15,"PARK GARDEN,TAI HANG DR|柏園,大坑徑",5445.0,1420,1180,"{'bay_window': '', 'flat_roof': '', 'roof': '', 'ac_platform': '', 'plant_room': '', 'garden': '', 'yard': ''}",7.02,6.4251,5949,5445.0,6519358,4794078,ASP,HJL,渣甸山,1972/08,1972,54,A,17.0,blank,blank,blank,,True,POINT Z (22.273318 114.192986 0),22.273318,114.192986
4,1996-01-22,"PARK GARDEN,TAI HANG DR|柏園,大坑徑",4521.40350877193,1390,1140,"{'bay_window': '', 'flat_roof': '', 'roof': '', 'ac_platform': '', 'plant_room': '', 'garden': '', 'yard': ''}",5.65,5.154400000000001,4956,4521.40350877193,6543435,4802843,ASP,HJL,渣甸山,1972/08,1972,54,B,10.0,blank,blank,blank,,True,POINT Z (22.273318 114.192986 0),22.273318,114.192986
5,1996-05-01,"PARK GARDEN,TAI HANG DR|柏園,大坑徑",6962.105263157894,1390,1140,"{'bay_window': '', 'flat_roof': '', 'roof': '', 'ac_platform': '', 'plant_room': '', 'garden': '', 'yard': ''}",8.7,7.936799999999999,7632,6962.105263157894,6652882,4848858,ASP,HJL,渣甸山,1972/08,1972,54,C,20.0,blank,blank,blank,,True,POINT Z (22.273318 114.192986 0),22.273318,114.192986
6,1996-06-01,"PARK GARDEN,TAI HANG DR|柏園,大坑徑",6127.542372881356,1420,1180,"{'bay_window': '', 'flat_roof': '', 'roof': '', 'ac_platform': '', 'plant_room': '', 'garden': '', 'yard': ''}",7.9,7.2305,6695,6127.542372881356,6674515,4854561,ASP,HJL,渣甸山,1972/08,1972,54,A,20.0,blank,blank,blank,,True,POINT Z (22.273318 114.192986 0),22.273318,114.192986
7,1996-06-26,"PARK GARDEN,TAI HANG DR|柏園,大坑徑",6748.050847457626,1420,1180,"{'bay_window': '', 'flat_roof': '', 'roof': '', 'ac_platform': '', 'plant_room': '', 'garden': '', 'yard': ''}",8.7,7.962699999999999,7373,6748.050847457626,6681376,4856592,ASP,HJL,渣甸山,1972/08,1972,54,A,21.0,blank,blank,blank,,True,POINT Z (22.273318 114.192986 0),22.273318,114.192986
8,1996-09-19,"PARK GARDEN,TAI HANG DR|柏園,大坑徑",6241.929824561404,1390,1140,"{'bay_window': '', 'flat_roof': '', 'roof': '', 'ac_platform': '', 'plant_room': '', 'garden': '', 'yard': ''}",7.8,7.1158,6842,6241.929824561404,6771049,4883607,ASP,HJL,渣甸山,1972/08,1972,54,C,15.0,blank,blank,blank,,True,POINT Z (22.273318 114.192986 0),22.273318,114.192986
9,1996-10-07,"PARK GARDEN,TAI HANG DR|柏園,大坑徑",6658.070175438596,1390,1140,"{'bay_window': '', 'flat_roof': '', 'roof': '', 'ac_platform': '', 'plant_room': '', 'garden': '', 'yard': ''}",8.32,7.5902,7298,6658.070175438596,6798173,4893344,ASP,HJL,渣甸山,1972/08,1972,54,C,11.0,blank,blank,blank,,True,POINT Z (22.273318 114.192986 0),22.273318,114.192986
10,1996-11-26,"PARK GARDEN,TAI HANG DR|柏園,大坑徑",6499.830508474576,1420,1180,"{'bay_window': '', 'flat_roof': '', 'roof': '', 'ac_platform': '', 'plant_room': '', 'garden': '', 'yard': ''}",8.38,7.6698,7102,6499.830508474576,6854149,4922775,ASP,HJL,渣甸山,1972/08,1972,54,D,5.0,blank,blank,blank,,True,POINT Z (22.273318 114.192986 0),22.273318,114.192986
11,1996-12-02,"PARK GARDEN,TAI HANG DR|柏園,大坑徑",6205.084745762712,1420,1180,"{'bay_window': '', 'flat_roof': '', 'roof': '', 'ac_platform': '', 'plant_room': '', 'garden': '', 'yard': ''}",8.0,7.322,6780,6205.084745762712,6876813,4933598,ASP,HJL,渣甸山,1972/08,1972,54,D,3.0,blank,blank,blank,,True,POINT Z (22.273318 114.192986 0),22.273318,114.192986
12,1996-12-18,"PARK GARDEN,TAI HANG DR|柏園,大坑徑",5336.35593220339,1420,1180,"{'bay_window': '', 'flat_roof': '', 'roof': '', 'ac_platform': '', 'plant_room': '', 'garden': '', 'yard': ''}",6.88,6.2969,5831,5336.35593220339,6935958,4947786,ASP,HJL,渣甸山,1972/08,1972,54,A,1.0,blank,blank,blank,,True,POINT Z (22.273318 114.192986 0),22.273318,114.192986
13,1997-02-10,"PARK GARDEN,TAI HANG DR|柏園,大坑徑",7577.645617279539,1420,1180,"{'bay_window': '', 'flat_roof': '', 'roof': '', 'ac_platform': '', 'plant_room': '', 'garden': '', 'yard': ''}",10.0,9.1525,8475,7756.35593220339,6949599,4977633,ASP,HJL,渣甸山,1972/08,1972,54,A,14.0,blank,blank,blank,,True,POINT Z (22.273318 114.192986 0),22.273318,114.192986
14,1997-02-11,"PARK GARDEN,TAI HANG DR|柏園,大坑徑",8834.456227040388,1390,1140,"{'bay_window': '', 'flat_roof': '', 'roof': '', 'ac_platform': '', 'plant_room': '', 'garden': '', 'yard': ''}",11.3,10.308800000000002,9912,9042.80701754386,6989430,4989270,PRO-ASP,HJL,渣甸山,1972/08,1972,54,C,19.0,blank,blank,blank,,True,POINT Z (22.273318 114.192986 0),22.273318,114.192986
15,1997-03-19,"PARK GARDEN,TAI HANG DR|柏園,大坑徑",9934.377618164688,1390,1140,"{'bay_window': '', 'flat_roof': '', 'roof': '', 'ac_platform': '', 'plant_room': '', 'garden': '', 'yard': ''}",13.93,12.7081,12219,11147.456140350878,7010622,5008729,ASP,HJL,渣甸山,1972/08,1972,54,B,23.0,blank,blank,blank,,True,POINT Z (22.273318 114.192986 0),22.273318,114.192986
16,1997-03-14,"PARK GARDEN,TAI HANG DR|柏園,大坑徑",8486.6027856688,1390,1140,"{'bay_window': '', 'flat_roof': '', 'roof': '', 'ac_platform': '', 'plant_room': '', 'garden': '', 'yard': ''}",11.9,10.8561,10439,9522.894736842103,7016641,5005692,ASP,HJL,渣甸山,1972/08,1972,54,B,11.0,blank,blank,blank,,True,POINT Z (22.273318 114.192986 0),22.273318,114.192986
17,1997-04-28,"PARK GARDEN,TAI HANG DR|柏園,大坑徑",7567.398092227773,1420,1180,"{'bay_window': '', 'flat_roof': '', 'roof': '', 'ac_platform': '', 'plant_room': '', 'garden': '', 'yard': ''}",10.88,9.958,9220,8438.983050847457,7064341,5024819,ASP,HJL,渣甸山,1972/08,1972,54,A,6.0,blank,blank,blank,,True,POINT Z (22.273318 114.192986 0),22.273318,114.192986
18,1997-04-23,"PARK GARDEN,TAI HANG DR|柏園,大坑徑",6372.291118155621,1390,1140,"{'bay_window': '', 'flat_roof': '', 'roof': '', 'ac_platform': '', 'plant_room': '', 'garden': '', 'yard': ''}",8.88,8.1011,7789,7106.22807017544,7064705,5024878,ASP,HJL,渣甸山,1972/08,1972,54,B,19.0,blank,blank,blank,,True,POINT Z (22.273318 114.192986 0),22.273318,114.192986
19,1997-05-03,"PARK GARDEN,TAI HANG DR|柏園,大坑徑",7115.638458341182,1420,1180,"{'bay_window': '', 'flat_roof': '', 'roof': '', 'ac_platform': '', 'plant_room': '', 'garden': '', 'yard': ''}",10.7,9.7932,9068,8299.322033898305,7082250,5031366,ASP,HJL,渣甸山,1972/08,1972,54,A,18.0,blank,blank,blank,,True,POINT Z (22.273318 114.192986 0),22.273318,114.192986
20,1997-05-12,"PARK GARDEN,TAI HANG DR|柏園,大坑徑",7066.958221734902,1390,1140,"{'bay_window': '', 'flat_roof': '', 'roof': '', 'ac_platform': '', 'plant_room': '', 'garden': '', 'yard': ''}",10.3,9.3965,9035,8242.543859649122,7095992,5035855,SUB-ASP,HJL,渣甸山,1972/08,1972,54,B,10.0,blank,blank,blank,,True,POINT Z (22.273318 114.192986 0),22.273318,114.192986
21,1997-05-05,"PARK GARDEN,TAI HANG DR|柏園,大坑徑",5719.133014060278,1420,1180,"{'bay_window': '', 'flat_roof': '', 'roof': '', 'ac_platform': '', 'plant_room': '', 'garden': '', 'yard': ''}",8.6,7.8712,7288,6670.508474576272,7124406,5046565,ASP,HJL,渣甸山,1972/08,1972,54,D,7.0,blank,blank,blank,,True,POINT Z (22.273318 114.192986 0),22.273318,114.192986
22,1997-07-21,"PARK GARDEN,TAI HANG DR|柏園,大坑徑",6611.988183122253,1390,1140,"{'bay_window': '', 'flat_roof': '', 'roof': '', 'ac_platform': '', 'plant_room': '', 'garden': '', 'yard': ''}",9.7,8.8491,8509,7762.368421052632,7205720,5084101,ASP,HJL,渣甸山,1972/08,1972,54,B,3.0,blank,blank,blank,,True,POINT Z (22.273318 114.192986 0),22.273318,114.192986
23,1997-09-16,"PARK GARDEN,TAI HANG DR|柏園,大坑徑",8479.64467871267,1420,1180,"{'bay_window': '', 'flat_roof': '', 'roof': '', 'ac_platform': '', 'plant_room': '', 'garden': '', 'yard': ''}",13.1,11.9898,11102,10160.847457627118,7290882,5111716,ASP,HJL,渣甸山,1972/08,1972,54,A,17.0,blank,blank,blank,,True,POINT Z (22.273318 114.192986 0),22.273318,114.192986
24,1997-09-24,"PARK GARDEN,TAI HANG DR|柏園,大坑徑",8337.277627233509,1420,1180,"{'bay_window': '', 'flat_roof': '', 'roof': '', 'ac_platform': '', 'plant_room': '', 'garden': '', 'yard': ''}",12.88,11.7885,10915,9990.254237288136,7297722,5115600,ASP,HJL,渣甸山,1972/08,1972,54,D,16.0,blank,blank,blank,,True,POINT Z (22.273318 114.192986 0),22.273318,114.192986
25,1997-10-09,"PARK GARDEN,TAI HANG DR|柏園,大坑徑",8789.998621386148,1390,1140,"{'bay_window': '', 'flat_roof': '', 'roof': '', 'ac_platform': '', 'plant_room': '', 'garden': '', 'yard': ''}",13.5,12.3158,11842,10803.333333333334,7320292,5124420,ASP,HJL,渣甸山,1972/08,1972,54,B,21.0,blank,blank,blank,,True,POINT Z (22.273318 114.192986 0),22.273318,114.192986
26,1997-10-29,"PARK GARDEN,TAI HANG DR|柏園,大坑徑",7573.10470130161,1420,1180,"{'bay_window': '', 'flat_roof': '', 'roof': '', 'ac_platform': '', 'plant_room': '', 'garden': '', 'yard': ''}",12.0,10.9831,10169,9307.71186440678,7342560,5134602,ASP,HJL,渣甸山,1972/08,1972,54,D,10.0,blank,blank,blank,,True,POINT Z (22.273318 114.192986 0),22.273318,114.192986
27,1997-12-12,"PARK GARDEN,TAI HANG DR|柏園,大坑徑",7717.719474245059,1390,1140,"{'bay_window': '', 'flat_roof': '', 'roof': '', 'ac_platform': '', 'plant_room': '', 'garden': '', 'yard': ''}",10.68,9.7432,9368,8546.666666666666,7381389,5146747,ASP,HJL,渣甸山,1972/08,1972,54,B,17.0,blank,blank,blank,,True,POINT Z (22.273318 114.192986 0),22.273318,114.192986
28,1998-01-21,"PARK GARDEN,TAI HANG DR|柏園,大坑徑",6312.884504732482,1420,1180,"{'bay_window': '', 'flat_roof': '', 'roof': '', 'ac_platform': '', 'plant_room': '', 'garden': '', 'yard': ''}",7.5,7.5,6356,6355.932203389831,7411187,5159256,ASP,HJL,渣甸山,1972/08,1972,54,A,15.0,blank,blank,blank,,False,POINT Z (22.273318 114.192986 0),22.273318,114.192986
29,1998-06-29,"PARK GARDEN,TAI HANG DR|柏園,大坑徑",5952.915556942931,1390,1140,"{'bay_window': '', 'flat_roof': '', 'roof': '', 'ac_platform': '', 'plant_room': '', 'garden': '', 'yard': ''}",6.0,5.4737,5263,4801.491228070176,7527288,5211863,PRO-ASP,HJL,渣甸山,1972/08,1972,54,B,8.0,blank,blank,blank,,True,POINT Z (22.273318 114.192986 0),22.273318,114.192986
30,1998-12-01,"PARK GARDEN,TAI HANG DR|柏園,大坑徑",6907.755648828716,1390,1140,"{'bay_window': '', 'flat_roof': '', 'roof': '', 'ac_platform': '', 'plant_room': '', 'garden': '', 'yard': ''}",6.3,5.7474,5526,5041.578947368421,7639752,101704,ASP,HJL,渣甸山,1972/08,1972,54,C,22.0,blank,blank,blank,,True,POINT Z (22.273318 114.192986 0),22.273318,114.192986
31,1999-02-11,"PARK GARDEN,TAI HANG DR|柏園,大坑徑",7113.9837959704,1420,1180,"{'bay_window': '', 'flat_roof': '', 'roof': '', 'ac_platform': '', 'plant_room': '', 'garden': '', 'yard': ''}",6.78,6.2054,5746,5258.813559322034,7698387,152177,ASP,HJL,渣甸山,1972/08,1972,54,D,16.0,blank,blank,blank,,True,POINT Z (22.273318 114.192986 0),22.273318,114.192986
32,1999-04-20,"PARK GARDEN,TAI HANG DR|柏園,大坑徑",6299.964037126682,1420,1180,"{'bay_window': '', 'flat_roof': '', 'roof': '', 'ac_platform': '', 'plant_room': '', 'garden': '', 'yard': ''}",6.0,5.4915,5085,4653.813559322034,7748801,196693,ASP,HJL,渣甸山,1972/08,1972,54,D,8.0,blank,blank,blank,,True,POINT Z (22.273318 114.192986 0),22.273318,114.192986
33,1999-05-03,"PARK GARDEN,TAI HANG DR|柏園,大坑徑",7002.240177660255,1420,1180,"{'bay_window': '', 'flat_roof': '', 'roof': '', 'ac_platform': '', 'plant_room': '', 'garden': '', 'yard': ''}",6.65,6.0864,5636,5157.966101694915,7760176,211377,ASP,HJL,渣甸山,1972/08,1972,54,D,14.0,blank,blank,blank,,True,POINT Z (22.273318 114.192986 0),22.273318,114.192986
34,1999-04-30,"PARK GARDEN,TAI HANG DR|柏園,大坑徑",6824.89009365968,1390,1140,"{'bay_window': '', 'flat_roof': '', 'roof': '', 'ac_platform': '', 'plant_room': '', 'garden': '', 'yard': ''}",6.3,5.7474,5526,5041.578947368421,7765961,217866,ASP,HJL,渣甸山,1972/08,1972,54,B,8.0,blank,blank,blank,,True,POINT Z (22.273318 114.192986 0),22.273318,114.192986
35,1999-06-11,"PARK GARDEN,TAI HANG DR|柏園,大坑徑",5911.877659628367,1390,1140,"{'bay_window': '', 'flat_roof': '', 'roof': '', 'ac_platform': '', 'plant_room': '', 'garden': '', 'yard': ''}",5.5,5.0175,4825,4401.315789473684,7803850,246052,ASP,HJL,渣甸山,1972/08,1972,54,B,6.0,blank,blank,blank,,True,POINT Z (22.273318 114.192986 0),22.273318,114.192986
36,1999-08-14,"PARK GARDEN,TAI HANG DR|柏園,大坑徑",6909.1759293987625,1420,1180,"{'bay_window': '', 'flat_roof': '', 'roof': '', 'ac_platform': '', 'plant_room': '', 'garden': '', 'yard': ''}",6.0,6.0,5085,5084.745762711865,7869958,291571,PRO-ASP,HJL,渣甸山,1972/08,1972,54,D,20.0,blank,blank,blank,,False,POINT Z (22.273318 114.192986 0),22.273318,114.192986
37,1999-09-28,"PARK GARDEN,TAI HANG DR|柏園,大坑徑",9126.896853718248,1420,1180,"{'bay_window': '', 'flat_roof': '', 'roof': '', 'ac_platform': '', 'plant_room': '', 'garden': '', 'yard': ''}",8.38,7.6698,7102,6499.830508474576,7891188,306632,ASP,HJL,渣甸山,1972/08,1972,54,D,23.0,blank,blank,blank,,True,POINT Z (22.273318 114.192986 0),22.273318,114.192986
38,1999-12-06,"PARK GARDEN,TAI HANG DR|柏園,大坑徑",6305.847376157741,1420,1180,"{'bay_window': '', 'flat_roof': '', 'roof': '', 'ac_platform': '', 'plant_room': '', 'garden': '', 'yard': ''}",5.7,5.2169,4831,4421.101694915255,7940341,348023,ASP,HJL,渣甸山,1972/08,1972,54,A,2.0,blank,blank,blank,,True,POINT Z (22.273318 114.192986 0),22.273318,114.192986
39,1999-12-10,"PARK GARDEN,TAI HANG DR|柏園,大坑徑",7750.100695766487,1390,1140,"{'bay_window': '', 'flat_roof': '', 'roof': '', 'ac_platform': '', 'plant_room': '', 'garden': '', 'yard': ''}",6.79,6.1944,5956,5433.684210526316,7942908,349419,ASP,HJL,渣甸山,1972/08,1972,54,B,11.0,blank,blank,blank,,True,POINT Z (22.273318 114.192986 0),22.273318,114.192986
40,2000-01-04,"PARK GARDEN,TAI HANG DR|柏園,大坑徑",7096.619946917114,1390,1140,"{'bay_window': '', 'flat_roof': '', 'roof': '', 'ac_platform': '', 'plant_room': '', 'garden': '', 'yard': ''}",6.3,5.7474,5526,5041.578947368421,7966593,366473,PRO-ASP,HJL,渣甸山,1972/08,1972,54,C,6.0,blank,blank,blank,,True,POINT Z (22.273318 114.192986 0),22.273318,114.192986
41,2000-03-11,"PARK GARDEN,TAI HANG DR|柏園,大坑徑",6672.171119704592,1390,1140,"{'bay_window': '', 'flat_roof': '', 'roof': '', 'ac_platform': '', 'plant_room': '', 'garden': '', 'yard': ''}",5.98,5.455400000000001,5246,4785.438596491229,8033890,408825,ASP,HJL,渣甸山,1972/08,1972,54,B,4.0,blank,blank,blank,,True,POINT Z (22.273318 114.192986 0),22.273318,114.192986
42,2000-03-07,"PARK GARDEN,TAI HANG DR|柏園,大坑徑",7656.643502267967,1420,1180,"{'bay_window': '', 'flat_roof': '', 'roof': '', 'ac_platform': '', 'plant_room': '', 'garden': '', 'yard': ''}",7.08,6.48,6000,5491.525423728814,8044226,416039,PRO-ASP,HJL,渣甸山,1972/08,1972,54,A,20.0,blank,blank,blank,,True,POINT Z (22.273318 114.192986 0),22.273318,114.192986
43,2000-03-29,"PARK GARDEN,TAI HANG DR|柏園,大坑徑",7029.460420322931,1420,1180,"{'bay_window': '', 'flat_roof': '', 'roof': '', 'ac_platform': '', 'plant_room': '', 'garden': '', 'yard': ''}",6.5,5.9492,5508,5041.6949152542375,8063652,432506,ASP,HJL,渣甸山,1972/08,1972,54,D,5.0,blank,blank,blank,,True,POINT Z (22.273318 114.192986 0),22.273318,114.192986
44,2000-08-23,"PARK GARDEN,TAI HANG DR|柏園,大坑徑",7076.341868989152,1390,1140,"{'bay_window': '', 'flat_roof': '', 'roof': '', 'ac_platform': '', 'plant_room': '', 'garden': '', 'yard': ''}",5.8,5.2912,5088,4641.403508771929,8194104,532283,ASP,HJL,渣甸山,1972/08,1972,54,B,12.0,blank,blank,blank,,True,POINT Z (22.273318 114.192986 0),22.273318,114.192986
45,2000-10-03,"PARK GARDEN,TAI HANG DR|柏園,大坑徑",7747.980707890836,1420,1180,"{'bay_window': '', 'flat_roof': '', 'roof': '', 'ac_platform': '', 'plant_room': '', 'garden': '', 'yard': ''}",6.6,6.040699999999999,5593,5119.237288135592,8215051,549907,ASP,HJL,渣甸山,1972/08,1972,54,A,17.0,blank,blank,blank,,True,POINT Z (22.273318 114.192986 0),22.273318,114.192986
46,2000-10-27,"PARK GARDEN,TAI HANG DR|柏園,大坑徑",7630.444580494406,1390,1140,"{'bay_window': '', 'flat_roof': '', 'roof': '', 'ac_platform': '', 'plant_room': '', 'garden': '', 'yard': ''}",6.3,5.7474,5526,5041.578947368421,8258619,580311,MEM-ASP,HJL,渣甸山,1972/08,1972,54,C,9.0,blank,blank,blank,,True,POINT Z (22.273318 114.192986 0),22.273318,114.192986
47,2001-03-19,"PARK GARDEN,TAI HANG DR|柏園,大坑徑",7579.062332092175,1420,1180,"{'bay_window': '', 'flat_roof': '', 'roof': '', 'ac_platform': '', 'plant_room': '', 'garden': '', 'yard': ''}",6.15,5.6288,5212,4770.169491525424,8394947,690718,ASP,HJL,渣甸山,1972/08,1972,54,A,22.0,blank,blank,blank,,True,POINT Z (22.273318 114.192986 0),22.273318,114.192986
48,2001-06-15,"PARK GARDEN,TAI HANG DR|柏園,大坑徑",7526.939732205175,1420,1180,"{'bay_window': '', 'flat_roof': '', 'roof': '', 'ac_platform': '', 'plant_room': '', 'garden': '', 'yard': ''}",6.0,5.4915,5085,4653.813559322034,8412425,702293,PRO-ASP,HJL,渣甸山,1972/08,1972,54,D,22.0,blank,blank,blank,,True,POINT Z (22.273318 114.192986 0),22.273318,114.192986
49,2001-09-03,"PARK GARDEN,TAI HANG DR|柏園,大坑徑",9885.282206424155,1390,1140,"{'bay_window': '', 'flat_roof': '', 'roof': '', 'ac_platform': '', 'plant_room': '', 'garden': '', 'yard': ''}",7.48,6.8239,6561,5985.877192982456,8493844,765446,ASP,HJL,渣甸山,1972/08,1972,54,B,23.0,blank,blank,blank,,True,POINT Z (22.273318 114.192986 0),22.273318,114.192986
50,2002-07-22,"PARK GARDEN,TAI HANG DR|柏園,大坑徑",9367.691256381586,1390,1140,"{'bay_window': '', 'flat_roof': '', 'roof': '', 'ac_platform': '', 'plant_room': '', 'garden': '', 'yard': ''}",6.5,5.9298,5702,5201.578947368421,8750616,959877,ASP,HJL,渣甸山,1972/08,1972,54,C,11.0,blank,blank,blank,,True,POINT Z (22.273318 114.192986 0),22.273318,114.192986
51,2003-01-30,"PARK GARDEN,TAI HANG DR|柏園,大坑徑",7774.387928720211,0,1140,"{'bay_window': '', 'flat_roof': '', 'roof': '', 'ac_platform': '', 'plant_room': '', 'garden': '', 'yard': ''}",4.9,4.4702,4298,3921.2280701754394,8908553,1083041,ASP,HJL,渣甸山,1972/08,1972,54,B,5.0,blank,blank,blank,,True,POINT Z (22.273318 114.192986 0),22.273318,114.192986
52,2003-10-07,"PARK GARDEN,TAI HANG DR|柏園,大坑徑",7826.291289867271,1420,1180,"{'bay_window': '', 'flat_roof': '', 'roof': '', 'ac_platform': '', 'plant_room': '', 'garden': '', 'yard': ''}",5.4,4.9424,4576,4188.474576271186,9040339,1191504,PRO-ASP,HJL,渣甸山,1972/08,1972,54,D,5.0,blank,blank,blank,,True,POINT Z (22.273318 114.192986 0),22.273318,114.192986
53,2003-11-06,"PARK GARDEN,TAI HANG DR|柏園,大坑徑",8173.729253100022,0,1180,"{'bay_window': '', 'flat_roof': '', 'roof': '', 'ac_platform': '', 'plant_room': '', 'garden': '', 'yard': ''}",5.75,5.2627,4873,4459.9152542372885,9069449,1214274,ASP,HJL,渣甸山,1972/08,1972,54,D,22.0,blank,blank,blank,,True,POINT Z (22.273318 114.192986 0),22.273318,114.192986
54,2004-02-06,"PARK GARDEN,TAI HANG DR|柏園,大坑徑",7175.001376415132,0,1140,"{'bay_window': '', 'flat_roof': '', 'roof': '', 'ac_platform': '', 'plant_room': '', 'garden': '', 'yard': ''}",5.82,5.3095,5105,4657.456140350877,9141985,1269595,ASP,HJL,渣甸山,1972/08,1972,54,C,10.0,blank,blank,blank,,True,POINT Z (22.273318 114.192986 0),22.273318,114.192986
55,2004-02-20,"PARK GARDEN,TAI HANG DR|柏園,大坑徑",6930.475447692525,0,1180,"{'bay_window': '', 'flat_roof': '', 'roof': '', 'ac_platform': '', 'plant_room': '', 'garden': '', 'yard': ''}",5.8,5.3085,4915,4498.728813559322,9147252,1274976,ASP,HJL,渣甸山,1972/08,1972,54,A,2.0,blank,blank,blank,,True,POINT Z (22.273318 114.192986 0),22.273318,114.192986
56,2004-03-18,"PARK GARDEN,TAI HANG DR|柏園,大坑徑",8986.047827151922,0,1180,"{'bay_window': '', 'flat_roof': '', 'roof': '', 'ac_platform': '', 'plant_room': '', 'garden': '', 'yard': ''}",7.5,6.8644,6356,5817.28813559322,9177593,1300622,ASP,HJL,渣甸山,1972/08,1972,54,A,20.0,blank,blank,blank,,True,POINT Z (22.273318 114.192986 0),22.273318,114.192986
57,2004-08-19,"PARK GARDEN,TAI HANG DR|柏園,大坑徑",7732.031632065366,0,1140,"{'bay_window': '', 'flat_roof': '', 'roof': '', 'ac_platform': '', 'plant_room': '', 'garden': '', 'yard': ''}",7.35,6.705299999999999,6447,5881.8421052631575,9312955,1403700,ASP,HJL,渣甸山,1972/08,1972,54,B,21.0,blank,blank,blank,,True,POINT Z (22.273318 114.192986 0),22.273318,114.192986
58,2004-09-09,"PARK GARDEN,TAI HANG DR|柏園,大坑徑",8505.640037033656,0,1180,"{'bay_window': '', 'flat_roof': '', 'roof': '', 'ac_platform': '', 'plant_room': '', 'garden': '', 'yard': ''}",7.5,6.8644,6356,5817.28813559322,9331806,1416899,ASP,HJL,渣甸山,1972/08,1972,54,D,16.0,blank,blank,blank,,True,POINT Z (22.273318 114.192986 0),22.273318,114.192986
59,2004-09-02,"PARK GARDEN,TAI HANG DR|柏園,大坑徑",7979.903125310001,0,1140,"{'bay_window': '', 'flat_roof': '', 'roof': '', 'ac_platform': '', 'plant_room': '', 'garden': '', 'yard': ''}",6.82,6.2218,5982,5457.719298245615,9332145,1416930,ASP,HJL,渣甸山,1972/08,1972,54,B,7.0,blank,blank,blank,,True,POINT Z (22.273318 114.192986 0),22.273318,114.192986
60,2004-11-02,"PARK GARDEN,TAI HANG DR|柏園,大坑徑",8050.872531641385,0,1140,"{'bay_window': '', 'flat_roof': '', 'roof': '', 'ac_platform': '', 'plant_room': '', 'garden': '', 'yard': ''}",7.2,6.5684000000000005,6316,5761.754385964912,9393504,1467954,ASP,HJL,渣甸山,1972/08,1972,54,C,9.0,blank,blank,blank,,True,POINT Z (22.273318 114.192986 0),22.273318,114.192986
61,2005-04-15,"PARK GARDEN,TAI HANG DR|柏園,大坑徑",8447.715231142918,0,1140,"{'bay_window': '', 'flat_roof': '', 'roof': '', 'ac_platform': '', 'plant_room': '', 'garden': '', 'yard': ''}",7.92,7.2253,6947,6337.982456140351,5042102220075,1588717,ASP,HJL,渣甸山,1972/08,1972,54,B,4.0,blank,blank,blank,,True,POINT Z (22.273318 114.192986 0),22.273318,114.192986
62,2005-03-29,"PARK GARDEN,TAI HANG DR|柏園,大坑徑",9245.935320128518,0,1180,"{'bay_window': '', 'flat_roof': '', 'roof': '', 'ac_platform': '', 'plant_room': '', 'garden': '', 'yard': ''}",8.8,8.054200000000002,7458,6825.593220338985,5042201070128,1592728,ASP,HJL,渣甸山,1972/08,1972,54,A,20.0,blank,blank,blank,,True,POINT Z (22.273318 114.192986 0),22.273318,114.192986
63,2005-03-15,"PARK GARDEN,TAI HANG DR|柏園,大坑徑",9666.205107407084,0,1180,"{'bay_window': '', 'flat_roof': '', 'roof': '', 'ac_platform': '', 'plant_room': '', 'garden': '', 'yard': ''}",9.2,8.4203,7797,7135.847457627118,5043001720199,1598972,PRO-ASP,HJL,渣甸山,1972/08,1972,54,D,15.0,blank,blank,blank,,True,POINT Z (22.273318 114.192986 0),22.273318,114.192986
64,2005-06-10,"PARK GARDEN,TAI HANG DR|柏園,大坑徑",8611.962507700828,0,1180,"{'bay_window': '', 'flat_roof': '', 'roof': '', 'ac_platform': '', 'plant_room': '', 'garden': '', 'yard': ''}",8.4,7.6881,7119,6515.338983050848,5070600640163,1670152,ASP,HJL,渣甸山,1972/08,1972,54,A,7.0,blank,blank,blank,,True,POINT Z (22.273318 114.192986 0),22.273318,114.192986
65,2005-09-28,"PARK GARDEN,TAI HANG DR|柏園,大坑徑",8964.552107468691,0,1140,"{'bay_window': '', 'flat_roof': '', 'roof': '', 'ac_platform': '', 'plant_room': '', 'garden': '', 'yard': ''}",8.8,8.0281,7719,7042.19298245614,5100701980090,1741248,ASP,HJL,渣甸山,1972/08,1972,54,B,19.0,blank,blank,blank,,True,POINT Z (22.273318 114.192986 0),22.273318,114.192986
66,2006-01-04,"PARK GARDEN,TAI HANG DR|柏園,大坑徑",8969.586902157596,0,1140,"{'bay_window': '', 'flat_roof': '', 'roof': '', 'ac_platform': '', 'plant_room': '', 'garden': '', 'yard': ''}",8.3,7.571900000000001,7281,6642.01754385965,6012101620064,1805472,ASP,HJL,渣甸山,1972/08,1972,54,C,7.0,blank,blank,blank,,True,POINT Z (22.273318 114.192986 0),22.273318,114.192986
67,2006-01-16,"PARK GARDEN,TAI HANG DR|柏園,大坑徑",7646.415419322061,0,1180,"{'bay_window': '', 'flat_roof': '', 'roof': '', 'ac_platform': '', 'plant_room': '', 'garden': '', 'yard': ''}",7.3,6.6814,6186,5662.203389830508,6012700520122,1809851,ASP,HJL,渣甸山,1972/08,1972,54,D,1.0,blank,blank,blank,,True,POINT Z (22.273318 114.192986 0),22.273318,114.192986
68,2006-05-04,"PARK GARDEN,TAI HANG DR|柏園,大坑徑",9568.54464487398,0,1180,"{'bay_window': '', 'flat_roof': '', 'roof': '', 'ac_platform': '', 'plant_room': '', 'garden': '', 'yard': ''}",9.35,8.557599999999999,7924,7252.203389830507,6051301680031,1874464,ASP,HJL,渣甸山,1972/08,1972,54,D,8.0,blank,blank,blank,,True,POINT Z (22.273318 114.192986 0),22.273318,114.192986
69,2006-04-26,"PARK GARDEN,TAI HANG DR|柏園,大坑徑",9233.140544037744,0,1180,"{'bay_window': '', 'flat_roof': '', 'roof': '', 'ac_platform': '', 'plant_room': '', 'garden': '', 'yard': ''}",9.05,8.283100000000001,7669,7019.576271186442,6052402090105,1883578,ASP,HJL,渣甸山,1972/08,1972,54,A,18.0,blank,blank,blank,,True,POINT Z (22.273318 114.192986 0),22.273318,114.192986
70,2006-05-16,"PARK GARDEN,TAI HANG DR|柏園,大坑徑",9189.9444279026,0,1180,"{'bay_window': '', 'flat_roof': '', 'roof': '', 'ac_platform': '', 'plant_room': '', 'garden': '', 'yard': ''}",8.98,8.219000000000001,7610,6965.254237288136,6061301410041,1897796,PRO-ASP,HJL,渣甸山,1972/08,1972,54,A,8.0,blank,blank,blank,,True,POINT Z (22.273318 114.192986 0),22.273318,114.192986
71,2006-10-11,"PARK GARDEN,TAI HANG DR|柏園,大坑徑",9848.176147134918,0,1140,"{'bay_window': '', 'flat_roof': '', 'roof': '', 'ac_platform': '', 'plant_room': '', 'garden': '', 'yard': ''}",9.6,8.7579,8421,7682.368421052632,6103100790064,1992619,PRO-ASP,HJL,渣甸山,1972/08,1972,54,C,9.0,blank,blank,blank,,True,POINT Z (22.273318 114.192986 0),22.273318,114.192986
72,2006-10-20,"PARK GARDEN,TAI HANG DR|柏園,大坑徑",9930.26396027972,0,1140,"{'bay_window': '', 'flat_roof': '', 'roof': '', 'ac_platform': '', 'plant_room': '', 'garden': '', 'yard': ''}",9.68,8.8309,8491,7746.403508771929,6110601620023,1996402,ASP,HJL,渣甸山,1972/08,1972,54,B,21.0,blank,blank,blank,,True,POINT Z (22.273318 114.192986 0),22.273318,114.192986
73,2007-10-09,"PARK GARDEN,TAI HANG DR|柏園,大坑徑",10145.597504871808,0,1180,"{'bay_window': '', 'flat_roof': '', 'roof': '', 'ac_platform': '', 'plant_room': '', 'garden': '', 'yard': ''}",11.8,10.8,10000,9152.542372881357,7102302370015,2278547,ASP,HJL,渣甸山,1972/08,1972,54,D,7.0,blank,blank,blank,,True,POINT Z (22.273318 114.192986 0),22.273318,114.192986
74,2007-10-22,"PARK GARDEN,TAI HANG DR|柏園,大坑徑",10467.453236243464,0,1140,"{'bay_window': '', 'flat_roof': '', 'roof': '', 'ac_platform': '', 'plant_room': '', 'garden': '', 'yard': ''}",11.8,10.7649,10351,9442.894736842103,7110801910018,2295660,ASP,HJL,渣甸山,1972/08,1972,54,C,6.0,blank,blank,blank,,True,POINT Z (22.273318 114.192986 0),22.273318,114.192986
75,2007-10-18,"PARK GARDEN,TAI HANG DR|柏園,大坑徑",11265.865283942889,0,1140,"{'bay_window': '', 'flat_roof': '', 'roof': '', 'ac_platform': '', 'plant_room': '', 'garden': '', 'yard': ''}",12.7,11.586,11140,10163.157894736842,7111202600071,2299104,ASP,HJL,渣甸山,1972/08,1972,54,C,17.0,blank,blank,blank,,True,POINT Z (22.273318 114.192986 0),22.273318,114.192986
76,2007-10-31,"PARK GARDEN,TAI HANG DR|柏園,大坑徑",11265.865283942889,0,1140,"{'bay_window': '', 'flat_roof': '', 'roof': '', 'ac_platform': '', 'plant_room': '', 'garden': '', 'yard': ''}",12.7,11.586,11140,10163.157894736842,7112300830035,2313643,ASP,HJL,渣甸山,1972/08,1972,54,B,18.0,blank,blank,blank,,True,POINT Z (22.273318 114.192986 0),22.273318,114.192986
77,2007-11-23,"PARK GARDEN,TAI HANG DR|柏園,大坑徑",11029.019636229015,0,1180,"{'bay_window': '', 'flat_roof': '', 'roof': '', 'ac_platform': '', 'plant_room': '', 'garden': '', 'yard': ''}",13.5,12.3559,11441,10471.101694915254,7120500260214,2327399,ASP,HJL,渣甸山,1972/08,1972,54,A,19.0,blank,blank,blank,,True,POINT Z (22.273318 114.192986 0),22.273318,114.192986
78,2007-12-12,"PARK GARDEN,TAI HANG DR|柏園,大坑徑",10376.547881005486,0,1180,"{'bay_window': '', 'flat_roof': '', 'roof': '', 'ac_platform': '', 'plant_room': '', 'garden': '', 'yard': ''}",13.1,11.9898,11102,10160.847457627118,8010200170070,2358545,ASP,HJL,渣甸山,1972/08,1972,54,A,12.0,blank,blank,blank,,True,POINT Z (22.273318 114.192986 0),22.273318,114.192986
79,2008-01-02,"PARK GARDEN,TAI HANG DR|柏園,大坑徑",11174.408687245204,0,1180,"{'bay_window': '', 'flat_roof': '', 'roof': '', 'ac_platform': '', 'plant_room': '', 'garden': '', 'yard': ''}",14.86,13.6007,12593,11526.016949152545,8011803340723,2382753,ASP,HJL,渣甸山,1972/08,1972,54,A,10.0,blank,blank,blank,,True,POINT Z (22.273318 114.192986 0),22.273318,114.192986
80,2008-01-21,"PARK GARDEN,TAI HANG DR|柏園,大坑徑",10590.110307156005,0,1140,"{'bay_window': '', 'flat_roof': '', 'roof': '', 'ac_platform': '', 'plant_room': '', 'garden': '', 'yard': ''}",13.65,12.4526,11974,10923.333333333334,8020603390021,2407657,ASP,HJL,渣甸山,1972/08,1972,54,B,12.0,blank,blank,blank,,True,POINT Z (22.273318 114.192986 0),22.273318,114.192986
81,2008-02-19,"PARK GARDEN,TAI HANG DR|柏園,大坑徑",8688.191582907755,0,1140,"{'bay_window': '', 'flat_roof': '', 'roof': '', 'ac_platform': '', 'plant_room': '', 'garden': '', 'yard': ''}",11.5,10.4912,10088,9202.80701754386,8030702220013,2438525,ASP,HJL,渣甸山,1972/08,1972,54,B,2.0,blank,blank,blank,,True,POINT Z (22.273318 114.192986 0),22.273318,114.192986
82,2008-05-23,"PARK GARDEN,TAI HANG DR|柏園,大坑徑",11437.09756909236,0,1180,"{'bay_window': '', 'flat_roof': '', 'roof': '', 'ac_platform': '', 'plant_room': '', 'garden': '', 'yard': ''}",14.0,14.0,11864,11864.406779661016,8062703120160,2547010,PRO-ASP,HJL,渣甸山,1972/08,1972,54,A,8.0,blank,blank,blank,,False,POINT Z (22.273318 114.192986 0),22.273318,114.192986
83,2008-07-17,"PARK GARDEN,TAI HANG DR|柏園,大坑徑",10690.382192943376,0,1180,"{'bay_window': '', 'flat_roof': '', 'roof': '', 'ac_platform': '', 'plant_room': '', 'garden': '', 'yard': ''}",14.8,13.5458,12542,11479.49152542373,8073100940019,2575063,ASP,HJL,渣甸山,1972/08,1972,54,D,20.0,blank,blank,blank,,True,POINT Z (22.273318 114.192986 0),22.273318,114.192986
84,2008-12-18,"PARK GARDEN,TAI HANG DR|柏園,大坑徑",9884.024692205088,0,1140,"{'bay_window': '', 'flat_roof': '', 'roof': '', 'ac_platform': '', 'plant_room': '', 'garden': '', 'yard': ''}",10.5,9.5789,9211,8402.543859649122,8122400810017,2654480,ASP,HJL,渣甸山,1972/08,1972,54,B,21.0,blank,blank,blank,,True,POINT Z (22.273318 114.192986 0),22.273318,114.192986
85,2009-06-02,"PARK GARDEN,TAI HANG DR|柏園,大坑徑",10896.726118441691,0,1140,"{'bay_window': '', 'flat_roof': '', 'roof': '', 'ac_platform': '', 'plant_room': '', 'garden': '', 'yard': ''}",13.88,12.6625,12175,11107.456140350878,9060802230058,2752280,ASP,HJL,渣甸山,1972/08,1972,54,C,17.0,blank,blank,blank,,True,POINT Z (22.273318 114.192986 0),22.273318,114.192986
86,2009-06-15,"PARK GARDEN,TAI HANG DR|柏園,大坑徑",11132.1728521835,0,1140,"{'bay_window': '', 'flat_roof': '', 'roof': '', 'ac_platform': '', 'plant_room': '', 'garden': '', 'yard': ''}",14.18,12.9361,12439,11347.456140350878,9071002190071,2786861,ASP,HJL,渣甸山,1972/08,1972,54,B,18.0,blank,blank,blank,,True,POINT Z (22.273318 114.192986 0),22.273318,114.192986
87,2009-08-19,"PARK GARDEN,TAI HANG DR|柏園,大坑徑",11479.675548084051,0,1140,"{'bay_window': '', 'flat_roof': '', 'roof': '', 'ac_platform': '', 'plant_room': '', 'garden': '', 'yard': ''}",15.0,13.6842,13158,12003.684210526317,9090301760021,2844214,PRE-ASP,HJL,渣甸山,1972/08,1972,54,C,19.0,blank,blank,blank,,True,POINT Z (22.273318 114.192986 0),22.273318,114.192986
88,2009-08-07,"PARK GARDEN,TAI HANG DR|柏園,大坑徑",11387.815996739057,0,1140,"{'bay_window': '', 'flat_roof': '', 'roof': '', 'ac_platform': '', 'plant_room': '', 'garden': '', 'yard': ''}",14.88,13.5747,13053,11907.631578947368,9090403050167,2846036,PRE-ASP,HJL,渣甸山,1972/08,1972,54,B,14.0,blank,blank,blank,,True,POINT Z (22.273318 114.192986 0),22.273318,114.192986
89,2009-12-15,"PARK GARDEN,TAI HANG DR|柏園,大坑徑",10816.200945045695,0,1180,"{'bay_window': '', 'flat_roof': '', 'roof': '', 'ac_platform': '', 'plant_room': '', 'garden': '', 'yard': ''}",15.28,13.9851,12949,11851.77966101695,9122300720081,2951780,ASP,HJL,渣甸山,1972/08,1972,54,A,15.0,blank,blank,blank,,True,POINT Z (22.273318 114.192986 0),22.273318,114.192986
90,2010-02-09,"PARK GARDEN,TAI HANG DR|柏園,大坑徑",11066.4178153932,0,1140,"{'bay_window': '', 'flat_roof': '', 'roof': '', 'ac_platform': '', 'plant_room': '', 'garden': '', 'yard': ''}",16.18,14.7607,14193,12947.982456140351,10021800210064,3006023,ASP,HJL,渣甸山,1972/08,1972,54,C,14.0,blank,blank,blank,,True,POINT Z (22.273318 114.192986 0),22.273318,114.192986
91,2011-01-11,"PARK GARDEN,TAI HANG DR|柏園,大坑徑",10031.630587508163,0,1140,"{'bay_window': '', 'flat_roof': '', 'roof': '', 'ac_platform': '', 'plant_room': '', 'garden': '', 'yard': ''}",16.95,15.4632,14868,13564.21052631579,11011900700048,3363910,ASP,HJL,渣甸山,1972/08,1972,54,B,10.0,blank,blank,blank,,True,POINT Z (22.273318 114.192986 0),22.273318,114.192986
92,2011-08-16,"PARK GARDEN,TAI HANG DR|柏園,大坑徑",8757.560795778378,0,1140,"{'bay_window': '', 'flat_roof': '', 'roof': '', 'ac_platform': '', 'plant_room': '', 'garden': '', 'yard': ''}",16.6,15.143900000000002,14561,13284.122807017546,11082600300015,3561648,ASP,HJL,渣甸山,1972/08,1972,54,B,4.0,blank,blank,blank,,True,POINT Z (22.273318 114.192986 0),22.273318,114.192986
93,2012-04-01,"PARK GARDEN,TAI HANG DR|柏園,大坑徑",10062.706353090844,0,1140,"{'bay_window': '', 'flat_roof': '', 'roof': '', 'ac_platform': '', 'plant_room': '', 'garden': '', 'yard': ''}",19.9,18.1544,17456,15924.912280701754,12042401080024,3695427,PRO-ASP,HJL,渣甸山,1972/08,1972,54,B,18.0,blank,blank,blank,,True,POINT Z (22.273318 114.192986 0),22.273318,114.192986
94,2012-05-19,"PARK GARDEN,TAI HANG DR|柏園,大坑徑",9642.71910020329,0,1180,"{'bay_window': '', 'flat_roof': '', 'roof': '', 'ac_platform': '', 'plant_room': '', 'garden': '', 'yard': ''}",19.8,18.122,16780,15357.627118644068,12061501740390,3738659,PRO-ASP,HJL,渣甸山,1972/08,1972,54,D,7.0,blank,blank,blank,,True,POINT Z (22.273318 114.192986 0),22.273318,114.192986
95,2012-06-10,"PARK GARDEN,TAI HANG DR|柏園,大坑徑",7931.482045100918,0,1140,"{'bay_window': '', 'flat_roof': '', 'roof': '', 'ac_platform': '', 'plant_room': '', 'garden': '', 'yard': ''}",15.85,14.4596,13904,12683.859649122807,12070400400011,3751088,ASP,HJL,渣甸山,1972/08,1972,54,B,2.0,blank,blank,blank,,True,POINT Z (22.273318 114.192986 0),22.273318,114.192986
96,2012-07-25,"PARK GARDEN,TAI HANG DR|柏園,大坑徑",8383.610836242902,0,1180,"{'bay_window': '', 'flat_roof': '', 'roof': '', 'ac_platform': '', 'plant_room': '', 'garden': '', 'yard': ''}",17.5,16.0169,14831,13573.64406779661,12081602050102,3781632,ASP,HJL,渣甸山,1972/08,1972,54,A,6.0,blank,blank,blank,,True,POINT Z (22.273318 114.192986 0),22.273318,114.192986
97,2012-08-04,"PARK GARDEN,TAI HANG DR|柏園,大坑徑",10088.30888126055,0,1140,"{'bay_window': '', 'flat_roof': '', 'roof': '', 'ac_platform': '', 'plant_room': '', 'garden': '', 'yard': ''}",20.5,18.7018,17982,16405.087719298244,12083001490058,3790704,PRO-ASP,HJL,渣甸山,1972/08,1972,54,C,19.0,blank,blank,blank,,True,POINT Z (22.273318 114.192986 0),22.273318,114.192986
98,2012-08-28,"PARK GARDEN,TAI HANG DR|柏園,大坑徑",9104.065204996876,0,1140,"{'bay_window': '', 'flat_roof': '', 'roof': '', 'ac_platform': '', 'plant_room': '', 'garden': '', 'yard': ''}",18.5,16.8772,16228,14804.561403508773,12090500390099,3795138,ASP,HJL,渣甸山,1972/08,1972,54,B,7.0,blank,blank,blank,,True,POINT Z (22.273318 114.192986 0),22.273318,114.192986
99,2013-06-05,"PARK GARDEN,TAI HANG DR|柏園,大坑徑",8594.700948183909,0,1140,"{'bay_window': '', 'flat_roof': '', 'roof': '', 'ac_platform': '', 'plant_room': '', 'garden': '', 'yard': ''}",19.5,17.7895,17105,15604.82456140351,13061102080017,3991016,ASP,HJL,渣甸山,1972/08,1972,54,C,7.0,blank,blank,blank,,True,POINT Z (22.273318 114.192986 0),22.273318,114.192986
100,2013-09-02,"PARK GARDEN,TAI HANG DR|柏園,大坑徑",9656.59781187969,0,1140,"{'bay_window': '', 'flat_roof': '', 'roof': '', 'ac_platform': '', 'plant_room': '', 'garden': '', 'yard': ''}",21.8,19.8877,19123,17445.35087719298,13092502130018,4037960,PRO-ASP,HJL,渣甸山,1972/08,1972,54,B,6.0,blank,blank,blank,,True,POINT Z (22.273318 114.192986 0),22.273318,114.192986
101,2014-07-07,"PARK GARDEN,TAI HANG DR|柏園,大坑徑",10073.693556683256,0,1180,"{'bay_window': '', 'flat_roof': '', 'roof': '', 'ac_platform': '', 'plant_room': '', 'garden': '', 'yard': ''}",23.98,21.9478,20322,18599.830508474577,14073100470041,4177977,ASP,HJL,渣甸山,1972/08,1972,54,D,23.0,blank,blank,blank,,True,POINT Z (22.273318 114.192986 0),22.273318,114.192986
102,2014-09-30,"PARK GARDEN,TAI HANG DR|柏園,大坑徑",9683.883810285171,0,1180,"{'bay_window': '', 'flat_roof': '', 'roof': '', 'ac_platform': '', 'plant_room': '', 'garden': '', 'yard': ''}",24.23,22.1766,20534,18793.728813559323,14102701870013,4230427,PRO-ASP,HJL,渣甸山,1972/08,1972,54,A,23.0,blank,blank,blank,,True,POINT Z (22.273318 114.192986 0),22.273318,114.192986
103,2014-11-19,"PARK GARDEN,TAI HANG DR|柏園,大坑徑",8783.314586411794,0,1140,"{'bay_window': '', 'flat_roof': '', 'roof': '', 'ac_platform': '', 'plant_room': '', 'garden': '', 'yard': ''}",21.6,19.7053,18947,17285.35087719298,14112402070095,4247032,ASP,HJL,渣甸山,1972/08,1972,54,C,17.0,blank,blank,blank,,True,POINT Z (22.273318 114.192986 0),22.273318,114.192986
104,2015-05-08,"PARK GARDEN,TAI HANG DR|柏園,大坑徑",8295.956994709532,0,1180,"{'bay_window': '', 'flat_roof': '', 'roof': '', 'ac_platform': '', 'plant_room': '', 'garden': '', 'yard': ''}",22.0,20.1356,18644,17064.06779661017,15060401320012,4361670,ASP,HJL,渣甸山,1972/08,1972,54,D,9.0,blank,blank,blank,,True,POINT Z (22.273318 114.192986 0),22.273318,114.192986
105,2015-10-19,"PARK GARDEN,TAI HANG DR|柏園,大坑徑",7963.264759699234,0,1140,"{'bay_window': '', 'flat_roof': '', 'roof': '', 'ac_platform': '', 'plant_room': '', 'garden': '', 'yard': ''}",20.0,18.2456,17544,16004.912280701754,15111201000020,4439960,ASP,HJL,渣甸山,1972/08,1972,54,C,4.0,blank,blank,blank,,True,POINT Z (22.273318 114.192986 0),22.273318,114.192986
106,2016-04-13,"PARK GARDEN,TAI HANG DR|柏園,大坑徑",8415.736565608471,0,1140,"{'bay_window': '', 'flat_roof': '', 'roof': '', 'ac_platform': '', 'plant_room': '', 'garden': '', 'yard': ''}",20.35,18.5649,17851,16285.0,16050301100113,4501786,ASP,HJL,渣甸山,1972/08,1972,54,C,12.0,blank,blank,blank,,True,POINT Z (22.273318 114.192986 0),22.273318,114.192986
107,2016-10-24,"PARK GARDEN,TAI HANG DR|柏園,大坑徑",8180.783692339093,0,1180,"{'bay_window': '', 'flat_roof': '', 'roof': '', 'ac_platform': '', 'plant_room': '', 'garden': '', 'yard': ''}",22.5,20.5932,19068,17451.86440677966,16111400690091,4596627,ASP,HJL,渣甸山,1972/08,1972,54,A,21.0,blank,blank,blank,,True,POINT Z (22.273318 114.192986 0),22.273318,114.192986
108,2016-11-10,"PARK GARDEN,TAI HANG DR|柏園,大坑徑",7008.437000122336,0,1140,"{'bay_window': '', 'flat_roof': '', 'roof': '', 'ac_platform': '', 'plant_room': '', 'garden': '', 'yard': ''}",18.5,16.8772,16228,14804.561403508773,16111602140012,4598139,ASP,HJL,渣甸山,1972/08,1972,54,B,2.0,blank,blank,blank,,True,POINT Z (22.273318 114.192986 0),22.273318,114.192986
109,2016-10-25,"PARK GARDEN,TAI HANG DR|柏園,大坑徑",7982.659303321983,0,1140,"{'bay_window': '', 'flat_roof': '', 'roof': '', 'ac_platform': '', 'plant_room': '', 'garden': '', 'yard': ''}",21.28,19.4133,18667,17029.21052631579,16111701070014,4599081,ASP,HJL,渣甸山,1972/08,1972,54,C,16.0,blank,blank,blank,,True,POINT Z (22.273318 114.192986 0),22.273318,114.192986
110,2016-10-21,"PARK GARDEN,TAI HANG DR|柏園,大坑徑",7982.659303321983,0,1140,"{'bay_window': '', 'flat_roof': '', 'roof': '', 'ac_platform': '', 'plant_room': '', 'garden': '', 'yard': ''}",21.28,19.4133,18667,17029.21052631579,16111800750041,4600022,ASP,HJL,渣甸山,1972/08,1972,54,B,17.0,blank,blank,blank,,True,POINT Z (22.273318 114.192986 0),22.273318,114.192986
111,2017-05-08,"PARK GARDEN,TAI HANG DR|柏園,大坑徑",8053.154449728746,0,1140,"{'bay_window': '', 'flat_roof': '', 'roof': '', 'ac_platform': '', 'plant_room': '', 'garden': '', 'yard': ''}",22.58,20.5993,19807,18069.56140350877,17052601710082,4708028,ASP,HJL,渣甸山,1972/08,1972,54,B,4.0,blank,blank,blank,,True,POINT Z (22.273318 114.192986 0),22.273318,114.192986
112,2019-04-08,"PARK GARDEN,TAI HANG DR|柏園,大坑徑",8951.593353338094,0,1140,"{'bay_window': '', 'flat_roof': '', 'roof': '', 'ac_platform': '', 'plant_room': '', 'garden': '', 'yard': ''}",26.33,26.33,23096,23096.491228070176,19042300460014,5530489,ASP,HJL,渣甸山,1972/08,1972,54,B,7.0,blank,blank,blank,,False,POINT Z (22.273318 114.192986 0),22.273318,114.192986
113,2019-10-06,"PARK GARDEN,TAI HANG DR|柏園,大坑徑",8029.907465086431,0,1180,"{'bay_window': '', 'flat_roof': '', 'roof': '', 'ac_platform': '', 'plant_room': '', 'garden': '', 'yard': ''}",24.08,24.08,20407,20406.77966101695,19103101360172,5634324,PRE-ASP,HJL,渣甸山,1972/08,1972,54,A,6.0,blank,blank,blank,,False,POINT Z (22.273318 114.192986 0),22.273318,114.192986
114,2020-05-23,"PARK GARDEN,TAI HANG DR|柏園,大坑徑",9239.76905443882,0,1180,"{'bay_window': '', 'flat_roof': '', 'roof': '', 'ac_platform': '', 'plant_room': '', 'garden': '', 'yard': ''}",28.01,28.01,23737,23737.28813559322,20061800730020,5725901,PRE-ASP,HJL,渣甸山,1972/08,1972,54,D,19.0,blank,blank,blank,,False,POINT Z (22.273318 114.192986 0),22.273318,114.192986
115,2020-07-22,"PARK GARDEN,TAI HANG DR|柏園,大坑徑",9644.886750300817,0,1140,"{'bay_window': '', 'flat_roof': '', 'roof': '', 'ac_platform': '', 'plant_room': '', 'garden': '', 'yard': ''}",28.0,28.0,24561,24561.40350877193,20073001340053,5748271,ASP,HJL,渣甸山,1972/08,1972,54,C,16.0,blank,blank,blank,,False,POINT Z (22.273318 114.192986 0),22.273318,114.192986
116,2020-08-25,"PARK GARDEN,TAI HANG DR|柏園,大坑徑",12156.896410746362,0,1180,"{'bay_window': '', 'flat_roof': '', 'roof': '', 'ac_platform': '', 'plant_room': '', 'garden': '', 'yard': ''}",35.38,35.38,29983,29983.050847457627,20091100380028,5772480,ASP,HJL,渣甸山,1972/08,1972,54,A,23.0,blank,blank,blank,,False,POINT Z (22.273318 114.192986 0),22.273318,114.192986
117,2021-05-03,"PARK GARDEN,TAI HANG DR|柏園,大坑徑",8660.95171463937,0,1180,"{'bay_window': '', 'flat_roof': '', 'roof': '', 'ac_platform': '', 'plant_room': '', 'garden': '', 'yard': ''}",26.0,26.0,22034,22033.898305084746,21060300330018,5926307,ASP,HJL,渣甸山,1972/08,1972,54,D,9.0,blank,blank,blank,,False,POINT Z (22.273318 114.192986 0),22.273318,114.192986
118,2021-05-10,"PARK GARDEN,TAI HANG DR|柏園,大坑徑",10077.864714044055,0,1140,"{'bay_window': '', 'flat_roof': '', 'roof': '', 'ac_platform': '', 'plant_room': '', 'garden': '', 'yard': ''}",29.228,29.228,25639,25638.59649122807,21060801210017,5929252,PRO-ASP,HJL,渣甸山,1972/08,1972,54,B,21.0,blank,blank,blank,,False,POINT Z (22.273318 114.192986 0),22.273318,114.192986
119,2022-02-28,"PARK GARDEN,TAI HANG DR|柏園,大坑徑",8260.510701760684,0,1180,"{'bay_window': '', 'flat_roof': '', 'roof': '', 'ac_platform': '', 'plant_room': '', 'garden': '', 'yard': ''}",24.5,24.5,20763,20762.71186440678,22030900050011,6098991,ASP,HJL,渣甸山,1972/08,1972,54,A,1.0,blank,blank,blank,,False,POINT Z (22.273318 114.192986 0),22.273318,114.192986
120,2022-03-07,"PARK GARDEN,TAI HANG DR|柏園,大坑徑",8199.70544820257,0,1180,"{'bay_window': '', 'flat_roof': '', 'roof': '', 'ac_platform': '', 'plant_room': '', 'garden': '', 'yard': ''}",24.0,24.0,20339,20338.98305084746,22032300570018,6104829,ASP,HJL,渣甸山,1972/08,1972,54,D,23.0,blank,blank,blank,,False,POINT Z (22.273318 114.192986 0),22.273318,114.192986
121,2022-04-10,"PARK GARDEN,TAI HANG DR|柏園,大坑徑",9368.32068697804,0,1180,"{'bay_window': '', 'flat_roof': '', 'roof': '', 'ac_platform': '', 'plant_room': '', 'garden': '', 'yard': ''}",27.5,27.5,23305,23305.084745762717,22050500480019,6120247,PRE-ASP,HJL,渣甸山,1972/08,1972,54,A,11.0,blank,blank,blank,,False,POINT Z (22.273318 114.192986 0),22.273318,114.192986
122,2024-01-08,"PARK GARDEN,TAI HANG DR|柏園,大坑徑",10373.221613893958,0,1180,"{'bay_window': '', 'flat_roof': '', 'roof': '', 'ac_platform': '', 'plant_room': '', 'garden': '', 'yard': ''}",23.2,23.2,19661,19661.01694915254,24012200680014,6377121,PRO-ASP,HJL,渣甸山,1972/08,1972,54,D,10.0,blank,blank,blank,,False,POINT Z (22.273318 114.192986 0),22.273318,114.192986
123,2024-07-05,"PARK GARDEN,TAI HANG DR|柏園,大坑徑",10057.465933057145,0,1180,"{'bay_window': '', 'flat_roof': '', 'roof': '', 'ac_platform': '', 'plant_room': '', 'garden': '', 'yard': ''}",22.0,22.0,18644,18644.06779661017,24071600230059,6451654,ASP,HJL,渣甸山,1972/08,1972,54,D,8.0,blank,blank,blank,,False,POINT Z (22.273318 114.192986 0),22.273318,114.192986
124,2025-03-04,"PARK GARDEN,TAI HANG DR|柏園,大坑徑",10907.214340521432,0,1140,"{'bay_window': '', 'flat_roof': '', 'roof': '', 'ac_platform': '', 'plant_room': '', 'garden': '', 'yard': ''}",22.0,22.0,19298,19298.245614035088,25031201420033,6554471,ASP,HJL,渣甸山,1972/08,1972,54,B,14.0,blank,blank,blank,,False,POINT Z (22.273318 114.192986 0),22.273318,114.192986
125,1995-11-01,"BELLEVUE HEIGHTS,TAI HANG DR|碧蘭閣,大坑徑",4831.287878787879,1450,1320,"{'bay_window': '', 'flat_roof': '', 'roof': '', 'ac_platform': '', 'plant_room': '', 'garden': '', 'yard': ''}",6.9,6.3773,5227,4831.287878787879,6456405,4774153,ASP,HJL,渣甸山,1973/11,1973,53,B,25.0,blank,blank,blank,,True,POINT Z (22.273383 114.1934225 0),22.273383,114.1934225
126,1995-12-13,"BELLEVUE HEIGHTS,TAI HANG DR|碧蘭閣,大坑徑",5601.439393939394,1450,1320,"{'bay_window': '', 'flat_roof': '', 'roof': '', 'ac_platform': '', 'plant_room': '', 'garden': '', 'yard': ''}",8.0,7.3939,6061,5601.439393939394,6489944,4787540,ASP,HJL,渣甸山,1973/11,1973,53,A,27.0,blank,blank,blank,,True,POINT Z (22.273383 114.1934225 0),22.273383,114.1934225
127,1995-12-18,"BELLEVUE HEIGHTS,TAI HANG DR|碧蘭閣,大坑徑",4481.212121212121,1450,1320,"{'bay_window': '', 'flat_roof': '', 'roof': '', 'ac_platform': '', 'plant_room': '', 'garden': '', 'yard': ''}",6.4,5.9152000000000005,4848,4481.212121212121,6492891,4783913,ASP,HJL,渣甸山,1973/11,1973,53,B,21.0,blank,blank,blank,,True,POINT Z (22.273383 114.1934225 0),22.273383,114.1934225
128,1996-05-23,"BELLEVUE HEIGHTS,TAI HANG DR|碧蘭閣,大坑徑",4957.272727272727,1450,1320,"{'bay_window': '', 'flat_roof': '', 'roof': '', 'ac_platform': '', 'plant_room': '', 'garden': '', 'yard': ''}",7.08,6.5436,5364,4957.272727272727,6641668,4843960,ASP,HJL,渣甸山,1973/11,1973,53,B,15.0,blank,blank,blank,,True,POINT Z (22.273383 114.1934225 0),22.273383,114.1934225
129,1996-06-01,"BELLEVUE HEIGHTS,TAI HANG DR|碧蘭閣,大坑徑",4446.136363636364,1450,1320,"{'bay_window': '', 'flat_roof': '', 'roof': '', 'ac_platform': '', 'plant_room': '', 'garden': '', 'yard': ''}",6.35,5.8689,4811,4446.136363636364,6662243,4847286,ASP,HJL,渣甸山,1973/11,1973,53,B,2.0,blank,blank,blank,,True,POINT Z (22.273383 114.1934225 0),22.273383,114.1934225
130,1997-01-31,"BELLEVUE HEIGHTS,TAI HANG DR|碧蘭閣,大坑徑",6651.742424242424,1450,1320,"{'bay_window': '', 'flat_roof': '', 'roof': '', 'ac_platform': '', 'plant_room': '', 'garden': '', 'yard': ''}",9.5,8.7803,7197,6651.742424242424,6943383,4974205,ASP,HJL,渣甸山,1973/11,1973,53,A,16.0,blank,blank,blank,,True,POINT Z (22.273383 114.1934225 0),22.273383,114.1934225
131,1997-03-25,"BELLEVUE HEIGHTS,TAI HANG DR|碧蘭閣,大坑徑",7088.517927789106,1450,1320,"{'bay_window': '', 'flat_roof': '', 'roof': '', 'ac_platform': '', 'plant_room': '', 'garden': '', 'yard': ''}",11.36,10.4994,8606,7954.090909090909,7019376,5004877,SUB-ASP,HJL,渣甸山,1973/11,1973,53,A,16.0,blank,blank,blank,,True,POINT Z (22.273383 114.1934225 0),22.273383,114.1934225
132,1997-06-17,"BELLEVUE HEIGHTS,TAI HANG DR|碧蘭閣,大坑徑",5667.316347516748,1450,1320,"{'bay_window': '', 'flat_roof': '', 'roof': '', 'ac_platform': '', 'plant_room': '', 'garden': '', 'yard': ''}",10.0,9.2424,7576,7001.818181818182,7161517,5069404,ASP,HJL,渣甸山,1973/11,1973,53,B,22.0,blank,blank,blank,,True,POINT Z (22.273383 114.1934225 0),22.273383,114.1934225
133,1997-07-14,"BELLEVUE HEIGHTS,TAI HANG DR|碧蘭閣,大坑徑",6560.605058786827,1450,1320,"{'bay_window': '', 'flat_roof': '', 'roof': '', 'ac_platform': '', 'plant_room': '', 'garden': '', 'yard': ''}",11.0,10.1667,8333,7702.045454545455,7185877,5077884,ASP,HJL,渣甸山,1973/11,1973,53,B,10.0,blank,blank,blank,,True,POINT Z (22.273383 114.1934225 0),22.273383,114.1934225
134,1997-07-22,"BELLEVUE HEIGHTS,TAI HANG DR|碧蘭閣,大坑徑",6972.114973113831,1450,1320,"{'bay_window': '', 'flat_roof': '', 'roof': '', 'ac_platform': '', 'plant_room': '', 'garden': '', 'yard': ''}",11.69,10.8044,8856,8185.151515151515,7199268,5082036,ASP,HJL,渣甸山,1973/11,1973,53,A,8.0,blank,blank,blank,,True,POINT Z (22.273383 114.1934225 0),22.273383,114.1934225
135,1997-08-15,"BELLEVUE HEIGHTS,TAI HANG DR|碧蘭閣,大坑徑",7877.625864100942,1450,1320,"{'bay_window': '', 'flat_roof': '', 'roof': '', 'ac_platform': '', 'plant_room': '', 'garden': '', 'yard': ''}",13.5,12.4773,10227,9452.5,7255769,5099390,ASP,HJL,渣甸山,1973/11,1973,53,B,20.0,blank,blank,blank,,True,POINT Z (22.273383 114.1934225 0),22.273383,114.1934225
136,1997-09-12,"BELLEVUE HEIGHTS,TAI HANG DR|碧蘭閣,大坑徑",8139.7470670224975,1450,1320,"{'bay_window': '', 'flat_roof': '', 'roof': '', 'ac_platform': '', 'plant_room': '', 'garden': '', 'yard': ''}",13.93,12.8747,10553,9753.560606060606,7305613,5117814,ASP,HJL,渣甸山,1973/11,1973,53,B,25.0,blank,blank,blank,,True,POINT Z (22.273383 114.1934225 0),22.273383,114.1934225
137,1997-10-24,"BELLEVUE HEIGHTS,TAI HANG DR|碧蘭閣,大坑徑",6722.4344313412985,1450,1320,"{'bay_window': '', 'flat_roof': '', 'roof': '', 'ac_platform': '', 'plant_room': '', 'garden': '', 'yard': ''}",11.8,10.9061,8939,8262.19696969697,7336340,5130671,ASP,HJL,渣甸山,1973/11,1973,53,A,13.0,blank,blank,blank,,True,POINT Z (22.273383 114.1934225 0),22.273383,114.1934225
138,1998-04-20,"BELLEVUE HEIGHTS,TAI HANG DR|碧蘭閣,大坑徑",6083.392733943073,1450,1320,"{'bay_window': '', 'flat_roof': '', 'roof': '', 'ac_platform': '', 'plant_room': '', 'garden': '', 'yard': ''}",8.25,7.625,6250,5776.515151515152,7481890,5192342,ASP,HJL,渣甸山,1973/11,1973,53,A,6.0,blank,blank,blank,,True,POINT Z (22.273383 114.1934225 0),22.273383,114.1934225
139,1998-08-14,"BELLEVUE HEIGHTS,TAI HANG DR|碧蘭閣,大坑徑",5963.5613929056135,1450,1320,"{'bay_window': '', 'flat_roof': '', 'roof': '', 'ac_platform': '', 'plant_room': '', 'garden': '', 'yard': ''}",6.0,5.5455,4545,4201.136363636364,7561642,23347,PRO-ASP,HJL,渣甸山,1973/11,1973,53,A,13.0,blank,blank,blank,,True,POINT Z (22.273383 114.1934225 0),22.273383,114.1934225
140,1998-11-13,"BELLEVUE HEIGHTS,TAI HANG DR|碧蘭閣,大坑徑",5811.161672568426,1450,1320,"{'bay_window': '', 'flat_roof': '', 'roof': '', 'ac_platform': '', 'plant_room': '', 'garden': '', 'yard': ''}",5.901,5.454,4470,4131.818181818182,7625669,85441,ASP,HJL,渣甸山,1973/11,1973,53,B,13.0,blank,blank,blank,,True,POINT Z (22.273383 114.1934225 0),22.273383,114.1934225
141,1998-12-04,"BELLEVUE HEIGHTS,TAI HANG DR|碧蘭閣,大坑徑",6312.584058472961,1450,1320,"{'bay_window': '', 'flat_roof': '', 'roof': '', 'ac_platform': '', 'plant_room': '', 'garden': '', 'yard': ''}",6.58,6.0815,4985,4607.19696969697,7639751,101703,ASP,HJL,渣甸山,1973/11,1973,53,A,18.0,blank,blank,blank,,True,POINT Z (22.273383 114.1934225 0),22.273383,114.1934225
142,1998-12-09,"BELLEVUE HEIGHTS,TAI HANG DR|碧蘭閣,大坑徑",6264.628556787283,1450,1320,"{'bay_window': '', 'flat_roof': '', 'roof': '', 'ac_platform': '', 'plant_room': '', 'garden': '', 'yard': ''}",6.53,6.0353,4947,4572.19696969697,7641772,103831,ASP,HJL,渣甸山,1973/11,1973,53,A,17.0,blank,blank,blank,,True,POINT Z (22.273383 114.1934225 0),22.273383,114.1934225
143,1999-03-24,"BELLEVUE HEIGHTS,TAI HANG DR|碧蘭閣,大坑徑",6160.2071587897935,1450,1320,"{'bay_window': '', 'flat_roof': '', 'roof': '', 'ac_platform': '', 'plant_room': '', 'garden': '', 'yard': ''}",6.25,5.7765,4735,4376.136363636364,7734150,181865,MEM-ASP,HJL,渣甸山,1973/11,1973,53,A,24.0,blank,blank,blank,,True,POINT Z (22.273383 114.1934225 0),22.273383,114.1934225
144,1999-03-30,"BELLEVUE HEIGHTS,TAI HANG DR|碧蘭閣,大坑徑",6899.453346355462,1450,1320,"{'bay_window': '', 'flat_roof': '', 'roof': '', 'ac_platform': '', 'plant_room': '', 'garden': '', 'yard': ''}",7.0,6.4697,5303,4901.287878787879,7734210,181879,ASP,HJL,渣甸山,1973/11,1973,53,A,14.0,blank,blank,blank,,True,POINT Z (22.273383 114.1934225 0),22.273383,114.1934225
145,1999-05-13,"BELLEVUE HEIGHTS,TAI HANG DR|碧蘭閣,大坑徑",8079.632196679151,1450,1320,"{'bay_window': '', 'flat_roof': '', 'roof': '', 'ac_platform': '', 'plant_room': '', 'garden': '', 'yard': ''}",8.5,7.8561,6439,5951.590909090909,7787503,233610,ASP,HJL,渣甸山,1973/11,1973,53,B,25.0,blank,blank,blank,,True,POINT Z (22.273383 114.1934225 0),22.273383,114.1934225
146,1999-12-30,"BELLEVUE HEIGHTS,TAI HANG DR|碧蘭閣,大坑徑",6541.34549863654,1450,1320,"{'bay_window': '', 'flat_roof': '', 'roof': '', 'ac_platform': '', 'plant_room': '', 'garden': '', 'yard': ''}",6.55,6.0538,4962,4586.212121212121,7972376,370935,ASP,HJL,渣甸山,1973/11,1973,53,A,11.0,blank,blank,blank,,True,POINT Z (22.273383 114.1934225 0),22.273383,114.1934225
147,2000-05-09,"BELLEVUE HEIGHTS,TAI HANG DR|碧蘭閣,大坑徑",7117.175174122907,1450,1320,"{'bay_window': '', 'flat_roof': '', 'roof': '', 'ac_platform': '', 'plant_room': '', 'garden': '', 'yard': ''}",6.8,6.2848,5152,4761.212121212121,8083733,449123,ASP,HJL,渣甸山,1973/11,1973,53,B,17.0,blank,blank,blank,,True,POINT Z (22.273383 114.1934225 0),22.273383,114.1934225
148,2001-04-07,"BELLEVUE HEIGHTS,TAI HANG DR|碧蘭閣,大坑徑",6927.710730234679,1450,1320,"{'bay_window': '', 'flat_roof': '', 'roof': '', 'ac_platform': '', 'plant_room': '', 'garden': '', 'yard': ''}",6.2,5.7303,4697,4341.136363636364,8365517,664300,ASP,HJL,渣甸山,1973/11,1973,53,A,16.0,blank,blank,blank,,True,POINT Z (22.273383 114.1934225 0),22.273383,114.1934225
149,2001-12-03,"BELLEVUE HEIGHTS,TAI HANG DR|碧蘭閣,大坑徑",6869.924353642253,1450,1320,"{'bay_window': '', 'flat_roof': '', 'roof': '', 'ac_platform': '', 'plant_room': '', 'garden': '', 'yard': ''}",5.7,5.2682,4318,3991.060606060606,8561529,820551,ASP,HJL,渣甸山,1973/11,1973,53,B,24.0,blank,blank,blank,,True,POINT Z (22.273383 114.1934225 0),22.273383,114.1934225
150,2002-01-28,"BELLEVUE HEIGHTS,TAI HANG DR|碧蘭閣,大坑徑",5939.667662276062,1450,1320,"{'bay_window': '', 'flat_roof': '', 'roof': '', 'ac_platform': '', 'plant_room': '', 'garden': '', 'yard': ''}",4.9,4.5288,3712,3430.909090909091,8608111,852980,ASP,HJL,渣甸山,1973/11,1973,53,B,1.0,blank,blank,blank,,True,POINT Z (22.273383 114.1934225 0),22.273383,114.1934225
151,2003-12-29,"BELLEVUE HEIGHTS,TAI HANG DR|碧蘭閣,大坑徑",7602.42340062094,0,1260,"{'bay_window': '', 'flat_roof': '', 'roof': '', 'ac_platform': '', 'plant_room': '', 'garden': '', 'yard': ''}",5.8,5.3397,4603,4237.857142857143,9101166,1240861,ASP,HJL,渣甸山,1973/11,1973,53,A,14.0,blank,blank,blank,,True,POINT Z (22.273383 114.1934225 0),22.273383,114.1934225
152,2004-01-31,"BELLEVUE HEIGHTS,TAI HANG DR|碧蘭閣,大坑徑",7852.541040474239,0,1260,"{'bay_window': '', 'flat_roof': '', 'roof': '', 'ac_platform': '', 'plant_room': '', 'garden': '', 'yard': ''}",6.5,5.9841,5159,4749.285714285715,9127841,1259359,ASP,HJL,渣甸山,1973/11,1973,53,B,2.0,blank,blank,blank,,True,POINT Z (22.273383 114.1934225 0),22.273383,114.1934225
153,2004-07-20,"BELLEVUE HEIGHTS,TAI HANG DR|碧蘭閣,大坑徑",8456.334214095436,0,1260,"{'bay_window': '', 'flat_roof': '', 'roof': '', 'ac_platform': '', 'plant_room': '', 'garden': '', 'yard': ''}",7.25,6.6746,5754,5297.301587301588,9294560,1392211,ASP,HJL,渣甸山,1973/11,1973,53,B,18.0,blank,blank,blank,,True,POINT Z (22.273383 114.1934225 0),22.273383,114.1934225
154,2004-08-13,"BELLEVUE HEIGHTS,TAI HANG DR|碧蘭閣,大坑徑",6512.181881990915,0,1260,"{'bay_window': '', 'flat_roof': '', 'roof': '', 'ac_platform': '', 'plant_room': '', 'garden': '', 'yard': ''}",6.78,6.2419,5381,4953.888888888889,9330767,1417667,ASP,HJL,渣甸山,1973/11,1973,53,A,13.0,blank,blank,blank,,True,POINT Z (22.273383 114.1934225 0),22.273383,114.1934225
155,2004-09-23,"BELLEVUE HEIGHTS,TAI HANG DR|碧蘭閣,大坑徑",8781.608009095693,0,1260,"{'bay_window': '', 'flat_roof': '', 'roof': '', 'ac_platform': '', 'plant_room': '', 'garden': '', 'yard': ''}",8.22,7.5676,6524,6006.0317460317465,9341638,1424344,ASP,HJL,渣甸山,1973/11,1973,53,B,25.0,blank,blank,blank,,True,POINT Z (22.273383 114.1934225 0),22.273383,114.1934225
156,2004-09-16,"BELLEVUE HEIGHTS,TAI HANG DR|碧蘭閣,大坑徑",7884.253831624143,0,1260,"{'bay_window': '', 'flat_roof': '', 'roof': '', 'ac_platform': '', 'plant_room': '', 'garden': '', 'yard': ''}",7.38,6.7943,5857,5392.301587301588,9384557,1459232,ASP,HJL,渣甸山,1973/11,1973,53,B,10.0,blank,blank,blank,,True,POINT Z (22.273383 114.1934225 0),22.273383,114.1934225
157,2005-01-20,"BELLEVUE HEIGHTS,TAI HANG DR|碧蘭閣,大坑徑",8364.472988659189,0,1260,"{'bay_window': '', 'flat_roof': '', 'roof': '', 'ac_platform': '', 'plant_room': '', 'garden': '', 'yard': ''}",8.62,7.935899999999999,6841,6298.333333333333,9478640,1532432,ASP,HJL,渣甸山,1973/11,1973,53,B,21.0,blank,blank,blank,,True,POINT Z (22.273383 114.1934225 0),22.273383,114.1934225
158,2005-03-31,"BELLEVUE HEIGHTS,TAI HANG DR|碧蘭閣,大坑徑",8907.772323928679,0,1260,"{'bay_window': '', 'flat_roof': '', 'roof': '', 'ac_platform': '', 'plant_room': '', 'garden': '', 'yard': ''}",9.0,8.2857,7143,6575.952380952381,5042101820037,1588691,ASP,HJL,渣甸山,1973/11,1973,53,B,20.0,blank,blank,blank,,True,POINT Z (22.273383 114.1934225 0),22.273383,114.1934225
159,2006-03-01,"BELLEVUE HEIGHTS,TAI HANG DR|碧蘭閣,大坑徑",8053.214132692303,0,1260,"{'bay_window': '', 'flat_roof': '', 'roof': '', 'ac_platform': '', 'plant_room': '', 'garden': '', 'yard': ''}",8.2,7.549199999999999,6508,5991.428571428571,6031700160040,1838868,ASP,HJL,渣甸山,1973/11,1973,53,B,1.0,blank,blank,blank,,True,POINT Z (22.273383 114.1934225 0),22.273383,114.1934225
160,2006-03-30,"BELLEVUE HEIGHTS,TAI HANG DR|碧蘭閣,大坑徑",9722.806333068069,0,1260,"{'bay_window': '', 'flat_roof': '', 'roof': '', 'ac_platform': '', 'plant_room': '', 'garden': '', 'yard': ''}",9.9,9.1143,7857,7233.571428571428,6041300690158,1857183,ASP,HJL,渣甸山,1973/11,1973,53,A,6.0,blank,blank,blank,,True,POINT Z (22.273383 114.1934225 0),22.273383,114.1934225
161,2006-10-09,"BELLEVUE HEIGHTS,TAI HANG DR|碧蘭閣,大坑徑",8429.840100524207,0,1260,"{'bay_window': '', 'flat_roof': '', 'roof': '', 'ac_platform': '', 'plant_room': '', 'garden': '', 'yard': ''}",9.0,8.2857,7143,6575.952380952381,6102600610056,1991025,ASP,HJL,渣甸山,1973/11,1973,53,A,4.0,blank,blank,blank,,True,POINT Z (22.273383 114.1934225 0),22.273383,114.1934225
162,2006-10-23,"BELLEVUE HEIGHTS,TAI HANG DR|碧蘭閣,大坑徑",9083.618930145947,0,1260,"{'bay_window': '', 'flat_roof': '', 'roof': '', 'ac_platform': '', 'plant_room': '', 'garden': '', 'yard': ''}",9.698,8.9283,7697,7085.952380952381,6110101910073,1993996,ASP,HJL,渣甸山,1973/11,1973,53,B,16.0,blank,blank,blank,,True,POINT Z (22.273383 114.1934225 0),22.273383,114.1934225
163,2007-01-10,"BELLEVUE HEIGHTS,TAI HANG DR|碧蘭閣,大坑徑",9017.147457745908,0,1260,"{'bay_window': '', 'flat_roof': '', 'roof': '', 'ac_platform': '', 'plant_room': '', 'garden': '', 'yard': ''}",9.88,9.0959,7841,7218.968253968253,7012700820037,2053849,ASP,HJL,渣甸山,1973/11,1973,53,A,5.0,blank,blank,blank,,True,POINT Z (22.273383 114.1934225 0),22.273383,114.1934225
164,2007-06-15,"BELLEVUE HEIGHTS,TAI HANG DR|碧蘭閣,大坑徑",9027.15441334978,0,1260,"{'bay_window': '', 'flat_roof': '', 'roof': '', 'ac_platform': '', 'plant_room': '', 'garden': '', 'yard': ''}",10.28,9.4641,8159,7511.190476190476,7070400200015,2178677,ASP,HJL,渣甸山,1973/11,1973,53,B,2.0,blank,blank,blank,,True,POINT Z (22.273383 114.1934225 0),22.273383,114.1934225
165,2010-07-12,"BELLEVUE HEIGHTS,TAI HANG DR|碧蘭閣,大坑徑",11399.31228127069,0,1260,"{'bay_window': '', 'flat_roof': '', 'roof': '', 'ac_platform': '', 'plant_room': '', 'garden': '', 'yard': ''}",19.5,17.9524,15476,14247.936507936509,10072800080017,3168597,ASP,HJL,渣甸山,1973/11,1973,53,B,26.0,blank,blank,blank,,True,POINT Z (22.273383 114.1934225 0),22.273383,114.1934225
166,2010-08-06,"BELLEVUE HEIGHTS,TAI HANG DR|碧蘭閣,大坑徑",10353.574270045696,0,1260,"{'bay_window': '', 'flat_roof': '', 'roof': '', 'ac_platform': '', 'plant_room': '', 'garden': '', 'yard': ''}",18.0,16.5714,14286,13151.90476190476,10081302650015,3187902,ASP,HJL,渣甸山,1973/11,1973,53,B,15.0,blank,blank,blank,,True,POINT Z (22.273383 114.1934225 0),22.273383,114.1934225
167,2012-09-11,"BELLEVUE HEIGHTS,TAI HANG DR|碧蘭閣,大坑徑",8928.11870179368,0,1260,"{'bay_window': '', 'flat_roof': '', 'roof': '', 'ac_platform': '', 'plant_room': '', 'garden': '', 'yard': ''}",20.5,18.873,16270,14978.57142857143,12092000160019,3807000,ASP,HJL,渣甸山,1973/11,1973,53,B,10.0,blank,blank,blank,,True,POINT Z (22.273383 114.1934225 0),22.273383,114.1934225
168,2012-10-03,"BELLEVUE HEIGHTS,TAI HANG DR|碧蘭閣,大坑徑",10089.640271914615,0,1260,"{'bay_window': '', 'flat_roof': '', 'roof': '', 'ac_platform': '', 'plant_room': '', 'garden': '', 'yard': ''}",23.8,21.9111,18889,17389.761904761905,12101900620055,3831387,ASP,HJL,渣甸山,1973/11,1973,53,B,26.0,blank,blank,blank,,True,POINT Z (22.273383 114.1934225 0),22.273383,114.1934225
169,2013-07-19,"BELLEVUE HEIGHTS,TAI HANG DR|碧蘭閣,大坑徑",8117.960661557607,0,1260,"{'bay_window': '', 'flat_roof': '', 'roof': '', 'ac_platform': '', 'plant_room': '', 'garden': '', 'yard': ''}",20.0,18.4127,15873,14613.253968253968,13072402380032,4011165,ASP,HJL,渣甸山,1973/11,1973,53,A,6.0,blank,blank,blank,,True,POINT Z (22.273383 114.1934225 0),22.273383,114.1934225
170,2015-03-19,"BELLEVUE HEIGHTS,TAI HANG DR|碧蘭閣,大坑徑",8099.246223250661,0,1260,"{'bay_window': '', 'flat_roof': '', 'roof': '', 'ac_platform': '', 'plant_room': '', 'garden': '', 'yard': ''}",22.88,21.0641,18159,16717.539682539682,15041502440133,4330803,ASP,HJL,渣甸山,1973/11,1973,53,A,18.0,blank,blank,blank,,True,POINT Z (22.273383 114.1934225 0),22.273383,114.1934225
171,2015-09-01,"BELLEVUE HEIGHTS,TAI HANG DR|碧蘭閣,大坑徑",8291.70366371283,0,1260,"{'bay_window': '', 'flat_roof': '', 'roof': '', 'ac_platform': '', 'plant_room': '', 'garden': '', 'yard': ''}",23.8,21.9111,18889,17389.761904761905,15092201140015,4419082,ASP,HJL,渣甸山,1973/11,1973,53,B,10.0,blank,blank,blank,,True,POINT Z (22.273383 114.1934225 0),22.273383,114.1934225
172,2015-11-06,"BELLEVUE HEIGHTS,TAI HANG DR|碧蘭閣,大坑徑",8388.18633924869,0,1260,"{'bay_window': '', 'flat_roof': '', 'roof': '', 'ac_platform': '', 'plant_room': '', 'garden': '', 'yard': ''}",23.98,22.0768,19032,17521.26984126984,15112700640084,4446220,ASP,HJL,渣甸山,1973/11,1973,53,A,13.0,blank,blank,blank,,True,POINT Z (22.273383 114.1934225 0),22.273383,114.1934225
173,2019-03-05,"BELLEVUE HEIGHTS,TAI HANG DR|碧蘭閣,大坑徑",8306.33102864993,0,1260,"{'bay_window': '', 'flat_roof': '', 'roof': '', 'ac_platform': '', 'plant_room': '', 'garden': '', 'yard': ''}",26.38,26.38,20937,20936.507936507936,19032001940112,5513022,PRE-ASP,HJL,渣甸山,1973/11,1973,53,A,6.0,blank,blank,blank,,False,POINT Z (22.273383 114.1934225 0),22.273383,114.1934225
174,2019-04-12,"BELLEVUE HEIGHTS,TAI HANG DR|碧蘭閣,大坑徑",9080.298916716887,0,1260,"{'bay_window': '', 'flat_roof': '', 'roof': '', 'ac_platform': '', 'plant_room': '', 'garden': '', 'yard': ''}",29.52,29.52,23429,23428.571428571428,19042600830011,5533308,ASP,HJL,渣甸山,1973/11,1973,53,A,24.0,blank,blank,blank,,False,POINT Z (22.273383 114.1934225 0),22.273383,114.1934225
175,2019-04-29,"BELLEVUE HEIGHTS,TAI HANG DR|碧蘭閣,大坑徑",8305.151448216666,0,1260,"{'bay_window': '', 'flat_roof': '', 'roof': '', 'ac_platform': '', 'plant_room': '', 'garden': '', 'yard': ''}",27.0,27.0,21429,21428.571428571428,19050701430012,5538916,ASP,HJL,渣甸山,1973/11,1973,53,B,6.0,blank,blank,blank,,False,POINT Z (22.273383 114.1934225 0),22.273383,114.1934225
176,2021-03-05,"BELLEVUE HEIGHTS,TAI HANG DR|碧蘭閣,大坑徑",8220.684707868008,0,1260,"{'bay_window': '', 'flat_roof': '', 'roof': '', 'ac_platform': '', 'plant_room': '', 'garden': '', 'yard': ''}",26.3,26.3,20873,20873.015873015876,21032202190028,5879167,ASP,HJL,渣甸山,1973/11,1973,53,B,11.0,blank,blank,blank,,False,POINT Z (22.273383 114.1934225 0),22.273383,114.1934225
177,2021-06-23,"BELLEVUE HEIGHTS,TAI HANG DR|碧蘭閣,大坑徑",9575.522069715156,0,1260,"{'bay_window': '', 'flat_roof': '', 'roof': '', 'ac_platform': '', 'plant_room': '', 'garden': '', 'yard': ''}",31.82,31.82,25254,25253.96825396825,21071402150096,5955613,ASP,HJL,渣甸山,1973/11,1973,53,B,26.0,blank,blank,blank,,False,POINT Z (22.273383 114.1934225 0),22.273383,114.1934225
178,2021-07-09,"BELLEVUE HEIGHTS,TAI HANG DR|碧蘭閣,大坑徑",10126.179493137708,0,1260,"{'bay_window': '', 'flat_roof': '', 'roof': '', 'ac_platform': '', 'plant_room': '', 'garden': '', 'yard': ''}",33.3,33.3,26429,26428.571428571424,21071902720010,5958798,ASP,HJL,渣甸山,1973/11,1973,53,A,25.0,blank,blank,blank,,False,POINT Z (22.273383 114.1934225 0),22.273383,114.1934225
179,2023-10-03,"BELLEVUE HEIGHTS,TAI HANG DR|碧蘭閣,大坑徑",7893.071944523245,0,1260,"{'bay_window': '', 'flat_roof': '', 'roof': '', 'ac_platform': '', 'plant_room': '', 'garden': '', 'yard': ''}",20.5,20.5,16270,16269.84126984127,23101201570039,6348290,ASP,HJL,渣甸山,1973/11,1973,53,A,14.0,blank,blank,blank,,False,POINT Z (22.273383 114.1934225 0),22.273383,114.1934225
180,2023-12-07,"BELLEVUE HEIGHTS,TAI HANG DR|碧蘭閣,大坑徑",7631.974063021559,0,1260,"{'bay_window': '', 'flat_roof': '', 'roof': '', 'ac_platform': '', 'plant_room': '', 'garden': '', 'yard': ''}",19.0,19.0,15079,15079.36507936508,24010301710017,6371205,ASP,HJL,渣甸山,1973/11,1973,53,B,14.0,blank,blank,blank,,False,POINT Z (22.273383 114.1934225 0),22.273383,114.1934225
181,2025-08-27,"BELLEVUE HEIGHTS,TAI HANG DR|碧蘭閣,大坑徑",8479.670590942393,0,1260,"{'bay_window': '', 'flat_roof': '', 'roof': '', 'ac_platform': '', 'plant_room': '', 'garden': '', 'yard': ''}",20.0,20.0,15873,15873.015873015873,25091100160055,6653555,ASP,HJL,渣甸山,1973/11,1973,53,B,22.0,blank,blank,blank,,False,POINT Z (22.273383 114.1934225 0),22.273383,114.1934225
182,2025-09-17,"BELLEVUE HEIGHTS,TAI HANG DR|碧蘭閣,大坑徑",8215.10087637072,0,1260,"{'bay_window': '', 'flat_roof': '', 'roof': '', 'ac_platform': '', 'plant_room': '', 'garden': '', 'yard': ''}",18.88,18.88,14984,14984.126984126984,25101601950030,6673877,PRE-ASP,HJL,渣甸山,1973/11,1973,53,B,15.0,blank,blank,blank,,False,POINT Z (22.273383 114.1934225 0),22.273383,114.1934225
183,1995-11-01,"LINDEN HEIGHTS,BOYCE RD|年達園,布思道",6065.520833333333,0,960,"{'bay_window': '', 'flat_roof': '', 'roof': '', 'ac_platform': '', 'plant_room': '', 'garden': '', 'yard': ''}",6.5,5.8229,6771,6065.520833333333,6458757,4775993,ASP,HJL,渣甸山,1975/01,1975,51,A,14.0,blank,blank,blank,,True,POINT Z (22.2689761 114.1950448 0),22.2689761,114.1950448
184,1996-03-19,"LINDEN HEIGHTS,BOYCE RD|年達園,布思道",5085.729166666667,0,960,"{'bay_window': '', 'flat_roof': '', 'roof': '', 'ac_platform': '', 'plant_room': '', 'garden': '', 'yard': ''}",5.45,4.8823,5677,5085.729166666667,6571127,4812492,ASP,HJL,渣甸山,1975/01,1975,51,A,1.0,blank,blank,blank,,True,POINT Z (22.2689761 114.1950448 0),22.2689761,114.1950448
185,1996-05-01,"LINDEN HEIGHTS,BOYCE RD|年達園,布思道",6886.666666666667,0,960,"{'bay_window': '', 'flat_roof': '', 'roof': '', 'ac_platform': '', 'plant_room': '', 'garden': '', 'yard': ''}",7.38,6.6112,7688,6886.666666666667,6648191,4848724,ASP,HJL,渣甸山,1975/01,1975,51,B,17.0,blank,blank,blank,,True,POINT Z (22.2689761 114.1950448 0),22.2689761,114.1950448
186,1996-07-29,"LINDEN HEIGHTS,BOYCE RD|年達園,布思道",6746.770833333334,0,960,"{'bay_window': '', 'flat_roof': '', 'roof': '', 'ac_platform': '', 'plant_room': '', 'garden': '', 'yard': ''}",7.23,6.4769000000000005,7531,6746.770833333334,6723118,4866040,ASP,HJL,渣甸山,1975/01,1975,51,A,5.0,blank,blank,blank,,True,POINT Z (22.2689761 114.1950448 0),22.2689761,114.1950448
187,1996-09-11,"LINDEN HEIGHTS,BOYCE RD|年達園,布思道",6625.416666666666,0,960,"{'bay_window': '', 'flat_roof': '', 'roof': '', 'ac_platform': '', 'plant_room': '', 'garden': '', 'yard': ''}",7.1,6.360399999999999,7396,6625.416666666666,6776185,4886068,ASP,HJL,渣甸山,1975/01,1975,51,A,12.0,blank,blank,blank,,True,POINT Z (22.2689761 114.1950448 0),22.2689761,114.1950448
188,1996-10-16,"LINDEN HEIGHTS,BOYCE RD|年達園,布思道",12597.604166666666,0,960,"{'bay_window': '', 'flat_roof': '', 'roof': '', 'ac_platform': '', 'plant_room': '', 'garden': '', 'yard': ''}",13.5,12.0937,14063,12597.604166666666,6804815,4895687,ASP,HJL,渣甸山,1975/01,1975,51,A,18.0,blank,blank,blank,,True,POINT Z (22.2689761 114.1950448 0),22.2689761,114.1950448
189,1996-10-30,"LINDEN HEIGHTS,BOYCE RD|年達園,布思道",6793.4375,0,960,"{'bay_window': '', 'flat_roof': '', 'roof': '', 'ac_platform': '', 'plant_room': '', 'garden': '', 'yard': ''}",7.28,6.5217,7583,6793.4375,6822060,4919148,ASP,HJL,渣甸山,1975/01,1975,51,A,10.0,blank,blank,blank,,True,POINT Z (22.2689761 114.1950448 0),22.2689761,114.1950448
190,1996-12-05,"LINDEN HEIGHTS,BOYCE RD|年達園,布思道",6886.666666666667,0,960,"{'bay_window': '', 'flat_roof': '', 'roof': '', 'ac_platform': '', 'plant_room': '', 'garden': '', 'yard': ''}",7.38,6.6112,7688,6886.666666666667,6856126,4923617,ASP,HJL,渣甸山,1975/01,1975,51,A,7.0,blank,blank,blank,,True,POINT Z (22.2689761 114.1950448 0),22.2689761,114.1950448
191,1996-12-20,"LINDEN HEIGHTS,BOYCE RD|年達園,布思道",8468.750000000002,0,960,"{'bay_window': '', 'flat_roof': '', 'roof': '', 'ac_platform': '', 'plant_room': '', 'garden': '', 'yard': ''}",8.13,8.13,8469,8468.750000000002,6910296,4946175,ASP,HJL,渣甸山,1975/01,1975,51,A,13.0,blank,blank,blank,,False,POINT Z (22.2689761 114.1950448 0),22.2689761,114.1950448
192,1997-03-27,"LINDEN HEIGHTS,BOYCE RD|年達園,布思道",8316.091534726324,0,960,"{'bay_window': '', 'flat_roof': '', 'roof': '', 'ac_platform': '', 'plant_room': '', 'garden': '', 'yard': ''}",10.0,8.9583,10417,9331.5625,7058106,5022028,ASP,HJL,渣甸山,1975/01,1975,51,A,16.0,blank,blank,blank,,True,POINT Z (22.2689761 114.1950448 0),22.2689761,114.1950448
193,1997-06-06,"LINDEN HEIGHTS,BOYCE RD|年達園,布思道",7930.664942386885,0,960,"{'bay_window': '', 'flat_roof': '', 'roof': '', 'ac_platform': '', 'plant_room': '', 'garden': '', 'yard': ''}",10.5,9.4062,10938,9798.125,7138943,5059519,ASP,HJL,渣甸山,1975/01,1975,51,B,17.0,blank,blank,blank,,True,POINT Z (22.2689761 114.1950448 0),22.2689761,114.1950448
194,1997-08-22,"LINDEN HEIGHTS,BOYCE RD|年達園,布思道",8710.061666036761,0,960,"{'bay_window': '', 'flat_roof': '', 'roof': '', 'ac_platform': '', 'plant_room': '', 'garden': '', 'yard': ''}",11.2,10.0333,11667,10451.354166666666,7258507,5099683,ASP,HJL,渣甸山,1975/01,1975,51,A,14.0,blank,blank,blank,,True,POINT Z (22.2689761 114.1950448 0),22.2689761,114.1950448
195,1998-05-19,"LINDEN HEIGHTS,BOYCE RD|年達園,布思道",8792.032020604005,0,960,"{'bay_window': '', 'flat_roof': '', 'roof': '', 'ac_platform': '', 'plant_room': '', 'garden': '', 'yard': ''}",8.48,7.5967,8833,7913.229166666667,7493949,5197837,ASP,HJL,渣甸山,1975/01,1975,51,A,7.0,blank,blank,blank,,True,POINT Z (22.2689761 114.1950448 0),22.2689761,114.1950448
196,1998-11-06,"LINDEN HEIGHTS,BOYCE RD|年達園,布思道",7874.608862546026,0,960,"{'bay_window': '', 'flat_roof': '', 'roof': '', 'ac_platform': '', 'plant_room': '', 'garden': '', 'yard': ''}",6.0,5.375,6250,5598.958333333333,7615522,71933,ASP,HJL,渣甸山,1975/01,1975,51,B,8.0,blank,blank,blank,,True,POINT Z (22.2689761 114.1950448 0),22.2689761,114.1950448
197,1999-04-19,"LINDEN HEIGHTS,BOYCE RD|年達園,布思道",7794.188299046285,0,960,"{'bay_window': '', 'flat_roof': '', 'roof': '', 'ac_platform': '', 'plant_room': '', 'garden': '', 'yard': ''}",6.17,5.5273,6427,5757.604166666667,7752962,201594,ASP,HJL,渣甸山,1975/01,1975,51,B,14.0,blank,blank,blank,,True,POINT Z (22.2689761 114.1950448 0),22.2689761,114.1950448
198,1999-06-21,"LINDEN HEIGHTS,BOYCE RD|年達園,布思道",7683.563118947864,0,960,"{'bay_window': '', 'flat_roof': '', 'roof': '', 'ac_platform': '', 'plant_room': '', 'garden': '', 'yard': ''}",6.13,5.4915,6385,5720.3125,7804345,248296,ASP,HJL,渣甸山,1975/01,1975,51,B,5.0,blank,blank,blank,,True,POINT Z (22.2689761 114.1950448 0),22.2689761,114.1950448
199,1999-09-17,"LINDEN HEIGHTS,BOYCE RD|年達園,布思道",9390.417585452573,0,960,"{'bay_window': '', 'flat_roof': '', 'roof': '', 'ac_platform': '', 'plant_room': '', 'garden': '', 'yard': ''}",6.42,6.42,6688,6687.5,7893811,308289,PRO-ASP,HJL,渣甸山,1975/01,1975,51,A,6.0,blank,blank,blank,,False,POINT Z (22.2689761 114.1950448 0),22.2689761,114.1950448
200,1999-12-20,"LINDEN HEIGHTS,BOYCE RD|年達園,布思道",8491.576916399206,0,960,"{'bay_window': '', 'flat_roof': '', 'roof': '', 'ac_platform': '', 'plant_room': '', 'garden': '', 'yard': ''}",6.38,5.7154,6646,5953.541666666667,7953047,356476,ASP,HJL,渣甸山,1975/01,1975,51,A,9.0,blank,blank,blank,,True,POINT Z (22.2689761 114.1950448 0),22.2689761,114.1950448
201,2000-01-24,"LINDEN HEIGHTS,BOYCE RD|年達園,布思道",8472.250654538942,0,960,"{'bay_window': '', 'flat_roof': '', 'roof': '', 'ac_platform': '', 'plant_room': '', 'garden': '', 'yard': ''}",6.45,5.7781,6719,6018.854166666667,7994685,383686,ASP,HJL,渣甸山,1975/01,1975,51,B,6.0,blank,blank,blank,,True,POINT Z (22.2689761 114.1950448 0),22.2689761,114.1950448
202,2001-12-24,"LINDEN HEIGHTS,BOYCE RD|年達園,布思道",8673.879353199109,0,960,"{'bay_window': '', 'flat_roof': '', 'roof': '', 'ac_platform': '', 'plant_room': '', 'garden': '', 'yard': ''}",5.4,4.8375,5625,5039.0625,8580424,833930,ASP,HJL,渣甸山,1975/01,1975,51,B,14.0,blank,blank,blank,,True,POINT Z (22.2689761 114.1950448 0),22.2689761,114.1950448
203,2002-05-22,"LINDEN HEIGHTS,BOYCE RD|年達園,布思道",8745.423023917605,0,960,"{'bay_window': '', 'flat_roof': '', 'roof': '', 'ac_platform': '', 'plant_room': '', 'garden': '', 'yard': ''}",5.28,4.73,5500,4927.083333333333,8702353,923229,ASP,HJL,渣甸山,1975/01,1975,51,A,16.0,blank,blank,blank,,True,POINT Z (22.2689761 114.1950448 0),22.2689761,114.1950448
204,2003-09-10,"LINDEN HEIGHTS,BOYCE RD|年達園,布思道",8932.7545221603,0,960,"{'bay_window': '', 'flat_roof': '', 'roof': '', 'ac_platform': '', 'plant_room': '', 'garden': '', 'yard': ''}",4.88,4.3717,5083,4553.854166666667,9008238,1162048,ASP,HJL,渣甸山,1975/01,1975,51,B,14.0,blank,blank,blank,,True,POINT Z (22.2689761 114.1950448 0),22.2689761,114.1950448
205,2003-10-20,"LINDEN HEIGHTS,BOYCE RD|年達園,布思道",8718.250549618417,0,960,"{'bay_window': '', 'flat_roof': '', 'roof': '', 'ac_platform': '', 'plant_room': '', 'garden': '', 'yard': ''}",5.0,4.4792,5208,4665.833333333333,9044215,1194800,ASP,HJL,渣甸山,1975/01,1975,51,A,7.0,blank,blank,blank,,True,POINT Z (22.2689761 114.1950448 0),22.2689761,114.1950448
206,2004-04-19,"LINDEN HEIGHTS,BOYCE RD|年達園,布思道",9937.542758461566,0,960,"{'bay_window': '', 'flat_roof': '', 'roof': '', 'ac_platform': '', 'plant_room': '', 'garden': '', 'yard': ''}",7.12,6.3783,7417,6644.0625,9211109,1326318,ASP,HJL,渣甸山,1975/01,1975,51,B,9.0,blank,blank,blank,,True,POINT Z (22.2689761 114.1950448 0),22.2689761,114.1950448
207,2004-10-21,"LINDEN HEIGHTS,BOYCE RD|年達園,布思道",8979.783202596234,0,960,"{'bay_window': '', 'flat_roof': '', 'roof': '', 'ac_platform': '', 'plant_room': '', 'garden': '', 'yard': ''}",7.05,6.3156,7344,6578.75,9371481,1447481,ASP,HJL,渣甸山,1975/01,1975,51,A,5.0,blank,blank,blank,,True,POINT Z (22.2689761 114.1950448 0),22.2689761,114.1950448
208,2005-04-27,"LINDEN HEIGHTS,BOYCE RD|年達園,布思道",10945.234074637992,0,960,"{'bay_window': '', 'flat_roof': '', 'roof': '', 'ac_platform': '', 'plant_room': '', 'garden': '', 'yard': ''}",8.8,7.883300000000001,9167,8211.770833333334,5052402880400,1623619,ASP,HJL,渣甸山,1975/01,1975,51,A,8.0,blank,blank,blank,,True,POINT Z (22.2689761 114.1950448 0),22.2689761,114.1950448
209,2005-10-19,"LINDEN HEIGHTS,BOYCE RD|年達園,布思道",10743.29120031318,0,960,"{'bay_window': '', 'flat_roof': '', 'roof': '', 'ac_platform': '', 'plant_room': '', 'garden': '', 'yard': ''}",8.8,7.883300000000001,9167,8211.770833333334,5110302050013,1759865,PRO-ASP,HJL,渣甸山,1975/01,1975,51,A,10.0,blank,blank,blank,,True,POINT Z (22.2689761 114.1950448 0),22.2689761,114.1950448
210,2006-02-10,"LINDEN HEIGHTS,BOYCE RD|年達園,布思道",10814.488384915085,0,960,"{'bay_window': '', 'flat_roof': '', 'roof': '', 'ac_platform': '', 'plant_room': '', 'garden': '', 'yard': ''}",8.73,7.820600000000001,9094,8146.458333333334,6030600350014,1830082,ASP,HJL,渣甸山,1975/01,1975,51,A,12.0,blank,blank,blank,,True,POINT Z (22.2689761 114.1950448 0),22.2689761,114.1950448
211,2006-06-16,"LINDEN HEIGHTS,BOYCE RD|年達園,布思道",10784.016747422082,0,960,"{'bay_window': '', 'flat_roof': '', 'roof': '', 'ac_platform': '', 'plant_room': '', 'garden': '', 'yard': ''}",8.85,7.9281,9219,8258.4375,6062800120098,1907988,ASP,HJL,渣甸山,1975/01,1975,51,B,7.0,blank,blank,blank,,True,POINT Z (22.2689761 114.1950448 0),22.2689761,114.1950448
212,2006-08-02,"LINDEN HEIGHTS,BOYCE RD|年達園,布思道",10973.755427960436,0,960,"{'bay_window': '', 'flat_roof': '', 'roof': '', 'ac_platform': '', 'plant_room': '', 'garden': '', 'yard': ''}",8.98,8.0446,9354,8379.791666666668,6080900310149,1936294,ASP,HJL,渣甸山,1975/01,1975,51,A,13.0,blank,blank,blank,,True,POINT Z (22.2689761 114.1950448 0),22.2689761,114.1950448
213,2006-08-01,"LINDEN HEIGHTS,BOYCE RD|年達園,布思道",10631.499102366217,0,960,"{'bay_window': '', 'flat_roof': '', 'roof': '', 'ac_platform': '', 'plant_room': '', 'garden': '', 'yard': ''}",8.7,7.793699999999999,9063,8118.437499999999,6081101780054,1938342,ASP,HJL,渣甸山,1975/01,1975,51,A,14.0,blank,blank,blank,,True,POINT Z (22.2689761 114.1950448 0),22.2689761,114.1950448
214,2006-08-16,"LINDEN HEIGHTS,BOYCE RD|年達園,布思道",10900.366068387026,0,960,"{'bay_window': '', 'flat_roof': '', 'roof': '', 'ac_platform': '', 'plant_room': '', 'garden': '', 'yard': ''}",8.92,7.9908,9292,8323.75,6090900900101,1955995,ASP,HJL,渣甸山,1975/01,1975,51,B,14.0,blank,blank,blank,,True,POINT Z (22.2689761 114.1950448 0),22.2689761,114.1950448
215,2007-01-29,"LINDEN HEIGHTS,BOYCE RD|年達園,布思道",10735.15548978418,0,960,"{'bay_window': '', 'flat_roof': '', 'roof': '', 'ac_platform': '', 'plant_room': '', 'garden': '', 'yard': ''}",9.21,8.2506,9594,8594.375,7021000840020,2064062,ASP,HJL,渣甸山,1975/01,1975,51,B,15.0,blank,blank,blank,,True,POINT Z (22.2689761 114.1950448 0),22.2689761,114.1950448
216,2007-01-26,"LINDEN HEIGHTS,BOYCE RD|年達園,布思道",10024.214593410814,0,960,"{'bay_window': '', 'flat_roof': '', 'roof': '', 'ac_platform': '', 'plant_room': '', 'garden': '', 'yard': ''}",8.6,7.704199999999999,8958,8025.208333333332,7021400270106,2066027,PRO-ASP,HJL,渣甸山,1975/01,1975,51,B,4.0,blank,blank,blank,,True,POINT Z (22.2689761 114.1950448 0),22.2689761,114.1950448
217,2007-01-31,"LINDEN HEIGHTS,BOYCE RD|年達園,布思道",10816.736738324826,0,960,"{'bay_window': '', 'flat_roof': '', 'roof': '', 'ac_platform': '', 'plant_room': '', 'garden': '', 'yard': ''}",9.28,8.3133,9667,8659.6875,7021502020036,2067449,ASP,HJL,渣甸山,1975/01,1975,51,B,11.0,blank,blank,blank,,True,POINT Z (22.2689761 114.1950448 0),22.2689761,114.1950448
218,2007-10-08,"LINDEN HEIGHTS,BOYCE RD|年達園,布思道",9516.59198765088,0,960,"{'bay_window': '', 'flat_roof': '', 'roof': '', 'ac_platform': '', 'plant_room': '', 'garden': '', 'yard': ''}",9.2,8.2417,9583,8585.104166666666,7101601070139,2272321,ASP,HJL,渣甸山,1975/01,1975,51,B,3.0,blank,blank,blank,,True,POINT Z (22.2689761 114.1950448 0),22.2689761,114.1950448
219,2007-10-22,"LINDEN HEIGHTS,BOYCE RD|年達園,布思道",11378.526367704397,0,960,"{'bay_window': '', 'flat_roof': '', 'roof': '', 'ac_platform': '', 'plant_room': '', 'garden': '', 'yard': ''}",11.0,9.8542,11458,10264.791666666666,7111200170020,2298929,ASP,HJL,渣甸山,1975/01,1975,51,A,16.0,blank,blank,blank,,True,POINT Z (22.2689761 114.1950448 0),22.2689761,114.1950448
220,2007-12-10,"LINDEN HEIGHTS,BOYCE RD|年達園,布思道",11149.688598804274,0,960,"{'bay_window': '', 'flat_roof': '', 'roof': '', 'ac_platform': '', 'plant_room': '', 'garden': '', 'yard': ''}",11.7,10.4812,12188,10917.916666666666,7121902710032,2344719,ASP,HJL,渣甸山,1975/01,1975,51,A,14.0,blank,blank,blank,,True,POINT Z (22.2689761 114.1950448 0),22.2689761,114.1950448
221,2009-06-23,"LINDEN HEIGHTS,BOYCE RD|年達園,布思道",12358.60314172442,0,960,"{'bay_window': '', 'flat_roof': '', 'roof': '', 'ac_platform': '', 'plant_room': '', 'garden': '', 'yard': ''}",13.5,12.0937,14063,12597.604166666666,9062602280012,2773897,ASP,HJL,渣甸山,1975/01,1975,51,B,15.0,blank,blank,blank,,True,POINT Z (22.2689761 114.1950448 0),22.2689761,114.1950448
222,2009-06-23,"LINDEN HEIGHTS,BOYCE RD|年達園,布思道",10893.907814154394,0,960,"{'bay_window': '', 'flat_roof': '', 'roof': '', 'ac_platform': '', 'plant_room': '', 'garden': '', 'yard': ''}",11.9,10.6604,12396,11104.583333333334,9070902440034,2785435,ASP,HJL,渣甸山,1975/01,1975,51,A,13.0,blank,blank,blank,,True,POINT Z (22.2689761 114.1950448 0),22.2689761,114.1950448
223,2009-09-04,"LINDEN HEIGHTS,BOYCE RD|年達園,布思道",12015.211078144868,0,960,"{'bay_window': '', 'flat_roof': '', 'roof': '', 'ac_platform': '', 'plant_room': '', 'garden': '', 'yard': ''}",13.9,12.4521,14479,12970.9375,9092302080102,2865035,ASP,HJL,渣甸山,1975/01,1975,51,B,17.0,blank,blank,blank,,True,POINT Z (22.2689761 114.1950448 0),22.2689761,114.1950448
224,2009-11-20,"LINDEN HEIGHTS,BOYCE RD|年達園,布思道",11896.20743003569,0,960,"{'bay_window': '', 'flat_roof': '', 'roof': '', 'ac_platform': '', 'plant_room': '', 'garden': '', 'yard': ''}",14.08,12.6133,14667,13138.854166666666,9120202760065,2932041,ASP,HJL,渣甸山,1975/01,1975,51,A,16.0,blank,blank,blank,,True,POINT Z (22.2689761 114.1950448 0),22.2689761,114.1950448
225,2009-12-02,"LINDEN HEIGHTS,BOYCE RD|年達園,布思道",12603.98236693615,0,960,"{'bay_window': '', 'flat_roof': '', 'roof': '', 'ac_platform': '', 'plant_room': '', 'garden': '', 'yard': ''}",14.8,13.2583,15417,13810.729166666666,9122301660218,2951819,ASP,HJL,渣甸山,1975/01,1975,51,A,14.0,blank,blank,blank,,True,POINT Z (22.2689761 114.1950448 0),22.2689761,114.1950448
226,2009-12-02,"LINDEN HEIGHTS,BOYCE RD|年達園,布思道",11411.77414368169,0,960,"{'bay_window': '', 'flat_roof': '', 'roof': '', 'ac_platform': '', 'plant_room': '', 'garden': '', 'yard': ''}",13.4,12.0042,13958,12504.375,9123002440029,2957496,ASP,HJL,渣甸山,1975/01,1975,51,A,7.0,blank,blank,blank,,True,POINT Z (22.2689761 114.1950448 0),22.2689761,114.1950448
227,2009-12-31,"LINDEN HEIGHTS,BOYCE RD|年達園,布思道",11411.77414368169,0,960,"{'bay_window': '', 'flat_roof': '', 'roof': '', 'ac_platform': '', 'plant_room': '', 'garden': '', 'yard': ''}",13.4,12.0042,13958,12504.375,10011101470018,2967933,ASP,HJL,渣甸山,1975/01,1975,51,A,6.0,blank,blank,blank,,True,POINT Z (22.2689761 114.1950448 0),22.2689761,114.1950448
228,2010-07-02,"LINDEN HEIGHTS,BOYCE RD|年達園,布思道",11572.14434336592,0,960,"{'bay_window': '', 'flat_roof': '', 'roof': '', 'ac_platform': '', 'plant_room': '', 'garden': '', 'yard': ''}",15.5,13.8854,16146,14463.958333333334,10070601460012,3143628,ASP,HJL,渣甸山,1975/01,1975,51,A,8.0,blank,blank,blank,,True,POINT Z (22.2689761 114.1950448 0),22.2689761,114.1950448
229,2011-10-10,"LINDEN HEIGHTS,BOYCE RD|年達園,布思道",11281.518678906854,0,960,"{'bay_window': '', 'flat_roof': '', 'roof': '', 'ac_platform': '', 'plant_room': '', 'garden': '', 'yard': ''}",18.0,16.125,18750,16796.875,11110901930182,3602905,PRE-ASP,HJL,渣甸山,1975/01,1975,51,B,9.0,blank,blank,blank,,True,POINT Z (22.2689761 114.1950448 0),22.2689761,114.1950448
230,2012-04-16,"LINDEN HEIGHTS,BOYCE RD|年達園,布思道",9599.511405982166,0,960,"{'bay_window': '', 'flat_roof': '', 'roof': '', 'ac_platform': '', 'plant_room': '', 'garden': '', 'yard': ''}",16.28,14.5842,16958,15191.875,12043000450013,3700223,ASP,HJL,渣甸山,1975/01,1975,51,A,5.0,blank,blank,blank,,True,POINT Z (22.2689761 114.1950448 0),22.2689761,114.1950448
231,2012-10-29,"LINDEN HEIGHTS,BOYCE RD|年達園,布思道",10828.513330732096,0,960,"{'bay_window': '', 'flat_roof': '', 'roof': '', 'ac_platform': '', 'plant_room': '', 'garden': '', 'yard': ''}",20.0,17.9167,20833,18663.229166666668,12111202490018,3850342,ASP,HJL,渣甸山,1975/01,1975,51,A,7.0,blank,blank,blank,,True,POINT Z (22.2689761 114.1950448 0),22.2689761,114.1950448
232,2015-03-13,"LINDEN HEIGHTS,BOYCE RD|年達園,布思道",9855.65424764541,0,960,"{'bay_window': '', 'flat_roof': '', 'roof': '', 'ac_platform': '', 'plant_room': '', 'garden': '', 'yard': ''}",21.8,19.5292,22708,20342.916666666668,15033101000022,4324460,PRO-ASP,HJL,渣甸山,1975/01,1975,51,B,7.0,blank,blank,blank,,True,POINT Z (22.2689761 114.1950448 0),22.2689761,114.1950448
233,2015-10-01,"LINDEN HEIGHTS,BOYCE RD|年達園,布思道",9332.300049072894,0,960,"{'bay_window': '', 'flat_roof': '', 'roof': '', 'ac_platform': '', 'plant_room': '', 'garden': '', 'yard': ''}",20.1,18.0062,20938,18756.45833333333,15101600460025,4429907,ASP,HJL,渣甸山,1975/01,1975,51,B,9.0,blank,blank,blank,,True,POINT Z (22.2689761 114.1950448 0),22.2689761,114.1950448
234,2016-06-10,"LINDEN HEIGHTS,BOYCE RD|年達園,布思道",8540.453629554386,0,960,"{'bay_window': '', 'flat_roof': '', 'roof': '', 'ac_platform': '', 'plant_room': '', 'garden': '', 'yard': ''}",17.6,15.766700000000002,18333,16423.645833333336,16062901860014,4526099,PRE-ASP,HJL,渣甸山,1975/01,1975,51,A,2.0,blank,blank,blank,,True,POINT Z (22.2689761 114.1950448 0),22.2689761,114.1950448
235,2017-02-17,"LINDEN HEIGHTS,BOYCE RD|年達園,布思道",7936.984285268932,0,960,"{'bay_window': '', 'flat_roof': '', 'roof': '', 'ac_platform': '', 'plant_room': '', 'garden': '', 'yard': ''}",18.08,16.1967,18833,16871.5625,17031001990375,4660825,ASP,HJL,渣甸山,1975/01,1975,51,B,4.0,blank,blank,blank,,True,POINT Z (22.2689761 114.1950448 0),22.2689761,114.1950448
236,2017-05-15,"LINDEN HEIGHTS,BOYCE RD|年達園,布思道",8047.407585980416,0,960,"{'bay_window': '', 'flat_roof': '', 'roof': '', 'ac_platform': '', 'plant_room': '', 'garden': '', 'yard': ''}",19.35,17.334400000000002,20156,18056.66666666667,17061201510062,4716568,ASP,HJL,渣甸山,1975/01,1975,51,A,11.0,blank,blank,blank,,True,POINT Z (22.2689761 114.1950448 0),22.2689761,114.1950448
237,2017-12-28,"LINDEN HEIGHTS,BOYCE RD|年達園,布思道",9940.153841692272,0,960,"{'bay_window': '', 'flat_roof': '', 'roof': '', 'ac_platform': '', 'plant_room': '', 'garden': '', 'yard': ''}",22.48,22.48,23417,23416.666666666668,18010300530070,5276718,ASP,HJL,渣甸山,1975/01,1975,51,A,6.0,blank,blank,blank,,False,POINT Z (22.2689761 114.1950448 0),22.2689761,114.1950448
238,2020-09-24,"LINDEN HEIGHTS,BOYCE RD|年達園,布思道",10181.545634287211,0,960,"{'bay_window': '', 'flat_roof': '', 'roof': '', 'ac_platform': '', 'plant_room': '', 'garden': '', 'yard': ''}",24.8,24.8,25833,25833.33333333333,20100900160068,5786803,ASP,HJL,渣甸山,1975/01,1975,51,A,12.0,blank,blank,blank,,False,POINT Z (22.2689761 114.1950448 0),22.2689761,114.1950448
239,2020-12-10,"LINDEN HEIGHTS,BOYCE RD|年達園,布思道",9134.715066528664,0,960,"{'bay_window': '', 'flat_roof': '', 'roof': '', 'ac_platform': '', 'plant_room': '', 'garden': '', 'yard': ''}",22.0,22.0,22917,22916.666666666668,20122400680065,5829266,ASP,HJL,渣甸山,1975/01,1975,51,A,5.0,blank,blank,blank,,False,POINT Z (22.2689761 114.1950448 0),22.2689761,114.1950448
240,2025-05-23,"LINDEN HEIGHTS,BOYCE RD|年達園,布思道",10040.849781322584,0,960,"{'bay_window': '', 'flat_roof': '', 'roof': '', 'ac_platform': '', 'plant_room': '', 'garden': '', 'yard': ''}",17.28,17.28,18000,18000.0,25061700370439,6603673,PRO-ASP,HJL,渣甸山,1975/01,1975,51,B,12.0,blank,blank,blank,,False,POINT Z (22.2689761 114.1950448 0),22.2689761,114.1950448
241,2026-01-13,"LINDEN HEIGHTS,BOYCE RD|年達園,布思道",9184.272063608449,0,960,"{'bay_window': '', 'flat_roof': '', 'roof': '', 'ac_platform': '', 'plant_room': '', 'garden': '', 'yard': ''}",17.0,17.0,17708,17708.333333333332,26020201010247,6738785,ASP,HJL,渣甸山,1975/01,1975,51,A,10.0,blank,blank,blank,,False,POINT Z (22.2689761 114.1950448 0),22.2689761,114.1950448
242,1995-11-01,"BUTLER TOWER,BOYCE RD|柏麗園,布思道",6022.925170068027,1650,1470,"{'bay_window': '', 'flat_roof': '', 'roof': '', 'ac_platform': '', 'plant_room': '', 'garden': '', 'yard': ''}",9.5,8.8537,6463,6022.925170068027,6458778,4775760,ASP,HJL,渣甸山,1974/12,1974,52,A,18.0,blank,blank,blank,,True,POINT Z (22.270329 114.1956517 0),22.270329,114.1956517
243,1995-12-23,"BUTLER TOWER,BOYCE RD|柏麗園,布思道",5851.768707482993,1650,1470,"{'bay_window': '', 'flat_roof': '', 'roof': '', 'ac_platform': '', 'plant_room': '', 'garden': '', 'yard': ''}",9.23,8.6021,6279,5851.768707482993,6505191,4790497,ASP,HJL,渣甸山,1974/12,1974,52,A,12.0,blank,blank,blank,,True,POINT Z (22.270329 114.1956517 0),22.270329,114.1956517
244,1996-01-18,"BUTLER TOWER,BOYCE RD|柏麗園,布思道",6094.005449591281,0,1468,"{'bay_window': '', 'flat_roof': '', 'roof': '', 'ac_platform': '', 'plant_room': '', 'garden': '', 'yard': ''}",9.6,8.946,6540,6094.005449591281,6533483,4799412,ASP,HJL,渣甸山,1974/12,1974,52,B,20.0,blank,blank,blank,,True,POINT Z (22.270329 114.1956517 0),22.270329,114.1956517
245,1996-04-03,"BUTLER TOWER,BOYCE RD|柏麗園,布思道",6569.953051643192,0,1491,"{'bay_window': '', 'flat_roof': '', 'roof': '', 'ac_platform': '', 'plant_room': '', 'garden': '', 'yard': ''}",10.5,9.7958,7042,6569.953051643192,6589106,4823839,ASP,HJL,渣甸山,1974/12,1974,52,E,20.0,blank,blank,blank,,True,POINT Z (22.270329 114.1956517 0),22.270329,114.1956517
246,1996-04-02,"BUTLER TOWER,BOYCE RD|柏麗園,布思道",5940.549597855228,1650,1492,"{'bay_window': '', 'flat_roof': '', 'roof': '', 'ac_platform': '', 'plant_room': '', 'garden': '', 'yard': ''}",9.5,8.8633,6367,5940.549597855228,6594351,4820086,ASP,HJL,渣甸山,1974/12,1974,52,C,10.0,blank,blank,blank,,True,POINT Z (22.270329 114.1956517 0),22.270329,114.1956517
247,1996-04-23,"BUTLER TOWER,BOYCE RD|柏麗園,布思道",7195.850340136054,1650,1470,"{'bay_window': '', 'flat_roof': '', 'roof': '', 'ac_platform': '', 'plant_room': '', 'garden': '', 'yard': ''}",11.35,10.5779,7721,7195.850340136054,6613401,4832122,ASP,HJL,渣甸山,1974/12,1974,52,F,13.0,blank,blank,blank,,True,POINT Z (22.270329 114.1956517 0),22.270329,114.1956517
248,1996-05-20,"BUTLER TOWER,BOYCE RD|柏麗園,布思道",7132.448979591837,1650,1470,"{'bay_window': '', 'flat_roof': '', 'roof': '', 'ac_platform': '', 'plant_room': '', 'garden': '', 'yard': ''}",11.25,10.4847,7653,7132.448979591837,6631564,4839954,ASP,HJL,渣甸山,1974/12,1974,52,A,5.0,blank,blank,blank,,True,POINT Z (22.270329 114.1956517 0),22.270329,114.1956517
249,1996-06-01,"BUTLER TOWER,BOYCE RD|柏麗園,布思道",7066.085790884718,1650,1492,"{'bay_window': '', 'flat_roof': '', 'roof': '', 'ac_platform': '', 'plant_room': '', 'garden': '', 'yard': ''}",11.3,10.5426,7574,7066.085790884718,6667570,4852045,ASP,HJL,渣甸山,1974/12,1974,52,C,6.0,blank,blank,blank,,True,POINT Z (22.270329 114.1956517 0),22.270329,114.1956517
250,1996-06-01,"BUTLER TOWER,BOYCE RD|柏麗園,布思道",6783.741496598639,1650,1470,"{'bay_window': '', 'flat_roof': '', 'roof': '', 'ac_platform': '', 'plant_room': '', 'garden': '', 'yard': ''}",10.7,9.9721,7279,6783.741496598639,6669777,4852047,ASP,HJL,渣甸山,1974/12,1974,52,F,4.0,blank,blank,blank,,True,POINT Z (22.270329 114.1956517 0),22.270329,114.1956517
251,1996-06-01,"BUTLER TOWER,BOYCE RD|柏麗園,布思道",7766.462585034013,1650,1470,"{'bay_window': '', 'flat_roof': '', 'roof': '', 'ac_platform': '', 'plant_room': '', 'garden': '', 'yard': ''}",12.25,11.4167,8333,7766.462585034013,6676079,4854256,ASP,HJL,渣甸山,1974/12,1974,52,D,17.0,blank,blank,blank,,True,POINT Z (22.270329 114.1956517 0),22.270329,114.1956517
252,1996-06-21,"BUTLER TOWER,BOYCE RD|柏麗園,布思道",6034.3163538874,1650,1492,"{'bay_window': '', 'flat_roof': '', 'roof': '', 'ac_platform': '', 'plant_room': '', 'garden': '', 'yard': ''}",9.65,9.0032,6468,6034.3163538874,6682206,4856159,ASP,HJL,渣甸山,1974/12,1974,52,B,14.0,blank,blank,blank,,True,POINT Z (22.270329 114.1956517 0),22.270329,114.1956517
253,1996-07-10,"BUTLER TOWER,BOYCE RD|柏麗園,布思道",7214.897959183673,1650,1470,"{'bay_window': '', 'flat_roof': '', 'roof': '', 'ac_platform': '', 'plant_room': '', 'garden': '', 'yard': ''}",11.38,10.6059,7741,7214.897959183673,6688014,4859854,ASP,HJL,渣甸山,1974/12,1974,52,E,5.0,blank,blank,blank,,True,POINT Z (22.270329 114.1956517 0),22.270329,114.1956517
254,1996-09-30,"BUTLER TOWER,BOYCE RD|柏麗園,布思道",8241.904761904761,1650,1470,"{'bay_window': '', 'flat_roof': '', 'roof': '', 'ac_platform': '', 'plant_room': '', 'garden': '', 'yard': ''}",13.0,12.1156,8844,8241.904761904761,6785037,4888632,ASP,HJL,渣甸山,1974/12,1974,52,E,11.0,blank,blank,blank,,True,POINT Z (22.270329 114.1956517 0),22.270329,114.1956517
255,1996-10-09,"BUTLER TOWER,BOYCE RD|柏麗園,布思道",8241.904761904761,1650,1470,"{'bay_window': '', 'flat_roof': '', 'roof': '', 'ac_platform': '', 'plant_room': '', 'garden': '', 'yard': ''}",13.0,12.1156,8844,8241.904761904761,6794872,4891674,ASP,HJL,渣甸山,1974/12,1974,52,A,17.0,blank,blank,blank,,True,POINT Z (22.270329 114.1956517 0),22.270329,114.1956517
256,1996-11-20,"BUTLER TOWER,BOYCE RD|柏麗園,布思道",7616.353887399464,1650,1492,"{'bay_window': '', 'flat_roof': '', 'roof': '', 'ac_platform': '', 'plant_room': '', 'garden': '', 'yard': ''}",12.18,11.3636,8164,7616.353887399464,6855811,4923539,ASP,HJL,渣甸山,1974/12,1974,52,C,7.0,blank,blank,blank,,True,POINT Z (22.270329 114.1956517 0),22.270329,114.1956517
257,1996-12-20,"BUTLER TOWER,BOYCE RD|柏麗園,布思道",7785.187667560322,1650,1492,"{'bay_window': '', 'flat_roof': '', 'roof': '', 'ac_platform': '', 'plant_room': '', 'garden': '', 'yard': ''}",12.45,11.6155,8345,7785.187667560322,6893147,4943778,ASP,HJL,渣甸山,1974/12,1974,52,C,4.0,blank,blank,blank,,True,POINT Z (22.270329 114.1956517 0),22.270329,114.1956517
258,1996-12-21,"BUTLER TOWER,BOYCE RD|柏麗園,布思道",7164.149659863946,1650,1470,"{'bay_window': '', 'flat_roof': '', 'roof': '', 'ac_platform': '', 'plant_room': '', 'garden': '', 'yard': ''}",11.3,10.5313,7687,7164.149659863946,6896962,4938134,ASP,HJL,渣甸山,1974/12,1974,52,E,3.0,blank,blank,blank,,True,POINT Z (22.270329 114.1956517 0),22.270329,114.1956517
259,1997-01-13,"BUTLER TOWER,BOYCE RD|柏麗園,布思道",8368.707482993197,1650,1470,"{'bay_window': '', 'flat_roof': '', 'roof': '', 'ac_platform': '', 'plant_room': '', 'garden': '', 'yard': ''}",13.2,12.302,8980,8368.707482993197,6918224,4964142,ASP,HJL,渣甸山,1974/12,1974,52,D,8.0,blank,blank,blank,,True,POINT Z (22.270329 114.1956517 0),22.270329,114.1956517
260,1997-01-17,"BUTLER TOWER,BOYCE RD|柏麗園,布思道",8891.42053445851,0,1422,"{'bay_window': '', 'flat_roof': '762', 'roof': '', 'ac_platform': '', 'plant_room': '', 'garden': '', 'yard': ''}",13.6,12.6436,9564,8891.42053445851,6930844,4968933,ASP,HJL,渣甸山,1974/12,1974,52,E,2.0,blank,blank,blank,,True,POINT Z (22.270329 114.1956517 0),22.270329,114.1956517
261,1997-01-27,"BUTLER TOWER,BOYCE RD|柏麗園,布思道",9123.197278911564,1650,1470,"{'bay_window': '', 'flat_roof': '', 'roof': '', 'ac_platform': '', 'plant_room': '', 'garden': '', 'yard': ''}",14.39,13.4111,9789,9123.197278911564,6939098,4972522,ASP,HJL,渣甸山,1974/12,1974,52,F,8.0,blank,blank,blank,,True,POINT Z (22.270329 114.1956517 0),22.270329,114.1956517
262,1997-01-27,"BUTLER TOWER,BOYCE RD|柏麗園,布思道",8867.024128686327,1650,1492,"{'bay_window': '', 'flat_roof': '', 'roof': '', 'ac_platform': '', 'plant_room': '', 'garden': '', 'yard': ''}",14.18,13.2296,9504,8867.024128686327,6943729,4975219,ASP,HJL,渣甸山,1974/12,1974,52,B,19.0,blank,blank,blank,,True,POINT Z (22.270329 114.1956517 0),22.270329,114.1956517
263,1997-03-14,"BUTLER TOWER,BOYCE RD|柏麗園,布思道",8171.941157181338,1650,1474,"{'bay_window': '', 'flat_roof': '', 'roof': '', 'ac_platform': '', 'plant_room': '', 'garden': '', 'yard': ''}",14.5,13.5163,9837,9169.810040705564,7029871,4999159,ASP,HJL,渣甸山,1974/12,1974,52,B1,20.0,blank,blank,blank,,True,POINT Z (22.270329 114.1956517 0),22.270329,114.1956517
264,1997-04-28,"BUTLER TOWER,BOYCE RD|柏麗園,布思道",8231.605746341993,1650,1492,"{'bay_window': '', 'flat_roof': '', 'roof': '', 'ac_platform': '', 'plant_room': '', 'garden': '', 'yard': ''}",14.68,13.6961,9839,9179.691689008045,7071921,5027644,ASP,HJL,渣甸山,1974/12,1974,52,B,11.0,blank,blank,blank,,True,POINT Z (22.270329 114.1956517 0),22.270329,114.1956517
265,1997-08-14,"BUTLER TOWER,BOYCE RD|柏麗園,布思道",8963.53063230649,1650,1492,"{'bay_window': '', 'flat_roof': '', 'roof': '', 'ac_platform': '', 'plant_room': '', 'garden': '', 'yard': ''}",17.2,16.0472,11528,10755.49597855228,7257613,5100585,ASP,HJL,渣甸山,1974/12,1974,52,D,12.0,blank,blank,blank,,True,POINT Z (22.270329 114.1956517 0),22.270329,114.1956517
266,1997-08-25,"BUTLER TOWER,BOYCE RD|柏麗園,布思道",9109.429867136145,1650,1492,"{'bay_window': '', 'flat_roof': '1010', 'roof': '', 'ac_platform': '', 'plant_room': '', 'garden': '', 'yard': ''}",17.48,16.3084,11716,10930.563002680963,7257777,5099610,ASP,HJL,渣甸山,1974/12,1974,52,B,2.0,blank,blank,blank,,True,POINT Z (22.270329 114.1956517 0),22.270329,114.1956517
267,1997-09-10,"BUTLER TOWER,BOYCE RD|柏麗園,布思道",8182.697728493678,1650,1492,"{'bay_window': '', 'flat_roof': '', 'roof': '', 'ac_platform': '', 'plant_room': '', 'garden': '', 'yard': ''}",15.68,14.6291,10509,9805.026809651474,7292932,5112814,ASP,HJL,渣甸山,1974/12,1974,52,B,14.0,blank,blank,blank,,True,POINT Z (22.270329 114.1956517 0),22.270329,114.1956517
268,1997-09-30,"BUTLER TOWER,BOYCE RD|柏麗園,布思道",8401.848665326692,1650,1492,"{'bay_window': '', 'flat_roof': '', 'roof': '', 'ac_platform': '', 'plant_room': '', 'garden': '', 'yard': ''}",16.1,15.0209,10791,10067.627345844505,7303322,5117151,ASP,HJL,渣甸山,1974/12,1974,52,C,11.0,blank,blank,blank,,True,POINT Z (22.270329 114.1956517 0),22.270329,114.1956517
269,1998-07-07,"BUTLER TOWER,BOYCE RD|柏麗園,布思道",6854.481938163614,1650,1492,"{'bay_window': '', 'flat_roof': '', 'roof': '', 'ac_platform': '', 'plant_room': '', 'garden': '', 'yard': ''}",8.3,7.7437,5563,5190.14745308311,7542308,5570,ASP,HJL,渣甸山,1974/12,1974,52,C,10.0,blank,blank,blank,,True,POINT Z (22.270329 114.1956517 0),22.270329,114.1956517
270,1998-07-11,"BUTLER TOWER,BOYCE RD|柏麗園,布思道",6730.646817594753,1650,1492,"{'bay_window': '', 'flat_roof': '', 'roof': '', 'ac_platform': '', 'plant_room': '', 'garden': '', 'yard': ''}",8.15,7.603800000000001,5462,5096.380697050939,7549966,13000,ASP,HJL,渣甸山,1974/12,1974,52,C,17.0,blank,blank,blank,,True,POINT Z (22.270329 114.1956517 0),22.270329,114.1956517
271,1998-09-21,"BUTLER TOWER,BOYCE RD|柏麗園,布思道",7749.937654667751,1650,1492,"{'bay_window': '', 'flat_roof': '', 'roof': '', 'ac_platform': '', 'plant_room': '', 'garden': '', 'yard': ''}",8.3,7.7437,5563,5190.14745308311,7580649,39621,ASP,HJL,渣甸山,1974/12,1974,52,D,10.0,blank,blank,blank,,True,POINT Z (22.270329 114.1956517 0),22.270329,114.1956517
272,1998-10-12,"BUTLER TOWER,BOYCE RD|柏麗園,布思道",7055.142859029898,1650,1465,"{'bay_window': '', 'flat_roof': '781', 'roof': '', 'ac_platform': '', 'plant_room': '', 'garden': '', 'yard': ''}",7.45,6.9415,5085,4738.225255972697,7595082,51110,ASP,HJL,渣甸山,1974/12,1974,52,F,2.0,blank,blank,blank,,True,POINT Z (22.270329 114.1956517 0),22.270329,114.1956517
273,1998-10-17,"BUTLER TOWER,BOYCE RD|柏麗園,布思道",7400.311685068265,1650,1492,"{'bay_window': '', 'flat_roof': '', 'roof': '', 'ac_platform': '', 'plant_room': '', 'garden': '', 'yard': ''}",7.948,7.4153,5327,4970.040214477212,7597933,53313,ASP,HJL,渣甸山,1974/12,1974,52,C,15.0,blank,blank,blank,,True,POINT Z (22.270329 114.1956517 0),22.270329,114.1956517
274,1998-11-20,"BUTLER TOWER,BOYCE RD|柏麗園,布思道",7899.646662464304,1650,1420,"{'bay_window': '', 'flat_roof': '', 'roof': '', 'ac_platform': '', 'plant_room': '', 'garden': '', 'yard': ''}",8.58,7.9758,6042,5616.760563380281,7625429,85371,ASP,HJL,渣甸山,1974/12,1974,52,A,6.0,blank,blank,blank,,True,POINT Z (22.270329 114.1956517 0),22.270329,114.1956517
275,1998-11-20,"BUTLER TOWER,BOYCE RD|柏麗園,布思道",8010.082054884471,1650,1420,"{'bay_window': '', 'flat_roof': '', 'roof': '', 'ac_platform': '', 'plant_room': '', 'garden': '', 'yard': ''}",8.7,8.087299999999999,6127,5695.281690140844,7627547,87565,ASP,HJL,渣甸山,1974/12,1974,52,E,15.0,blank,blank,blank,,True,POINT Z (22.270329 114.1956517 0),22.270329,114.1956517
276,1998-10-30,"BUTLER TOWER,BOYCE RD|柏麗園,布思道",8460.681235278013,1650,1420,"{'bay_window': '', 'flat_roof': '', 'roof': '', 'ac_platform': '', 'plant_room': '', 'garden': '', 'yard': ''}",8.68,8.0687,6113,5682.183098591549,7627642,87586,ASP,HJL,渣甸山,1974/12,1974,52,A,13.0,blank,blank,blank,,True,POINT Z (22.270329 114.1956517 0),22.270329,114.1956517
277,1998-12-10,"BUTLER TOWER,BOYCE RD|柏麗園,布思道",7882.444526404608,1650,1492,"{'bay_window': '', 'flat_roof': '', 'roof': '', 'ac_platform': '', 'plant_room': '', 'garden': '', 'yard': ''}",9.2,8.5834,6166,5752.949061662199,7644852,106777,ASP,HJL,渣甸山,1974/12,1974,52,B,16.0,blank,blank,blank,,True,POINT Z (22.270329 114.1956517 0),22.270329,114.1956517
278,1999-02-01,"BUTLER TOWER,BOYCE RD|柏麗園,布思道",7881.525345050487,1650,1420,"{'bay_window': '', 'flat_roof': '', 'roof': '', 'ac_platform': '', 'plant_room': '', 'garden': '', 'yard': ''}",8.9,8.273200000000001,6268,5826.197183098592,7686232,141848,ASP,HJL,渣甸山,1974/12,1974,52,E,10.0,blank,blank,blank,,True,POINT Z (22.270329 114.1956517 0),22.270329,114.1956517
279,1999-02-23,"BUTLER TOWER,BOYCE RD|柏麗園,布思道",7342.513821558517,1650,1492,"{'bay_window': '', 'flat_roof': '', 'roof': '', 'ac_platform': '', 'plant_room': '', 'garden': '', 'yard': ''}",8.68,8.0982,5818,5427.747989276139,7708234,160578,ASP,HJL,渣甸山,1974/12,1974,52,B,3.0,blank,blank,blank,,True,POINT Z (22.270329 114.1956517 0),22.270329,114.1956517
280,1999-02-26,"BUTLER TOWER,BOYCE RD|柏麗園,布思道",7528.656184993102,1650,1492,"{'bay_window': '', 'flat_roof': '', 'roof': '', 'ac_platform': '', 'plant_room': '', 'garden': '', 'yard': ''}",8.9,8.3035,5965,5565.348525469169,7713050,164797,ASP,HJL,渣甸山,1974/12,1974,52,B,8.0,blank,blank,blank,,True,POINT Z (22.270329 114.1956517 0),22.270329,114.1956517
281,1999-06-17,"BUTLER TOWER,BOYCE RD|柏麗園,布思道",8130.542892421393,1650,1492,"{'bay_window': '', 'flat_roof': '', 'roof': '', 'ac_platform': '', 'plant_room': '', 'garden': '', 'yard': ''}",9.68,9.0312,6488,6053.083109919571,7798661,241744,ASP,HJL,渣甸山,1974/12,1974,52,C,11.0,blank,blank,blank,,True,POINT Z (22.270329 114.1956517 0),22.270329,114.1956517
282,1999-08-27,"BUTLER TOWER,BOYCE RD|柏麗園,布思道",8717.305648250134,1650,1420,"{'bay_window': '', 'flat_roof': '', 'roof': '', 'ac_platform': '', 'plant_room': '', 'garden': '', 'yard': ''}",9.8,9.1099,6901,6415.422535211268,7867246,290776,ASP,HJL,渣甸山,1974/12,1974,52,A,9.0,blank,blank,blank,,True,POINT Z (22.270329 114.1956517 0),22.270329,114.1956517
283,2000-03-02,"BUTLER TOWER,BOYCE RD|柏麗園,布思道",9747.97659220962,1650,1420,"{'bay_window': '', 'flat_roof': '', 'roof': '', 'ac_platform': '', 'plant_room': '', 'garden': '', 'yard': ''}",10.68,9.9279,7521,6991.478873239436,8030596,406200,ASP,HJL,渣甸山,1974/12,1974,52,A,16.0,blank,blank,blank,,True,POINT Z (22.270329 114.1956517 0),22.270329,114.1956517
284,2000-04-01,"BUTLER TOWER,BOYCE RD|柏麗園,布思道",9287.52630873059,1650,1492,"{'bay_window': '', 'flat_roof': '', 'roof': '', 'ac_platform': '', 'plant_room': '', 'garden': '', 'yard': ''}",10.18,9.4977,6823,6365.750670241287,8054226,425350,ASP,HJL,渣甸山,1974/12,1974,52,C,12.0,blank,blank,blank,,True,POINT Z (22.270329 114.1956517 0),22.270329,114.1956517
285,2000-04-13,"BUTLER TOWER,BOYCE RD|柏麗園,布思道",10200.453542061856,1650,1420,"{'bay_window': '', 'flat_roof': '', 'roof': '', 'ac_platform': '', 'plant_room': '', 'garden': '', 'yard': ''}",10.68,9.9279,7521,6991.478873239436,8062597,431372,ASP,HJL,渣甸山,1974/12,1974,52,A,14.0,blank,blank,blank,,True,POINT Z (22.270329 114.1956517 0),22.270329,114.1956517
286,2000-04-13,"BUTLER TOWER,BOYCE RD|柏麗園,布思道",9378.76168198986,1650,1492,"{'bay_window': '', 'flat_roof': '', 'roof': '', 'ac_platform': '', 'plant_room': '', 'garden': '', 'yard': ''}",10.28,9.591,6890,6428.28418230563,8064296,432711,ASP,HJL,渣甸山,1974/12,1974,52,B,14.0,blank,blank,blank,,True,POINT Z (22.270329 114.1956517 0),22.270329,114.1956517
287,2000-09-01,"BUTLER TOWER,BOYCE RD|柏麗園,布思道",9732.20717968366,1650,1492,"{'bay_window': '', 'flat_roof': '', 'roof': '', 'ac_platform': '', 'plant_room': '', 'garden': '', 'yard': ''}",10.5,9.7962,7038,6565.817694369973,8201651,536765,ASP,HJL,渣甸山,1974/12,1974,52,C,11.0,blank,blank,blank,,True,POINT Z (22.270329 114.1956517 0),22.270329,114.1956517
288,2000-11-17,"BUTLER TOWER,BOYCE RD|柏麗園,布思道",10696.476130165058,1650,1420,"{'bay_window': '', 'flat_roof': '', 'roof': '', 'ac_platform': '', 'plant_room': '', 'garden': '', 'yard': ''}",9.68,8.9983,6817,6336.830985915493,8253587,575617,ASP,HJL,渣甸山,1974/12,1974,52,A,18.0,blank,blank,blank,,True,POINT Z (22.270329 114.1956517 0),22.270329,114.1956517
289,2000-11-16,"BUTLER TOWER,BOYCE RD|柏麗園,布思道",10238.67033158845,1650,1492,"{'bay_window': '', 'flat_roof': '', 'roof': '', 'ac_platform': '', 'plant_room': '', 'garden': '', 'yard': ''}",9.7,9.0499,6501,6065.616621983914,8262955,583562,ASP,HJL,渣甸山,1974/12,1974,52,B,12.0,blank,blank,blank,,True,POINT Z (22.270329 114.1956517 0),22.270329,114.1956517
290,2000-12-07,"BUTLER TOWER,BOYCE RD|柏麗園,布思道",8387.489347020459,1650,1492,"{'bay_window': '', 'flat_roof': '', 'roof': '', 'ac_platform': '', 'plant_room': '', 'garden': '', 'yard': ''}",8.2,7.650399999999999,5496,5127.613941018766,8287362,601584,PRO-ASP,HJL,渣甸山,1974/12,1974,52,D,5.0,blank,blank,blank,,True,POINT Z (22.270329 114.1956517 0),22.270329,114.1956517
291,2001-01-08,"BUTLER TOWER,BOYCE RD|柏麗園,布思道",9656.6782044544,1650,1492,"{'bay_window': '', 'flat_roof': '', 'roof': '', 'ac_platform': '', 'plant_room': '', 'garden': '', 'yard': ''}",9.7,9.0499,6501,6065.616621983914,8301100,612756,ASP,HJL,渣甸山,1974/12,1974,52,B,18.0,blank,blank,blank,,True,POINT Z (22.270329 114.1956517 0),22.270329,114.1956517
292,2001-05-05,"BUTLER TOWER,BOYCE RD|柏麗園,布思道",9384.576646448695,1650,1492,"{'bay_window': '', 'flat_roof': '', 'roof': '', 'ac_platform': '', 'plant_room': '', 'garden': '', 'yard': ''}",9.3,8.6767,6233,5815.482573726542,8391129,686556,ASP,HJL,渣甸山,1974/12,1974,52,C,13.0,blank,blank,blank,,True,POINT Z (22.270329 114.1956517 0),22.270329,114.1956517
293,2001-05-31,"BUTLER TOWER,BOYCE RD|柏麗園,布思道",9465.262784937411,1650,1492,"{'bay_window': '', 'flat_roof': '', 'roof': '', 'ac_platform': '', 'plant_room': '', 'garden': '', 'yard': ''}",9.38,8.7513,6287,5865.482573726542,8409826,700364,ASP,HJL,渣甸山,1974/12,1974,52,C,19.0,blank,blank,blank,,True,POINT Z (22.270329 114.1956517 0),22.270329,114.1956517
294,2001-10-22,"BUTLER TOWER,BOYCE RD|柏麗園,布思道",9080.896156540615,1650,1455,"{'bay_window': '', 'flat_roof': '762', 'roof': '', 'ac_platform': '', 'plant_room': '', 'garden': '', 'yard': ''}",8.1,7.543299999999999,5567,5184.398625429552,8537632,801523,PRO-ASP,HJL,渣甸山,1974/12,1974,52,E,2.0,blank,blank,blank,,True,POINT Z (22.270329 114.1956517 0),22.270329,114.1956517
295,2001-11-15,"BUTLER TOWER,BOYCE RD|柏麗園,布思道",9001.453788431367,1650,1492,"{'bay_window': '', 'flat_roof': '', 'roof': '', 'ac_platform': '', 'plant_room': '', 'garden': '', 'yard': ''}",8.18,7.631699999999999,5483,5115.080428954422,8545523,808658,ASP,HJL,渣甸山,1974/12,1974,52,B,17.0,blank,blank,blank,,True,POINT Z (22.270329 114.1956517 0),22.270329,114.1956517
296,2002-03-28,"BUTLER TOWER,BOYCE RD|柏麗園,布思道",9275.387732664403,1650,1420,"{'bay_window': '', 'flat_roof': '', 'roof': '', 'ac_platform': '', 'plant_room': '', 'garden': '', 'yard': ''}",8.0,7.4366,5634,5237.042253521126,8659520,889231,ASP,HJL,渣甸山,1974/12,1974,52,E,11.0,blank,blank,blank,,True,POINT Z (22.270329 114.1956517 0),22.270329,114.1956517
297,2002-07-03,"BUTLER TOWER,BOYCE RD|柏麗園,布思道",8558.77358138129,1650,1492,"{'bay_window': '', 'flat_roof': '', 'roof': '', 'ac_platform': '', 'plant_room': '', 'garden': '', 'yard': ''}",7.6,7.090599999999999,5094,4752.412868632707,8729762,944835,ASP,HJL,渣甸山,1974/12,1974,52,B,7.0,blank,blank,blank,,True,POINT Z (22.270329 114.1956517 0),22.270329,114.1956517
298,2002-11-06,"BUTLER TOWER,BOYCE RD|柏麗園,布思道",9826.251494558644,1650,1492,"{'bay_window': '', 'flat_roof': '', 'roof': '', 'ac_platform': '', 'plant_room': '', 'garden': '', 'yard': ''}",7.98,7.4451,5349,4990.013404825737,8822976,1016945,ASP,HJL,渣甸山,1974/12,1974,52,C,14.0,blank,blank,blank,,True,POINT Z (22.270329 114.1956517 0),22.270329,114.1956517
299,2003-05-10,"BUTLER TOWER,BOYCE RD|柏麗園,布思道",10213.91837463956,1650,1420,"{'bay_window': '', 'flat_roof': '', 'roof': '', 'ac_platform': '', 'plant_room': '', 'garden': '', 'yard': ''}",7.65,7.1113,5387,5007.957746478874,8943214,1108549,PRO-ASP,HJL,渣甸山,1974/12,1974,52,E,16.0,blank,blank,blank,,True,POINT Z (22.270329 114.1956517 0),22.270329,114.1956517
300,2003-08-12,"BUTLER TOWER,BOYCE RD|柏麗園,布思道",9192.84756122517,1650,1492,"{'bay_window': '', 'flat_roof': '', 'roof': '', 'ac_platform': '', 'plant_room': '', 'garden': '', 'yard': ''}",7.1,6.624099999999999,4759,4439.745308310991,8990043,1146040,ASP,HJL,渣甸山,1974/12,1974,52,B,13.0,blank,blank,blank,,True,POINT Z (22.270329 114.1956517 0),22.270329,114.1956517
301,2003-09-06,"BUTLER TOWER,BOYCE RD|柏麗園,布思道",8586.256176929028,1650,1492,"{'bay_window': '', 'flat_roof': '', 'roof': '', 'ac_platform': '', 'plant_room': '', 'garden': '', 'yard': ''}",7.0,6.5308,4692,4377.211796246649,9014891,1169482,ASP,HJL,渣甸山,1974/12,1974,52,C,15.0,blank,blank,blank,,True,POINT Z (22.270329 114.1956517 0),22.270329,114.1956517
302,2003-10-21,"BUTLER TOWER,BOYCE RD|柏麗園,布思道",9357.520351999696,1650,1420,"{'bay_window': '', 'flat_roof': '', 'roof': '', 'ac_platform': '', 'plant_room': '', 'garden': '', 'yard': ''}",7.65,7.1113,5387,5007.957746478874,9046120,1195873,ASP,HJL,渣甸山,1974/12,1974,52,A,5.0,blank,blank,blank,,True,POINT Z (22.270329 114.1956517 0),22.270329,114.1956517
303,2003-11-07,"BUTLER TOWER,BOYCE RD|柏麗園,布思道",8890.852333421699,1650,1492,"{'bay_window': '', 'flat_roof': '', 'roof': '', 'ac_platform': '', 'plant_room': '', 'garden': '', 'yard': ''}",7.758,7.237999999999999,5200,4851.206434316353,9063294,1208748,ASP,HJL,渣甸山,1974/12,1974,52,B,12.0,blank,blank,blank,,True,POINT Z (22.270329 114.1956517 0),22.270329,114.1956517
304,2003-12-27,"BUTLER TOWER,BOYCE RD|柏麗園,布思道",10404.92626794935,1650,1420,"{'bay_window': '', 'flat_roof': '', 'roof': '', 'ac_platform': '', 'plant_room': '', 'garden': '', 'yard': ''}",8.86,8.236099999999999,6239,5800.070422535211,9104028,1243541,PRO-ASP,HJL,渣甸山,1974/12,1974,52,E,18.0,blank,blank,blank,,True,POINT Z (22.270329 114.1956517 0),22.270329,114.1956517
305,2004-03-01,"BUTLER TOWER,BOYCE RD|柏麗園,布思道",9657.183573683966,1650,1420,"{'bay_window': '', 'flat_roof': '', 'roof': '', 'ac_platform': '', 'plant_room': '', 'garden': '', 'yard': ''}",9.55,8.877500000000001,6725,6251.760563380283,9165800,1291246,ASP,HJL,渣甸山,1974/12,1974,52,E,14.0,blank,blank,blank,,True,POINT Z (22.270329 114.1956517 0),22.270329,114.1956517
306,2004-08-13,"BUTLER TOWER,BOYCE RD|柏麗園,布思道",8918.67660841136,1650,1455,"{'bay_window': '', 'flat_roof': '762', 'roof': '', 'ac_platform': '', 'plant_room': '', 'garden': '', 'yard': ''}",10.6,9.8715,7285,6784.5360824742265,9308282,1401665,ASP,HJL,渣甸山,1974/12,1974,52,E,2.0,blank,blank,blank,,True,POINT Z (22.270329 114.1956517 0),22.270329,114.1956517
307,2004-08-28,"BUTLER TOWER,BOYCE RD|柏麗園,布思道",8532.56630026331,1650,1492,"{'bay_window': '', 'flat_roof': '', 'roof': '', 'ac_platform': '', 'plant_room': '', 'garden': '', 'yard': ''}",10.38,9.6843,6957,6490.817694369973,9341320,1424324,PRO-ASP,HJL,渣甸山,1974/12,1974,52,C,13.0,blank,blank,blank,,True,POINT Z (22.270329 114.1956517 0),22.270329,114.1956517
308,2005-02-18,"BUTLER TOWER,BOYCE RD|柏麗園,布思道",10070.735690375624,1650,1492,"{'bay_window': '', 'flat_roof': '', 'roof': '', 'ac_platform': '', 'plant_room': '', 'garden': '', 'yard': ''}",12.38,11.5502,8298,7741.42091152815,5022302530020,1540930,ASP,HJL,渣甸山,1974/12,1974,52,C,6.0,blank,blank,blank,,True,POINT Z (22.270329 114.1956517 0),22.270329,114.1956517
309,2005-03-30,"BUTLER TOWER,BOYCE RD|柏麗園,布思道",10757.61492504766,1650,1492,"{'bay_window': '', 'flat_roof': '', 'roof': '', 'ac_platform': '', 'plant_room': '', 'garden': '', 'yard': ''}",12.7,11.8488,8512,7941.554959785522,5042102460018,1588736,ASP,HJL,渣甸山,1974/12,1974,52,B,4.0,blank,blank,blank,,True,POINT Z (22.270329 114.1956517 0),22.270329,114.1956517
310,2005-06-20,"BUTLER TOWER,BOYCE RD|柏麗園,布思道",10728.53529133159,1650,1492,"{'bay_window': '', 'flat_roof': '', 'roof': '', 'ac_platform': '', 'plant_room': '', 'garden': '', 'yard': ''}",12.98,12.11,8700,8116.6219839142095,5071601980065,1678804,ASP,HJL,渣甸山,1974/12,1974,52,C,7.0,blank,blank,blank,,True,POINT Z (22.270329 114.1956517 0),22.270329,114.1956517
311,2005-07-12,"BUTLER TOWER,BOYCE RD|柏麗園,布思道",11495.950213142023,1650,1492,"{'bay_window': '', 'flat_roof': '', 'roof': '', 'ac_platform': '', 'plant_room': '', 'garden': '', 'yard': ''}",13.43,12.5299,9001,8398.056300268097,5073001730070,1690728,ASP,HJL,渣甸山,1974/12,1974,52,D,11.0,blank,blank,blank,,True,POINT Z (22.270329 114.1956517 0),22.270329,114.1956517
312,2005-11-02,"BUTLER TOWER,BOYCE RD|柏麗園,布思道",12014.959925099049,1650,1492,"{'bay_window': '', 'flat_roof': '1010', 'roof': '', 'ac_platform': '', 'plant_room': '', 'garden': '', 'yard': ''}",14.18,13.2296,9504,8867.024128686327,5113001790019,1776523,PRO-ASP,HJL,渣甸山,1974/12,1974,52,B,2.0,blank,blank,blank,,True,POINT Z (22.270329 114.1956517 0),22.270329,114.1956517
313,2006-01-07,"BUTLER TOWER,BOYCE RD|柏麗園,布思道",11552.06894973091,1650,1492,"{'bay_window': '', 'flat_roof': '', 'roof': '', 'ac_platform': '', 'plant_room': '', 'garden': '', 'yard': ''}",13.68,12.7631,9169,8554.356568364612,6012000360017,1806127,ASP,HJL,渣甸山,1974/12,1974,52,B,13.0,blank,blank,blank,,True,POINT Z (22.270329 114.1956517 0),22.270329,114.1956517
314,2006-01-16,"BUTLER TOWER,BOYCE RD|柏麗園,布思道",10640.075415734556,1650,1492,"{'bay_window': '', 'flat_roof': '', 'roof': '', 'ac_platform': '', 'plant_room': '', 'garden': '', 'yard': ''}",12.6,11.7555,8445,7879.021447721179,6020101030015,1810509,ASP,HJL,渣甸山,1974/12,1974,52,C,18.0,blank,blank,blank,,True,POINT Z (22.270329 114.1956517 0),22.270329,114.1956517
315,2006-02-06,"BUTLER TOWER,BOYCE RD|柏麗園,布思道",11688.427238189612,1650,1420,"{'bay_window': '', 'flat_roof': '', 'roof': '', 'ac_platform': '', 'plant_room': '', 'garden': '', 'yard': ''}",13.45,12.5028,9472,8804.788732394367,6021701260055,1821093,ASP,HJL,渣甸山,1974/12,1974,52,A,7.0,blank,blank,blank,,True,POINT Z (22.270329 114.1956517 0),22.270329,114.1956517
316,2006-06-19,"BUTLER TOWER,BOYCE RD|柏麗園,布思道",11198.309363863988,1650,1420,"{'bay_window': '', 'flat_roof': '', 'roof': '', 'ac_platform': '', 'plant_room': '', 'garden': '', 'yard': ''}",13.1,12.1775,9225,8575.704225352112,6062200220020,1904214,ASP,HJL,渣甸山,1974/12,1974,52,E,7.0,blank,blank,blank,,True,POINT Z (22.270329 114.1956517 0),22.270329,114.1956517
317,2006-08-03,"BUTLER TOWER,BOYCE RD|柏麗園,布思道",10544.192991085516,1650,1470,"{'bay_window': '', 'flat_roof': '', 'roof': '', 'ac_platform': '', 'plant_room': '', 'garden': '', 'yard': ''}",12.7,11.8361,8639,8051.768707482993,6081101150029,1938315,ASP,HJL,渣甸山,1974/12,1974,52,F,6.0,blank,blank,blank,,True,POINT Z (22.270329 114.1956517 0),22.270329,114.1956517
318,2006-08-10,"BUTLER TOWER,BOYCE RD|柏麗園,布思道",11898.92093067847,1650,1420,"{'bay_window': '', 'flat_roof': '', 'roof': '', 'ac_platform': '', 'plant_room': '', 'garden': '', 'yard': ''}",13.88,12.9025,9775,9086.267605633802,6081900970030,1944637,ASP,HJL,渣甸山,1974/12,1974,52,A,12.0,blank,blank,blank,,True,POINT Z (22.270329 114.1956517 0),22.270329,114.1956517
319,2007-02-05,"BUTLER TOWER,BOYCE RD|柏麗園,布思道",12698.23951137985,1650,1420,"{'bay_window': '', 'flat_roof': '', 'roof': '', 'ac_platform': '', 'plant_room': '', 'garden': '', 'yard': ''}",15.3,14.2225,10775,10015.845070422536,7020901510019,2062652,ASP,HJL,渣甸山,1974/12,1974,52,E,13.0,blank,blank,blank,,True,POINT Z (22.270329 114.1956517 0),22.270329,114.1956517
320,2007-02-05,"BUTLER TOWER,BOYCE RD|柏麗園,布思道",11146.575880764976,1650,1492,"{'bay_window': '', 'flat_roof': '', 'roof': '', 'ac_platform': '', 'plant_room': '', 'garden': '', 'yard': ''}",14.06,13.1176,9424,8791.957104557641,7021400360043,2066033,ASP,HJL,渣甸山,1974/12,1974,52,B,6.0,blank,blank,blank,,True,POINT Z (22.270329 114.1956517 0),22.270329,114.1956517
321,2007-04-09,"BUTLER TOWER,BOYCE RD|柏麗園,布思道",12517.860376316905,1650,1420,"{'bay_window': '', 'flat_roof': '', 'roof': '', 'ac_platform': '', 'plant_room': '', 'garden': '', 'yard': ''}",15.5,14.4085,10915,10146.830985915492,7050902600011,2126307,PRO-ASP,HJL,渣甸山,1974/12,1974,52,E,11.0,blank,blank,blank,,True,POINT Z (22.270329 114.1956517 0),22.270329,114.1956517
322,2007-04-19,"BUTLER TOWER,BOYCE RD|柏麗園,布思道",11556.165303432055,1650,1492,"{'bay_window': '', 'flat_roof': '', 'roof': '', 'ac_platform': '', 'plant_room': '', 'garden': '', 'yard': ''}",14.98,13.976,10040,9367.292225201072,7051700090018,2133813,PRO-ASP,HJL,渣甸山,1974/12,1974,52,D,5.0,blank,blank,blank,,True,POINT Z (22.270329 114.1956517 0),22.270329,114.1956517
323,2007-06-12,"BUTLER TOWER,BOYCE RD|柏麗園,布思道",12588.041600497325,1650,1420,"{'bay_window': '', 'flat_roof': '', 'roof': '', 'ac_platform': '', 'plant_room': '', 'garden': '', 'yard': ''}",16.0,14.8732,11268,10474.084507042253,7071002070012,2184560,ASP,HJL,渣甸山,1974/12,1974,52,E,6.0,blank,blank,blank,,True,POINT Z (22.270329 114.1956517 0),22.270329,114.1956517
324,2007-08-11,"BUTLER TOWER,BOYCE RD|柏麗園,布思道",12315.409811043268,1650,1492,"{'bay_window': '', 'flat_roof': '', 'roof': '', 'ac_platform': '', 'plant_room': '', 'garden': '', 'yard': ''}",16.7,15.5807,11193,10442.828418230563,7090400480028,2237026,ASP,HJL,渣甸山,1974/12,1974,52,C,6.0,blank,blank,blank,,True,POINT Z (22.270329 114.1956517 0),22.270329,114.1956517
325,2007-10-17,"BUTLER TOWER,BOYCE RD|柏麗園,布思道",11908.578923149924,1650,1492,"{'bay_window': '', 'flat_roof': '', 'roof': '', 'ac_platform': '', 'plant_room': '', 'garden': '', 'yard': ''}",17.18,16.0285,11515,10742.962466487936,7102500500015,2281137,ASP,HJL,渣甸山,1974/12,1974,52,D,6.0,blank,blank,blank,,True,POINT Z (22.270329 114.1956517 0),22.270329,114.1956517
326,2007-10-22,"BUTLER TOWER,BOYCE RD|柏麗園,布思道",11194.665987612923,1650,1492,"{'bay_window': '', 'flat_roof': '', 'roof': '', 'ac_platform': '', 'plant_room': '', 'garden': '', 'yard': ''}",16.15,15.0676,10824,10098.92761394102,7111900320046,2307079,PRO-ASP,HJL,渣甸山,1974/12,1974,52,D,3.0,blank,blank,blank,,True,POINT Z (22.270329 114.1956517 0),22.270329,114.1956517
327,2007-11-26,"BUTLER TOWER,BOYCE RD|柏麗園,布思道",13106.862210879788,1650,1492,"{'bay_window': '', 'flat_roof': '', 'roof': '', 'ac_platform': '', 'plant_room': '', 'garden': '', 'yard': ''}",19.9,18.5662,13338,12443.833780160858,7120300430638,2324313,ASP,HJL,渣甸山,1974/12,1974,52,D,19.0,blank,blank,blank,,True,POINT Z (22.270329 114.1956517 0),22.270329,114.1956517
328,2008-01-11,"BUTLER TOWER,BOYCE RD|柏麗園,布思道",12833.995163142805,1650,1470,"{'bay_window': '', 'flat_roof': '', 'roof': '', 'ac_platform': '', 'plant_room': '', 'garden': '', 'yard': ''}",20.88,19.4596,14204,13237.8231292517,8011600660025,2376066,ASP,HJL,渣甸山,1974/12,1974,52,F,9.0,blank,blank,blank,,True,POINT Z (22.270329 114.1956517 0),22.270329,114.1956517
329,2008-04-18,"BUTLER TOWER,BOYCE RD|柏麗園,布思道",13340.570425099237,1650,1470,"{'bay_window': '', 'flat_roof': '', 'roof': '', 'ac_platform': '', 'plant_room': '', 'garden': '', 'yard': ''}",21.83,20.345,14850,13840.13605442177,8051402920291,2502681,ASP,HJL,渣甸山,1974/12,1974,52,F,15.0,blank,blank,blank,,True,POINT Z (22.270329 114.1956517 0),22.270329,114.1956517
330,2008-08-29,"BUTLER TOWER,BOYCE RD|柏麗園,布思道",12514.66425508982,1650,1492,"{'bay_window': '', 'flat_roof': '', 'roof': '', 'ac_platform': '', 'plant_room': '', 'garden': '', 'yard': ''}",20.13,18.7808,13492,12587.667560321715,8090900600144,2600926,ASP,HJL,渣甸山,1974/12,1974,52,C,14.0,blank,blank,blank,,True,POINT Z (22.270329 114.1956517 0),22.270329,114.1956517
331,2008-11-19,"BUTLER TOWER,BOYCE RD|柏麗園,布思道",12143.30981635189,1650,1492,"{'bay_window': '', 'flat_roof': '1010', 'roof': '', 'ac_platform': '', 'plant_room': '', 'garden': '', 'yard': ''}",16.3,15.2075,10925,10192.694369973193,8120500140017,2646421,ASP,HJL,渣甸山,1974/12,1974,52,B,2.0,blank,blank,blank,,True,POINT Z (22.270329 114.1956517 0),22.270329,114.1956517
332,2008-11-12,"BUTLER TOWER,BOYCE RD|柏麗園,布思道",10951.297132225627,1650,1492,"{'bay_window': '', 'flat_roof': '', 'roof': '', 'ac_platform': '', 'plant_room': '', 'garden': '', 'yard': ''}",14.7,13.7147,9853,9192.1581769437,8121101270121,2648707,PRO-ASP,HJL,渣甸山,1974/12,1974,52,C,4.0,blank,blank,blank,,True,POINT Z (22.270329 114.1956517 0),22.270329,114.1956517
333,2008-12-04,"BUTLER TOWER,BOYCE RD|柏麗園,布思道",11961.925881069026,1650,1474,"{'bay_window': '', 'flat_roof': '', 'roof': '', 'ac_platform': '', 'plant_room': '', 'garden': '', 'yard': ''}",16.08,14.9891,10909,10168.99592944369,8121700830013,2651093,ASP,HJL,渣甸山,1974/12,1974,52,B1,20.0,blank,blank,blank,,True,POINT Z (22.270329 114.1956517 0),22.270329,114.1956517
334,2009-04-20,"BUTLER TOWER,BOYCE RD|柏麗園,布思道",12236.346816965244,1650,1492,"{'bay_window': '', 'flat_roof': '', 'roof': '', 'ac_platform': '', 'plant_room': '', 'garden': '', 'yard': ''}",18.0,16.7936,12064,11255.764075067023,9043002100069,2720894,ASP,HJL,渣甸山,1974/12,1974,52,B,15.0,blank,blank,blank,,True,POINT Z (22.270329 114.1956517 0),22.270329,114.1956517
335,2009-05-05,"BUTLER TOWER,BOYCE RD|柏麗園,布思道",11920.960732176898,1650,1492,"{'bay_window': '', 'flat_roof': '', 'roof': '', 'ac_platform': '', 'plant_room': '', 'garden': '', 'yard': ''}",18.4,17.1668,12332,11505.898123324398,9052500640015,2740270,ASP,HJL,渣甸山,1974/12,1974,52,D,5.0,blank,blank,blank,,True,POINT Z (22.270329 114.1956517 0),22.270329,114.1956517
336,2009-05-23,"BUTLER TOWER,BOYCE RD|柏麗園,布思道",11985.750071850694,1650,1492,"{'bay_window': '', 'flat_roof': '', 'roof': '', 'ac_platform': '', 'plant_room': '', 'garden': '', 'yard': ''}",18.5,17.2601,12399,11568.43163538874,9061801750075,2763091,PRO-ASP,HJL,渣甸山,1974/12,1974,52,D,4.0,blank,blank,blank,,True,POINT Z (22.270329 114.1956517 0),22.270329,114.1956517
337,2009-06-23,"BUTLER TOWER,BOYCE RD|柏麗園,布思道",12146.402948332912,1650,1492,"{'bay_window': '', 'flat_roof': '', 'roof': '', 'ac_platform': '', 'plant_room': '', 'garden': '', 'yard': ''}",19.8,18.4729,13271,12381.300268096516,9062603210014,2772682,ASP,HJL,渣甸山,1974/12,1974,52,B,19.0,blank,blank,blank,,True,POINT Z (22.270329 114.1956517 0),22.270329,114.1956517
338,2009-08-31,"BUTLER TOWER,BOYCE RD|柏麗園,布思道",11823.234207808271,1650,1470,"{'bay_window': '', 'flat_roof': '', 'roof': '', 'ac_platform': '', 'plant_room': '', 'garden': '', 'yard': ''}",19.5,18.1735,13265,12362.925170068029,9090301980010,2844224,ASP,HJL,渣甸山,1974/12,1974,52,F,5.0,blank,blank,blank,,True,POINT Z (22.270329 114.1956517 0),22.270329,114.1956517
339,2009-08-26,"BUTLER TOWER,BOYCE RD|柏麗園,布思道",14430.415603125171,1650,1470,"{'bay_window': '', 'flat_roof': '', 'roof': '', 'ac_platform': '', 'plant_room': '', 'garden': '', 'yard': ''}",23.8,22.181,16190,15089.115646258504,9091402670330,2854103,PRO-ASP,HJL,渣甸山,1974/12,1974,52,F,9.0,blank,blank,blank,,True,POINT Z (22.270329 114.1956517 0),22.270329,114.1956517
340,2009-09-09,"BUTLER TOWER,BOYCE RD|柏麗園,布思道",14849.871489156243,0,1432,"{'bay_window': '', 'flat_roof': '', 'roof': '', 'ac_platform': '', 'plant_room': '', 'garden': '', 'yard': ''}",24.68,22.9565,17235,16031.075418994413,9092302120010,2865039,ASP,HJL,渣甸山,1974/12,1974,52,C2,20.0,blank,blank,blank,,True,POINT Z (22.270329 114.1956517 0),22.270329,114.1956517
341,2009-09-17,"BUTLER TOWER,BOYCE RD|柏麗園,布思道",14191.475222112933,1650,1492,"{'bay_window': '', 'flat_roof': '', 'roof': '', 'ac_platform': '', 'plant_room': '', 'garden': '', 'yard': ''}",24.5,22.8579,16421,15320.308310991955,9100900760013,2880363,ASP,HJL,渣甸山,1974/12,1974,52,C,12.0,blank,blank,blank,,True,POINT Z (22.270329 114.1956517 0),22.270329,114.1956517
342,2010-01-25,"BUTLER TOWER,BOYCE RD|柏麗園,布思道",13518.12971841791,1650,1470,"{'bay_window': '', 'flat_roof': '', 'roof': '', 'ac_platform': '', 'plant_room': '', 'garden': '', 'yard': ''}",23.8,22.181,16190,15089.115646258504,10020500370060,2995167,ASP,HJL,渣甸山,1974/12,1974,52,F,11.0,blank,blank,blank,,True,POINT Z (22.270329 114.1956517 0),22.270329,114.1956517
343,2010-01-23,"BUTLER TOWER,BOYCE RD|柏麗園,布思道",13658.060563434376,1650,1492,"{'bay_window': '', 'flat_roof': '', 'roof': '', 'ac_platform': '', 'plant_room': '', 'garden': '', 'yard': ''}",24.38,22.746,16340,15245.308310991955,10021701090057,3004115,PRO-ASP,HJL,渣甸山,1974/12,1974,52,B,19.0,blank,blank,blank,,True,POINT Z (22.270329 114.1956517 0),22.270329,114.1956517
344,2010-01-20,"BUTLER TOWER,BOYCE RD|柏麗園,布思道",11865.32752825502,1650,1492,"{'bay_window': '', 'flat_roof': '', 'roof': '', 'ac_platform': '', 'plant_room': '', 'garden': '', 'yard': ''}",21.18,19.7604,14196,13244.235924932977,10021801430093,3005272,ASP,HJL,渣甸山,1974/12,1974,52,C,4.0,blank,blank,blank,,True,POINT Z (22.270329 114.1956517 0),22.270329,114.1956517
345,2010-06-09,"BUTLER TOWER,BOYCE RD|柏麗園,布思道",12060.696193333206,1650,1470,"{'bay_window': '', 'flat_roof': '', 'roof': '', 'ac_platform': '', 'plant_room': '', 'garden': '', 'yard': ''}",22.5,20.9694,15306,14264.897959183674,10070800690037,3146070,PRO-ASP,HJL,渣甸山,1974/12,1974,52,F,6.0,blank,blank,blank,,True,POINT Z (22.270329 114.1956517 0),22.270329,114.1956517
346,2010-06-30,"BUTLER TOWER,BOYCE RD|柏麗園,布思道",14909.191144698903,1650,1492,"{'bay_window': '', 'flat_roof': '1010', 'roof': '', 'ac_platform': '', 'plant_room': '', 'garden': '', 'yard': ''}",28.2,26.3099,18901,17633.98123324397,10071402660042,3152462,ASP,HJL,渣甸山,1974/12,1974,52,B,2.0,blank,blank,blank,,True,POINT Z (22.270329 114.1956517 0),22.270329,114.1956517
347,2011-03-18,"BUTLER TOWER,BOYCE RD|柏麗園,布思道",16229.926732340558,0,1432,"{'bay_window': '', 'flat_roof': '', 'roof': '', 'ac_platform': '', 'plant_room': '', 'garden': '', 'yard': ''}",36.3,33.7651,25349,23578.980446927373,11032801440027,3429106,ASP,HJL,渣甸山,1974/12,1974,52,C2,20.0,blank,blank,blank,,True,POINT Z (22.270329 114.1956517 0),22.270329,114.1956517
348,2011-05-07,"BUTLER TOWER,BOYCE RD|柏麗園,布思道",11565.179424527018,1650,1492,"{'bay_window': '', 'flat_roof': '', 'roof': '', 'ac_platform': '', 'plant_room': '', 'garden': '', 'yard': ''}",28.0,26.1233,18767,17508.914209115283,11052402800022,3484637,ASP,HJL,渣甸山,1974/12,1974,52,B,4.0,blank,blank,blank,,True,POINT Z (22.270329 114.1956517 0),22.270329,114.1956517
349,2012-03-13,"BUTLER TOWER,BOYCE RD|柏麗園,布思道",12245.361536956529,1650,1455,"{'bay_window': '', 'flat_roof': '762', 'roof': '', 'ac_platform': '', 'plant_room': '', 'garden': '', 'yard': ''}",29.0,27.0069,19931,18561.443298969072,12032202240058,3672490,ASP,HJL,渣甸山,1974/12,1974,52,E,2.0,blank,blank,blank,,True,POINT Z (22.270329 114.1956517 0),22.270329,114.1956517
350,2012-05-08,"BUTLER TOWER,BOYCE RD|柏麗園,布思道",13070.743654335556,1650,1420,"{'bay_window': '', 'flat_roof': '', 'roof': '', 'ac_platform': '', 'plant_room': '', 'garden': '', 'yard': ''}",31.8,29.5606,22394,20817.323943661973,12060701670011,3732131,PRO-ASP,HJL,渣甸山,1974/12,1974,52,E,16.0,blank,blank,blank,,True,POINT Z (22.270329 114.1956517 0),22.270329,114.1956517
351,2012-08-06,"BUTLER TOWER,BOYCE RD|柏麗園,布思道",12086.15222556384,1650,1470,"{'bay_window': '', 'flat_roof': '', 'roof': '', 'ac_platform': '', 'plant_room': '', 'garden': '', 'yard': ''}",31.0,28.8912,21088,19653.877551020407,12082302120090,3786215,ASP,HJL,渣甸山,1974/12,1974,52,F,17.0,blank,blank,blank,,True,POINT Z (22.270329 114.1956517 0),22.270329,114.1956517
352,2013-04-11,"BUTLER TOWER,BOYCE RD|柏麗園,布思道",9560.60096122876,1650,1470,"{'bay_window': '', 'flat_roof': '', 'roof': '', 'ac_platform': '', 'plant_room': '', 'garden': '', 'yard': ''}",27.7,25.8156,18844,17561.632653061224,13050801310015,3976371,PRE-ASP,HJL,渣甸山,1974/12,1974,52,F,3.0,blank,blank,blank,,True,POINT Z (22.270329 114.1956517 0),22.270329,114.1956517
353,2014-09-15,"BUTLER TOWER,BOYCE RD|柏麗園,布思道",10149.582233603003,1650,1492,"{'bay_window': '', 'flat_roof': '', 'roof': '', 'ac_platform': '', 'plant_room': '', 'garden': '', 'yard': ''}",31.5,29.3887,21113,19697.520107238604,14092500910117,4210638,ASP,HJL,渣甸山,1974/12,1974,52,C,6.0,blank,blank,blank,,True,POINT Z (22.270329 114.1956517 0),22.270329,114.1956517
354,2015-02-13,"BUTLER TOWER,BOYCE RD|柏麗園,布思道",10950.81096060562,1650,1492,"{'bay_window': '', 'flat_roof': '', 'roof': '', 'ac_platform': '', 'plant_room': '', 'garden': '', 'yard': ''}",35.8,33.400499999999994,23995,22386.39410187667,15031300720012,4315072,PRO-ASP,HJL,渣甸山,1974/12,1974,52,C,11.0,blank,blank,blank,,True,POINT Z (22.270329 114.1956517 0),22.270329,114.1956517
355,2015-03-07,"BUTLER TOWER,BOYCE RD|柏麗園,布思道",10451.85463868591,1650,1492,"{'bay_window': '', 'flat_roof': '', 'roof': '', 'ac_platform': '', 'plant_room': '', 'garden': '', 'yard': ''}",34.5,32.1877,23123,21573.5254691689,15033100640012,4324459,PRO-ASP,HJL,渣甸山,1974/12,1974,52,B,13.0,blank,blank,blank,,True,POINT Z (22.270329 114.1956517 0),22.270329,114.1956517
356,2016-01-26,"BUTLER TOWER,BOYCE RD|柏麗園,布思道",10595.017445158092,1650,1470,"{'bay_window': '', 'flat_roof': '', 'roof': '', 'ac_platform': '', 'plant_room': '', 'garden': '', 'yard': ''}",33.33,31.0627,22673,21131.08843537415,16022301560258,4477875,ASP,HJL,渣甸山,1974/12,1974,52,F,8.0,blank,blank,blank,,True,POINT Z (22.270329 114.1956517 0),22.270329,114.1956517
357,2016-02-15,"BUTLER TOWER,BOYCE RD|柏麗園,布思道",11451.86352129765,1650,1470,"{'bay_window': '', 'flat_roof': '', 'roof': '', 'ac_platform': '', 'plant_room': '', 'garden': '', 'yard': ''}",34.8,32.4327,23673,22063.061224489797,16022501630079,4478757,ASP,HJL,渣甸山,1974/12,1974,52,F,11.0,blank,blank,blank,,True,POINT Z (22.270329 114.1956517 0),22.270329,114.1956517
358,2016-05-26,"BUTLER TOWER,BOYCE RD|柏麗園,布思道",9630.145292941215,1650,1420,"{'bay_window': '', 'flat_roof': '', 'roof': '', 'ac_platform': '', 'plant_room': '', 'garden': '', 'yard': ''}",28.6,26.5859,20141,18722.464788732395,16061601130128,4520586,ASP,HJL,渣甸山,1974/12,1974,52,E,5.0,blank,blank,blank,,True,POINT Z (22.270329 114.1956517 0),22.270329,114.1956517
359,2016-10-11,"BUTLER TOWER,BOYCE RD|柏麗園,布思道",11373.308733330616,1650,1492,"{'bay_window': '', 'flat_roof': '', 'roof': '', 'ac_platform': '', 'plant_room': '', 'garden': '', 'yard': ''}",38.8,36.1995,26005,24262.39946380697,16102701680086,4586761,PRE-ASP,HJL,渣甸山,1974/12,1974,52,D,19.0,blank,blank,blank,,True,POINT Z (22.270329 114.1956517 0),22.270329,114.1956517
360,2016-10-24,"BUTLER TOWER,BOYCE RD|柏麗園,布思道",10699.100989829898,1650,1492,"{'bay_window': '', 'flat_roof': '', 'roof': '', 'ac_platform': '', 'plant_room': '', 'garden': '', 'yard': ''}",36.5,34.0536,24464,22824.12868632708,16110900750039,4594020,ASP,HJL,渣甸山,1974/12,1974,52,D,12.0,blank,blank,blank,,True,POINT Z (22.270329 114.1956517 0),22.270329,114.1956517
361,2017-02-03,"BUTLER TOWER,BOYCE RD|柏麗園,布思道",10825.537540817926,1650,1492,"{'bay_window': '', 'flat_roof': '', 'roof': '', 'ac_platform': '', 'plant_room': '', 'garden': '', 'yard': ''}",36.8,34.3335,24665,23011.72922252011,17022000570026,4651697,PRO-ASP,HJL,渣甸山,1974/12,1974,52,C,7.0,blank,blank,blank,,True,POINT Z (22.270329 114.1956517 0),22.270329,114.1956517
362,2017-05-04,"BUTLER TOWER,BOYCE RD|柏麗園,布思道",8918.043346842349,1650,1492,"{'bay_window': '', 'flat_roof': '', 'roof': '', 'ac_platform': '', 'plant_room': '', 'garden': '', 'yard': ''}",32.0,29.8552,21448,20010.187667560323,17050802490032,4695280,ASP,HJL,渣甸山,1974/12,1974,52,B,4.0,blank,blank,blank,,True,POINT Z (22.270329 114.1956517 0),22.270329,114.1956517
363,2020-06-04,"BUTLER TOWER,BOYCE RD|柏麗園,布思道",8579.313880288557,1650,1492,"{'bay_window': '', 'flat_roof': '', 'roof': '', 'ac_platform': '', 'plant_room': '', 'garden': '', 'yard': ''}",32.5,32.5,21783,21782.8418230563,20062200920027,5727663,ASP,HJL,渣甸山,1974/12,1974,52,C,3.0,blank,blank,blank,,False,POINT Z (22.270329 114.1956517 0),22.270329,114.1956517
364,2020-06-30,"BUTLER TOWER,BOYCE RD|柏麗園,布思道",10181.324537034852,1650,1470,"{'bay_window': '', 'flat_roof': '', 'roof': '', 'ac_platform': '', 'plant_room': '', 'garden': '', 'yard': ''}",38.0,38.0,25850,25850.340136054423,20072400180011,5745405,PRE-ASP,HJL,渣甸山,1974/12,1974,52,F,5.0,blank,blank,blank,,False,POINT Z (22.270329 114.1956517 0),22.270329,114.1956517
365,2020-10-05,"BUTLER TOWER,BOYCE RD|柏麗園,布思道",8847.203712014163,1650,1455,"{'bay_window': '', 'flat_roof': '762', 'roof': '', 'ac_platform': '', 'plant_room': '', 'garden': '', 'yard': ''}",32.5,32.5,22337,22336.769759450173,20100902160018,5787678,ASP,HJL,渣甸山,1974/12,1974,52,E,2.0,blank,blank,blank,,False,POINT Z (22.270329 114.1956517 0),22.270329,114.1956517
366,2020-10-19,"BUTLER TOWER,BOYCE RD|柏麗園,布思道",10985.183674419004,1650,1492,"{'bay_window': '', 'flat_roof': '', 'roof': '', 'ac_platform': '', 'plant_room': '', 'garden': '', 'yard': ''}",41.38,41.38,27735,27734.584450402144,20103001300134,5798055,ASP,HJL,渣甸山,1974/12,1974,52,C,12.0,blank,blank,blank,,False,POINT Z (22.270329 114.1956517 0),22.270329,114.1956517
367,2020-10-08,"BUTLER TOWER,BOYCE RD|柏麗園,布思道",10778.116413277226,1650,1492,"{'bay_window': '', 'flat_roof': '', 'roof': '', 'ac_platform': '', 'plant_room': '', 'garden': '', 'yard': ''}",40.6,40.6,27212,27211.796246648795,20110501390057,5800796,ASP,HJL,渣甸山,1974/12,1974,52,D,12.0,blank,blank,blank,,False,POINT Z (22.270329 114.1956517 0),22.270329,114.1956517
368,2021-07-05,"BUTLER TOWER,BOYCE RD|柏麗園,布思道",11246.342325534291,1650,1420,"{'bay_window': '', 'flat_roof': '', 'roof': '', 'ac_platform': '', 'plant_room': '', 'garden': '', 'yard': ''}",41.68,41.68,29352,29352.11267605634,21080300420024,5970207,ASP,HJL,渣甸山,1974/12,1974,52,A,12.0,blank,blank,blank,,False,POINT Z (22.270329 114.1956517 0),22.270329,114.1956517
369,2021-07-22,"BUTLER TOWER,BOYCE RD|柏麗園,布思道",10395.457652255278,1650,1492,"{'bay_window': '', 'flat_roof': '', 'roof': '', 'ac_platform': '', 'plant_room': '', 'garden': '', 'yard': ''}",40.48,40.48,27131,27131.3672922252,21082300510019,5983690,PRE-ASP,HJL,渣甸山,1974/12,1974,52,D,4.0,blank,blank,blank,,False,POINT Z (22.270329 114.1956517 0),22.270329,114.1956517
370,2021-08-04,"BUTLER TOWER,BOYCE RD|柏麗園,布思道",10305.46496581834,1650,1492,"{'bay_window': '', 'flat_roof': '', 'roof': '', 'ac_platform': '', 'plant_room': '', 'garden': '', 'yard': ''}",39.68,39.68,26595,26595.174262734585,21082600870018,5986509,ASP,HJL,渣甸山,1974/12,1974,52,C,4.0,blank,blank,blank,,False,POINT Z (22.270329 114.1956517 0),22.270329,114.1956517
371,2021-08-23,"BUTLER TOWER,BOYCE RD|柏麗園,布思道",11182.743422990605,1650,1420,"{'bay_window': '', 'flat_roof': '', 'roof': '', 'ac_platform': '', 'plant_room': '', 'garden': '', 'yard': ''}",40.98,40.98,28859,28859.154929577464,21090901610097,5995306,ASP,HJL,渣甸山,1974/12,1974,52,E,8.0,blank,blank,blank,,False,POINT Z (22.270329 114.1956517 0),22.270329,114.1956517
372,2021-09-16,"BUTLER TOWER,BOYCE RD|柏麗園,布思道",10792.457897908494,1650,1470,"{'bay_window': '', 'flat_roof': '', 'roof': '', 'ac_platform': '', 'plant_room': '', 'garden': '', 'yard': ''}",41.28,41.28,28082,28081.632653061224,21101502200016,6018469,ASP,HJL,渣甸山,1974/12,1974,52,F,6.0,blank,blank,blank,,False,POINT Z (22.270329 114.1956517 0),22.270329,114.1956517
373,2022-05-26,"BUTLER TOWER,BOYCE RD|柏麗園,布思道",9057.203425183388,1650,1420,"{'bay_window': '', 'flat_roof': '', 'roof': '', 'ac_platform': '', 'plant_room': '', 'garden': '', 'yard': ''}",32.0,32.0,22535,22535.211267605635,22061001930017,6138192,ASP,HJL,渣甸山,1974/12,1974,52,E,16.0,blank,blank,blank,,False,POINT Z (22.270329 114.1956517 0),22.270329,114.1956517
374,2022-06-16,"BUTLER TOWER,BOYCE RD|柏麗園,布思道",11564.664164056458,1650,1492,"{'bay_window': '', 'flat_roof': '', 'roof': '', 'ac_platform': '', 'plant_room': '', 'garden': '', 'yard': ''}",42.8,42.8,28686,28686.32707774799,22070700840050,6149380,PRO-ASP,HJL,渣甸山,1974/12,1974,52,D,11.0,blank,blank,blank,,False,POINT Z (22.270329 114.1956517 0),22.270329,114.1956517
375,2023-08-30,"BUTLER TOWER,BOYCE RD|柏麗園,布思道",11950.749652843091,1650,1492,"{'bay_window': '', 'flat_roof': '1010', 'roof': '', 'ac_platform': '', 'plant_room': '', 'garden': '', 'yard': ''}",38.0,38.0,25469,25469.16890080429,23091801050261,6340858,ASP,HJL,渣甸山,1974/12,1974,52,B,2.0,blank,blank,blank,,False,POINT Z (22.270329 114.1956517 0),22.270329,114.1956517
376,2024-11-04,"BUTLER TOWER,BOYCE RD|柏麗園,布思道",11633.07876087238,1650,1420,"{'bay_window': '', 'flat_roof': '', 'roof': '', 'ac_platform': '', 'plant_room': '', 'garden': '', 'yard': ''}",30.68,30.68,21606,21605.6338028169,24111502370473,6504303,ASP,HJL,渣甸山,1974/12,1974,52,E,16.0,blank,blank,blank,,False,POINT Z (22.270329 114.1956517 0),22.270329,114.1956517
377,1995-11-01,"CAVENDISH HEIGHTS(Block 8),PERKINS RD|嘉雲臺8座,白建時道",7667.389678384443,1620,1337,"{'bay_window': '', 'flat_roof': '', 'roof': '', 'ac_platform': '', 'plant_room': '', 'garden': '', 'yard': ''}",11.08,10.2513,8287,7667.389678384443,6466861,4778494,ASP,HJL,渣甸山,1989/01,1989,37,A,7.0,8,blank,CAVENDISH HEIGHTS,嘉雲臺,True,POINT Z (22.2705778 114.1940727 0),22.2705778,114.1940727
378,1996-01-22,"CAVENDISH HEIGHTS(Block 8),PERKINS RD|嘉雲臺8座,白建時道",7113.76215407629,1620,1337,"{'bay_window': '', 'flat_roof': '', 'roof': '', 'ac_platform': '', 'plant_room': '', 'garden': '', 'yard': ''}",10.28,9.5111,7689,7113.76215407629,6524171,4795820,ASP,HJL,渣甸山,1989/01,1989,37,A,3.0,8,blank,CAVENDISH HEIGHTS,嘉雲臺,True,POINT Z (22.2705778 114.1940727 0),22.2705778,114.1940727
379,1996-03-05,"CAVENDISH HEIGHTS(Block 8),PERKINS RD|嘉雲臺8座,白建時道",9411.219147344802,1620,1337,"{'bay_window': '', 'flat_roof': '', 'roof': '', 'ac_platform': '', 'plant_room': '', 'garden': '', 'yard': ''}",13.6,12.5828,10172,9411.219147344802,6558336,4810507,ASP,HJL,渣甸山,1989/01,1989,37,A,9.0,8,blank,CAVENDISH HEIGHTS,嘉雲臺,True,POINT Z (22.2705778 114.1940727 0),22.2705778,114.1940727
380,1996-02-29,"CAVENDISH HEIGHTS(Block 8),PERKINS RD|嘉雲臺8座,白建時道",9515.033657442034,1620,1337,"{'bay_window': '', 'flat_roof': '', 'roof': '', 'ac_platform': '', 'plant_room': '', 'garden': '', 'yard': ''}",13.75,12.7216,10284,9515.033657442034,6561447,4815787,ASP,HJL,渣甸山,1989/01,1989,37,B,21.0,8,blank,CAVENDISH HEIGHTS,嘉雲臺,True,POINT Z (22.2705778 114.1940727 0),22.2705778,114.1940727
381,1996-04-13,"CAVENDISH HEIGHTS(Block 8),PERKINS RD|嘉雲臺8座,白建時道",8912.939416604338,1620,1337,"{'bay_window': '', 'flat_roof': '', 'roof': '', 'ac_platform': '', 'plant_room': '', 'garden': '', 'yard': ''}",12.88,11.9166,9634,8912.939416604338,6600010,4825903,ASP,HJL,渣甸山,1989/01,1989,37,B,18.0,8,blank,CAVENDISH HEIGHTS,嘉雲臺,True,POINT Z (22.2705778 114.1940727 0),22.2705778,114.1940727
382,1996-06-01,"CAVENDISH HEIGHTS(Block 8),PERKINS RD|嘉雲臺8座,白建時道",8650.037397157816,1620,1337,"{'bay_window': '', 'flat_roof': '', 'roof': '', 'ac_platform': '', 'plant_room': '', 'garden': '', 'yard': ''}",12.5,11.5651,9349,8650.037397157816,6649522,4849433,ASP,HJL,渣甸山,1989/01,1989,37,B,11.0,8,blank,CAVENDISH HEIGHTS,嘉雲臺,True,POINT Z (22.2705778 114.1940727 0),22.2705778,114.1940727
383,1996-10-18,"CAVENDISH HEIGHTS(Block 8),PERKINS RD|嘉雲臺8座,白建時道",9342.034405385191,1620,1337,"{'bay_window': '', 'flat_roof': '', 'roof': '', 'ac_platform': '', 'plant_room': '', 'garden': '', 'yard': ''}",13.5,12.4903,10097,9342.034405385191,6804816,4896105,ASP,HJL,渣甸山,1989/01,1989,37,B,10.0,8,blank,CAVENDISH HEIGHTS,嘉雲臺,True,POINT Z (22.2705778 114.1940727 0),22.2705778,114.1940727
384,1996-11-22,"CAVENDISH HEIGHTS(Block 8),PERKINS RD|嘉雲臺8座,白建時道",11210.39640987285,1620,1337,"{'bay_window': '', 'flat_roof': '', 'roof': '', 'ac_platform': '', 'plant_room': '', 'garden': '', 'yard': ''}",16.2,14.9883,12117,11210.39640987285,6846278,4900661,ASP,HJL,渣甸山,1989/01,1989,37,B,20.0,8,blank,CAVENDISH HEIGHTS,嘉雲臺,True,POINT Z (22.2705778 114.1940727 0),22.2705778,114.1940727
385,1996-12-09,"CAVENDISH HEIGHTS(Block 8),PERKINS RD|嘉雲臺8座,白建時道",11279.655946148092,1620,1337,"{'bay_window': '', 'flat_roof': '', 'roof': '', 'ac_platform': '', 'plant_room': '', 'garden': '', 'yard': ''}",16.3,15.0809,12191,11279.655946148092,6873711,4929672,ASP,HJL,渣甸山,1989/01,1989,37,A,17.0,8,blank,CAVENDISH HEIGHTS,嘉雲臺,True,POINT Z (22.2705778 114.1940727 0),22.2705778,114.1940727
386,1996-12-24,"CAVENDISH HEIGHTS(Block 8),PERKINS RD|嘉雲臺8座,白建時道",12566.716529543755,1620,1337,"{'bay_window': '', 'flat_roof': '', 'roof': '', 'ac_platform': '', 'plant_room': '', 'garden': '', 'yard': ''}",18.16,16.8017,13583,12566.716529543755,6893819,4944190,SUB-ASP,HJL,渣甸山,1989/01,1989,37,A,17.0,8,blank,CAVENDISH HEIGHTS,嘉雲臺,True,POINT Z (22.2705778 114.1940727 0),22.2705778,114.1940727
387,1997-02-04,"CAVENDISH HEIGHTS(Block 8),PERKINS RD|嘉雲臺8座,白建時道",12709.899667814389,1620,1337,"{'bay_window': '', 'flat_roof': '', 'roof': '', 'ac_platform': '', 'plant_room': '', 'garden': '', 'yard': ''}",18.8,17.393900000000002,14061,13009.648466716531,6950009,4977701,ASP,HJL,渣甸山,1989/01,1989,37,A,12.0,8,blank,CAVENDISH HEIGHTS,嘉雲臺,True,POINT Z (22.2705778 114.1940727 0),22.2705778,114.1940727
388,1997-03-24,"CAVENDISH HEIGHTS(Block 8),PERKINS RD|嘉雲臺8座,白建時道",12272.273222511749,1620,1337,"{'bay_window': '', 'flat_roof': '', 'roof': '', 'ac_platform': '', 'plant_room': '', 'garden': '', 'yard': ''}",19.9,18.4116,14884,13770.830216903516,7009804,5008489,ASP,HJL,渣甸山,1989/01,1989,37,B,22.0,8,blank,CAVENDISH HEIGHTS,嘉雲臺,True,POINT Z (22.2705778 114.1940727 0),22.2705778,114.1940727
389,1997-06-04,"CAVENDISH HEIGHTS(Block 8),PERKINS RD|嘉雲臺8座,白建時道",11482.249883835795,1620,1337,"{'bay_window': '', 'flat_roof': '', 'roof': '', 'ac_platform': '', 'plant_room': '', 'garden': '', 'yard': ''}",20.5,18.9667,15333,14186.013462976814,7137302,5059108,ASP,HJL,渣甸山,1989/01,1989,37,B,11.0,8,blank,CAVENDISH HEIGHTS,嘉雲臺,True,POINT Z (22.2705778 114.1940727 0),22.2705778,114.1940727
390,1997-06-16,"CAVENDISH HEIGHTS(Block 8),PERKINS RD|嘉雲臺8座,白建時道",9409.878949390337,1620,1337,"{'bay_window': '', 'flat_roof': '', 'roof': '', 'ac_platform': '', 'plant_room': '', 'garden': '', 'yard': ''}",16.8,15.543500000000002,12565,11625.654450261782,7165513,5070201,ASP,HJL,渣甸山,1989/01,1989,37,B,1.0,8,blank,CAVENDISH HEIGHTS,嘉雲臺,True,POINT Z (22.2705778 114.1940727 0),22.2705778,114.1940727
391,1998-04-24,"CAVENDISH HEIGHTS(Block 8),PERKINS RD|嘉雲臺8座,白建時道",10552.517669140225,1620,1337,"{'bay_window': '', 'flat_roof': '', 'roof': '', 'ac_platform': '', 'plant_room': '', 'garden': '', 'yard': ''}",14.48,13.397,10830,10020.194465220644,7475418,5190163,ASP,HJL,渣甸山,1989/01,1989,37,B,16.0,8,blank,CAVENDISH HEIGHTS,嘉雲臺,True,POINT Z (22.2705778 114.1940727 0),22.2705778,114.1940727
392,1998-05-04,"CAVENDISH HEIGHTS(Block 8),PERKINS RD|嘉雲臺8座,白建時道",10687.068364779449,1620,1337,"{'bay_window': '', 'flat_roof': '', 'roof': '', 'ac_platform': '', 'plant_room': '', 'garden': '', 'yard': ''}",13.9,12.8604,10396,9618.848167539269,7492687,5197479,ASP,HJL,渣甸山,1989/01,1989,37,A,14.0,8,blank,CAVENDISH HEIGHTS,嘉雲臺,True,POINT Z (22.2705778 114.1940727 0),22.2705778,114.1940727
393,1998-09-05,"CAVENDISH HEIGHTS(Block 8),PERKINS RD|嘉雲臺8座,白建時道",10436.330429443884,1620,1337,"{'bay_window': '', 'flat_roof': '', 'roof': '', 'ac_platform': '', 'plant_room': '', 'garden': '', 'yard': ''}",10.1,9.3446,7554,6989.22961854899,7571600,30588,ASP,HJL,渣甸山,1989/01,1989,37,A,12.0,8,blank,CAVENDISH HEIGHTS,嘉雲臺,True,POINT Z (22.2705778 114.1940727 0),22.2705778,114.1940727
394,1999-03-15,"CAVENDISH HEIGHTS(Block 8),PERKINS RD|嘉雲臺8座,白建時道",11494.558263747767,1620,1337,"{'bay_window': '', 'flat_roof': '', 'roof': '', 'ac_platform': '', 'plant_room': '', 'garden': '', 'yard': ''}",11.8,10.9174,8826,8165.594614809274,7722946,171407,PRO-ASP,HJL,渣甸山,1989/01,1989,37,A,18.0,8,blank,CAVENDISH HEIGHTS,嘉雲臺,True,POINT Z (22.2705778 114.1940727 0),22.2705778,114.1940727
395,1999-03-29,"CAVENDISH HEIGHTS(Block 8),PERKINS RD|嘉雲臺8座,白建時道",11981.614032777914,1620,1337,"{'bay_window': '', 'flat_roof': '', 'roof': '', 'ac_platform': '', 'plant_room': '', 'garden': '', 'yard': ''}",12.3,11.38,9200,8511.593118922961,7735944,198320,PRO-ASP,HJL,渣甸山,1989/01,1989,37,A,20.0,8,blank,CAVENDISH HEIGHTS,嘉雲臺,True,POINT Z (22.2705778 114.1940727 0),22.2705778,114.1940727
396,1999-06-10,"CAVENDISH HEIGHTS(Block 8),PERKINS RD|嘉雲臺8座,白建時道",11618.789764076972,1620,1337,"{'bay_window': '', 'flat_roof': '', 'roof': '', 'ac_platform': '', 'plant_room': '', 'garden': '', 'yard': ''}",12.5,11.5651,9349,8650.037397157816,7793329,238706,ASP,HJL,渣甸山,1989/01,1989,37,B,19.0,8,blank,CAVENDISH HEIGHTS,嘉雲臺,True,POINT Z (22.2705778 114.1940727 0),22.2705778,114.1940727
397,1999-08-09,"CAVENDISH HEIGHTS(Block 8),PERKINS RD|嘉雲臺8座,白建時道",11565.591878626068,1620,1337,"{'bay_window': '', 'flat_roof': '', 'roof': '', 'ac_platform': '', 'plant_room': '', 'garden': '', 'yard': ''}",12.3,11.38,9200,8511.593118922961,7852021,279942,ASP,HJL,渣甸山,1989/01,1989,37,A,7.0,8,blank,CAVENDISH HEIGHTS,嘉雲臺,True,POINT Z (22.2705778 114.1940727 0),22.2705778,114.1940727
398,2000-03-08,"CAVENDISH HEIGHTS(Block 8),PERKINS RD|嘉雲臺8座,白建時道",12461.832971536678,1620,1337,"{'bay_window': '', 'flat_roof': '', 'roof': '', 'ac_platform': '', 'plant_room': '', 'garden': '', 'yard': ''}",11.95,11.95,8938,8937.92071802543,8033875,408822,ASP,HJL,渣甸山,1989/01,1989,37,A,16.0,8,blank,CAVENDISH HEIGHTS,嘉雲臺,False,POINT Z (22.2705778 114.1940727 0),22.2705778,114.1940727
399,2000-04-18,"CAVENDISH HEIGHTS(Block 8),PERKINS RD|嘉雲臺8座,白建時道",10076.044625270635,1620,1337,"{'bay_window': '', 'flat_roof': '', 'roof': '', 'ac_platform': '', 'plant_room': '', 'garden': '', 'yard': ''}",9.98,9.2336,7464,6906.207928197457,8073606,440666,ASP,HJL,渣甸山,1989/01,1989,37,B,1.0,8,blank,CAVENDISH HEIGHTS,嘉雲臺,True,POINT Z (22.2705778 114.1940727 0),22.2705778,114.1940727
400,2000-07-06,"CAVENDISH HEIGHTS(Block 8),PERKINS RD|嘉雲臺8座,白建時道",11808.213795778656,1620,1337,"{'bay_window': '', 'flat_roof': '', 'roof': '', 'ac_platform': '', 'plant_room': '', 'garden': '', 'yard': ''}",11.5,10.6399,8601,7958.040388930442,8137376,488732,ASP,HJL,渣甸山,1989/01,1989,37,B,19.0,8,blank,CAVENDISH HEIGHTS,嘉雲臺,True,POINT Z (22.2705778 114.1940727 0),22.2705778,114.1940727
401,2000-10-25,"CAVENDISH HEIGHTS(Block 8),PERKINS RD|嘉雲臺8座,白建時道",11834.981736358008,1620,1337,"{'bay_window': '', 'flat_roof': '', 'roof': '', 'ac_platform': '', 'plant_room': '', 'garden': '', 'yard': ''}",11.3,10.4548,8452,7819.596110695587,8237389,564730,ASP,HJL,渣甸山,1989/01,1989,37,A,10.0,8,blank,CAVENDISH HEIGHTS,嘉雲臺,True,POINT Z (22.2705778 114.1940727 0),22.2705778,114.1940727
402,2001-04-03,"CAVENDISH HEIGHTS(Block 8),PERKINS RD|嘉雲臺8座,白建時道",11043.207383860348,1620,1337,"{'bay_window': '', 'flat_roof': '', 'roof': '', 'ac_platform': '', 'plant_room': '', 'garden': '', 'yard': ''}",10.0,9.2521,7479,6920.044876589379,8367229,665253,ASP,HJL,渣甸山,1989/01,1989,37,A,6.0,8,blank,CAVENDISH HEIGHTS,嘉雲臺,True,POINT Z (22.2705778 114.1940727 0),22.2705778,114.1940727
403,2001-06-29,"CAVENDISH HEIGHTS(Block 8),PERKINS RD|嘉雲臺8座,白建時道",11863.779951103526,1620,1337,"{'bay_window': '', 'flat_roof': '', 'roof': '', 'ac_platform': '', 'plant_room': '', 'garden': '', 'yard': ''}",10.6,9.8072,7928,7335.228122662677,8433092,717690,ASP,HJL,渣甸山,1989/01,1989,37,B,13.0,8,blank,CAVENDISH HEIGHTS,嘉雲臺,True,POINT Z (22.2705778 114.1940727 0),22.2705778,114.1940727
404,2001-09-20,"CAVENDISH HEIGHTS(Block 8),PERKINS RD|嘉雲臺8座,白建時道",13142.17992091864,1620,1337,"{'bay_window': '', 'flat_roof': '', 'roof': '', 'ac_platform': '', 'plant_room': '', 'garden': '', 'yard': ''}",11.5,10.6399,8601,7958.040388930442,8509101,777399,ASP,HJL,渣甸山,1989/01,1989,37,B,17.0,8,blank,CAVENDISH HEIGHTS,嘉雲臺,True,POINT Z (22.2705778 114.1940727 0),22.2705778,114.1940727
405,2002-10-31,"CAVENDISH HEIGHTS(Block 8),PERKINS RD|嘉雲臺8座,白建時道",11713.725822911185,1620,1337,"{'bay_window': '', 'flat_roof': '', 'roof': '', 'ac_platform': '', 'plant_room': '', 'garden': '', 'yard': ''}",8.95,8.2806,6694,6193.418100224383,8818406,1013975,ASP,HJL,渣甸山,1989/01,1989,37,A,9.0,8,blank,CAVENDISH HEIGHTS,嘉雲臺,True,POINT Z (22.2705778 114.1940727 0),22.2705778,114.1940727
406,2002-11-28,"CAVENDISH HEIGHTS(Block 8),PERKINS RD|嘉雲臺8座,白建時道",11991.546219272384,1620,1337,"{'bay_window': '', 'flat_roof': '', 'roof': '', 'ac_platform': '', 'plant_room': '', 'garden': '', 'yard': ''}",8.8,8.1418,6582,6089.603590127151,8837651,1028826,ASP,HJL,渣甸山,1989/01,1989,37,B,9.0,8,blank,CAVENDISH HEIGHTS,嘉雲臺,True,POINT Z (22.2705778 114.1940727 0),22.2705778,114.1940727
407,2003-07-04,"CAVENDISH HEIGHTS(Block 8),PERKINS RD|嘉雲臺8座,白建時道",12746.61959719293,1620,1337,"{'bay_window': '', 'flat_roof': '', 'roof': '', 'ac_platform': '', 'plant_room': '', 'garden': '', 'yard': ''}",8.95,8.2806,6694,6193.418100224383,8975337,1133703,SUB-ASP,HJL,渣甸山,1989/01,1989,37,B,12.0,8,blank,CAVENDISH HEIGHTS,嘉雲臺,True,POINT Z (22.2705778 114.1940727 0),22.2705778,114.1940727
408,2003-10-09,"CAVENDISH HEIGHTS(Block 8),PERKINS RD|嘉雲臺8座,白建時道",14093.916704230927,1620,1337,"{'bay_window': '', 'flat_roof': '', 'roof': '1225', 'ac_platform': '', 'plant_room': '', 'garden': '', 'yard': ''}",10.9,10.0847,8153,7542.782348541511,9029760,1182009,ASP,HJL,渣甸山,1986/12,1986,40,B,23.0,8,blank,CAVENDISH HEIGHTS,嘉雲臺,True,POINT Z (22.2705778 114.1940727 0),22.2705778,114.1940727
409,2003-11-15,"CAVENDISH HEIGHTS(Block 8),PERKINS RD|嘉雲臺8座,白建時道",12936.023365954492,1620,1337,"{'bay_window': '', 'flat_roof': '', 'roof': '', 'ac_platform': '', 'plant_room': '', 'garden': '', 'yard': ''}",10.2,9.4371,7629,7058.414360508601,9067397,1211901,ASP,HJL,渣甸山,1989/01,1989,37,B,16.0,8,blank,CAVENDISH HEIGHTS,嘉雲臺,True,POINT Z (22.2705778 114.1940727 0),22.2705778,114.1940727
410,2003-12-24,"CAVENDISH HEIGHTS(Block 8),PERKINS RD|嘉雲臺8座,白建時道",13299.107047887192,1620,1337,"{'bay_window': '', 'flat_roof': '', 'roof': '', 'ac_platform': '', 'plant_room': '', 'garden': '', 'yard': ''}",10.713,9.9117,8013,7413.38818249813,9096699,1237741,ASP,HJL,渣甸山,1989/01,1989,37,B,18.0,8,blank,CAVENDISH HEIGHTS,嘉雲臺,True,POINT Z (22.2705778 114.1940727 0),22.2705778,114.1940727
411,2004-01-12,"CAVENDISH HEIGHTS(Block 8),PERKINS RD|嘉雲臺8座,白建時道",12585.86551711015,1620,1337,"{'bay_window': '', 'flat_roof': '', 'roof': '', 'ac_platform': '', 'plant_room': '', 'garden': '', 'yard': ''}",11.0,10.1773,8227,7612.041884816754,9116742,1249709,ASP,HJL,渣甸山,1988/04,1988,38,B,17.0,8,blank,CAVENDISH HEIGHTS,嘉雲臺,True,POINT Z (22.2705778 114.1940727 0),22.2705778,114.1940727
412,2004-09-27,"CAVENDISH HEIGHTS(Block 8),PERKINS RD|嘉雲臺8座,白建時道",13962.75403693713,1620,1337,"{'bay_window': '', 'flat_roof': '', 'roof': '', 'ac_platform': '', 'plant_room': '', 'garden': '', 'yard': ''}",13.8,12.7678,10322,9549.588631264023,9355002,1435994,ASP,HJL,渣甸山,1988/04,1988,38,A,19.0,8,blank,CAVENDISH HEIGHTS,嘉雲臺,True,POINT Z (22.2705778 114.1940727 0),22.2705778,114.1940727
413,2004-10-04,"CAVENDISH HEIGHTS(Block 8),PERKINS RD|嘉雲臺8座,白建時道",11315.86033345522,1620,1337,"{'bay_window': '', 'flat_roof': '', 'roof': '', 'ac_platform': '', 'plant_room': '', 'garden': '', 'yard': ''}",11.98,11.084,8960,8290.201944652206,9362399,1442279,ASP,HJL,渣甸山,1988/04,1988,38,A,4.0,8,blank,CAVENDISH HEIGHTS,嘉雲臺,True,POINT Z (22.2705778 114.1940727 0),22.2705778,114.1940727
414,2004-10-09,"CAVENDISH HEIGHTS(Block 8),PERKINS RD|嘉雲臺8座,白建時道",13459.993306418286,1620,1337,"{'bay_window': '', 'flat_roof': '', 'roof': '', 'ac_platform': '', 'plant_room': '', 'garden': '', 'yard': ''}",14.25,13.1842,10658,9861.032161555722,9371174,1447447,PRO-ASP,HJL,渣甸山,1988/04,1988,38,A,16.0,8,blank,CAVENDISH HEIGHTS,嘉雲臺,True,POINT Z (22.2705778 114.1940727 0),22.2705778,114.1940727
415,2005-04-23,"CAVENDISH HEIGHTS(Block 8),PERKINS RD|嘉雲臺8座,白建時道",14296.41598030365,1620,1337,"{'bay_window': '', 'flat_roof': '', 'roof': '', 'ac_platform': '', 'plant_room': '', 'garden': '', 'yard': ''}",15.5,14.3407,11593,10726.02842183994,5051701940089,1615825,ASP,HJL,渣甸山,1988/04,1988,38,A,7.0,8,blank,CAVENDISH HEIGHTS,嘉雲臺,True,POINT Z (22.2705778 114.1940727 0),22.2705778,114.1940727
416,2005-08-08,"CAVENDISH HEIGHTS(Block 8),PERKINS RD|嘉雲臺8座,白建時道",14962.841996575926,1620,1337,"{'bay_window': '', 'flat_roof': '', 'roof': '', 'ac_platform': '', 'plant_room': '', 'garden': '', 'yard': ''}",16.18,14.9698,12102,11196.559461480929,5090801250013,1720331,ASP,HJL,渣甸山,1988/04,1988,38,B,17.0,8,blank,CAVENDISH HEIGHTS,嘉雲臺,True,POINT Z (22.2705778 114.1940727 0),22.2705778,114.1940727
417,2006-02-28,"CAVENDISH HEIGHTS(Block 8),PERKINS RD|嘉雲臺8座,白建時道",14238.888242959209,1620,1337,"{'bay_window': '', 'flat_roof': '', 'roof': '', 'ac_platform': '', 'plant_room': '', 'garden': '', 'yard': ''}",15.5,14.3407,11593,10726.02842183994,6031601910014,1837222,PRO-ASP,HJL,渣甸山,1988/04,1988,38,B,19.0,8,blank,CAVENDISH HEIGHTS,嘉雲臺,True,POINT Z (22.2705778 114.1940727 0),22.2705778,114.1940727
418,2006-06-16,"CAVENDISH HEIGHTS(Block 8),PERKINS RD|嘉雲臺8座,白建時道",15542.360156530722,1620,1337,"{'bay_window': '', 'flat_roof': '', 'roof': '', 'ac_platform': '', 'plant_room': '', 'garden': '', 'yard': ''}",17.2,15.9135,12865,11902.393418100224,6062901310046,1908928,ASP,HJL,渣甸山,1988/04,1988,38,A,14.0,8,blank,CAVENDISH HEIGHTS,嘉雲臺,True,POINT Z (22.2705778 114.1940727 0),22.2705778,114.1940727
419,2006-12-04,"CAVENDISH HEIGHTS(Block 8),PERKINS RD|嘉雲臺8座,白建時道",12978.465838118183,1620,1337,"{'bay_window': '', 'flat_roof': '', 'roof': '', 'ac_platform': '', 'plant_room': '', 'garden': '', 'yard': ''}",14.5,13.4155,10845,10034.031413612563,6120900200115,2019788,ASP,HJL,渣甸山,1988/04,1988,38,A,3.0,8,blank,CAVENDISH HEIGHTS,嘉雲臺,True,POINT Z (22.2705778 114.1940727 0),22.2705778,114.1940727
420,2007-02-02,"CAVENDISH HEIGHTS(Block 8),PERKINS RD|嘉雲臺8座,白建時道",11843.972182981031,1620,1337,"{'bay_window': '', 'flat_roof': '', 'roof': '', 'ac_platform': '', 'plant_room': '', 'garden': '', 'yard': ''}",13.5,12.4903,10097,9342.034405385191,7021302280124,2065020,ASP,HJL,渣甸山,1988/04,1988,38,B,1.0,8,blank,CAVENDISH HEIGHTS,嘉雲臺,True,POINT Z (22.2705778 114.1940727 0),22.2705778,114.1940727
421,2007-07-30,"CAVENDISH HEIGHTS(Block 8),PERKINS RD|嘉雲臺8座,白建時道",14490.089751571242,1620,1337,"{'bay_window': '', 'flat_roof': '', 'roof': '', 'ac_platform': '', 'plant_room': '', 'garden': '', 'yard': ''}",17.65,16.3299,13201,12213.83694839192,7082001810120,2222738,ASP,HJL,渣甸山,1988/04,1988,38,A,17.0,8,blank,CAVENDISH HEIGHTS,嘉雲臺,True,POINT Z (22.2705778 114.1940727 0),22.2705778,114.1940727
422,2008-12-23,"CAVENDISH HEIGHTS(Block 8),PERKINS RD|嘉雲臺8座,白建時道",13675.412776033974,1620,1337,"{'bay_window': '', 'flat_roof': '', 'roof': '', 'ac_platform': '', 'plant_room': '', 'garden': '', 'yard': ''}",16.8,15.543500000000002,12565,11625.654450261782,8123100200099,2656413,ASP,HJL,渣甸山,1988/04,1988,38,B,19.0,8,blank,CAVENDISH HEIGHTS,嘉雲臺,True,POINT Z (22.2705778 114.1940727 0),22.2705778,114.1940727
423,2009-01-05,"CAVENDISH HEIGHTS(Block 8),PERKINS RD|嘉雲臺8座,白建時道",13439.218075250932,1620,1337,"{'bay_window': '', 'flat_roof': '', 'roof': '', 'ac_platform': '', 'plant_room': '', 'garden': '', 'yard': ''}",16.8,15.543500000000002,12565,11625.654450261782,9020401940018,2673206,ASP,HJL,渣甸山,1988/04,1988,38,B,22.0,8,blank,CAVENDISH HEIGHTS,嘉雲臺,True,POINT Z (22.2705778 114.1940727 0),22.2705778,114.1940727
424,2009-05-18,"CAVENDISH HEIGHTS(Block 8),PERKINS RD|嘉雲臺8座,白建時道",14410.95876847611,1620,1337,"{'bay_window': '', 'flat_roof': '', 'roof': '', 'ac_platform': '', 'plant_room': '', 'garden': '', 'yard': ''}",20.1,18.5966,15034,13909.199700822735,9052900330012,2744686,PRO-ASP,HJL,渣甸山,1988/04,1988,38,A,22.0,8,blank,CAVENDISH HEIGHTS,嘉雲臺,True,POINT Z (22.2705778 114.1940727 0),22.2705778,114.1940727
425,2009-10-19,"CAVENDISH HEIGHTS(Block 8),PERKINS RD|嘉雲臺8座,白建時道",12348.57269337098,1620,1337,"{'bay_window': '', 'flat_roof': '', 'roof': '', 'ac_platform': '', 'plant_room': '', 'garden': '', 'yard': ''}",19.5,18.0415,14585,13494.01645474944,9111302360083,2915713,PRO-ASP,HJL,渣甸山,1988/04,1988,38,B,4.0,8,blank,CAVENDISH HEIGHTS,嘉雲臺,True,POINT Z (22.2705778 114.1940727 0),22.2705778,114.1940727
426,2009-11-20,"CAVENDISH HEIGHTS(Block 8),PERKINS RD|嘉雲臺8座,白建時道",12405.77105393774,1620,1337,"{'bay_window': '', 'flat_roof': '', 'roof': '', 'ac_platform': '', 'plant_room': '', 'garden': '', 'yard': ''}",19.8,18.3191,14809,13701.645474943904,9120401620012,2934202,ASP,HJL,渣甸山,1988/04,1988,38,A,9.0,8,blank,CAVENDISH HEIGHTS,嘉雲臺,True,POINT Z (22.2705778 114.1940727 0),22.2705778,114.1940727
427,2010-01-14,"CAVENDISH HEIGHTS(Block 8),PERKINS RD|嘉雲臺8座,白建時道",15064.891817653814,1620,1337,"{'bay_window': '', 'flat_roof': '', 'roof': '', 'ac_platform': '', 'plant_room': '', 'garden': '', 'yard': ''}",24.3,22.4825,18175,16815.63201196709,10011902570150,2975819,ASP,HJL,渣甸山,1988/04,1988,38,B,22.0,8,blank,CAVENDISH HEIGHTS,嘉雲臺,True,POINT Z (22.2705778 114.1940727 0),22.2705778,114.1940727
428,2010-01-13,"CAVENDISH HEIGHTS(Block 8),PERKINS RD|嘉雲臺8座,白建時道",14258.92931889816,1620,1337,"{'bay_window': '', 'flat_roof': '', 'roof': '', 'ac_platform': '', 'plant_room': '', 'garden': '', 'yard': ''}",23.0,21.2797,17203,15916.00598354525,10012902310086,2987977,ASP,HJL,渣甸山,1988/04,1988,38,B,9.0,8,blank,CAVENDISH HEIGHTS,嘉雲臺,True,POINT Z (22.2705778 114.1940727 0),22.2705778,114.1940727
429,2010-05-01,"CAVENDISH HEIGHTS(Block 8),PERKINS RD|嘉雲臺8座,白建時道",15115.70703257222,1620,1337,"{'bay_window': '', 'flat_roof': '', 'roof': '', 'ac_platform': '', 'plant_room': '', 'garden': '', 'yard': ''}",26.0,24.0553,19447,17991.997008227376,10051903160115,3098459,PRE-ASP,HJL,渣甸山,1988/04,1988,38,B,9.0,8,blank,CAVENDISH HEIGHTS,嘉雲臺,True,POINT Z (22.2705778 114.1940727 0),22.2705778,114.1940727
430,2010-08-06,"CAVENDISH HEIGHTS(Block 8),PERKINS RD|嘉雲臺8座,白建時道",14981.040303707765,1620,1337,"{'bay_window': '', 'flat_roof': '', 'roof': '', 'ac_platform': '', 'plant_room': '', 'garden': '', 'yard': ''}",27.5,25.4432,20568,19030.06731488407,10090200240168,3210003,ASP,HJL,渣甸山,1988/04,1988,38,A,11.0,8,blank,CAVENDISH HEIGHTS,嘉雲臺,True,POINT Z (22.2705778 114.1940727 0),22.2705778,114.1940727
431,2011-12-11,"CAVENDISH HEIGHTS(Block 8),PERKINS RD|嘉雲臺8座,白建時道",15286.032487067663,1620,1337,"{'bay_window': '', 'flat_roof': '', 'roof': '', 'ac_platform': '', 'plant_room': '', 'garden': '', 'yard': ''}",31.38,29.033,23470,21715.03365744204,12010401810037,3632956,PRO-ASP,HJL,渣甸山,1988/04,1988,38,B,18.0,8,blank,CAVENDISH HEIGHTS,嘉雲臺,True,POINT Z (22.2705778 114.1940727 0),22.2705778,114.1940727
432,2012-02-21,"CAVENDISH HEIGHTS(Block 8),PERKINS RD|嘉雲臺8座,白建時道",14052.621413768044,1620,1337,"{'bay_window': '', 'flat_roof': '', 'roof': '', 'ac_platform': '', 'plant_room': '', 'garden': '', 'yard': ''}",29.5,27.2936,22064,20414.061331338817,12022301630088,3653729,ASP,HJL,渣甸山,1988/04,1988,38,A,6.0,8,blank,CAVENDISH HEIGHTS,嘉雲臺,True,POINT Z (22.2705778 114.1940727 0),22.2705778,114.1940727
433,2012-04-16,"CAVENDISH HEIGHTS(Block 8),PERKINS RD|嘉雲臺8座,白建時道",13030.48068466138,1620,1337,"{'bay_window': '', 'flat_roof': '', 'roof': '', 'ac_platform': '', 'plant_room': '', 'garden': '', 'yard': ''}",29.8,27.5711,22289,20621.61555721765,12042400490026,3695381,ASP,HJL,渣甸山,1988/04,1988,38,B,5.0,8,blank,CAVENDISH HEIGHTS,嘉雲臺,True,POINT Z (22.2705778 114.1940727 0),22.2705778,114.1940727
434,2014-07-04,"CAVENDISH HEIGHTS(Block 8),PERKINS RD|嘉雲臺8座,白建時道",12180.643012047422,1620,1337,"{'bay_window': '', 'flat_roof': '', 'roof': '', 'ac_platform': '', 'plant_room': '', 'garden': '', 'yard': ''}",32.5,30.0692,24308,22490.052356020944,14071600950242,4168657,ASP,HJL,渣甸山,1988/04,1988,38,A,11.0,8,blank,CAVENDISH HEIGHTS,嘉雲臺,True,POINT Z (22.2705778 114.1940727 0),22.2705778,114.1940727
435,2019-01-31,"CAVENDISH HEIGHTS(Block 8),PERKINS RD|嘉雲臺8座,白建時道",11156.148287039796,1620,1337,"{'bay_window': '', 'flat_roof': '', 'roof': '', 'ac_platform': '', 'plant_room': '', 'garden': '', 'yard': ''}",36.3,36.3,27150,27150.336574420344,19022701530017,5504749,PRE-ASP,HJL,渣甸山,1988/04,1988,38,A,1.0,8,blank,CAVENDISH HEIGHTS,嘉雲臺,False,POINT Z (22.2705778 114.1940727 0),22.2705778,114.1940727
436,2019-04-03,"CAVENDISH HEIGHTS(Block 8),PERKINS RD|嘉雲臺8座,白建時道",8274.423837273876,1620,1337,"{'bay_window': '', 'flat_roof': '', 'roof': '', 'ac_platform': '', 'plant_room': '', 'garden': '', 'yard': ''}",28.544,28.544,21349,21349.289454001497,19042501910016,5532260,ASP,HJL,渣甸山,1988/04,1988,38,A,3.0,8,blank,CAVENDISH HEIGHTS,嘉雲臺,False,POINT Z (22.2705778 114.1940727 0),22.2705778,114.1940727
437,2019-06-06,"CAVENDISH HEIGHTS(Block 8),PERKINS RD|嘉雲臺8座,白建時道",13546.2887387871,1620,1337,"{'bay_window': '', 'flat_roof': '', 'roof': '', 'ac_platform': '', 'plant_room': '', 'garden': '', 'yard': ''}",47.5,47.5,35527,35527.29992520568,19061202080016,5564075,ASP,HJL,渣甸山,1988/04,1988,38,B,11.0,8,blank,CAVENDISH HEIGHTS,嘉雲臺,False,POINT Z (22.2705778 114.1940727 0),22.2705778,114.1940727
438,2020-07-03,"CAVENDISH HEIGHTS(Block 8),PERKINS RD|嘉雲臺8座,白建時道",10206.277075893971,1620,1337,"{'bay_window': '', 'flat_roof': '', 'roof': '', 'ac_platform': '', 'plant_room': '', 'garden': '', 'yard': ''}",34.75,34.75,25991,25991.02468212416,20071000930013,5737257,ASP,HJL,渣甸山,1988/04,1988,38,A,2.0,8,blank,CAVENDISH HEIGHTS,嘉雲臺,False,POINT Z (22.2705778 114.1940727 0),22.2705778,114.1940727
439,2022-02-18,"CAVENDISH HEIGHTS(Block 8),PERKINS RD|嘉雲臺8座,白建時道",11099.418986378114,1620,1337,"{'bay_window': '', 'flat_roof': '', 'roof': '', 'ac_platform': '', 'plant_room': '', 'garden': '', 'yard': ''}",37.3,37.3,27898,27898.279730740465,22022500220029,6095047,ASP,HJL,渣甸山,1988/04,1988,38,B,5.0,8,blank,CAVENDISH HEIGHTS,嘉雲臺,False,POINT Z (22.2705778 114.1940727 0),22.2705778,114.1940727
440,2022-05-12,"CAVENDISH HEIGHTS(Block 8),PERKINS RD|嘉雲臺8座,白建時道",14278.897976547762,1620,1337,"{'bay_window': '', 'flat_roof': '', 'roof': '', 'ac_platform': '', 'plant_room': '', 'garden': '', 'yard': ''}",47.5,47.5,35527,35527.29992520568,22060600250048,6135579,ASP,HJL,渣甸山,1988/04,1988,38,A,10.0,8,blank,CAVENDISH HEIGHTS,嘉雲臺,False,POINT Z (22.2705778 114.1940727 0),22.2705778,114.1940727
441,2022-07-22,"CAVENDISH HEIGHTS(Block 8),PERKINS RD|嘉雲臺8座,白建時道",15544.200653979153,1620,1337,"{'bay_window': '', 'flat_roof': '', 'roof': '', 'ac_platform': '', 'plant_room': '', 'garden': '', 'yard': ''}",50.0,50.0,37397,37397.15781600599,22081701460049,6168788,ASP,HJL,渣甸山,1988/04,1988,38,B,12.0,8,blank,CAVENDISH HEIGHTS,嘉雲臺,False,POINT Z (22.2705778 114.1940727 0),22.2705778,114.1940727
442,2023-01-05,"CAVENDISH HEIGHTS(Block 8),PERKINS RD|嘉雲臺8座,白建時道",10850.3838340734,1620,1337,"{'bay_window': '', 'flat_roof': '', 'roof': '', 'ac_platform': '', 'plant_room': '', 'garden': '', 'yard': ''}",32.0,32.0,23934,23934.18100224383,23011701380015,6226235,ASP,HJL,渣甸山,1988/04,1988,38,B,2.0,8,blank,CAVENDISH HEIGHTS,嘉雲臺,False,POINT Z (22.2705778 114.1940727 0),22.2705778,114.1940727
443,2023-02-10,"CAVENDISH HEIGHTS(Block 8),PERKINS RD|嘉雲臺8座,白建時道",16958.294771722572,1620,1337,"{'bay_window': '', 'flat_roof': '', 'roof': '', 'ac_platform': '', 'plant_room': '', 'garden': '', 'yard': ''}",50.8,50.8,37996,37995.51234106208,23030701280019,6248311,PRE-ASP,HJL,渣甸山,1988/04,1988,38,A,8.0,8,blank,CAVENDISH HEIGHTS,嘉雲臺,False,POINT Z (22.2705778 114.1940727 0),22.2705778,114.1940727
444,2023-03-06,"CAVENDISH HEIGHTS(Block 8),PERKINS RD|嘉雲臺8座,白建時道",16689.14999257264,1620,1337,"{'bay_window': '', 'flat_roof': '', 'roof': '', 'ac_platform': '', 'plant_room': '', 'garden': '', 'yard': ''}",50.8,50.8,37996,37995.51234106208,23031600530040,6253500,ASP,HJL,渣甸山,1988/04,1988,38,A,22.0,8,blank,CAVENDISH HEIGHTS,嘉雲臺,False,POINT Z (22.2705778 114.1940727 0),22.2705778,114.1940727
445,2023-12-13,"CAVENDISH HEIGHTS(Block 8),PERKINS RD|嘉雲臺8座,白建時道",14384.872579517074,1620,1337,"{'bay_window': '', 'flat_roof': '', 'roof': '', 'ac_platform': '', 'plant_room': '', 'garden': '', 'yard': ''}",38.0,38.0,28422,28421.839940164547,24010400780108,6371814,PRO-ASP,HJL,渣甸山,1988/04,1988,38,A,5.0,8,blank,CAVENDISH HEIGHTS,嘉雲臺,False,POINT Z (22.2705778 114.1940727 0),22.2705778,114.1940727
446,2024-03-27,"CAVENDISH HEIGHTS(Block 8),PERKINS RD|嘉雲臺8座,白建時道",13280.680977491524,1620,1337,"{'bay_window': '', 'flat_roof': '', 'roof': '', 'ac_platform': '', 'plant_room': '', 'garden': '', 'yard': ''}",34.88,34.88,26088,26088.25729244577,24042200870014,6411376,PRE-ASP,HJL,渣甸山,1988/04,1988,38,B,2.0,8,blank,CAVENDISH HEIGHTS,嘉雲臺,False,POINT Z (22.2705778 114.1940727 0),22.2705778,114.1940727
447,2025-06-16,"CAVENDISH HEIGHTS(Block 8),PERKINS RD|嘉雲臺8座,白建時道",12935.298528730453,1620,1337,"{'bay_window': '', 'flat_roof': '', 'roof': '', 'ac_platform': '', 'plant_room': '', 'garden': '', 'yard': ''}",31.0,31.0,23186,23186.23784592371,25070701290025,6614606,ASP,HJL,渣甸山,1988/04,1988,38,A,3.0,8,blank,CAVENDISH HEIGHTS,嘉雲臺,False,POINT Z (22.2705778 114.1940727 0),22.2705778,114.1940727
448,2025-12-30,"CAVENDISH HEIGHTS(Block 8),PERKINS RD|嘉雲臺8座,白建時道",12484.41673386382,1620,1337,"{'bay_window': '', 'flat_roof': '', 'roof': '', 'ac_platform': '', 'plant_room': '', 'garden': '', 'yard': ''}",31.5,31.5,23560,23560.20942408377,26010900670218,6723220,ASP,HJL,渣甸山,1988/04,1988,38,B,4.0,8,blank,CAVENDISH HEIGHTS,嘉雲臺,False,POINT Z (22.2705778 114.1940727 0),22.2705778,114.1940727
449,1995-11-01,"CAVENDISH HEIGHTS(Block 7),PERKINS RD|嘉雲臺7座,白建時道",8461.567877629062,1907,1569,"{'bay_window': '', 'flat_roof': '', 'roof': '', 'ac_platform': '', 'plant_room': '', 'garden': '', 'yard': ''}",14.18,13.2762,9038,8461.567877629062,6468553,4778495,ASP,HJL,渣甸山,1986/12,1986,40,A,18.0,7,blank,CAVENDISH HEIGHTS,嘉雲臺,True,POINT Z (22.2707019 114.1935618 0),22.2707019,114.1935618
450,1995-11-24,"CAVENDISH HEIGHTS(Block 7),PERKINS RD|嘉雲臺7座,白建時道",9368.64244741874,1907,1569,"{'bay_window': '', 'flat_roof': '', 'roof': '', 'ac_platform': '', 'plant_room': '', 'garden': '', 'yard': ''}",15.7,14.6994,10006,9368.64244741874,6487911,4786929,PRO-ASP,HJL,渣甸山,1986/12,1986,40,B,29.0,7,blank,CAVENDISH HEIGHTS,嘉雲臺,True,POINT Z (22.2707019 114.1935618 0),22.2707019,114.1935618
451,1995-12-21,"CAVENDISH HEIGHTS(Block 7),PERKINS RD|嘉雲臺7座,白建時道",7685.85086042065,1907,1569,"{'bay_window': '', 'flat_roof': '', 'roof': '', 'ac_platform': '', 'plant_room': '', 'garden': '', 'yard': ''}",12.88,12.0591,8209,7685.85086042065,6497623,4784479,ASP,HJL,渣甸山,1986/12,1986,40,B,18.0,7,blank,CAVENDISH HEIGHTS,嘉雲臺,True,POINT Z (22.2707019 114.1935618 0),22.2707019,114.1935618
452,1995-12-28,"CAVENDISH HEIGHTS(Block 7),PERKINS RD|嘉雲臺7座,白建時道",7566.475462077757,1907,1569,"{'bay_window': '', 'flat_roof': '', 'roof': '', 'ac_platform': '', 'plant_room': '', 'garden': '', 'yard': ''}",12.68,11.8718,8082,7566.475462077757,6498785,4784480,ASP,HJL,渣甸山,1986/12,1986,40,A,12.0,7,blank,CAVENDISH HEIGHTS,嘉雲臺,True,POINT Z (22.2707019 114.1935618 0),22.2707019,114.1935618
453,1996-05-06,"CAVENDISH HEIGHTS(Block 7),PERKINS RD|嘉雲臺7座,白建時道",7578.457616316125,1907,1569,"{'bay_window': '', 'flat_roof': '', 'roof': '', 'ac_platform': '', 'plant_room': '', 'garden': '', 'yard': ''}",12.7,11.8906,8094,7578.457616316125,6624174,4836344,ASP,HJL,渣甸山,1986/12,1986,40,A,1.0,7,blank,CAVENDISH HEIGHTS,嘉雲臺,True,POINT Z (22.2707019 114.1935618 0),22.2707019,114.1935618
454,1996-05-01,"CAVENDISH HEIGHTS(Block 7),PERKINS RD|嘉雲臺7座,白建時道",9846.016571064372,1907,1569,"{'bay_window': '', 'flat_roof': '', 'roof': '', 'ac_platform': '', 'plant_room': '', 'garden': '', 'yard': ''}",16.5,15.4484,10516,9846.016571064372,6649839,4849434,ASP,HJL,渣甸山,1986/12,1986,40,B,23.0,7,blank,CAVENDISH HEIGHTS,嘉雲臺,True,POINT Z (22.2707019 114.1935618 0),22.2707019,114.1935618
455,1996-06-12,"CAVENDISH HEIGHTS(Block 7),PERKINS RD|嘉雲臺7座,白建時道",8712.237093690248,1907,1569,"{'bay_window': '53', 'flat_roof': '', 'roof': '', 'ac_platform': '', 'plant_room': '', 'garden': '', 'yard': ''}",14.6,13.6695,9305,8712.237093690248,6681729,4857018,SUB-ASP,HJL,渣甸山,1986/12,1986,40,A,13.0,7,blank,CAVENDISH HEIGHTS,嘉雲臺,True,POINT Z (22.2707019 114.1935618 0),22.2707019,114.1935618
456,1996-07-03,"CAVENDISH HEIGHTS(Block 7),PERKINS RD|嘉雲臺7座,白建時道",8055.831739961759,1907,1569,"{'bay_window': '53', 'flat_roof': '', 'roof': '', 'ac_platform': '', 'plant_room': '', 'garden': '', 'yard': ''}",13.5,12.6396,8604,8055.831739961759,6693379,4863407,ASP,HJL,渣甸山,1986/12,1986,40,B,1.0,7,blank,CAVENDISH HEIGHTS,嘉雲臺,True,POINT Z (22.2707019 114.1935618 0),22.2707019,114.1935618
457,1996-11-28,"CAVENDISH HEIGHTS(Block 7),PERKINS RD|嘉雲臺7座,白建時道",10584.76736775016,1907,1569,"{'bay_window': '', 'flat_roof': '', 'roof': '', 'ac_platform': '', 'plant_room': '', 'garden': '', 'yard': ''}",17.738,16.607499999999998,11305,10584.76736775016,6864058,4927355,ASP,HJL,渣甸山,1986/12,1986,40,B,12.0,7,blank,CAVENDISH HEIGHTS,嘉雲臺,True,POINT Z (22.2707019 114.1935618 0),22.2707019,114.1935618
458,1996-12-07,"CAVENDISH HEIGHTS(Block 7),PERKINS RD|嘉雲臺7座,白建時道",11457.17017208413,1907,1569,"{'bay_window': '53', 'flat_roof': '', 'roof': '', 'ac_platform': '', 'plant_room': '', 'garden': '', 'yard': ''}",19.2,17.9763,12237,11457.17017208413,6864837,4927815,ASP,HJL,渣甸山,1986/12,1986,40,A,23.0,7,blank,CAVENDISH HEIGHTS,嘉雲臺,True,POINT Z (22.2707019 114.1935618 0),22.2707019,114.1935618
459,1997-04-08,"CAVENDISH HEIGHTS(Block 7),PERKINS RD|嘉雲臺7座,白建時道",15196.732783002968,1907,1569,"{'bay_window': '', 'flat_roof': '', 'roof': '', 'ac_platform': '', 'plant_room': '', 'garden': '', 'yard': ''}",28.4,26.5899,18101,16947.036328871895,7074795,5028202,ASP,HJL,渣甸山,1986/12,1986,40,B,30.0,7,blank,CAVENDISH HEIGHTS,嘉雲臺,True,POINT Z (22.2707019 114.1935618 0),22.2707019,114.1935618
460,1997-06-11,"CAVENDISH HEIGHTS(Block 7),PERKINS RD|嘉雲臺7座,白建時道",11495.273060582998,1907,1569,"{'bay_window': '', 'flat_roof': '', 'roof': '', 'ac_platform': '', 'plant_room': '', 'garden': '', 'yard': ''}",23.8,22.2831,15169,14202.103250478012,7171418,5073465,ASP,HJL,渣甸山,1986/12,1986,40,A,4.0,7,blank,CAVENDISH HEIGHTS,嘉雲臺,True,POINT Z (22.2707019 114.1935618 0),22.2707019,114.1935618
461,1997-09-30,"CAVENDISH HEIGHTS(Block 7),PERKINS RD|嘉雲臺7座,白建時道",13047.403639241742,1907,1569,"{'bay_window': '53', 'flat_roof': '', 'roof': '', 'ac_platform': '', 'plant_room': '', 'garden': '', 'yard': ''}",26.2,24.5301,16699,15634.225621414917,7305089,5117721,ASP,HJL,渣甸山,1986/12,1986,40,A,13.0,7,blank,CAVENDISH HEIGHTS,嘉雲臺,True,POINT Z (22.2707019 114.1935618 0),22.2707019,114.1935618
462,1997-10-13,"CAVENDISH HEIGHTS(Block 7),PERKINS RD|嘉雲臺7座,白建時道",10681.41832411258,1907,1569,"{'bay_window': '', 'flat_roof': '', 'roof': '', 'ac_platform': '', 'plant_room': '', 'garden': '', 'yard': ''}",22.0,20.5978,14022,13127.97960484385,7320502,5124469,SUB-ASP,HJL,渣甸山,1986/12,1986,40,A,4.0,7,blank,CAVENDISH HEIGHTS,嘉雲臺,True,POINT Z (22.2707019 114.1935618 0),22.2707019,114.1935618
463,1997-11-27,"CAVENDISH HEIGHTS(Block 7),PERKINS RD|嘉雲臺7座,白建時道",9511.93712184589,1907,1569,"{'bay_window': '53', 'flat_roof': '', 'roof': '', 'ac_platform': '', 'plant_room': '', 'garden': '', 'yard': ''}",18.4,17.2273,11727,10979.796048438497,7369415,5143909,ASP,HJL,渣甸山,1986/12,1986,40,B,2.0,7,blank,CAVENDISH HEIGHTS,嘉雲臺,True,POINT Z (22.2707019 114.1935618 0),22.2707019,114.1935618
464,1997-12-08,"CAVENDISH HEIGHTS(Block 7),PERKINS RD|嘉雲臺7座,白建時道",11854.687658400391,1907,1569,"{'bay_window': '53', 'flat_roof': '', 'roof': '', 'ac_platform': '', 'plant_room': '', 'garden': '', 'yard': ''}",22.0,20.5978,14022,13127.97960484385,7374701,5146383,ASP,HJL,渣甸山,1986/12,1986,40,A,23.0,7,blank,CAVENDISH HEIGHTS,嘉雲臺,True,POINT Z (22.2707019 114.1935618 0),22.2707019,114.1935618
465,1998-08-19,"CAVENDISH HEIGHTS(Block 7),PERKINS RD|嘉雲臺7座,白建時道",8792.46691431656,1907,1569,"{'bay_window': '', 'flat_roof': '', 'roof': '', 'ac_platform': '', 'plant_room': '', 'garden': '', 'yard': ''}",10.38,9.7184,6616,6194.008922880816,7561256,23296,ASP,HJL,渣甸山,1986/12,1986,40,A,5.0,7,blank,CAVENDISH HEIGHTS,嘉雲臺,True,POINT Z (22.2707019 114.1935618 0),22.2707019,114.1935618
466,1998-08-26,"CAVENDISH HEIGHTS(Block 7),PERKINS RD|嘉雲臺7座,白建時道",11689.48270974925,1907,1569,"{'bay_window': '53', 'flat_roof': '', 'roof': '', 'ac_platform': '', 'plant_room': '', 'garden': '', 'yard': ''}",13.8,12.9205,8795,8234.862970044614,7566111,27177,ASP,HJL,渣甸山,1986/12,1986,40,B,26.0,7,blank,CAVENDISH HEIGHTS,嘉雲臺,True,POINT Z (22.2707019 114.1935618 0),22.2707019,114.1935618
467,1998-10-23,"CAVENDISH HEIGHTS(Block 7),PERKINS RD|嘉雲臺7座,白建時道",10928.802878076967,1907,1569,"{'bay_window': '', 'flat_roof': '', 'roof': '', 'ac_platform': '', 'plant_room': '', 'garden': '', 'yard': ''}",12.3,11.516100000000002,7839,7339.770554493309,7608695,65250,ASP,HJL,渣甸山,1986/12,1986,40,A,21.0,7,blank,CAVENDISH HEIGHTS,嘉雲臺,True,POINT Z (22.2707019 114.1935618 0),22.2707019,114.1935618
468,1998-10-27,"CAVENDISH HEIGHTS(Block 7),PERKINS RD|嘉雲臺7座,白建時道",11266.362918692452,1907,1569,"{'bay_window': '', 'flat_roof': '', 'roof': '', 'ac_platform': '', 'plant_room': '', 'garden': '', 'yard': ''}",12.68,11.8718,8082,7566.475462077757,7610004,65980,ASP,HJL,渣甸山,1986/12,1986,40,B,21.0,7,blank,CAVENDISH HEIGHTS,嘉雲臺,True,POINT Z (22.2707019 114.1935618 0),22.2707019,114.1935618
469,1998-10-26,"CAVENDISH HEIGHTS(Block 7),PERKINS RD|嘉雲臺7座,白建時道",9773.677543702022,1907,1569,"{'bay_window': '', 'flat_roof': '', 'roof': '', 'ac_platform': '', 'plant_room': '', 'garden': '', 'yard': ''}",11.0,10.2989,7011,6563.989802421925,7615678,71985,ASP,HJL,渣甸山,1986/12,1986,40,B,24.0,7,blank,CAVENDISH HEIGHTS,嘉雲臺,True,POINT Z (22.2707019 114.1935618 0),22.2707019,114.1935618
470,1998-11-13,"CAVENDISH HEIGHTS(Block 7),PERKINS RD|嘉雲臺7座,白建時道",10756.724810236734,1907,1569,"{'bay_window': '', 'flat_roof': '', 'roof': '', 'ac_platform': '', 'plant_room': '', 'garden': '', 'yard': ''}",12.0,12.0,7648,7648.183556405354,7621571,79779,ASP,HJL,渣甸山,1986/12,1986,40,B,17.0,7,blank,CAVENDISH HEIGHTS,嘉雲臺,False,POINT Z (22.2707019 114.1935618 0),22.2707019,114.1935618
471,1998-11-20,"CAVENDISH HEIGHTS(Block 7),PERKINS RD|嘉雲臺7座,白建時道",10155.065335850828,1907,1569,"{'bay_window': '', 'flat_roof': '', 'roof': '', 'ac_platform': '', 'plant_room': '', 'garden': '', 'yard': ''}",12.1,11.3288,7712,7220.395156150415,7633033,93947,ASP,HJL,渣甸山,1986/12,1986,40,A,9.0,7,blank,CAVENDISH HEIGHTS,嘉雲臺,True,POINT Z (22.2707019 114.1935618 0),22.2707019,114.1935618
472,1998-12-08,"CAVENDISH HEIGHTS(Block 7),PERKINS RD|嘉雲臺7座,白建時道",10628.891800365314,1907,1569,"{'bay_window': '53', 'flat_roof': '', 'roof': '', 'ac_platform': '', 'plant_room': '', 'garden': '', 'yard': ''}",13.0,12.1714,8286,7757.42511153601,7647203,109559,ASP,HJL,渣甸山,1986/12,1986,40,A,11.0,7,blank,CAVENDISH HEIGHTS,嘉雲臺,True,POINT Z (22.2707019 114.1935618 0),22.2707019,114.1935618
473,1998-12-11,"CAVENDISH HEIGHTS(Block 7),PERKINS RD|嘉雲臺7座,白建時道",10628.891800365314,1907,1569,"{'bay_window': '', 'flat_roof': '', 'roof': '', 'ac_platform': '', 'plant_room': '', 'garden': '', 'yard': ''}",13.0,12.1714,8286,7757.42511153601,7652882,114966,ASP,HJL,渣甸山,1986/12,1986,40,B,11.0,7,blank,CAVENDISH HEIGHTS,嘉雲臺,True,POINT Z (22.2707019 114.1935618 0),22.2707019,114.1935618
474,1998-12-17,"CAVENDISH HEIGHTS(Block 7),PERKINS RD|嘉雲臺7座,白建時道",10921.611169664036,1907,1569,"{'bay_window': '', 'flat_roof': '', 'roof': '', 'ac_platform': '', 'plant_room': '', 'garden': '', 'yard': ''}",13.358,12.5066,8514,7971.0643722116,7658163,118626,ASP,HJL,渣甸山,1986/12,1986,40,A,26.0,7,blank,CAVENDISH HEIGHTS,嘉雲臺,True,POINT Z (22.2707019 114.1935618 0),22.2707019,114.1935618
475,1998-12-18,"CAVENDISH HEIGHTS(Block 7),PERKINS RD|嘉雲臺7座,白建時道",10260.984072783122,1907,1569,"{'bay_window': '', 'flat_roof': '', 'roof': '', 'ac_platform': '', 'plant_room': '', 'garden': '', 'yard': ''}",12.55,11.7501,7999,7488.910133843212,7658254,118635,ASP,HJL,渣甸山,1986/12,1986,40,A,14.0,7,blank,CAVENDISH HEIGHTS,嘉雲臺,True,POINT Z (22.2707019 114.1935618 0),22.2707019,114.1935618
476,1999-01-08,"CAVENDISH HEIGHTS(Block 7),PERKINS RD|嘉雲臺7座,白建時道",13356.246133196792,1907,1569,"{'bay_window': '', 'flat_roof': '', 'roof': '1659', 'ac_platform': '', 'plant_room': '', 'garden': '', 'yard': ''}",16.2,15.1675,10325,9666.985340981517,7674045,131705,ASP,HJL,渣甸山,1986/12,1986,40,B,31.0,7,blank,CAVENDISH HEIGHTS,嘉雲臺,True,POINT Z (22.2707019 114.1935618 0),22.2707019,114.1935618
477,1999-05-04,"CAVENDISH HEIGHTS(Block 7),PERKINS RD|嘉雲臺7座,白建時道",10126.139677032848,1907,1569,"{'bay_window': '', 'flat_roof': '', 'roof': '', 'ac_platform': '', 'plant_room': '', 'garden': '', 'yard': ''}",12.5,11.7033,7967,7459.082217973231,7770773,220402,ASP,HJL,渣甸山,1986/12,1986,40,B,5.0,7,blank,CAVENDISH HEIGHTS,嘉雲臺,True,POINT Z (22.2707019 114.1935618 0),22.2707019,114.1935618
478,1999-06-23,"CAVENDISH HEIGHTS(Block 7),PERKINS RD|嘉雲臺7座,白建時道",12744.285260773902,1907,1569,"{'bay_window': '', 'flat_roof': '', 'roof': '', 'ac_platform': '', 'plant_room': '', 'garden': '', 'yard': ''}",15.9,14.8866,10134,9487.95411089866,7834629,268308,ASP,HJL,渣甸山,1986/12,1986,40,B,29.0,7,blank,CAVENDISH HEIGHTS,嘉雲臺,True,POINT Z (22.2707019 114.1935618 0),22.2707019,114.1935618
479,1999-08-18,"CAVENDISH HEIGHTS(Block 7),PERKINS RD|嘉雲臺7座,白建時道",10540.824921431826,1907,1569,"{'bay_window': '', 'flat_roof': '', 'roof': '', 'ac_platform': '', 'plant_room': '', 'garden': '', 'yard': ''}",13.0,12.1714,8286,7757.42511153601,7861710,285423,ASP,HJL,渣甸山,1986/12,1986,40,B,14.0,7,blank,CAVENDISH HEIGHTS,嘉雲臺,True,POINT Z (22.2707019 114.1935618 0),22.2707019,114.1935618
480,1999-09-17,"CAVENDISH HEIGHTS(Block 7),PERKINS RD|嘉雲臺7座,白建時道",11814.486962547491,1907,1569,"{'bay_window': '', 'flat_roof': '', 'roof': '', 'ac_platform': '', 'plant_room': '', 'garden': '', 'yard': ''}",14.1,13.2013,8987,8413.8304652645,7887576,304020,ASP,HJL,渣甸山,1986/12,1986,40,A,17.0,7,blank,CAVENDISH HEIGHTS,嘉雲臺,True,POINT Z (22.2707019 114.1935618 0),22.2707019,114.1935618
481,1999-09-23,"CAVENDISH HEIGHTS(Block 7),PERKINS RD|嘉雲臺7座,白建時道",10155.430965700927,1907,1569,"{'bay_window': '', 'flat_roof': '', 'roof': '', 'ac_platform': '', 'plant_room': '', 'garden': '', 'yard': ''}",12.12,11.3475,7725,7232.313575525813,7889735,305816,ASP,HJL,渣甸山,1986/12,1986,40,B,9.0,7,blank,CAVENDISH HEIGHTS,嘉雲臺,True,POINT Z (22.2707019 114.1935618 0),22.2707019,114.1935618
482,1999-09-20,"CAVENDISH HEIGHTS(Block 7),PERKINS RD|嘉雲臺7座,白建時道",10054.928220827764,1907,1569,"{'bay_window': '', 'flat_roof': '', 'roof': '', 'ac_platform': '', 'plant_room': '', 'garden': '', 'yard': ''}",12.0,11.2352,7648,7160.739324410452,7891055,306613,ASP,HJL,渣甸山,1986/12,1986,40,A,7.0,7,blank,CAVENDISH HEIGHTS,嘉雲臺,True,POINT Z (22.2707019 114.1935618 0),22.2707019,114.1935618
483,1999-09-27,"CAVENDISH HEIGHTS(Block 7),PERKINS RD|嘉雲臺7座,白建時道",10138.695424034604,1907,1569,"{'bay_window': '53', 'flat_roof': '', 'roof': '', 'ac_platform': '', 'plant_room': '', 'garden': '', 'yard': ''}",12.1,11.3288,7712,7220.395156150415,7894999,310246,ASP,HJL,渣甸山,1986/12,1986,40,B,8.0,7,blank,CAVENDISH HEIGHTS,嘉雲臺,True,POINT Z (22.2707019 114.1935618 0),22.2707019,114.1935618
484,1999-09-28,"CAVENDISH HEIGHTS(Block 7),PERKINS RD|嘉雲臺7座,白建時道",10054.928220827764,1907,1569,"{'bay_window': '', 'flat_roof': '', 'roof': '', 'ac_platform': '', 'plant_room': '', 'garden': '', 'yard': ''}",12.0,11.2352,7648,7160.739324410452,7898851,314672,ASP,HJL,渣甸山,1986/12,1986,40,B,7.0,7,blank,CAVENDISH HEIGHTS,嘉雲臺,True,POINT Z (22.2707019 114.1935618 0),22.2707019,114.1935618
485,1999-10-05,"CAVENDISH HEIGHTS(Block 7),PERKINS RD|嘉雲臺7座,白建時道",12506.626971066022,1907,1569,"{'bay_window': '', 'flat_roof': '', 'roof': '', 'ac_platform': '', 'plant_room': '', 'garden': '', 'yard': ''}",14.6,13.6695,9305,8712.237093690248,7899612,315068,ASP,HJL,渣甸山,1986/12,1986,40,A,28.0,7,blank,CAVENDISH HEIGHTS,嘉雲臺,True,POINT Z (22.2707019 114.1935618 0),22.2707019,114.1935618
486,1999-10-26,"CAVENDISH HEIGHTS(Block 7),PERKINS RD|嘉雲臺7座,白建時道",11161.680802774055,1907,1569,"{'bay_window': '', 'flat_roof': '', 'roof': '', 'ac_platform': '', 'plant_room': '', 'garden': '', 'yard': ''}",13.03,12.1995,8305,7775.334608030593,7915807,330728,ASP,HJL,渣甸山,1986/12,1986,40,A,18.0,7,blank,CAVENDISH HEIGHTS,嘉雲臺,True,POINT Z (22.2707019 114.1935618 0),22.2707019,114.1935618
487,1999-12-11,"CAVENDISH HEIGHTS(Block 7),PERKINS RD|嘉雲臺7座,白建時道",10894.293090026482,1907,1569,"{'bay_window': '', 'flat_roof': '', 'roof': '', 'ac_platform': '', 'plant_room': '', 'garden': '', 'yard': ''}",12.8,11.9842,8158,7638.113448056087,7950201,354309,ASP,HJL,渣甸山,1986/12,1986,40,B,19.0,7,blank,CAVENDISH HEIGHTS,嘉雲臺,True,POINT Z (22.2707019 114.1935618 0),22.2707019,114.1935618
488,1999-12-29,"CAVENDISH HEIGHTS(Block 7),PERKINS RD|嘉雲臺7座,白建時道",12851.85143685506,1907,1569,"{'bay_window': '', 'flat_roof': '', 'roof': '', 'ac_platform': '', 'plant_room': '', 'garden': '', 'yard': ''}",15.1,14.1376,9624,9010.579987253028,7970832,368819,PRO-ASP,HJL,渣甸山,1986/12,1986,40,B,30.0,7,blank,CAVENDISH HEIGHTS,嘉雲臺,True,POINT Z (22.2707019 114.1935618 0),22.2707019,114.1935618
489,2001-10-10,"CAVENDISH HEIGHTS(Block 7),PERKINS RD|嘉雲臺7座,白建時道",11497.362389537777,1907,1569,"{'bay_window': '', 'flat_roof': '', 'roof': '', 'ac_platform': '', 'plant_room': '', 'garden': '', 'yard': ''}",11.0,10.2989,7011,6563.989802421925,8523813,787651,ASP,HJL,渣甸山,1986/12,1986,40,B,21.0,7,blank,CAVENDISH HEIGHTS,嘉雲臺,True,POINT Z (22.2707019 114.1935618 0),22.2707019,114.1935618
490,2001-11-22,"CAVENDISH HEIGHTS(Block 7),PERKINS RD|嘉雲臺7座,白建時道",12391.303102340637,1907,1569,"{'bay_window': '', 'flat_roof': '', 'roof': '', 'ac_platform': '', 'plant_room': '', 'garden': '', 'yard': ''}",11.8,11.0479,7521,7041.363926067559,8550271,811921,ASP,HJL,渣甸山,1986/12,1986,40,A,17.0,7,blank,CAVENDISH HEIGHTS,嘉雲臺,True,POINT Z (22.2707019 114.1935618 0),22.2707019,114.1935618
491,2002-04-11,"CAVENDISH HEIGHTS(Block 7),PERKINS RD|嘉雲臺7座,白建時道",11006.66465252306,1907,1569,"{'bay_window': '53', 'flat_roof': '', 'roof': '', 'ac_platform': '', 'plant_room': '', 'garden': '', 'yard': ''}",10.48,9.8121,6679,6253.728489483748,8669806,896825,ASP,HJL,渣甸山,1986/12,1986,40,A,8.0,7,blank,CAVENDISH HEIGHTS,嘉雲臺,True,POINT Z (22.2707019 114.1935618 0),22.2707019,114.1935618
492,2002-05-24,"CAVENDISH HEIGHTS(Block 7),PERKINS RD|嘉雲臺7座,白建時道",10782.402829739109,1907,1569,"{'bay_window': '', 'flat_roof': '', 'roof': '', 'ac_platform': '', 'plant_room': '', 'garden': '', 'yard': ''}",10.18,9.5312,6488,6074.697259400892,8707652,927402,ASP,HJL,渣甸山,1986/12,1986,40,B,6.0,7,blank,CAVENDISH HEIGHTS,嘉雲臺,True,POINT Z (22.2707019 114.1935618 0),22.2707019,114.1935618
493,2003-05-28,"CAVENDISH HEIGHTS(Block 7),PERKINS RD|嘉雲臺7座,白建時道",13387.504337679982,1907,1569,"{'bay_window': '53', 'flat_roof': '', 'roof': '', 'ac_platform': '', 'plant_room': '', 'garden': '', 'yard': ''}",11.0,10.2989,7011,6563.989802421925,8951993,1114768,PRO-ASP,HJL,渣甸山,1986/12,1986,40,B,28.0,7,blank,CAVENDISH HEIGHTS,嘉雲臺,True,POINT Z (22.2707019 114.1935618 0),22.2707019,114.1935618
494,2003-07-14,"CAVENDISH HEIGHTS(Block 7),PERKINS RD|嘉雲臺7座,白建時道",10230.248224833658,1907,1569,"{'bay_window': '', 'flat_roof': '', 'roof': '', 'ac_platform': '', 'plant_room': '', 'garden': '', 'yard': ''}",8.33,7.7991,5309,4970.745697896749,8993379,1149208,PRO-ASP,HJL,渣甸山,1986/12,1986,40,A,3.0,7,blank,CAVENDISH HEIGHTS,嘉雲臺,True,POINT Z (22.2707019 114.1935618 0),22.2707019,114.1935618
495,2005-01-27,"CAVENDISH HEIGHTS(Block 7),PERKINS RD|嘉雲臺7座,白建時道",13630.706487018666,1907,1569,"{'bay_window': '', 'flat_roof': '', 'roof': '', 'ac_platform': '', 'plant_room': '', 'garden': '', 'yard': ''}",17.2,16.1038,10962,10263.734862970045,5022302970156,1540985,PRO-ASP,HJL,渣甸山,1986/12,1986,40,A,16.0,7,blank,CAVENDISH HEIGHTS,嘉雲臺,True,POINT Z (22.2707019 114.1935618 0),22.2707019,114.1935618
496,2005-07-25,"CAVENDISH HEIGHTS(Block 7),PERKINS RD|嘉雲臺7座,白建時道",14784.975258109256,1907,1569,"{'bay_window': '', 'flat_roof': '', 'roof': '', 'ac_platform': '', 'plant_room': '', 'garden': '', 'yard': ''}",18.1,16.9464,11536,10800.76481835564,5080800520025,1697674,ASP,HJL,渣甸山,1986/12,1986,40,B,20.0,7,blank,CAVENDISH HEIGHTS,嘉雲臺,True,POINT Z (22.2707019 114.1935618 0),22.2707019,114.1935618
497,2005-09-29,"CAVENDISH HEIGHTS(Block 7),PERKINS RD|嘉雲臺7座,白建時道",12989.480273769292,1907,1569,"{'bay_window': '', 'flat_roof': '', 'roof': '', 'ac_platform': '', 'plant_room': '', 'garden': '', 'yard': ''}",17.1,16.0101,10899,10204.015296367112,5101200930017,1742889,ASP,HJL,渣甸山,1986/12,1986,40,B,5.0,7,blank,CAVENDISH HEIGHTS,嘉雲臺,True,POINT Z (22.2707019 114.1935618 0),22.2707019,114.1935618
498,2006-07-27,"CAVENDISH HEIGHTS(Block 7),PERKINS RD|嘉雲臺7座,白建時道",14726.70794625528,1907,1569,"{'bay_window': '', 'flat_roof': '', 'roof': '', 'ac_platform': '', 'plant_room': '', 'garden': '', 'yard': ''}",19.1,17.8827,12173,11397.514340344169,6080400750014,1932654,ASP,HJL,渣甸山,1986/12,1986,40,B,22.0,7,blank,CAVENDISH HEIGHTS,嘉雲臺,True,POINT Z (22.2707019 114.1935618 0),22.2707019,114.1935618
499,2007-01-23,"CAVENDISH HEIGHTS(Block 7),PERKINS RD|嘉雲臺7座,白建時道",14758.219795099698,1907,1569,"{'bay_window': '', 'flat_roof': '', 'roof': '', 'ac_platform': '', 'plant_room': '', 'garden': '', 'yard': ''}",19.8,18.538,12620,11815.168897386871,7020602450259,2059956,ASP,HJL,渣甸山,1986/12,1986,40,B,17.0,7,blank,CAVENDISH HEIGHTS,嘉雲臺,True,POINT Z (22.2707019 114.1935618 0),22.2707019,114.1935618
500,2007-06-20,"CAVENDISH HEIGHTS(Block 7),PERKINS RD|嘉雲臺7座,白建時道",12191.76901477812,1907,1569,"{'bay_window': '', 'flat_roof': '', 'roof': '', 'ac_platform': '', 'plant_room': '', 'garden': '', 'yard': ''}",17.0,15.9165,10835,10144.35946462715,7070401280082,2178744,ASP,HJL,渣甸山,1986/12,1986,40,A,3.0,7,blank,CAVENDISH HEIGHTS,嘉雲臺,True,POINT Z (22.2707019 114.1935618 0),22.2707019,114.1935618
501,2007-07-19,"CAVENDISH HEIGHTS(Block 7),PERKINS RD|嘉雲臺7座,白建時道",11964.156830976135,1907,1569,"{'bay_window': '53', 'flat_roof': '', 'roof': '', 'ac_platform': '', 'plant_room': '', 'garden': '', 'yard': ''}",16.9,15.8229,10771,10084.703632887187,7080100350126,2205771,ASP,HJL,渣甸山,1986/12,1986,40,B,2.0,7,blank,CAVENDISH HEIGHTS,嘉雲臺,True,POINT Z (22.2707019 114.1935618 0),22.2707019,114.1935618
502,2007-08-20,"CAVENDISH HEIGHTS(Block 7),PERKINS RD|嘉雲臺7座,白建時道",16045.031104604146,1907,1569,"{'bay_window': '', 'flat_roof': '', 'roof': '', 'ac_platform': '', 'plant_room': '', 'garden': '', 'yard': ''}",22.8,21.3468,14532,13605.353728489485,7082902710023,2232330,ASP,HJL,渣甸山,1986/12,1986,40,B,20.0,7,blank,CAVENDISH HEIGHTS,嘉雲臺,True,POINT Z (22.2707019 114.1935618 0),22.2707019,114.1935618
503,2007-10-10,"CAVENDISH HEIGHTS(Block 7),PERKINS RD|嘉雲臺7座,白建時道",12237.237577019936,1907,1569,"{'bay_window': '53', 'flat_roof': '', 'roof': '', 'ac_platform': '', 'plant_room': '', 'garden': '', 'yard': ''}",18.5,17.3209,11791,11039.451880178458,7101602090216,2272386,ASP,HJL,渣甸山,1986/12,1986,40,B,3.0,7,blank,CAVENDISH HEIGHTS,嘉雲臺,True,POINT Z (22.2707019 114.1935618 0),22.2707019,114.1935618
504,2007-11-19,"CAVENDISH HEIGHTS(Block 7),PERKINS RD|嘉雲臺7座,白建時道",15713.029373064312,1907,1569,"{'bay_window': '53', 'flat_roof': '', 'roof': '', 'ac_platform': '', 'plant_room': '', 'garden': '', 'yard': ''}",25.0,23.4066,15934,14918.164435946464,7120402610099,2326078,ASP,HJL,渣甸山,1986/12,1986,40,A,23.0,7,blank,CAVENDISH HEIGHTS,嘉雲臺,True,POINT Z (22.2707019 114.1935618 0),22.2707019,114.1935618
505,2007-12-07,"CAVENDISH HEIGHTS(Block 7),PERKINS RD|嘉雲臺7座,白建時道",13467.655376530089,1907,1569,"{'bay_window': '', 'flat_roof': '', 'roof': '', 'ac_platform': '', 'plant_room': '', 'garden': '', 'yard': ''}",22.1,20.6915,14085,13187.699171446782,8010201430047,2358619,ASP,HJL,渣甸山,1986/12,1986,40,B,11.0,7,blank,CAVENDISH HEIGHTS,嘉雲臺,True,POINT Z (22.2707019 114.1935618 0),22.2707019,114.1935618
506,2008-01-05,"CAVENDISH HEIGHTS(Block 7),PERKINS RD|嘉雲臺7座,白建時道",13711.023330264536,1907,1569,"{'bay_window': '', 'flat_roof': '', 'roof': '', 'ac_platform': '', 'plant_room': '', 'garden': '', 'yard': ''}",23.7,22.1895,15105,14142.44741873805,8011702660034,2379846,ASP,HJL,渣甸山,1986/12,1986,40,B,12.0,7,blank,CAVENDISH HEIGHTS,嘉雲臺,True,POINT Z (22.2707019 114.1935618 0),22.2707019,114.1935618
507,2009-04-07,"CAVENDISH HEIGHTS(Block 7),PERKINS RD|嘉雲臺7座,白建時道",11676.855865359716,1907,1569,"{'bay_window': '', 'flat_roof': '', 'roof': '', 'ac_platform': '', 'plant_room': '', 'garden': '', 'yard': ''}",18.0,16.8528,11472,10741.108986615678,9042000180019,2711282,ASP,HJL,渣甸山,1986/12,1986,40,B,5.0,7,blank,CAVENDISH HEIGHTS,嘉雲臺,True,POINT Z (22.2707019 114.1935618 0),22.2707019,114.1935618
508,2009-04-14,"CAVENDISH HEIGHTS(Block 7),PERKINS RD|嘉雲臺7座,白建時道",12325.52388854576,1907,1569,"{'bay_window': '', 'flat_roof': '', 'roof': '', 'ac_platform': '', 'plant_room': '', 'garden': '', 'yard': ''}",19.0,17.789,12110,11337.794773741236,9042201560082,2713523,ASP,HJL,渣甸山,1986/12,1986,40,B,9.0,7,blank,CAVENDISH HEIGHTS,嘉雲臺,True,POINT Z (22.2707019 114.1935618 0),22.2707019,114.1935618
509,2009-04-15,"CAVENDISH HEIGHTS(Block 7),PERKINS RD|嘉雲臺7座,白建時道",12001.18987695274,1907,1569,"{'bay_window': '', 'flat_roof': '', 'roof': '', 'ac_platform': '', 'plant_room': '', 'garden': '', 'yard': ''}",18.5,17.3209,11791,11039.451880178458,9050700130224,2725141,ASP,HJL,渣甸山,1986/12,1986,40,A,4.0,7,blank,CAVENDISH HEIGHTS,嘉雲臺,True,POINT Z (22.2707019 114.1935618 0),22.2707019,114.1935618
510,2009-08-26,"CAVENDISH HEIGHTS(Block 7),PERKINS RD|嘉雲臺7座,白建時道",16549.662248819153,1907,1569,"{'bay_window': '', 'flat_roof': '', 'roof': '', 'ac_platform': '', 'plant_room': '', 'garden': '', 'yard': ''}",29.0,27.1517,18483,17305.0987890376,9090301590040,2844204,ASP,HJL,渣甸山,1986/12,1986,40,A,20.0,7,blank,CAVENDISH HEIGHTS,嘉雲臺,True,POINT Z (22.2707019 114.1935618 0),22.2707019,114.1935618
511,2010-03-30,"CAVENDISH HEIGHTS(Block 7),PERKINS RD|嘉雲臺7座,白建時道",12639.23259701161,1907,1569,"{'bay_window': '', 'flat_roof': '', 'roof': '', 'ac_platform': '', 'plant_room': '', 'garden': '', 'yard': ''}",25.7,24.062,16380,15335.882727852137,10042902720032,3078393,PRE-ASP,HJL,渣甸山,1986/12,1986,40,A,5.0,7,blank,CAVENDISH HEIGHTS,嘉雲臺,True,POINT Z (22.2707019 114.1935618 0),22.2707019,114.1935618
512,2010-08-22,"CAVENDISH HEIGHTS(Block 7),PERKINS RD|嘉雲臺7座,白建時道",12448.670533071849,1907,1569,"{'bay_window': '', 'flat_roof': '', 'roof': '', 'ac_platform': '', 'plant_room': '', 'garden': '', 'yard': ''}",26.5,24.811,16890,15813.25685149777,10090702730206,3214998,PRO-ASP,HJL,渣甸山,1986/12,1986,40,B,18.0,7,blank,CAVENDISH HEIGHTS,嘉雲臺,True,POINT Z (22.2707019 114.1935618 0),22.2707019,114.1935618
513,2010-09-05,"CAVENDISH HEIGHTS(Block 7),PERKINS RD|嘉雲臺7座,白建時道",13974.104251986755,1907,1569,"{'bay_window': '', 'flat_roof': '', 'roof': '', 'ac_platform': '', 'plant_room': '', 'garden': '', 'yard': ''}",29.8,27.9007,18993,17782.47291268324,10092802960258,3238503,PRE-ASP,HJL,渣甸山,1986/12,1986,40,B,12.0,7,blank,CAVENDISH HEIGHTS,嘉雲臺,True,POINT Z (22.2707019 114.1935618 0),22.2707019,114.1935618
514,2010-09-07,"CAVENDISH HEIGHTS(Block 7),PERKINS RD|嘉雲臺7座,白建時道",14011.618020762227,1907,1569,"{'bay_window': '', 'flat_roof': '', 'roof': '', 'ac_platform': '', 'plant_room': '', 'garden': '', 'yard': ''}",29.88,27.9756,19044,17830.2103250478,10100402750195,3244006,PRE-ASP,HJL,渣甸山,1986/12,1986,40,A,16.0,7,blank,CAVENDISH HEIGHTS,嘉雲臺,True,POINT Z (22.2707019 114.1935618 0),22.2707019,114.1935618
515,2010-12-10,"CAVENDISH HEIGHTS(Block 7),PERKINS RD|嘉雲臺7座,白建時道",12667.79849215771,1907,1569,"{'bay_window': '', 'flat_roof': '', 'roof': '', 'ac_platform': '', 'plant_room': '', 'garden': '', 'yard': ''}",27.88,26.1031,17769,16636.775015933716,10122401990112,3341980,ASP,HJL,渣甸山,1986/12,1986,40,A,4.0,7,blank,CAVENDISH HEIGHTS,嘉雲臺,True,POINT Z (22.2707019 114.1935618 0),22.2707019,114.1935618
516,2010-12-23,"CAVENDISH HEIGHTS(Block 7),PERKINS RD|嘉雲臺7座,白建時道",13267.530530751152,1907,1569,"{'bay_window': '53', 'flat_roof': '', 'roof': '', 'ac_platform': '', 'plant_room': '', 'garden': '', 'yard': ''}",29.2,27.3389,18611,17424.410452517528,11012101720119,3366993,PRO-ASP,HJL,渣甸山,1986/12,1986,40,A,13.0,7,blank,CAVENDISH HEIGHTS,嘉雲臺,True,POINT Z (22.2707019 114.1935618 0),22.2707019,114.1935618
517,2011-12-02,"CAVENDISH HEIGHTS(Block 7),PERKINS RD|嘉雲臺7座,白建時道",15281.730880563004,1907,1569,"{'bay_window': '53', 'flat_roof': '', 'roof': '', 'ac_platform': '', 'plant_room': '', 'garden': '', 'yard': ''}",36.38,34.0613,23187,21708.922880815808,11123000630014,3631648,PRO-ASP,HJL,渣甸山,1986/12,1986,40,A,23.0,7,blank,CAVENDISH HEIGHTS,嘉雲臺,True,POINT Z (22.2707019 114.1935618 0),22.2707019,114.1935618
518,2012-02-25,"CAVENDISH HEIGHTS(Block 7),PERKINS RD|嘉雲臺7座,白建時道",13136.597471436917,1907,1569,"{'bay_window': '53', 'flat_roof': '', 'roof': '', 'ac_platform': '', 'plant_room': '', 'garden': '', 'yard': ''}",31.98,29.9418,20382,19083.36520076482,12031302050038,3664955,PRO-ASP,HJL,渣甸山,1986/12,1986,40,B,8.0,7,blank,CAVENDISH HEIGHTS,嘉雲臺,True,POINT Z (22.2707019 114.1935618 0),22.2707019,114.1935618
519,2012-05-25,"CAVENDISH HEIGHTS(Block 7),PERKINS RD|嘉雲臺7座,白建時道",14237.548113784718,1907,1569,"{'bay_window': '53', 'flat_roof': '', 'roof': '', 'ac_platform': '', 'plant_room': '', 'garden': '', 'yard': ''}",38.0,35.5781,24219,22675.653282345444,12060700890025,3732098,ASP,HJL,渣甸山,1986/12,1986,40,B,13.0,7,blank,CAVENDISH HEIGHTS,嘉雲臺,True,POINT Z (22.2707019 114.1935618 0),22.2707019,114.1935618
520,2014-09-08,"CAVENDISH HEIGHTS(Block 7),PERKINS RD|嘉雲臺7座,白建時道",11032.27416784822,1907,1569,"{'bay_window': '53', 'flat_roof': '', 'roof': '', 'ac_platform': '', 'plant_room': '', 'garden': '', 'yard': ''}",35.88,33.5932,22868,21410.579987253022,14091500810023,4203266,ASP,HJL,渣甸山,1986/12,1986,40,B,3.0,7,blank,CAVENDISH HEIGHTS,嘉雲臺,True,POINT Z (22.2707019 114.1935618 0),22.2707019,114.1935618
521,2015-02-14,"CAVENDISH HEIGHTS(Block 7),PERKINS RD|嘉雲臺7座,白建時道",12785.33224779172,1907,1569,"{'bay_window': '53', 'flat_roof': '', 'roof': '', 'ac_platform': '', 'plant_room': '', 'garden': '', 'yard': ''}",43.8,41.0084,27916,26136.647546207776,15031100890033,4314203,PRO-ASP,HJL,渣甸山,1986/12,1986,40,B,26.0,7,blank,CAVENDISH HEIGHTS,嘉雲臺,True,POINT Z (22.2707019 114.1935618 0),22.2707019,114.1935618
522,2016-10-06,"CAVENDISH HEIGHTS(Block 7),PERKINS RD|嘉雲臺7座,白建時道",12727.431097874682,1907,1569,"{'bay_window': '53', 'flat_roof': '', 'roof': '', 'ac_platform': '', 'plant_room': '', 'garden': '', 'yard': ''}",45.5,42.6001,28999,27151.115360101976,16110202250010,4590111,PRE-ASP,HJL,渣甸山,1986/12,1986,40,B,28.0,7,blank,CAVENDISH HEIGHTS,嘉雲臺,True,POINT Z (22.2707019 114.1935618 0),22.2707019,114.1935618
523,2016-12-28,"CAVENDISH HEIGHTS(Block 7),PERKINS RD|嘉雲臺7座,白建時道",10668.856606457068,1907,1569,"{'bay_window': '53', 'flat_roof': '', 'roof': '', 'ac_platform': '', 'plant_room': '', 'garden': '', 'yard': ''}",38.6,36.1398,24602,23033.652007648183,17011802560046,4634317,ASP,HJL,渣甸山,1986/12,1986,40,A,8.0,7,blank,CAVENDISH HEIGHTS,嘉雲臺,True,POINT Z (22.2707019 114.1935618 0),22.2707019,114.1935618
524,2017-08-08,"CAVENDISH HEIGHTS(Block 7),PERKINS RD|嘉雲臺7座,白建時道",10330.583580475157,1907,1569,"{'bay_window': '53', 'flat_roof': '', 'roof': '', 'ac_platform': '', 'plant_room': '', 'garden': '', 'yard': ''}",39.8,37.2634,25366,23749.776927979605,17081101630031,4753077,ASP,HJL,渣甸山,1986/12,1986,40,B,10.0,7,blank,CAVENDISH HEIGHTS,嘉雲臺,True,POINT Z (22.2707019 114.1935618 0),22.2707019,114.1935618
525,2017-09-05,"CAVENDISH HEIGHTS(Block 7),PERKINS RD|嘉雲臺7座,白建時道",11934.193001273768,1907,1569,"{'bay_window': '53', 'flat_roof': '', 'roof': '', 'ac_platform': '', 'plant_room': '', 'garden': '', 'yard': ''}",42.8,42.8,27279,27278.521351179093,17092701840146,5224486,PRE-ASP,HJL,渣甸山,1986/12,1986,40,A,11.0,7,blank,CAVENDISH HEIGHTS,嘉雲臺,False,POINT Z (22.2707019 114.1935618 0),22.2707019,114.1935618
526,2018-02-27,"CAVENDISH HEIGHTS(Block 7),PERKINS RD|嘉雲臺7座,白建時道",12914.154563967784,1907,1569,"{'bay_window': '53', 'flat_roof': '', 'roof': '', 'ac_platform': '', 'plant_room': '', 'garden': '', 'yard': ''}",49.66,49.66,31651,31650.73295092416,18032602040012,5324710,PRE-ASP,HJL,渣甸山,1986/12,1986,40,A,13.0,7,blank,CAVENDISH HEIGHTS,嘉雲臺,False,POINT Z (22.2707019 114.1935618 0),22.2707019,114.1935618
527,2020-05-11,"CAVENDISH HEIGHTS(Block 7),PERKINS RD|嘉雲臺7座,白建時道",10171.638756297549,1907,1569,"{'bay_window': '53', 'flat_roof': '', 'roof': '', 'ac_platform': '', 'plant_room': '', 'garden': '', 'yard': ''}",41.0,41.0,26131,26131.29381771829,20060402010052,5717815,ASP,HJL,渣甸山,1986/12,1986,40,B,1.0,7,blank,CAVENDISH HEIGHTS,嘉雲臺,False,POINT Z (22.2707019 114.1935618 0),22.2707019,114.1935618
528,2020-09-03,"CAVENDISH HEIGHTS(Block 7),PERKINS RD|嘉雲臺7座,白建時道",11303.757565976057,1907,1569,"{'bay_window': '53', 'flat_roof': '', 'roof': '', 'ac_platform': '', 'plant_room': '', 'garden': '', 'yard': ''}",45.0,45.0,28681,28680.68833652008,20093000660064,5782982,PRE-ASP,HJL,渣甸山,1986/12,1986,40,B,16.0,7,blank,CAVENDISH HEIGHTS,嘉雲臺,False,POINT Z (22.2707019 114.1935618 0),22.2707019,114.1935618
529,2025-07-14,"CAVENDISH HEIGHTS(Block 7),PERKINS RD|嘉雲臺7座,白建時道",12519.567899974498,1907,1569,"{'bay_window': '53', 'flat_roof': '', 'roof': '', 'ac_platform': '', 'plant_room': '', 'garden': '', 'yard': ''}",36.0,36.0,22945,22944.55066921606,25072901000011,6627316,ASP,HJL,渣甸山,1986/12,1986,40,B,8.0,7,blank,CAVENDISH HEIGHTS,嘉雲臺,False,POINT Z (22.2707019 114.1935618 0),22.2707019,114.1935618
530,2025-07-08,"CAVENDISH HEIGHTS(Block 7),PERKINS RD|嘉雲臺7座,白建時道",11058.951644977473,1907,1569,"{'bay_window': '53', 'flat_roof': '', 'roof': '', 'ac_platform': '', 'plant_room': '', 'garden': '', 'yard': ''}",31.8,31.8,20268,20267.68642447419,25073001720019,6628186,PRO-ASP,HJL,渣甸山,1986/12,1986,40,B,2.0,7,blank,CAVENDISH HEIGHTS,嘉雲臺,False,POINT Z (22.2707019 114.1935618 0),22.2707019,114.1935618
531,1995-11-01,"WING ON TOWERS(Block 2),BOYCE RD|永安閣2座,布思道",5434.68253968254,0,1260,"{'bay_window': '', 'flat_roof': '', 'roof': '', 'ac_platform': '', 'plant_room': '', 'garden': '', 'yard': ''}",7.438,6.8477,5903,5434.68253968254,6472802,4780779,ASP,HJL,渣甸山,1974/08,1974,52,B,6.0,2,blank,WING ON TOWERS,永安閣,True,POINT Z (22.2693717 114.1955038 0),22.2693717,114.1955038
532,1995-12-01,"WING ON TOWERS(Block 2),BOYCE RD|永安閣2座,布思道",5954.920634920635,0,1260,"{'bay_window': '', 'flat_roof': '', 'roof': '', 'ac_platform': '', 'plant_room': '', 'garden': '', 'yard': ''}",8.15,7.5032,6468,5954.920634920635,6476532,4788392,ASP,HJL,渣甸山,1974/08,1974,52,A,13.0,2,blank,WING ON TOWERS,永安閣,True,POINT Z (22.2693717 114.1955038 0),22.2693717,114.1955038
533,1996-01-12,"WING ON TOWERS(Block 2),BOYCE RD|永安閣2座,布思道",5246.190476190476,0,1260,"{'bay_window': '', 'flat_roof': '', 'roof': '', 'ac_platform': '', 'plant_room': '', 'garden': '', 'yard': ''}",7.18,6.6102,5698,5246.190476190476,6519049,4794640,ASP,HJL,渣甸山,1974/08,1974,52,A,3.0,2,blank,WING ON TOWERS,永安閣,True,POINT Z (22.2693717 114.1955038 0),22.2693717,114.1955038
534,1996-03-02,"WING ON TOWERS(Block 2),BOYCE RD|永安閣2座,布思道",10619.469026548672,0,1130,"{'bay_window': '', 'flat_roof': '', 'roof': '', 'ac_platform': '', 'plant_room': '', 'garden': '', 'yard': '3975'}",12.0,12.0,10619,10619.469026548672,6558543,4810562,ASP,HJL,渣甸山,1974/08,1974,52,B,0.0,2,blank,WING ON TOWERS,永安閣,False,POINT Z (22.2693717 114.1955038 0),22.2693717,114.1955038
535,1996-03-01,"WING ON TOWERS(Block 2),BOYCE RD|永安閣2座,布思道",6342.142857142856,0,1260,"{'bay_window': '', 'flat_roof': '', 'roof': '', 'ac_platform': '', 'plant_room': '', 'garden': '', 'yard': ''}",8.68,7.991099999999999,6889,6342.142857142856,6570748,4812414,ASP,HJL,渣甸山,1974/08,1974,52,B,12.0,2,blank,WING ON TOWERS,永安閣,True,POINT Z (22.2693717 114.1955038 0),22.2693717,114.1955038
536,1996-04-10,"WING ON TOWERS(Block 2),BOYCE RD|永安閣2座,布思道",6196.0317460317465,0,1260,"{'bay_window': '', 'flat_roof': '', 'roof': '', 'ac_platform': '', 'plant_room': '', 'garden': '', 'yard': ''}",8.48,7.807,6730,6196.0317460317465,6592846,4819502,ASP,HJL,渣甸山,1974/08,1974,52,A,2.0,2,blank,WING ON TOWERS,永安閣,True,POINT Z (22.2693717 114.1955038 0),22.2693717,114.1955038
537,1996-05-11,"WING ON TOWERS(Block 2),BOYCE RD|永安閣2座,布思道",6488.253968253968,0,1260,"{'bay_window': '', 'flat_roof': '', 'roof': '', 'ac_platform': '', 'plant_room': '', 'garden': '', 'yard': ''}",8.88,8.1752,7048,6488.253968253968,6636083,4841848,ASP,HJL,渣甸山,1974/08,1974,52,A,7.0,2,blank,WING ON TOWERS,永安閣,True,POINT Z (22.2693717 114.1955038 0),22.2693717,114.1955038
538,1996-05-17,"WING ON TOWERS(Block 2),BOYCE RD|永安閣2座,布思道",6670.952380952381,0,1260,"{'bay_window': '', 'flat_roof': '', 'roof': '', 'ac_platform': '', 'plant_room': '', 'garden': '', 'yard': ''}",9.13,8.4054,7246,6670.952380952381,6699737,4865291,PRO-ASP,HJL,渣甸山,1974/08,1974,52,A,12.0,2,blank,WING ON TOWERS,永安閣,True,POINT Z (22.2693717 114.1955038 0),22.2693717,114.1955038
539,1996-08-07,"WING ON TOWERS(Block 2),BOYCE RD|永安閣2座,布思道",6502.936507936508,0,1260,"{'bay_window': '', 'flat_roof': '', 'roof': '', 'ac_platform': '', 'plant_room': '', 'garden': '', 'yard': ''}",8.9,8.1937,7063,6502.936507936508,6726895,4868578,ASP,HJL,渣甸山,1974/08,1974,52,B,5.0,2,blank,WING ON TOWERS,永安閣,True,POINT Z (22.2693717 114.1955038 0),22.2693717,114.1955038
540,1996-09-17,"WING ON TOWERS(Block 2),BOYCE RD|永安閣2座,布思道",6941.269841269841,0,1260,"{'bay_window': '', 'flat_roof': '', 'roof': '', 'ac_platform': '', 'plant_room': '', 'garden': '', 'yard': ''}",9.5,8.746,7540,6941.269841269841,6776014,4888468,ASP,HJL,渣甸山,1974/08,1974,52,B,11.0,2,blank,WING ON TOWERS,永安閣,True,POINT Z (22.2693717 114.1955038 0),22.2693717,114.1955038
541,1996-10-01,"WING ON TOWERS(Block 2),BOYCE RD|永安閣2座,布思道",7160.476190476192,0,1260,"{'bay_window': '', 'flat_roof': '', 'roof': '', 'ac_platform': '', 'plant_room': '', 'garden': '', 'yard': ''}",9.8,9.022200000000002,7778,7160.476190476192,6790424,4893445,ASP,HJL,渣甸山,1974/08,1974,52,A,16.0,2,blank,WING ON TOWERS,永安閣,True,POINT Z (22.2693717 114.1955038 0),22.2693717,114.1955038
542,1996-12-18,"WING ON TOWERS(Block 2),BOYCE RD|永安閣2座,布思道",8918.804091266718,0,2542,"{'bay_window': '', 'flat_roof': '', 'roof': '', 'ac_platform': '', 'plant_room': '', 'garden': '', 'yard': ''}",23.6,22.6716,9284,8918.804091266718,6881963,4936306,ASP,HJL,渣甸山,1974/08,1974,52,B,17.0,2,blank,WING ON TOWERS,永安閣,True,POINT Z (22.2693717 114.1955038 0),22.2693717,114.1955038
543,1996-11-30,"WING ON TOWERS(Block 2),BOYCE RD|永安閣2座,布思道",8000.793650793651,0,1260,"{'bay_window': '', 'flat_roof': '', 'roof': '', 'ac_platform': '', 'plant_room': '', 'garden': '', 'yard': ''}",10.95,10.081,8690,8000.793650793651,6887692,4941487,PRO-ASP,HJL,渣甸山,1974/08,1974,52,A,15.0,2,blank,WING ON TOWERS,永安閣,True,POINT Z (22.2693717 114.1955038 0),22.2693717,114.1955038
544,1997-05-08,"WING ON TOWERS(Block 2),BOYCE RD|永安閣2座,布思道",7266.872918896949,0,1260,"{'bay_window': '', 'flat_roof': '', 'roof': '', 'ac_platform': '', 'plant_room': '', 'garden': '', 'yard': ''}",11.6,10.6794,9206,8475.714285714286,7077120,5029356,ASP,HJL,渣甸山,1974/08,1974,52,A,5.0,2,blank,WING ON TOWERS,永安閣,True,POINT Z (22.2693717 114.1955038 0),22.2693717,114.1955038
545,1997-07-04,"WING ON TOWERS(Block 2),BOYCE RD|永安閣2座,布思道",8868.864181039857,0,1260,"{'bay_window': '', 'flat_roof': '', 'roof': '', 'ac_platform': '', 'plant_room': '', 'garden': '', 'yard': ''}",14.25,13.119,11310,10411.90476190476,7175814,5075772,ASP,HJL,渣甸山,1974/08,1974,52,A,15.0,2,blank,WING ON TOWERS,永安閣,True,POINT Z (22.2693717 114.1955038 0),22.2693717,114.1955038
546,1997-10-17,"WING ON TOWERS(Block 2),BOYCE RD|永安閣2座,布思道",9478.486168623896,0,2385,"{'bay_window': '', 'flat_roof': '', 'roof': '', 'ac_platform': '', 'plant_room': '', 'garden': '', 'yard': ''}",29.0,27.7841,12159,11649.5178197065,7367426,5144193,PRO-ASP,HJL,渣甸山,1974/08,1974,52,B,17.0,2,blank,WING ON TOWERS,永安閣,True,POINT Z (22.2693717 114.1955038 0),22.2693717,114.1955038
547,1998-06-24,"WING ON TOWERS(Block 2),BOYCE RD|永安閣2座,布思道",8198.165116569076,0,1260,"{'bay_window': '', 'flat_roof': '', 'roof': '', 'ac_platform': '', 'plant_room': '', 'garden': '', 'yard': ''}",9.05,8.331700000000001,7183,6612.460317460319,7515381,5206743,ASP,HJL,渣甸山,1974/08,1974,52,A,5.0,2,blank,WING ON TOWERS,永安閣,True,POINT Z (22.2693717 114.1955038 0),22.2693717,114.1955038
548,1998-11-10,"WING ON TOWERS(Block 2),BOYCE RD|永安閣2座,布思道",9300.040385924216,0,1260,"{'bay_window': '', 'flat_roof': '', 'roof': '', 'ac_platform': '', 'plant_room': '', 'garden': '', 'yard': ''}",9.05,8.331700000000001,7183,6612.460317460319,7612986,69272,ASP,HJL,渣甸山,1974/08,1974,52,B,11.0,2,blank,WING ON TOWERS,永安閣,True,POINT Z (22.2693717 114.1955038 0),22.2693717,114.1955038
549,1999-07-22,"WING ON TOWERS(Block 2),BOYCE RD|永安閣2座,布思道",9795.596382357431,0,1260,"{'bay_window': '', 'flat_roof': '', 'roof': '', 'ac_platform': '', 'plant_room': '', 'garden': '', 'yard': ''}",9.88,9.0959,7841,7218.968253968253,7846651,277496,ASP,HJL,渣甸山,1974/08,1974,52,A,12.0,2,blank,WING ON TOWERS,永安閣,True,POINT Z (22.2693717 114.1955038 0),22.2693717,114.1955038
550,2000-01-11,"WING ON TOWERS(Block 2),BOYCE RD|永安閣2座,布思道",9976.440473698458,0,1260,"{'bay_window': '', 'flat_roof': '', 'roof': '', 'ac_platform': '', 'plant_room': '', 'garden': '', 'yard': ''}",9.7,8.9302,7698,7087.460317460317,7969071,367845,ASP,HJL,渣甸山,1974/08,1974,52,B,12.0,2,blank,WING ON TOWERS,永安閣,True,POINT Z (22.2693717 114.1955038 0),22.2693717,114.1955038
551,2001-03-27,"WING ON TOWERS(Block 2),BOYCE RD|永安閣2座,布思道",10564.309390544511,0,1260,"{'bay_window': '', 'flat_roof': '', 'roof': '', 'ac_platform': '', 'plant_room': '', 'garden': '', 'yard': ''}",9.1,8.3778,7222,6649.04761904762,8354004,655807,ASP,HJL,渣甸山,1974/08,1974,52,A,11.0,2,blank,WING ON TOWERS,永安閣,True,POINT Z (22.2693717 114.1955038 0),22.2693717,114.1955038
552,2001-04-19,"WING ON TOWERS(Block 2),BOYCE RD|永安閣2座,布思道",11135.465867311186,0,1260,"{'bay_window': '', 'flat_roof': '', 'roof': '', 'ac_platform': '', 'plant_room': '', 'garden': '', 'yard': ''}",9.55,8.792100000000001,7579,6977.857142857144,8380349,675805,PRO-ASP,HJL,渣甸山,1974/08,1974,52,A,7.0,2,blank,WING ON TOWERS,永安閣,True,POINT Z (22.2693717 114.1955038 0),22.2693717,114.1955038
553,2004-06-04,"WING ON TOWERS(Block 2),BOYCE RD|永安閣2座,布思道",10451.735448919662,0,1260,"{'bay_window': '', 'flat_roof': '', 'roof': '', 'ac_platform': '', 'plant_room': '', 'garden': '', 'yard': ''}",10.0,9.2063,7937,7306.587301587301,9255709,1365522,ASP,HJL,渣甸山,1974/08,1974,52,B,12.0,2,blank,WING ON TOWERS,永安閣,True,POINT Z (22.2693717 114.1955038 0),22.2693717,114.1955038
554,2005-06-30,"WING ON TOWERS(Block 2),BOYCE RD|永安閣2座,布思道",11106.565658799174,0,1260,"{'bay_window': '', 'flat_roof': '', 'roof': '', 'ac_platform': '', 'plant_room': '', 'garden': '', 'yard': ''}",11.5,10.5873,9127,8402.619047619048,5070700590012,1671532,ASP,HJL,渣甸山,1974/08,1974,52,B,5.0,2,blank,WING ON TOWERS,永安閣,True,POINT Z (22.2693717 114.1955038 0),22.2693717,114.1955038
555,2005-08-01,"WING ON TOWERS(Block 2),BOYCE RD|永安閣2座,布思道",11326.762841885551,0,1260,"{'bay_window': '', 'flat_roof': '', 'roof': '', 'ac_platform': '', 'plant_room': '', 'garden': '', 'yard': ''}",11.6,10.6794,9206,8475.714285714286,5083001950068,1714066,ASP,HJL,渣甸山,1974/08,1974,52,A,6.0,2,blank,WING ON TOWERS,永安閣,True,POINT Z (22.2693717 114.1955038 0),22.2693717,114.1955038
556,2006-06-09,"WING ON TOWERS(Block 2),BOYCE RD|永安閣2座,布思道",12670.58053339939,0,1260,"{'bay_window': '', 'flat_roof': '', 'roof': '', 'ac_platform': '', 'plant_room': '', 'garden': '', 'yard': ''}",13.28,12.226,10540,9703.174603174602,6061601850024,1901168,ASP,HJL,渣甸山,1974/08,1974,52,A,12.0,2,blank,WING ON TOWERS,永安閣,True,POINT Z (22.2693717 114.1955038 0),22.2693717,114.1955038
557,2006-08-22,"WING ON TOWERS(Block 2),BOYCE RD|永安閣2座,布思道",12438.957297680565,0,1260,"{'bay_window': '', 'flat_roof': '', 'roof': '', 'ac_platform': '', 'plant_room': '', 'garden': '', 'yard': ''}",13.0,11.9683,10317,9498.650793650791,6090701820016,1959998,ASP,HJL,渣甸山,1974/08,1974,52,A,15.0,2,blank,WING ON TOWERS,永安閣,True,POINT Z (22.2693717 114.1955038 0),22.2693717,114.1955038
558,2006-11-28,"WING ON TOWERS(Block 2),BOYCE RD|永安閣2座,布思道",14339.111791852903,0,2385,"{'bay_window': '', 'flat_roof': '', 'roof': '', 'ac_platform': '', 'plant_room': '', 'garden': '', 'yard': ''}",27.1,25.963700000000003,11363,10886.247379454928,6121401300077,2022360,ASP,HJL,渣甸山,1974/08,1974,52,B,17.0,2,blank,WING ON TOWERS,永安閣,True,POINT Z (22.2693717 114.1955038 0),22.2693717,114.1955038
559,2007-05-30,"WING ON TOWERS(Block 2),BOYCE RD|永安閣2座,布思道",11043.85843565908,0,1260,"{'bay_window': '', 'flat_roof': '', 'roof': '', 'ac_platform': '', 'plant_room': '', 'garden': '', 'yard': ''}",12.6,11.6,10000,9206.349206349209,7062601620036,2170775,ASP,HJL,渣甸山,1974/08,1974,52,B,2.0,2,blank,WING ON TOWERS,永安閣,True,POINT Z (22.2693717 114.1955038 0),22.2693717,114.1955038
560,2007-06-29,"WING ON TOWERS(Block 2),BOYCE RD|永安閣2座,布思道",13517.912556926824,0,2385,"{'bay_window': '', 'flat_roof': '', 'roof': '', 'ac_platform': '', 'plant_room': '', 'garden': '', 'yard': ''}",28.0,26.826,11740,11247.798742138364,7071602480023,2189919,ASP,HJL,渣甸山,1974/08,1974,52,A,17.0,2,blank,WING ON TOWERS,永安閣,True,POINT Z (22.2693717 114.1955038 0),22.2693717,114.1955038
561,2007-11-21,"WING ON TOWERS(Block 2),BOYCE RD|永安閣2座,布思道",12467.42780433281,0,1260,"{'bay_window': '', 'flat_roof': '', 'roof': '', 'ac_platform': '', 'plant_room': '', 'garden': '', 'yard': ''}",16.2,14.9143,12857,11836.746031746032,7121402390018,2339618,ASP,HJL,渣甸山,1974/08,1974,52,A,5.0,2,blank,WING ON TOWERS,永安閣,True,POINT Z (22.2693717 114.1955038 0),22.2693717,114.1955038
562,2009-12-15,"WING ON TOWERS(Block 2),BOYCE RD|永安閣2座,布思道",13589.745961664385,0,1260,"{'bay_window': '', 'flat_roof': '', 'roof': '', 'ac_platform': '', 'plant_room': '', 'garden': '', 'yard': ''}",20.38,18.7625,16175,14890.873015873016,10011302030074,2970896,PRO-ASP,HJL,渣甸山,1974/08,1974,52,A,12.0,2,blank,WING ON TOWERS,永安閣,True,POINT Z (22.2693717 114.1955038 0),22.2693717,114.1955038
563,2010-12-29,"WING ON TOWERS(Block 2),BOYCE RD|永安閣2座,布思道",13241.147964382748,0,1260,"{'bay_window': '', 'flat_roof': '', 'roof': '', 'ac_platform': '', 'plant_room': '', 'garden': '', 'yard': ''}",23.8,21.9111,18889,17389.761904761905,11011300860022,3357084,ASP,HJL,渣甸山,1974/08,1974,52,A,12.0,2,blank,WING ON TOWERS,永安閣,True,POINT Z (22.2693717 114.1955038 0),22.2693717,114.1955038
564,2014-07-12,"WING ON TOWERS(Block 2),BOYCE RD|永安閣2座,布思道",9252.098714089514,0,1260,"{'bay_window': '', 'flat_roof': '', 'roof': '', 'ac_platform': '', 'plant_room': '', 'garden': '', 'yard': ''}",23.38,21.5244,18556,17082.85714285714,14081100340291,4182667,PRO-ASP,HJL,渣甸山,1974/08,1974,52,A,6.0,2,blank,WING ON TOWERS,永安閣,True,POINT Z (22.2693717 114.1955038 0),22.2693717,114.1955038
565,2015-03-31,"WING ON TOWERS(Block 2),BOYCE RD|永安閣2座,布思道",9444.397593943931,0,1260,"{'bay_window': '', 'flat_roof': '', 'roof': '', 'ac_platform': '', 'plant_room': '', 'garden': '', 'yard': ''}",26.68,24.5625,21175,19494.04761904762,15042802610019,4339194,PRO-ASP,HJL,渣甸山,1974/08,1974,52,A,9.0,2,blank,WING ON TOWERS,永安閣,True,POINT Z (22.2693717 114.1955038 0),22.2693717,114.1955038
566,2015-08-05,"WING ON TOWERS(Block 2),BOYCE RD|永安閣2座,布思道",9644.73819830817,0,1260,"{'bay_window': '', 'flat_roof': '', 'roof': '', 'ac_platform': '', 'plant_room': '', 'garden': '', 'yard': ''}",28.0,25.7778,22222,20458.571428571428,15082001980010,4403598,ASP,HJL,渣甸山,1974/08,1974,52,B,12.0,2,blank,WING ON TOWERS,永安閣,True,POINT Z (22.2693717 114.1955038 0),22.2693717,114.1955038
567,2018-06-21,"WING ON TOWERS(Block 2),BOYCE RD|永安閣2座,布思道",10476.256911377382,0,1260,"{'bay_window': '', 'flat_roof': '', 'roof': '', 'ac_platform': '', 'plant_room': '', 'garden': '', 'yard': ''}",34.0,34.0,26984,26984.126984126982,18072000260030,5400425,PRE-ASP,HJL,渣甸山,1974/08,1974,52,B,10.0,2,blank,WING ON TOWERS,永安閣,False,POINT Z (22.2693717 114.1955038 0),22.2693717,114.1955038
568,2019-07-15,"WING ON TOWERS(Block 2),BOYCE RD|永安閣2座,布思道",10222.677426874852,0,1260,"{'bay_window': '', 'flat_roof': '', 'roof': '', 'ac_platform': '', 'plant_room': '', 'garden': '', 'yard': ''}",34.0,34.0,26984,26984.126984126982,19080202260234,5591990,ASP,HJL,渣甸山,1974/08,1974,52,A,7.0,2,blank,WING ON TOWERS,永安閣,False,POINT Z (22.2693717 114.1955038 0),22.2693717,114.1955038
569,2020-08-25,"WING ON TOWERS(Block 2),BOYCE RD|永安閣2座,布思道",10780.059470349215,0,1260,"{'bay_window': '', 'flat_roof': '', 'roof': '', 'ac_platform': '', 'plant_room': '', 'garden': '', 'yard': ''}",33.5,33.5,26587,26587.301587301587,20091400420070,5773363,ASP,HJL,渣甸山,1974/08,1974,52,A,6.0,2,blank,WING ON TOWERS,永安閣,False,POINT Z (22.2693717 114.1955038 0),22.2693717,114.1955038
570,2022-11-02,"WING ON TOWERS(Block 2),BOYCE RD|永安閣2座,布思道",9843.222969176872,0,1260,"{'bay_window': '', 'flat_roof': '', 'roof': '', 'ac_platform': '', 'plant_room': '', 'garden': '', 'yard': ''}",26.88,26.88,21333,21333.33333333333,22113000110014,6208988,PRE-ASP,HJL,渣甸山,1974/08,1974,52,B,6.0,2,blank,WING ON TOWERS,永安閣,False,POINT Z (22.2693717 114.1955038 0),22.2693717,114.1955038
571,2024-05-03,"WING ON TOWERS(Block 2),BOYCE RD|永安閣2座,布思道",12464.915757266022,0,1260,"{'bay_window': '', 'flat_roof': '', 'roof': '', 'ac_platform': '', 'plant_room': '', 'garden': '', 'yard': ''}",30.8,30.8,24444,24444.444444444445,24050801410019,6420070,ASP,HJL,渣甸山,1974/08,1974,52,A,15.0,2,blank,WING ON TOWERS,永安閣,False,POINT Z (22.2693717 114.1955038 0),22.2693717,114.1955038
572,1995-11-01,"TAI HANG TERR,CHUN FAI RD|大坑台,春暉道",5518.590998043052,595,511,"{'bay_window': '', 'flat_roof': '', 'roof': '', 'ac_platform': '', 'plant_room': '', 'garden': '', 'yard': ''}",2.82,2.82,5519,5518.590998043052,6475600,4782085,ASP,HJL,渣甸山,1975/06,1975,51,5,17.0,blank,blank,blank,,False,POINT Z (22.2742507 114.1938637 0),22.2742507,114.1938637
573,1995-12-01,"TAI HANG TERR,CHUN FAI RD|大坑台,春暉道",4612.333965844402,612,527,"{'bay_window': '', 'flat_roof': '', 'roof': '', 'ac_platform': '', 'plant_room': '', 'garden': '', 'yard': ''}",3.0,2.4307,5693,4612.333965844402,6479454,4789472,ASP,HJL,渣甸山,1975/06,1975,51,6,14.0,blank,blank,blank,,True,POINT Z (22.2742507 114.1938637 0),22.2742507,114.1938637
574,1996-01-16,"TAI HANG TERR,CHUN FAI RD|大坑台,春暉道",4335.673624288425,612,527,"{'bay_window': '', 'flat_roof': '', 'roof': '', 'ac_platform': '', 'plant_room': '', 'garden': '', 'yard': ''}",2.82,2.2849,5351,4335.673624288425,6519173,4794111,ASP,HJL,渣甸山,1975/06,1975,51,6,18.0,blank,blank,blank,,True,POINT Z (22.2742507 114.1938637 0),22.2742507,114.1938637
575,1996-02-01,"TAI HANG TERR,CHUN FAI RD|大坑台,春暉道",4356.751467710372,595,511,"{'bay_window': '', 'flat_roof': '', 'roof': '', 'ac_platform': '', 'plant_room': '', 'garden': '', 'yard': ''}",2.768,2.2263,5417,4356.751467710372,6531908,4797118,ASP,HJL,渣甸山,1975/06,1975,51,11,15.0,blank,blank,blank,,True,POINT Z (22.2742507 114.1938637 0),22.2742507,114.1938637
576,1996-01-23,"TAI HANG TERR,CHUN FAI RD|大坑台,春暉道",4083.542039355993,652,559,"{'bay_window': '', 'flat_roof': '', 'roof': '', 'ac_platform': '', 'plant_room': '', 'garden': '', 'yard': ''}",2.78,2.2827,4973,4083.542039355993,6534872,4799148,ASP,HJL,渣甸山,1975/06,1975,51,10,15.0,blank,blank,blank,,True,POINT Z (22.2742507 114.1938637 0),22.2742507,114.1938637
577,1996-02-10,"TAI HANG TERR,CHUN FAI RD|大坑台,春暉道",4412.105263157895,661,570,"{'bay_window': '', 'flat_roof': '', 'roof': '', 'ac_platform': '', 'plant_room': '', 'garden': '', 'yard': ''}",3.05,2.5149,5351,4412.105263157895,6545940,4804393,ASP,HJL,渣甸山,1975/06,1975,51,8,8.0,blank,blank,blank,,True,POINT Z (22.2742507 114.1938637 0),22.2742507,114.1938637
578,1996-02-13,"TAI HANG TERR,CHUN FAI RD|大坑台,春暉道",4508.96551724138,668,580,"{'bay_window': '', 'flat_roof': '', 'roof': '', 'ac_platform': '', 'plant_room': '', 'garden': '', 'yard': ''}",3.16,2.6152,5448,4508.96551724138,6547046,4804996,ASP,HJL,渣甸山,1975/06,1975,51,3,11.0,blank,blank,blank,,True,POINT Z (22.2742507 114.1938637 0),22.2742507,114.1938637
579,1996-02-10,"TAI HANG TERR,CHUN FAI RD|大坑台,春暉道",4665.071770334928,731,627,"{'bay_window': '', 'flat_roof': '', 'roof': '', 'ac_platform': '', 'plant_room': '', 'garden': '', 'yard': ''}",3.48,2.925,5550,4665.071770334928,6547617,4805368,PRO-ASP,HJL,渣甸山,1975/06,1975,51,7,10.0,blank,blank,blank,,True,POINT Z (22.2742507 114.1938637 0),22.2742507,114.1938637
580,1996-02-13,"TAI HANG TERR,CHUN FAI RD|大坑台,春暉道",4624.88038277512,731,627,"{'bay_window': '', 'flat_roof': '', 'roof': '', 'ac_platform': '', 'plant_room': '', 'garden': '', 'yard': ''}",3.45,2.8998,5502,4624.88038277512,6548960,4805369,ASP,HJL,渣甸山,1975/06,1975,51,1,9.0,blank,blank,blank,,True,POINT Z (22.2742507 114.1938637 0),22.2742507,114.1938637
581,1996-02-14,"TAI HANG TERR,CHUN FAI RD|大坑台,春暉道",4504.743833017078,612,527,"{'bay_window': '', 'flat_roof': '', 'roof': '', 'ac_platform': '', 'plant_room': '', 'garden': '', 'yard': ''}",2.93,2.374,5560,4504.743833017078,6549993,4806096,ASP,HJL,渣甸山,1975/06,1975,51,12,11.0,blank,blank,blank,,True,POINT Z (22.2742507 114.1938637 0),22.2742507,114.1938637
582,1996-02-26,"TAI HANG TERR,CHUN FAI RD|大坑台,春暉道",4105.438596491228,661,570,"{'bay_window': '', 'flat_roof': '', 'roof': '', 'ac_platform': '', 'plant_room': '', 'garden': '', 'yard': ''}",2.838,2.3401,4979,4105.438596491228,6553935,4809693,ASP,HJL,渣甸山,1975/06,1975,51,8,3.0,blank,blank,blank,,True,POINT Z (22.2742507 114.1938637 0),22.2742507,114.1938637
583,1996-02-15,"TAI HANG TERR,CHUN FAI RD|大坑台,春暉道",4489.373814041745,612,527,"{'bay_window': '', 'flat_roof': '', 'roof': '', 'ac_platform': '', 'plant_room': '', 'garden': '', 'yard': ''}",2.92,2.3659,5541,4489.373814041745,6561909,4815507,ASP,HJL,渣甸山,1975/06,1975,51,12,17.0,blank,blank,blank,,True,POINT Z (22.2742507 114.1938637 0),22.2742507,114.1938637
584,1996-03-21,"TAI HANG TERR,CHUN FAI RD|大坑台,春暉道",4501.565557729941,595,511,"{'bay_window': '', 'flat_roof': '', 'roof': '', 'ac_platform': '', 'plant_room': '', 'garden': '', 'yard': ''}",2.86,2.3003,5597,4501.565557729941,6577637,4817531,ASP,HJL,渣甸山,1975/06,1975,51,5,13.0,blank,blank,blank,,True,POINT Z (22.2742507 114.1938637 0),22.2742507,114.1938637
585,1996-04-03,"TAI HANG TERR,CHUN FAI RD|大坑台,春暉道",4375.73385518591,595,511,"{'bay_window': '', 'flat_roof': '', 'roof': '', 'ac_platform': '', 'plant_room': '', 'garden': '', 'yard': ''}",2.78,2.236,5440,4375.73385518591,6587051,4822956,ASP,HJL,渣甸山,1975/06,1975,51,11,5.0,blank,blank,blank,,True,POINT Z (22.2742507 114.1938637 0),22.2742507,114.1938637
586,1996-04-09,"TAI HANG TERR,CHUN FAI RD|大坑台,春暉道",4879.827586206897,668,580,"{'bay_window': '', 'flat_roof': '', 'roof': '', 'ac_platform': '', 'plant_room': '', 'garden': '', 'yard': ''}",3.42,2.8303,5897,4879.827586206897,6592385,4819412,ASP,HJL,渣甸山,1975/06,1975,51,3,18.0,blank,blank,blank,,True,POINT Z (22.2742507 114.1938637 0),22.2742507,114.1938637
587,1996-04-03,"TAI HANG TERR,CHUN FAI RD|大坑台,春暉道",4961.754385964913,661,570,"{'bay_window': '', 'flat_roof': '', 'roof': '', 'ac_platform': '', 'plant_room': '', 'garden': '', 'yard': ''}",3.43,2.8282000000000003,6018,4961.754385964913,6596239,4821157,ASP,HJL,渣甸山,1975/06,1975,51,2,4.0,blank,blank,blank,,True,POINT Z (22.2742507 114.1938637 0),22.2742507,114.1938637
588,1996-04-03,"TAI HANG TERR,CHUN FAI RD|大坑台,春暉道",4889.473684210527,661,570,"{'bay_window': '', 'flat_roof': '', 'roof': '', 'ac_platform': '', 'plant_room': '', 'garden': '', 'yard': ''}",3.38,2.787,5930,4889.473684210527,6605453,4829154,ASP,HJL,渣甸山,1975/06,1975,51,2,16.0,blank,blank,blank,,True,POINT Z (22.2742507 114.1938637 0),22.2742507,114.1938637
589,1996-05-09,"TAI HANG TERR,CHUN FAI RD|大坑台,春暉道",4627.01252236136,652,559,"{'bay_window': '', 'flat_roof': '', 'roof': '', 'ac_platform': '', 'plant_room': '', 'garden': '', 'yard': ''}",3.15,2.5865,5635,4627.01252236136,6630680,4838138,ASP,HJL,渣甸山,1975/06,1975,51,10,10.0,blank,blank,blank,,True,POINT Z (22.2742507 114.1938637 0),22.2742507,114.1938637
590,1996-05-16,"TAI HANG TERR,CHUN FAI RD|大坑台,春暉道",5697.288676236045,731,627,"{'bay_window': '', 'flat_roof': '', 'roof': '', 'ac_platform': '', 'plant_room': '', 'garden': '', 'yard': ''}",4.25,3.5722,6778,5697.288676236045,6635332,4840291,ASP,HJL,渣甸山,1975/06,1975,51,1,11.0,blank,blank,blank,,True,POINT Z (22.2742507 114.1938637 0),22.2742507,114.1938637
591,1996-05-01,"TAI HANG TERR,CHUN FAI RD|大坑台,春暉道",4304.933586337761,612,527,"{'bay_window': '', 'flat_roof': '', 'roof': '', 'ac_platform': '', 'plant_room': '', 'garden': '', 'yard': ''}",2.8,2.2687,5313,4304.933586337761,6643709,4844491,ASP,HJL,渣甸山,1975/06,1975,51,12,2.0,blank,blank,blank,,True,POINT Z (22.2742507 114.1938637 0),22.2742507,114.1938637
592,1996-05-01,"TAI HANG TERR,CHUN FAI RD|大坑台,春暉道",4797.455968688845,595,511,"{'bay_window': '', 'flat_roof': '', 'roof': '', 'ac_platform': '', 'plant_room': '', 'garden': '', 'yard': ''}",3.048,2.4515,5965,4797.455968688845,6652484,4849030,ASP,HJL,渣甸山,1975/06,1975,51,11,10.0,blank,blank,blank,,True,POINT Z (22.2742507 114.1938637 0),22.2742507,114.1938637
593,1996-06-01,"TAI HANG TERR,CHUN FAI RD|大坑台,春暉道",5119.734345351044,612,527,"{'bay_window': '', 'flat_roof': '', 'roof': '', 'ac_platform': '', 'plant_room': '', 'garden': '', 'yard': ''}",3.33,2.6981,6319,5119.734345351044,6652979,4849031,ASP,HJL,渣甸山,1975/06,1975,51,12,19.0,blank,blank,blank,,True,POINT Z (22.2742507 114.1938637 0),22.2742507,114.1938637
594,1996-06-22,"TAI HANG TERR,CHUN FAI RD|大坑台,春暉道",4772.248803827752,731,627,"{'bay_window': '', 'flat_roof': '', 'roof': '', 'ac_platform': '', 'plant_room': '', 'garden': '', 'yard': ''}",3.56,2.9922,5678,4772.248803827752,6689036,4860444,ASP,HJL,渣甸山,1975/06,1975,51,7,9.0,blank,blank,blank,,True,POINT Z (22.2742507 114.1938637 0),22.2742507,114.1938637
595,1996-07-12,"TAI HANG TERR,CHUN FAI RD|大坑台,春暉道",4817.19298245614,661,570,"{'bay_window': '', 'flat_roof': '', 'roof': '', 'ac_platform': '', 'plant_room': '', 'garden': '', 'yard': ''}",3.33,2.7458,5842,4817.19298245614,6697658,4863098,ASP,HJL,渣甸山,1975/06,1975,51,8,7.0,blank,blank,blank,,True,POINT Z (22.2742507 114.1938637 0),22.2742507,114.1938637
596,1996-06-26,"TAI HANG TERR,CHUN FAI RD|大坑台,春暉道",5012.144212523719,612,527,"{'bay_window': '', 'flat_roof': '', 'roof': '', 'ac_platform': '', 'plant_room': '', 'garden': '', 'yard': ''}",3.26,2.6414,6186,5012.144212523719,6698293,4863099,PRO-ASP,HJL,渣甸山,1975/06,1975,51,6,7.0,blank,blank,blank,,True,POINT Z (22.2742507 114.1938637 0),22.2742507,114.1938637
597,1996-07-29,"TAI HANG TERR,CHUN FAI RD|大坑台,春暉道",5088.99430740038,612,527,"{'bay_window': '', 'flat_roof': '', 'roof': '', 'ac_platform': '', 'plant_room': '', 'garden': '', 'yard': ''}",3.31,2.6819,6281,5088.99430740038,6716593,4871920,ASP,HJL,渣甸山,1975/06,1975,51,6,5.0,blank,blank,blank,,True,POINT Z (22.2742507 114.1938637 0),22.2742507,114.1938637
598,1996-07-12,"TAI HANG TERR,CHUN FAI RD|大坑台,春暉道",5352.456140350878,661,570,"{'bay_window': '', 'flat_roof': '', 'roof': '', 'ac_platform': '', 'plant_room': '', 'garden': '', 'yard': ''}",3.7,3.0509000000000004,6491,5352.456140350878,6723009,4866316,ASP,HJL,渣甸山,1975/06,1975,51,2,17.0,blank,blank,blank,,True,POINT Z (22.2742507 114.1938637 0),22.2742507,114.1938637
599,1996-09-19,"TAI HANG TERR,CHUN FAI RD|大坑台,春暉道",4847.406082289804,652,559,"{'bay_window': '', 'flat_roof': '', 'roof': '', 'ac_platform': '', 'plant_room': '', 'garden': '', 'yard': ''}",3.3,2.7097,5903,4847.406082289804,6774441,4883713,ASP,HJL,渣甸山,1975/06,1975,51,10,12.0,blank,blank,blank,,True,POINT Z (22.2742507 114.1938637 0),22.2742507,114.1938637
600,1996-09-20,"TAI HANG TERR,CHUN FAI RD|大坑台,春暉道",5381.214421252372,612,527,"{'bay_window': '', 'flat_roof': '', 'roof': '', 'ac_platform': '', 'plant_room': '', 'garden': '', 'yard': ''}",3.5,2.8359,6641,5381.214421252372,6779638,4886300,ASP,HJL,渣甸山,1975/06,1975,51,6,2.0,blank,blank,blank,,True,POINT Z (22.2742507 114.1938637 0),22.2742507,114.1938637
601,1996-09-30,"TAI HANG TERR,CHUN FAI RD|大坑台,春暉道",2819.626168224299,1247,1070,"{'bay_window': '', 'flat_roof': '', 'roof': '', 'ac_platform': '', 'plant_room': '', 'garden': '', 'yard': ''}",3.328,3.017,3110,2819.626168224299,6780477,4886301,ASP,HJL,渣甸山,1975/06,1975,51,1011,2.0,blank,blank,blank,,True,POINT Z (22.2742507 114.1938637 0),22.2742507,114.1938637
602,1996-08-30,"TAI HANG TERR,CHUN FAI RD|大坑台,春暉道",4847.406082289804,652,559,"{'bay_window': '', 'flat_roof': '', 'roof': '', 'ac_platform': '', 'plant_room': '', 'garden': '', 'yard': ''}",3.3,2.7097,5903,4847.406082289804,6783780,4889000,ASP,HJL,渣甸山,1975/06,1975,51,4,16.0,blank,blank,blank,,True,POINT Z (22.2742507 114.1938637 0),22.2742507,114.1938637
603,1996-10-15,"TAI HANG TERR,CHUN FAI RD|大坑台,春暉道",5657.874762808349,612,527,"{'bay_window': '', 'flat_roof': '', 'roof': '', 'ac_platform': '', 'plant_room': '', 'garden': '', 'yard': ''}",3.68,2.9817,6983,5657.874762808349,6805512,4895882,ASP,HJL,渣甸山,1975/06,1975,51,6,8.0,blank,blank,blank,,True,POINT Z (22.2742507 114.1938637 0),22.2742507,114.1938637
604,1996-10-09,"TAI HANG TERR,CHUN FAI RD|大坑台,春暉道",5227.324478178368,612,527,"{'bay_window': '', 'flat_roof': '', 'roof': '', 'ac_platform': '', 'plant_room': '', 'garden': '', 'yard': ''}",3.4,2.7548,6452,5227.324478178368,6808562,4904516,ASP,HJL,渣甸山,1975/06,1975,51,12,12.0,blank,blank,blank,,True,POINT Z (22.2742507 114.1938637 0),22.2742507,114.1938637
605,1996-10-14,"TAI HANG TERR,CHUN FAI RD|大坑台,春暉道",5473.434535104364,612,527,"{'bay_window': '', 'flat_roof': '', 'roof': '', 'ac_platform': '', 'plant_room': '', 'garden': '', 'yard': ''}",3.56,2.8845,6755,5473.434535104364,6810108,4904517,ASP,HJL,渣甸山,1975/06,1975,51,12,14.0,blank,blank,blank,,True,POINT Z (22.2742507 114.1938637 0),22.2742507,114.1938637
606,1996-10-24,"TAI HANG TERR,CHUN FAI RD|大坑台,春暉道",5161.084529505582,731,627,"{'bay_window': '', 'flat_roof': '', 'roof': '', 'ac_platform': '', 'plant_room': '', 'garden': '', 'yard': ''}",3.85,3.236,6140,5161.084529505582,6820847,4908288,ASP,HJL,渣甸山,1975/06,1975,51,1,4.0,blank,blank,blank,,True,POINT Z (22.2742507 114.1938637 0),22.2742507,114.1938637
607,1996-10-23,"TAI HANG TERR,CHUN FAI RD|大坑台,春暉道",5405.545617173524,652,559,"{'bay_window': '', 'flat_roof': '', 'roof': '', 'ac_platform': '', 'plant_room': '', 'garden': '', 'yard': ''}",3.68,3.0217,6583,5405.545617173524,6825356,4919437,SUB-ASP,HJL,渣甸山,1975/06,1975,51,10,12.0,blank,blank,blank,,True,POINT Z (22.2742507 114.1938637 0),22.2742507,114.1938637
608,1996-11-06,"TAI HANG TERR,CHUN FAI RD|大坑台,春暉道",5707.413793103448,668,580,"{'bay_window': '', 'flat_roof': '', 'roof': '', 'ac_platform': '', 'plant_room': '', 'garden': '', 'yard': ''}",4.0,3.3103,6897,5707.413793103448,6835933,4911838,ASP,HJL,渣甸山,1975/06,1975,51,9,20.0,blank,blank,blank,,True,POINT Z (22.2742507 114.1938637 0),22.2742507,114.1938637
609,1996-11-14,"TAI HANG TERR,CHUN FAI RD|大坑台,春暉道",6056.459330143541,731,627,"{'bay_window': '', 'flat_roof': '', 'roof': '', 'ac_platform': '', 'plant_room': '', 'garden': '', 'yard': ''}",4.518,3.7974,7206,6056.459330143541,6861047,4925924,ASP,HJL,渣甸山,1975/06,1975,51,7,14.0,blank,blank,blank,,True,POINT Z (22.2742507 114.1938637 0),22.2742507,114.1938637
610,1996-11-22,"TAI HANG TERR,CHUN FAI RD|大坑台,春暉道",5844.210526315789,661,570,"{'bay_window': '', 'flat_roof': '', 'roof': '', 'ac_platform': '', 'plant_room': '', 'garden': '', 'yard': ''}",4.04,3.3312,7088,5844.210526315789,6872513,4928978,ASP,HJL,渣甸山,1975/06,1975,51,2,12.0,blank,blank,blank,,True,POINT Z (22.2742507 114.1938637 0),22.2742507,114.1938637
611,1996-11-05,"TAI HANG TERR,CHUN FAI RD|大坑台,春暉道",6029.665071770335,731,627,"{'bay_window': '', 'flat_roof': '', 'roof': '', 'ac_platform': '', 'plant_room': '', 'garden': '', 'yard': ''}",4.498,3.7806,7174,6029.665071770335,6876667,4933553,ASP,HJL,渣甸山,1975/06,1975,51,1,14.0,blank,blank,blank,,True,POINT Z (22.2742507 114.1938637 0),22.2742507,114.1938637
612,1996-12-23,"TAI HANG TERR,CHUN FAI RD|大坑台,春暉道",7005.87084148728,595,511,"{'bay_window': '', 'flat_roof': '', 'roof': '', 'ac_platform': '', 'plant_room': '', 'garden': '', 'yard': ''}",3.58,3.58,7006,7005.87084148728,6880677,4935551,ASP,HJL,渣甸山,1975/06,1975,51,5,6.0,blank,blank,blank,,False,POINT Z (22.2742507 114.1938637 0),22.2742507,114.1938637
613,1996-12-06,"TAI HANG TERR,CHUN FAI RD|大坑台,春暉道",5918.199608610567,595,511,"{'bay_window': '', 'flat_roof': '', 'roof': '', 'ac_platform': '', 'plant_room': '', 'garden': '', 'yard': ''}",3.76,3.0242,7358,5918.199608610567,6883231,4936637,ASP,HJL,渣甸山,1975/06,1975,51,5,12.0,blank,blank,blank,,True,POINT Z (22.2742507 114.1938637 0),22.2742507,114.1938637
614,1996-12-28,"TAI HANG TERR,CHUN FAI RD|大坑台,春暉道",5846.153846153846,652,559,"{'bay_window': '', 'flat_roof': '', 'roof': '', 'ac_platform': '', 'plant_room': '', 'garden': '', 'yard': ''}",3.98,3.268,7120,5846.153846153846,6898770,4938748,ASP,HJL,渣甸山,1975/06,1975,51,10,18.0,blank,blank,blank,,True,POINT Z (22.2742507 114.1938637 0),22.2742507,114.1938637
615,1997-01-06,"TAI HANG TERR,CHUN FAI RD|大坑台,春暉道",5678.96551724138,668,580,"{'bay_window': '', 'flat_roof': '', 'roof': '', 'ac_platform': '', 'plant_room': '', 'garden': '', 'yard': ''}",3.98,3.2938,6862,5678.96551724138,6902718,4960213,ASP,HJL,渣甸山,1975/06,1975,51,3,14.0,blank,blank,blank,,True,POINT Z (22.2742507 114.1938637 0),22.2742507,114.1938637
616,1996-11-26,"TAI HANG TERR,CHUN FAI RD|大坑台,春暉道",5636.206896551724,668,580,"{'bay_window': '', 'flat_roof': '', 'roof': '', 'ac_platform': '', 'plant_room': '', 'garden': '', 'yard': ''}",3.95,3.269,6810,5636.206896551724,6907760,4945187,ASP,HJL,渣甸山,1975/06,1975,51,9,5.0,blank,blank,blank,,True,POINT Z (22.2742507 114.1938637 0),22.2742507,114.1938637
617,1996-12-31,"TAI HANG TERR,CHUN FAI RD|大坑台,春暉道",6380.45540796964,612,527,"{'bay_window': '', 'flat_roof': '', 'roof': '', 'ac_platform': '', 'plant_room': '', 'garden': '', 'yard': ''}",4.15,3.3625000000000003,7875,6380.45540796964,6909442,4946113,ASP,HJL,渣甸山,1975/06,1975,51,12,4.0,blank,blank,blank,,True,POINT Z (22.2742507 114.1938637 0),22.2742507,114.1938637
618,1996-12-20,"TAI HANG TERR,CHUN FAI RD|大坑台,春暉道",5036.790606653622,595,511,"{'bay_window': '', 'flat_roof': '', 'roof': '', 'ac_platform': '', 'plant_room': '', 'garden': '', 'yard': ''}",3.2,2.5738000000000003,6262,5036.790606653622,6918217,4946643,ASP,HJL,渣甸山,1975/06,1975,51,11,7.0,blank,blank,blank,,True,POINT Z (22.2742507 114.1938637 0),22.2742507,114.1938637
619,1997-02-04,"TAI HANG TERR,CHUN FAI RD|大坑台,春暉道",6810.202374586481,731,627,"{'bay_window': '', 'flat_roof': '', 'roof': '', 'ac_platform': '', 'plant_room': '', 'garden': '', 'yard': ''}",5.2,4.3707,8293,6970.813397129186,6939781,4972599,ASP,HJL,渣甸山,1975/06,1975,51,7,5.0,blank,blank,blank,,True,POINT Z (22.2742507 114.1938637 0),22.2742507,114.1938637
620,1997-02-10,"TAI HANG TERR,CHUN FAI RD|大坑台,春暉道",7969.932767293535,661,570,"{'bay_window': '', 'flat_roof': '', 'roof': '', 'ac_platform': '', 'plant_room': '', 'garden': '', 'yard': ''}",4.65,4.65,8158,8157.894736842105,6947656,4976918,ASP,HJL,渣甸山,1975/06,1975,51,8,9.0,blank,blank,blank,,False,POINT Z (22.2742507 114.1938637 0),22.2742507,114.1938637
621,1996-12-31,"TAI HANG TERR,CHUN FAI RD|大坑台,春暉道",6610.763209393347,595,511,"{'bay_window': '', 'flat_roof': '', 'roof': '', 'ac_platform': '', 'plant_room': '', 'garden': '', 'yard': ''}",4.2,3.3781000000000003,8219,6610.763209393347,6993545,4949165,ASP,HJL,渣甸山,1975/06,1975,51,11,20.0,blank,blank,blank,,True,POINT Z (22.2742507 114.1938637 0),22.2742507,114.1938637
622,1997-03-05,"TAI HANG TERR,CHUN FAI RD|大坑台,春暉道",5930.24831496426,661,570,"{'bay_window': '', 'flat_roof': '', 'roof': '', 'ac_platform': '', 'plant_room': '', 'garden': '', 'yard': ''}",4.6,3.793,8070,6654.3859649122805,6997566,4992067,ASP,HJL,渣甸山,1975/06,1975,51,8,5.0,blank,blank,blank,,True,POINT Z (22.2742507 114.1938637 0),22.2742507,114.1938637
623,1997-03-12,"TAI HANG TERR,CHUN FAI RD|大坑台,春暉道",6617.891074164483,612,527,"{'bay_window': '', 'flat_roof': '', 'roof': '', 'ac_platform': '', 'plant_room': '', 'garden': '', 'yard': ''}",4.83,3.9135,9165,7425.996204933586,7001649,4993784,ASP,HJL,渣甸山,1975/06,1975,51,6,14.0,blank,blank,blank,,True,POINT Z (22.2742507 114.1938637 0),22.2742507,114.1938637
624,1997-04-03,"TAI HANG TERR,CHUN FAI RD|大坑台,春暉道",6657.031641646637,731,627,"{'bay_window': '', 'flat_roof': '', 'roof': '', 'ac_platform': '', 'plant_room': '', 'garden': '', 'yard': ''}",5.538,4.6547,8833,7423.763955342903,7046669,5017033,ASP,HJL,渣甸山,1975/06,1975,51,1,10.0,blank,blank,blank,,True,POINT Z (22.2742507 114.1938637 0),22.2742507,114.1938637
625,1997-04-30,"TAI HANG TERR,CHUN FAI RD|大坑台,春暉道",6207.367534748099,595,511,"{'bay_window': '', 'flat_roof': '', 'roof': '', 'ac_platform': '', 'plant_room': '', 'garden': '', 'yard': ''}",4.398,3.5373,8607,6922.309197651663,7066915,5025445,ASP,HJL,渣甸山,1975/06,1975,51,5,4.0,blank,blank,blank,,True,POINT Z (22.2742507 114.1938637 0),22.2742507,114.1938637
626,1997-04-16,"TAI HANG TERR,CHUN FAI RD|大坑台,春暉道",8678.196663436285,661,570,"{'bay_window': '', 'flat_roof': '', 'roof': '', 'ac_platform': '', 'plant_room': '', 'garden': '', 'yard': ''}",6.69,5.5163,11737,9677.719298245614,7071268,5027482,ASP,HJL,渣甸山,1975/06,1975,51,8,21.0,blank,blank,blank,,True,POINT Z (22.2742507 114.1938637 0),22.2742507,114.1938637
627,1997-05-05,"TAI HANG TERR,CHUN FAI RD|大坑台,春暉道",5856.229966061881,652,559,"{'bay_window': '', 'flat_roof': '', 'roof': '', 'ac_platform': '', 'plant_room': '', 'garden': '', 'yard': ''}",4.65,3.818200000000001,8318,6830.411449016102,7073257,5027938,ASP,HJL,渣甸山,1975/06,1975,51,4,18.0,blank,blank,blank,,True,POINT Z (22.2742507 114.1938637 0),22.2742507,114.1938637
628,1997-04-19,"TAI HANG TERR,CHUN FAI RD|大坑台,春暉道",5514.737974627031,612,527,"{'bay_window': '', 'flat_roof': '', 'roof': '', 'ac_platform': '', 'plant_room': '', 'garden': '', 'yard': ''}",4.0,3.241,7590,6149.9051233396585,7073835,5028028,PRO-ASP,HJL,渣甸山,1975/06,1975,51,12,2.0,blank,blank,blank,,True,POINT Z (22.2742507 114.1938637 0),22.2742507,114.1938637
629,1997-05-15,"TAI HANG TERR,CHUN FAI RD|大坑台,春暉道",5378.203329559164,612,527,"{'bay_window': '', 'flat_roof': '', 'roof': '', 'ac_platform': '', 'plant_room': '', 'garden': '', 'yard': ''}",4.08,3.3058,7742,6272.865275142315,7102057,5038912,ASP,HJL,渣甸山,1975/06,1975,51,12,3.0,blank,blank,blank,,True,POINT Z (22.2742507 114.1938637 0),22.2742507,114.1938637
630,1997-05-19,"TAI HANG TERR,CHUN FAI RD|大坑台,春暉道",6261.446897717453,612,527,"{'bay_window': '', 'flat_roof': '', 'roof': '', 'ac_platform': '', 'plant_room': '', 'garden': '', 'yard': ''}",4.75,3.8487,9013,7303.03605313093,7102338,5038958,ASP,HJL,渣甸山,1975/06,1975,51,12,15.0,blank,blank,blank,,True,POINT Z (22.2742507 114.1938637 0),22.2742507,114.1938637
631,1997-05-01,"TAI HANG TERR,CHUN FAI RD|大坑台,春暉道",5953.347298633443,661,570,"{'bay_window': '', 'flat_roof': '', 'roof': '', 'ac_platform': '', 'plant_room': '', 'garden': '', 'yard': ''}",4.8,3.9579,8421,6943.684210526316,7104272,5039683,SUB-ASP,HJL,渣甸山,1975/06,1975,51,2,12.0,blank,blank,blank,,True,POINT Z (22.2742507 114.1938637 0),22.2742507,114.1938637
632,1997-05-28,"TAI HANG TERR,CHUN FAI RD|大坑台,春暉道",6520.491323130737,668,580,"{'bay_window': '', 'flat_roof': '', 'roof': '', 'ac_platform': '', 'plant_room': '', 'garden': '', 'yard': ''}",5.33,4.411,9190,7605.172413793103,7115128,5043315,ASP,HJL,渣甸山,1975/06,1975,51,3,11.0,blank,blank,blank,,True,POINT Z (22.2742507 114.1938637 0),22.2742507,114.1938637
633,1997-05-24,"TAI HANG TERR,CHUN FAI RD|大坑台,春暉道",6050.438073274406,612,527,"{'bay_window': '', 'flat_roof': '', 'roof': '', 'ac_platform': '', 'plant_room': '', 'garden': '', 'yard': ''}",4.59,3.719,8710,7056.925996204934,7119570,5044944,ASP,HJL,渣甸山,1975/06,1975,51,6,7.0,blank,blank,blank,,True,POINT Z (22.2742507 114.1938637 0),22.2742507,114.1938637
634,1997-06-05,"TAI HANG TERR,CHUN FAI RD|大坑台,春暉道",5475.549725763129,612,527,"{'bay_window': '', 'flat_roof': '', 'roof': '', 'ac_platform': '', 'plant_room': '', 'garden': '', 'yard': ''}",4.4,3.5651,8349,6764.895635673624,7151905,5065962,ASP,HJL,渣甸山,1975/06,1975,51,12,2.0,blank,blank,blank,,True,POINT Z (22.2742507 114.1938637 0),22.2742507,114.1938637
635,1997-06-10,"TAI HANG TERR,CHUN FAI RD|大坑台,春暉道",5832.331219901328,668,580,"{'bay_window': '', 'flat_roof': '', 'roof': '', 'ac_platform': '', 'plant_room': '', 'garden': '', 'yard': ''}",5.05,4.1793,8707,7205.689655172413,7153324,5064741,ASP,HJL,渣甸山,1975/06,1975,51,9,15.0,blank,blank,blank,,True,POINT Z (22.2742507 114.1938637 0),22.2742507,114.1938637
636,1997-05-30,"TAI HANG TERR,CHUN FAI RD|大坑台,春暉道",6361.4333166993465,668,580,"{'bay_window': '', 'flat_roof': '', 'roof': '', 'ac_platform': '', 'plant_room': '', 'garden': '', 'yard': ''}",5.2,4.3034,8966,7419.6551724137935,7153451,5050970,ASP,HJL,渣甸山,1975/06,1975,51,9,7.0,blank,blank,blank,,True,POINT Z (22.2742507 114.1938637 0),22.2742507,114.1938637
637,1997-06-19,"TAI HANG TERR,CHUN FAI RD|大坑台,春暉道",6063.597712311667,652,559,"{'bay_window': '', 'flat_roof': '', 'roof': '', 'ac_platform': '', 'plant_room': '', 'garden': '', 'yard': ''}",5.1,4.1877,9123,7491.413237924867,7163451,5071065,ASP,HJL,渣甸山,1975/06,1975,51,10,8.0,blank,blank,blank,,True,POINT Z (22.2742507 114.1938637 0),22.2742507,114.1938637
638,1997-06-27,"TAI HANG TERR,CHUN FAI RD|大坑台,春暉道",6063.291145461511,668,580,"{'bay_window': '', 'flat_roof': '', 'roof': '', 'ac_platform': '', 'plant_room': '', 'garden': '', 'yard': ''}",5.25,4.3448,9052,7491.0344827586205,7176312,5075826,ASP,HJL,渣甸山,1975/06,1975,51,9,18.0,blank,blank,blank,,True,POINT Z (22.2742507 114.1938637 0),22.2742507,114.1938637
639,1997-06-25,"TAI HANG TERR,CHUN FAI RD|大坑台,春暉道",6375.19170958659,668,580,"{'bay_window': '', 'flat_roof': '', 'roof': '', 'ac_platform': '', 'plant_room': '', 'garden': '', 'yard': ''}",5.52,4.5683,9517,7876.379310344828,7193233,5080410,ASP,HJL,渣甸山,1975/06,1975,51,9,14.0,blank,blank,blank,,True,POINT Z (22.2742507 114.1938637 0),22.2742507,114.1938637
640,1997-06-20,"TAI HANG TERR,CHUN FAI RD|大坑台,春暉道",6693.545534654723,731,627,"{'bay_window': '', 'flat_roof': '', 'roof': '', 'ac_platform': '', 'plant_room': '', 'garden': '', 'yard': ''}",6.169,5.185099999999999,9839,8269.696969696968,7197360,5081392,ASP,HJL,渣甸山,1975/06,1975,51,1,7.0,blank,blank,blank,,True,POINT Z (22.2742507 114.1938637 0),22.2742507,114.1938637
641,1997-08-29,"TAI HANG TERR,CHUN FAI RD|大坑台,春暉道",4804.884991317177,612,527,"{'bay_window': '', 'flat_roof': '', 'roof': '', 'ac_platform': '', 'plant_room': '', 'garden': '', 'yard': ''}",3.75,3.0384,7116,5765.464895635673,7259128,5099782,ASP,HJL,渣甸山,1975/06,1975,51,12,11.0,blank,blank,blank,,True,POINT Z (22.2742507 114.1938637 0),22.2742507,114.1938637
642,1997-08-19,"TAI HANG TERR,CHUN FAI RD|大坑台,春暉道",5886.32493043729,668,580,"{'bay_window': '', 'flat_roof': '', 'roof': '', 'ac_platform': '', 'plant_room': '', 'garden': '', 'yard': ''}",4.95,4.0966000000000005,8534,7063.103448275863,7273669,5105292,ASP,HJL,渣甸山,1975/06,1975,51,9,8.0,blank,blank,blank,,True,POINT Z (22.2742507 114.1938637 0),22.2742507,114.1938637
643,1997-09-02,"TAI HANG TERR,CHUN FAI RD|大坑台,春暉道",5606.286971231504,595,511,"{'bay_window': '', 'flat_roof': '', 'roof': '', 'ac_platform': '', 'plant_room': '', 'garden': '', 'yard': ''}",4.268,3.4328,8352,6717.808219178082,7275846,5106808,ASP,HJL,渣甸山,1975/06,1975,51,11,2.0,blank,blank,blank,,True,POINT Z (22.2742507 114.1938637 0),22.2742507,114.1938637
644,1997-10-09,"TAI HANG TERR,CHUN FAI RD|大坑台,春暉道",6370.09861349853,652,559,"{'bay_window': '', 'flat_roof': '', 'roof': '', 'ac_platform': '', 'plant_room': '', 'garden': '', 'yard': ''}",5.33,4.3765,9535,7829.159212880143,7308481,5118337,ASP,HJL,渣甸山,1975/06,1975,51,10,19.0,blank,blank,blank,,True,POINT Z (22.2742507 114.1938637 0),22.2742507,114.1938637
645,1997-10-08,"TAI HANG TERR,CHUN FAI RD|大坑台,春暉道",6083.016113834481,595,511,"{'bay_window': '', 'flat_roof': '', 'roof': '', 'ac_platform': '', 'plant_room': '', 'garden': '', 'yard': ''}",4.75,3.8204,9296,7476.320939334638,7312989,5124114,ASP,HJL,渣甸山,1975/06,1975,51,5,16.0,blank,blank,blank,,True,POINT Z (22.2742507 114.1938637 0),22.2742507,114.1938637
646,1997-10-08,"TAI HANG TERR,CHUN FAI RD|大坑台,春暉道",7427.826973886989,595,511,"{'bay_window': '', 'flat_roof': '', 'roof': '511', 'ac_platform': '', 'plant_room': '', 'garden': '', 'yard': ''}",5.8,4.665,11350,9129.158512720156,7314099,5120541,ASP,HJL,渣甸山,1975/06,1975,51,11,21.0,blank,blank,blank,,True,POINT Z (22.2742507 114.1938637 0),22.2742507,114.1938637
647,1997-10-15,"TAI HANG TERR,CHUN FAI RD|大坑台,春暉道",7089.547863604467,731,627,"{'bay_window': '', 'flat_roof': '', 'roof': '', 'ac_platform': '', 'plant_room': '', 'garden': '', 'yard': ''}",6.5,5.4633,10367,8713.397129186604,7322478,5125200,ASP,HJL,渣甸山,1975/06,1975,51,7,18.0,blank,blank,blank,,True,POINT Z (22.2742507 114.1938637 0),22.2742507,114.1938637
648,1997-10-28,"TAI HANG TERR,CHUN FAI RD|大坑台,春暉道",6416.113949405147,595,511,"{'bay_window': '', 'flat_roof': '', 'roof': '', 'ac_platform': '', 'plant_room': '', 'garden': '', 'yard': ''}",5.01,4.029599999999999,9804,7885.714285714284,7341082,5133913,ASP,HJL,渣甸山,1975/06,1975,51,5,11.0,blank,blank,blank,,True,POINT Z (22.2742507 114.1938637 0),22.2742507,114.1938637
649,1997-11-08,"TAI HANG TERR,CHUN FAI RD|大坑台,春暉道",6761.570880596219,668,580,"{'bay_window': '', 'flat_roof': '', 'roof': '', 'ac_platform': '', 'plant_room': '', 'garden': '', 'yard': ''}",5.47,4.5269,9431,7805.0,7341952,5134500,ASP,HJL,渣甸山,1975/06,1975,51,3,12.0,blank,blank,blank,,True,POINT Z (22.2742507 114.1938637 0),22.2742507,114.1938637
650,1997-10-23,"TAI HANG TERR,CHUN FAI RD|大坑台,春暉道",5634.798902012577,595,511,"{'bay_window': '', 'flat_roof': '60', 'roof': '', 'ac_platform': '', 'plant_room': '', 'garden': '', 'yard': ''}",4.4,3.5389000000000004,8611,6925.440313111547,7352818,5139470,ASP,HJL,渣甸山,1975/06,1975,51,5,2.0,blank,blank,blank,,True,POINT Z (22.2742507 114.1938637 0),22.2742507,114.1938637
651,1997-12-12,"TAI HANG TERR,CHUN FAI RD|大坑台,春暉道",6400.910124751569,661,570,"{'bay_window': '', 'flat_roof': '', 'roof': '', 'ac_platform': '', 'plant_room': '', 'garden': '', 'yard': ''}",4.9,4.0404,8596,7088.421052631579,7381718,5146793,ASP,HJL,渣甸山,1975/06,1975,51,8,14.0,blank,blank,blank,,True,POINT Z (22.2742507 114.1938637 0),22.2742507,114.1938637
652,1997-12-13,"TAI HANG TERR,CHUN FAI RD|大坑台,春暉道",6680.148241771779,595,511,"{'bay_window': '', 'flat_roof': '', 'roof': '', 'ac_platform': '', 'plant_room': '', 'garden': '', 'yard': ''}",4.7,3.7802,9198,7397.651663405088,7384413,5147419,ASP,HJL,渣甸山,1975/06,1975,51,11,5.0,blank,blank,blank,,True,POINT Z (22.2742507 114.1938637 0),22.2742507,114.1938637
653,1997-12-22,"TAI HANG TERR,CHUN FAI RD|大坑台,春暉道",6700.01761501416,668,580,"{'bay_window': '', 'flat_roof': '', 'roof': '', 'ac_platform': '', 'plant_room': '', 'garden': '', 'yard': ''}",5.2,4.3034,8966,7419.6551724137935,7388050,5150570,ASP,HJL,渣甸山,1975/06,1975,51,3,16.0,blank,blank,blank,,True,POINT Z (22.2742507 114.1938637 0),22.2742507,114.1938637
654,1997-12-22,"TAI HANG TERR,CHUN FAI RD|大坑台,春暉道",6074.242550322361,661,570,"{'bay_window': '', 'flat_roof': '', 'roof': '', 'ac_platform': '', 'plant_room': '', 'garden': '', 'yard': ''}",4.65,3.834200000000001,8158,6726.666666666668,7390296,5150009,ASP,HJL,渣甸山,1975/06,1975,51,2,4.0,blank,blank,blank,,True,POINT Z (22.2742507 114.1938637 0),22.2742507,114.1938637
655,1998-02-27,"TAI HANG TERR,CHUN FAI RD|大坑台,春暉道",5719.959447377729,652,559,"{'bay_window': '', 'flat_roof': '', 'roof': '', 'ac_platform': '', 'plant_room': '', 'garden': '', 'yard': ''}",3.8,3.1202,6798,5581.75313059034,7437688,5169573,ASP,HJL,渣甸山,1975/06,1975,51,10,5.0,blank,blank,blank,,True,POINT Z (22.2742507 114.1938637 0),22.2742507,114.1938637
656,1998-02-18,"TAI HANG TERR,CHUN FAI RD|大坑台,春暉道",5806.641241042778,595,511,"{'bay_window': '', 'flat_roof': '', 'roof': '', 'ac_platform': '', 'plant_room': '', 'garden': '', 'yard': ''}",3.6,2.8955,7045,5666.340508806262,7439124,5170005,ASP,HJL,渣甸山,1975/06,1975,51,5,13.0,blank,blank,blank,,True,POINT Z (22.2742507 114.1938637 0),22.2742507,114.1938637
657,1998-03-25,"TAI HANG TERR,CHUN FAI RD|大坑台,春暉道",6036.149586111843,595,511,"{'bay_window': '', 'flat_roof': '', 'roof': '', 'ac_platform': '', 'plant_room': '', 'garden': '', 'yard': ''}",3.68,2.9598000000000004,7202,5792.172211350295,7456598,5182678,ASP,HJL,渣甸山,1975/06,1975,51,11,7.0,blank,blank,blank,,True,POINT Z (22.2742507 114.1938637 0),22.2742507,114.1938637
658,1998-03-31,"TAI HANG TERR,CHUN FAI RD|大坑台,春暉道",6233.153454622688,595,511,"{'bay_window': '', 'flat_roof': '', 'roof': '', 'ac_platform': '', 'plant_room': '', 'garden': '', 'yard': ''}",3.8,3.0564,7436,5981.213307240704,7468808,5186899,ASP,HJL,渣甸山,1975/06,1975,51,5,9.0,blank,blank,blank,,True,POINT Z (22.2742507 114.1938637 0),22.2742507,114.1938637
659,1998-04-21,"TAI HANG TERR,CHUN FAI RD|大坑台,春暉道",6311.3057187484,668,580,"{'bay_window': '', 'flat_roof': '', 'roof': '', 'ac_platform': '', 'plant_room': '', 'garden': '', 'yard': ''}",4.2,3.4759,7241,5992.931034482759,7474377,5189397,ASP,HJL,渣甸山,1975/06,1975,51,9,12.0,blank,blank,blank,,True,POINT Z (22.2742507 114.1938637 0),22.2742507,114.1938637
660,1998-04-01,"TAI HANG TERR,CHUN FAI RD|大坑台,春暉道",5667.091637671867,612,527,"{'bay_window': '', 'flat_roof': '', 'roof': '', 'ac_platform': '', 'plant_room': '', 'garden': '', 'yard': ''}",3.5,2.8359,6641,5381.214421252372,7483315,5192742,ASP,HJL,渣甸山,1975/06,1975,51,12,16.0,blank,blank,blank,,True,POINT Z (22.2742507 114.1938637 0),22.2742507,114.1938637
661,1998-05-13,"TAI HANG TERR,CHUN FAI RD|大坑台,春暉道",6747.497532114125,612,527,"{'bay_window': '', 'flat_roof': '', 'roof': '', 'ac_platform': '', 'plant_room': '', 'garden': '', 'yard': ''}",3.95,3.2005,7495,6073.055028462998,7488945,5195827,ASP,HJL,渣甸山,1975/06,1975,51,12,19.0,blank,blank,blank,,True,POINT Z (22.2742507 114.1938637 0),22.2742507,114.1938637
662,1998-05-14,"TAI HANG TERR,CHUN FAI RD|大坑台,春暉道",6867.036076113772,612,527,"{'bay_window': '', 'flat_roof': '', 'roof': '', 'ac_platform': '', 'plant_room': '', 'garden': '', 'yard': ''}",4.02,3.2572,7628,6180.645161290323,7492434,5200186,ASP,HJL,渣甸山,1975/06,1975,51,6,20.0,blank,blank,blank,,True,POINT Z (22.2742507 114.1938637 0),22.2742507,114.1938637
663,1998-05-16,"TAI HANG TERR,CHUN FAI RD|大坑台,春暉道",6107.48826370642,661,570,"{'bay_window': '', 'flat_roof': '', 'roof': '', 'ac_platform': '', 'plant_room': '', 'garden': '', 'yard': ''}",3.8,3.1333,6667,5497.017543859649,7495236,5198308,ASP,HJL,渣甸山,1975/06,1975,51,8,13.0,blank,blank,blank,,True,POINT Z (22.2742507 114.1938637 0),22.2742507,114.1938637
664,1998-05-14,"TAI HANG TERR,CHUN FAI RD|大坑台,春暉道",6662.850543787553,595,511,"{'bay_window': '', 'flat_roof': '', 'roof': '', 'ac_platform': '', 'plant_room': '', 'garden': '', 'yard': ''}",3.81,3.0644,7456,5996.8688845401175,7502345,5201271,ASP,HJL,渣甸山,1975/06,1975,51,5,15.0,blank,blank,blank,,True,POINT Z (22.2742507 114.1938637 0),22.2742507,114.1938637
665,1998-05-22,"TAI HANG TERR,CHUN FAI RD|大坑台,春暉道",7174.420903541436,612,527,"{'bay_window': '', 'flat_roof': '', 'roof': '', 'ac_platform': '', 'plant_room': '', 'garden': '', 'yard': ''}",4.2,3.403,7970,6457.3055028463,7508012,5203664,ASP,HJL,渣甸山,1975/06,1975,51,6,14.0,blank,blank,blank,,True,POINT Z (22.2742507 114.1938637 0),22.2742507,114.1938637
666,1998-07-13,"TAI HANG TERR,CHUN FAI RD|大坑台,春暉道",6810.959894573095,661,570,"{'bay_window': '', 'flat_roof': '', 'roof': '', 'ac_platform': '', 'plant_room': '', 'garden': '', 'yard': ''}",3.565,2.9396,6254,5157.19298245614,7539967,4299,ASP,HJL,渣甸山,1975/06,1975,51,2,18.0,blank,blank,blank,,True,POINT Z (22.2742507 114.1938637 0),22.2742507,114.1938637
667,1998-07-23,"TAI HANG TERR,CHUN FAI RD|大坑台,春暉道",6180.972230139591,668,580,"{'bay_window': '', 'flat_roof': '', 'roof': '', 'ac_platform': '', 'plant_room': '', 'garden': '', 'yard': ''}",3.28,2.7145,5655,4680.172413793103,7544088,7359,ASP,HJL,渣甸山,1975/06,1975,51,9,5.0,blank,blank,blank,,True,POINT Z (22.2742507 114.1938637 0),22.2742507,114.1938637
668,1998-08-07,"TAI HANG TERR,CHUN FAI RD|大坑台,春暉道",6324.546337624306,661,570,"{'bay_window': '', 'flat_roof': '', 'roof': '', 'ac_platform': '', 'plant_room': '', 'garden': '', 'yard': ''}",3.08,2.5396,5404,4455.438596491228,7557533,20388,ASP,HJL,渣甸山,1975/06,1975,51,2,9.0,blank,blank,blank,,True,POINT Z (22.2742507 114.1938637 0),22.2742507,114.1938637
669,1998-09-02,"TAI HANG TERR,CHUN FAI RD|大坑台,春暉道",5923.119726390349,668,580,"{'bay_window': '', 'flat_roof': '', 'roof': '', 'ac_platform': '', 'plant_room': '', 'garden': '', 'yard': ''}",2.78,2.3007,4793,3966.7241379310335,7569745,31188,ASP,HJL,渣甸山,1975/06,1975,51,9,19.0,blank,blank,blank,,True,POINT Z (22.2742507 114.1938637 0),22.2742507,114.1938637
670,1998-09-21,"TAI HANG TERR,CHUN FAI RD|大坑台,春暉道",5957.506944129323,612,527,"{'bay_window': '', 'flat_roof': '', 'roof': '', 'ac_platform': '', 'plant_room': '', 'garden': '', 'yard': ''}",2.595,2.1026,4924,3989.753320683112,7589762,45216,ASP,HJL,渣甸山,1975/06,1975,51,12,17.0,blank,blank,blank,,True,POINT Z (22.2742507 114.1938637 0),22.2742507,114.1938637
671,1998-09-28,"TAI HANG TERR,CHUN FAI RD|大坑台,春暉道",6010.20818505047,612,527,"{'bay_window': '', 'flat_roof': '', 'roof': '', 'ac_platform': '', 'plant_room': '', 'garden': '', 'yard': ''}",2.618,2.1212,4968,4025.0474383301703,7592298,47460,ASP,HJL,渣甸山,1975/06,1975,51,12,20.0,blank,blank,blank,,True,POINT Z (22.2742507 114.1938637 0),22.2742507,114.1938637
672,1998-10-20,"TAI HANG TERR,CHUN FAI RD|大坑台,春暉道",6987.444759206458,595,511,"{'bay_window': '', 'flat_roof': '', 'roof': '', 'ac_platform': '', 'plant_room': '', 'garden': '', 'yard': ''}",2.398,2.398,4693,4692.759295499021,7597909,53306,ASP,HJL,渣甸山,1975/06,1975,51,11,20.0,blank,blank,blank,,False,POINT Z (22.2742507 114.1938637 0),22.2742507,114.1938637
673,1998-11-10,"TAI HANG TERR,CHUN FAI RD|大坑台,春暉道",6103.710533022896,661,570,"{'bay_window': '', 'flat_roof': '', 'roof': '', 'ac_platform': '', 'plant_room': '', 'garden': '', 'yard': ''}",3.0,2.4737,5263,4339.824561403509,7626179,86209,ASP,HJL,渣甸山,1975/06,1975,51,8,8.0,blank,blank,blank,,True,POINT Z (22.2742507 114.1938637 0),22.2742507,114.1938637
674,1998-12-29,"TAI HANG TERR,CHUN FAI RD|大坑台,春暉道",6942.785345434841,731,627,"{'bay_window': '', 'flat_roof': '', 'roof': '', 'ac_platform': '', 'plant_room': '', 'garden': '', 'yard': ''}",3.78,3.1771,6029,5067.145135566188,7655352,116561,ASP,HJL,渣甸山,1975/06,1975,51,1,15.0,blank,blank,blank,,True,POINT Z (22.2742507 114.1938637 0),22.2742507,114.1938637
675,1998-12-23,"TAI HANG TERR,CHUN FAI RD|大坑台,春暉道",6391.881632745872,731,627,"{'bay_window': '', 'flat_roof': '', 'roof': '', 'ac_platform': '', 'plant_room': '', 'garden': '', 'yard': ''}",3.48,2.925,5550,4665.071770334928,7657906,118574,ASP,HJL,渣甸山,1975/06,1975,51,7,7.0,blank,blank,blank,,True,POINT Z (22.2742507 114.1938637 0),22.2742507,114.1938637
676,1998-12-30,"TAI HANG TERR,CHUN FAI RD|大坑台,春暉道",6441.6618254275645,661,570,"{'bay_window': '', 'flat_roof': '', 'roof': '', 'ac_platform': '', 'plant_room': '', 'garden': '', 'yard': ''}",3.25,2.6798,5702,4701.403508771929,7661970,121817,ASP,HJL,渣甸山,1975/06,1975,51,2,15.0,blank,blank,blank,,True,POINT Z (22.2742507 114.1938637 0),22.2742507,114.1938637
677,1999-01-15,"TAI HANG TERR,CHUN FAI RD|大坑台,春暉道",7320.242040213756,661,570,"{'bay_window': '', 'flat_roof': '', 'roof': '', 'ac_platform': '', 'plant_room': '', 'garden': '', 'yard': ''}",3.02,3.02,5298,5298.245614035088,7680996,137173,ASP,HJL,渣甸山,1975/06,1975,51,2,13.0,blank,blank,blank,,False,POINT Z (22.2742507 114.1938637 0),22.2742507,114.1938637
678,1999-02-08,"TAI HANG TERR,CHUN FAI RD|大坑台,春暉道",6673.467007511164,731,627,"{'bay_window': '', 'flat_roof': '', 'roof': '', 'ac_platform': '', 'plant_room': '', 'garden': '', 'yard': ''}",3.68,3.0931,5869,4933.17384370016,7699519,152509,ASP,HJL,渣甸山,1975/06,1975,51,7,19.0,blank,blank,blank,,True,POINT Z (22.2742507 114.1938637 0),22.2742507,114.1938637
679,1999-02-26,"TAI HANG TERR,CHUN FAI RD|大坑台,春暉道",6159.838550805281,652,559,"{'bay_window': '', 'flat_roof': '', 'roof': '', 'ac_platform': '', 'plant_room': '', 'garden': '', 'yard': ''}",3.1,2.5454,5546,4553.488372093023,7707673,159018,ASP,HJL,渣甸山,1975/06,1975,51,4,18.0,blank,blank,blank,,True,POINT Z (22.2742507 114.1938637 0),22.2742507,114.1938637
680,1999-03-19,"TAI HANG TERR,CHUN FAI RD|大坑台,春暉道",7232.571590545382,668,580,"{'bay_window': '', 'flat_roof': '', 'roof': '', 'ac_platform': '', 'plant_room': '', 'garden': '', 'yard': ''}",2.98,2.98,5138,5137.931034482759,7724551,172681,ASP,HJL,渣甸山,1975/06,1975,51,3,21.0,blank,blank,blank,,False,POINT Z (22.2742507 114.1938637 0),22.2742507,114.1938637
681,1999-03-18,"TAI HANG TERR,CHUN FAI RD|大坑台,春暉道",5748.327477427337,652,559,"{'bay_window': '', 'flat_roof': '', 'roof': '', 'ac_platform': '', 'plant_room': '', 'garden': '', 'yard': ''}",2.78,2.2827,4973,4083.542039355993,7729962,177275,ASP,HJL,渣甸山,1975/06,1975,51,10,3.0,blank,blank,blank,,True,POINT Z (22.2742507 114.1938637 0),22.2742507,114.1938637
682,1999-04-21,"TAI HANG TERR,CHUN FAI RD|大坑台,春暉道",6181.135678725008,668,580,"{'bay_window': '', 'flat_roof': '', 'roof': '', 'ac_platform': '', 'plant_room': '', 'garden': '', 'yard': ''}",3.2,2.6483000000000003,5517,4566.034482758621,7759885,208153,ASP,HJL,渣甸山,1975/06,1975,51,9,13.0,blank,blank,blank,,True,POINT Z (22.2742507 114.1938637 0),22.2742507,114.1938637
683,1999-05-11,"TAI HANG TERR,CHUN FAI RD|大坑台,春暉道",6281.439689176966,652,559,"{'bay_window': '', 'flat_roof': '', 'roof': '', 'ac_platform': '', 'plant_room': '', 'garden': '', 'yard': ''}",3.15,2.5865,5635,4627.01252236136,7762659,214256,ASP,HJL,渣甸山,1975/06,1975,51,4,17.0,blank,blank,blank,,True,POINT Z (22.2742507 114.1938637 0),22.2742507,114.1938637
684,1999-05-12,"TAI HANG TERR,CHUN FAI RD|大坑台,春暉道",6559.849680285838,595,511,"{'bay_window': '', 'flat_roof': '', 'roof': '', 'ac_platform': '', 'plant_room': '', 'garden': '', 'yard': ''}",3.07,2.4692,6008,4832.093933463797,7775548,224335,PRO-ASP,HJL,渣甸山,1975/06,1975,51,5,12.0,blank,blank,blank,,True,POINT Z (22.2742507 114.1938637 0),22.2742507,114.1938637
685,1999-05-21,"TAI HANG TERR,CHUN FAI RD|大坑台,春暉道",6159.804182175304,668,580,"{'bay_window': '', 'flat_roof': '', 'roof': '', 'ac_platform': '', 'plant_room': '', 'garden': '', 'yard': ''}",3.18,2.6317000000000004,5483,4537.413793103449,7777150,225492,ASP,HJL,渣甸山,1975/06,1975,51,3,11.0,blank,blank,blank,,True,POINT Z (22.2742507 114.1938637 0),22.2742507,114.1938637
686,1999-05-21,"TAI HANG TERR,CHUN FAI RD|大坑台,春暉道",6151.016972408514,731,627,"{'bay_window': '', 'flat_roof': '', 'roof': '', 'ac_platform': '', 'plant_room': '', 'garden': '', 'yard': ''}",3.38,2.8409,5391,4530.940988835726,7780723,228976,ASP,HJL,渣甸山,1975/06,1975,51,7,4.0,blank,blank,blank,,True,POINT Z (22.2742507 114.1938637 0),22.2742507,114.1938637
687,1999-06-01,"TAI HANG TERR,CHUN FAI RD|大坑台,春暉道",7526.457319951929,731,627,"{'bay_window': '', 'flat_roof': '', 'roof': '', 'ac_platform': '', 'plant_room': '', 'garden': '', 'yard': ''}",4.18,3.5133,6667,5603.349282296651,7781987,230124,ASP,HJL,渣甸山,1975/06,1975,51,1,12.0,blank,blank,blank,,True,POINT Z (22.2742507 114.1938637 0),22.2742507,114.1938637
688,1999-05-28,"TAI HANG TERR,CHUN FAI RD|大坑台,春暉道",6449.56157727005,612,527,"{'bay_window': '', 'flat_roof': '', 'roof': '', 'ac_platform': '', 'plant_room': '', 'garden': '', 'yard': ''}",3.09,2.5037,5863,4750.853889943074,7787360,233592,ASP,HJL,渣甸山,1975/06,1975,51,6,13.0,blank,blank,blank,,True,POINT Z (22.2742507 114.1938637 0),22.2742507,114.1938637
689,1999-06-15,"TAI HANG TERR,CHUN FAI RD|大坑台,春暉道",6747.752355805113,652,559,"{'bay_window': '', 'flat_roof': '', 'roof': '', 'ac_platform': '', 'plant_room': '', 'garden': '', 'yard': ''}",3.42,2.8082,6118,5023.613595706619,7808831,250186,ASP,HJL,渣甸山,1975/06,1975,51,10,15.0,blank,blank,blank,,True,POINT Z (22.2742507 114.1938637 0),22.2742507,114.1938637
690,1999-07-15,"TAI HANG TERR,CHUN FAI RD|大坑台,春暉道",6776.669148440134,668,580,"{'bay_window': '', 'flat_roof': '', 'roof': '', 'ac_platform': '', 'plant_room': '', 'garden': '', 'yard': ''}",3.5,2.8966,6034,4994.137931034483,7830234,266659,ASP,HJL,渣甸山,1975/06,1975,51,9,18.0,blank,blank,blank,,True,POINT Z (22.2742507 114.1938637 0),22.2742507,114.1938637
691,1999-07-23,"TAI HANG TERR,CHUN FAI RD|大坑台,春暉道",5640.583079596989,652,559,"{'bay_window': '', 'flat_roof': '', 'roof': '', 'ac_platform': '', 'plant_room': '', 'garden': '', 'yard': ''}",2.83,2.3237,5063,4156.887298747763,7838087,271484,ASP,HJL,渣甸山,1975/06,1975,51,4,5.0,blank,blank,blank,,True,POINT Z (22.2742507 114.1938637 0),22.2742507,114.1938637
692,1999-07-28,"TAI HANG TERR,CHUN FAI RD|大坑台,春暉道",6195.765002352417,668,580,"{'bay_window': '', 'flat_roof': '', 'roof': '', 'ac_platform': '', 'plant_room': '', 'garden': '', 'yard': ''}",3.2,2.6483000000000003,5517,4566.034482758621,7840551,273001,ASP,HJL,渣甸山,1975/06,1975,51,9,17.0,blank,blank,blank,,True,POINT Z (22.2742507 114.1938637 0),22.2742507,114.1938637
693,1999-07-30,"TAI HANG TERR,CHUN FAI RD|大坑台,春暉道",5632.911160061008,612,527,"{'bay_window': '', 'flat_roof': '', 'roof': '', 'ac_platform': '', 'plant_room': '', 'garden': '', 'yard': ''}",2.7,2.1877000000000004,5123,4151.233396584441,7849629,278444,ASP,HJL,渣甸山,1975/06,1975,51,12,18.0,blank,blank,blank,,True,POINT Z (22.2742507 114.1938637 0),22.2742507,114.1938637
694,1999-08-14,"TAI HANG TERR,CHUN FAI RD|大坑台,春暉道",6650.177131024644,668,580,"{'bay_window': '', 'flat_roof': '', 'roof': '', 'ac_platform': '', 'plant_room': '', 'garden': '', 'yard': ''}",3.43,2.8386,5914,4894.137931034483,7858843,284005,ASP,HJL,渣甸山,1975/06,1975,51,3,15.0,blank,blank,blank,,True,POINT Z (22.2742507 114.1938637 0),22.2742507,114.1938637
695,1999-08-23,"TAI HANG TERR,CHUN FAI RD|大坑台,春暉道",6364.688421170781,661,570,"{'bay_window': '', 'flat_roof': '', 'roof': '', 'ac_platform': '', 'plant_room': '', 'garden': '', 'yard': ''}",3.238,2.6699,5681,4684.035087719299,7870149,291600,ASP,HJL,渣甸山,1975/06,1975,51,2,8.0,blank,blank,blank,,True,POINT Z (22.2742507 114.1938637 0),22.2742507,114.1938637
696,1999-08-27,"TAI HANG TERR,CHUN FAI RD|大坑台,春暉道",6371.942707052918,612,527,"{'bay_window': '', 'flat_roof': '', 'roof': '', 'ac_platform': '', 'plant_room': '', 'garden': '', 'yard': ''}",3.05,2.4713,5787,4689.373814041745,7871256,292226,ASP,HJL,渣甸山,1975/06,1975,51,12,11.0,blank,blank,blank,,True,POINT Z (22.2742507 114.1938637 0),22.2742507,114.1938637
697,1999-10-19,"TAI HANG TERR,CHUN FAI RD|大坑台,春暉道",7205.827668539132,661,570,"{'bay_window': '', 'flat_roof': '', 'roof': '', 'ac_platform': '', 'plant_room': '', 'garden': '', 'yard': ''}",3.47,2.8612,6088,5019.649122807017,7903092,318784,ASP,HJL,渣甸山,1975/06,1975,51,2,21.0,blank,blank,blank,,True,POINT Z (22.2742507 114.1938637 0),22.2742507,114.1938637
698,1999-11-15,"TAI HANG TERR,CHUN FAI RD|大坑台,春暉道",6704.883106309318,668,580,"{'bay_window': '', 'flat_roof': '', 'roof': '', 'ac_platform': '', 'plant_room': '', 'garden': '', 'yard': ''}",3.1,2.5655,5345,4423.275862068966,7931795,342603,ASP,HJL,渣甸山,1975/06,1975,51,9,19.0,blank,blank,blank,,True,POINT Z (22.2742507 114.1938637 0),22.2742507,114.1938637
699,1999-11-26,"TAI HANG TERR,CHUN FAI RD|大坑台,春暉道",6568.45617423126,652,559,"{'bay_window': '', 'flat_roof': '', 'roof': '', 'ac_platform': '', 'plant_room': '', 'garden': '', 'yard': ''}",2.95,2.4223000000000003,5277,4333.273703041145,7933558,343724,ASP,HJL,渣甸山,1975/06,1975,51,4,12.0,blank,blank,blank,,True,POINT Z (22.2742507 114.1938637 0),22.2742507,114.1938637
700,1999-12-09,"TAI HANG TERR,CHUN FAI RD|大坑台,春暉道",5708.855737660898,595,511,"{'bay_window': '', 'flat_roof': '', 'roof': '', 'ac_platform': '', 'plant_room': '', 'garden': '', 'yard': ''}",2.543,2.0453,4977,4002.544031311155,7944015,350521,ASP,HJL,渣甸山,1975/06,1975,51,5,5.0,blank,blank,blank,,True,POINT Z (22.2742507 114.1938637 0),22.2742507,114.1938637
701,1999-11-30,"TAI HANG TERR,CHUN FAI RD|大坑台,春暉道",5967.163148871815,595,511,"{'bay_window': '', 'flat_roof': '', 'roof': '', 'ac_platform': '', 'plant_room': '', 'garden': '', 'yard': ''}",2.501,2.0116,4894,3936.5949119373777,7955154,357691,ASP,HJL,渣甸山,1975/06,1975,51,5,4.0,blank,blank,blank,,True,POINT Z (22.2742507 114.1938637 0),22.2742507,114.1938637
702,1999-12-30,"TAI HANG TERR,CHUN FAI RD|大坑台,春暉道",6998.002527322758,731,627,"{'bay_window': '', 'flat_roof': '', 'roof': '', 'ac_platform': '', 'plant_room': '', 'garden': '', 'yard': ''}",3.66,3.0763000000000003,5837,4906.379585326955,7960304,361329,ASP,HJL,渣甸山,1975/06,1975,51,1,19.0,blank,blank,blank,,True,POINT Z (22.2742507 114.1938637 0),22.2742507,114.1938637
703,1999-12-29,"TAI HANG TERR,CHUN FAI RD|大坑台,春暉道",7131.533960653006,668,580,"{'bay_window': '', 'flat_roof': '', 'roof': '', 'ac_platform': '', 'plant_room': '', 'garden': '', 'yard': ''}",2.9,2.9,5000,5000.0,7965275,364389,ASP,HJL,渣甸山,1975/06,1975,51,3,12.0,blank,blank,blank,,False,POINT Z (22.2742507 114.1938637 0),22.2742507,114.1938637
704,2000-01-19,"TAI HANG TERR,CHUN FAI RD|大坑台,春暉道",5375.894096167686,652,559,"{'bay_window': '', 'flat_roof': '', 'roof': '', 'ac_platform': '', 'plant_room': '', 'garden': '', 'yard': ''}",2.6,2.1349,4651,3819.141323792487,7988326,380282,PRO-ASP,HJL,渣甸山,1975/06,1975,51,10,16.0,blank,blank,blank,,True,POINT Z (22.2742507 114.1938637 0),22.2742507,114.1938637
705,2000-03-24,"TAI HANG TERR,CHUN FAI RD|大坑台,春暉道",6252.423873254721,661,570,"{'bay_window': '', 'flat_roof': '', 'roof': '', 'ac_platform': '', 'plant_room': '', 'garden': '', 'yard': ''}",3.1,2.5561,5439,4484.3859649122805,8051237,422716,ASP,HJL,渣甸山,1975/06,1975,51,2,12.0,blank,blank,blank,,True,POINT Z (22.2742507 114.1938637 0),22.2742507,114.1938637
706,2000-04-01,"TAI HANG TERR,CHUN FAI RD|大坑台,春暉道",6711.580868297152,661,570,"{'bay_window': '', 'flat_roof': '', 'roof': '', 'ac_platform': '', 'plant_room': '', 'garden': '', 'yard': ''}",3.18,2.6221,5579,4600.175438596491,8060834,429503,ASP,HJL,渣甸山,1975/06,1975,51,8,12.0,blank,blank,blank,,True,POINT Z (22.2742507 114.1938637 0),22.2742507,114.1938637
707,2000-04-18,"TAI HANG TERR,CHUN FAI RD|大坑台,春暉道",5695.175610692844,595,511,"{'bay_window': '', 'flat_roof': '', 'roof': '', 'ac_platform': '', 'plant_room': '', 'garden': '', 'yard': ''}",2.48,1.9947,4853,3903.522504892368,8077093,444130,ASP,HJL,渣甸山,1975/06,1975,51,11,4.0,blank,blank,blank,,True,POINT Z (22.2742507 114.1938637 0),22.2742507,114.1938637
708,2000-07-27,"TAI HANG TERR,CHUN FAI RD|大坑台,春暉道",7083.497018473816,661,570,"{'bay_window': '', 'flat_roof': '', 'roof': '', 'ac_platform': '', 'plant_room': '', 'garden': '', 'yard': ''}",3.3,2.7211,5789,4773.859649122807,8157734,506500,ASP,HJL,渣甸山,1975/06,1975,51,2,20.0,blank,blank,blank,,True,POINT Z (22.2742507 114.1938637 0),22.2742507,114.1938637
709,2000-08-07,"TAI HANG TERR,CHUN FAI RD|大坑台,春暉道",5109.910972169794,612,527,"{'bay_window': '', 'flat_roof': '', 'roof': '', 'ac_platform': '', 'plant_room': '', 'garden': '', 'yard': ''}",2.18,1.7663000000000002,4137,3351.612903225807,8165844,512961,ASP,HJL,渣甸山,1975/06,1975,51,12,2.0,blank,blank,blank,,True,POINT Z (22.2742507 114.1938637 0),22.2742507,114.1938637
710,2000-08-31,"TAI HANG TERR,CHUN FAI RD|大坑台,春暉道",5951.359257109702,595,511,"{'bay_window': '', 'flat_roof': '', 'roof': '', 'ac_platform': '', 'plant_room': '', 'garden': '', 'yard': ''}",2.48,1.9947,4853,3903.522504892368,8193873,532242,ASP,HJL,渣甸山,1975/06,1975,51,5,14.0,blank,blank,blank,,True,POINT Z (22.2742507 114.1938637 0),22.2742507,114.1938637
711,2000-09-06,"TAI HANG TERR,CHUN FAI RD|大坑台,春暉道",6609.669933473188,612,527,"{'bay_window': '', 'flat_roof': '', 'roof': '', 'ac_platform': '', 'plant_room': '', 'garden': '', 'yard': ''}",2.35,2.35,4459,4459.203036053131,8194168,532293,ASP,HJL,渣甸山,1975/06,1975,51,6,4.0,blank,blank,blank,,False,POINT Z (22.2742507 114.1938637 0),22.2742507,114.1938637
712,2000-10-07,"TAI HANG TERR,CHUN FAI RD|大坑台,春暉道",6447.143489875314,652,559,"{'bay_window': '', 'flat_roof': '', 'roof': '', 'ac_platform': '', 'plant_room': '', 'garden': '', 'yard': ''}",2.9,2.3812,5188,4259.749552772809,8223839,556641,ASP,HJL,渣甸山,1975/06,1975,51,4,9.0,blank,blank,blank,,True,POINT Z (22.2742507 114.1938637 0),22.2742507,114.1938637
713,2000-10-13,"TAI HANG TERR,CHUN FAI RD|大坑台,春暉道",7225.284359600732,652,559,"{'bay_window': '', 'flat_roof': '', 'roof': '', 'ac_platform': '', 'plant_room': '', 'garden': '', 'yard': ''}",3.25,2.6686,5814,4773.881932021467,8225768,555078,ASP,HJL,渣甸山,1975/06,1975,51,10,20.0,blank,blank,blank,,True,POINT Z (22.2742507 114.1938637 0),22.2742507,114.1938637
714,2000-10-18,"TAI HANG TERR,CHUN FAI RD|大坑台,春暉道",6492.372438350863,731,627,"{'bay_window': '', 'flat_roof': '', 'roof': '', 'ac_platform': '', 'plant_room': '', 'garden': '', 'yard': ''}",3.2,2.6896000000000004,5104,4289.633173843701,8235428,563810,ASP,HJL,渣甸山,1975/06,1975,51,1,6.0,blank,blank,blank,,True,POINT Z (22.2742507 114.1938637 0),22.2742507,114.1938637
715,2000-11-09,"TAI HANG TERR,CHUN FAI RD|大坑台,春暉道",6214.113333101304,668,580,"{'bay_window': '', 'flat_roof': '', 'roof': '', 'ac_platform': '', 'plant_room': '', 'garden': '', 'yard': ''}",2.58,2.1352,4448,3681.379310344827,8244749,569887,ASP,HJL,渣甸山,1975/06,1975,51,3,3.0,blank,blank,blank,,True,POINT Z (22.2742507 114.1938637 0),22.2742507,114.1938637
716,2000-12-21,"TAI HANG TERR,CHUN FAI RD|大坑台,春暉道",8944.390290065261,661,570,"{'bay_window': '', 'flat_roof': '', 'roof': '', 'ac_platform': '', 'plant_room': '', 'garden': '', 'yard': ''}",3.78,3.1168,6632,5468.070175438596,8283503,598206,ASP,HJL,渣甸山,1975/06,1975,51,8,21.0,blank,blank,blank,,True,POINT Z (22.2742507 114.1938637 0),22.2742507,114.1938637
717,2001-02-09,"TAI HANG TERR,CHUN FAI RD|大坑台,春暉道",7534.052805275334,731,627,"{'bay_window': '', 'flat_roof': '', 'roof': '', 'ac_platform': '', 'plant_room': '', 'garden': '', 'yard': ''}",3.0,3.0,4785,4784.688995215311,8333227,636908,ASP,HJL,渣甸山,1975/06,1975,51,7,20.0,blank,blank,blank,,False,POINT Z (22.2742507 114.1938637 0),22.2742507,114.1938637
718,2001-03-05,"TAI HANG TERR,CHUN FAI RD|大坑台,春暉道",7073.375803834081,668,580,"{'bay_window': '', 'flat_roof': '', 'roof': '', 'ac_platform': '', 'plant_room': '', 'garden': '', 'yard': ''}",3.12,2.5821,5379,4451.896551724138,8337228,640283,ASP,HJL,渣甸山,1975/06,1975,51,3,17.0,blank,blank,blank,,True,POINT Z (22.2742507 114.1938637 0),22.2742507,114.1938637
719,2001-03-26,"TAI HANG TERR,CHUN FAI RD|大坑台,春暉道",7001.436709826061,652,559,"{'bay_window': '', 'flat_roof': '', 'roof': '', 'ac_platform': '', 'plant_room': '', 'garden': '', 'yard': ''}",3.0,2.4633000000000003,5367,4406.618962432916,8359167,659129,ASP,HJL,渣甸山,1975/06,1975,51,4,17.0,blank,blank,blank,,True,POINT Z (22.2742507 114.1938637 0),22.2742507,114.1938637
720,2001-05-07,"TAI HANG TERR,CHUN FAI RD|大坑台,春暉道",6443.000490267643,661,570,"{'bay_window': '', 'flat_roof': '', 'roof': '', 'ac_platform': '', 'plant_room': '', 'garden': '', 'yard': ''}",2.76,2.2758,4842,3992.631578947368,8387848,683723,ASP,HJL,渣甸山,1975/06,1975,51,2,10.0,blank,blank,blank,,True,POINT Z (22.2742507 114.1938637 0),22.2742507,114.1938637
721,2001-06-29,"TAI HANG TERR,CHUN FAI RD|大坑台,春暉道",6504.304875698522,731,627,"{'bay_window': '', 'flat_roof': '', 'roof': '', 'ac_platform': '', 'plant_room': '', 'garden': '', 'yard': ''}",3.0,2.5215,4785,4021.531100478469,8444284,723399,ASP,HJL,渣甸山,1975/06,1975,51,1,16.0,blank,blank,blank,,True,POINT Z (22.2742507 114.1938637 0),22.2742507,114.1938637
722,2001-07-09,"TAI HANG TERR,CHUN FAI RD|大坑台,春暉道",6613.405267500926,612,527,"{'bay_window': '', 'flat_roof': '', 'roof': '', 'ac_platform': '', 'plant_room': '', 'garden': '', 'yard': ''}",2.68,2.1715,5085,4120.493358633776,8450819,730901,ASP,HJL,渣甸山,1975/06,1975,51,6,12.0,blank,blank,blank,,True,POINT Z (22.2742507 114.1938637 0),22.2742507,114.1938637
723,2001-08-10,"TAI HANG TERR,CHUN FAI RD|大坑台,春暉道",6832.745316226758,661,570,"{'bay_window': '', 'flat_roof': '', 'roof': '', 'ac_platform': '', 'plant_room': '', 'garden': '', 'yard': ''}",2.88,2.3747,5053,4166.140350877193,8473598,747946,ASP,HJL,渣甸山,1975/06,1975,51,2,13.0,blank,blank,blank,,True,POINT Z (22.2742507 114.1938637 0),22.2742507,114.1938637
724,2001-11-26,"TAI HANG TERR,CHUN FAI RD|大坑台,春暉道",6369.475904735283,731,627,"{'bay_window': '', 'flat_roof': '', 'roof': '', 'ac_platform': '', 'plant_room': '', 'garden': '', 'yard': ''}",2.7,2.2694,4306,3619.457735247209,8560111,819531,ASP,HJL,渣甸山,1975/06,1975,51,7,17.0,blank,blank,blank,,True,POINT Z (22.2742507 114.1938637 0),22.2742507,114.1938637
725,2002-02-28,"TAI HANG TERR,CHUN FAI RD|大坑台,春暉道",6242.813794780624,661,570,"{'bay_window': '', 'flat_roof': '', 'roof': '', 'ac_platform': '', 'plant_room': '', 'garden': '', 'yard': ''}",2.52,2.0779,4421,3645.438596491228,8632397,870788,ASP,HJL,渣甸山,1975/06,1975,51,8,8.0,blank,blank,blank,,True,POINT Z (22.2742507 114.1938637 0),22.2742507,114.1938637
726,2002-08-01,"TAI HANG TERR,CHUN FAI RD|大坑台,春暉道",6484.482292331851,652,559,"{'bay_window': '', 'flat_roof': '', 'roof': '', 'ac_platform': '', 'plant_room': '', 'garden': '', 'yard': ''}",2.45,2.0117000000000003,4383,3598.7477638640435,8755410,964849,ASP,HJL,渣甸山,1975/06,1975,51,10,16.0,blank,blank,blank,,True,POINT Z (22.2742507 114.1938637 0),22.2742507,114.1938637
727,2002-09-19,"TAI HANG TERR,CHUN FAI RD|大坑台,春暉道",5631.971464835116,612,527,"{'bay_window': '', 'flat_roof': '', 'roof': '', 'ac_platform': '', 'plant_room': '', 'garden': '', 'yard': ''}",1.97,1.5962,3738,3028.842504743833,8789169,990155,ASP,HJL,渣甸山,1975/06,1975,51,6,7.0,blank,blank,blank,,True,POINT Z (22.2742507 114.1938637 0),22.2742507,114.1938637
728,2002-10-07,"TAI HANG TERR,CHUN FAI RD|大坑台,春暉道",6338.480742471475,731,627,"{'bay_window': '', 'flat_roof': '', 'roof': '', 'ac_platform': '', 'plant_room': '', 'garden': '', 'yard': ''}",2.5,2.1013,3987,3351.355661881977,8803138,1002025,ASP,HJL,渣甸山,1975/06,1975,51,1,9.0,blank,blank,blank,,True,POINT Z (22.2742507 114.1938637 0),22.2742507,114.1938637
729,2002-12-09,"TAI HANG TERR,CHUN FAI RD|大坑台,春暉道",7552.6617157012,595,511,"{'bay_window': '', 'flat_roof': '', 'roof': '', 'ac_platform': '', 'plant_room': '', 'garden': '', 'yard': ''}",2.0,2.0,3914,3913.894324853229,8841802,1032911,ASP,HJL,渣甸山,1975/06,1975,51,11,5.0,blank,blank,blank,,False,POINT Z (22.2742507 114.1938637 0),22.2742507,114.1938637
730,2003-02-19,"TAI HANG TERR,CHUN FAI RD|大坑台,春暉道",6947.015497415248,612,527,"{'bay_window': '', 'flat_roof': '', 'roof': '', 'ac_platform': '', 'plant_room': '', 'garden': '', 'yard': ''}",1.78,1.78,3378,3377.6091081593927,8885164,1066511,ASP,HJL,渣甸山,1975/06,1975,51,12,14.0,blank,blank,blank,,False,POINT Z (22.2742507 114.1938637 0),22.2742507,114.1938637
731,2003-03-27,"TAI HANG TERR,CHUN FAI RD|大坑台,春暉道",5681.911022769448,731,627,"{'bay_window': '', 'flat_roof': '', 'roof': '', 'ac_platform': '', 'plant_room': '', 'garden': '', 'yard': ''}",2.1,1.7651,3349,2815.151515151515,8914376,1088281,ASP,HJL,渣甸山,1975/06,1975,51,1,4.0,blank,blank,blank,,True,POINT Z (22.2742507 114.1938637 0),22.2742507,114.1938637
732,2003-04-22,"TAI HANG TERR,CHUN FAI RD|大坑台,春暉道",5483.806643326274,612,527,"{'bay_window': '', 'flat_roof': '', 'roof': '', 'ac_platform': '', 'plant_room': '', 'garden': '', 'yard': ''}",1.76,1.426,3340,2705.8823529411766,8926284,1096910,ASP,HJL,渣甸山,1975/06,1975,51,12,5.0,blank,blank,blank,,True,POINT Z (22.2742507 114.1938637 0),22.2742507,114.1938637
733,2003-06-06,"TAI HANG TERR,CHUN FAI RD|大坑台,春暉道",5482.553836638881,668,580,"{'bay_window': '', 'flat_roof': '', 'roof': '', 'ac_platform': '', 'plant_room': '', 'garden': '', 'yard': ''}",1.88,1.5558999999999998,3241,2682.586206896551,8958111,1119309,ASP,HJL,渣甸山,1975/06,1975,51,9,15.0,blank,blank,blank,,True,POINT Z (22.2742507 114.1938637 0),22.2742507,114.1938637
734,2003-06-20,"TAI HANG TERR,CHUN FAI RD|大坑台,春暉道",6301.420527547266,731,627,"{'bay_window': '', 'flat_roof': '', 'roof': '', 'ac_platform': '', 'plant_room': '', 'garden': '', 'yard': ''}",2.3,1.9332,3668,3083.2535885167463,8975818,1133740,ASP,HJL,渣甸山,1975/06,1975,51,7,16.0,blank,blank,blank,,True,POINT Z (22.2742507 114.1938637 0),22.2742507,114.1938637
735,2003-08-01,"TAI HANG TERR,CHUN FAI RD|大坑台,春暉道",6850.416302267054,731,627,"{'bay_window': '', 'flat_roof': '', 'roof': '', 'ac_platform': '', 'plant_room': '', 'garden': '', 'yard': ''}",2.468,2.0744,3936,3308.452950558213,8993903,1149266,ASP,HJL,渣甸山,1975/06,1975,51,7,5.0,blank,blank,blank,,True,POINT Z (22.2742507 114.1938637 0),22.2742507,114.1938637
736,2003-08-26,"TAI HANG TERR,CHUN FAI RD|大坑台,春暉道",5322.390539570347,652,559,"{'bay_window': '', 'flat_roof': '', 'roof': '', 'ac_platform': '', 'plant_room': '', 'garden': '', 'yard': ''}",1.75,1.4369,3131,2570.4830053667265,9007564,1161197,PRO-ASP,HJL,渣甸山,1975/06,1975,51,10,5.0,blank,blank,blank,,True,POINT Z (22.2742507 114.1938637 0),22.2742507,114.1938637
737,2003-10-20,"TAI HANG TERR,CHUN FAI RD|大坑台,春暉道",6601.025873986487,652,559,"{'bay_window': '', 'flat_roof': '', 'roof': '', 'ac_platform': '', 'plant_room': '', 'garden': '', 'yard': ''}",2.405,1.9748,4302,3532.737030411449,9046780,1196468,ASP,HJL,渣甸山,1975/06,1975,51,10,19.0,blank,blank,blank,,True,POINT Z (22.2742507 114.1938637 0),22.2742507,114.1938637
738,2003-10-29,"TAI HANG TERR,CHUN FAI RD|大坑台,春暉道",5108.627163318765,661,570,"{'bay_window': '', 'flat_roof': '', 'roof': '', 'ac_platform': '', 'plant_room': '', 'garden': '', 'yard': ''}",1.89,1.5583999999999998,3316,2734.0350877192977,9058561,1204735,ASP,HJL,渣甸山,1975/06,1975,51,2,14.0,blank,blank,blank,,True,POINT Z (22.2742507 114.1938637 0),22.2742507,114.1938637
739,2003-11-21,"TAI HANG TERR,CHUN FAI RD|大坑台,春暉道",5514.526560327541,661,570,"{'bay_window': '', 'flat_roof': '', 'roof': '', 'ac_platform': '', 'plant_room': '', 'garden': '', 'yard': ''}",2.08,1.7151,3649,3008.9473684210525,9096066,1236584,PRO-ASP,HJL,渣甸山,1975/06,1975,51,2,15.0,blank,blank,blank,,True,POINT Z (22.2742507 114.1938637 0),22.2742507,114.1938637
740,2003-12-20,"TAI HANG TERR,CHUN FAI RD|大坑台,春暉道",6252.436148455122,731,627,"{'bay_window': '', 'flat_roof': '', 'roof': '', 'ac_platform': '', 'plant_room': '', 'garden': '', 'yard': ''}",2.6,2.1853,4147,3485.3269537480064,9102393,1241881,ASP,HJL,渣甸山,1975/06,1975,51,7,9.0,blank,blank,blank,,True,POINT Z (22.2742507 114.1938637 0),22.2742507,114.1938637
741,2003-12-23,"TAI HANG TERR,CHUN FAI RD|大坑台,春暉道",4876.292582140446,612,527,"{'bay_window': '', 'flat_roof': '', 'roof': '', 'ac_platform': '', 'plant_room': '', 'garden': '', 'yard': ''}",1.768,1.4325,3355,2718.2163187855786,9105718,1244720,ASP,HJL,渣甸山,1975/06,1975,51,12,3.0,blank,blank,blank,,True,POINT Z (22.2742507 114.1938637 0),22.2742507,114.1938637
742,2004-01-26,"TAI HANG TERR,CHUN FAI RD|大坑台,春暉道",5812.189427223596,661,570,"{'bay_window': '', 'flat_roof': '', 'roof': '', 'ac_platform': '', 'plant_room': '', 'garden': '', 'yard': ''}",2.43,2.0037000000000003,4263,3515.263157894737,9124750,1255749,ASP,HJL,渣甸山,1975/06,1975,51,2,17.0,blank,blank,blank,,True,POINT Z (22.2742507 114.1938637 0),22.2742507,114.1938637
743,2004-01-30,"TAI HANG TERR,CHUN FAI RD|大坑台,春暉道",5567.733044795517,668,580,"{'bay_window': '', 'flat_roof': '', 'roof': '', 'ac_platform': '', 'plant_room': '', 'garden': '', 'yard': ''}",2.36,1.9531,4069,3367.4137931034484,9135550,1263938,ASP,HJL,渣甸山,1975/06,1975,51,9,7.0,blank,blank,blank,,True,POINT Z (22.2742507 114.1938637 0),22.2742507,114.1938637
744,2004-02-20,"TAI HANG TERR,CHUN FAI RD|大坑台,春暉道",5892.34259119112,595,511,"{'bay_window': '', 'flat_roof': '', 'roof': '', 'ac_platform': '', 'plant_room': '', 'garden': '', 'yard': ''}",2.43,1.9545,4755,3824.853228962818,9152694,1279867,ASP,HJL,渣甸山,1975/06,1975,51,5,19.0,blank,blank,blank,,True,POINT Z (22.2742507 114.1938637 0),22.2742507,114.1938637
745,2004-03-08,"TAI HANG TERR,CHUN FAI RD|大坑台,春暉道",6882.379449978205,661,570,"{'bay_window': '', 'flat_roof': '', 'roof': '', 'ac_platform': '', 'plant_room': '', 'garden': '', 'yard': ''}",3.08,2.5396,5404,4455.438596491228,9167575,1292581,ASP,HJL,渣甸山,1975/06,1975,51,8,13.0,blank,blank,blank,,True,POINT Z (22.2742507 114.1938637 0),22.2742507,114.1938637
746,2004-03-19,"TAI HANG TERR,CHUN FAI RD|大坑台,春暉道",6459.953919882474,612,527,"{'bay_window': '', 'flat_roof': '', 'roof': '', 'ac_platform': '', 'plant_room': '', 'garden': '', 'yard': ''}",2.72,2.2039,5161,4181.973434535104,9180429,1303806,ASP,HJL,渣甸山,1975/06,1975,51,12,13.0,blank,blank,blank,,True,POINT Z (22.2742507 114.1938637 0),22.2742507,114.1938637
747,2004-03-19,"TAI HANG TERR,CHUN FAI RD|大坑台,春暉道",6353.224528663529,652,559,"{'bay_window': '', 'flat_roof': '', 'roof': '', 'ac_platform': '', 'plant_room': '', 'garden': '', 'yard': ''}",2.8,2.2991,5009,4112.880143112701,9184400,1306594,ASP,HJL,渣甸山,1975/06,1975,51,4,18.0,blank,blank,blank,,True,POINT Z (22.2742507 114.1938637 0),22.2742507,114.1938637
748,2004-03-22,"TAI HANG TERR,CHUN FAI RD|大坑台,春暉道",7664.492660430132,661,570,"{'bay_window': '', 'flat_roof': '', 'roof': '', 'ac_platform': '', 'plant_room': '', 'garden': '', 'yard': ''}",3.43,2.8282000000000003,6018,4961.754385964913,9184860,1306658,ASP,HJL,渣甸山,1975/06,1975,51,8,9.0,blank,blank,blank,,True,POINT Z (22.2742507 114.1938637 0),22.2742507,114.1938637
749,2004-04-02,"TAI HANG TERR,CHUN FAI RD|大坑台,春暉道",5335.532851572357,668,580,"{'bay_window': '', 'flat_roof': '', 'roof': '', 'ac_platform': '', 'plant_room': '', 'garden': '', 'yard': ''}",2.5,2.069,4310,3567.2413793103447,9195706,1315958,ASP,HJL,渣甸山,1975/06,1975,51,9,4.0,blank,blank,blank,,True,POINT Z (22.2742507 114.1938637 0),22.2742507,114.1938637
750,2004-04-28,"TAI HANG TERR,CHUN FAI RD|大坑台,春暉道",6469.308133868015,661,570,"{'bay_window': '', 'flat_roof': '', 'roof': '', 'ac_platform': '', 'plant_room': '', 'garden': '', 'yard': ''}",2.99,2.4654000000000003,5246,4325.263157894738,9222582,1337911,ASP,HJL,渣甸山,1975/06,1975,51,8,6.0,blank,blank,blank,,True,POINT Z (22.2742507 114.1938637 0),22.2742507,114.1938637
751,2004-05-10,"TAI HANG TERR,CHUN FAI RD|大坑台,春暉道",4974.509055481239,668,580,"{'bay_window': '', 'flat_roof': '165', 'roof': '', 'ac_platform': '', 'plant_room': '', 'garden': '', 'yard': ''}",2.43,2.011,4190,3467.241379310345,9236516,1351390,ASP,HJL,渣甸山,1975/06,1975,51,9,2.0,blank,blank,blank,,True,POINT Z (22.2742507 114.1938637 0),22.2742507,114.1938637
752,2004-07-15,"TAI HANG TERR,CHUN FAI RD|大坑台,春暉道",8731.027952263317,731,627,"{'bay_window': '', 'flat_roof': '', 'roof': '', 'ac_platform': '', 'plant_room': '', 'garden': '', 'yard': ''}",4.08,3.4293,6507,5469.377990430622,9288733,1388771,ASP,HJL,渣甸山,1975/06,1975,51,1,16.0,blank,blank,blank,,True,POINT Z (22.2742507 114.1938637 0),22.2742507,114.1938637
753,2004-08-05,"TAI HANG TERR,CHUN FAI RD|大坑台,春暉道",5457.04345000281,612,527,"{'bay_window': '', 'flat_roof': '', 'roof': '', 'ac_platform': '', 'plant_room': '', 'garden': '', 'yard': ''}",2.7,2.1877000000000004,5123,4151.233396584441,9303698,1397396,ASP,HJL,渣甸山,1975/06,1975,51,6,14.0,blank,blank,blank,,True,POINT Z (22.2742507 114.1938637 0),22.2742507,114.1938637
754,2004-08-27,"TAI HANG TERR,CHUN FAI RD|大坑台,春暉道",5760.115525321793,612,527,"{'bay_window': '', 'flat_roof': '', 'roof': '', 'ac_platform': '', 'plant_room': '', 'garden': '', 'yard': ''}",2.85,2.3092,5408,4381.783681214421,9324001,1409676,ASP,HJL,渣甸山,1975/06,1975,51,6,18.0,blank,blank,blank,,True,POINT Z (22.2742507 114.1938637 0),22.2742507,114.1938637
755,2004-09-01,"TAI HANG TERR,CHUN FAI RD|大坑台,春暉道",6650.933534501084,668,580,"{'bay_window': '', 'flat_roof': '', 'roof': '', 'ac_platform': '', 'plant_room': '', 'garden': '', 'yard': ''}",3.188,2.6383,5497,4548.793103448276,9328644,1406670,ASP,HJL,渣甸山,1975/06,1975,51,3,16.0,blank,blank,blank,,True,POINT Z (22.2742507 114.1938637 0),22.2742507,114.1938637
756,2004-08-26,"TAI HANG TERR,CHUN FAI RD|大坑台,春暉道",5345.724349915658,668,580,"{'bay_window': '', 'flat_roof': '', 'roof': '', 'ac_platform': '', 'plant_room': '', 'garden': '', 'yard': ''}",2.85,2.3586,4914,4066.551724137931,9334046,1418630,ASP,HJL,渣甸山,1975/06,1975,51,3,10.0,blank,blank,blank,,True,POINT Z (22.2742507 114.1938637 0),22.2742507,114.1938637
757,2004-09-30,"TAI HANG TERR,CHUN FAI RD|大坑台,春暉道",6361.797826136224,612,527,"{'bay_window': '', 'flat_roof': '', 'roof': '', 'ac_platform': '', 'plant_room': '', 'garden': '', 'yard': ''}",2.83,2.293,5370,4351.043643263757,9353120,1433489,ASP,HJL,渣甸山,1975/06,1975,51,12,14.0,blank,blank,blank,,True,POINT Z (22.2742507 114.1938637 0),22.2742507,114.1938637
758,2004-09-24,"TAI HANG TERR,CHUN FAI RD|大坑台,春暉道",7212.948710223104,731,627,"{'bay_window': '', 'flat_roof': '', 'roof': '', 'ac_platform': '', 'plant_room': '', 'garden': '', 'yard': ''}",3.68,3.0931,5869,4933.17384370016,9354169,1434522,ASP,HJL,渣甸山,1975/06,1975,51,1,9.0,blank,blank,blank,,True,POINT Z (22.2742507 114.1938637 0),22.2742507,114.1938637
759,2004-09-22,"TAI HANG TERR,CHUN FAI RD|大坑台,春暉道",6514.436972270815,661,570,"{'bay_window': '', 'flat_roof': '', 'roof': '', 'ac_platform': '', 'plant_room': '', 'garden': '', 'yard': ''}",3.08,2.5396,5404,4455.438596491228,9354949,1435989,ASP,HJL,渣甸山,1975/06,1975,51,8,14.0,blank,blank,blank,,True,POINT Z (22.2742507 114.1938637 0),22.2742507,114.1938637
760,2004-10-04,"TAI HANG TERR,CHUN FAI RD|大坑台,春暉道",5693.33226286039,595,511,"{'bay_window': '', 'flat_roof': '', 'roof': '', 'ac_platform': '', 'plant_room': '', 'garden': '', 'yard': ''}",2.65,2.1314,5186,4171.037181996087,9356725,1436465,ASP,HJL,渣甸山,1975/06,1975,51,11,16.0,blank,blank,blank,,True,POINT Z (22.2742507 114.1938637 0),22.2742507,114.1938637
761,2004-10-16,"TAI HANG TERR,CHUN FAI RD|大坑台,春暉道",6402.26084621553,595,511,"{'bay_window': '', 'flat_roof': '', 'roof': '', 'ac_platform': '', 'plant_room': '', 'garden': '', 'yard': ''}",2.98,2.3968,5832,4690.41095890411,9363286,1442378,ASP,HJL,渣甸山,1975/06,1975,51,11,20.0,blank,blank,blank,,True,POINT Z (22.2742507 114.1938637 0),22.2742507,114.1938637
762,2004-10-11,"TAI HANG TERR,CHUN FAI RD|大坑台,春暉道",6187.498758416911,595,511,"{'bay_window': '', 'flat_roof': '', 'roof': '', 'ac_platform': '', 'plant_room': '', 'garden': '', 'yard': ''}",2.88,2.3164,5636,4533.07240704501,9366507,1443553,ASP,HJL,渣甸山,1975/06,1975,51,5,15.0,blank,blank,blank,,True,POINT Z (22.2742507 114.1938637 0),22.2742507,114.1938637
763,2004-10-04,"TAI HANG TERR,CHUN FAI RD|大坑台,春暉道",6524.547020088923,668,580,"{'bay_window': '', 'flat_roof': '', 'roof': '', 'ac_platform': '', 'plant_room': '', 'garden': '', 'yard': ''}",3.35,2.7724,5776,4780.0,9368920,1445089,ASP,HJL,渣甸山,1975/06,1975,51,3,15.0,blank,blank,blank,,True,POINT Z (22.2742507 114.1938637 0),22.2742507,114.1938637
764,2004-10-09,"TAI HANG TERR,CHUN FAI RD|大坑台,春暉道",6311.817124208598,652,559,"{'bay_window': '', 'flat_roof': '', 'roof': '', 'ac_platform': '', 'plant_room': '', 'garden': '', 'yard': ''}",3.148,2.5849,5631,4624.150268336315,9374966,1448616,PRO-ASP,HJL,渣甸山,1975/06,1975,51,4,17.0,blank,blank,blank,,True,POINT Z (22.2742507 114.1938637 0),22.2742507,114.1938637
765,2004-10-19,"TAI HANG TERR,CHUN FAI RD|大坑台,春暉道",5478.570175061771,595,511,"{'bay_window': '', 'flat_roof': '', 'roof': '', 'ac_platform': '', 'plant_room': '', 'garden': '', 'yard': ''}",2.55,2.051,4990,4013.6986301369866,9381185,1457405,ASP,HJL,渣甸山,1975/06,1975,51,5,3.0,blank,blank,blank,,True,POINT Z (22.2742507 114.1938637 0),22.2742507,114.1938637
766,2004-11-11,"TAI HANG TERR,CHUN FAI RD|大坑台,春暉道",7183.697793572052,652,559,"{'bay_window': '', 'flat_roof': '', 'roof': '', 'ac_platform': '', 'plant_room': '', 'garden': '', 'yard': ''}",3.5,2.8739,6261,5141.144901610018,9399832,1473533,ASP,HJL,渣甸山,1975/06,1975,51,4,20.0,blank,blank,blank,,True,POINT Z (22.2742507 114.1938637 0),22.2742507,114.1938637
767,2004-10-29,"TAI HANG TERR,CHUN FAI RD|大坑台,春暉道",6623.686800839007,731,627,"{'bay_window': '', 'flat_roof': '', 'roof': '', 'ac_platform': '', 'plant_room': '', 'garden': '', 'yard': ''}",3.62,3.0426,5774,4852.631578947368,9433038,1499711,ASP,HJL,渣甸山,1975/06,1975,51,1,5.0,blank,blank,blank,,True,POINT Z (22.2742507 114.1938637 0),22.2742507,114.1938637
768,2005-01-06,"TAI HANG TERR,CHUN FAI RD|大坑台,春暉道",6250.130189162527,595,511,"{'bay_window': '', 'flat_roof': '', 'roof': '', 'ac_platform': '', 'plant_room': '', 'garden': '', 'yard': ''}",2.99,2.4049000000000005,5851,4706.262230919766,9445578,1507983,ASP,HJL,渣甸山,1975/06,1975,51,5,17.0,blank,blank,blank,,True,POINT Z (22.2742507 114.1938637 0),22.2742507,114.1938637
769,2005-01-31,"TAI HANG TERR,CHUN FAI RD|大坑台,春暉道",6288.937855560878,612,527,"{'bay_window': '', 'flat_roof': '', 'roof': '', 'ac_platform': '', 'plant_room': '', 'garden': '', 'yard': ''}",3.08,2.4956,5844,4735.4838709677415,5022502990473,1543681,ASP,HJL,渣甸山,1975/06,1975,51,6,7.0,blank,blank,blank,,True,POINT Z (22.2742507 114.1938637 0),22.2742507,114.1938637
770,2005-02-19,"TAI HANG TERR,CHUN FAI RD|大坑台,春暉道",6500.252703322167,612,527,"{'bay_window': '', 'flat_roof': '', 'roof': '', 'ac_platform': '', 'plant_room': '', 'garden': '', 'yard': ''}",3.25,2.6333,6167,4996.774193548387,5031100920034,1554374,ASP,HJL,渣甸山,1975/06,1975,51,12,16.0,blank,blank,blank,,True,POINT Z (22.2742507 114.1938637 0),22.2742507,114.1938637
771,2005-02-21,"TAI HANG TERR,CHUN FAI RD|大坑台,春暉道",6306.642587164247,595,511,"{'bay_window': '', 'flat_roof': '', 'roof': '', 'ac_platform': '', 'plant_room': '', 'garden': '', 'yard': ''}",3.08,2.4773,6027,4847.945205479452,5031901620148,1559458,ASP,HJL,渣甸山,1975/06,1975,51,11,11.0,blank,blank,blank,,True,POINT Z (22.2742507 114.1938637 0),22.2742507,114.1938637
772,2005-03-21,"TAI HANG TERR,CHUN FAI RD|大坑台,春暉道",7344.724090363944,668,580,"{'bay_window': '', 'flat_roof': '165', 'roof': '', 'ac_platform': '', 'plant_room': '', 'garden': '', 'yard': ''}",3.8,3.1448,6552,5422.068965517241,5041902130195,1587014,PRO-ASP,HJL,渣甸山,1975/06,1975,51,9,2.0,blank,blank,blank,,True,POINT Z (22.2742507 114.1938637 0),22.2742507,114.1938637
773,2005-03-31,"TAI HANG TERR,CHUN FAI RD|大坑台,春暉道",7185.281614779736,612,527,"{'bay_window': '', 'flat_roof': '', 'roof': '', 'ac_platform': '', 'plant_room': '', 'garden': '', 'yard': ''}",3.45,2.7954000000000003,6546,5304.364326375712,5042700630688,1596041,ASP,HJL,渣甸山,1975/06,1975,51,12,17.0,blank,blank,blank,,True,POINT Z (22.2742507 114.1938637 0),22.2742507,114.1938637
774,2005-03-30,"TAI HANG TERR,CHUN FAI RD|大坑台,春暉道",7505.186186983947,661,570,"{'bay_window': '', 'flat_roof': '', 'roof': '', 'ac_platform': '', 'plant_room': '', 'garden': '', 'yard': ''}",3.83,3.1581,6719,5540.526315789473,5042701170033,1596083,PRO-ASP,HJL,渣甸山,1975/06,1975,51,8,8.0,blank,blank,blank,,True,POINT Z (22.2742507 114.1938637 0),22.2742507,114.1938637
775,2005-04-22,"TAI HANG TERR,CHUN FAI RD|大坑台,春暉道",6188.852938556711,595,511,"{'bay_window': '', 'flat_roof': '60', 'roof': '', 'ac_platform': '', 'plant_room': '', 'garden': '', 'yard': ''}",2.95,2.3727,5773,4643.248532289628,5042702740150,1595493,ASP,HJL,渣甸山,1975/06,1975,51,5,2.0,blank,blank,blank,,True,POINT Z (22.2742507 114.1938637 0),22.2742507,114.1938637
776,2005-04-02,"TAI HANG TERR,CHUN FAI RD|大坑台,春暉道",6424.338739192035,612,527,"{'bay_window': '', 'flat_roof': '', 'roof': '', 'ac_platform': '', 'plant_room': '', 'garden': '', 'yard': ''}",3.135,2.5401,5949,4819.924098671727,5042800300096,1597460,ASP,HJL,渣甸山,1975/06,1975,51,12,2.0,blank,blank,blank,,True,POINT Z (22.2742507 114.1938637 0),22.2742507,114.1938637
777,2005-04-14,"TAI HANG TERR,CHUN FAI RD|大坑台,春暉道",7423.391906989691,661,570,"{'bay_window': '', 'flat_roof': '', 'roof': '', 'ac_platform': '', 'plant_room': '', 'garden': '', 'yard': ''}",3.85,3.1746,6754,5569.473684210527,5050601570015,1605129,PRO-ASP,HJL,渣甸山,1975/06,1975,51,2,12.0,blank,blank,blank,,True,POINT Z (22.2742507 114.1938637 0),22.2742507,114.1938637
778,2005-04-25,"TAI HANG TERR,CHUN FAI RD|大坑台,春暉道",6762.488453545792,612,527,"{'bay_window': '', 'flat_roof': '', 'roof': '', 'ac_platform': '', 'plant_room': '', 'garden': '', 'yard': ''}",3.3,2.6738,6262,5073.624288425048,5051400520069,1613126,ASP,HJL,渣甸山,1975/06,1975,51,6,10.0,blank,blank,blank,,True,POINT Z (22.2742507 114.1938637 0),22.2742507,114.1938637
779,2005-05-09,"TAI HANG TERR,CHUN FAI RD|大坑台,春暉道",7544.268506721278,652,559,"{'bay_window': '', 'flat_roof': '', 'roof': '', 'ac_platform': '', 'plant_room': '', 'garden': '', 'yard': ''}",3.88,3.1859,6941,5699.284436493739,5060201610123,1635331,ASP,HJL,渣甸山,1975/06,1975,51,10,19.0,blank,blank,blank,,True,POINT Z (22.2742507 114.1938637 0),22.2742507,114.1938637
780,2005-05-11,"TAI HANG TERR,CHUN FAI RD|大坑台,春暉道",6458.779256191012,595,511,"{'bay_window': '', 'flat_roof': '', 'roof': '', 'ac_platform': '', 'plant_room': '', 'garden': '', 'yard': ''}",3.1,2.4933,6067,4879.256360078278,5060302120143,1638596,ASP,HJL,渣甸山,1975/06,1975,51,11,10.0,blank,blank,blank,,True,POINT Z (22.2742507 114.1938637 0),22.2742507,114.1938637
781,2005-05-25,"TAI HANG TERR,CHUN FAI RD|大坑台,春暉道",7836.008322794621,652,559,"{'bay_window': '', 'flat_roof': '', 'roof': '', 'ac_platform': '', 'plant_room': '', 'garden': '', 'yard': ''}",4.03,3.3091000000000004,7209,5919.677996422183,5060802120050,1642365,ASP,HJL,渣甸山,1975/06,1975,51,10,15.0,blank,blank,blank,,True,POINT Z (22.2742507 114.1938637 0),22.2742507,114.1938637
782,2005-05-23,"TAI HANG TERR,CHUN FAI RD|大坑台,春暉道",7772.169654778125,731,627,"{'bay_window': '', 'flat_roof': '', 'roof': '', 'ac_platform': '', 'plant_room': '', 'garden': '', 'yard': ''}",4.38,3.6814,6986,5871.451355661882,5061003030183,1645854,ASP,HJL,渣甸山,1975/06,1975,51,1,10.0,blank,blank,blank,,True,POINT Z (22.2742507 114.1938637 0),22.2742507,114.1938637
783,2005-05-27,"TAI HANG TERR,CHUN FAI RD|大坑台,春暉道",6863.700137082653,652,559,"{'bay_window': '', 'flat_roof': '', 'roof': '', 'ac_platform': '', 'plant_room': '', 'garden': '', 'yard': ''}",3.53,2.8985,6315,5185.152057245081,5061301090028,1646983,ASP,HJL,渣甸山,1975/06,1975,51,4,7.0,blank,blank,blank,,True,POINT Z (22.2742507 114.1938637 0),22.2742507,114.1938637
784,2005-06-06,"TAI HANG TERR,CHUN FAI RD|大坑台,春暉道",10096.26727870135,652,559,"{'bay_window': '', 'flat_roof': '', 'roof': '560', 'ac_platform': '', 'plant_room': '', 'garden': '', 'yard': ''}",5.2,4.2698,9302,7638.282647584973,5070702390045,1671613,ASP,HJL,渣甸山,1975/06,1975,51,10,21.0,blank,blank,blank,,True,POINT Z (22.2742507 114.1938637 0),22.2742507,114.1938637
785,2005-05-29,"TAI HANG TERR,CHUN FAI RD|大坑台,春暉道",7895.089146748556,668,580,"{'bay_window': '', 'flat_roof': '', 'roof': '', 'ac_platform': '', 'plant_room': '', 'garden': '', 'yard': ''}",4.18,3.4593,7207,5964.310344827586,5072102590163,1683743,PRO-ASP,HJL,渣甸山,1975/06,1975,51,3,16.0,blank,blank,blank,,True,POINT Z (22.2742507 114.1938637 0),22.2742507,114.1938637
786,2005-07-06,"TAI HANG TERR,CHUN FAI RD|大坑台,春暉道",7722.897443990436,661,570,"{'bay_window': '', 'flat_roof': '', 'roof': '', 'ac_platform': '', 'plant_room': '', 'garden': '', 'yard': ''}",3.9,3.2158,6842,5641.754385964912,5072701620057,1688893,ASP,HJL,渣甸山,1975/06,1975,51,8,13.0,blank,blank,blank,,True,POINT Z (22.2742507 114.1938637 0),22.2742507,114.1938637
787,2005-08-11,"TAI HANG TERR,CHUN FAI RD|大坑台,春暉道",6669.466817892868,661,570,"{'bay_window': '', 'flat_roof': '', 'roof': '', 'ac_platform': '', 'plant_room': '', 'garden': '', 'yard': ''}",3.45,2.8447000000000005,6053,4990.701754385966,5082701840422,1711781,ASP,HJL,渣甸山,1975/06,1975,51,8,16.0,blank,blank,blank,,True,POINT Z (22.2742507 114.1938637 0),22.2742507,114.1938637
788,2005-08-23,"TAI HANG TERR,CHUN FAI RD|大坑台,春暉道",7499.442029933443,612,527,"{'bay_window': '', 'flat_roof': '', 'roof': '', 'ac_platform': '', 'plant_room': '', 'garden': '', 'yard': ''}",3.65,2.9574,6926,5611.764705882353,5083001790015,1714054,ASP,HJL,渣甸山,1975/06,1975,51,6,8.0,blank,blank,blank,,True,POINT Z (22.2742507 114.1938637 0),22.2742507,114.1938637
789,2005-09-13,"TAI HANG TERR,CHUN FAI RD|大坑台,春暉道",7572.962705095251,652,559,"{'bay_window': '', 'flat_roof': '', 'roof': '', 'ac_platform': '', 'plant_room': '', 'garden': '', 'yard': ''}",4.05,3.3255,7245,5949.016100178891,5100701020275,1741193,ASP,HJL,渣甸山,1975/06,1975,51,10,13.0,blank,blank,blank,,True,POINT Z (22.2742507 114.1938637 0),22.2742507,114.1938637
790,2005-09-22,"TAI HANG TERR,CHUN FAI RD|大坑台,春暉道",7311.0800675712835,652,559,"{'bay_window': '', 'flat_roof': '', 'roof': '', 'ac_platform': '', 'plant_room': '', 'garden': '', 'yard': ''}",3.91,3.2105,6995,5743.291592128801,5101801380058,1747044,ASP,HJL,渣甸山,1975/06,1975,51,4,12.0,blank,blank,blank,,True,POINT Z (22.2742507 114.1938637 0),22.2742507,114.1938637
791,2005-10-07,"TAI HANG TERR,CHUN FAI RD|大坑台,春暉道",7407.343024516713,668,580,"{'bay_window': '', 'flat_roof': '', 'roof': '', 'ac_platform': '', 'plant_room': '', 'garden': '', 'yard': ''}",3.968,3.2839,6841,5661.896551724138,5102600810028,1753735,ASP,HJL,渣甸山,1975/06,1975,51,9,7.0,blank,blank,blank,,True,POINT Z (22.2742507 114.1938637 0),22.2742507,114.1938637
792,2005-10-28,"TAI HANG TERR,CHUN FAI RD|大坑台,春暉道",9273.635743673012,661,570,"{'bay_window': '', 'flat_roof': '', 'roof': '', 'ac_platform': '', 'plant_room': '', 'garden': '', 'yard': ''}",4.9,4.0404,8596,7088.421052631579,5111500260046,1766890,ASP,HJL,渣甸山,1975/06,1975,51,8,21.0,blank,blank,blank,,True,POINT Z (22.2742507 114.1938637 0),22.2742507,114.1938637
793,2005-12-09,"TAI HANG TERR,CHUN FAI RD|大坑台,春暉道",8718.332486408068,731,627,"{'bay_window': '', 'flat_roof': '', 'roof': '', 'ac_platform': '', 'plant_room': '', 'garden': '', 'yard': ''}",4.73,3.975600000000001,7544,6340.669856459332,5121601740046,1785980,ASP,HJL,渣甸山,1975/06,1975,51,7,20.0,blank,blank,blank,,True,POINT Z (22.2742507 114.1938637 0),22.2742507,114.1938637
794,2005-12-16,"TAI HANG TERR,CHUN FAI RD|大坑台,春暉道",5160.912484533841,731,627,"{'bay_window': '', 'flat_roof': '', 'roof': '', 'ac_platform': '', 'plant_room': '', 'garden': '', 'yard': ''}",2.8,2.3534,4466,3753.4290271132377,5123000930053,1793635,ASP,HJL,渣甸山,1975/06,1975,51,1,13.0,blank,blank,blank,,True,POINT Z (22.2742507 114.1938637 0),22.2742507,114.1938637
795,2006-01-25,"TAI HANG TERR,CHUN FAI RD|大坑台,春暉道",8034.668497078562,595,511,"{'bay_window': '', 'flat_roof': '', 'roof': '', 'ac_platform': '', 'plant_room': '', 'garden': '', 'yard': ''}",3.78,3.0403,7397,5949.706457925636,6020900860014,1815192,ASP,HJL,渣甸山,1975/06,1975,51,11,16.0,blank,blank,blank,,True,POINT Z (22.2742507 114.1938637 0),22.2742507,114.1938637
796,2006-01-27,"TAI HANG TERR,CHUN FAI RD|大坑台,春暉道",7894.827832084967,652,559,"{'bay_window': '', 'flat_roof': '', 'roof': '', 'ac_platform': '', 'plant_room': '', 'garden': '', 'yard': ''}",3.98,3.268,7120,5846.153846153846,6020901180035,1814720,ASP,HJL,渣甸山,1975/06,1975,51,4,16.0,blank,blank,blank,,True,POINT Z (22.2742507 114.1938637 0),22.2742507,114.1938637
797,2006-01-24,"TAI HANG TERR,CHUN FAI RD|大坑台,春暉道",8361.06370564967,661,570,"{'bay_window': '', 'flat_roof': '', 'roof': '', 'ac_platform': '', 'plant_room': '', 'garden': '', 'yard': ''}",4.28,3.5291,7509,6191.403508771929,6021100830063,1815950,ASP,HJL,渣甸山,1975/06,1975,51,2,20.0,blank,blank,blank,,True,POINT Z (22.2742507 114.1938637 0),22.2742507,114.1938637
798,2006-02-03,"TAI HANG TERR,CHUN FAI RD|大坑台,春暉道",7760.815839070034,652,559,"{'bay_window': '', 'flat_roof': '', 'roof': '', 'ac_platform': '', 'plant_room': '', 'garden': '', 'yard': ''}",3.98,3.268,7120,5846.153846153846,6021500290172,1818805,ASP,HJL,渣甸山,1975/06,1975,51,10,16.0,blank,blank,blank,,True,POINT Z (22.2742507 114.1938637 0),22.2742507,114.1938637
799,2006-01-22,"TAI HANG TERR,CHUN FAI RD|大坑台,春暉道",7894.827832084967,652,559,"{'bay_window': '', 'flat_roof': '', 'roof': '', 'ac_platform': '', 'plant_room': '', 'garden': '', 'yard': ''}",3.98,3.268,7120,5846.153846153846,6021702470012,1821159,PRO-ASP,HJL,渣甸山,1975/06,1975,51,4,19.0,blank,blank,blank,,True,POINT Z (22.2742507 114.1938637 0),22.2742507,114.1938637
800,2006-02-08,"TAI HANG TERR,CHUN FAI RD|大坑台,春暉道",7355.092855904246,661,570,"{'bay_window': '', 'flat_roof': '', 'roof': '', 'ac_platform': '', 'plant_room': '', 'garden': '', 'yard': ''}",3.83,3.1581,6719,5540.526315789473,6022801680036,1826429,ASP,HJL,渣甸山,1975/06,1975,51,8,7.0,blank,blank,blank,,True,POINT Z (22.2742507 114.1938637 0),22.2742507,114.1938637
801,2006-03-07,"TAI HANG TERR,CHUN FAI RD|大坑台,春暉道",7291.511011465213,661,570,"{'bay_window': '', 'flat_roof': '', 'roof': '', 'ac_platform': '', 'plant_room': '', 'garden': '', 'yard': ''}",3.75,3.0921,6579,5424.736842105263,6032201400070,1841530,ASP,HJL,渣甸山,1975/06,1975,51,8,2.0,blank,blank,blank,,True,POINT Z (22.2742507 114.1938637 0),22.2742507,114.1938637
802,2006-02-28,"TAI HANG TERR,CHUN FAI RD|大坑台,春暉道",7143.605045796545,612,527,"{'bay_window': '', 'flat_roof': '', 'roof': '', 'ac_platform': '', 'plant_room': '', 'garden': '', 'yard': ''}",3.5,2.8359,6641,5381.214421252372,6032301800011,1842522,ASP,HJL,渣甸山,1975/06,1975,51,6,4.0,blank,blank,blank,,True,POINT Z (22.2742507 114.1938637 0),22.2742507,114.1938637
803,2006-03-25,"TAI HANG TERR,CHUN FAI RD|大坑台,春暉道",8072.238259280178,731,627,"{'bay_window': '', 'flat_roof': '', 'roof': '', 'ac_platform': '', 'plant_room': '', 'garden': '', 'yard': ''}",4.48,3.7655,7145,6005.582137161085,6042101790073,1861574,PRO-ASP,HJL,渣甸山,1975/06,1975,51,7,16.0,blank,blank,blank,,True,POINT Z (22.2742507 114.1938637 0),22.2742507,114.1938637
804,2006-04-18,"TAI HANG TERR,CHUN FAI RD|大坑台,春暉道",10159.879790966384,668,580,"{'bay_window': '', 'flat_roof': '', 'roof': '', 'ac_platform': '', 'plant_room': '', 'garden': '', 'yard': ''}",4.48,4.48,7724,7724.137931034483,6042900180015,1865282,ASP,HJL,渣甸山,1975/06,1975,51,9,15.0,blank,blank,blank,,False,POINT Z (22.2742507 114.1938637 0),22.2742507,114.1938637
805,2006-05-24,"TAI HANG TERR,CHUN FAI RD|大坑台,春暉道",8722.799869206981,612,527,"{'bay_window': '', 'flat_roof': '', 'roof': '', 'ac_platform': '', 'plant_room': '', 'garden': '', 'yard': ''}",4.3,3.4841,8159,6611.195445920303,6061301870138,1897808,ASP,HJL,渣甸山,1975/06,1975,51,6,18.0,blank,blank,blank,,True,POINT Z (22.2742507 114.1938637 0),22.2742507,114.1938637
806,2006-07-26,"TAI HANG TERR,CHUN FAI RD|大坑台,春暉道",7667.123699853123,595,511,"{'bay_window': '', 'flat_roof': '', 'roof': '', 'ac_platform': '', 'plant_room': '', 'garden': '', 'yard': ''}",3.77,3.0322,7378,5933.855185909981,6080300120037,1932257,ASP,HJL,渣甸山,1975/06,1975,51,5,14.0,blank,blank,blank,,True,POINT Z (22.2742507 114.1938637 0),22.2742507,114.1938637
807,2006-10-13,"TAI HANG TERR,CHUN FAI RD|大坑台,春暉道",7682.453799466559,668,580,"{'bay_window': '', 'flat_roof': '', 'roof': '', 'ac_platform': '', 'plant_room': '', 'garden': '', 'yard': ''}",4.2,3.4759,7241,5992.931034482759,6110601700102,1996408,ASP,HJL,渣甸山,1975/06,1975,51,3,16.0,blank,blank,blank,,True,POINT Z (22.2742507 114.1938637 0),22.2742507,114.1938637
808,2006-11-03,"TAI HANG TERR,CHUN FAI RD|大坑台,春暉道",6097.372870040732,661,570,"{'bay_window': '', 'flat_roof': '', 'roof': '', 'ac_platform': '', 'plant_room': '', 'garden': '', 'yard': ''}",3.2,2.6386000000000003,5614,4629.122807017545,6113001490012,2012988,ASP,HJL,渣甸山,1975/06,1975,51,2,4.0,blank,blank,blank,,True,POINT Z (22.2742507 114.1938637 0),22.2742507,114.1938637
809,2006-11-07,"TAI HANG TERR,CHUN FAI RD|大坑台,春暉道",8795.788304589561,668,580,"{'bay_window': '', 'flat_roof': '', 'roof': '', 'ac_platform': '', 'plant_room': '', 'garden': '', 'yard': ''}",4.68,3.8731,8069,6677.758620689655,6120102220026,2013894,PRO-ASP,HJL,渣甸山,1975/06,1975,51,9,13.0,blank,blank,blank,,True,POINT Z (22.2742507 114.1938637 0),22.2742507,114.1938637
810,2006-11-28,"TAI HANG TERR,CHUN FAI RD|大坑台,春暉道",7695.361390581309,612,527,"{'bay_window': '', 'flat_roof': '', 'roof': '', 'ac_platform': '', 'plant_room': '', 'garden': '', 'yard': ''}",3.8,3.0789,7211,5842.314990512334,6120400830016,2014375,ASP,HJL,渣甸山,1975/06,1975,51,12,19.0,blank,blank,blank,,True,POINT Z (22.2742507 114.1938637 0),22.2742507,114.1938637
811,2006-12-27,"TAI HANG TERR,CHUN FAI RD|大坑台,春暉道",7634.3618126655965,595,511,"{'bay_window': '', 'flat_roof': '', 'roof': '', 'ac_platform': '', 'plant_room': '', 'garden': '', 'yard': ''}",3.75,3.0161,7339,5902.348336594912,7011100460035,2038951,ASP,HJL,渣甸山,1975/06,1975,51,11,7.0,blank,blank,blank,,True,POINT Z (22.2742507 114.1938637 0),22.2742507,114.1938637
812,2007-01-03,"TAI HANG TERR,CHUN FAI RD|大坑台,春暉道",7236.194453961775,612,527,"{'bay_window': '', 'flat_roof': '', 'roof': '', 'ac_platform': '', 'plant_room': '', 'garden': '', 'yard': ''}",3.768,3.053,7150,5793.168880455408,7013002420015,2054813,ASP,HJL,渣甸山,1975/06,1975,51,12,7.0,blank,blank,blank,,True,POINT Z (22.2742507 114.1938637 0),22.2742507,114.1938637
813,2007-01-12,"TAI HANG TERR,CHUN FAI RD|大坑台,春暉道",6586.204472114418,595,511,"{'bay_window': '', 'flat_roof': '', 'roof': '', 'ac_platform': '', 'plant_room': '', 'garden': '', 'yard': ''}",3.35,2.6944,6556,5272.79843444227,7020801320218,2061577,ASP,HJL,渣甸山,1975/06,1975,51,11,3.0,blank,blank,blank,,True,POINT Z (22.2742507 114.1938637 0),22.2742507,114.1938637
814,2007-01-31,"TAI HANG TERR,CHUN FAI RD|大坑台,春暉道",8073.059865344127,652,559,"{'bay_window': '', 'flat_roof': '', 'roof': '', 'ac_platform': '', 'plant_room': '', 'garden': '', 'yard': ''}",4.4,3.6129,7871,6463.148479427549,7030102100237,2076185,ASP,HJL,渣甸山,1975/06,1975,51,10,19.0,blank,blank,blank,,True,POINT Z (22.2742507 114.1938637 0),22.2742507,114.1938637
815,2007-03-19,"TAI HANG TERR,CHUN FAI RD|大坑台,春暉道",7782.325688643368,612,527,"{'bay_window': '', 'flat_roof': '', 'roof': '', 'ac_platform': '', 'plant_room': '', 'garden': '', 'yard': ''}",4.0,3.241,7590,6149.9051233396585,7032801820059,2094050,ASP,HJL,渣甸山,1975/06,1975,51,12,11.0,blank,blank,blank,,True,POINT Z (22.2742507 114.1938637 0),22.2742507,114.1938637
816,2007-04-18,"TAI HANG TERR,CHUN FAI RD|大坑台,春暉道",8155.512883869351,595,511,"{'bay_window': '', 'flat_roof': '', 'roof': '', 'ac_platform': '', 'plant_room': '', 'garden': '', 'yard': ''}",4.2,3.3781000000000003,8219,6610.763209393347,7050300280029,2121221,ASP,HJL,渣甸山,1975/06,1975,51,11,11.0,blank,blank,blank,,True,POINT Z (22.2742507 114.1938637 0),22.2742507,114.1938637
817,2007-04-14,"TAI HANG TERR,CHUN FAI RD|大坑台,春暉道",8097.354481439137,668,580,"{'bay_window': '', 'flat_roof': '', 'roof': '', 'ac_platform': '', 'plant_room': '', 'garden': '', 'yard': ''}",4.6,3.8069,7931,6563.620689655172,7050900780098,2126185,PRO-ASP,HJL,渣甸山,1975/06,1975,51,3,18.0,blank,blank,blank,,True,POINT Z (22.2742507 114.1938637 0),22.2742507,114.1938637
818,2007-05-23,"TAI HANG TERR,CHUN FAI RD|大坑台,春暉道",8416.292011532929,661,570,"{'bay_window': '', 'flat_roof': '', 'roof': '', 'ac_platform': '', 'plant_room': '', 'garden': '', 'yard': ''}",4.85,3.9991,8509,7015.964912280701,7062200410044,2167525,ASP,HJL,渣甸山,1975/06,1975,51,8,12.0,blank,blank,blank,,True,POINT Z (22.2742507 114.1938637 0),22.2742507,114.1938637
819,2007-06-11,"TAI HANG TERR,CHUN FAI RD|大坑台,春暉道",11402.536866040806,612,527,"{'bay_window': '', 'flat_roof': '', 'roof': '527', 'ac_platform': '', 'plant_room': '', 'garden': '', 'yard': ''}",5.0,5.0,9488,9487.666034155598,7070902200023,2182230,PRO-ASP,HJL,渣甸山,1975/06,1975,51,6,21.0,blank,blank,blank,,False,POINT Z (22.2742507 114.1938637 0),22.2742507,114.1938637
820,2007-06-18,"TAI HANG TERR,CHUN FAI RD|大坑台,春暉道",7760.566591027371,612,527,"{'bay_window': '', 'flat_roof': '', 'roof': '', 'ac_platform': '', 'plant_room': '', 'garden': '', 'yard': ''}",4.2,3.403,7970,6457.3055028463,7071701020224,2191109,ASP,HJL,渣甸山,1975/06,1975,51,6,9.0,blank,blank,blank,,True,POINT Z (22.2742507 114.1938637 0),22.2742507,114.1938637
821,2007-06-28,"TAI HANG TERR,CHUN FAI RD|大坑台,春暉道",7922.18271218566,595,511,"{'bay_window': '', 'flat_roof': '', 'roof': '', 'ac_platform': '', 'plant_room': '', 'garden': '', 'yard': ''}",4.188,3.3684,8196,6591.780821917808,7072500420085,2199485,ASP,HJL,渣甸山,1975/06,1975,51,11,10.0,blank,blank,blank,,True,POINT Z (22.2742507 114.1938637 0),22.2742507,114.1938637
822,2007-07-23,"TAI HANG TERR,CHUN FAI RD|大坑台,春暉道",7357.331026397153,595,511,"{'bay_window': '', 'flat_roof': '', 'roof': '', 'ac_platform': '', 'plant_room': '', 'garden': '', 'yard': ''}",3.94,3.169,7710,6201.565557729941,7081002190212,2214905,ASP,HJL,渣甸山,1975/06,1975,51,5,18.0,blank,blank,blank,,True,POINT Z (22.2742507 114.1938637 0),22.2742507,114.1938637
823,2007-08-23,"TAI HANG TERR,CHUN FAI RD|大坑台,春暉道",7639.403271236572,652,559,"{'bay_window': '', 'flat_roof': '', 'roof': '', 'ac_platform': '', 'plant_room': '', 'garden': '', 'yard': ''}",4.41,3.6211,7889,6477.817531305904,7083102690125,2234969,ASP,HJL,渣甸山,1975/06,1975,51,4,7.0,blank,blank,blank,,True,POINT Z (22.2742507 114.1938637 0),22.2742507,114.1938637
824,2007-08-08,"TAI HANG TERR,CHUN FAI RD|大坑台,春暉道",9011.151491227198,731,627,"{'bay_window': '', 'flat_roof': '', 'roof': '', 'ac_platform': '', 'plant_room': '', 'garden': '', 'yard': ''}",5.7,4.790900000000001,9091,7640.98883572568,7090602160051,2239274,ASP,HJL,渣甸山,1975/06,1975,51,1,16.0,blank,blank,blank,,True,POINT Z (22.2742507 114.1938637 0),22.2742507,114.1938637
825,2007-08-17,"TAI HANG TERR,CHUN FAI RD|大坑台,春暉道",8055.223432171299,652,559,"{'bay_window': '', 'flat_roof': '', 'roof': '', 'ac_platform': '', 'plant_room': '', 'garden': '', 'yard': ''}",4.65,3.818200000000001,8318,6830.411449016102,7091001400075,2241978,ASP,HJL,渣甸山,1975/06,1975,51,10,13.0,blank,blank,blank,,True,POINT Z (22.2742507 114.1938637 0),22.2742507,114.1938637
826,2007-09-10,"TAI HANG TERR,CHUN FAI RD|大坑台,春暉道",8948.703795443456,731,627,"{'bay_window': '', 'flat_roof': '', 'roof': '', 'ac_platform': '', 'plant_room': '', 'garden': '', 'yard': ''}",5.8,4.875,9250,7775.11961722488,7100902120545,2267852,PRO-ASP,HJL,渣甸山,1975/06,1975,51,7,17.0,blank,blank,blank,,True,POINT Z (22.2742507 114.1938637 0),22.2742507,114.1938637
827,2007-10-18,"TAI HANG TERR,CHUN FAI RD|大坑台,春暉道",7905.553075393789,661,570,"{'bay_window': '', 'flat_roof': '', 'roof': '', 'ac_platform': '', 'plant_room': '', 'garden': '', 'yard': ''}",4.93,4.065099999999999,8649,7131.75438596491,7102402290285,2279965,ASP,HJL,渣甸山,1975/06,1975,51,8,8.0,blank,blank,blank,,True,POINT Z (22.2742507 114.1938637 0),22.2742507,114.1938637
828,2007-08-03,"TAI HANG TERR,CHUN FAI RD|大坑台,春暉道",3248.3156847898613,595,511,"{'bay_window': '', 'flat_roof': '', 'roof': '', 'ac_platform': '', 'plant_room': '', 'garden': '', 'yard': ''}",1.75,1.4075,3425,2754.40313111546,7110201210689,2289955,ASP,HJL,渣甸山,1975/06,1975,51,5,3.0,blank,blank,blank,,True,POINT Z (22.2742507 114.1938637 0),22.2742507,114.1938637
829,2007-10-11,"TAI HANG TERR,CHUN FAI RD|大坑台,春暉道",8692.977355295134,731,627,"{'bay_window': '', 'flat_roof': '', 'roof': '', 'ac_platform': '', 'plant_room': '', 'garden': '', 'yard': ''}",5.85,4.917,9330,7842.105263157895,7110702360428,2294299,ASP,HJL,渣甸山,1975/06,1975,51,7,16.0,blank,blank,blank,,True,POINT Z (22.2742507 114.1938637 0),22.2742507,114.1938637
830,2007-11-06,"TAI HANG TERR,CHUN FAI RD|大坑台,春暉道",8761.086183440035,661,570,"{'bay_window': '', 'flat_roof': '', 'roof': '', 'ac_platform': '', 'plant_room': '', 'garden': '', 'yard': ''}",5.75,4.7412,10088,8317.894736842105,7111902670026,2307324,ASP,HJL,渣甸山,1975/06,1975,51,8,21.0,blank,blank,blank,,True,POINT Z (22.2742507 114.1938637 0),22.2742507,114.1938637
831,2007-10-29,"TAI HANG TERR,CHUN FAI RD|大坑台,春暉道",7876.851429879124,668,580,"{'bay_window': '', 'flat_roof': '', 'roof': '', 'ac_platform': '', 'plant_room': '', 'garden': '', 'yard': ''}",4.98,4.1214,8586,7105.862068965518,7112600830103,2315380,PRO-ASP,HJL,渣甸山,1975/06,1975,51,9,8.0,blank,blank,blank,,True,POINT Z (22.2742507 114.1938637 0),22.2742507,114.1938637
832,2007-11-12,"TAI HANG TERR,CHUN FAI RD|大坑台,春暉道",8014.17350713146,652,559,"{'bay_window': '', 'flat_roof': '', 'roof': '', 'ac_platform': '', 'plant_room': '', 'garden': '', 'yard': ''}",5.18,4.253299999999999,9267,7608.765652951698,7112602760089,2314737,ASP,HJL,渣甸山,1975/06,1975,51,10,18.0,blank,blank,blank,,True,POINT Z (22.2742507 114.1938637 0),22.2742507,114.1938637
833,2007-11-16,"TAI HANG TERR,CHUN FAI RD|大坑台,春暉道",8532.505579185514,661,570,"{'bay_window': '', 'flat_roof': '', 'roof': '', 'ac_platform': '', 'plant_room': '', 'garden': '', 'yard': ''}",5.6,4.6175,9825,8100.877192982456,7121202710045,2336210,ASP,HJL,渣甸山,1975/06,1975,51,2,19.0,blank,blank,blank,,True,POINT Z (22.2742507 114.1938637 0),22.2742507,114.1938637
834,2007-11-14,"TAI HANG TERR,CHUN FAI RD|大坑台,春暉道",7267.843489671695,612,527,"{'bay_window': '', 'flat_roof': '', 'roof': '', 'ac_platform': '', 'plant_room': '', 'garden': '', 'yard': ''}",4.488,3.636400000000001,8516,6900.189753320685,7121301200075,2337595,ASP,HJL,渣甸山,1975/06,1975,51,12,8.0,blank,blank,blank,,True,POINT Z (22.2742507 114.1938637 0),22.2742507,114.1938637
835,2007-12-02,"TAI HANG TERR,CHUN FAI RD|大坑台,春暉道",6670.76105083478,595,511,"{'bay_window': '', 'flat_roof': '60', 'roof': '', 'ac_platform': '', 'plant_room': '', 'garden': '', 'yard': ''}",4.15,3.3379000000000003,8121,6532.093933463798,7122402940038,2351159,PRO-ASP,HJL,渣甸山,1975/06,1975,51,5,2.0,blank,blank,blank,,True,POINT Z (22.2742507 114.1938637 0),22.2742507,114.1938637
836,2007-11-30,"TAI HANG TERR,CHUN FAI RD|大坑台,春暉道",9283.01051362109,652,559,"{'bay_window': '', 'flat_roof': '', 'roof': '560', 'ac_platform': '', 'plant_room': '', 'garden': '', 'yard': ''}",6.0,4.9267,10733,8813.416815742397,7122701890010,2352798,PRO-ASP,HJL,渣甸山,1975/06,1975,51,10,21.0,blank,blank,blank,,True,POINT Z (22.2742507 114.1938637 0),22.2742507,114.1938637
837,2007-12-20,"TAI HANG TERR,CHUN FAI RD|大坑台,春暉道",7947.845842184506,661,570,"{'bay_window': '', 'flat_roof': '', 'roof': '', 'ac_platform': '', 'plant_room': '', 'garden': '', 'yard': ''}",5.38,4.4361,9439,7782.631578947368,8010702290020,2364297,ASP,HJL,渣甸山,1975/06,1975,51,2,12.0,blank,blank,blank,,True,POINT Z (22.2742507 114.1938637 0),22.2742507,114.1938637
838,2007-12-21,"TAI HANG TERR,CHUN FAI RD|大坑台,春暉道",7548.111767283406,668,580,"{'bay_window': '', 'flat_roof': '', 'roof': '', 'ac_platform': '', 'plant_room': '', 'garden': '', 'yard': ''}",5.18,4.286899999999999,8931,7391.206896551723,8011401490052,2373825,PRO-ASP,HJL,渣甸山,1975/06,1975,51,9,6.0,blank,blank,blank,,True,POINT Z (22.2742507 114.1938637 0),22.2742507,114.1938637
839,2008-01-11,"TAI HANG TERR,CHUN FAI RD|大坑台,春暉道",7803.99619658069,652,559,"{'bay_window': '', 'flat_roof': '', 'roof': '', 'ac_platform': '', 'plant_room': '', 'garden': '', 'yard': ''}",5.48,4.499700000000001,9803,8049.552772808588,8012300780233,2387344,ASP,HJL,渣甸山,1975/05,1975,51,4,20.0,blank,blank,blank,,True,POINT Z (22.2742507 114.1938637 0),22.2742507,114.1938637
840,2008-01-21,"TAI HANG TERR,CHUN FAI RD|大坑台,春暉道",8551.65172731463,731,627,"{'bay_window': '', 'flat_roof': '', 'roof': '', 'ac_platform': '', 'plant_room': '', 'garden': '', 'yard': ''}",6.58,5.5306,10494,8820.7336523126,8020102280094,2400750,ASP,HJL,渣甸山,1975/05,1975,51,1,15.0,blank,blank,blank,,True,POINT Z (22.2742507 114.1938637 0),22.2742507,114.1938637
841,2008-01-17,"TAI HANG TERR,CHUN FAI RD|大坑台,春暉道",8551.65172731463,731,627,"{'bay_window': '', 'flat_roof': '', 'roof': '', 'ac_platform': '', 'plant_room': '', 'garden': '', 'yard': ''}",6.58,5.5306,10494,8820.7336523126,8020601940046,2407533,ASP,HJL,渣甸山,1975/05,1975,51,7,20.0,blank,blank,blank,,True,POINT Z (22.2742507 114.1938637 0),22.2742507,114.1938637
842,2008-01-18,"TAI HANG TERR,CHUN FAI RD|大坑台,春暉道",7291.326179533053,652,559,"{'bay_window': '', 'flat_roof': '', 'roof': '', 'ac_platform': '', 'plant_room': '', 'garden': '', 'yard': ''}",5.12,4.2041,9159,7520.751341681575,8021500680015,2415854,PRO-ASP,HJL,渣甸山,1975/05,1975,51,10,6.0,blank,blank,blank,,True,POINT Z (22.2742507 114.1938637 0),22.2742507,114.1938637
843,2008-01-24,"TAI HANG TERR,CHUN FAI RD|大坑台,春暉道",7685.539153897998,661,570,"{'bay_window': '', 'flat_roof': '', 'roof': '', 'ac_platform': '', 'plant_room': '', 'garden': '', 'yard': ''}",5.48,4.5186,9614,7927.368421052632,8022703130066,2428339,ASP,HJL,渣甸山,1975/06,1975,51,2,9.0,blank,blank,blank,,True,POINT Z (22.2742507 114.1938637 0),22.2742507,114.1938637
844,2008-04-20,"TAI HANG TERR,CHUN FAI RD|大坑台,春暉道",8398.883333710686,731,627,"{'bay_window': '', 'flat_roof': '', 'roof': '', 'ac_platform': '', 'plant_room': '', 'garden': '', 'yard': ''}",6.5,5.4633,10367,8713.397129186604,8050500260044,2494616,ASP,HJL,渣甸山,1975/05,1975,51,7,13.0,blank,blank,blank,,True,POINT Z (22.2742507 114.1938637 0),22.2742507,114.1938637
845,2008-04-26,"TAI HANG TERR,CHUN FAI RD|大坑台,春暉道",7808.472566534879,661,570,"{'bay_window': '', 'flat_roof': '', 'roof': '', 'ac_platform': '', 'plant_room': '', 'garden': '', 'yard': ''}",5.6,4.6175,9825,8100.877192982456,8051601300187,2505458,PRO-ASP,HJL,渣甸山,1975/05,1975,51,2,8.0,blank,blank,blank,,True,POINT Z (22.2742507 114.1938637 0),22.2742507,114.1938637
846,2008-05-02,"TAI HANG TERR,CHUN FAI RD|大坑台,春暉道",7840.181089956715,668,580,"{'bay_window': '', 'flat_roof': '', 'roof': '', 'ac_platform': '', 'plant_room': '', 'garden': '', 'yard': ''}",5.7,4.7172,9828,8133.103448275862,8053001500095,2520154,PRO-ASP,HJL,渣甸山,1975/05,1975,51,3,12.0,blank,blank,blank,,True,POINT Z (22.2742507 114.1938637 0),22.2742507,114.1938637
847,2008-05-30,"TAI HANG TERR,CHUN FAI RD|大坑台,春暉道",8952.034010226118,595,511,"{'bay_window': '', 'flat_roof': '', 'roof': '511', 'ac_platform': '', 'plant_room': '', 'garden': '', 'yard': ''}",5.9,4.7454,11546,9286.497064579256,8061202050164,2531675,ASP,HJL,渣甸山,1975/05,1975,51,11,21.0,blank,blank,blank,,True,POINT Z (22.2742507 114.1938637 0),22.2742507,114.1938637
848,2008-06-27,"TAI HANG TERR,CHUN FAI RD|大坑台,春暉道",7244.93103889044,661,570,"{'bay_window': '', 'flat_roof': '', 'roof': '', 'ac_platform': '', 'plant_room': '', 'garden': '', 'yard': ''}",5.35,4.4114,9386,7739.298245614035,8070401690063,2552440,ASP,HJL,渣甸山,1975/05,1975,51,8,2.0,blank,blank,blank,,True,POINT Z (22.2742507 114.1938637 0),22.2742507,114.1938637
849,2008-06-30,"TAI HANG TERR,CHUN FAI RD|大坑台,春暉道",7747.22049392571,668,580,"{'bay_window': '', 'flat_roof': '', 'roof': '', 'ac_platform': '', 'plant_room': '', 'garden': '', 'yard': ''}",5.8,4.8,10000,8275.862068965518,8071000300031,2557187,ASP,HJL,渣甸山,1975/05,1975,51,3,15.0,blank,blank,blank,,True,POINT Z (22.2742507 114.1938637 0),22.2742507,114.1938637
850,2008-08-27,"TAI HANG TERR,CHUN FAI RD|大坑台,春暉道",8032.036625468279,652,559,"{'bay_window': '', 'flat_roof': '', 'roof': '', 'ac_platform': '', 'plant_room': '', 'garden': '', 'yard': ''}",5.5,4.5161,9839,8078.890876565295,8091701170011,2605540,ASP,HJL,渣甸山,1975/05,1975,51,10,16.0,blank,blank,blank,,True,POINT Z (22.2742507 114.1938637 0),22.2742507,114.1938637
851,2008-10-03,"TAI HANG TERR,CHUN FAI RD|大坑台,春暉道",8011.071122246803,668,580,"{'bay_window': '', 'flat_roof': '', 'roof': '', 'ac_platform': '', 'plant_room': '', 'garden': '', 'yard': ''}",5.08,4.2041,8759,7248.448275862069,8101600950081,2622449,ASP,HJL,渣甸山,1975/05,1975,51,9,15.0,blank,blank,blank,,True,POINT Z (22.2742507 114.1938637 0),22.2742507,114.1938637
852,2008-12-27,"TAI HANG TERR,CHUN FAI RD|大坑台,春暉道",6850.471547255673,595,511,"{'bay_window': '', 'flat_roof': '', 'roof': '', 'ac_platform': '', 'plant_room': '', 'garden': '', 'yard': ''}",3.7,2.9759,7241,5823.679060665362,9011402180103,2663948,ASP,HJL,渣甸山,1975/05,1975,51,11,2.0,blank,blank,blank,,True,POINT Z (22.2742507 114.1938637 0),22.2742507,114.1938637
853,2009-01-09,"TAI HANG TERR,CHUN FAI RD|大坑台,春暉道",7140.6118409713645,661,570,"{'bay_window': '', 'flat_roof': '', 'roof': '', 'ac_platform': '', 'plant_room': '', 'garden': '', 'yard': ''}",4.27,3.5209,7491,6177.017543859649,9020501500020,2673876,ASP,HJL,渣甸山,1975/05,1975,51,8,9.0,blank,blank,blank,,True,POINT Z (22.2742507 114.1938637 0),22.2742507,114.1938637
854,2009-04-17,"TAI HANG TERR,CHUN FAI RD|大坑台,春暉道",7233.712223620415,652,559,"{'bay_window': '', 'flat_roof': '', 'roof': '', 'ac_platform': '', 'plant_room': '', 'garden': '', 'yard': ''}",4.53,3.7196,8104,6654.025044722719,9042101300046,2712407,ASP,HJL,渣甸山,1975/05,1975,51,10,15.0,blank,blank,blank,,True,POINT Z (22.2742507 114.1938637 0),22.2742507,114.1938637
855,2009-04-15,"TAI HANG TERR,CHUN FAI RD|大坑台,春暉道",6844.377518603975,595,511,"{'bay_window': '', 'flat_roof': '', 'roof': '', 'ac_platform': '', 'plant_room': '', 'garden': '', 'yard': ''}",4.0,3.2172,7828,6295.890410958904,9042301490010,2714635,ASP,HJL,渣甸山,1975/05,1975,51,5,11.0,blank,blank,blank,,True,POINT Z (22.2742507 114.1938637 0),22.2742507,114.1938637
856,2009-04-21,"TAI HANG TERR,CHUN FAI RD|大坑台,春暉道",7723.74127021602,731,627,"{'bay_window': '', 'flat_roof': '', 'roof': '', 'ac_platform': '', 'plant_room': '', 'garden': '', 'yard': ''}",5.3,4.4547,8453,7104.784688995215,9050501080039,2722932,ASP,HJL,渣甸山,1975/05,1975,51,7,17.0,blank,blank,blank,,True,POINT Z (22.2742507 114.1938637 0),22.2742507,114.1938637
857,2009-05-22,"TAI HANG TERR,CHUN FAI RD|大坑台,春暉道",7463.912723148057,661,570,"{'bay_window': '', 'flat_roof': '', 'roof': '', 'ac_platform': '', 'plant_room': '', 'garden': '', 'yard': ''}",4.98,4.1063,8737,7204.035087719299,9052902090213,2744786,ASP,HJL,渣甸山,1975/05,1975,51,8,16.0,blank,blank,blank,,True,POINT Z (22.2742507 114.1938637 0),22.2742507,114.1938637
858,2009-05-29,"TAI HANG TERR,CHUN FAI RD|大坑台,春暉道",7000.634569919523,652,559,"{'bay_window': '', 'flat_roof': '', 'roof': '', 'ac_platform': '', 'plant_room': '', 'garden': '', 'yard': ''}",4.6,3.7771,8229,6756.887298747763,9060900440443,2752527,ASP,HJL,渣甸山,1975/05,1975,51,10,8.0,blank,blank,blank,,True,POINT Z (22.2742507 114.1938637 0),22.2742507,114.1938637
859,2009-06-01,"TAI HANG TERR,CHUN FAI RD|大坑台,春暉道",6743.99752849598,652,559,"{'bay_window': '', 'flat_roof': '', 'roof': '', 'ac_platform': '', 'plant_room': '', 'garden': '', 'yard': ''}",4.68,3.8428,8372,6874.418604651163,9061502280054,2758925,ASP,HJL,渣甸山,1975/05,1975,51,10,5.0,blank,blank,blank,,True,POINT Z (22.2742507 114.1938637 0),22.2742507,114.1938637
860,2009-06-03,"TAI HANG TERR,CHUN FAI RD|大坑台,春暉道",6969.99312067805,731,627,"{'bay_window': '', 'flat_roof': '', 'roof': '', 'ac_platform': '', 'plant_room': '', 'garden': '', 'yard': ''}",5.3,4.4547,8453,7104.784688995215,9061801940027,2763106,ASP,HJL,渣甸山,1975/05,1975,51,7,12.0,blank,blank,blank,,True,POINT Z (22.2742507 114.1938637 0),22.2742507,114.1938637
861,2009-07-03,"TAI HANG TERR,CHUN FAI RD|大坑台,春暉道",6979.724708373497,661,570,"{'bay_window': '', 'flat_roof': '', 'roof': '', 'ac_platform': '', 'plant_room': '', 'garden': '', 'yard': ''}",5.0,4.1228,8772,7232.982456140351,9072200290035,2798297,ASP,HJL,渣甸山,1975/05,1975,51,2,18.0,blank,blank,blank,,True,POINT Z (22.2742507 114.1938637 0),22.2742507,114.1938637
862,2009-07-20,"TAI HANG TERR,CHUN FAI RD|大坑台,春暉道",7632.159703648928,731,627,"{'bay_window': '', 'flat_roof': '', 'roof': '', 'ac_platform': '', 'plant_room': '', 'garden': '', 'yard': ''}",5.9,4.9590000000000005,9410,7909.090909090911,9073002070415,2807071,ASP,HJL,渣甸山,1975/05,1975,51,1,7.0,blank,blank,blank,,True,POINT Z (22.2742507 114.1938637 0),22.2742507,114.1938637
863,2009-07-17,"TAI HANG TERR,CHUN FAI RD|大坑台,春暉道",7058.896360210126,652,559,"{'bay_window': '', 'flat_roof': '', 'roof': '', 'ac_platform': '', 'plant_room': '', 'garden': '', 'yard': ''}",4.98,4.0891,8909,7315.026833631485,9080402270208,2810618,ASP,HJL,渣甸山,1975/05,1975,51,4,16.0,blank,blank,blank,,True,POINT Z (22.2742507 114.1938637 0),22.2742507,114.1938637
864,2009-08-07,"TAI HANG TERR,CHUN FAI RD|大坑台,春暉道",6366.687581645333,612,527,"{'bay_window': '', 'flat_roof': '', 'roof': '', 'ac_platform': '', 'plant_room': '', 'garden': '', 'yard': ''}",4.33,3.5084,8216,6657.3055028463,9082402480014,2832673,ASP,HJL,渣甸山,1975/05,1975,51,12,5.0,blank,blank,blank,,True,POINT Z (22.2742507 114.1938637 0),22.2742507,114.1938637
865,2009-08-05,"TAI HANG TERR,CHUN FAI RD|大坑台,春暉道",7511.339974950798,595,511,"{'bay_window': '', 'flat_roof': '', 'roof': '', 'ac_platform': '', 'plant_room': '', 'garden': '', 'yard': ''}",4.99,4.0135000000000005,9765,7854.207436399218,9082600290036,2835579,ASP,HJL,渣甸山,1975/05,1975,51,5,17.0,blank,blank,blank,,True,POINT Z (22.2742507 114.1938637 0),22.2742507,114.1938637
866,2009-08-07,"TAI HANG TERR,CHUN FAI RD|大坑台,春暉道",7248.812434409499,612,527,"{'bay_window': '', 'flat_roof': '', 'roof': '', 'ac_platform': '', 'plant_room': '', 'garden': '', 'yard': ''}",4.93,3.9945,9355,7579.696394686907,9082600890012,2835624,ASP,HJL,渣甸山,1975/05,1975,51,12,11.0,blank,blank,blank,,True,POINT Z (22.2742507 114.1938637 0),22.2742507,114.1938637
867,2009-08-10,"TAI HANG TERR,CHUN FAI RD|大坑台,春暉道",7304.841163843919,652,559,"{'bay_window': '', 'flat_roof': '', 'roof': '', 'ac_platform': '', 'plant_room': '', 'garden': '', 'yard': ''}",5.2,4.2698,9302,7638.282647584973,9090302970053,2844325,ASP,HJL,渣甸山,1975/05,1975,51,4,19.0,blank,blank,blank,,True,POINT Z (22.2742507 114.1938637 0),22.2742507,114.1938637
868,2009-10-15,"TAI HANG TERR,CHUN FAI RD|大坑台,春暉道",6398.229471466957,668,580,"{'bay_window': '', 'flat_roof': '', 'roof': '', 'ac_platform': '', 'plant_room': '', 'garden': '', 'yard': ''}",4.9,4.0552,8448,6991.724137931034,9102703340083,2895656,ASP,HJL,渣甸山,1975/05,1975,51,3,5.0,blank,blank,blank,,True,POINT Z (22.2742507 114.1938637 0),22.2742507,114.1938637
869,2009-11-26,"TAI HANG TERR,CHUN FAI RD|大坑台,春暉道",6681.911170722614,612,527,"{'bay_window': '', 'flat_roof': '', 'roof': '', 'ac_platform': '', 'plant_room': '', 'garden': '', 'yard': ''}",4.8,3.8892,9108,7379.88614800759,9120200560023,2932630,ASP,HJL,渣甸山,1975/05,1975,51,6,4.0,blank,blank,blank,,True,POINT Z (22.2742507 114.1938637 0),22.2742507,114.1938637
870,2009-11-14,"TAI HANG TERR,CHUN FAI RD|大坑台,春暉道",6976.432507426661,668,580,"{'bay_window': '', 'flat_roof': '', 'roof': '', 'ac_platform': '', 'plant_room': '', 'garden': '', 'yard': ''}",5.4,4.469,9310,7705.172413793103,9120403010105,2935244,PRO-ASP,HJL,渣甸山,1975/05,1975,51,9,17.0,blank,blank,blank,,True,POINT Z (22.2742507 114.1938637 0),22.2742507,114.1938637
871,2009-11-21,"TAI HANG TERR,CHUN FAI RD|大坑台,春暉道",8010.746289853304,731,627,"{'bay_window': '', 'flat_roof': '', 'roof': '', 'ac_platform': '', 'plant_room': '', 'garden': '', 'yard': ''}",6.6,5.5474,10526,8847.527910685805,9121100540388,2940086,PRE-ASP,HJL,渣甸山,1975/05,1975,51,7,17.0,blank,blank,blank,,True,POINT Z (22.2742507 114.1938637 0),22.2742507,114.1938637
872,2010-01-22,"TAI HANG TERR,CHUN FAI RD|大坑台,春暉道",6775.061775397957,668,580,"{'bay_window': '', 'flat_roof': '', 'roof': '', 'ac_platform': '', 'plant_room': '', 'garden': '', 'yard': ''}",5.3,4.3862,9138,7562.413793103448,10012701410052,2984682,ASP,HJL,渣甸山,1975/05,1975,51,9,7.0,blank,blank,blank,,True,POINT Z (22.2742507 114.1938637 0),22.2742507,114.1938637
873,2010-01-18,"TAI HANG TERR,CHUN FAI RD|大坑台,春暉道",7550.92592884087,652,559,"{'bay_window': '', 'flat_roof': '', 'roof': '', 'ac_platform': '', 'plant_room': '', 'garden': '', 'yard': ''}",5.738,4.711500000000001,10265,8428.443649373883,10020100440079,2989157,ASP,HJL,渣甸山,1975/05,1975,51,10,18.0,blank,blank,blank,,True,POINT Z (22.2742507 114.1938637 0),22.2742507,114.1938637
874,2010-01-20,"TAI HANG TERR,CHUN FAI RD|大坑台,春暉道",7078.727823780855,595,511,"{'bay_window': '', 'flat_roof': '', 'roof': '', 'ac_platform': '', 'plant_room': '', 'garden': '', 'yard': ''}",5.02,4.037599999999999,9824,7901.369863013698,10020202150034,2989689,ASP,HJL,渣甸山,1975/05,1975,51,11,7.0,blank,blank,blank,,True,POINT Z (22.2742507 114.1938637 0),22.2742507,114.1938637
875,2010-02-03,"TAI HANG TERR,CHUN FAI RD|大坑台,春暉道",8878.665637666105,595,511,"{'bay_window': '', 'flat_roof': '', 'roof': '511', 'ac_platform': '', 'plant_room': '', 'garden': '', 'yard': ''}",6.6,5.3084,12916,10388.25831702544,10022202180017,3009718,ASP,HJL,渣甸山,1975/05,1975,51,11,21.0,blank,blank,blank,,True,POINT Z (22.2742507 114.1938637 0),22.2742507,114.1938637
876,2010-02-26,"TAI HANG TERR,CHUN FAI RD|大坑台,春暉道",6570.191523527461,612,527,"{'bay_window': '', 'flat_roof': '', 'roof': '', 'ac_platform': '', 'plant_room': '', 'garden': '', 'yard': ''}",5.0,4.0512,9488,7687.28652751423,10031002280033,3028101,ASP,HJL,渣甸山,1975/05,1975,51,12,7.0,blank,blank,blank,,True,POINT Z (22.2742507 114.1938637 0),22.2742507,114.1938637
877,2010-04-20,"TAI HANG TERR,CHUN FAI RD|大坑台,春暉道",6973.290820788265,668,580,"{'bay_window': '', 'flat_roof': '', 'roof': '', 'ac_platform': '', 'plant_room': '', 'garden': '', 'yard': ''}",5.76,4.7669,9931,8218.793103448275,10042602270168,3073660,ASP,HJL,渣甸山,1975/05,1975,51,9,14.0,blank,blank,blank,,True,POINT Z (22.2742507 114.1938637 0),22.2742507,114.1938637
878,2010-04-15,"TAI HANG TERR,CHUN FAI RD|大坑台,春暉道",6522.330457082984,612,527,"{'bay_window': '', 'flat_roof': '', 'roof': '', 'ac_platform': '', 'plant_room': '', 'garden': '', 'yard': ''}",5.0,4.0512,9488,7687.28652751423,10051402440031,3094816,PRO-ASP,HJL,渣甸山,1975/05,1975,51,6,9.0,blank,blank,blank,,True,POINT Z (22.2742507 114.1938637 0),22.2742507,114.1938637
879,2010-05-17,"TAI HANG TERR,CHUN FAI RD|大坑台,春暉道",6540.578994512491,652,559,"{'bay_window': '', 'flat_roof': '', 'roof': '', 'ac_platform': '', 'plant_room': '', 'garden': '', 'yard': ''}",5.3,4.3519,9481,7785.152057245081,10052400940072,3102759,ASP,HJL,渣甸山,1975/05,1975,51,10,7.0,blank,blank,blank,,True,POINT Z (22.2742507 114.1938637 0),22.2742507,114.1938637
880,2010-06-21,"TAI HANG TERR,CHUN FAI RD|大坑台,春暉道",7583.072076227591,661,570,"{'bay_window': '', 'flat_roof': '', 'roof': '', 'ac_platform': '', 'plant_room': '', 'garden': '', 'yard': ''}",6.2,5.1123,10877,8968.947368421053,10062500380018,3134505,ASP,HJL,渣甸山,1975/05,1975,51,2,16.0,blank,blank,blank,,True,POINT Z (22.2742507 114.1938637 0),22.2742507,114.1938637
881,2010-06-04,"TAI HANG TERR,CHUN FAI RD|大坑台,春暉道",7389.410741123589,652,559,"{'bay_window': '', 'flat_roof': '', 'roof': '', 'ac_platform': '', 'plant_room': '', 'garden': '', 'yard': ''}",5.95,4.8856,10644,8739.89266547406,10063003120019,3139210,PRO-ASP,HJL,渣甸山,1975/05,1975,51,10,13.0,blank,blank,blank,,True,POINT Z (22.2742507 114.1938637 0),22.2742507,114.1938637
882,2010-06-07,"TAI HANG TERR,CHUN FAI RD|大坑台,春暉道",7149.526146835197,612,527,"{'bay_window': '', 'flat_roof': '', 'roof': '', 'ac_platform': '', 'plant_room': '', 'garden': '', 'yard': ''}",5.5,4.4564,10436,8456.166982922201,10070501760019,3142108,PRO-ASP,HJL,渣甸山,1975/05,1975,51,6,11.0,blank,blank,blank,,True,POINT Z (22.2742507 114.1938637 0),22.2742507,114.1938637
883,2010-07-15,"TAI HANG TERR,CHUN FAI RD|大坑台,春暉道",7169.157412932325,668,580,"{'bay_window': '', 'flat_roof': '', 'roof': '', 'ac_platform': '', 'plant_room': '', 'garden': '', 'yard': ''}",6.28,5.1972000000000005,10828,8960.689655172415,10072300960190,3163680,ASP,HJL,渣甸山,1975/05,1975,51,9,20.0,blank,blank,blank,,True,POINT Z (22.2742507 114.1938637 0),22.2742507,114.1938637
884,2010-07-30,"TAI HANG TERR,CHUN FAI RD|大坑台,春暉道",6888.475713442364,612,527,"{'bay_window': '', 'flat_roof': '', 'roof': '', 'ac_platform': '', 'plant_room': '', 'garden': '', 'yard': ''}",5.6,4.5374,10626,8609.867172675522,10080401450012,3176642,ASP,HJL,渣甸山,1975/05,1975,51,6,6.0,blank,blank,blank,,True,POINT Z (22.2742507 114.1938637 0),22.2742507,114.1938637
885,2010-08-02,"TAI HANG TERR,CHUN FAI RD|大坑台,春暉道",6968.60328726324,595,511,"{'bay_window': '', 'flat_roof': '', 'roof': '', 'ac_platform': '', 'plant_room': '', 'garden': '', 'yard': ''}",5.624,4.5234,11006,8852.054794520547,10081202340068,3186088,ASP,HJL,渣甸山,1975/05,1975,51,5,20.0,blank,blank,blank,,True,POINT Z (22.2742507 114.1938637 0),22.2742507,114.1938637
886,2010-07-23,"TAI HANG TERR,CHUN FAI RD|大坑台,春暉道",7465.051740162646,661,570,"{'bay_window': '', 'flat_roof': '', 'roof': '', 'ac_platform': '', 'plant_room': '', 'garden': '', 'yard': ''}",6.45,5.3184000000000005,11316,9330.526315789471,10081902790024,3194110,ASP,HJL,渣甸山,1975/05,1975,51,8,13.0,blank,blank,blank,,True,POINT Z (22.2742507 114.1938637 0),22.2742507,114.1938637
887,2010-08-02,"TAI HANG TERR,CHUN FAI RD|大坑台,春暉道",7116.888030359658,612,527,"{'bay_window': '', 'flat_roof': '', 'roof': '', 'ac_platform': '', 'plant_room': '', 'garden': '', 'yard': ''}",5.88,4.7643,11157,9040.417457305502,10082002850172,3195925,ASP,HJL,渣甸山,1975/05,1975,51,12,17.0,blank,blank,blank,,True,POINT Z (22.2742507 114.1938637 0),22.2742507,114.1938637
888,2010-08-17,"TAI HANG TERR,CHUN FAI RD|大坑台,春暉道",6706.805465041975,652,559,"{'bay_window': '', 'flat_roof': '', 'roof': '', 'ac_platform': '', 'plant_room': '', 'garden': '', 'yard': ''}",5.8,4.7624,10376,8519.499105545618,10082402570148,3198571,ASP,HJL,渣甸山,1975/05,1975,51,4,3.0,blank,blank,blank,,True,POINT Z (22.2742507 114.1938637 0),22.2742507,114.1938637
889,2010-08-23,"TAI HANG TERR,CHUN FAI RD|大坑台,春暉道",7849.497691426156,668,580,"{'bay_window': '', 'flat_roof': '', 'roof': '', 'ac_platform': '', 'plant_room': '', 'garden': '', 'yard': ''}",6.988,5.783200000000001,12048,9971.034482758623,10082703340014,3204444,ASP,HJL,渣甸山,1975/05,1975,51,3,17.0,blank,blank,blank,,True,POINT Z (22.2742507 114.1938637 0),22.2742507,114.1938637
890,2010-08-09,"TAI HANG TERR,CHUN FAI RD|大坑台,春暉道",7893.644570843439,731,627,"{'bay_window': '', 'flat_roof': '', 'roof': '', 'ac_platform': '', 'plant_room': '', 'garden': '', 'yard': ''}",7.48,6.287000000000001,11930,10027.113237639554,10090602840426,3213619,ASP,HJL,渣甸山,1975/05,1975,51,7,4.0,blank,blank,blank,,True,POINT Z (22.2742507 114.1938637 0),22.2742507,114.1938637
891,2010-09-07,"TAI HANG TERR,CHUN FAI RD|大坑台,春暉道",8048.237229751645,731,627,"{'bay_window': '', 'flat_roof': '', 'roof': '', 'ac_platform': '', 'plant_room': '', 'garden': '', 'yard': ''}",7.64,6.4215,12185,10241.626794258373,10091302500073,3221560,ASP,HJL,渣甸山,1975/05,1975,51,7,12.0,blank,blank,blank,,True,POINT Z (22.2742507 114.1938637 0),22.2742507,114.1938637
892,2010-09-14,"TAI HANG TERR,CHUN FAI RD|大坑台,春暉道",7406.241688907093,612,527,"{'bay_window': '', 'flat_roof': '', 'roof': '', 'ac_platform': '', 'plant_room': '', 'garden': '', 'yard': ''}",6.13,4.9668,11632,9424.667931688804,10091703140017,3228467,ASP,HJL,渣甸山,1975/05,1975,51,12,5.0,blank,blank,blank,,True,POINT Z (22.2742507 114.1938637 0),22.2742507,114.1938637
893,2010-10-17,"TAI HANG TERR,CHUN FAI RD|大坑台,春暉道",8133.626418892272,668,580,"{'bay_window': '', 'flat_roof': '', 'roof': '', 'ac_platform': '', 'plant_room': '', 'garden': '', 'yard': ''}",7.35,6.0828,12672,10487.586206896553,10110802560302,3284344,PRE-ASP,HJL,渣甸山,1975/05,1975,51,9,20.0,blank,blank,blank,,True,POINT Z (22.2742507 114.1938637 0),22.2742507,114.1938637
894,2010-10-23,"TAI HANG TERR,CHUN FAI RD|大坑台,春暉道",6030.95535561416,668,580,"{'bay_window': '', 'flat_roof': '165', 'roof': '', 'ac_platform': '', 'plant_room': '', 'garden': '', 'yard': ''}",5.45,4.5103,9397,7776.379310344828,10112602720061,3310567,PRO-ASP,HJL,渣甸山,1975/05,1975,51,9,2.0,blank,blank,blank,,True,POINT Z (22.2742507 114.1938637 0),22.2742507,114.1938637
895,2010-11-09,"TAI HANG TERR,CHUN FAI RD|大坑台,春暉道",7579.980320079181,661,570,"{'bay_window': '', 'flat_roof': '', 'roof': '', 'ac_platform': '', 'plant_room': '', 'garden': '', 'yard': ''}",6.85,5.648199999999999,12018,9909.122807017542,10120703000051,3321397,ASP,HJL,渣甸山,1975/05,1975,51,8,9.0,blank,blank,blank,,True,POINT Z (22.2742507 114.1938637 0),22.2742507,114.1938637
896,2011-01-21,"TAI HANG TERR,CHUN FAI RD|大坑台,春暉道",8020.084555938494,668,580,"{'bay_window': '', 'flat_roof': '', 'roof': '', 'ac_platform': '', 'plant_room': '', 'garden': '', 'yard': ''}",7.6,6.2897,13103,10844.310344827589,11021803000154,3393241,PRO-ASP,HJL,渣甸山,1975/05,1975,51,3,18.0,blank,blank,blank,,True,POINT Z (22.2742507 114.1938637 0),22.2742507,114.1938637
897,2011-02-26,"TAI HANG TERR,CHUN FAI RD|大坑台,春暉道",8080.968235691353,668,580,"{'bay_window': '', 'flat_roof': '', 'roof': '', 'ac_platform': '', 'plant_room': '', 'garden': '', 'yard': ''}",8.0,6.6207,13793,11415.0,11031401830026,3414613,ASP,HJL,渣甸山,1975/05,1975,51,3,12.0,blank,blank,blank,,True,POINT Z (22.2742507 114.1938637 0),22.2742507,114.1938637
898,2011-02-23,"TAI HANG TERR,CHUN FAI RD|大坑台,春暉道",7430.619655680105,731,627,"{'bay_window': '', 'flat_roof': '', 'roof': '', 'ac_platform': '', 'plant_room': '', 'garden': '', 'yard': ''}",7.83,6.5812,12488,10496.331738437002,11031801260114,3420508,ASP,HJL,渣甸山,1975/05,1975,51,1,4.0,blank,blank,blank,,True,POINT Z (22.2742507 114.1938637 0),22.2742507,114.1938637
899,2011-03-21,"TAI HANG TERR,CHUN FAI RD|大坑台,春暉道",7380.804688001215,652,559,"{'bay_window': '', 'flat_roof': '', 'roof': '', 'ac_platform': '', 'plant_room': '', 'garden': '', 'yard': ''}",7.3,5.9941,13059,10722.898032200355,11040102500124,3435827,ASP,HJL,渣甸山,1975/05,1975,51,10,4.0,blank,blank,blank,,True,POINT Z (22.2742507 114.1938637 0),22.2742507,114.1938637
900,2011-03-18,"TAI HANG TERR,CHUN FAI RD|大坑台,春暉道",7279.711268658045,652,559,"{'bay_window': '', 'flat_roof': '', 'roof': '', 'ac_platform': '', 'plant_room': '', 'garden': '', 'yard': ''}",7.2,5.912,12880,10576.02862254025,11040801170210,3441597,ASP,HJL,渣甸山,1975/05,1975,51,310,3.0,blank,blank,blank,,True,POINT Z (22.2742507 114.1938637 0),22.2742507,114.1938637
901,2011-03-10,"TAI HANG TERR,CHUN FAI RD|大坑台,春暉道",7268.799176234852,661,570,"{'bay_window': '', 'flat_roof': '', 'roof': '', 'ac_platform': '', 'plant_room': '', 'garden': '', 'yard': ''}",7.3,6.019299999999999,12807,10560.17543859649,11040802220012,3441674,PRO-ASP,HJL,渣甸山,1975/05,1975,51,1708,17.0,blank,blank,blank,,True,POINT Z (22.2742507 114.1938637 0),22.2742507,114.1938637
902,2011-03-10,"TAI HANG TERR,CHUN FAI RD|大坑台,春暉道",7467.929471146408,661,570,"{'bay_window': '', 'flat_roof': '', 'roof': '', 'ac_platform': '', 'plant_room': '', 'garden': '', 'yard': ''}",7.5,6.1842,13158,10849.473684210529,11040802220024,3441675,PRO-ASP,HJL,渣甸山,1975/05,1975,51,1808,18.0,blank,blank,blank,,True,POINT Z (22.2742507 114.1938637 0),22.2742507,114.1938637
903,2011-05-09,"TAI HANG TERR,CHUN FAI RD|大坑台,春暉道",7115.854178837973,668,580,"{'bay_window': '', 'flat_roof': '', 'roof': '', 'ac_platform': '', 'plant_room': '', 'garden': '', 'yard': ''}",7.55,6.2483,13017,10772.93103448276,11051802220035,3477788,ASP,HJL,渣甸山,1975/05,1975,51,3,9.0,blank,blank,blank,,True,POINT Z (22.2742507 114.1938637 0),22.2742507,114.1938637
904,2011-05-17,"TAI HANG TERR,CHUN FAI RD|大坑台,春暉道",7539.96059117401,668,580,"{'bay_window': '', 'flat_roof': '', 'roof': '', 'ac_platform': '', 'plant_room': '', 'garden': '', 'yard': ''}",8.0,6.6207,13793,11415.0,11060701670178,3496249,ASP,HJL,渣甸山,1975/05,1975,51,3,7.0,blank,blank,blank,,True,POINT Z (22.2742507 114.1938637 0),22.2742507,114.1938637
905,2011-05-20,"TAI HANG TERR,CHUN FAI RD|大坑台,春暉道",6965.692930512261,595,511,"{'bay_window': '', 'flat_roof': '', 'roof': '', 'ac_platform': '', 'plant_room': '', 'garden': '', 'yard': ''}",6.7,5.3888,13112,10545.59686888454,11061002130050,3500116,ASP,HJL,渣甸山,1975/05,1975,51,5,11.0,blank,blank,blank,,True,POINT Z (22.2742507 114.1938637 0),22.2742507,114.1938637
906,2011-05-23,"TAI HANG TERR,CHUN FAI RD|大坑台,春暉道",7615.3522251607055,668,580,"{'bay_window': '', 'flat_roof': '', 'roof': '', 'ac_platform': '', 'plant_room': '', 'garden': '', 'yard': ''}",8.08,6.6869,13931,11529.137931034482,11061601660043,3505726,ASP,HJL,渣甸山,1975/05,1975,51,9,7.0,blank,blank,blank,,True,POINT Z (22.2742507 114.1938637 0),22.2742507,114.1938637
907,2011-07-08,"TAI HANG TERR,CHUN FAI RD|大坑台,春暉道",7465.86362686607,612,527,"{'bay_window': '', 'flat_roof': '', 'roof': '', 'ac_platform': '', 'plant_room': '', 'garden': '', 'yard': ''}",7.3,5.9148,13852,11223.529411764706,11072200320019,3536444,ASP,HJL,渣甸山,1975/05,1975,51,1612,16.0,blank,blank,blank,,True,POINT Z (22.2742507 114.1938637 0),22.2742507,114.1938637
908,2011-10-30,"TAI HANG TERR,CHUN FAI RD|大坑台,春暉道",6924.3726192507065,595,511,"{'bay_window': '', 'flat_roof': '60', 'roof': '', 'ac_platform': '', 'plant_room': '', 'garden': '', 'yard': ''}",6.55,5.2682,12818,10309.589041095893,11112802300089,3614784,PRO-ASP,HJL,渣甸山,1975/05,1975,51,5,2.0,blank,blank,blank,,True,POINT Z (22.2742507 114.1938637 0),22.2742507,114.1938637
909,2012-02-28,"TAI HANG TERR,CHUN FAI RD|大坑台,春暉道",7143.994655110875,612,527,"{'bay_window': '', 'flat_roof': '', 'roof': '', 'ac_platform': '', 'plant_room': '', 'garden': '', 'yard': ''}",6.75,5.4692,12808,10377.98861480076,12030902050051,3663008,ASP,HJL,渣甸山,1975/05,1975,51,12,5.0,blank,blank,blank,,True,POINT Z (22.2742507 114.1938637 0),22.2742507,114.1938637
910,2012-03-05,"TAI HANG TERR,CHUN FAI RD|大坑台,春暉道",7730.186185762624,661,570,"{'bay_window': '', 'flat_roof': '', 'roof': '', 'ac_platform': '', 'plant_room': '', 'garden': '', 'yard': ''}",8.1,6.6789,14211,11717.368421052632,12031500700053,3667083,ASP,HJL,渣甸山,1975/05,1975,51,2,9.0,blank,blank,blank,,True,POINT Z (22.2742507 114.1938637 0),22.2742507,114.1938637
911,2012-03-30,"TAI HANG TERR,CHUN FAI RD|大坑台,春暉道",8266.533610714165,612,527,"{'bay_window': '', 'flat_roof': '', 'roof': '', 'ac_platform': '', 'plant_room': '', 'garden': '', 'yard': ''}",8.15,6.6035,15465,12530.360531309298,12041600470084,3688474,ASP,HJL,渣甸山,1975/05,1975,51,6,20.0,blank,blank,blank,,True,POINT Z (22.2742507 114.1938637 0),22.2742507,114.1938637
912,2012-04-13,"TAI HANG TERR,CHUN FAI RD|大坑台,春暉道",7934.253063757743,661,570,"{'bay_window': '', 'flat_roof': '', 'roof': '', 'ac_platform': '', 'plant_room': '', 'garden': '', 'yard': ''}",8.68,7.1572,15228,12556.491228070176,12042502880183,3696439,ASP,HJL,渣甸山,1975/05,1975,51,8,8.0,blank,blank,blank,,True,POINT Z (22.2742507 114.1938637 0),22.2742507,114.1938637
913,2012-06-15,"TAI HANG TERR,CHUN FAI RD|大坑台,春暉道",7691.327941840801,612,527,"{'bay_window': '', 'flat_roof': '', 'roof': '', 'ac_platform': '', 'plant_room': '', 'garden': '', 'yard': ''}",8.0,6.482,15180,12299.810246679315,12062800230074,3747480,ASP,HJL,渣甸山,1975/05,1975,51,12,18.0,blank,blank,blank,,True,POINT Z (22.2742507 114.1938637 0),22.2742507,114.1938637
914,2012-06-09,"TAI HANG TERR,CHUN FAI RD|大坑台,春暉道",7544.341611156149,731,627,"{'bay_window': '', 'flat_roof': '', 'roof': '', 'ac_platform': '', 'plant_room': '', 'garden': '', 'yard': ''}",9.0,7.5646,14354,12064.75279106858,12062802720044,3747571,PRO-ASP,HJL,渣甸山,1975/05,1975,51,7,20.0,blank,blank,blank,,True,POINT Z (22.2742507 114.1938637 0),22.2742507,114.1938637
915,2012-08-02,"TAI HANG TERR,CHUN FAI RD|大坑台,春暉道",7783.864627726395,661,570,"{'bay_window': '', 'flat_roof': '', 'roof': '', 'ac_platform': '', 'plant_room': '', 'garden': '', 'yard': ''}",8.75,7.2149,15351,12657.719298245614,12083000360067,3791401,ASP,HJL,渣甸山,1975/05,1975,51,8,20.0,blank,blank,blank,,True,POINT Z (22.2742507 114.1938637 0),22.2742507,114.1938637
916,2012-08-28,"TAI HANG TERR,CHUN FAI RD|大坑台,春暉道",7316.695038161487,652,559,"{'bay_window': '', 'flat_roof': '', 'roof': '', 'ac_platform': '', 'plant_room': '', 'garden': '', 'yard': ''}",8.1,6.651,14490,11898.032200357782,12090600230517,3796084,ASP,HJL,渣甸山,1975/05,1975,51,10,6.0,blank,blank,blank,,True,POINT Z (22.2742507 114.1938637 0),22.2742507,114.1938637
917,2012-08-23,"TAI HANG TERR,CHUN FAI RD|大坑台,春暉道",7361.798706266227,652,559,"{'bay_window': '', 'flat_roof': '', 'roof': '', 'ac_platform': '', 'plant_room': '', 'garden': '', 'yard': ''}",8.15,6.692,14580,11971.377459749552,12090702730018,3797300,ASP,HJL,渣甸山,1975/05,1975,51,4,18.0,blank,blank,blank,,True,POINT Z (22.2742507 114.1938637 0),22.2742507,114.1938637
918,2012-09-28,"TAI HANG TERR,CHUN FAI RD|大坑台,春暉道",7879.926949800289,652,559,"{'bay_window': '', 'flat_roof': '', 'roof': '', 'ac_platform': '', 'plant_room': '', 'garden': '', 'yard': ''}",9.0,7.39,16100,13220.035778175314,12100800370062,3818617,ASP,HJL,渣甸山,1975/05,1975,51,10,15.0,blank,blank,blank,,True,POINT Z (22.2742507 114.1938637 0),22.2742507,114.1938637
919,2012-09-17,"TAI HANG TERR,CHUN FAI RD|大坑台,春暉道",8838.201867442025,661,570,"{'bay_window': '', 'flat_roof': '', 'roof': '', 'ac_platform': '', 'plant_room': '', 'garden': '', 'yard': ''}",10.25,8.4518,17982,14827.719298245614,12100800760075,3818656,ASP,HJL,渣甸山,1975/05,1975,51,2,19.0,blank,blank,blank,,True,POINT Z (22.2742507 114.1938637 0),22.2742507,114.1938637
920,2012-09-17,"TAI HANG TERR,CHUN FAI RD|大坑台,春暉道",7358.902180966243,612,527,"{'bay_window': '', 'flat_roof': '', 'roof': '', 'ac_platform': '', 'plant_room': '', 'garden': '', 'yard': ''}",8.03,6.5063,15237,12345.920303605311,12101202930038,3824270,ASP,HJL,渣甸山,1975/05,1975,51,12,10.0,blank,blank,blank,,True,POINT Z (22.2742507 114.1938637 0),22.2742507,114.1938637
921,2012-09-25,"TAI HANG TERR,CHUN FAI RD|大坑台,春暉道",8667.919644780319,652,559,"{'bay_window': '', 'flat_roof': '', 'roof': '560', 'ac_platform': '', 'plant_room': '', 'garden': '', 'yard': ''}",9.9,8.129000000000001,17710,14542.039355992843,12101601460086,3827019,ASP,HJL,渣甸山,1975/05,1975,51,10,21.0,blank,blank,blank,,True,POINT Z (22.2742507 114.1938637 0),22.2742507,114.1938637
922,2012-10-15,"TAI HANG TERR,CHUN FAI RD|大坑台,春暉道",7161.13975231773,668,580,"{'bay_window': '', 'flat_roof': '', 'roof': '', 'ac_platform': '', 'plant_room': '', 'garden': '', 'yard': ''}",8.65,7.1586,14914,12342.413793103447,12103002610027,3839297,ASP,HJL,渣甸山,1975/05,1975,51,3,4.0,blank,blank,blank,,True,POINT Z (22.2742507 114.1938637 0),22.2742507,114.1938637
923,2012-10-03,"TAI HANG TERR,CHUN FAI RD|大坑台,春暉道",8244.474204300494,731,627,"{'bay_window': '', 'flat_roof': '', 'roof': '', 'ac_platform': '', 'plant_room': '', 'garden': '', 'yard': ''}",10.6,8.9094,16906,14209.56937799043,12103102220014,3840428,ASP,HJL,渣甸山,1975/05,1975,51,1,16.0,blank,blank,blank,,True,POINT Z (22.2742507 114.1938637 0),22.2742507,114.1938637
924,2012-10-16,"TAI HANG TERR,CHUN FAI RD|大坑台,春暉道",6565.463215991293,612,527,"{'bay_window': '', 'flat_roof': '', 'roof': '', 'ac_platform': '', 'plant_room': '', 'garden': '', 'yard': ''}",7.36,5.9634,13966,11315.7495256167,12112802120027,3865562,ASP,HJL,渣甸山,1975/05,1975,51,12,3.0,blank,blank,blank,,True,POINT Z (22.2742507 114.1938637 0),22.2742507,114.1938637
925,2012-11-26,"TAI HANG TERR,CHUN FAI RD|大坑台,春暉道",6737.266500123991,652,559,"{'bay_window': '', 'flat_roof': '', 'roof': '', 'ac_platform': '', 'plant_room': '', 'garden': '', 'yard': ''}",8.05,6.6099000000000006,14401,11824.508050089447,12122000580294,3884916,PRE-ASP,HJL,渣甸山,1975/05,1975,51,4,10.0,blank,blank,blank,,True,POINT Z (22.2742507 114.1938637 0),22.2742507,114.1938637
926,2013-01-18,"TAI HANG TERR,CHUN FAI RD|大坑台,春暉道",7988.85596768917,731,627,"{'bay_window': '', 'flat_roof': '', 'roof': '', 'ac_platform': '', 'plant_room': '', 'garden': '', 'yard': ''}",10.6,8.9094,16906,14209.56937799043,13012401560131,3911347,ASP,HJL,渣甸山,1975/05,1975,51,7,14.0,blank,blank,blank,,True,POINT Z (22.2742507 114.1938637 0),22.2742507,114.1938637
927,2013-03-22,"TAI HANG TERR,CHUN FAI RD|大坑台,春暉道",7452.601575915681,668,580,"{'bay_window': '', 'flat_roof': '', 'roof': '', 'ac_platform': '', 'plant_room': '', 'garden': '', 'yard': ''}",9.66,7.9945,16655,13783.620689655172,13041901620053,3967566,ASP,HJL,渣甸山,1975/05,1975,51,9,12.0,blank,blank,blank,,True,POINT Z (22.2742507 114.1938637 0),22.2742507,114.1938637
928,2013-03-28,"TAI HANG TERR,CHUN FAI RD|大坑台,春暉道",6863.8580475675735,731,627,"{'bay_window': '', 'flat_roof': '', 'roof': '', 'ac_platform': '', 'plant_room': '', 'garden': '', 'yard': ''}",9.47,7.959600000000001,15104,12694.736842105263,13042200640018,3968238,PRO-ASP,HJL,渣甸山,1975/05,1975,51,7,15.0,blank,blank,blank,,True,POINT Z (22.2742507 114.1938637 0),22.2742507,114.1938637
929,2013-07-07,"TAI HANG TERR,CHUN FAI RD|大坑台,春暉道",6907.586319654344,595,511,"{'bay_window': '', 'flat_roof': '', 'roof': '', 'ac_platform': '', 'plant_room': '', 'garden': '', 'yard': ''}",7.9,6.354,15460,12434.44227005871,13072901630019,4013182,PRE-ASP,HJL,渣甸山,1975/05,1975,51,5,7.0,blank,blank,blank,,True,POINT Z (22.2742507 114.1938637 0),22.2742507,114.1938637
930,2013-08-07,"TAI HANG TERR,CHUN FAI RD|大坑台,春暉道",7275.743295968232,595,511,"{'bay_window': '', 'flat_roof': '', 'roof': '', 'ac_platform': '', 'plant_room': '', 'garden': '', 'yard': ''}",8.4,6.756200000000001,16438,13221.526418786694,13083002430090,4026983,ASP,HJL,渣甸山,1975/05,1975,51,5,11.0,blank,blank,blank,,True,POINT Z (22.2742507 114.1938637 0),22.2742507,114.1938637
931,2013-08-16,"TAI HANG TERR,CHUN FAI RD|大坑台,春暉道",7925.328618505759,595,511,"{'bay_window': '', 'flat_roof': '', 'roof': '511', 'ac_platform': '', 'plant_room': '', 'garden': '', 'yard': ''}",9.15,7.359400000000001,17906,14401.956947162427,13091102080094,4032167,PRO-ASP,HJL,渣甸山,1975/05,1975,51,11,21.0,blank,blank,blank,,True,POINT Z (22.2742507 114.1938637 0),22.2742507,114.1938637
932,2013-10-22,"TAI HANG TERR,CHUN FAI RD|大坑台,春暉道",7549.325524993345,661,570,"{'bay_window': '', 'flat_roof': '', 'roof': '', 'ac_platform': '', 'plant_room': '', 'garden': '', 'yard': ''}",9.68,7.9818,16982,14003.157894736842,13110800510028,4056934,PRE-ASP,HJL,渣甸山,1975/05,1975,51,8,13.0,blank,blank,blank,,True,POINT Z (22.2742507 114.1938637 0),22.2742507,114.1938637
933,2013-11-12,"TAI HANG TERR,CHUN FAI RD|大坑台,春暉道",5499.119553419967,612,527,"{'bay_window': '', 'flat_roof': '', 'roof': '', 'ac_platform': '', 'plant_room': '', 'garden': '', 'yard': ''}",6.5,5.2666,12334,9993.548387096776,13112002080010,4061463,MEM-ASP,HJL,渣甸山,1975/05,1975,51,12,19.0,blank,blank,blank,,True,POINT Z (22.2742507 114.1938637 0),22.2742507,114.1938637
934,2014-01-27,"TAI HANG TERR,CHUN FAI RD|大坑台,春暉道",6526.637697308843,595,511,"{'bay_window': '', 'flat_roof': '', 'roof': '', 'ac_platform': '', 'plant_room': '', 'garden': '', 'yard': ''}",7.48,6.0162,14638,11773.385518590998,14021401850048,4097396,ASP,HJL,渣甸山,1975/05,1975,51,5,14.0,blank,blank,blank,,True,POINT Z (22.2742507 114.1938637 0),22.2742507,114.1938637
935,2014-04-08,"TAI HANG TERR,CHUN FAI RD|大坑台,春暉道",7071.004794653322,595,511,"{'bay_window': '', 'flat_roof': '', 'roof': '', 'ac_platform': '', 'plant_room': '', 'garden': '', 'yard': ''}",8.0,6.4344,15656,12591.780821917808,14041500700014,4122590,ASP,HJL,渣甸山,1975/05,1975,51,5,15.0,blank,blank,blank,,True,POINT Z (22.2742507 114.1938637 0),22.2742507,114.1938637
936,2014-06-08,"TAI HANG TERR,CHUN FAI RD|大坑台,春暉道",7149.835989667258,595,511,"{'bay_window': '', 'flat_roof': '', 'roof': '', 'ac_platform': '', 'plant_room': '', 'garden': '', 'yard': ''}",8.3,6.675700000000001,16243,13063.992172211352,14062600970016,4157710,PRO-ASP,HJL,渣甸山,1975/05,1975,51,11,19.0,blank,blank,blank,,True,POINT Z (22.2742507 114.1938637 0),22.2742507,114.1938637
937,2014-07-09,"TAI HANG TERR,CHUN FAI RD|大坑台,春暉道",7496.13638338459,668,580,"{'bay_window': '', 'flat_roof': '', 'roof': '', 'ac_platform': '', 'plant_room': '', 'garden': '', 'yard': ''}",9.7,8.0276,16724,13840.689655172411,14073100930015,4177978,ASP,HJL,渣甸山,1975/05,1975,51,3,16.0,blank,blank,blank,,True,POINT Z (22.2742507 114.1938637 0),22.2742507,114.1938637
938,2014-08-04,"TAI HANG TERR,CHUN FAI RD|大坑台,春暉道",8204.793800122117,731,627,"{'bay_window': '', 'flat_roof': '', 'roof': '', 'ac_platform': '', 'plant_room': '', 'garden': '', 'yard': ''}",11.68,9.8172,18628,15657.416267942584,14080600790039,4180629,ASP,HJL,渣甸山,1975/05,1975,51,7,18.0,blank,blank,blank,,True,POINT Z (22.2742507 114.1938637 0),22.2742507,114.1938637
939,2014-08-05,"TAI HANG TERR,CHUN FAI RD|大坑台,春暉道",6433.443599298047,595,511,"{'bay_window': '', 'flat_roof': '', 'roof': '', 'ac_platform': '', 'plant_room': '', 'garden': '', 'yard': ''}",7.8,6.2736,15264,12277.103718199607,14082101220022,4189309,ASP,HJL,渣甸山,1975/05,1975,51,5,3.0,blank,blank,blank,,True,POINT Z (22.2742507 114.1938637 0),22.2742507,114.1938637
940,2014-08-19,"TAI HANG TERR,CHUN FAI RD|大坑台,春暉道",5966.686506421404,668,580,"{'bay_window': '', 'flat_roof': '165', 'roof': '', 'ac_platform': '', 'plant_room': '', 'garden': '', 'yard': ''}",7.98,6.604100000000001,13759,11386.37931034483,14090202050029,4196283,ASP,HJL,渣甸山,1975/05,1975,51,9,2.0,blank,blank,blank,,True,POINT Z (22.2742507 114.1938637 0),22.2742507,114.1938637
941,2014-08-26,"TAI HANG TERR,CHUN FAI RD|大坑台,春暉道",7402.319652301027,668,580,"{'bay_window': '', 'flat_roof': '', 'roof': '', 'ac_platform': '', 'plant_room': '', 'garden': '', 'yard': ''}",9.9,8.193100000000001,17069,14126.034482758623,14090502650303,4198893,ASP,HJL,渣甸山,1975/05,1975,51,9,13.0,blank,blank,blank,,True,POINT Z (22.2742507 114.1938637 0),22.2742507,114.1938637
942,2014-08-26,"TAI HANG TERR,CHUN FAI RD|大坑台,春暉道",7010.788145715543,595,511,"{'bay_window': '', 'flat_roof': '', 'roof': '', 'ac_platform': '', 'plant_room': '', 'garden': '', 'yard': ''}",8.5,6.8366,16634,13378.864970645793,14091201520029,4202354,ASP,HJL,渣甸山,1975/05,1975,51,5,19.0,blank,blank,blank,,True,POINT Z (22.2742507 114.1938637 0),22.2742507,114.1938637
943,2014-09-25,"TAI HANG TERR,CHUN FAI RD|大坑台,春暉道",8863.04855322705,652,559,"{'bay_window': '', 'flat_roof': '', 'roof': '560', 'ac_platform': '', 'plant_room': '', 'garden': '', 'yard': ''}",11.71,9.615200000000002,20948,17200.715563506263,14101401370019,4221668,ASP,HJL,渣甸山,1975/05,1975,51,10,21.0,blank,blank,blank,,True,POINT Z (22.2742507 114.1938637 0),22.2742507,114.1938637
944,2014-12-08,"TAI HANG TERR,CHUN FAI RD|大坑台,春暉道",7289.892501570452,661,570,"{'bay_window': '', 'flat_roof': '', 'roof': '', 'ac_platform': '', 'plant_room': '', 'garden': '', 'yard': ''}",10.1,8.3281,17719,14610.701754385964,14121900810018,4263737,ASP,HJL,渣甸山,1975/05,1975,51,8,20.0,blank,blank,blank,,True,POINT Z (22.2742507 114.1938637 0),22.2742507,114.1938637
945,2015-01-08,"TAI HANG TERR,CHUN FAI RD|大坑台,春暉道",7639.625958124002,661,570,"{'bay_window': '', 'flat_roof': '', 'roof': '', 'ac_platform': '', 'plant_room': '', 'garden': '', 'yard': ''}",10.6,8.7404,18596,15334.035087719298,15012801970044,4286476,ASP,HJL,渣甸山,1975/05,1975,51,2,16.0,blank,blank,blank,,True,POINT Z (22.2742507 114.1938637 0),22.2742507,114.1938637
946,2015-01-10,"TAI HANG TERR,CHUN FAI RD|大坑台,春暉道",6893.87809005744,612,527,"{'bay_window': '', 'flat_roof': '', 'roof': '', 'ac_platform': '', 'plant_room': '', 'garden': '', 'yard': ''}",9.0,7.2922,17078,13837.19165085389,15020301940085,4289756,PRO-ASP,HJL,渣甸山,1975/05,1975,51,12,5.0,blank,blank,blank,,True,POINT Z (22.2742507 114.1938637 0),22.2742507,114.1938637
947,2015-01-23,"TAI HANG TERR,CHUN FAI RD|大坑台,春暉道",6740.727017597921,612,527,"{'bay_window': '', 'flat_roof': '', 'roof': '', 'ac_platform': '', 'plant_room': '', 'garden': '', 'yard': ''}",8.8,7.1302,16698,13529.791271347249,15020500410016,4291646,ASP,HJL,渣甸山,1975/05,1975,51,12,17.0,blank,blank,blank,,True,POINT Z (22.2742507 114.1938637 0),22.2742507,114.1938637
948,2015-05-07,"TAI HANG TERR,CHUN FAI RD|大坑台,春暉道",7490.015555480742,661,570,"{'bay_window': '', 'flat_roof': '', 'roof': '', 'ac_platform': '', 'plant_room': '', 'garden': '', 'yard': ''}",10.65,8.781600000000001,18684,15406.315789473689,15052600320043,4355913,ASP,HJL,渣甸山,1975/05,1975,51,2,9.0,blank,blank,blank,,True,POINT Z (22.2742507 114.1938637 0),22.2742507,114.1938637
949,2015-06-20,"TAI HANG TERR,CHUN FAI RD|大坑台,春暉道",6647.910708033169,652,559,"{'bay_window': '', 'flat_roof': '', 'roof': '', 'ac_platform': '', 'plant_room': '', 'garden': '', 'yard': ''}",9.35,7.6774,16726,13734.168157423972,15071500810371,4383916,PRO-ASP,HJL,渣甸山,1975/05,1975,51,10,7.0,blank,blank,blank,,True,POINT Z (22.2742507 114.1938637 0),22.2742507,114.1938637
950,2015-07-27,"TAI HANG TERR,CHUN FAI RD|大坑台,春暉道",6961.740282503698,612,527,"{'bay_window': '', 'flat_roof': '', 'roof': '', 'ac_platform': '', 'plant_room': '', 'garden': '', 'yard': ''}",9.58,7.7622,18178,14729.032258064515,15081100750157,4398356,ASP,HJL,渣甸山,1975/05,1975,51,12,12.0,blank,blank,blank,,True,POINT Z (22.2742507 114.1938637 0),22.2742507,114.1938637
951,2015-08-17,"TAI HANG TERR,CHUN FAI RD|大坑台,春暉道",8025.925783083229,731,627,"{'bay_window': '', 'flat_roof': '', 'roof': '', 'ac_platform': '', 'plant_room': '', 'garden': '', 'yard': ''}",12.7,10.674499999999998,20255,17024.720893141945,15110301850019,4436423,ASP,HJL,渣甸山,1975/05,1975,51,7,15.0,blank,blank,blank,,True,POINT Z (22.2742507 114.1938637 0),22.2742507,114.1938637
952,2015-12-21,"TAI HANG TERR,CHUN FAI RD|大坑台,春暉道",7189.219301712038,595,511,"{'bay_window': '', 'flat_roof': '', 'roof': '', 'ac_platform': '', 'plant_room': '', 'garden': '', 'yard': ''}",9.4,7.5605,18395,14795.49902152642,15122402240011,4457683,ASP,HJL,渣甸山,1975/05,1975,51,5,16.0,blank,blank,blank,,True,POINT Z (22.2742507 114.1938637 0),22.2742507,114.1938637
953,2016-01-08,"TAI HANG TERR,CHUN FAI RD|大坑台,春暉道",8585.088903298343,668,580,"{'bay_window': '', 'flat_roof': '', 'roof': '', 'ac_platform': '', 'plant_room': '', 'garden': '', 'yard': ''}",12.0,9.931,20690,17122.41379310345,16011501300020,4466059,ASP,HJL,渣甸山,1975/05,1975,51,3,12.0,blank,blank,blank,,True,POINT Z (22.2742507 114.1938637 0),22.2742507,114.1938637
954,2016-04-28,"TAI HANG TERR,CHUN FAI RD|大坑台,春暉道",6425.851426778058,595,511,"{'bay_window': '', 'flat_roof': '', 'roof': '', 'ac_platform': '', 'plant_room': '', 'garden': '', 'yard': ''}",7.9,6.354,15460,12434.44227005871,16051301590056,4506491,ASP,HJL,渣甸山,1975/05,1975,51,5,9.0,blank,blank,blank,,True,POINT Z (22.2742507 114.1938637 0),22.2742507,114.1938637
955,2016-04-27,"TAI HANG TERR,CHUN FAI RD|大坑台,春暉道",8357.848316308546,661,570,"{'bay_window': '', 'flat_roof': '', 'roof': '', 'ac_platform': '', 'plant_room': '', 'garden': '', 'yard': ''}",11.18,9.2186,19614,16172.982456140351,16052400460019,4510954,PRO-ASP,HJL,渣甸山,1975/05,1975,51,2,19.0,blank,blank,blank,,True,POINT Z (22.2742507 114.1938637 0),22.2742507,114.1938637
956,2016-08-08,"TAI HANG TERR,CHUN FAI RD|大坑台,春暉道",7308.208834224297,652,559,"{'bay_window': '', 'flat_roof': '', 'roof': '', 'ac_platform': '', 'plant_room': '', 'garden': '', 'yard': ''}",9.9,8.129000000000001,17710,14542.039355992843,16082301560036,4550358,ASP,HJL,渣甸山,1975/05,1975,51,10,18.0,blank,blank,blank,,True,POINT Z (22.2742507 114.1938637 0),22.2742507,114.1938637
957,2016-08-31,"TAI HANG TERR,CHUN FAI RD|大坑台,春暉道",6887.373238788155,652,559,"{'bay_window': '', 'flat_roof': '', 'roof': '', 'ac_platform': '', 'plant_room': '', 'garden': '', 'yard': ''}",9.33,7.6609,16691,13704.651162790698,16092802540146,4568744,PRO-ASP,HJL,渣甸山,1975/05,1975,51,10,5.0,blank,blank,blank,,True,POINT Z (22.2742507 114.1938637 0),22.2742507,114.1938637
958,2016-09-17,"TAI HANG TERR,CHUN FAI RD|大坑台,春暉道",6568.678188320939,595,511,"{'bay_window': '', 'flat_roof': '', 'roof': '', 'ac_platform': '', 'plant_room': '', 'garden': '', 'yard': ''}",8.68,6.9814,16986,13662.230919765168,16092901500013,4569719,PRO-ASP,HJL,渣甸山,1975/05,1975,51,11,7.0,blank,blank,blank,,True,POINT Z (22.2742507 114.1938637 0),22.2742507,114.1938637
959,2016-09-23,"TAI HANG TERR,CHUN FAI RD|大坑台,春暉道",8057.309700666477,612,527,"{'bay_window': '', 'flat_roof': '', 'roof': '', 'ac_platform': '', 'plant_room': '', 'garden': '', 'yard': ''}",10.9,8.831700000000001,20683,16758.444022770404,16101400200075,4579123,ASP,HJL,渣甸山,1975/05,1975,51,6,20.0,blank,blank,blank,,True,POINT Z (22.2742507 114.1938637 0),22.2742507,114.1938637
960,2016-09-30,"TAI HANG TERR,CHUN FAI RD|大坑台,春暉道",6624.423213548534,652,559,"{'bay_window': '', 'flat_roof': '', 'roof': '', 'ac_platform': '', 'plant_room': '', 'garden': '', 'yard': ''}",9.38,7.702000000000001,16780,13778.175313059037,16101802190106,4580908,ASP,HJL,渣甸山,1975/05,1975,51,10,5.0,blank,blank,blank,,True,POINT Z (22.2742507 114.1938637 0),22.2742507,114.1938637
961,2016-09-29,"TAI HANG TERR,CHUN FAI RD|大坑台,春暉道",6144.14823010975,652,559,"{'bay_window': '', 'flat_roof': '', 'roof': '', 'ac_platform': '', 'plant_room': '', 'garden': '', 'yard': ''}",8.7,7.143599999999999,15564,12779.248658318424,16102402010255,4583978,PRO-ASP,HJL,渣甸山,1975/05,1975,51,4,3.0,blank,blank,blank,,True,POINT Z (22.2742507 114.1938637 0),22.2742507,114.1938637
962,2016-10-15,"TAI HANG TERR,CHUN FAI RD|大坑台,春暉道",7023.116447256815,668,580,"{'bay_window': '', 'flat_roof': '', 'roof': '', 'ac_platform': '', 'plant_room': '', 'garden': '', 'yard': ''}",10.5,8.6897,18103,14982.241379310344,16110402400065,4591753,ASP,HJL,渣甸山,1975/05,1975,51,9,20.0,blank,blank,blank,,True,POINT Z (22.2742507 114.1938637 0),22.2742507,114.1938637
963,2016-11-18,"TAI HANG TERR,CHUN FAI RD|大坑台,春暉道",8011.185500792425,668,580,"{'bay_window': '', 'flat_roof': '', 'roof': '', 'ac_platform': '', 'plant_room': '', 'garden': '', 'yard': ''}",11.86,9.8152,20448,16922.758620689656,16112401370032,4603201,ASP,HJL,渣甸山,1975/05,1975,51,3,17.0,blank,blank,blank,,True,POINT Z (22.2742507 114.1938637 0),22.2742507,114.1938637
964,2016-12-16,"TAI HANG TERR,CHUN FAI RD|大坑台,春暉道",6231.390669814045,661,570,"{'bay_window': '', 'flat_roof': '', 'roof': '', 'ac_platform': '', 'plant_room': '', 'garden': '', 'yard': ''}",9.3,7.668400000000001,16316,13453.333333333336,17010901140013,4627967,ASP,HJL,渣甸山,1975/05,1975,51,2,12.0,blank,blank,blank,,True,POINT Z (22.2742507 114.1938637 0),22.2742507,114.1938637
965,2017-01-12,"TAI HANG TERR,CHUN FAI RD|大坑台,春暉道",6660.327138847929,612,527,"{'bay_window': '', 'flat_roof': '', 'roof': '', 'ac_platform': '', 'plant_room': '', 'garden': '', 'yard': ''}",9.28,7.5191,17609,14267.741935483871,17012500430362,4638694,ASP,HJL,渣甸山,1975/05,1975,51,12,3.0,blank,blank,blank,,True,POINT Z (22.2742507 114.1938637 0),22.2742507,114.1938637
966,2017-02-17,"TAI HANG TERR,CHUN FAI RD|大坑台,春暉道",7197.204967540915,595,511,"{'bay_window': '', 'flat_roof': '', 'roof': '', 'ac_platform': '', 'plant_room': '', 'garden': '', 'yard': ''}",9.72,7.817800000000001,19022,15299.021526418788,17030201740017,4656604,ASP,HJL,渣甸山,1975/05,1975,51,5,11.0,blank,blank,blank,,True,POINT Z (22.2742507 114.1938637 0),22.2742507,114.1938637
967,2017-03-27,"TAI HANG TERR,CHUN FAI RD|大坑台,春暉道",6807.475463153375,661,570,"{'bay_window': '', 'flat_roof': '', 'roof': '', 'ac_platform': '', 'plant_room': '', 'garden': '', 'yard': ''}",10.3,8.493,18070,14900.0,17042100330013,4685951,PRE-ASP,HJL,渣甸山,1975/05,1975,51,2,6.0,blank,blank,blank,,True,POINT Z (22.2742507 114.1938637 0),22.2742507,114.1938637
968,2017-04-24,"TAI HANG TERR,CHUN FAI RD|大坑台,春暉道",7608.552480873307,668,580,"{'bay_window': '', 'flat_roof': '', 'roof': '', 'ac_platform': '', 'plant_room': '', 'garden': '', 'yard': ''}",11.88,9.8317,20483,16951.206896551725,17052402140061,4706059,ASP,HJL,渣甸山,1975/05,1975,51,9,12.0,blank,blank,blank,,True,POINT Z (22.2742507 114.1938637 0),22.2742507,114.1938637
969,2017-05-22,"TAI HANG TERR,CHUN FAI RD|大坑台,春暉道",7135.665725566466,652,559,"{'bay_window': '', 'flat_roof': '', 'roof': '', 'ac_platform': '', 'plant_room': '', 'garden': '', 'yard': ''}",10.9,8.9501,19499,16010.912343470483,17060802100011,4714895,ASP,HJL,渣甸山,1975/05,1975,51,4,10.0,blank,blank,blank,,True,POINT Z (22.2742507 114.1938637 0),22.2742507,114.1938637
970,2017-06-20,"TAI HANG TERR,CHUN FAI RD|大坑台,春暉道",6964.026805069484,668,580,"{'bay_window': '', 'flat_roof': '', 'roof': '', 'ac_platform': '', 'plant_room': '', 'garden': '', 'yard': ''}",11.2,9.268999999999998,19310,15981.034482758618,17062802080017,4728143,ASP,HJL,渣甸山,1975/05,1975,51,9,5.0,blank,blank,blank,,True,POINT Z (22.2742507 114.1938637 0),22.2742507,114.1938637
971,2017-07-24,"TAI HANG TERR,CHUN FAI RD|大坑台,春暉道",6402.718579310533,612,527,"{'bay_window': '', 'flat_roof': '', 'roof': '', 'ac_platform': '', 'plant_room': '', 'garden': '', 'yard': ''}",9.5,7.6973,18027,14605.882352941177,17081501630033,4754494,ASP,HJL,渣甸山,1975/05,1975,51,6,8.0,blank,blank,blank,,True,POINT Z (22.2742507 114.1938637 0),22.2742507,114.1938637
972,2017-09-07,"TAI HANG TERR,CHUN FAI RD|大坑台,春暉道",7552.447883542704,652,559,"{'bay_window': '', 'flat_roof': '', 'roof': '', 'ac_platform': '', 'plant_room': '', 'garden': '', 'yard': ''}",9.65,9.65,17263,17262.969588550983,17092202220231,5221768,ASP,HJL,渣甸山,1975/05,1975,51,10,13.0,blank,blank,blank,,False,POINT Z (22.2742507 114.1938637 0),22.2742507,114.1938637
973,2017-09-19,"TAI HANG TERR,CHUN FAI RD|大坑台,春暉道",9210.402763895005,731,627,"{'bay_window': '', 'flat_roof': '', 'roof': '', 'ac_platform': '', 'plant_room': '', 'garden': '', 'yard': ''}",13.2,13.2,21053,21052.63157894737,17100400430159,5227727,ASP,HJL,渣甸山,1975/05,1975,51,1,12.0,blank,blank,blank,,False,POINT Z (22.2742507 114.1938637 0),22.2742507,114.1938637
974,2017-11-30,"TAI HANG TERR,CHUN FAI RD|大坑台,春暉道",9370.393286750686,731,627,"{'bay_window': '', 'flat_roof': '', 'roof': '', 'ac_platform': '', 'plant_room': '', 'garden': '', 'yard': ''}",13.5,13.5,21531,21531.1004784689,17120601320027,5260673,ASP,HJL,渣甸山,1975/05,1975,51,1,11.0,blank,blank,blank,,False,POINT Z (22.2742507 114.1938637 0),22.2742507,114.1938637
975,2018-01-02,"TAI HANG TERR,CHUN FAI RD|大坑台,春暉道",8992.003361668756,595,511,"{'bay_window': '', 'flat_roof': '', 'roof': '', 'ac_platform': '', 'plant_room': '', 'garden': '', 'yard': ''}",11.0,11.0,21526,21526.41878669276,18010802220064,5280184,ASP,HJL,渣甸山,1975/05,1975,51,11,12.0,blank,blank,blank,,False,POINT Z (22.2742507 114.1938637 0),22.2742507,114.1938637
976,2018-01-05,"TAI HANG TERR,CHUN FAI RD|大坑台,春暉道",8719.001362073499,612,527,"{'bay_window': '', 'flat_roof': '', 'roof': '', 'ac_platform': '', 'plant_room': '', 'garden': '', 'yard': ''}",11.0,11.0,20873,20872.865275142314,18012202000054,5288527,ASP,HJL,渣甸山,1975/05,1975,51,6,9.0,blank,blank,blank,,False,POINT Z (22.2742507 114.1938637 0),22.2742507,114.1938637
977,2018-01-25,"TAI HANG TERR,CHUN FAI RD|大坑台,春暉道",10820.353006005593,652,559,"{'bay_window': '', 'flat_roof': '', 'roof': '560', 'ac_platform': '', 'plant_room': '', 'garden': '', 'yard': ''}",14.48,14.48,25903,25903.39892665474,18020900820219,5299336,ASP,HJL,渣甸山,1975/05,1975,51,10,21.0,blank,blank,blank,,False,POINT Z (22.2742507 114.1938637 0),22.2742507,114.1938637
978,2018-02-13,"TAI HANG TERR,CHUN FAI RD|大坑台,春暉道",9581.69967246495,595,511,"{'bay_window': '', 'flat_roof': '', 'roof': '', 'ac_platform': '', 'plant_room': '', 'garden': '', 'yard': ''}",12.0,12.0,23483,23483.36594911937,18022601230149,5308370,ASP,HJL,渣甸山,1975/05,1975,51,11,19.0,blank,blank,blank,,False,POINT Z (22.2742507 114.1938637 0),22.2742507,114.1938637
979,2018-04-12,"TAI HANG TERR,CHUN FAI RD|大坑台,春暉道",9703.102100876842,661,570,"{'bay_window': '', 'flat_roof': '', 'roof': '', 'ac_platform': '', 'plant_room': '', 'garden': '', 'yard': ''}",14.0,14.0,24561,24561.40350877193,18050200340055,5347891,ASP,HJL,渣甸山,1975/05,1975,51,2,18.0,blank,blank,blank,,False,POINT Z (22.2742507 114.1938637 0),22.2742507,114.1938637
980,2018-06-25,"TAI HANG TERR,CHUN FAI RD|大坑台,春暉道",10673.223170351866,612,527,"{'bay_window': '', 'flat_roof': '', 'roof': '527', 'ac_platform': '', 'plant_room': '', 'garden': '', 'yard': ''}",14.488,14.488,27491,27491.46110056926,18071802030269,5398285,ASP,HJL,渣甸山,1975/05,1975,51,6,21.0,blank,blank,blank,,False,POINT Z (22.2742507 114.1938637 0),22.2742507,114.1938637
981,2018-07-03,"TAI HANG TERR,CHUN FAI RD|大坑台,春暉道",9515.779550999128,612,527,"{'bay_window': '', 'flat_roof': '', 'roof': '', 'ac_platform': '', 'plant_room': '', 'garden': '', 'yard': ''}",13.28,13.28,25199,25199.24098671727,18072002610069,5400278,ASP,HJL,渣甸山,1975/05,1975,51,12,17.0,blank,blank,blank,,False,POINT Z (22.2742507 114.1938637 0),22.2742507,114.1938637
982,2018-10-23,"TAI HANG TERR,CHUN FAI RD|大坑台,春暉道",7392.189863227138,595,511,"{'bay_window': '', 'flat_roof': '', 'roof': '', 'ac_platform': '', 'plant_room': '', 'garden': '', 'yard': ''}",9.8,9.8,19178,19178.08219178082,18110701080069,5456677,ASP,HJL,渣甸山,1975/05,1975,51,5,20.0,blank,blank,blank,,False,POINT Z (22.2742507 114.1938637 0),22.2742507,114.1938637
983,2019-02-01,"TAI HANG TERR,CHUN FAI RD|大坑台,春暉道",8952.41255297318,595,511,"{'bay_window': '', 'flat_roof': '', 'roof': '', 'ac_platform': '', 'plant_room': '', 'garden': '', 'yard': ''}",11.35,11.35,22211,22211.350293542077,19022701160027,5504440,PRE-ASP,HJL,渣甸山,1975/05,1975,51,5,14.0,blank,blank,blank,,False,POINT Z (22.2742507 114.1938637 0),22.2742507,114.1938637
984,2019-02-14,"TAI HANG TERR,CHUN FAI RD|大坑台,春暉道",7195.8791248377065,652,559,"{'bay_window': '', 'flat_roof': '', 'roof': '', 'ac_platform': '', 'plant_room': '', 'garden': '', 'yard': ''}",9.98,9.98,17853,17853.309481216456,19030401640018,5506277,ASP,HJL,渣甸山,1975/05,1975,51,4,4.0,blank,blank,blank,,False,POINT Z (22.2742507 114.1938637 0),22.2742507,114.1938637
985,2019-03-20,"TAI HANG TERR,CHUN FAI RD|大坑台,春暉道",9161.489663637072,595,511,"{'bay_window': '', 'flat_roof': '', 'roof': '', 'ac_platform': '', 'plant_room': '', 'garden': '', 'yard': ''}",11.8,11.8,23092,23091.97651663405,19040901840035,5522830,ASP,HJL,渣甸山,1975/05,1975,51,11,16.0,blank,blank,blank,,False,POINT Z (22.2742507 114.1938637 0),22.2742507,114.1938637
986,2019-04-25,"TAI HANG TERR,CHUN FAI RD|大坑台,春暉道",8417.829526344518,661,570,"{'bay_window': '', 'flat_roof': '', 'roof': '', 'ac_platform': '', 'plant_room': '', 'garden': '', 'yard': ''}",12.38,12.38,21719,21719.298245614034,19050802240019,5539744,ASP,HJL,渣甸山,1975/05,1975,51,2,20.0,blank,blank,blank,,False,POINT Z (22.2742507 114.1938637 0),22.2742507,114.1938637
987,2019-04-15,"TAI HANG TERR,CHUN FAI RD|大坑台,春暉道",9145.380220463148,661,570,"{'bay_window': '', 'flat_roof': '', 'roof': '', 'ac_platform': '', 'plant_room': '', 'garden': '', 'yard': ''}",13.45,13.45,23596,23596.491228070176,19051002160084,5541726,PRO-ASP,HJL,渣甸山,1975/05,1975,51,2,4.0,blank,blank,blank,,False,POINT Z (22.2742507 114.1938637 0),22.2742507,114.1938637
988,2019-04-17,"TAI HANG TERR,CHUN FAI RD|大坑台,春暉道",9519.35487631852,661,570,"{'bay_window': '', 'flat_roof': '', 'roof': '', 'ac_platform': '', 'plant_room': '', 'garden': '', 'yard': ''}",14.0,14.0,24561,24561.40350877193,19051601950015,5544969,MEM-ASP,HJL,渣甸山,1975/05,1975,51,2,13.0,blank,blank,blank,,False,POINT Z (22.2742507 114.1938637 0),22.2742507,114.1938637
989,2019-06-09,"TAI HANG TERR,CHUN FAI RD|大坑台,春暉道",9550.963722735893,595,511,"{'bay_window': '', 'flat_roof': '', 'roof': '', 'ac_platform': '', 'plant_room': '', 'garden': '', 'yard': ''}",12.8,12.8,25049,25048.923679060663,19070400700032,5575988,PRO-ASP,HJL,渣甸山,1975/05,1975,51,5,18.0,blank,blank,blank,,False,POINT Z (22.2742507 114.1938637 0),22.2742507,114.1938637
990,2019-11-22,"TAI HANG TERR,CHUN FAI RD|大坑台,春暉道",6720.325423205958,595,511,"{'bay_window': '', 'flat_roof': '', 'roof': '', 'ac_platform': '', 'plant_room': '', 'garden': '', 'yard': ''}",9.0,9.0,17613,17612.52446183953,19121900170160,5654496,MEM-ASP,HJL,渣甸山,1975/05,1975,51,11,10.0,blank,blank,blank,,False,POINT Z (22.2742507 114.1938637 0),22.2742507,114.1938637
991,2020-04-10,"TAI HANG TERR,CHUN FAI RD|大坑台,春暉道",8049.662802151104,652,559,"{'bay_window': '', 'flat_roof': '', 'roof': '', 'ac_platform': '', 'plant_room': '', 'garden': '', 'yard': ''}",11.18,11.18,20000,20000.0,20050500080014,5702087,PRO-ASP,HJL,渣甸山,1975/05,1975,51,10,6.0,blank,blank,blank,,False,POINT Z (22.2742507 114.1938637 0),22.2742507,114.1938637
992,2020-05-07,"TAI HANG TERR,CHUN FAI RD|大坑台,春暉道",8550.993448317417,652,559,"{'bay_window': '', 'flat_roof': '', 'roof': '', 'ac_platform': '', 'plant_room': '', 'garden': '', 'yard': ''}",12.28,12.28,21968,21967.799642218248,20052701260014,5713022,PRE-ASP,HJL,渣甸山,1975/05,1975,51,4,16.0,blank,blank,blank,,False,POINT Z (22.2742507 114.1938637 0),22.2742507,114.1938637
993,2020-05-22,"TAI HANG TERR,CHUN FAI RD|大坑台,春暉道",9521.801589799325,595,511,"{'bay_window': '', 'flat_roof': '', 'roof': '', 'ac_platform': '', 'plant_room': '', 'garden': '', 'yard': ''}",12.5,12.5,24462,24461.83953033268,20052701430012,5713060,ASP,HJL,渣甸山,1975/05,1975,51,5,15.0,blank,blank,blank,,False,POINT Z (22.2742507 114.1938637 0),22.2742507,114.1938637
994,2020-06-10,"TAI HANG TERR,CHUN FAI RD|大坑台,春暉道",10427.460813931186,731,627,"{'bay_window': '', 'flat_roof': '', 'roof': '', 'ac_platform': '', 'plant_room': '', 'garden': '', 'yard': ''}",16.6,16.6,26475,26475.27910685805,20062601940018,5729922,ASP,HJL,渣甸山,1975/05,1975,51,1,14.0,blank,blank,blank,,False,POINT Z (22.2742507 114.1938637 0),22.2742507,114.1938637
995,2021-05-01,"TAI HANG TERR,CHUN FAI RD|大坑台,春暉道",8424.01801423063,652,559,"{'bay_window': '', 'flat_roof': '', 'roof': '', 'ac_platform': '', 'plant_room': '', 'garden': '', 'yard': ''}",11.98,11.98,21431,21431.12701252236,21052000140042,5915266,PRE-ASP,HJL,渣甸山,1975/05,1975,51,4,3.0,blank,blank,blank,,False,POINT Z (22.2742507 114.1938637 0),22.2742507,114.1938637
996,2021-04-30,"TAI HANG TERR,CHUN FAI RD|大坑台,春暉道",8427.038193739803,668,580,"{'bay_window': '', 'flat_roof': '', 'roof': '', 'ac_platform': '', 'plant_room': '', 'garden': '', 'yard': ''}",12.5,12.5,21552,21551.72413793104,21052402120032,5918214,ASP,HJL,渣甸山,1975/05,1975,51,3,17.0,blank,blank,blank,,False,POINT Z (22.2742507 114.1938637 0),22.2742507,114.1938637
997,2021-07-05,"TAI HANG TERR,CHUN FAI RD|大坑台,春暉道",7498.096625796157,595,511,"{'bay_window': '', 'flat_roof': '', 'roof': '', 'ac_platform': '', 'plant_room': '', 'garden': '', 'yard': ''}",10.0,10.0,19569,19569.471624266145,21071901300015,5958169,ASP,HJL,渣甸山,1975/05,1975,51,11,8.0,blank,blank,blank,,False,POINT Z (22.2742507 114.1938637 0),22.2742507,114.1938637
998,2021-07-20,"TAI HANG TERR,CHUN FAI RD|大坑台,春暉道",9281.54476374738,668,580,"{'bay_window': '', 'flat_roof': '', 'roof': '', 'ac_platform': '', 'plant_room': '', 'garden': '', 'yard': ''}",14.05,14.05,24224,24224.13793103448,21080402170018,5970898,ASP,HJL,渣甸山,1975/05,1975,51,9,13.0,blank,blank,blank,,False,POINT Z (22.2742507 114.1938637 0),22.2742507,114.1938637
999,2021-06-29,"TAI HANG TERR,CHUN FAI RD|大坑台,春暉道",9497.77552182384,595,511,"{'bay_window': '', 'flat_roof': '', 'roof': '', 'ac_platform': '', 'plant_room': '', 'garden': '', 'yard': ''}",12.8,12.8,25049,25048.923679060663,21083000210018,5987604,PRE-ASP,HJL,渣甸山,1975/05,1975,51,5,19.0,blank,blank,blank,,False,POINT Z (22.2742507 114.1938637 0),22.2742507,114.1938637
1000,2022-04-07,"TAI HANG TERR,CHUN FAI RD|大坑台,春暉道",9046.654454530651,595,511,"{'bay_window': '', 'flat_roof': '', 'roof': '', 'ac_platform': '', 'plant_room': '', 'garden': '', 'yard': ''}",11.5,11.5,22505,22504.892367906068,22042701600036,6117007,PRE-ASP,HJL,渣甸山,1975/05,1975,51,11,20.0,blank,blank,blank,,False,POINT Z (22.2742507 114.1938637 0),22.2742507,114.1938637
1001,2022-07-19,"TAI HANG TERR,CHUN FAI RD|大坑台,春暉道",8922.760475579304,652,559,"{'bay_window': '', 'flat_roof': '', 'roof': '', 'ac_platform': '', 'plant_room': '', 'garden': '', 'yard': ''}",12.0,12.0,21467,21466.905187835426,22072800160498,6159073,MEM-ASP,HJL,渣甸山,1975/05,1975,51,4,19.0,blank,blank,blank,,False,POINT Z (22.2742507 114.1938637 0),22.2742507,114.1938637
1002,2022-08-16,"TAI HANG TERR,CHUN FAI RD|大坑台,春暉道",9043.901185351822,595,511,"{'bay_window': '', 'flat_roof': '', 'roof': '', 'ac_platform': '', 'plant_room': '', 'garden': '', 'yard': ''}",11.0,11.0,21526,21526.41878669276,22091500860077,6181404,ASP,HJL,渣甸山,1975/05,1975,51,5,7.0,blank,blank,blank,,False,POINT Z (22.2742507 114.1938637 0),22.2742507,114.1938637
1003,2022-11-24,"TAI HANG TERR,CHUN FAI RD|大坑台,春暉道",7955.190977244237,668,580,"{'bay_window': '', 'flat_roof': '', 'roof': '', 'ac_platform': '', 'plant_room': '', 'garden': '', 'yard': ''}",10.0,10.0,17241,17241.379310344826,22121601790013,6214829,PRE-ASP,HJL,渣甸山,1975/05,1975,51,9,8.0,blank,blank,blank,,False,POINT Z (22.2742507 114.1938637 0),22.2742507,114.1938637
1004,2023-02-13,"TAI HANG TERR,CHUN FAI RD|大坑台,春暉道",8295.46322235845,668,580,"{'bay_window': '', 'flat_roof': '', 'roof': '', 'ac_platform': '', 'plant_room': '', 'garden': '', 'yard': ''}",10.78,10.78,18586,18586.206896551725,23031401750014,6252318,PRO-ASP,HJL,渣甸山,1975/05,1975,51,9,6.0,blank,blank,blank,,False,POINT Z (22.2742507 114.1938637 0),22.2742507,114.1938637
1005,2023-08-16,"TAI HANG TERR,CHUN FAI RD|大坑台,春暉道",8232.002992632451,661,570,"{'bay_window': '', 'flat_roof': '', 'roof': '', 'ac_platform': '', 'plant_room': '', 'garden': '', 'yard': ''}",10.0,10.0,17544,17543.859649122805,23090400170124,6335046,ASP,HJL,渣甸山,1975/05,1975,51,2,6.0,blank,blank,blank,,False,POINT Z (22.2742507 114.1938637 0),22.2742507,114.1938637
1006,2023-08-30,"TAI HANG TERR,CHUN FAI RD|大坑台,春暉道",8972.883261969371,661,570,"{'bay_window': '', 'flat_roof': '', 'roof': '', 'ac_platform': '', 'plant_room': '', 'garden': '', 'yard': ''}",10.9,10.9,19123,19122.80701754386,23091401370021,6339758,ASP,HJL,渣甸山,1975/05,1975,51,2,19.0,blank,blank,blank,,False,POINT Z (22.2742507 114.1938637 0),22.2742507,114.1938637
1007,2023-09-19,"TAI HANG TERR,CHUN FAI RD|大坑台,春暉道",8367.03984996472,652,559,"{'bay_window': '', 'flat_roof': '', 'roof': '', 'ac_platform': '', 'plant_room': '', 'garden': '', 'yard': ''}",9.5,9.5,16995,16994.633273703043,23092801760020,6344802,ASP,HJL,渣甸山,1975/05,1975,51,4,13.0,blank,blank,blank,,False,POINT Z (22.2742507 114.1938637 0),22.2742507,114.1938637
1008,2023-11-14,"TAI HANG TERR,CHUN FAI RD|大坑台,春暉道",9025.054915961651,652,559,"{'bay_window': '', 'flat_roof': '', 'roof': '', 'ac_platform': '', 'plant_room': '', 'garden': '', 'yard': ''}",10.0,10.0,17889,17889.08765652952,23120701330092,6364088,ASP,HJL,渣甸山,1975/05,1975,51,10,15.0,blank,blank,blank,,False,POINT Z (22.2742507 114.1938637 0),22.2742507,114.1938637
1009,2023-12-05,"TAI HANG TERR,CHUN FAI RD|大坑台,春暉道",8551.689267712361,668,580,"{'bay_window': '', 'flat_roof': '', 'roof': '', 'ac_platform': '', 'plant_room': '', 'garden': '', 'yard': ''}",9.8,9.8,16897,16896.55172413793,23121400860010,6366011,ASP,HJL,渣甸山,1975/05,1975,51,9,20.0,blank,blank,blank,,False,POINT Z (22.2742507 114.1938637 0),22.2742507,114.1938637
1010,2024-02-07,"TAI HANG TERR,CHUN FAI RD|大坑台,春暉道",8346.051641837383,661,570,"{'bay_window': '', 'flat_roof': '', 'roof': '', 'ac_platform': '', 'plant_room': '', 'garden': '', 'yard': ''}",9.5,9.5,16667,16666.666666666668,24021900650071,6384276,ASP,HJL,渣甸山,1975/05,1975,51,8,14.0,blank,blank,blank,,False,POINT Z (22.2742507 114.1938637 0),22.2742507,114.1938637
1011,2024-05-06,"TAI HANG TERR,CHUN FAI RD|大坑台,春暉道",8465.358302543977,652,559,"{'bay_window': '', 'flat_roof': '', 'roof': '', 'ac_platform': '', 'plant_room': '', 'garden': '', 'yard': ''}",9.28,9.28,16601,16601.073345259392,24051300450044,6421654,ASP,HJL,渣甸山,1975/05,1975,51,10,4.0,blank,blank,blank,,False,POINT Z (22.2742507 114.1938637 0),22.2742507,114.1938637
1012,2024-04-23,"TAI HANG TERR,CHUN FAI RD|大坑台,春暉道",8342.356715546686,661,570,"{'bay_window': '', 'flat_roof': '', 'roof': '', 'ac_platform': '', 'plant_room': '', 'garden': '', 'yard': ''}",9.32,9.32,16351,16350.877192982456,24051400510029,6422252,MEM-ASP,HJL,渣甸山,1975/05,1975,51,2,8.0,blank,blank,blank,,False,POINT Z (22.2742507 114.1938637 0),22.2742507,114.1938637
1013,2024-08-06,"TAI HANG TERR,CHUN FAI RD|大坑台,春暉道",8472.40330170172,668,580,"{'bay_window': '', 'flat_roof': '', 'roof': '', 'ac_platform': '', 'plant_room': '', 'garden': '', 'yard': ''}",9.178,9.178,15824,15824.137931034482,24081900140039,6467143,ASP,HJL,渣甸山,1975/05,1975,51,3,7.0,blank,blank,blank,,False,POINT Z (22.2742507 114.1938637 0),22.2742507,114.1938637
1014,2024-10-31,"TAI HANG TERR,CHUN FAI RD|大坑台,春暉道",10346.534619324384,731,627,"{'bay_window': '', 'flat_roof': '', 'roof': '', 'ac_platform': '', 'plant_room': '', 'garden': '', 'yard': ''}",11.8,11.8,18820,18819.776714513555,24112001840051,6506430,ASP,HJL,渣甸山,1975/05,1975,51,1,11.0,blank,blank,blank,,False,POINT Z (22.2742507 114.1938637 0),22.2742507,114.1938637
1015,2024-12-18,"TAI HANG TERR,CHUN FAI RD|大坑台,春暉道",8727.091790413724,612,527,"{'bay_window': '', 'flat_roof': '', 'roof': '', 'ac_platform': '', 'plant_room': '', 'garden': '', 'yard': ''}",8.38,8.38,15901,15901.328273244784,25010302120298,6525620,ASP,HJL,渣甸山,1975/05,1975,51,6,6.0,blank,blank,blank,,False,POINT Z (22.2742507 114.1938637 0),22.2742507,114.1938637
1016,2025-02-07,"TAI HANG TERR,CHUN FAI RD|大坑台,春暉道",8842.524412626111,612,527,"{'bay_window': '', 'flat_roof': '', 'roof': '', 'ac_platform': '', 'plant_room': '', 'garden': '', 'yard': ''}",8.4,8.4,15939,15939.278937381405,25021701680087,6544313,ASP,HJL,渣甸山,1975/05,1975,51,12,10.0,blank,blank,blank,,False,POINT Z (22.2742507 114.1938637 0),22.2742507,114.1938637
1017,2025-02-27,"TAI HANG TERR,CHUN FAI RD|大坑台,春暉道",8467.437380837397,661,570,"{'bay_window': '', 'flat_roof': '', 'roof': '', 'ac_platform': '', 'plant_room': '', 'garden': '', 'yard': ''}",8.7,8.7,15263,15263.157894736842,25031400280015,6555456,PRE-ASP,HJL,渣甸山,1975/05,1975,51,8,11.0,blank,blank,blank,,False,POINT Z (22.2742507 114.1938637 0),22.2742507,114.1938637
1018,2025-03-24,"TAI HANG TERR,CHUN FAI RD|大坑台,春暉道",7308.517446039048,668,580,"{'bay_window': '', 'flat_roof': '', 'roof': '', 'ac_platform': '', 'plant_room': '', 'garden': '', 'yard': ''}",7.5,7.5,12931,12931.03448275862,25041100890058,6569262,ASP,HJL,渣甸山,1975/05,1975,51,9,11.0,blank,blank,blank,,False,POINT Z (22.2742507 114.1938637 0),22.2742507,114.1938637
1019,2025-05-27,"TAI HANG TERR,CHUN FAI RD|大坑台,春暉道",8467.931504383372,612,527,"{'bay_window': '', 'flat_roof': '', 'roof': '', 'ac_platform': '', 'plant_room': '', 'garden': '', 'yard': ''}",8.0,8.0,15180,15180.265654648956,25060901660016,6598713,ASP,HJL,渣甸山,1975/05,1975,51,12,5.0,blank,blank,blank,,False,POINT Z (22.2742507 114.1938637 0),22.2742507,114.1938637
1020,2025-07-22,"TAI HANG TERR,CHUN FAI RD|大坑台,春暉道",7613.644199635653,652,559,"{'bay_window': '', 'flat_roof': '', 'roof': '', 'ac_platform': '', 'plant_room': '', 'garden': '', 'yard': ''}",7.8,7.8,13953,13953.488372093025,25080801570013,6633554,MEM-ASP,HJL,渣甸山,1975/05,1975,51,10,11.0,blank,blank,blank,,False,POINT Z (22.2742507 114.1938637 0),22.2742507,114.1938637
1021,2025-11-21,"TAI HANG TERR,CHUN FAI RD|大坑台,春暉道",8611.511791568228,652,559,"{'bay_window': '', 'flat_roof': '', 'roof': '', 'ac_platform': '', 'plant_room': '', 'garden': '', 'yard': ''}",8.99,8.99,16082,16082.289803220036,25120200250115,6699875,ASP,HJL,渣甸山,1975/05,1975,51,4,17.0,blank,blank,blank,,False,POINT Z (22.2742507 114.1938637 0),22.2742507,114.1938637
1022,1995-12-01,"CAVENDISH HEIGHTS(Block 6),PERKINS RD|嘉雲臺6座,白建時道",8610.771191841937,1907,1569,"{'bay_window': '', 'flat_roof': '', 'roof': '', 'ac_platform': '', 'plant_room': '', 'garden': '', 'yard': ''}",14.43,13.5103,9197,8610.771191841937,6480046,4789619,ASP,HJL,渣甸山,1986/12,1986,40,B,29.0,6,blank,CAVENDISH HEIGHTS,嘉雲臺,True,POINT Z (22.2704696 114.1933761 0),22.2704696,114.1933761
1023,1996-02-03,"CAVENDISH HEIGHTS(Block 6),PERKINS RD|嘉雲臺6座,白建時道",8712.237093690248,1907,1569,"{'bay_window': '', 'flat_roof': '', 'roof': '', 'ac_platform': '', 'plant_room': '', 'garden': '', 'yard': ''}",14.6,13.6695,9305,8712.237093690248,6542927,4802698,ASP,HJL,渣甸山,1986/12,1986,40,A,29.0,6,blank,CAVENDISH HEIGHTS,嘉雲臺,True,POINT Z (22.2704696 114.1933761 0),22.2704696,114.1933761
1024,1996-02-26,"CAVENDISH HEIGHTS(Block 6),PERKINS RD|嘉雲臺6座,白建時道",8939.005736137668,1907,1569,"{'bay_window': '', 'flat_roof': '', 'roof': '', 'ac_platform': '', 'plant_room': '', 'garden': '', 'yard': ''}",14.98,14.0253,9547,8939.005736137668,6556559,4808276,ASP,HJL,渣甸山,1986/12,1986,40,B,27.0,6,blank,CAVENDISH HEIGHTS,嘉雲臺,True,POINT Z (22.2704696 114.1933761 0),22.2704696,114.1933761
1025,1996-03-18,"CAVENDISH HEIGHTS(Block 6),PERKINS RD|嘉雲臺6座,白建時道",10144.35946462715,1907,1569,"{'bay_window': '', 'flat_roof': '', 'roof': '1659', 'ac_platform': '', 'plant_room': '', 'garden': '', 'yard': ''}",17.0,15.9165,10835,10144.35946462715,6577852,4817566,ASP,HJL,渣甸山,1986/12,1986,40,A,31.0,6,blank,CAVENDISH HEIGHTS,嘉雲臺,True,POINT Z (22.2704696 114.1933761 0),22.2704696,114.1933761
1026,1996-04-15,"CAVENDISH HEIGHTS(Block 6),PERKINS RD|嘉雲臺6座,白建時道",8354.174633524537,1907,1569,"{'bay_window': '', 'flat_roof': '', 'roof': '', 'ac_platform': '', 'plant_room': '', 'garden': '', 'yard': ''}",14.0,13.1077,8923,8354.174633524537,6607604,4829855,ASP,HJL,渣甸山,1986/12,1986,40,B,9.0,6,blank,CAVENDISH HEIGHTS,嘉雲臺,True,POINT Z (22.2704696 114.1933761 0),22.2704696,114.1933761
1027,1996-05-15,"CAVENDISH HEIGHTS(Block 6),PERKINS RD|嘉雲臺6座,白建時道",9696.813256851496,1907,1569,"{'bay_window': '53', 'flat_roof': '', 'roof': '', 'ac_platform': '', 'plant_room': '', 'garden': '', 'yard': ''}",16.25,15.2143,10357,9696.813256851496,6624668,4836345,ASP,HJL,渣甸山,1986/12,1986,40,B,15.0,6,blank,CAVENDISH HEIGHTS,嘉雲臺,True,POINT Z (22.2704696 114.1933761 0),22.2704696,114.1933761
1028,1996-05-01,"CAVENDISH HEIGHTS(Block 6),PERKINS RD|嘉雲臺6座,白建時道",8401.912045889101,1907,1569,"{'bay_window': '', 'flat_roof': '', 'roof': '', 'ac_platform': '', 'plant_room': '', 'garden': '', 'yard': ''}",14.08,13.1826,8974,8401.912045889101,6664269,4847806,ASP,HJL,渣甸山,1986/12,1986,40,A,4.0,6,blank,CAVENDISH HEIGHTS,嘉雲臺,True,POINT Z (22.2704696 114.1933761 0),22.2704696,114.1933761
1029,1996-06-01,"CAVENDISH HEIGHTS(Block 6),PERKINS RD|嘉雲臺6座,白建時道",9428.2982791587,1907,1569,"{'bay_window': '', 'flat_roof': '', 'roof': '', 'ac_platform': '', 'plant_room': '', 'garden': '', 'yard': ''}",15.8,14.793,10070,9428.2982791587,6671638,4854842,ASP,HJL,渣甸山,1986/12,1986,40,B,17.0,6,blank,CAVENDISH HEIGHTS,嘉雲臺,True,POINT Z (22.2704696 114.1933761 0),22.2704696,114.1933761
1030,1996-07-26,"CAVENDISH HEIGHTS(Block 6),PERKINS RD|嘉雲臺6座,白建時道",8652.517527087317,1907,1569,"{'bay_window': '', 'flat_roof': '', 'roof': '', 'ac_platform': '', 'plant_room': '', 'garden': '', 'yard': ''}",14.5,13.5758,9242,8652.517527087317,6723176,4866726,ASP,HJL,渣甸山,1986/12,1986,40,B,14.0,6,blank,CAVENDISH HEIGHTS,嘉雲臺,True,POINT Z (22.2704696 114.1933761 0),22.2704696,114.1933761
1031,1996-08-03,"CAVENDISH HEIGHTS(Block 6),PERKINS RD|嘉雲臺6座,白建時道",8950.924155513065,1907,1569,"{'bay_window': '', 'flat_roof': '', 'roof': '', 'ac_platform': '', 'plant_room': '', 'garden': '', 'yard': ''}",15.0,14.044,9560,8950.924155513065,6728424,4866727,ASP,HJL,渣甸山,1986/12,1986,40,B,4.0,6,blank,CAVENDISH HEIGHTS,嘉雲臺,True,POINT Z (22.2704696 114.1933761 0),22.2704696,114.1933761
1032,1996-10-15,"CAVENDISH HEIGHTS(Block 6),PERKINS RD|嘉雲臺6座,白建時道",9965.328234544297,1907,1569,"{'bay_window': '', 'flat_roof': '', 'roof': '', 'ac_platform': '', 'plant_room': '', 'garden': '', 'yard': ''}",16.7,15.6356,10644,9965.328234544297,6805223,4896106,ASP,HJL,渣甸山,1986/12,1986,40,A,19.0,6,blank,CAVENDISH HEIGHTS,嘉雲臺,True,POINT Z (22.2704696 114.1933761 0),22.2704696,114.1933761
1033,1996-12-07,"CAVENDISH HEIGHTS(Block 6),PERKINS RD|嘉雲臺6座,白建時道",11218.483110261312,1907,1569,"{'bay_window': '', 'flat_roof': '', 'roof': '', 'ac_platform': '', 'plant_room': '', 'garden': '', 'yard': ''}",18.8,17.6018,11982,11218.483110261312,6872667,4929009,SUB-ASP,HJL,渣甸山,1986/12,1986,40,A,19.0,6,blank,CAVENDISH HEIGHTS,嘉雲臺,True,POINT Z (22.2704696 114.1933761 0),22.2704696,114.1933761
1034,1996-12-23,"CAVENDISH HEIGHTS(Block 6),PERKINS RD|嘉雲臺6座,白建時道",13724.729126832375,1907,1569,"{'bay_window': '53', 'flat_roof': '', 'roof': '', 'ac_platform': '', 'plant_room': '', 'garden': '', 'yard': ''}",23.0,21.5341,14659,13724.729126832375,6887026,4941004,ASP,HJL,渣甸山,1986/12,1986,40,B,16.0,6,blank,CAVENDISH HEIGHTS,嘉雲臺,True,POINT Z (22.2704696 114.1933761 0),22.2704696,114.1933761
1035,1997-02-18,"CAVENDISH HEIGHTS(Block 6),PERKINS RD|嘉雲臺6座,白建時道",14574.442475822794,1907,1569,"{'bay_window': '', 'flat_roof': '', 'roof': '', 'ac_platform': '', 'plant_room': '', 'garden': '', 'yard': ''}",25.0,23.4066,15934,14918.164435946464,6969906,4985060,ASP,HJL,渣甸山,1986/12,1986,40,B,26.0,6,blank,CAVENDISH HEIGHTS,嘉雲臺,True,POINT Z (22.2704696 114.1933761 0),22.2704696,114.1933761
1036,1997-03-14,"CAVENDISH HEIGHTS(Block 6),PERKINS RD|嘉雲臺6座,白建時道",12635.37175940892,1907,1569,"{'bay_window': '', 'flat_roof': '', 'roof': '', 'ac_platform': '', 'plant_room': '', 'garden': '', 'yard': ''}",23.76,22.245700000000003,15143,14178.266411727218,7008752,4997092,ASP,HJL,渣甸山,1986/12,1986,40,B,13.0,6,blank,CAVENDISH HEIGHTS,嘉雲臺,True,POINT Z (22.2704696 114.1933761 0),22.2704696,114.1933761
1037,1997-06-02,"CAVENDISH HEIGHTS(Block 6),PERKINS RD|嘉雲臺6座,白建時道",12171.480766324668,1907,1569,"{'bay_window': '', 'flat_roof': '', 'roof': '', 'ac_platform': '', 'plant_room': '', 'garden': '', 'yard': ''}",25.2,23.5939,16061,15037.539834289357,7143809,5061372,ASP,HJL,渣甸山,1986/12,1986,40,A,24.0,6,blank,CAVENDISH HEIGHTS,嘉雲臺,True,POINT Z (22.2704696 114.1933761 0),22.2704696,114.1933761
1038,1997-06-12,"CAVENDISH HEIGHTS(Block 6),PERKINS RD|嘉雲臺6座,白建時道",10529.298900527096,1907,1569,"{'bay_window': '', 'flat_roof': '', 'roof': '', 'ac_platform': '', 'plant_room': '', 'garden': '', 'yard': ''}",21.8,20.4106,13894,13008.667941363929,7151668,5065907,ASP,HJL,渣甸山,1986/12,1986,40,B,2.0,6,blank,CAVENDISH HEIGHTS,嘉雲臺,True,POINT Z (22.2704696 114.1933761 0),22.2704696,114.1933761
1039,1997-06-03,"CAVENDISH HEIGHTS(Block 6),PERKINS RD|嘉雲臺6座,白建時道",12799.351073509735,1907,1569,"{'bay_window': '', 'flat_roof': '', 'roof': '', 'ac_platform': '', 'plant_room': '', 'garden': '', 'yard': ''}",26.5,24.811,16890,15813.25685149777,7171417,5073464,ASP,HJL,渣甸山,1986/12,1986,40,B,10.0,6,blank,CAVENDISH HEIGHTS,嘉雲臺,True,POINT Z (22.2704696 114.1933761 0),22.2704696,114.1933761
1040,1997-06-23,"CAVENDISH HEIGHTS(Block 6),PERKINS RD|嘉雲臺6座,白建時道",12557.870430347028,1907,1569,"{'bay_window': '', 'flat_roof': '', 'roof': '', 'ac_platform': '', 'plant_room': '', 'garden': '', 'yard': ''}",26.0,24.3429,16571,15514.91395793499,7180878,5076721,ASP,HJL,渣甸山,1986/12,1986,40,A,17.0,6,blank,CAVENDISH HEIGHTS,嘉雲臺,True,POINT Z (22.2704696 114.1933761 0),22.2704696,114.1933761
1041,1997-10-06,"CAVENDISH HEIGHTS(Block 6),PERKINS RD|嘉雲臺6座,白建時道",10535.80363393155,1907,1569,"{'bay_window': '', 'flat_roof': '', 'roof': '', 'ac_platform': '', 'plant_room': '', 'garden': '', 'yard': ''}",21.7,20.317,13830,12949.012109623964,7320034,5123105,ASP,HJL,渣甸山,1986/12,1986,40,A,5.0,6,blank,CAVENDISH HEIGHTS,嘉雲臺,True,POINT Z (22.2704696 114.1933761 0),22.2704696,114.1933761
1042,1997-09-11,"CAVENDISH HEIGHTS(Block 6),PERKINS RD|嘉雲臺6座,白建時道",12011.594007521557,1907,1569,"{'bay_window': '', 'flat_roof': '', 'roof': '', 'ac_platform': '', 'plant_room': '', 'garden': '', 'yard': ''}",24.12,22.582700000000003,15373,14393.052899936269,7348139,5138319,SUB-ASP,HJL,渣甸山,1986/12,1986,40,B,10.0,6,blank,CAVENDISH HEIGHTS,嘉雲臺,True,POINT Z (22.2704696 114.1933761 0),22.2704696,114.1933761
1043,1997-12-03,"CAVENDISH HEIGHTS(Block 6),PERKINS RD|嘉雲臺6座,白建時道",12124.151618709891,1907,1569,"{'bay_window': '', 'flat_roof': '', 'roof': '', 'ac_platform': '', 'plant_room': '', 'garden': '', 'yard': ''}",22.5,21.066,14340,13426.3862332696,7394120,5151943,ASP,HJL,渣甸山,1986/12,1986,40,B,24.0,6,blank,CAVENDISH HEIGHTS,嘉雲臺,True,POINT Z (22.2704696 114.1933761 0),22.2704696,114.1933761
1044,1998-06-20,"CAVENDISH HEIGHTS(Block 6),PERKINS RD|嘉雲臺6座,白建時道",11356.350334401886,1907,1569,"{'bay_window': '', 'flat_roof': '', 'roof': '', 'ac_platform': '', 'plant_room': '', 'garden': '', 'yard': ''}",15.35,14.3717,9783,9159.783301465905,7518679,5207839,ASP,HJL,渣甸山,1986/12,1986,40,B,29.0,6,blank,CAVENDISH HEIGHTS,嘉雲臺,True,POINT Z (22.2704696 114.1933761 0),22.2704696,114.1933761
1045,1998-06-30,"CAVENDISH HEIGHTS(Block 6),PERKINS RD|嘉雲臺6座,白建時道",9987.66504218054,1907,1569,"{'bay_window': '', 'flat_roof': '', 'roof': '', 'ac_platform': '', 'plant_room': '', 'garden': '', 'yard': ''}",13.5,12.6396,8604,8055.831739961759,7528437,5213265,ASP,HJL,渣甸山,1986/12,1986,40,A,22.0,6,blank,CAVENDISH HEIGHTS,嘉雲臺,True,POINT Z (22.2704696 114.1933761 0),22.2704696,114.1933761
1046,1998-07-15,"CAVENDISH HEIGHTS(Block 6),PERKINS RD|嘉雲臺6座,白建時道",10245.013420975918,1907,1569,"{'bay_window': '', 'flat_roof': '', 'roof': '', 'ac_platform': '', 'plant_room': '', 'garden': '', 'yard': ''}",13.0,12.1714,8286,7757.42511153601,7539535,3021,ASP,HJL,渣甸山,1986/12,1986,40,B,9.0,6,blank,CAVENDISH HEIGHTS,嘉雲臺,True,POINT Z (22.2704696 114.1933761 0),22.2704696,114.1933761
1047,1998-09-15,"CAVENDISH HEIGHTS(Block 6),PERKINS RD|嘉雲臺6座,白建時道",10246.847712944524,1907,1569,"{'bay_window': '', 'flat_roof': '', 'roof': '', 'ac_platform': '', 'plant_room': '', 'garden': '', 'yard': ''}",11.5,10.767,7330,6862.332695984704,7585377,42273,ASP,HJL,渣甸山,1986/12,1986,40,A,17.0,6,blank,CAVENDISH HEIGHTS,嘉雲臺,True,POINT Z (22.2704696 114.1933761 0),22.2704696,114.1933761
1048,1998-10-13,"CAVENDISH HEIGHTS(Block 6),PERKINS RD|嘉雲臺6座,白建時道",10484.480103221274,1907,1569,"{'bay_window': '', 'flat_roof': '', 'roof': '', 'ac_platform': '', 'plant_room': '', 'garden': '', 'yard': ''}",11.8,11.0479,7521,7041.363926067559,7593712,48005,ASP,HJL,渣甸山,1986/12,1986,40,B,23.0,6,blank,CAVENDISH HEIGHTS,嘉雲臺,True,POINT Z (22.2704696 114.1933761 0),22.2704696,114.1933761
1049,1998-10-26,"CAVENDISH HEIGHTS(Block 6),PERKINS RD|嘉雲臺6座,白建時道",10599.973656617123,1907,1569,"{'bay_window': '', 'flat_roof': '', 'roof': '', 'ac_platform': '', 'plant_room': '', 'garden': '', 'yard': ''}",11.93,11.1696,7604,7118.929254302103,7615653,71976,ASP,HJL,渣甸山,1986/12,1986,40,B,11.0,6,blank,CAVENDISH HEIGHTS,嘉雲臺,True,POINT Z (22.2704696 114.1933761 0),22.2704696,114.1933761
1050,1998-11-27,"CAVENDISH HEIGHTS(Block 6),PERKINS RD|嘉雲臺6座,白建時道",10574.667242823478,1907,1569,"{'bay_window': '', 'flat_roof': '', 'roof': '', 'ac_platform': '', 'plant_room': '', 'garden': '', 'yard': ''}",12.6,11.7969,8031,7518.7380497131935,7633649,95491,ASP,HJL,渣甸山,1986/12,1986,40,A,5.0,6,blank,CAVENDISH HEIGHTS,嘉雲臺,True,POINT Z (22.2704696 114.1933761 0),22.2704696,114.1933761
1051,1998-12-05,"CAVENDISH HEIGHTS(Block 6),PERKINS RD|嘉雲臺6座,白建時道",10628.891800365314,1907,1569,"{'bay_window': '53', 'flat_roof': '', 'roof': '', 'ac_platform': '', 'plant_room': '', 'garden': '', 'yard': ''}",13.0,12.1714,8286,7757.42511153601,7650252,111465,ASP,HJL,渣甸山,1986/12,1986,40,B,18.0,6,blank,CAVENDISH HEIGHTS,嘉雲臺,True,POINT Z (22.2704696 114.1933761 0),22.2704696,114.1933761
1052,1999-04-26,"CAVENDISH HEIGHTS(Block 6),PERKINS RD|嘉雲臺6座,白建時道",9047.410231435257,1907,1569,"{'bay_window': '53', 'flat_roof': '', 'roof': '', 'ac_platform': '', 'plant_room': '', 'garden': '', 'yard': ''}",11.2,10.4862,7138,6683.365200764818,7751559,199942,ASP,HJL,渣甸山,1986/12,1986,40,B,1.0,6,blank,CAVENDISH HEIGHTS,嘉雲臺,True,POINT Z (22.2704696 114.1933761 0),22.2704696,114.1933761
1053,1999-05-03,"CAVENDISH HEIGHTS(Block 6),PERKINS RD|嘉雲臺6座,白建時道",11746.297798694604,1907,1569,"{'bay_window': '53', 'flat_roof': '', 'roof': '', 'ac_platform': '', 'plant_room': '', 'garden': '', 'yard': ''}",14.5,13.5758,9242,8652.517527087317,7764203,215360,PRO-ASP,HJL,渣甸山,1986/12,1986,40,A,18.0,6,blank,CAVENDISH HEIGHTS,嘉雲臺,True,POINT Z (22.2704696 114.1933761 0),22.2704696,114.1933761
1054,1999-05-14,"CAVENDISH HEIGHTS(Block 6),PERKINS RD|嘉雲臺6座,白建時道",11908.35687275989,1907,1569,"{'bay_window': '', 'flat_roof': '', 'roof': '', 'ac_platform': '', 'plant_room': '', 'garden': '', 'yard': ''}",14.7,13.7631,9369,8771.892925430211,7807782,249270,PRO-ASP,HJL,渣甸山,1986/12,1986,40,A,27.0,6,blank,CAVENDISH HEIGHTS,嘉雲臺,True,POINT Z (22.2704696 114.1933761 0),22.2704696,114.1933761
1055,1999-08-27,"CAVENDISH HEIGHTS(Block 6),PERKINS RD|嘉雲臺6座,白建時道",11189.569679524124,1907,1569,"{'bay_window': '', 'flat_roof': '', 'roof': '', 'ac_platform': '', 'plant_room': '', 'garden': '', 'yard': ''}",13.8,12.9205,8795,8234.862970044614,7869273,289723,ASP,HJL,渣甸山,1986/12,1986,40,B,13.0,6,blank,CAVENDISH HEIGHTS,嘉雲臺,True,POINT Z (22.2704696 114.1933761 0),22.2704696,114.1933761
1056,1999-09-01,"CAVENDISH HEIGHTS(Block 6),PERKINS RD|嘉雲臺6座,白建時道",10892.779242646597,1907,1569,"{'bay_window': '', 'flat_roof': '', 'roof': '', 'ac_platform': '', 'plant_room': '', 'garden': '', 'yard': ''}",13.0,12.1714,8286,7757.42511153601,7874060,294463,ASP,HJL,渣甸山,1986/12,1986,40,A,14.0,6,blank,CAVENDISH HEIGHTS,嘉雲臺,True,POINT Z (22.2704696 114.1933761 0),22.2704696,114.1933761
1057,1999-09-18,"CAVENDISH HEIGHTS(Block 6),PERKINS RD|嘉雲臺6座,白建時道",10289.494288781958,1907,1569,"{'bay_window': '53', 'flat_roof': '', 'roof': '', 'ac_platform': '', 'plant_room': '', 'garden': '', 'yard': ''}",12.28,11.4973,7827,7327.788400254939,7886732,303507,ASP,HJL,渣甸山,1986/12,1986,40,A,10.0,6,blank,CAVENDISH HEIGHTS,嘉雲臺,True,POINT Z (22.2704696 114.1933761 0),22.2704696,114.1933761
1058,1999-09-20,"CAVENDISH HEIGHTS(Block 6),PERKINS RD|嘉雲臺6座,白建時道",12233.501968332128,1907,1569,"{'bay_window': '', 'flat_roof': '', 'roof': '', 'ac_platform': '', 'plant_room': '', 'garden': '', 'yard': ''}",14.6,13.6695,9305,8712.237093690248,7894652,309878,ASP,HJL,渣甸山,1986/12,1986,40,A,22.0,6,blank,CAVENDISH HEIGHTS,嘉雲臺,True,POINT Z (22.2704696 114.1933761 0),22.2704696,114.1933761
1059,1999-10-27,"CAVENDISH HEIGHTS(Block 6),PERKINS RD|嘉雲臺6座,白建時道",12506.626971066022,1907,1569,"{'bay_window': '', 'flat_roof': '', 'roof': '', 'ac_platform': '', 'plant_room': '', 'garden': '', 'yard': ''}",14.6,13.6695,9305,8712.237093690248,7917744,331888,ASP,HJL,渣甸山,1986/12,1986,40,B,25.0,6,blank,CAVENDISH HEIGHTS,嘉雲臺,True,POINT Z (22.2704696 114.1933761 0),22.2704696,114.1933761
1060,2000-03-20,"CAVENDISH HEIGHTS(Block 6),PERKINS RD|嘉雲臺6座,白建時道",11231.966892226525,1907,1569,"{'bay_window': '', 'flat_roof': '', 'roof': '', 'ac_platform': '', 'plant_room': '', 'garden': '', 'yard': ''}",13.5,12.6396,8604,8055.831739961759,8040413,413034,ASP,HJL,渣甸山,1986/12,1986,40,B,9.0,6,blank,CAVENDISH HEIGHTS,嘉雲臺,True,POINT Z (22.2704696 114.1933761 0),22.2704696,114.1933761
1061,2000-03-15,"CAVENDISH HEIGHTS(Block 6),PERKINS RD|嘉雲臺6座,白建時道",10815.90887623389,1907,1569,"{'bay_window': '', 'flat_roof': '', 'roof': '', 'ac_platform': '', 'plant_room': '', 'garden': '', 'yard': ''}",13.0,12.1714,8286,7757.42511153601,8043941,415979,ASP,HJL,渣甸山,1986/12,1986,40,A,11.0,6,blank,CAVENDISH HEIGHTS,嘉雲臺,True,POINT Z (22.2704696 114.1933761 0),22.2704696,114.1933761
1062,2000-08-15,"CAVENDISH HEIGHTS(Block 6),PERKINS RD|嘉雲臺6座,白建時道",9097.826372695949,1907,1569,"{'bay_window': '53', 'flat_roof': '', 'roof': '', 'ac_platform': '', 'plant_room': '', 'garden': '', 'yard': ''}",10.0,9.3627,6373,5967.304015296367,8184210,525271,ASP,HJL,渣甸山,1986/12,1986,40,A,28.0,6,blank,CAVENDISH HEIGHTS,嘉雲臺,True,POINT Z (22.2704696 114.1933761 0),22.2704696,114.1933761
1063,2001-03-31,"CAVENDISH HEIGHTS(Block 6),PERKINS RD|嘉雲臺6座,白建時道",12126.263286503936,1907,1569,"{'bay_window': '53', 'flat_roof': '', 'roof': '', 'ac_platform': '', 'plant_room': '', 'garden': '', 'yard': ''}",12.79,11.974799999999998,8152,7632.122370936901,8361906,661370,ASP,HJL,渣甸山,1986/12,1986,40,B,7.0,6,blank,CAVENDISH HEIGHTS,嘉雲臺,True,POINT Z (22.2704696 114.1933761 0),22.2704696,114.1933761
1064,2001-05-16,"CAVENDISH HEIGHTS(Block 6),PERKINS RD|嘉雲臺6座,白建時道",13288.785880732956,1907,1569,"{'bay_window': '53', 'flat_roof': '', 'roof': '', 'ac_platform': '', 'plant_room': '', 'garden': '', 'yard': ''}",13.8,12.9205,8795,8234.862970044614,8396341,691730,ASP,HJL,渣甸山,1986/12,1986,40,B,15.0,6,blank,CAVENDISH HEIGHTS,嘉雲臺,True,POINT Z (22.2704696 114.1933761 0),22.2704696,114.1933761
1065,2002-02-20,"CAVENDISH HEIGHTS(Block 6),PERKINS RD|嘉雲臺6座,白建時道",11751.745115142416,1907,1569,"{'bay_window': '', 'flat_roof': '', 'roof': '', 'ac_platform': '', 'plant_room': '', 'garden': '', 'yard': ''}",11.5,10.767,7330,6862.332695984704,8624660,864453,ASP,HJL,渣甸山,1986/12,1986,40,A,20.0,6,blank,CAVENDISH HEIGHTS,嘉雲臺,True,POINT Z (22.2704696 114.1933761 0),22.2704696,114.1933761
1066,2002-04-10,"CAVENDISH HEIGHTS(Block 6),PERKINS RD|嘉雲臺6座,白建時道",12319.441697482624,1907,1569,"{'bay_window': '53', 'flat_roof': '', 'roof': '', 'ac_platform': '', 'plant_room': '', 'garden': '', 'yard': ''}",11.73,10.9824,7476,6999.617590822179,8666869,895338,ASP,HJL,渣甸山,1986/12,1986,40,B,16.0,6,blank,CAVENDISH HEIGHTS,嘉雲臺,True,POINT Z (22.2704696 114.1933761 0),22.2704696,114.1933761
1067,2002-09-12,"CAVENDISH HEIGHTS(Block 6),PERKINS RD|嘉雲臺6座,白建時道",13869.766466790004,1907,1569,"{'bay_window': '', 'flat_roof': '', 'roof': '', 'ac_platform': '', 'plant_room': '', 'garden': '', 'yard': ''}",12.5,11.7033,7967,7459.082217973231,8782150,985118,ASP,HJL,渣甸山,1986/12,1986,40,B,23.0,6,blank,CAVENDISH HEIGHTS,嘉雲臺,True,POINT Z (22.2704696 114.1933761 0),22.2704696,114.1933761
1068,2002-09-19,"CAVENDISH HEIGHTS(Block 6),PERKINS RD|嘉雲臺6座,白建時道",12516.12712930677,1907,1569,"{'bay_window': '53', 'flat_roof': '', 'roof': '', 'ac_platform': '', 'plant_room': '', 'garden': '', 'yard': ''}",11.28,10.5611,7189,6731.102613129382,8787529,988864,ASP,HJL,渣甸山,1986/12,1986,40,A,21.0,6,blank,CAVENDISH HEIGHTS,嘉雲臺,True,POINT Z (22.2704696 114.1933761 0),22.2704696,114.1933761
1069,2003-07-11,"CAVENDISH HEIGHTS(Block 6),PERKINS RD|嘉雲臺6座,白建時道",11888.133202762814,1907,1569,"{'bay_window': '', 'flat_roof': '', 'roof': '', 'ac_platform': '', 'plant_room': '', 'garden': '', 'yard': ''}",9.68,9.063,6170,5776.290630975143,8979290,1137355,ASP,HJL,渣甸山,1986/12,1986,40,A,11.0,6,blank,CAVENDISH HEIGHTS,嘉雲臺,True,POINT Z (22.2704696 114.1933761 0),22.2704696,114.1933761
1070,2003-09-30,"CAVENDISH HEIGHTS(Block 6),PERKINS RD|嘉雲臺6座,白建時道",10979.603589174429,1907,1569,"{'bay_window': '', 'flat_roof': '', 'roof': '', 'ac_platform': '', 'plant_room': '', 'garden': '', 'yard': ''}",9.38,8.782200000000001,5978,5597.32313575526,9027849,1181111,ASP,HJL,渣甸山,1986/12,1986,40,A,3.0,6,blank,CAVENDISH HEIGHTS,嘉雲臺,True,POINT Z (22.2704696 114.1933761 0),22.2704696,114.1933761
1071,2004-04-16,"CAVENDISH HEIGHTS(Block 6),PERKINS RD|嘉雲臺6座,白建時道",11495.748506367729,1907,1569,"{'bay_window': '', 'flat_roof': '', 'roof': '', 'ac_platform': '', 'plant_room': '', 'garden': '', 'yard': ''}",12.88,12.0591,8209,7685.85086042065,9209074,1327335,ASP,HJL,渣甸山,1986/12,1986,40,A,1.0,6,blank,CAVENDISH HEIGHTS,嘉雲臺,True,POINT Z (22.2704696 114.1933761 0),22.2704696,114.1933761
1072,2004-07-29,"CAVENDISH HEIGHTS(Block 6),PERKINS RD|嘉雲臺6座,白建時道",13698.167457136824,1907,1569,"{'bay_window': '', 'flat_roof': '', 'roof': '', 'ac_platform': '', 'plant_room': '', 'garden': '', 'yard': ''}",14.38,13.463500000000002,9165,8580.943275971958,9309014,1401788,PRO-ASP,HJL,渣甸山,1986/12,1986,40,B,11.0,6,blank,CAVENDISH HEIGHTS,嘉雲臺,True,POINT Z (22.2704696 114.1933761 0),22.2704696,114.1933761
1073,2004-09-28,"CAVENDISH HEIGHTS(Block 6),PERKINS RD|嘉雲臺6座,白建時道",13087.42786862488,1907,1569,"{'bay_window': '53', 'flat_roof': '', 'roof': '', 'ac_platform': '', 'plant_room': '', 'garden': '', 'yard': ''}",15.0,14.044,9560,8950.924155513065,9355111,1435006,ASP,HJL,渣甸山,1986/12,1986,40,B,3.0,6,blank,CAVENDISH HEIGHTS,嘉雲臺,True,POINT Z (22.2704696 114.1933761 0),22.2704696,114.1933761
1074,2004-10-06,"CAVENDISH HEIGHTS(Block 6),PERKINS RD|嘉雲臺6座,白建時道",14156.25794685645,1907,1569,"{'bay_window': '', 'flat_roof': '', 'roof': '', 'ac_platform': '', 'plant_room': '', 'garden': '', 'yard': ''}",17.38,16.272299999999998,11077,10371.128107074568,9365444,1452412,ASP,HJL,渣甸山,1986/12,1986,40,B,28.0,6,blank,CAVENDISH HEIGHTS,嘉雲臺,True,POINT Z (22.2704696 114.1933761 0),22.2704696,114.1933761
1075,2004-11-29,"CAVENDISH HEIGHTS(Block 6),PERKINS RD|嘉雲臺6座,白建時道",10422.540795250949,1907,1569,"{'bay_window': '53', 'flat_roof': '', 'roof': '', 'ac_platform': '', 'plant_room': '', 'garden': '', 'yard': ''}",12.5,11.7033,7967,7459.082217973231,9418602,1488786,ASP,HJL,渣甸山,1986/12,1986,40,B,20.0,6,blank,CAVENDISH HEIGHTS,嘉雲臺,True,POINT Z (22.2704696 114.1933761 0),22.2704696,114.1933761
1076,2004-12-18,"CAVENDISH HEIGHTS(Block 6),PERKINS RD|嘉雲臺6座,白建時道",12398.429582506964,1907,1569,"{'bay_window': '', 'flat_roof': '', 'roof': '', 'ac_platform': '', 'plant_room': '', 'garden': '', 'yard': ''}",15.2,14.2312,9688,9070.23581899299,9438686,1504351,PRO-ASP,HJL,渣甸山,1986/12,1986,40,B,4.0,6,blank,CAVENDISH HEIGHTS,嘉雲臺,True,POINT Z (22.2704696 114.1933761 0),22.2704696,114.1933761
1077,2005-06-27,"CAVENDISH HEIGHTS(Block 6),PERKINS RD|嘉雲臺6座,白建時道",14986.275275234424,1907,1569,"{'bay_window': '', 'flat_roof': '', 'roof': '', 'ac_platform': '', 'plant_room': '', 'garden': '', 'yard': ''}",19.0,17.789,12110,11337.794773741236,5071202520090,1675590,ASP,HJL,渣甸山,1986/12,1986,40,A,24.0,6,blank,CAVENDISH HEIGHTS,嘉雲臺,True,POINT Z (22.2704696 114.1933761 0),22.2704696,114.1933761
1078,2005-06-24,"CAVENDISH HEIGHTS(Block 6),PERKINS RD|嘉雲臺6座,白建時道",14276.430115477691,1907,1569,"{'bay_window': '', 'flat_roof': '', 'roof': '', 'ac_platform': '', 'plant_room': '', 'garden': '', 'yard': ''}",18.1,16.9464,11536,10800.76481835564,5072002710017,1682011,ASP,HJL,渣甸山,1986/12,1986,40,B,4.0,6,blank,CAVENDISH HEIGHTS,嘉雲臺,True,POINT Z (22.2704696 114.1933761 0),22.2704696,114.1933761
1079,2005-07-05,"CAVENDISH HEIGHTS(Block 6),PERKINS RD|嘉雲臺6座,白建時道",15030.047931361563,1907,1569,"{'bay_window': '', 'flat_roof': '', 'roof': '', 'ac_platform': '', 'plant_room': '', 'garden': '', 'yard': ''}",18.4,17.2273,11727,10979.796048438497,5072802600063,1690063,ASP,HJL,渣甸山,1986/12,1986,40,A,4.0,6,blank,CAVENDISH HEIGHTS,嘉雲臺,True,POINT Z (22.2704696 114.1933761 0),22.2704696,114.1933761
1080,2005-08-31,"CAVENDISH HEIGHTS(Block 6),PERKINS RD|嘉雲臺6座,白建時道",14752.886793499454,1907,1569,"{'bay_window': '', 'flat_roof': '', 'roof': '', 'ac_platform': '', 'plant_room': '', 'garden': '', 'yard': ''}",18.5,17.3209,11791,11039.451880178458,5092302030667,1730862,ASP,HJL,渣甸山,1986/12,1986,40,A,19.0,6,blank,CAVENDISH HEIGHTS,嘉雲臺,True,POINT Z (22.2704696 114.1933761 0),22.2704696,114.1933761
1081,2006-03-21,"CAVENDISH HEIGHTS(Block 6),PERKINS RD|嘉雲臺6座,白建時道",13474.892618784052,1907,1569,"{'bay_window': '53', 'flat_roof': '', 'roof': '', 'ac_platform': '', 'plant_room': '', 'garden': '', 'yard': ''}",16.8,15.7293,10707,10025.047801147228,6042002430018,1859781,ASP,HJL,渣甸山,1986/12,1986,40,B,3.0,6,blank,CAVENDISH HEIGHTS,嘉雲臺,True,POINT Z (22.2704696 114.1933761 0),22.2704696,114.1933761
1082,2006-11-06,"CAVENDISH HEIGHTS(Block 6),PERKINS RD|嘉雲臺6座,白建時道",13361.914289634027,1907,1569,"{'bay_window': '', 'flat_roof': '', 'roof': '', 'ac_platform': '', 'plant_room': '', 'garden': '', 'yard': ''}",17.0,15.9165,10835,10144.35946462715,6112400950017,2009321,PRO-ASP,HJL,渣甸山,1986/12,1986,40,B,2.0,6,blank,CAVENDISH HEIGHTS,嘉雲臺,True,POINT Z (22.2704696 114.1933761 0),22.2704696,114.1933761
1083,2006-12-29,"CAVENDISH HEIGHTS(Block 6),PERKINS RD|嘉雲臺6座,白建時道",14664.811787510433,1907,1569,"{'bay_window': '', 'flat_roof': '', 'roof': '', 'ac_platform': '', 'plant_room': '', 'garden': '', 'yard': ''}",19.0,17.789,12110,11337.794773741236,7012301150017,2047986,PRO-ASP,HJL,渣甸山,1986/12,1986,40,B,10.0,6,blank,CAVENDISH HEIGHTS,嘉雲臺,True,POINT Z (22.2704696 114.1933761 0),22.2704696,114.1933761
1084,2007-01-09,"CAVENDISH HEIGHTS(Block 6),PERKINS RD|嘉雲臺6座,白建時道",13975.647238266003,1907,1569,"{'bay_window': '', 'flat_roof': '', 'roof': '', 'ac_platform': '', 'plant_room': '', 'garden': '', 'yard': ''}",18.75,17.555,11950,11188.655194391333,7012700920016,2053852,ASP,HJL,渣甸山,1986/12,1986,40,B,11.0,6,blank,CAVENDISH HEIGHTS,嘉雲臺,True,POINT Z (22.2704696 114.1933761 0),22.2704696,114.1933761
1085,2007-02-09,"CAVENDISH HEIGHTS(Block 6),PERKINS RD|嘉雲臺6座,白建時道",14752.551718647635,1907,1569,"{'bay_window': '', 'flat_roof': '', 'roof': '', 'ac_platform': '', 'plant_room': '', 'garden': '', 'yard': ''}",19.5,18.2572,12428,11636.201402166986,7021601740025,2068840,ASP,HJL,渣甸山,1986/12,1986,40,A,17.0,6,blank,CAVENDISH HEIGHTS,嘉雲臺,True,POINT Z (22.2704696 114.1933761 0),22.2704696,114.1933761
1086,2007-06-06,"CAVENDISH HEIGHTS(Block 6),PERKINS RD|嘉雲臺6座,白建時道",14630.122817733749,1907,1569,"{'bay_window': '53', 'flat_roof': '', 'roof': '', 'ac_platform': '', 'plant_room': '', 'garden': '', 'yard': ''}",20.4,19.0998,13002,12173.23135755258,7063000790035,2177425,ASP,HJL,渣甸山,1986/12,1986,40,B,18.0,6,blank,CAVENDISH HEIGHTS,嘉雲臺,True,POINT Z (22.2704696 114.1933761 0),22.2704696,114.1933761
1087,2007-07-16,"CAVENDISH HEIGHTS(Block 6),PERKINS RD|嘉雲臺6座,白建時道",13910.962700488946,1907,1569,"{'bay_window': '53', 'flat_roof': '', 'roof': '', 'ac_platform': '', 'plant_room': '', 'garden': '', 'yard': ''}",19.65,18.3976,12524,11725.685149776928,7073100510225,2204635,ASP,HJL,渣甸山,1986/12,1986,40,A,18.0,6,blank,CAVENDISH HEIGHTS,嘉雲臺,True,POINT Z (22.2704696 114.1933761 0),22.2704696,114.1933761
1088,2007-07-19,"CAVENDISH HEIGHTS(Block 6),PERKINS RD|嘉雲臺6座,白建時道",12955.290995638969,1907,1569,"{'bay_window': '', 'flat_roof': '', 'roof': '', 'ac_platform': '', 'plant_room': '', 'garden': '', 'yard': ''}",18.3,17.1337,11663,10920.140216698534,7080102290018,2205898,ASP,HJL,渣甸山,1986/12,1986,40,A,3.0,6,blank,CAVENDISH HEIGHTS,嘉雲臺,True,POINT Z (22.2704696 114.1933761 0),22.2704696,114.1933761
1089,2007-07-24,"CAVENDISH HEIGHTS(Block 6),PERKINS RD|嘉雲臺6座,白建時道",13804.80215981252,1907,1569,"{'bay_window': '', 'flat_roof': '', 'roof': '', 'ac_platform': '', 'plant_room': '', 'garden': '', 'yard': ''}",19.5,18.2572,12428,11636.201402166986,7080602420096,2209859,ASP,HJL,渣甸山,1986/12,1986,40,B,8.0,6,blank,CAVENDISH HEIGHTS,嘉雲臺,True,POINT Z (22.2704696 114.1933761 0),22.2704696,114.1933761
1090,2007-07-24,"CAVENDISH HEIGHTS(Block 6),PERKINS RD|嘉雲臺6座,白建時道",14866.710018259637,1907,1569,"{'bay_window': '53', 'flat_roof': '', 'roof': '', 'ac_platform': '', 'plant_room': '', 'garden': '', 'yard': ''}",21.0,19.6616,13384,12531.293817718291,7082301370047,2226621,ASP,HJL,渣甸山,1986/12,1986,40,B,20.0,6,blank,CAVENDISH HEIGHTS,嘉雲臺,True,POINT Z (22.2704696 114.1933761 0),22.2704696,114.1933761
1091,2007-09-07,"CAVENDISH HEIGHTS(Block 6),PERKINS RD|嘉雲臺6座,白建時道",12279.931414464285,1907,1569,"{'bay_window': '53', 'flat_roof': '', 'roof': '', 'ac_platform': '', 'plant_room': '', 'garden': '', 'yard': ''}",17.88,16.740399999999998,11396,10669.471000637348,7091201150078,2244106,ASP,HJL,渣甸山,1986/12,1986,40,B,1.0,6,blank,CAVENDISH HEIGHTS,嘉雲臺,True,POINT Z (22.2704696 114.1933761 0),22.2704696,114.1933761
1092,2008-12-19,"CAVENDISH HEIGHTS(Block 6),PERKINS RD|嘉雲臺6座,白建時道",12985.85485475231,1907,1569,"{'bay_window': '', 'flat_roof': '', 'roof': '', 'ac_platform': '', 'plant_room': '', 'garden': '', 'yard': ''}",18.5,17.3209,11791,11039.451880178458,8122401160147,2654996,PRO-ASP,HJL,渣甸山,1986/12,1986,40,A,8.0,6,blank,CAVENDISH HEIGHTS,嘉雲臺,True,POINT Z (22.2704696 114.1933761 0),22.2704696,114.1933761
1093,2009-03-18,"CAVENDISH HEIGHTS(Block 6),PERKINS RD|嘉雲臺6座,白建時道",18767.644104250925,1907,1569,"{'bay_window': '', 'flat_roof': '', 'roof': '1659', 'ac_platform': '', 'plant_room': '', 'garden': '', 'yard': ''}",26.0,26.0,16571,16571.0643722116,9040202490019,2701803,ASP,HJL,渣甸山,1986/12,1986,40,B,31.0,6,blank,CAVENDISH HEIGHTS,嘉雲臺,False,POINT Z (22.2704696 114.1933761 0),22.2704696,114.1933761
1094,2009-06-22,"CAVENDISH HEIGHTS(Block 6),PERKINS RD|嘉雲臺6座,白建時道",13306.279410398192,1907,1569,"{'bay_window': '', 'flat_roof': '', 'roof': '', 'ac_platform': '', 'plant_room': '', 'garden': '', 'yard': ''}",22.73,21.2813,14487,13563.607393244103,9062601530057,2773542,ASP,HJL,渣甸山,1986/12,1986,40,A,3.0,6,blank,CAVENDISH HEIGHTS,嘉雲臺,True,POINT Z (22.2704696 114.1933761 0),22.2704696,114.1933761
1095,2010-01-14,"CAVENDISH HEIGHTS(Block 6),PERKINS RD|嘉雲臺6座,白建時道",14327.26939399666,1907,1569,"{'bay_window': '', 'flat_roof': '', 'roof': '', 'ac_platform': '', 'plant_room': '', 'garden': '', 'yard': ''}",26.8,25.091900000000003,17081,15992.288081580627,10020302690015,2992137,PRO-ASP,HJL,渣甸山,1986/12,1986,40,B,13.0,6,blank,CAVENDISH HEIGHTS,嘉雲臺,True,POINT Z (22.2704696 114.1933761 0),22.2704696,114.1933761
1096,2010-03-29,"CAVENDISH HEIGHTS(Block 6),PERKINS RD|嘉雲臺6座,白建時道",14016.300678481382,1907,1569,"{'bay_window': '', 'flat_roof': '', 'roof': '', 'ac_platform': '', 'plant_room': '', 'garden': '', 'yard': ''}",28.5,26.6836,18164,17006.755895474824,10041600420035,3062922,ASP,HJL,渣甸山,1986/12,1986,40,B,23.0,6,blank,CAVENDISH HEIGHTS,嘉雲臺,True,POINT Z (22.2704696 114.1933761 0),22.2704696,114.1933761
1097,2010-06-25,"CAVENDISH HEIGHTS(Block 6),PERKINS RD|嘉雲臺6座,白建時道",13899.56292712342,1907,1569,"{'bay_window': '53', 'flat_roof': '', 'roof': '', 'ac_platform': '', 'plant_room': '', 'garden': '', 'yard': ''}",27.55,25.7941,17559,16439.834289356277,10070902250245,3147663,ASP,HJL,渣甸山,1986/12,1986,40,A,7.0,6,blank,CAVENDISH HEIGHTS,嘉雲臺,True,POINT Z (22.2704696 114.1933761 0),22.2704696,114.1933761
1098,2010-07-21,"CAVENDISH HEIGHTS(Block 6),PERKINS RD|嘉雲臺6座,白建時道",11672.981097138949,1907,1569,"{'bay_window': '53', 'flat_roof': '', 'roof': '', 'ac_platform': '', 'plant_room': '', 'garden': '', 'yard': ''}",24.45,22.8917,15583,14589.993626513702,10080302890042,3174991,ASP,HJL,渣甸山,1986/12,1986,40,B,1.0,6,blank,CAVENDISH HEIGHTS,嘉雲臺,True,POINT Z (22.2704696 114.1933761 0),22.2704696,114.1933761
1099,2011-03-09,"CAVENDISH HEIGHTS(Block 6),PERKINS RD|嘉雲臺6座,白建時道",13143.700372698862,1907,1569,"{'bay_window': '', 'flat_roof': '', 'roof': '', 'ac_platform': '', 'plant_room': '', 'garden': '', 'yard': ''}",32.0,29.9605,20395,19095.283620140217,11031703140701,3418936,ASP,HJL,渣甸山,1986/12,1986,40,A,12.0,6,blank,CAVENDISH HEIGHTS,嘉雲臺,True,POINT Z (22.2704696 114.1933761 0),22.2704696,114.1933761
1100,2013-08-26,"CAVENDISH HEIGHTS(Block 6),PERKINS RD|嘉雲臺6座,白建時道",13233.56630922832,1907,1569,"{'bay_window': '53', 'flat_roof': '', 'roof': '', 'ac_platform': '', 'plant_room': '', 'garden': '', 'yard': ''}",40.3,37.7315,25685,24048.119821542383,13090301710104,4028096,ASP,HJL,渣甸山,1986/12,1986,40,A,28.0,6,blank,CAVENDISH HEIGHTS,嘉雲臺,True,POINT Z (22.2704696 114.1933761 0),22.2704696,114.1933761
1101,2014-02-11,"CAVENDISH HEIGHTS(Block 6),PERKINS RD|嘉雲臺6座,白建時道",15668.528503693344,1907,1569,"{'bay_window': '53', 'flat_roof': '', 'roof': '', 'ac_platform': '', 'plant_room': '', 'garden': '', 'yard': ''}",47.0,44.0045,29955,28046.20777565328,14030301690083,4104701,ASP,HJL,渣甸山,1986/12,1986,40,A,21.0,6,blank,CAVENDISH HEIGHTS,嘉雲臺,True,POINT Z (22.2704696 114.1933761 0),22.2704696,114.1933761
1102,2016-05-23,"CAVENDISH HEIGHTS(Block 6),PERKINS RD|嘉雲臺6座,白建時道",11166.269177407095,1907,1569,"{'bay_window': '53', 'flat_roof': '', 'roof': '', 'ac_platform': '', 'plant_room': '', 'garden': '', 'yard': ''}",36.38,34.0613,23187,21708.922880815808,16061001800038,4518233,ASP,HJL,渣甸山,1986/12,1986,40,B,18.0,6,blank,CAVENDISH HEIGHTS,嘉雲臺,True,POINT Z (22.2704696 114.1933761 0),22.2704696,114.1933761
1103,2016-08-15,"CAVENDISH HEIGHTS(Block 6),PERKINS RD|嘉雲臺6座,白建時道",11035.95451983299,1907,1569,"{'bay_window': '53', 'flat_roof': '', 'roof': '', 'ac_platform': '', 'plant_room': '', 'garden': '', 'yard': ''}",36.8,34.4546,23454,21959.592096876997,16091501850016,4561791,PRO-ASP,HJL,渣甸山,1986/12,1986,40,A,10.0,6,blank,CAVENDISH HEIGHTS,嘉雲臺,True,POINT Z (22.2704696 114.1933761 0),22.2704696,114.1933761
1104,2017-05-02,"CAVENDISH HEIGHTS(Block 6),PERKINS RD|嘉雲臺6座,白建時道",10956.990261250596,1907,1569,"{'bay_window': '53', 'flat_roof': '', 'roof': '', 'ac_platform': '', 'plant_room': '', 'garden': '', 'yard': ''}",41.2,38.5741,26259,24585.14977692798,17051700170128,4701366,ASP,HJL,渣甸山,1986/12,1986,40,B,6.0,6,blank,CAVENDISH HEIGHTS,嘉雲臺,True,POINT Z (22.2704696 114.1933761 0),22.2704696,114.1933761
1105,2017-10-20,"CAVENDISH HEIGHTS(Block 6),PERKINS RD|嘉雲臺6座,白建時道",12642.25380148314,1907,1569,"{'bay_window': '53', 'flat_roof': '', 'roof': '', 'ac_platform': '', 'plant_room': '', 'garden': '', 'yard': ''}",45.5,45.5,28999,28999.3626513703,17111600440026,5249519,MEM-ASP,HJL,渣甸山,1986/12,1986,40,B,20.0,6,blank,CAVENDISH HEIGHTS,嘉雲臺,False,POINT Z (22.2704696 114.1933761 0),22.2704696,114.1933761
1106,2018-01-02,"CAVENDISH HEIGHTS(Block 6),PERKINS RD|嘉雲臺6座,白建時道",11115.223808950788,1907,1569,"{'bay_window': '53', 'flat_roof': '', 'roof': '', 'ac_platform': '', 'plant_room': '', 'garden': '', 'yard': ''}",41.75,41.75,26609,26609.305289993627,18013001840013,5293032,ASP,HJL,渣甸山,1986/12,1986,40,B,1.0,6,blank,CAVENDISH HEIGHTS,嘉雲臺,False,POINT Z (22.2704696 114.1933761 0),22.2704696,114.1933761
1107,2018-04-16,"CAVENDISH HEIGHTS(Block 6),PERKINS RD|嘉雲臺6座,白建時道",13596.534765773888,1907,1569,"{'bay_window': '53', 'flat_roof': '', 'roof': '', 'ac_platform': '', 'plant_room': '', 'garden': '', 'yard': ''}",54.0,54.0,34417,34416.82600382409,18050201160013,5348114,ASP,HJL,渣甸山,1986/12,1986,40,A,18.0,6,blank,CAVENDISH HEIGHTS,嘉雲臺,False,POINT Z (22.2704696 114.1933761 0),22.2704696,114.1933761
1108,2023-07-12,"CAVENDISH HEIGHTS(Block 6),PERKINS RD|嘉雲臺6座,白建時道",13820.00882246457,1907,1569,"{'bay_window': '53', 'flat_roof': '', 'roof': '', 'ac_platform': '', 'plant_room': '', 'garden': '', 'yard': ''}",46.0,46.0,29318,29318.036966220523,23071901920014,6314990,ASP,HJL,渣甸山,1986/12,1986,40,B,3.0,6,blank,CAVENDISH HEIGHTS,嘉雲臺,False,POINT Z (22.2704696 114.1933761 0),22.2704696,114.1933761
1109,2025-04-09,"CAVENDISH HEIGHTS(Block 6),PERKINS RD|嘉雲臺6座,白建時道",14509.344964902784,1907,1569,"{'bay_window': '53', 'flat_roof': '', 'roof': '', 'ac_platform': '', 'plant_room': '', 'garden': '', 'yard': ''}",40.8,40.8,26004,26003.8240917782,25043002200035,6578040,ASP,HJL,渣甸山,1986/12,1986,40,A,21.0,6,blank,CAVENDISH HEIGHTS,嘉雲臺,False,POINT Z (22.2704696 114.1933761 0),22.2704696,114.1933761
1110,2025-10-24,"CAVENDISH HEIGHTS(Block 6),PERKINS RD|嘉雲臺6座,白建時道",14241.026536130135,1907,1569,"{'bay_window': '53', 'flat_roof': '', 'roof': '', 'ac_platform': '', 'plant_room': '', 'garden': '', 'yard': ''}",41.8,41.8,26641,26641.172721478648,25110601690031,6685376,ASP,HJL,渣甸山,1986/12,1986,40,B,16.0,6,blank,CAVENDISH HEIGHTS,嘉雲臺,False,POINT Z (22.2704696 114.1933761 0),22.2704696,114.1933761
1111,1995-12-13,"FLORA GARDEN(Block 1),CHUN FAI RD|慧景園1座,春暉道",6683.544303797468,1518,1185,"{'bay_window': '', 'flat_roof': '', 'roof': '', 'ac_platform': '', 'plant_room': '', 'garden': '', 'yard': ''}",8.65,7.92,7300,6683.544303797468,6489287,4788225,ASP,HJL,渣甸山,1987/10,1987,39,B,11.0,1,blank,FLORA GARDEN,慧景園,True,POINT Z (22.2735198 114.1944907 0),22.2735198,114.1944907
1112,1996-01-29,"FLORA GARDEN(Block 1),CHUN FAI RD|慧景園1座,春暉道",5872.236286919831,1518,1185,"{'bay_window': '', 'flat_roof': '', 'roof': '', 'ac_platform': '', 'plant_room': '', 'garden': '', 'yard': ''}",7.6,6.9586,6414,5872.236286919831,6528869,4797682,ASP,HJL,渣甸山,1987/10,1987,39,B,3.0,1,blank,FLORA GARDEN,慧景園,True,POINT Z (22.2735198 114.1944907 0),22.2735198,114.1944907
1113,1996-02-12,"FLORA GARDEN(Block 1),CHUN FAI RD|慧景園1座,春暉道",7695.7805907173,1518,1185,"{'bay_window': '', 'flat_roof': '', 'roof': '', 'ac_platform': '', 'plant_room': '', 'garden': '', 'yard': ''}",9.96,9.1195,8405,7695.7805907173,6543636,4803592,ASP,HJL,渣甸山,1987/10,1987,39,B,13.0,1,blank,FLORA GARDEN,慧景園,True,POINT Z (22.2735198 114.1944907 0),22.2735198,114.1944907
1114,1996-03-21,"FLORA GARDEN(Block 1),CHUN FAI RD|慧景園1座,春暉道",6795.0,1302,1000,"{'bay_window': '', 'flat_roof': '', 'roof': '', 'ac_platform': '', 'plant_room': '', 'garden': '', 'yard': ''}",7.55,6.795,7550,6795.0,6586492,4823425,ASP,HJL,渣甸山,1987/10,1987,39,D,5.0,1,blank,FLORA GARDEN,慧景園,True,POINT Z (22.2735198 114.1944907 0),22.2735198,114.1944907
1115,1996-04-02,"FLORA GARDEN(Block 1),CHUN FAI RD|慧景園1座,春暉道",7289.999999999999,1302,1000,"{'bay_window': '', 'flat_roof': '', 'roof': '', 'ac_platform': '', 'plant_room': '', 'garden': '', 'yard': ''}",8.1,7.289999999999999,8100,7289.999999999999,6590199,4818647,ASP,HJL,渣甸山,1987/10,1987,39,D,4.0,1,blank,FLORA GARDEN,慧景園,True,POINT Z (22.2735198 114.1944907 0),22.2735198,114.1944907
1116,1996-04-19,"FLORA GARDEN(Block 1),CHUN FAI RD|慧景園1座,春暉道",7200.0,1302,1000,"{'bay_window': '', 'flat_roof': '', 'roof': '', 'ac_platform': '', 'plant_room': '', 'garden': '', 'yard': ''}",8.0,7.2,8000,7200.0,6603641,4827915,SUB-ASP,HJL,渣甸山,1987/10,1987,39,D,5.0,1,blank,FLORA GARDEN,慧景園,True,POINT Z (22.2735198 114.1944907 0),22.2735198,114.1944907
1117,1996-04-25,"FLORA GARDEN(Block 1),CHUN FAI RD|慧景園1座,春暉道",7488.0,1302,1000,"{'bay_window': '', 'flat_roof': '', 'roof': '', 'ac_platform': '', 'plant_room': '', 'garden': '', 'yard': ''}",8.32,7.488,8320,7488.0,6618764,4834261,ASP,HJL,渣甸山,1987/10,1987,39,D,6.0,1,blank,FLORA GARDEN,慧景園,True,POINT Z (22.2735198 114.1944907 0),22.2735198,114.1944907
1118,1996-05-01,"FLORA GARDEN(Block 1),CHUN FAI RD|慧景園1座,春暉道",7920.000000000001,1302,1000,"{'bay_window': '', 'flat_roof': '', 'roof': '', 'ac_platform': '', 'plant_room': '', 'garden': '', 'yard': ''}",8.8,7.920000000000001,8800,7920.000000000001,6642122,4844791,ASP,HJL,渣甸山,1987/10,1987,39,C,11.0,1,blank,FLORA GARDEN,慧景園,True,POINT Z (22.2735198 114.1944907 0),22.2735198,114.1944907
1119,1996-05-01,"FLORA GARDEN(Block 1),CHUN FAI RD|慧景園1座,春暉道",7695.0,1302,1000,"{'bay_window': '', 'flat_roof': '', 'roof': '', 'ac_platform': '', 'plant_room': '', 'garden': '', 'yard': ''}",8.55,7.695,8550,7695.0,6655294,4849624,ASP,HJL,渣甸山,1987/10,1987,39,C,5.0,1,blank,FLORA GARDEN,慧景園,True,POINT Z (22.2735198 114.1944907 0),22.2735198,114.1944907
1120,1996-10-04,"FLORA GARDEN(Block 1),CHUN FAI RD|慧景園1座,春暉道",8112.995780590717,1518,1185,"{'bay_window': '', 'flat_roof': '', 'roof': '', 'ac_platform': '', 'plant_room': '', 'garden': '', 'yard': ''}",10.5,9.6139,8861,8112.995780590717,6797893,4898029,ASP,HJL,渣甸山,1987/10,1987,39,B,9.0,1,blank,FLORA GARDEN,慧景園,True,POINT Z (22.2735198 114.1944907 0),22.2735198,114.1944907
1121,1996-10-28,"FLORA GARDEN(Block 1),CHUN FAI RD|慧景園1座,春暉道",8262.0,1302,1000,"{'bay_window': '', 'flat_roof': '', 'roof': '', 'ac_platform': '', 'plant_room': '', 'garden': '', 'yard': ''}",9.18,8.262,9180,8262.0,6823445,4919999,ASP,HJL,渣甸山,1987/10,1987,39,C,4.0,1,blank,FLORA GARDEN,慧景園,True,POINT Z (22.2735198 114.1944907 0),22.2735198,114.1944907
1122,1996-11-12,"FLORA GARDEN(Block 1),CHUN FAI RD|慧景園1座,春暉道",7875.666666666667,1533,1200,"{'bay_window': '', 'flat_roof': '', 'roof': '', 'ac_platform': '', 'plant_room': '', 'garden': '', 'yard': ''}",10.31,9.4508,8592,7875.666666666667,6835138,4916492,ASP,HJL,渣甸山,1987/10,1987,39,A,3.0,1,blank,FLORA GARDEN,慧景園,True,POINT Z (22.2735198 114.1944907 0),22.2735198,114.1944907
1123,1996-12-02,"FLORA GARDEN(Block 1),CHUN FAI RD|慧景園1座,春暉道",8213.502109704641,1518,1185,"{'bay_window': '', 'flat_roof': '', 'roof': '', 'ac_platform': '', 'plant_room': '', 'garden': '', 'yard': ''}",10.63,9.733,8970,8213.502109704641,6867859,4931104,ASP,HJL,渣甸山,1987/10,1987,39,B,4.0,1,blank,FLORA GARDEN,慧景園,True,POINT Z (22.2735198 114.1944907 0),22.2735198,114.1944907
1124,1996-12-10,"FLORA GARDEN(Block 1),CHUN FAI RD|慧景園1座,春暉道",9387.932489451478,1518,1185,"{'bay_window': '', 'flat_roof': '', 'roof': '', 'ac_platform': '', 'plant_room': '', 'garden': '', 'yard': ''}",12.15,11.1247,10253,9387.932489451478,6878988,4934689,ASP,HJL,渣甸山,1987/10,1987,39,B,5.0,1,blank,FLORA GARDEN,慧景園,True,POINT Z (22.2735198 114.1944907 0),22.2735198,114.1944907
1125,1996-12-16,"FLORA GARDEN(Block 1),CHUN FAI RD|慧景園1座,春暉道",10490.0,1302,1000,"{'bay_window': '', 'flat_roof': '', 'roof': '', 'ac_platform': '', 'plant_room': '', 'garden': '', 'yard': ''}",10.49,10.49,10490,10490.0,6894258,4944258,ASP,HJL,渣甸山,1987/10,1987,39,C,13.0,1,blank,FLORA GARDEN,慧景園,False,POINT Z (22.2735198 114.1944907 0),22.2735198,114.1944907
1126,1997-01-03,"FLORA GARDEN(Block 1),CHUN FAI RD|慧景園1座,春暉道",11977.75,1533,1200,"{'bay_window': '', 'flat_roof': '', 'roof': '1037', 'ac_platform': '', 'plant_room': '', 'garden': '', 'yard': ''}",15.68,14.3733,13067,11977.75,6905867,4960740,ASP,HJL,渣甸山,1987/10,1987,39,A,20.0,1,blank,FLORA GARDEN,慧景園,True,POINT Z (22.2735198 114.1944907 0),22.2735198,114.1944907
1127,1997-03-17,"FLORA GARDEN(Block 1),CHUN FAI RD|慧景園1座,春暉道",10694.146710876756,1302,1000,"{'bay_window': '', 'flat_roof': '', 'roof': '', 'ac_platform': '', 'plant_room': '', 'garden': '', 'yard': ''}",12.0,12.0,12000,12000.0,7021586,5003709,ASP,HJL,渣甸山,1987/10,1987,39,D,8.0,1,blank,FLORA GARDEN,慧景園,False,POINT Z (22.2735198 114.1944907 0),22.2735198,114.1944907
1128,1997-05-15,"FLORA GARDEN(Block 1),CHUN FAI RD|慧景園1座,春暉道",9028.167922668026,1302,1000,"{'bay_window': '', 'flat_roof': '', 'roof': '', 'ac_platform': '', 'plant_room': '', 'garden': '', 'yard': ''}",11.7,10.53,11700,10530.0,7114727,5042911,ASP,HJL,渣甸山,1987/10,1987,39,C,10.0,1,blank,FLORA GARDEN,慧景園,True,POINT Z (22.2735198 114.1944907 0),22.2735198,114.1944907
1129,1997-07-04,"FLORA GARDEN(Block 1),CHUN FAI RD|慧景園1座,春暉道",10579.360419386308,1302,1000,"{'bay_window': '', 'flat_roof': '', 'roof': '', 'ac_platform': '', 'plant_room': '', 'garden': '', 'yard': ''}",13.8,12.420000000000002,13800,12420.000000000002,7162778,5069688,ASP,HJL,渣甸山,1987/10,1987,39,C,12.0,1,blank,FLORA GARDEN,慧景園,True,POINT Z (22.2735198 114.1944907 0),22.2735198,114.1944907
1130,1997-09-12,"FLORA GARDEN(Block 1),CHUN FAI RD|慧景園1座,春暉道",8937.935038168693,1302,1000,"{'bay_window': '', 'flat_roof': '', 'roof': '', 'ac_platform': '', 'plant_room': '', 'garden': '', 'yard': ''}",11.9,10.71,11900,10710.0,7274856,5106679,ASP,HJL,渣甸山,1987/10,1987,39,D,4.0,1,blank,FLORA GARDEN,慧景園,True,POINT Z (22.2735198 114.1944907 0),22.2735198,114.1944907
1131,1997-11-19,"FLORA GARDEN(Block 1),CHUN FAI RD|慧景園1座,春暉道",9350.76306117046,1533,1200,"{'bay_window': '', 'flat_roof': '', 'roof': '', 'ac_platform': '', 'plant_room': '', 'garden': '', 'yard': ''}",14.13,12.9525,11775,10793.75,7365851,5142534,ASP,HJL,渣甸山,1987/10,1987,39,A,2.0,1,blank,FLORA GARDEN,慧景園,True,POINT Z (22.2735198 114.1944907 0),22.2735198,114.1944907
1132,1997-11-25,"FLORA GARDEN(Block 1),CHUN FAI RD|慧景園1座,春暉道",7796.814596459444,1302,1000,"{'bay_window': '', 'flat_roof': '', 'roof': '', 'ac_platform': '', 'plant_room': '', 'garden': '', 'yard': ''}",10.0,9.0,10000,9000.0,7377423,5145064,ASP,HJL,渣甸山,1987/10,1987,39,D,2.0,1,blank,FLORA GARDEN,慧景園,True,POINT Z (22.2735198 114.1944907 0),22.2735198,114.1944907
1133,1997-12-15,"FLORA GARDEN(Block 1),CHUN FAI RD|慧景園1座,春暉道",9955.677519916357,1302,1000,"{'bay_window': '', 'flat_roof': '', 'roof': '846', 'ac_platform': '', 'plant_room': '', 'garden': '', 'yard': ''}",12.25,11.025,12250,11025.0,7392436,5149463,ASP,HJL,渣甸山,1987/10,1987,39,D,20.0,1,blank,FLORA GARDEN,慧景園,True,POINT Z (22.2735198 114.1944907 0),22.2735198,114.1944907
1134,1998-06-11,"FLORA GARDEN(Block 1),CHUN FAI RD|慧景園1座,春暉道",11270.142560116656,1533,1200,"{'bay_window': '', 'flat_roof': '', 'roof': '', 'ac_platform': '', 'plant_room': '', 'garden': '', 'yard': ''}",11.9,10.9083,9917,9090.25,7522879,5209160,ASP,HJL,渣甸山,1987/10,1987,39,A,15.0,1,blank,FLORA GARDEN,慧景園,True,POINT Z (22.2735198 114.1944907 0),22.2735198,114.1944907
1135,1998-10-07,"FLORA GARDEN(Block 1),CHUN FAI RD|慧景園1座,春暉道",8871.368262012056,1302,1000,"{'bay_window': '', 'flat_roof': '', 'roof': '', 'ac_platform': '', 'plant_room': '', 'garden': '', 'yard': ''}",6.62,5.958,6620,5958.0,7596045,52337,ASP,HJL,渣甸山,1987/10,1987,39,D,10.0,1,blank,FLORA GARDEN,慧景園,True,POINT Z (22.2735198 114.1944907 0),22.2735198,114.1944907
1136,1998-11-14,"FLORA GARDEN(Block 1),CHUN FAI RD|慧景園1座,春暉道",11119.680235669644,1533,1200,"{'bay_window': '', 'flat_roof': '', 'roof': '1037', 'ac_platform': '', 'plant_room': '', 'garden': '', 'yard': ''}",10.35,9.4875,8625,7906.25,7625485,85389,ASP,HJL,渣甸山,1987/10,1987,39,A,20.0,1,blank,FLORA GARDEN,慧景園,True,POINT Z (22.2735198 114.1944907 0),22.2735198,114.1944907
1137,1998-11-30,"FLORA GARDEN(Block 1),CHUN FAI RD|慧景園1座,春暉道",9493.481940334555,1302,1000,"{'bay_window': '', 'flat_roof': '', 'roof': '', 'ac_platform': '', 'plant_room': '', 'garden': '', 'yard': ''}",7.5,6.75,7500,6750.0,7654039,115942,ASP,HJL,渣甸山,1987/10,1987,39,C,11.0,1,blank,FLORA GARDEN,慧景園,True,POINT Z (22.2735198 114.1944907 0),22.2735198,114.1944907
1138,1998-12-22,"FLORA GARDEN(Block 1),CHUN FAI RD|慧景園1座,春暉道",9189.530100401009,1533,1200,"{'bay_window': '', 'flat_roof': '', 'roof': '', 'ac_platform': '', 'plant_room': '', 'garden': '', 'yard': ''}",8.78,8.0483,7317,6706.916666666666,7661461,121747,ASP,HJL,渣甸山,1987/10,1987,39,A,8.0,1,blank,FLORA GARDEN,慧景園,True,POINT Z (22.2735198 114.1944907 0),22.2735198,114.1944907
1139,1999-01-23,"FLORA GARDEN(Block 1),CHUN FAI RD|慧景園1座,春暉道",9699.07831116269,1302,1000,"{'bay_window': '', 'flat_roof': '', 'roof': '', 'ac_platform': '', 'plant_room': '', 'garden': '', 'yard': ''}",7.8,7.02,7800,7020.0,7681159,137201,ASP,HJL,渣甸山,1987/10,1987,39,D,8.0,1,blank,FLORA GARDEN,慧景園,True,POINT Z (22.2735198 114.1944907 0),22.2735198,114.1944907
1140,1999-01-22,"FLORA GARDEN(Block 1),CHUN FAI RD|慧景園1座,春暉道",10072.119784668948,1302,1000,"{'bay_window': '', 'flat_roof': '', 'roof': '', 'ac_platform': '', 'plant_room': '', 'garden': '', 'yard': ''}",8.1,7.289999999999999,8100,7289.999999999999,7684919,139058,ASP,HJL,渣甸山,1987/10,1987,39,D,18.0,1,blank,FLORA GARDEN,慧景園,True,POINT Z (22.2735198 114.1944907 0),22.2735198,114.1944907
1141,1999-11-29,"FLORA GARDEN(Block 1),CHUN FAI RD|慧景園1座,春暉道",9590.583254686826,1302,1000,"{'bay_window': '', 'flat_roof': '', 'roof': '', 'ac_platform': '', 'plant_room': '', 'garden': '', 'yard': ''}",7.03,6.327,7030,6327.0,7940269,348014,ASP,HJL,渣甸山,1987/10,1987,39,D,3.0,1,blank,FLORA GARDEN,慧景園,True,POINT Z (22.2735198 114.1944907 0),22.2735198,114.1944907
1142,1999-12-07,"FLORA GARDEN(Block 1),CHUN FAI RD|慧景園1座,春暉道",9884.306069465069,1302,1000,"{'bay_window': '', 'flat_roof': '', 'roof': '', 'ac_platform': '', 'plant_room': '', 'garden': '', 'yard': ''}",7.7,6.93,7700,6930.0,7946012,351417,ASP,HJL,渣甸山,1987/10,1987,39,C,6.0,1,blank,FLORA GARDEN,慧景園,True,POINT Z (22.2735198 114.1944907 0),22.2735198,114.1944907
1143,1999-12-22,"FLORA GARDEN(Block 1),CHUN FAI RD|慧景園1座,春暉道",9743.101697044136,1302,1000,"{'bay_window': '', 'flat_roof': '', 'roof': '', 'ac_platform': '', 'plant_room': '', 'garden': '', 'yard': ''}",7.59,6.831,7590,6831.0,7956174,358468,ASP,HJL,渣甸山,1987/10,1987,39,C,14.0,1,blank,FLORA GARDEN,慧景園,True,POINT Z (22.2735198 114.1944907 0),22.2735198,114.1944907
1144,2000-01-18,"FLORA GARDEN(Block 1),CHUN FAI RD|慧景園1座,春暉道",10876.199175353153,1518,1185,"{'bay_window': '', 'flat_roof': '', 'roof': '', 'ac_platform': '', 'plant_room': '', 'garden': '', 'yard': ''}",10.0,9.1561,8439,7726.666666666667,7980705,374972,ASP,HJL,渣甸山,1987/10,1987,39,B,15.0,1,blank,FLORA GARDEN,慧景園,True,POINT Z (22.2735198 114.1944907 0),22.2735198,114.1944907
1145,2000-01-26,"FLORA GARDEN(Block 1),CHUN FAI RD|慧景園1座,春暉道",9856.144947259205,1302,1000,"{'bay_window': '', 'flat_roof': '', 'roof': '', 'ac_platform': '', 'plant_room': '', 'garden': '', 'yard': ''}",7.78,7.002000000000001,7780,7002.000000000001,7988764,380432,ASP,HJL,渣甸山,1987/10,1987,39,C,10.0,1,blank,FLORA GARDEN,慧景園,True,POINT Z (22.2735198 114.1944907 0),22.2735198,114.1944907
1146,2000-01-29,"FLORA GARDEN(Block 1),CHUN FAI RD|慧景園1座,春暉道",11420.003194802115,1518,1185,"{'bay_window': '', 'flat_roof': '', 'roof': '', 'ac_platform': '', 'plant_room': '', 'garden': '', 'yard': ''}",10.5,9.6139,8861,8112.995780590717,7999764,387234,PRO-ASP,HJL,渣甸山,1987/10,1987,39,B,17.0,1,blank,FLORA GARDEN,慧景園,True,POINT Z (22.2735198 114.1944907 0),22.2735198,114.1944907
1147,2000-03-24,"FLORA GARDEN(Block 1),CHUN FAI RD|慧景園1座,春暉道",10437.586442545024,1533,1200,"{'bay_window': '', 'flat_roof': '', 'roof': '', 'ac_platform': '', 'plant_room': '', 'garden': '', 'yard': ''}",9.8,8.9833,8167,7486.083333333333,8052257,423674,ASP,HJL,渣甸山,1987/10,1987,39,A,16.0,1,blank,FLORA GARDEN,慧景園,True,POINT Z (22.2735198 114.1944907 0),22.2735198,114.1944907
1148,2000-03-22,"FLORA GARDEN(Block 1),CHUN FAI RD|慧景園1座,春暉道",9725.000670588968,1302,1000,"{'bay_window': '', 'flat_roof': '', 'roof': '', 'ac_platform': '', 'plant_room': '', 'garden': '', 'yard': ''}",7.75,6.975,7750,6975.0,8056381,426626,ASP,HJL,渣甸山,1987/10,1987,39,D,11.0,1,blank,FLORA GARDEN,慧景園,True,POINT Z (22.2735198 114.1944907 0),22.2735198,114.1944907
1149,2001-01-19,"FLORA GARDEN(Block 1),CHUN FAI RD|慧景園1座,春暉道",11104.449007204012,1302,1000,"{'bay_window': '', 'flat_roof': '', 'roof': '', 'ac_platform': '', 'plant_room': '', 'garden': '', 'yard': ''}",7.75,6.975,7750,6975.0,8308137,617309,ASP,HJL,渣甸山,1987/10,1987,39,D,7.0,1,blank,FLORA GARDEN,慧景園,True,POINT Z (22.2735198 114.1944907 0),22.2735198,114.1944907
1150,2001-05-09,"FLORA GARDEN(Block 1),CHUN FAI RD|慧景園1座,春暉道",9803.36582637942,1302,1000,"{'bay_window': '', 'flat_roof': '', 'roof': '', 'ac_platform': '', 'plant_room': '', 'garden': '', 'yard': ''}",6.75,6.075,6750,6075.0,8393904,689929,ASP,HJL,渣甸山,1987/10,1987,39,C,3.0,1,blank,FLORA GARDEN,慧景園,True,POINT Z (22.2735198 114.1944907 0),22.2735198,114.1944907
1151,2001-06-15,"FLORA GARDEN(Block 1),CHUN FAI RD|慧景園1座,春暉道",12372.88262999474,1302,1000,"{'bay_window': '', 'flat_roof': '', 'roof': '846', 'ac_platform': '', 'plant_room': '', 'garden': '', 'yard': ''}",8.5,7.65,8500,7650.0,8426904,713508,ASP,HJL,渣甸山,1987/10,1987,39,D,20.0,1,blank,FLORA GARDEN,慧景園,True,POINT Z (22.2735198 114.1944907 0),22.2735198,114.1944907
1152,2002-01-15,"FLORA GARDEN(Block 1),CHUN FAI RD|慧景園1座,春暉道",11187.1610166907,1302,1000,"{'bay_window': '', 'flat_roof': '', 'roof': '', 'ac_platform': '', 'plant_room': '', 'garden': '', 'yard': ''}",7.18,6.462,7180,6462.0,8602905,849552,ASP,HJL,渣甸山,1987/10,1987,39,C,18.0,1,blank,FLORA GARDEN,慧景園,True,POINT Z (22.2735198 114.1944907 0),22.2735198,114.1944907
1153,2004-09-30,"FLORA GARDEN(Block 1),CHUN FAI RD|慧景園1座,春暉道",9869.387403847832,1302,1000,"{'bay_window': '', 'flat_roof': '', 'roof': '', 'ac_platform': '', 'plant_room': '', 'garden': '', 'yard': ''}",7.5,6.75,7500,6750.0,9351796,1433214,ASP,HJL,渣甸山,1987/10,1987,39,D,3.0,1,blank,FLORA GARDEN,慧景園,True,POINT Z (22.2735198 114.1944907 0),22.2735198,114.1944907
1154,2004-10-18,"FLORA GARDEN(Block 1),CHUN FAI RD|慧景園1座,春暉道",10380.58160832139,1302,1000,"{'bay_window': '', 'flat_roof': '', 'roof': '', 'ac_platform': '', 'plant_room': '', 'garden': '', 'yard': ''}",8.45,7.604999999999999,8450,7604.999999999999,9375580,1450650,ASP,HJL,渣甸山,1987/10,1987,39,D,12.0,1,blank,FLORA GARDEN,慧景園,True,POINT Z (22.2735198 114.1944907 0),22.2735198,114.1944907
1155,2004-10-19,"FLORA GARDEN(Block 1),CHUN FAI RD|慧景園1座,春暉道",11073.979590846688,1518,1185,"{'bay_window': '', 'flat_roof': '', 'roof': '', 'ac_platform': '', 'plant_room': '', 'garden': '', 'yard': ''}",10.5,9.6139,8861,8112.995780590717,9376126,1453388,ASP,HJL,渣甸山,1987/10,1987,39,B,15.0,1,blank,FLORA GARDEN,慧景園,True,POINT Z (22.2735198 114.1944907 0),22.2735198,114.1944907
1156,2004-10-29,"FLORA GARDEN(Block 1),CHUN FAI RD|慧景園1座,春暉道",10417.435744208924,1302,1000,"{'bay_window': '', 'flat_roof': '', 'roof': '', 'ac_platform': '', 'plant_room': '', 'garden': '', 'yard': ''}",8.48,7.632000000000001,8480,7632.000000000001,9379586,1455807,ASP,HJL,渣甸山,1987/10,1987,39,D,13.0,1,blank,FLORA GARDEN,慧景園,True,POINT Z (22.2735198 114.1944907 0),22.2735198,114.1944907
1157,2005-01-03,"FLORA GARDEN(Block 1),CHUN FAI RD|慧景園1座,春暉道",10479.872333650288,1302,1000,"{'bay_window': '', 'flat_roof': '', 'roof': '', 'ac_platform': '', 'plant_room': '', 'garden': '', 'yard': ''}",8.768,7.8912,8768,7891.2,9456171,1514920,ASP,HJL,渣甸山,1987/10,1987,39,C,13.0,1,blank,FLORA GARDEN,慧景園,True,POINT Z (22.2735198 114.1944907 0),22.2735198,114.1944907
1158,2005-01-28,"FLORA GARDEN(Block 1),CHUN FAI RD|慧景園1座,春暉道",11159.233988693728,1533,1200,"{'bay_window': '', 'flat_roof': '', 'roof': '', 'ac_platform': '', 'plant_room': '', 'garden': '', 'yard': ''}",11.0,10.0833,9167,8402.75,5022801260151,1544661,ASP,HJL,渣甸山,1987/10,1987,39,A,11.0,1,blank,FLORA GARDEN,慧景園,True,POINT Z (22.2735198 114.1944907 0),22.2735198,114.1944907
1159,2005-03-21,"FLORA GARDEN(Block 1),CHUN FAI RD|慧景園1座,春暉道",10789.373530989034,1302,1000,"{'bay_window': '', 'flat_roof': '', 'roof': '', 'ac_platform': '', 'plant_room': '', 'garden': '', 'yard': ''}",8.85,7.965,8850,7965.0,5040602550011,1573958,ASP,HJL,渣甸山,1987/10,1987,39,D,10.0,1,blank,FLORA GARDEN,慧景園,True,POINT Z (22.2735198 114.1944907 0),22.2735198,114.1944907
1160,2005-04-28,"FLORA GARDEN(Block 1),CHUN FAI RD|慧景園1座,春暉道",11372.058356249148,1302,1000,"{'bay_window': '', 'flat_roof': '', 'roof': '', 'ac_platform': '', 'plant_room': '', 'garden': '', 'yard': ''}",9.48,8.532,9480,8532.0,5051900800100,1618487,ASP,HJL,渣甸山,1987/10,1987,39,C,15.0,1,blank,FLORA GARDEN,慧景園,True,POINT Z (22.2735198 114.1944907 0),22.2735198,114.1944907
1161,2005-12-15,"FLORA GARDEN(Block 1),CHUN FAI RD|慧景園1座,春暉道",11028.533798653423,1533,1200,"{'bay_window': '', 'flat_roof': '', 'roof': '', 'ac_platform': '', 'plant_room': '', 'garden': '', 'yard': ''}",10.5,9.625,8750,8020.833333333333,6011000900019,1798672,PRO-ASP,HJL,渣甸山,1987/10,1987,39,A,8.0,1,blank,FLORA GARDEN,慧景園,True,POINT Z (22.2735198 114.1944907 0),22.2735198,114.1944907
1162,2006-05-04,"FLORA GARDEN(Block 1),CHUN FAI RD|慧景園1座,春暉道",11613.34361944159,1302,1000,"{'bay_window': '', 'flat_roof': '', 'roof': '', 'ac_platform': '', 'plant_room': '', 'garden': '', 'yard': ''}",9.78,8.802,9780,8802.0,6052000590018,1879846,ASP,HJL,渣甸山,1987/10,1987,39,C,16.0,1,blank,FLORA GARDEN,慧景園,True,POINT Z (22.2735198 114.1944907 0),22.2735198,114.1944907
1163,2007-03-22,"FLORA GARDEN(Block 1),CHUN FAI RD|慧景園1座,春暉道",10521.107389926983,1302,1000,"{'bay_window': '', 'flat_roof': '', 'roof': '', 'ac_platform': '', 'plant_room': '', 'garden': '', 'yard': ''}",9.238,8.3142,9238,8314.2,7032902410160,2095053,ASP,HJL,渣甸山,1987/10,1987,39,C,4.0,1,blank,FLORA GARDEN,慧景園,True,POINT Z (22.2735198 114.1944907 0),22.2735198,114.1944907
1164,2007-03-22,"FLORA GARDEN(Block 1),CHUN FAI RD|慧景園1座,春暉道",12124.287476681904,1518,1185,"{'bay_window': '', 'flat_roof': '', 'roof': '', 'ac_platform': '', 'plant_room': '', 'garden': '', 'yard': ''}",12.4,11.3536,10464,9581.097046413504,7050701540397,2123911,ASP,HJL,渣甸山,1987/10,1987,39,B,15.0,1,blank,FLORA GARDEN,慧景園,True,POINT Z (22.2735198 114.1944907 0),22.2735198,114.1944907
1165,2007-05-09,"FLORA GARDEN(Block 1),CHUN FAI RD|慧景園1座,春暉道",10821.429052883792,1518,1185,"{'bay_window': '', 'flat_roof': '', 'roof': '', 'ac_platform': '', 'plant_room': '', 'garden': '', 'yard': ''}",11.675,10.6898,9852,9020.928270042194,7052302560224,2139547,ASP,HJL,渣甸山,1987/10,1987,39,B,5.0,1,blank,FLORA GARDEN,慧景園,True,POINT Z (22.2735198 114.1944907 0),22.2735198,114.1944907
1166,2007-05-17,"FLORA GARDEN(Block 1),CHUN FAI RD|慧景園1座,春暉道",11678.757371925056,1518,1185,"{'bay_window': '', 'flat_roof': '', 'roof': '', 'ac_platform': '', 'plant_room': '', 'garden': '', 'yard': ''}",12.6,11.5367,10633,9735.611814345992,7060600950036,2151636,ASP,HJL,渣甸山,1987/10,1987,39,B,17.0,1,blank,FLORA GARDEN,慧景園,True,POINT Z (22.2735198 114.1944907 0),22.2735198,114.1944907
1167,2007-11-05,"FLORA GARDEN(Block 1),CHUN FAI RD|慧景園1座,春暉道",12323.395713608705,1302,1000,"{'bay_window': '', 'flat_roof': '', 'roof': '', 'ac_platform': '', 'plant_room': '', 'garden': '', 'yard': ''}",13.0,11.7,13000,11700.0,7111902670014,2307323,PRO-ASP,HJL,渣甸山,1987/10,1987,39,C,12.0,1,blank,FLORA GARDEN,慧景園,True,POINT Z (22.2735198 114.1944907 0),22.2735198,114.1944907
1168,2007-11-11,"FLORA GARDEN(Block 1),CHUN FAI RD|慧景園1座,春暉道",12133.805010322416,1302,1000,"{'bay_window': '', 'flat_roof': '', 'roof': '', 'ac_platform': '', 'plant_room': '', 'garden': '', 'yard': ''}",12.8,11.52,12800,11520.0,7120702400042,2331138,PRO-ASP,HJL,渣甸山,1987/10,1987,39,D,6.0,1,blank,FLORA GARDEN,慧景園,True,POINT Z (22.2735198 114.1944907 0),22.2735198,114.1944907
1169,2007-11-27,"FLORA GARDEN(Block 1),CHUN FAI RD|慧景園1座,春暉道",10522.28403238897,1302,1000,"{'bay_window': '', 'flat_roof': '', 'roof': '', 'ac_platform': '', 'plant_room': '', 'garden': '', 'yard': ''}",11.1,9.99,11100,9990.0,7122401800010,2350993,PRO-ASP,HJL,渣甸山,1987/10,1987,39,C,1.0,1,blank,FLORA GARDEN,慧景園,True,POINT Z (22.2735198 114.1944907 0),22.2735198,114.1944907
1170,2008-03-04,"FLORA GARDEN(Block 1),CHUN FAI RD|慧景園1座,春暉道",11081.337354711815,1302,1000,"{'bay_window': '', 'flat_roof': '', 'roof': '', 'ac_platform': '', 'plant_room': '', 'garden': '', 'yard': ''}",13.038,11.7342,13038,11734.2,8032800200115,2459860,ASP,HJL,渣甸山,1987/10,1987,39,D,4.0,1,blank,FLORA GARDEN,慧景園,True,POINT Z (22.2735198 114.1944907 0),22.2735198,114.1944907
1171,2009-05-25,"FLORA GARDEN(Block 1),CHUN FAI RD|慧景園1座,春暉道",10536.871554639694,1302,1000,"{'bay_window': '', 'flat_roof': '', 'roof': '', 'ac_platform': '', 'plant_room': '', 'garden': '', 'yard': ''}",11.3,10.170000000000002,11300,10170.000000000002,9060302390357,2748469,ASP,HJL,渣甸山,1987/10,1987,39,D,13.0,1,blank,FLORA GARDEN,慧景園,True,POINT Z (22.2735198 114.1944907 0),22.2735198,114.1944907
1172,2009-06-12,"FLORA GARDEN(Block 1),CHUN FAI RD|慧景園1座,春暉道",10776.3479519597,1533,1200,"{'bay_window': '', 'flat_roof': '', 'roof': '', 'ac_platform': '', 'plant_room': '', 'garden': '', 'yard': ''}",14.38,13.1817,11983,10984.75,9061900480066,2764576,ASP,HJL,渣甸山,1987/10,1987,39,A,9.0,1,blank,FLORA GARDEN,慧景園,True,POINT Z (22.2735198 114.1944907 0),22.2735198,114.1944907
1173,2009-08-10,"FLORA GARDEN(Block 1),CHUN FAI RD|慧景園1座,春暉道",10625.932315077316,1518,1185,"{'bay_window': '', 'flat_roof': '', 'roof': '', 'ac_platform': '', 'plant_room': '', 'garden': '', 'yard': ''}",14.38,13.1665,12135,11110.970464135022,9082600390241,2835587,ASP,HJL,渣甸山,1987/10,1987,39,B,3.0,1,blank,FLORA GARDEN,慧景園,True,POINT Z (22.2735198 114.1944907 0),22.2735198,114.1944907
1174,2009-09-03,"FLORA GARDEN(Block 1),CHUN FAI RD|慧景園1座,春暉道",11004.65618683006,1302,1000,"{'bay_window': '', 'flat_roof': '', 'roof': '', 'ac_platform': '', 'plant_room': '', 'garden': '', 'yard': ''}",13.2,11.88,13200,11880.0,9091100540085,2852045,ASP,HJL,渣甸山,1987/10,1987,39,C,8.0,1,blank,FLORA GARDEN,慧景園,True,POINT Z (22.2735198 114.1944907 0),22.2735198,114.1944907
1175,2009-10-01,"FLORA GARDEN(Block 1),CHUN FAI RD|慧景園1座,春暉道",11761.0540040023,1302,1000,"{'bay_window': '', 'flat_roof': '', 'roof': '', 'ac_platform': '', 'plant_room': '', 'garden': '', 'yard': ''}",14.28,12.852,14280,12852.0,9102901580062,2898394,PRE-ASP,HJL,渣甸山,1987/10,1987,39,C,8.0,1,blank,FLORA GARDEN,慧景園,True,POINT Z (22.2735198 114.1944907 0),22.2735198,114.1944907
1176,2009-10-27,"FLORA GARDEN(Block 1),CHUN FAI RD|慧景園1座,春暉道",10500.941075002054,1302,1000,"{'bay_window': '', 'flat_roof': '', 'roof': '', 'ac_platform': '', 'plant_room': '', 'garden': '', 'yard': ''}",12.75,11.475,12750,11475.0,9111902920022,2920331,ASP,HJL,渣甸山,1987/10,1987,39,C,3.0,1,blank,FLORA GARDEN,慧景園,True,POINT Z (22.2735198 114.1944907 0),22.2735198,114.1944907
1177,2009-12-11,"FLORA GARDEN(Block 1),CHUN FAI RD|慧景園1座,春暉道",11400.480440075708,1302,1000,"{'bay_window': '', 'flat_roof': '', 'roof': '', 'ac_platform': '', 'plant_room': '', 'garden': '', 'yard': ''}",13.88,12.492,13880,12492.0,9122900500077,2955882,PRO-ASP,HJL,渣甸山,1987/10,1987,39,C,4.0,1,blank,FLORA GARDEN,慧景園,True,POINT Z (22.2735198 114.1944907 0),22.2735198,114.1944907
1178,2009-12-18,"FLORA GARDEN(Block 1),CHUN FAI RD|慧景園1座,春暉道",11581.179697771431,1302,1000,"{'bay_window': '', 'flat_roof': '', 'roof': '', 'ac_platform': '', 'plant_room': '', 'garden': '', 'yard': ''}",14.1,12.69,14100,12690.0,10011102650224,2968004,ASP,HJL,渣甸山,1987/10,1987,39,D,7.0,1,blank,FLORA GARDEN,慧景園,True,POINT Z (22.2735198 114.1944907 0),22.2735198,114.1944907
1179,2009-12-31,"FLORA GARDEN(Block 1),CHUN FAI RD|慧景園1座,春暉道",12221.840702329,1302,1000,"{'bay_window': '', 'flat_roof': '', 'roof': '', 'ac_platform': '', 'plant_room': '', 'garden': '', 'yard': ''}",14.88,13.392,14880,13392.0,10012802370109,2986031,ASP,HJL,渣甸山,1987/10,1987,39,C,13.0,1,blank,FLORA GARDEN,慧景園,True,POINT Z (22.2735198 114.1944907 0),22.2735198,114.1944907
1180,2010-01-11,"FLORA GARDEN(Block 1),CHUN FAI RD|慧景園1座,春暉道",11976.280706114789,1533,1200,"{'bay_window': '', 'flat_roof': '', 'roof': '', 'ac_platform': '', 'plant_room': '', 'garden': '', 'yard': ''}",17.5,16.0417,14583,13368.083333333332,10020901740155,2998180,PRE-ASP,HJL,渣甸山,1987/10,1987,39,A,5.0,1,blank,FLORA GARDEN,慧景園,True,POINT Z (22.2735198 114.1944907 0),22.2735198,114.1944907
1181,2010-01-22,"FLORA GARDEN(Block 1),CHUN FAI RD|慧景園1座,春暉道",12900.76055540644,1302,1000,"{'bay_window': '', 'flat_roof': '', 'roof': '', 'ac_platform': '', 'plant_room': '', 'garden': '', 'yard': ''}",16.0,14.4,16000,14400.0,10021203110038,3003556,ASP,HJL,渣甸山,1987/10,1987,39,C,11.0,1,blank,FLORA GARDEN,慧景園,True,POINT Z (22.2735198 114.1944907 0),22.2735198,114.1944907
1182,2010-01-23,"FLORA GARDEN(Block 1),CHUN FAI RD|慧景園1座,春暉道",12806.106592587828,1518,1185,"{'bay_window': '', 'flat_roof': '', 'roof': '', 'ac_platform': '', 'plant_room': '', 'garden': '', 'yard': ''}",18.5,16.9388,15612,14294.345991561182,10022202080081,3009704,PRE-ASP,HJL,渣甸山,1987/10,1987,39,B,11.0,1,blank,FLORA GARDEN,慧景園,True,POINT Z (22.2735198 114.1944907 0),22.2735198,114.1944907
1183,2010-11-08,"FLORA GARDEN(Block 1),CHUN FAI RD|慧景園1座,春暉道",12551.549332286497,1533,1200,"{'bay_window': '', 'flat_roof': '', 'roof': '', 'ac_platform': '', 'plant_room': '', 'garden': '', 'yard': ''}",21.48,19.69,17900,16408.333333333332,10120100470054,3315533,PRE-ASP,HJL,渣甸山,1987/10,1987,39,A,12.0,1,blank,FLORA GARDEN,慧景園,True,POINT Z (22.2735198 114.1944907 0),22.2735198,114.1944907
1184,2011-10-19,"FLORA GARDEN(Block 1),CHUN FAI RD|慧景園1座,春暉道",10336.599663233575,1302,1000,"{'bay_window': '', 'flat_roof': '', 'roof': '', 'ac_platform': '', 'plant_room': '', 'garden': '', 'yard': ''}",17.1,15.39,17100,15390.0,11111102740052,3605393,ASP,HJL,渣甸山,1987/10,1987,39,C,13.0,1,blank,FLORA GARDEN,慧景園,True,POINT Z (22.2735198 114.1944907 0),22.2735198,114.1944907
1185,2011-11-08,"FLORA GARDEN(Block 1),CHUN FAI RD|慧景園1座,春暉道",11867.553919273229,1533,1200,"{'bay_window': '', 'flat_roof': '', 'roof': '', 'ac_platform': '', 'plant_room': '', 'garden': '', 'yard': ''}",23.3,21.3583,19417,17798.583333333332,11111601440086,3607213,PRE-ASP,HJL,渣甸山,1987/10,1987,39,A,17.0,1,blank,FLORA GARDEN,慧景園,True,POINT Z (22.2735198 114.1944907 0),22.2735198,114.1944907
1186,2012-04-17,"FLORA GARDEN(Block 1),CHUN FAI RD|慧景園1座,春暉道",10208.095232724196,1302,1000,"{'bay_window': '', 'flat_roof': '', 'roof': '', 'ac_platform': '', 'plant_room': '', 'garden': '', 'yard': ''}",17.95,16.155,17950,16155.000000000002,12050400370014,3702901,PRE-ASP,HJL,渣甸山,1987/10,1987,39,D,18.0,1,blank,FLORA GARDEN,慧景園,True,POINT Z (22.2735198 114.1944907 0),22.2735198,114.1944907
1187,2012-08-17,"FLORA GARDEN(Block 1),CHUN FAI RD|慧景園1座,春暉道",10919.021267072818,1518,1185,"{'bay_window': '', 'flat_roof': '', 'roof': '', 'ac_platform': '', 'plant_room': '', 'garden': '', 'yard': ''}",22.98,21.0408,19392,17755.949367088608,12082302380011,3786239,ASP,HJL,渣甸山,1987/10,1987,39,B,11.0,1,blank,FLORA GARDEN,慧景園,True,POINT Z (22.2735198 114.1944907 0),22.2735198,114.1944907
1188,2012-10-04,"FLORA GARDEN(Block 1),CHUN FAI RD|慧景園1座,春暉道",9817.081702196698,1302,1000,"{'bay_window': '', 'flat_roof': '', 'roof': '', 'ac_platform': '', 'plant_room': '', 'garden': '', 'yard': ''}",18.8,16.92,18800,16920.0,12102200500174,3832633,ASP,HJL,渣甸山,1987/10,1987,39,D,17.0,1,blank,FLORA GARDEN,慧景園,True,POINT Z (22.2735198 114.1944907 0),22.2735198,114.1944907
1189,2013-01-17,"FLORA GARDEN(Block 1),CHUN FAI RD|慧景園1座,春暉道",12133.758941472674,1302,1000,"{'bay_window': '', 'flat_roof': '', 'roof': '846', 'ac_platform': '', 'plant_room': '', 'garden': '', 'yard': ''}",23.98,21.582,23980,21582.0,13012502380012,3912606,ASP,HJL,渣甸山,1987/10,1987,39,C,20.0,1,blank,FLORA GARDEN,慧景園,True,POINT Z (22.2735198 114.1944907 0),22.2735198,114.1944907
1190,2013-05-06,"FLORA GARDEN(Block 1),CHUN FAI RD|慧景園1座,春暉道",10761.519009097708,1533,1200,"{'bay_window': '', 'flat_roof': '', 'roof': '', 'ac_platform': '', 'plant_room': '', 'garden': '', 'yard': ''}",25.6,23.466700000000003,21333,19555.583333333336,13051600790178,3980382,ASP,HJL,渣甸山,1987/10,1987,39,A,16.0,1,blank,FLORA GARDEN,慧景園,True,POINT Z (22.2735198 114.1944907 0),22.2735198,114.1944907
1191,2013-08-01,"FLORA GARDEN(Block 1),CHUN FAI RD|慧景園1座,春暉道",9269.247632557162,1518,1185,"{'bay_window': '', 'flat_roof': '', 'roof': '', 'ac_platform': '', 'plant_room': '', 'garden': '', 'yard': ''}",21.8,19.9603,18397,16844.135021097045,13083000660173,4027084,PRE-ASP,HJL,渣甸山,1987/10,1987,39,B,10.0,1,blank,FLORA GARDEN,慧景園,True,POINT Z (22.2735198 114.1944907 0),22.2735198,114.1944907
1192,2013-09-16,"FLORA GARDEN(Block 1),CHUN FAI RD|慧景園1座,春暉道",9565.070451373484,1302,1000,"{'bay_window': '', 'flat_roof': '', 'roof': '', 'ac_platform': '', 'plant_room': '', 'garden': '', 'yard': ''}",19.2,17.28,19200,17280.0,13092400400026,4037307,ASP,HJL,渣甸山,1987/10,1987,39,D,6.0,1,blank,FLORA GARDEN,慧景園,True,POINT Z (22.2735198 114.1944907 0),22.2735198,114.1944907
1193,2013-12-06,"FLORA GARDEN(Block 1),CHUN FAI RD|慧景園1座,春暉道",9384.51494275387,1302,1000,"{'bay_window': '', 'flat_roof': '', 'roof': '', 'ac_platform': '', 'plant_room': '', 'garden': '', 'yard': ''}",19.3,17.37,19300,17370.0,13121300280018,4071325,ASP,HJL,渣甸山,1987/10,1987,39,C,14.0,1,blank,FLORA GARDEN,慧景園,True,POINT Z (22.2735198 114.1944907 0),22.2735198,114.1944907
1194,2013-12-03,"FLORA GARDEN(Block 1),CHUN FAI RD|慧景園1座,春暉道",8460.515709544614,1533,1200,"{'bay_window': '', 'flat_roof': '', 'roof': '', 'ac_platform': '', 'plant_room': '', 'garden': '', 'yard': ''}",20.5,18.7917,17083,15659.75,13121900140240,4073696,ASP,HJL,渣甸山,1987/10,1987,39,A,3.0,1,blank,FLORA GARDEN,慧景園,True,POINT Z (22.2735198 114.1944907 0),22.2735198,114.1944907
1195,2014-10-10,"FLORA GARDEN(Block 1),CHUN FAI RD|慧景園1座,春暉道",9509.995686270528,1518,1185,"{'bay_window': '', 'flat_roof': '', 'roof': '', 'ac_platform': '', 'plant_room': '', 'garden': '', 'yard': ''}",24.18,22.1395,20405,18683.1223628692,14102200450111,4227695,ASP,HJL,渣甸山,1987/10,1987,39,B,3.0,1,blank,FLORA GARDEN,慧景園,True,POINT Z (22.2735198 114.1944907 0),22.2735198,114.1944907
1196,2014-10-20,"FLORA GARDEN(Block 1),CHUN FAI RD|慧景園1座,春暉道",8612.539375724897,1302,1000,"{'bay_window': '', 'flat_roof': '', 'roof': '', 'ac_platform': '', 'plant_room': '', 'garden': '', 'yard': ''}",18.8,16.92,18800,16920.0,14103000840059,4233100,ASP,HJL,渣甸山,1987/10,1987,39,C,1.0,1,blank,FLORA GARDEN,慧景園,True,POINT Z (22.2735198 114.1944907 0),22.2735198,114.1944907
1197,2015-01-05,"FLORA GARDEN(Block 1),CHUN FAI RD|慧景園1座,春暉道",9281.720746409155,1302,1000,"{'bay_window': '', 'flat_roof': '', 'roof': '', 'ac_platform': '', 'plant_room': '', 'garden': '', 'yard': ''}",20.7,18.63,20700,18630.0,15013001270012,4288206,ASP,HJL,渣甸山,1987/10,1987,39,C,15.0,1,blank,FLORA GARDEN,慧景園,True,POINT Z (22.2735198 114.1944907 0),22.2735198,114.1944907
1198,2016-09-12,"FLORA GARDEN(Block 1),CHUN FAI RD|慧景園1座,春暉道",9952.374491162574,1302,1000,"{'bay_window': '', 'flat_roof': '', 'roof': '', 'ac_platform': '', 'plant_room': '', 'garden': '', 'yard': ''}",23.0,20.7,23000,20700.0,16092802160029,4568750,ASP,HJL,渣甸山,1987/10,1987,39,D,18.0,1,blank,FLORA GARDEN,慧景園,True,POINT Z (22.2735198 114.1944907 0),22.2735198,114.1944907
1199,2017-02-03,"FLORA GARDEN(Block 1),CHUN FAI RD|慧景園1座,春暉道",9159.957529475138,1518,1185,"{'bay_window': '', 'flat_roof': '', 'roof': '', 'ac_platform': '', 'plant_room': '', 'garden': '', 'yard': ''}",25.2,23.0734,21266,19471.223628691983,17022402090065,4654209,ASP,HJL,渣甸山,1987/10,1987,39,B,2.0,1,blank,FLORA GARDEN,慧景園,True,POINT Z (22.2735198 114.1944907 0),22.2735198,114.1944907
1200,2018-04-10,"FLORA GARDEN(Block 1),CHUN FAI RD|慧景園1座,春暉道",10923.267190062104,1533,1200,"{'bay_window': '', 'flat_roof': '', 'roof': '', 'ac_platform': '', 'plant_room': '', 'garden': '', 'yard': ''}",33.18,33.18,27650,27650.0,18050900740017,5352237,PRE-ASP,HJL,渣甸山,1987/10,1987,39,A,3.0,1,blank,FLORA GARDEN,慧景園,False,POINT Z (22.2735198 114.1944907 0),22.2735198,114.1944907
1201,2019-11-08,"FLORA GARDEN(Block 1),CHUN FAI RD|慧景園1座,春暉道",9539.128586828458,1533,1200,"{'bay_window': '', 'flat_roof': '', 'roof': '', 'ac_platform': '', 'plant_room': '', 'garden': '', 'yard': ''}",30.0,30.0,25000,25000.0,19112900440096,5647276,ASP,HJL,渣甸山,1987/10,1987,39,A,7.0,1,blank,FLORA GARDEN,慧景園,False,POINT Z (22.2735198 114.1944907 0),22.2735198,114.1944907
1202,2020-05-19,"FLORA GARDEN(Block 1),CHUN FAI RD|慧景園1座,春暉道",9731.28122477491,1302,1000,"{'bay_window': '', 'flat_roof': '', 'roof': '', 'ac_platform': '', 'plant_room': '', 'garden': '', 'yard': ''}",25.0,25.0,25000,25000.0,20052500110055,5711147,ASP,HJL,渣甸山,1987/10,1987,39,C,1.0,1,blank,FLORA GARDEN,慧景園,False,POINT Z (22.2735198 114.1944907 0),22.2735198,114.1944907
1203,2020-11-13,"FLORA GARDEN(Block 1),CHUN FAI RD|慧景園1座,春暉道",10999.017822318752,1302,1000,"{'bay_window': '', 'flat_roof': '', 'roof': '', 'ac_platform': '', 'plant_room': '', 'garden': '', 'yard': ''}",27.3,27.3,27300,27300.0,20120301770056,5815906,ASP,HJL,渣甸山,1987/10,1987,39,C,8.0,1,blank,FLORA GARDEN,慧景園,False,POINT Z (22.2735198 114.1944907 0),22.2735198,114.1944907
1204,2021-06-01,"FLORA GARDEN(Block 1),CHUN FAI RD|慧景園1座,春暉道",11000.700815334594,1518,1185,"{'bay_window': '', 'flat_roof': '', 'roof': '', 'ac_platform': '', 'plant_room': '', 'garden': '', 'yard': ''}",34.38,34.38,29013,29012.6582278481,21060900790015,5929642,ASP,HJL,渣甸山,1987/10,1987,39,B,10.0,1,blank,FLORA GARDEN,慧景園,False,POINT Z (22.2735198 114.1944907 0),22.2735198,114.1944907
1205,2021-09-17,"FLORA GARDEN(Block 1),CHUN FAI RD|慧景園1座,春暉道",10722.65202923743,1302,1000,"{'bay_window': '', 'flat_roof': '', 'roof': '', 'ac_platform': '', 'plant_room': '', 'garden': '', 'yard': ''}",27.9,27.9,27900,27900.0,21100600020019,6012050,PRO-ASP,HJL,渣甸山,1987/10,1987,39,D,6.0,1,blank,FLORA GARDEN,慧景園,False,POINT Z (22.2735198 114.1944907 0),22.2735198,114.1944907
1206,2021-12-31,"FLORA GARDEN(Block 1),CHUN FAI RD|慧景園1座,春暉道",10135.623418813077,1302,1000,"{'bay_window': '', 'flat_roof': '', 'roof': '', 'ac_platform': '', 'plant_room': '', 'garden': '', 'yard': ''}",26.2,26.2,26200,26200.0,22010601680025,6066734,ASP,HJL,渣甸山,1987/10,1987,39,D,2.0,1,blank,FLORA GARDEN,慧景園,False,POINT Z (22.2735198 114.1944907 0),22.2735198,114.1944907
1207,2022-04-20,"FLORA GARDEN(Block 1),CHUN FAI RD|慧景園1座,春暉道",11054.618410634086,1302,1000,"{'bay_window': '', 'flat_roof': '', 'roof': '', 'ac_platform': '', 'plant_room': '', 'garden': '', 'yard': ''}",27.5,27.5,27500,27500.0,22042500640015,6115321,ASP,HJL,渣甸山,1987/10,1987,39,C,11.0,1,blank,FLORA GARDEN,慧景園,False,POINT Z (22.2735198 114.1944907 0),22.2735198,114.1944907
1208,2022-06-14,"FLORA GARDEN(Block 1),CHUN FAI RD|慧景園1座,春暉道",10199.493387830316,1302,1000,"{'bay_window': '', 'flat_roof': '', 'roof': '', 'ac_platform': '', 'plant_room': '', 'garden': '', 'yard': ''}",25.3,25.3,25300,25300.0,22062300270082,6143628,ASP,HJL,渣甸山,1987/10,1987,39,D,14.0,1,blank,FLORA GARDEN,慧景園,False,POINT Z (22.2735198 114.1944907 0),22.2735198,114.1944907
1209,2024-01-18,"FLORA GARDEN(Block 1),CHUN FAI RD|慧景園1座,春暉道",11343.475532090077,1302,1000,"{'bay_window': '', 'flat_roof': '', 'roof': '', 'ac_platform': '', 'plant_room': '', 'garden': '', 'yard': ''}",21.5,21.5,21500,21500.0,24020100560022,6380231,ASP,HJL,渣甸山,1987/10,1987,39,C,17.0,1,blank,FLORA GARDEN,慧景園,False,POINT Z (22.2735198 114.1944907 0),22.2735198,114.1944907
1210,2025-08-08,"FLORA GARDEN(Block 1),CHUN FAI RD|慧景園1座,春暉道",11855.215461431788,1533,1200,"{'bay_window': '', 'flat_roof': '', 'roof': '', 'ac_platform': '', 'plant_room': '', 'garden': '', 'yard': ''}",26.63,26.63,22192,22191.666666666668,25082001260034,6640441,ASP,HJL,渣甸山,1987/10,1987,39,A,11.0,1,blank,FLORA GARDEN,慧景園,False,POINT Z (22.2735198 114.1944907 0),22.2735198,114.1944907
1211,2025-08-06,"FLORA GARDEN(Block 1),CHUN FAI RD|慧景園1座,春暉道",10641.647404809066,1302,1000,"{'bay_window': '', 'flat_roof': '', 'roof': '', 'ac_platform': '', 'plant_room': '', 'garden': '', 'yard': ''}",19.92,19.92,19920,19920.0,25082702010072,6645593,PRE-ASP,HJL,渣甸山,1987/10,1987,39,D,13.0,1,blank,FLORA GARDEN,慧景園,False,POINT Z (22.2735198 114.1944907 0),22.2735198,114.1944907
1212,1995-12-21,"SWISS TOWERS(Block 2),TAI HANG RD|瑞士花園2座,大坑道",4840.668740279938,0,1286,"{'bay_window': '', 'flat_roof': '', 'roof': '', 'ac_platform': '', 'plant_room': '', 'garden': '', 'yard': ''}",6.75,6.2251,5249,4840.668740279938,6490872,4787659,ASP,HJL,渣甸山,1971/07,1971,55,C,1.0,2,blank,SWISS TOWERS,瑞士花園,True,POINT Z (22.2734498 114.1921686 0),22.2734498,114.1921686
1213,1996-06-01,"SWISS TOWERS(Block 2),TAI HANG RD|瑞士花園2座,大坑道",6181.7262830482105,0,1286,"{'bay_window': '', 'flat_roof': '', 'roof': '', 'ac_platform': '', 'plant_room': '', 'garden': '', 'yard': ''}",8.62,7.949699999999999,6703,6181.7262830482105,6649254,4850979,ASP,HJL,渣甸山,1971/07,1971,55,C,10.0,2,blank,SWISS TOWERS,瑞士花園,True,POINT Z (22.2734498 114.1921686 0),22.2734498,114.1921686
1214,1996-06-01,"SWISS TOWERS(Block 2),TAI HANG RD|瑞士花園2座,大坑道",6382.503888024883,0,1286,"{'bay_window': '', 'flat_roof': '', 'roof': '', 'ac_platform': '', 'plant_room': '', 'garden': '', 'yard': ''}",8.9,8.2079,6921,6382.503888024883,6664521,4847863,ASP,HJL,渣甸山,1971/07,1971,55,D,12.0,2,blank,SWISS TOWERS,瑞士花園,True,POINT Z (22.2734498 114.1921686 0),22.2734498,114.1921686
1215,1996-06-25,"SWISS TOWERS(Block 2),TAI HANG RD|瑞士花園2座,大坑道",6310.808709175739,0,1286,"{'bay_window': '', 'flat_roof': '', 'roof': '', 'ac_platform': '', 'plant_room': '', 'garden': '', 'yard': ''}",8.8,8.1157,6843,6310.808709175739,6696498,4864999,ASP,HJL,渣甸山,1971/07,1971,55,D,8.0,2,blank,SWISS TOWERS,瑞士花園,True,POINT Z (22.2734498 114.1921686 0),22.2734498,114.1921686
1216,1997-01-13,"SWISS TOWERS(Block 2),TAI HANG RD|瑞士花園2座,大坑道",8247.122861586315,0,1286,"{'bay_window': '', 'flat_roof': '', 'roof': '', 'ac_platform': '', 'plant_room': '', 'garden': '', 'yard': ''}",11.5,10.6058,8942,8247.122861586315,6922547,4965431,ASP,HJL,渣甸山,1971/07,1971,55,D,15.0,2,blank,SWISS TOWERS,瑞士花園,True,POINT Z (22.2734498 114.1921686 0),22.2734498,114.1921686
1217,1997-03-21,"SWISS TOWERS(Block 2),TAI HANG RD|瑞士花園2座,大坑道",8180.481705409983,0,1286,"{'bay_window': '', 'flat_roof': '', 'roof': '', 'ac_platform': '', 'plant_room': '', 'garden': '', 'yard': ''}",12.8,11.8047,9953,9179.393468118196,7040353,5013368,ASP,HJL,渣甸山,1971/07,1971,55,C,7.0,2,blank,SWISS TOWERS,瑞士花園,True,POINT Z (22.2734498 114.1921686 0),22.2734498,114.1921686
1218,1997-06-02,"SWISS TOWERS(Block 2),TAI HANG RD|瑞士花園2座,大坑道",9577.555964557145,0,1286,"{'bay_window': '', 'flat_roof': '', 'roof': '', 'ac_platform': '', 'plant_room': '', 'garden': '', 'yard': ''}",16.5,15.217,12830,11832.814930015553,7135183,5058800,ASP,HJL,渣甸山,1971/07,1971,55,C,21.0,2,blank,SWISS TOWERS,瑞士花園,True,POINT Z (22.2734498 114.1921686 0),22.2734498,114.1921686
1219,1997-06-10,"SWISS TOWERS(Block 2),TAI HANG RD|瑞士花園2座,大坑道",6570.793767416946,0,1286,"{'bay_window': '', 'flat_roof': '', 'roof': '', 'ac_platform': '', 'plant_room': '', 'garden': '', 'yard': ''}",11.32,10.4398,8802,8118.040435458787,7152344,5066046,ASP,HJL,渣甸山,1971/07,1971,55,C,9.0,2,blank,SWISS TOWERS,瑞士花園,True,POINT Z (22.2734498 114.1921686 0),22.2734498,114.1921686
1220,1997-08-21,"SWISS TOWERS(Block 2),TAI HANG RD|瑞士花園2座,大坑道",9610.304161741122,0,1286,"{'bay_window': '', 'flat_roof': '', 'roof': '', 'ac_platform': '', 'plant_room': '', 'garden': '', 'yard': ''}",16.08,14.8296,12504,11531.570762052876,7264669,5102512,ASP,HJL,渣甸山,1971/07,1971,55,C,16.0,2,blank,SWISS TOWERS,瑞士花園,True,POINT Z (22.2734498 114.1921686 0),22.2734498,114.1921686
1221,1998-03-30,"SWISS TOWERS(Block 2),TAI HANG RD|瑞士花園2座,大坑道",5829.318804161459,0,1286,"{'bay_window': '', 'flat_roof': '', 'roof': '', 'ac_platform': '', 'plant_room': '', 'garden': '', 'yard': ''}",7.8,7.1935,6065,5593.701399688958,7459266,5183701,ASP,HJL,渣甸山,1971/07,1971,55,D,1.0,2,blank,SWISS TOWERS,瑞士花園,True,POINT Z (22.2734498 114.1921686 0),22.2734498,114.1921686
1222,1998-05-29,"SWISS TOWERS(Block 2),TAI HANG RD|瑞士花園2座,大坑道",7171.055878822462,0,1286,"{'bay_window': '', 'flat_roof': '', 'roof': '', 'ac_platform': '', 'plant_room': '', 'garden': '', 'yard': ''}",9.0,8.3002,6998,6454.276827371696,7501356,5201051,ASP,HJL,渣甸山,1971/07,1971,55,D,7.0,2,blank,SWISS TOWERS,瑞士花園,True,POINT Z (22.2734498 114.1921686 0),22.2734498,114.1921686
1223,1999-01-27,"SWISS TOWERS(Block 2),TAI HANG RD|瑞士花園2座,大坑道",8421.957579677297,0,1286,"{'bay_window': '', 'flat_roof': '', 'roof': '', 'ac_platform': '', 'plant_room': '', 'garden': '', 'yard': ''}",8.5,7.839,6610,6095.645412130638,7686136,141834,ASP,HJL,渣甸山,1971/07,1971,55,C,16.0,2,blank,SWISS TOWERS,瑞士花園,True,POINT Z (22.2734498 114.1921686 0),22.2734498,114.1921686
1224,1999-02-26,"SWISS TOWERS(Block 2),TAI HANG RD|瑞士花園2座,大坑道",7984.098843307909,0,1286,"{'bay_window': '', 'flat_roof': '', 'roof': '', 'ac_platform': '', 'plant_room': '', 'garden': '', 'yard': ''}",8.23,7.590000000000001,6400,5902.021772939347,7717749,167245,ASP,HJL,渣甸山,1971/07,1971,55,C,20.0,2,blank,SWISS TOWERS,瑞士花園,True,POINT Z (22.2734498 114.1921686 0),22.2734498,114.1921686
1225,1999-12-03,"SWISS TOWERS(Block 2),TAI HANG RD|瑞士花園2座,大坑道",7824.834408367498,0,1286,"{'bay_window': '', 'flat_roof': '', 'roof': '', 'ac_platform': '', 'plant_room': '', 'garden': '', 'yard': ''}",7.65,7.0551,5949,5486.0808709175735,7940351,348026,ASP,HJL,渣甸山,1971/07,1971,55,D,12.0,2,blank,SWISS TOWERS,瑞士花園,True,POINT Z (22.2734498 114.1921686 0),22.2734498,114.1921686
1226,2000-04-20,"SWISS TOWERS(Block 2),TAI HANG RD|瑞士花園2座,大坑道",7794.898240814799,0,1286,"{'bay_window': '', 'flat_roof': '', 'roof': '', 'ac_platform': '', 'plant_room': '', 'garden': '', 'yard': ''}",7.45,6.8707,5793,5342.690513219284,8088285,453313,ASP,HJL,渣甸山,1971/07,1971,55,D,11.0,2,blank,SWISS TOWERS,瑞士花園,True,POINT Z (22.2734498 114.1921686 0),22.2734498,114.1921686
1227,2002-05-03,"SWISS TOWERS(Block 2),TAI HANG RD|瑞士花園2座,大坑道",8248.363681064357,0,1286,"{'bay_window': '', 'flat_roof': '', 'roof': '', 'ac_platform': '', 'plant_room': '', 'garden': '', 'yard': ''}",6.48,5.976100000000001,5039,4647.045101088647,8680455,906738,ASP,HJL,渣甸山,1971/07,1971,55,D,6.0,2,blank,SWISS TOWERS,瑞士花園,True,POINT Z (22.2734498 114.1921686 0),22.2734498,114.1921686
1228,2003-12-15,"SWISS TOWERS(Block 2),TAI HANG RD|瑞士花園2座,大坑道",8889.723352866979,0,1286,"{'bay_window': '', 'flat_roof': '', 'roof': '', 'ac_platform': '', 'plant_room': '', 'garden': '', 'yard': ''}",6.91,6.3727,5373,4955.443234836703,9098894,1238954,PRO-ASP,HJL,渣甸山,1971/07,1971,55,C,7.0,2,blank,SWISS TOWERS,瑞士花園,True,POINT Z (22.2734498 114.1921686 0),22.2734498,114.1921686
1229,2004-06-09,"SWISS TOWERS(Block 2),TAI HANG RD|瑞士花園2座,大坑道",6442.269966576923,0,1286,"{'bay_window': '', 'flat_roof': '', 'roof': '', 'ac_platform': '', 'plant_room': '', 'garden': '', 'yard': ''}",6.28,5.7917000000000005,4883,4503.654743390359,9252033,1363427,ASP,HJL,渣甸山,1971/07,1971,55,D,1.0,2,blank,SWISS TOWERS,瑞士花園,True,POINT Z (22.2734498 114.1921686 0),22.2734498,114.1921686
1230,2004-09-22,"SWISS TOWERS(Block 2),TAI HANG RD|瑞士花園2座,大坑道",7633.440480467021,0,1286,"{'bay_window': '', 'flat_roof': '', 'roof': '', 'ac_platform': '', 'plant_room': '', 'garden': '', 'yard': ''}",7.28,6.713900000000001,5661,5220.76205287714,9348259,1429948,ASP,HJL,渣甸山,1971/07,1971,55,C,2.0,2,blank,SWISS TOWERS,瑞士花園,True,POINT Z (22.2734498 114.1921686 0),22.2734498,114.1921686
1231,2004-09-27,"SWISS TOWERS(Block 2),TAI HANG RD|瑞士花園2座,大坑道",8136.77298477938,0,1286,"{'bay_window': '', 'flat_roof': '', 'roof': '', 'ac_platform': '', 'plant_room': '', 'garden': '', 'yard': ''}",7.76,7.1566,6034,5565.007776049767,9355509,1436064,ASP,HJL,渣甸山,1971/07,1971,55,C,6.0,2,blank,SWISS TOWERS,瑞士花園,True,POINT Z (22.2734498 114.1921686 0),22.2734498,114.1921686
1232,2005-03-22,"SWISS TOWERS(Block 2),TAI HANG RD|瑞士花園2座,大坑道",8791.509930371289,0,1286,"{'bay_window': '', 'flat_roof': '', 'roof': '', 'ac_platform': '', 'plant_room': '', 'garden': '', 'yard': ''}",9.05,8.346300000000001,7037,6490.124416796269,5033100660040,1569196,ASP,HJL,渣甸山,1971/07,1971,55,C,7.0,2,blank,SWISS TOWERS,瑞士花園,True,POINT Z (22.2734498 114.1921686 0),22.2734498,114.1921686
1233,2005-09-06,"SWISS TOWERS(Block 2),TAI HANG RD|瑞士花園2座,大坑道",10041.870876906709,0,1286,"{'bay_window': '', 'flat_roof': '', 'roof': '', 'ac_platform': '', 'plant_room': '', 'garden': '', 'yard': ''}",11.0,10.1446,8554,7888.491446345257,5092301840010,1730850,ASP,HJL,渣甸山,1971/07,1971,55,C,20.0,2,blank,SWISS TOWERS,瑞士花園,True,POINT Z (22.2734498 114.1921686 0),22.2734498,114.1921686
1234,2005-09-20,"SWISS TOWERS(Block 2),TAI HANG RD|瑞士花園2座,大坑道",9402.907521915551,0,1286,"{'bay_window': '', 'flat_roof': '', 'roof': '', 'ac_platform': '', 'plant_room': '', 'garden': '', 'yard': ''}",10.3,9.4991,8009,7386.547433903577,5100602170012,1739310,ASP,HJL,渣甸山,1971/07,1971,55,C,17.0,2,blank,SWISS TOWERS,瑞士花園,True,POINT Z (22.2734498 114.1921686 0),22.2734498,114.1921686
1235,2005-09-21,"SWISS TOWERS(Block 2),TAI HANG RD|瑞士花園2座,大坑道",9129.009519861247,0,1286,"{'bay_window': '', 'flat_roof': '', 'roof': '', 'ac_platform': '', 'plant_room': '', 'garden': '', 'yard': ''}",10.0,9.2224,7776,7171.384136858476,5101001590022,1741591,ASP,HJL,渣甸山,1971/07,1971,55,C,10.0,2,blank,SWISS TOWERS,瑞士花園,True,POINT Z (22.2734498 114.1921686 0),22.2734498,114.1921686
1236,2006-02-15,"SWISS TOWERS(Block 2),TAI HANG RD|瑞士花園2座,大坑道",10424.447325049456,0,1286,"{'bay_window': '', 'flat_roof': '', 'roof': '', 'ac_platform': '', 'plant_room': '', 'garden': '', 'yard': ''}",10.95,10.0985,8515,7852.643856920684,6031000250106,1833352,PRO-ASP,HJL,渣甸山,1971/07,1971,55,C,7.0,2,blank,SWISS TOWERS,瑞士花園,True,POINT Z (22.2734498 114.1921686 0),22.2734498,114.1921686
1237,2006-04-07,"SWISS TOWERS(Block 2),TAI HANG RD|瑞士花園2座,大坑道",11508.011446313676,0,1286,"{'bay_window': '', 'flat_roof': '', 'roof': '', 'ac_platform': '', 'plant_room': '', 'garden': '', 'yard': ''}",12.2,11.2513,9487,8749.066874027994,6042000460014,1859677,ASP,HJL,渣甸山,1971/07,1971,55,C,21.0,2,blank,SWISS TOWERS,瑞士花園,True,POINT Z (22.2734498 114.1921686 0),22.2734498,114.1921686
1238,2006-04-20,"SWISS TOWERS(Block 2),TAI HANG RD|瑞士花園2座,大坑道",11960.812159767502,0,1286,"{'bay_window': '', 'flat_roof': '', 'roof': '', 'ac_platform': '', 'plant_room': '', 'garden': '', 'yard': ''}",12.68,11.694,9860,9093.312597200622,6051201470064,1875298,ASP,HJL,渣甸山,1971/07,1971,55,D,15.0,2,blank,SWISS TOWERS,瑞士花園,True,POINT Z (22.2734498 114.1921686 0),22.2734498,114.1921686
1239,2007-01-31,"SWISS TOWERS(Block 2),TAI HANG RD|瑞士花園2座,大坑道",12361.628931988593,0,1286,"{'bay_window': '', 'flat_roof': '', 'roof': '', 'ac_platform': '', 'plant_room': '', 'garden': '', 'yard': ''}",13.8,12.7269,10731,9896.500777604975,7022401360012,2072906,ASP,HJL,渣甸山,1971/07,1971,55,D,17.0,2,blank,SWISS TOWERS,瑞士花園,True,POINT Z (22.2734498 114.1921686 0),22.2734498,114.1921686
1240,2007-08-06,"SWISS TOWERS(Block 2),TAI HANG RD|瑞士花園2座,大坑道",14292.850666474527,0,1286,"{'bay_window': '', 'flat_roof': '', 'roof': '', 'ac_platform': '', 'plant_room': '', 'garden': '', 'yard': ''}",16.9,15.5858,13142,12119.595645412131,7082201240017,2225314,ASP,HJL,渣甸山,1971/07,1971,55,D,20.0,2,blank,SWISS TOWERS,瑞士花園,True,POINT Z (22.2734498 114.1921686 0),22.2734498,114.1921686
1241,2007-10-17,"SWISS TOWERS(Block 2),TAI HANG RD|瑞士花園2座,大坑道",11895.261633066391,0,1286,"{'bay_window': '', 'flat_roof': '', 'roof': '', 'ac_platform': '', 'plant_room': '', 'garden': '', 'yard': ''}",13.8,13.8,10731,10730.94867807154,7103001180069,2284877,PRO-ASP,HJL,渣甸山,1971/07,1971,55,C,14.0,2,blank,SWISS TOWERS,瑞士花園,False,POINT Z (22.2734498 114.1921686 0),22.2734498,114.1921686
1242,2008-07-04,"SWISS TOWERS(Block 2),TAI HANG RD|瑞士花園2座,大坑道",11353.324259830884,0,1286,"{'bay_window': '', 'flat_roof': '', 'roof': '', 'ac_platform': '', 'plant_room': '', 'garden': '', 'yard': ''}",17.0,15.6781,13219,12191.368584758942,8071700480075,2563387,ASP,HJL,渣甸山,1971/06,1971,55,C,16.0,2,blank,SWISS TOWERS,瑞士花園,True,POINT Z (22.2734498 114.1921686 0),22.2734498,114.1921686
1243,2008-11-06,"SWISS TOWERS(Block 2),TAI HANG RD|瑞士花園2座,大坑道",12136.079159115949,0,1286,"{'bay_window': '', 'flat_roof': '', 'roof': '', 'ac_platform': '', 'plant_room': '', 'garden': '', 'yard': ''}",13.1,13.1,10187,10186.625194401244,8111300880014,2636020,ASP,HJL,渣甸山,1971/07,1971,55,C,14.0,2,blank,SWISS TOWERS,瑞士花園,False,POINT Z (22.2734498 114.1921686 0),22.2734498,114.1921686
1244,2009-06-23,"SWISS TOWERS(Block 2),TAI HANG RD|瑞士花園2座,大坑道",9708.744931501487,0,1286,"{'bay_window': '', 'flat_roof': '', 'roof': '', 'ac_platform': '', 'plant_room': '', 'garden': '', 'yard': ''}",13.8,12.7269,10731,9896.500777604975,9072101500044,2796967,ASP,HJL,渣甸山,1971/06,1971,55,C,2.0,2,blank,SWISS TOWERS,瑞士花園,True,POINT Z (22.2734498 114.1921686 0),22.2734498,114.1921686
1245,2009-09-15,"SWISS TOWERS(Block 2),TAI HANG RD|瑞士花園2座,大坑道",9399.821297558025,0,1286,"{'bay_window': '', 'flat_roof': '', 'roof': '', 'ac_platform': '', 'plant_room': '', 'garden': '', 'yard': ''}",14.15,13.0497,11003,10147.511664074653,9100901890122,2880437,PRO-ASP,HJL,渣甸山,1971/06,1971,55,D,3.0,2,blank,SWISS TOWERS,瑞士花園,True,POINT Z (22.2734498 114.1921686 0),22.2734498,114.1921686
1246,2013-01-25,"SWISS TOWERS(Block 2),TAI HANG RD|瑞士花園2座,大坑道",11208.614454688524,0,1286,"{'bay_window': '', 'flat_roof': '', 'roof': '', 'ac_platform': '', 'plant_room': '', 'garden': '', 'yard': ''}",27.8,25.6383,21617,19936.46967340591,13020702430047,3922779,ASP,HJL,渣甸山,1971/06,1971,55,C,11.0,2,blank,SWISS TOWERS,瑞士花園,True,POINT Z (22.2734498 114.1921686 0),22.2734498,114.1921686
1247,2017-05-02,"SWISS TOWERS(Block 2),TAI HANG RD|瑞士花園2座,大坑道",9844.014443317248,0,1286,"{'bay_window': '', 'flat_roof': '', 'roof': '', 'ac_platform': '', 'plant_room': '', 'garden': '', 'yard': ''}",30.8,28.405,23950,22087.86936236392,17052901240052,4708950,PRO-ASP,HJL,渣甸山,1971/06,1971,55,D,16.0,2,blank,SWISS TOWERS,瑞士花園,True,POINT Z (22.2734498 114.1921686 0),22.2734498,114.1921686
1248,2018-02-08,"SWISS TOWERS(Block 2),TAI HANG RD|瑞士花園2座,大坑道",9042.449661738165,0,1286,"{'bay_window': '', 'flat_roof': '', 'roof': '', 'ac_platform': '', 'plant_room': '', 'garden': '', 'yard': ''}",28.5,28.5,22162,22161.741835147743,18030602410015,5314383,ASP,HJL,渣甸山,1971/06,1971,55,C,16.0,2,blank,SWISS TOWERS,瑞士花園,False,POINT Z (22.2734498 114.1921686 0),22.2734498,114.1921686
1249,2020-03-24,"SWISS TOWERS(Block 2),TAI HANG RD|瑞士花園2座,大坑道",11227.196248222412,0,1286,"{'bay_window': '', 'flat_roof': '', 'roof': '', 'ac_platform': '', 'plant_room': '', 'garden': '', 'yard': ''}",36.89,36.89,28686,28685.84758942457,20040800860010,5694243,ASP,HJL,渣甸山,1971/06,1971,55,C,21.0,2,blank,SWISS TOWERS,瑞士花園,False,POINT Z (22.2734498 114.1921686 0),22.2734498,114.1921686
1250,2021-05-25,"SWISS TOWERS(Block 2),TAI HANG RD|瑞士花園2座,大坑道",9261.384962472068,0,1286,"{'bay_window': '', 'flat_roof': '', 'roof': '', 'ac_platform': '', 'plant_room': '', 'garden': '', 'yard': ''}",30.3,30.3,23561,23561.43079315708,21062300150076,5938836,PRE-ASP,HJL,渣甸山,1971/06,1971,55,D,3.0,2,blank,SWISS TOWERS,瑞士花園,False,POINT Z (22.2734498 114.1921686 0),22.2734498,114.1921686
1251,2021-07-30,"SWISS TOWERS(Block 2),TAI HANG RD|瑞士花園2座,大坑道",10353.466275926812,0,1286,"{'bay_window': '', 'flat_roof': '', 'roof': '', 'ac_platform': '', 'plant_room': '', 'garden': '', 'yard': ''}",34.75,34.75,27022,27021.77293934681,21081001570014,5974478,ASP,HJL,渣甸山,1971/06,1971,55,D,12.0,2,blank,SWISS TOWERS,瑞士花園,False,POINT Z (22.2734498 114.1921686 0),22.2734498,114.1921686
1252,2023-01-13,"SWISS TOWERS(Block 2),TAI HANG RD|瑞士花園2座,大坑道",9800.096631394355,0,1286,"{'bay_window': '', 'flat_roof': '', 'roof': '', 'ac_platform': '', 'plant_room': '', 'garden': '', 'yard': ''}",27.8,27.8,21617,21617.41835147745,23021700290030,6239455,PRE-ASP,HJL,渣甸山,1971/06,1971,55,C,19.0,2,blank,SWISS TOWERS,瑞士花園,False,POINT Z (22.2734498 114.1921686 0),22.2734498,114.1921686
1253,2025-07-11,"SWISS TOWERS(Block 2),TAI HANG RD|瑞士花園2座,大坑道",10607.396986273106,0,1286,"{'bay_window': '', 'flat_roof': '', 'roof': '', 'ac_platform': '', 'plant_room': '', 'garden': '', 'yard': ''}",25.0,25.0,19440,19440.12441679627,25072900360011,6627092,ASP,HJL,渣甸山,1971/06,1971,55,D,16.0,2,blank,SWISS TOWERS,瑞士花園,False,POINT Z (22.2734498 114.1921686 0),22.2734498,114.1921686
1254,1995-12-28,"CAVENDISH HEIGHTS(Block 3),PERKINS RD|嘉雲臺3座,白建時道",8019.073203492277,1819,1489,"{'bay_window': '', 'flat_roof': '', 'roof': '', 'ac_platform': '', 'plant_room': '', 'garden': '', 'yard': ''}",12.8,11.9404,8596,8019.073203492277,6504622,4790435,ASP,HJL,渣甸山,1986/12,1986,40,B,23.0,3,blank,CAVENDISH HEIGHTS,嘉雲臺,True,POINT Z (22.2704416 114.1924472 0),22.2704416,114.1924472
1255,1996-02-02,"CAVENDISH HEIGHTS(Block 3),PERKINS RD|嘉雲臺3座,白建時道",7893.754197447952,1819,1489,"{'bay_window': '47', 'flat_roof': '', 'roof': '', 'ac_platform': '', 'plant_room': '', 'garden': '', 'yard': ''}",12.6,11.7538,8462,7893.754197447952,6538906,4801649,ASP,HJL,渣甸山,1986/12,1986,40,B,19.0,3,blank,CAVENDISH HEIGHTS,嘉雲臺,True,POINT Z (22.2704416 114.1924472 0),22.2704416,114.1924472
1256,1996-06-01,"CAVENDISH HEIGHTS(Block 3),PERKINS RD|嘉雲臺3座,白建時道",9146.742780389524,1819,1489,"{'bay_window': '', 'flat_roof': '', 'roof': '', 'ac_platform': '', 'plant_room': '', 'garden': '', 'yard': ''}",14.6,13.6195,9805,9146.742780389524,6660869,4846654,ASP,HJL,渣甸山,1986/12,1986,40,B,14.0,3,blank,CAVENDISH HEIGHTS,嘉雲臺,True,POINT Z (22.2704416 114.1924472 0),22.2704416,114.1924472
1257,1996-06-01,"CAVENDISH HEIGHTS(Block 3),PERKINS RD|嘉雲臺3座,白建時道",8946.27266621894,1819,1489,"{'bay_window': '', 'flat_roof': '', 'roof': '', 'ac_platform': '', 'plant_room': '', 'garden': '', 'yard': ''}",14.28,13.321,9590,8946.27266621894,6677331,4857017,ASP,HJL,渣甸山,1986/12,1986,40,A,4.0,3,blank,CAVENDISH HEIGHTS,嘉雲臺,True,POINT Z (22.2704416 114.1924472 0),22.2704416,114.1924472
1258,1996-07-15,"CAVENDISH HEIGHTS(Block 3),PERKINS RD|嘉雲臺3座,白建時道",9178.03895231699,1819,1489,"{'bay_window': '47', 'flat_roof': '', 'roof': '', 'ac_platform': '', 'plant_room': '', 'garden': '', 'yard': ''}",14.65,13.6661,9839,9178.03895231699,6700150,4863408,ASP,HJL,渣甸山,1986/12,1986,40,A,19.0,3,blank,CAVENDISH HEIGHTS,嘉雲臺,True,POINT Z (22.2704416 114.1924472 0),22.2704416,114.1924472
1259,1996-10-18,"CAVENDISH HEIGHTS(Block 3),PERKINS RD|嘉雲臺3座,白建時道",9961.182001343182,1819,1489,"{'bay_window': '', 'flat_roof': '', 'roof': '', 'ac_platform': '', 'plant_room': '', 'garden': '', 'yard': ''}",15.9,14.8322,10678,9961.182001343182,6804280,4896104,ASP,HJL,渣甸山,1986/12,1986,40,B,18.0,3,blank,CAVENDISH HEIGHTS,嘉雲臺,True,POINT Z (22.2704416 114.1924472 0),22.2704416,114.1924472
1260,1996-12-06,"CAVENDISH HEIGHTS(Block 3),PERKINS RD|嘉雲臺3座,白建時道",11276.762928139691,1819,1489,"{'bay_window': '47', 'flat_roof': '', 'roof': '', 'ac_platform': '', 'plant_room': '', 'garden': '', 'yard': ''}",18.0,16.7911,12089,11276.762928139691,6873376,4929580,ASP,HJL,渣甸山,1986/12,1986,40,B,25.0,3,blank,CAVENDISH HEIGHTS,嘉雲臺,True,POINT Z (22.2704416 114.1924472 0),22.2704416,114.1924472
1261,1997-01-03,"CAVENDISH HEIGHTS(Block 3),PERKINS RD|嘉雲臺3座,白建時道",10825.721961047684,1819,1489,"{'bay_window': '', 'flat_roof': '', 'roof': '', 'ac_platform': '', 'plant_room': '', 'garden': '', 'yard': ''}",17.28,16.119500000000002,11605,10825.721961047684,6917519,4964015,ASP,HJL,渣甸山,1986/12,1986,40,A,6.0,3,blank,CAVENDISH HEIGHTS,嘉雲臺,True,POINT Z (22.2704416 114.1924472 0),22.2704416,114.1924472
1262,1997-02-06,"CAVENDISH HEIGHTS(Block 3),PERKINS RD|嘉雲臺3座,白建時道",12669.504743377498,1819,1489,"{'bay_window': '', 'flat_roof': '', 'roof': '', 'ac_platform': '', 'plant_room': '', 'garden': '', 'yard': ''}",20.7,19.3098,13902,12968.300873069174,6975776,4979341,PRO-ASP,HJL,渣甸山,1986/12,1986,40,A,12.0,3,blank,CAVENDISH HEIGHTS,嘉雲臺,True,POINT Z (22.2704416 114.1924472 0),22.2704416,114.1924472
1263,1997-02-26,"CAVENDISH HEIGHTS(Block 3),PERKINS RD|嘉雲臺3座,白建時道",13465.178877873655,1819,1489,"{'bay_window': '47', 'flat_roof': '', 'roof': '', 'ac_platform': '', 'plant_room': '', 'garden': '', 'yard': ''}",22.0,20.5225,14775,13782.740094022834,6976181,4979391,ASP,HJL,渣甸山,1986/12,1986,40,A,20.0,3,blank,CAVENDISH HEIGHTS,嘉雲臺,True,POINT Z (22.2704416 114.1924472 0),22.2704416,114.1924472
1264,1997-03-22,"CAVENDISH HEIGHTS(Block 3),PERKINS RD|嘉雲臺3座,白建時道",11612.916837128543,1819,1489,"{'bay_window': '', 'flat_roof': '', 'roof': '', 'ac_platform': '', 'plant_room': '', 'garden': '', 'yard': ''}",20.8,19.4031,13969,13030.960376091336,7066516,5025365,ASP,HJL,渣甸山,1986/12,1986,40,A,8.0,3,blank,CAVENDISH HEIGHTS,嘉雲臺,True,POINT Z (22.2704416 114.1924472 0),22.2704416,114.1924472
1265,1997-04-09,"CAVENDISH HEIGHTS(Block 3),PERKINS RD|嘉雲臺3座,白建時道",12808.691219164104,1819,1489,"{'bay_window': '47', 'flat_roof': '', 'roof': '', 'ac_platform': '', 'plant_room': '', 'garden': '', 'yard': ''}",22.8,21.2688,15312,14283.948959032909,7099362,5037069,ASP,HJL,渣甸山,1986/12,1986,40,B,11.0,3,blank,CAVENDISH HEIGHTS,嘉雲臺,True,POINT Z (22.2704416 114.1924472 0),22.2704416,114.1924472
1266,1997-05-27,"CAVENDISH HEIGHTS(Block 3),PERKINS RD|嘉雲臺3座,白建時道",12466.210617383624,1819,1489,"{'bay_window': '47', 'flat_roof': '', 'roof': '', 'ac_platform': '', 'plant_room': '', 'garden': '', 'yard': ''}",21.65,21.65,14540,14539.959704499664,7113451,5042670,ASP,HJL,渣甸山,1986/12,1986,40,B,19.0,3,blank,CAVENDISH HEIGHTS,嘉雲臺,False,POINT Z (22.2704416 114.1924472 0),22.2704416,114.1924472
1267,1997-04-10,"CAVENDISH HEIGHTS(Block 3),PERKINS RD|嘉雲臺3座,白建時道",13201.946850234694,1819,1489,"{'bay_window': '', 'flat_roof': '', 'roof': '', 'ac_platform': '', 'plant_room': '', 'garden': '', 'yard': ''}",23.5,21.9218,15782,14722.49832102082,7143616,5050000,SUB-ASP,HJL,渣甸山,1986/12,1986,40,A,12.0,3,blank,CAVENDISH HEIGHTS,嘉雲臺,True,POINT Z (22.2704416 114.1924472 0),22.2704416,114.1924472
1268,1997-06-02,"CAVENDISH HEIGHTS(Block 3),PERKINS RD|嘉雲臺3座,白建時道",11991.010423366168,1819,1489,"{'bay_window': '', 'flat_roof': '', 'roof': '', 'ac_platform': '', 'plant_room': '', 'garden': '', 'yard': ''}",23.647,22.0589,15881,14814.573539288112,7165993,5070293,ASP,HJL,渣甸山,1986/12,1986,40,B,15.0,3,blank,CAVENDISH HEIGHTS,嘉雲臺,True,POINT Z (22.2704416 114.1924472 0),22.2704416,114.1924472
1269,1997-10-13,"CAVENDISH HEIGHTS(Block 3),PERKINS RD|嘉雲臺3座,白建時道",11723.868116558942,1819,1489,"{'bay_window': '47', 'flat_roof': '', 'roof': '', 'ac_platform': '', 'plant_room': '', 'garden': '', 'yard': ''}",23.0,21.4553,15447,14409.200805910006,7325322,5127205,ASP,HJL,渣甸山,1986/12,1986,40,A,25.0,3,blank,CAVENDISH HEIGHTS,嘉雲臺,True,POINT Z (22.2704416 114.1924472 0),22.2704416,114.1924472
1270,1998-07-20,"CAVENDISH HEIGHTS(Block 3),PERKINS RD|嘉雲臺3座,白建時道",9928.632237814272,1819,1489,"{'bay_window': '', 'flat_roof': '', 'roof': '', 'ac_platform': '', 'plant_room': '', 'garden': '', 'yard': ''}",12.0,11.1941,8059,7517.864338482203,7540986,3622,ASP,HJL,渣甸山,1986/12,1986,40,B,14.0,3,blank,CAVENDISH HEIGHTS,嘉雲臺,True,POINT Z (22.2704416 114.1924472 0),22.2704416,114.1924472
1271,1998-07-16,"CAVENDISH HEIGHTS(Block 3),PERKINS RD|嘉雲臺3座,白建時道",9829.293585253085,1819,1489,"{'bay_window': '', 'flat_roof': '', 'roof': '', 'ac_platform': '', 'plant_room': '', 'garden': '', 'yard': ''}",11.88,11.0821,7979,7442.646071188717,7544454,9030,ASP,HJL,渣甸山,1986/12,1986,40,A,6.0,3,blank,CAVENDISH HEIGHTS,嘉雲臺,True,POINT Z (22.2704416 114.1924472 0),22.2704416,114.1924472
1272,1998-08-31,"CAVENDISH HEIGHTS(Block 3),PERKINS RD|嘉雲臺3座,白建時道",11383.166653947206,1819,1489,"{'bay_window': '', 'flat_roof': '', 'roof': '', 'ac_platform': '', 'plant_room': '', 'garden': '', 'yard': ''}",12.8,11.9404,8596,8019.073203492277,7573094,33020,ASP,HJL,渣甸山,1986/12,1986,40,B,20.0,3,blank,CAVENDISH HEIGHTS,嘉雲臺,True,POINT Z (22.2704416 114.1924472 0),22.2704416,114.1924472
1273,1998-11-06,"CAVENDISH HEIGHTS(Block 3),PERKINS RD|嘉雲臺3座,白建時道",9516.104022514595,1819,1489,"{'bay_window': '', 'flat_roof': '', 'roof': '', 'ac_platform': '', 'plant_room': '', 'garden': '', 'yard': ''}",10.8,10.0747,7253,6766.084620550705,7639577,101676,ASP,HJL,渣甸山,1986/12,1986,40,A,4.0,3,blank,CAVENDISH HEIGHTS,嘉雲臺,True,POINT Z (22.2704416 114.1924472 0),22.2704416,114.1924472
1274,1998-12-18,"CAVENDISH HEIGHTS(Block 3),PERKINS RD|嘉雲臺3座,白建時道",10729.830709121145,1819,1489,"{'bay_window': '', 'flat_roof': '', 'roof': '', 'ac_platform': '', 'plant_room': '', 'garden': '', 'yard': ''}",12.5,11.6605,8395,7831.094694425789,7658146,118621,ASP,HJL,渣甸山,1986/12,1986,40,A,22.0,3,blank,CAVENDISH HEIGHTS,嘉雲臺,True,POINT Z (22.2704416 114.1924472 0),22.2704416,114.1924472
1275,1999-03-15,"CAVENDISH HEIGHTS(Block 3),PERKINS RD|嘉雲臺3座,白建時道",10565.081452064333,1819,1489,"{'bay_window': '', 'flat_roof': '', 'roof': '', 'ac_platform': '', 'plant_room': '', 'garden': '', 'yard': ''}",11.98,11.1754,8046,7505.30557421088,7730961,178066,ASP,HJL,渣甸山,1986/12,1986,40,B,5.0,3,blank,CAVENDISH HEIGHTS,嘉雲臺,True,POINT Z (22.2704416 114.1924472 0),22.2704416,114.1924472
1276,1999-05-13,"CAVENDISH HEIGHTS(Block 3),PERKINS RD|嘉雲臺3座,白建時道",11124.502687056603,1819,1489,"{'bay_window': '', 'flat_roof': '', 'roof': '', 'ac_platform': '', 'plant_room': '', 'garden': '', 'yard': ''}",13.08,12.2016,8784,8194.492948287441,7768623,219701,ASP,HJL,渣甸山,1986/12,1986,40,A,18.0,3,blank,CAVENDISH HEIGHTS,嘉雲臺,True,POINT Z (22.2704416 114.1924472 0),22.2704416,114.1924472
1277,1999-08-03,"CAVENDISH HEIGHTS(Block 3),PERKINS RD|嘉雲臺3座,白建時道",9504.514213683826,1819,1489,"{'bay_window': '', 'flat_roof': '', 'roof': '', 'ac_platform': '', 'plant_room': '', 'garden': '', 'yard': ''}",11.165,10.4152,7498,6994.761584956346,7863851,287561,ASP,HJL,渣甸山,1986/12,1986,40,B,3.0,3,blank,CAVENDISH HEIGHTS,嘉雲臺,True,POINT Z (22.2704416 114.1924472 0),22.2704416,114.1924472
1278,1999-10-12,"CAVENDISH HEIGHTS(Block 3),PERKINS RD|嘉雲臺3座,白建時道",10522.228312105724,1819,1489,"{'bay_window': '', 'flat_roof': '', 'roof': '', 'ac_platform': '', 'plant_room': '', 'garden': '', 'yard': ''}",11.7,10.9142,7858,7329.885829415715,7901486,316905,ASP,HJL,渣甸山,1986/12,1986,40,A,16.0,3,blank,CAVENDISH HEIGHTS,嘉雲臺,True,POINT Z (22.2704416 114.1924472 0),22.2704416,114.1924472
1279,1999-10-08,"CAVENDISH HEIGHTS(Block 3),PERKINS RD|嘉雲臺3座,白建時道",9622.928815163006,1819,1489,"{'bay_window': '', 'flat_roof': '', 'roof': '', 'ac_platform': '', 'plant_room': '', 'garden': '', 'yard': ''}",10.7,9.9814,7186,6703.425117528543,7903665,318885,ASP,HJL,渣甸山,1986/12,1986,40,A,7.0,3,blank,CAVENDISH HEIGHTS,嘉雲臺,True,POINT Z (22.2704416 114.1924472 0),22.2704416,114.1924472
1280,1999-11-05,"CAVENDISH HEIGHTS(Block 3),PERKINS RD|嘉雲臺3座,白建時道",10446.014877023195,1819,1489,"{'bay_window': '', 'flat_roof': '', 'roof': '', 'ac_platform': '', 'plant_room': '', 'garden': '', 'yard': ''}",11.0,10.2612,7388,6891.336467427804,7920026,334635,ASP,HJL,渣甸山,1986/12,1986,40,B,21.0,3,blank,CAVENDISH HEIGHTS,嘉雲臺,True,POINT Z (22.2704416 114.1924472 0),22.2704416,114.1924472
1281,1999-12-08,"CAVENDISH HEIGHTS(Block 3),PERKINS RD|嘉雲臺3座,白建時道",9829.16001034958,1819,1489,"{'bay_window': '', 'flat_roof': '', 'roof': '', 'ac_platform': '', 'plant_room': '', 'garden': '', 'yard': ''}",11.0,10.2612,7388,6891.336467427804,7949414,354173,ASP,HJL,渣甸山,1986/12,1986,40,B,15.0,3,blank,CAVENDISH HEIGHTS,嘉雲臺,True,POINT Z (22.2704416 114.1924472 0),22.2704416,114.1924472
1282,1999-12-30,"CAVENDISH HEIGHTS(Block 3),PERKINS RD|嘉雲臺3座,白建時道",10436.849082832892,1819,1489,"{'bay_window': '', 'flat_roof': '', 'roof': '', 'ac_platform': '', 'plant_room': '', 'garden': '', 'yard': ''}",11.68,10.8956,7844,7317.394224311619,7965480,364421,ASP,HJL,渣甸山,1986/12,1986,40,A,8.0,3,blank,CAVENDISH HEIGHTS,嘉雲臺,True,POINT Z (22.2704416 114.1924472 0),22.2704416,114.1924472
1283,2000-03-10,"CAVENDISH HEIGHTS(Block 3),PERKINS RD|嘉雲臺3座,白建時道",10481.897596148574,1819,1489,"{'bay_window': '', 'flat_roof': '', 'roof': '', 'ac_platform': '', 'plant_room': '', 'garden': '', 'yard': ''}",12.0,11.1941,8059,7517.864338482203,8049790,421412,PRO-ASP,HJL,渣甸山,1986/12,1986,40,B,2.0,3,blank,CAVENDISH HEIGHTS,嘉雲臺,True,POINT Z (22.2704416 114.1924472 0),22.2704416,114.1924472
1284,2000-03-28,"CAVENDISH HEIGHTS(Block 3),PERKINS RD|嘉雲臺3座,白建時道",11030.427233352444,1819,1489,"{'bay_window': '47', 'flat_roof': '', 'roof': '', 'ac_platform': '', 'plant_room': '', 'garden': '', 'yard': ''}",12.628,11.7799,8481,7911.282740094023,8060581,430563,ASP,HJL,渣甸山,1986/12,1986,40,B,11.0,3,blank,CAVENDISH HEIGHTS,嘉雲臺,True,POINT Z (22.2704416 114.1924472 0),22.2704416,114.1924472
1285,2000-05-12,"CAVENDISH HEIGHTS(Block 3),PERKINS RD|嘉雲臺3座,白建時道",11659.327707784016,1819,1489,"{'bay_window': '47', 'flat_roof': '', 'roof': '', 'ac_platform': '', 'plant_room': '', 'garden': '', 'yard': ''}",12.45,11.6139,8361,7799.798522498321,8089296,453751,ASP,HJL,渣甸山,1986/12,1986,40,A,19.0,3,blank,CAVENDISH HEIGHTS,嘉雲臺,True,POINT Z (22.2704416 114.1924472 0),22.2704416,114.1924472
1286,2000-05-29,"CAVENDISH HEIGHTS(Block 3),PERKINS RD|嘉雲臺3座,白建時道",11425.215547230262,1819,1489,"{'bay_window': '47', 'flat_roof': '', 'roof': '', 'ac_platform': '', 'plant_room': '', 'garden': '', 'yard': ''}",12.2,11.3807,8193,7643.183344526527,8113900,476559,ASP,HJL,渣甸山,1986/12,1986,40,B,25.0,3,blank,CAVENDISH HEIGHTS,嘉雲臺,True,POINT Z (22.2704416 114.1924472 0),22.2704416,114.1924472
1287,2000-06-26,"CAVENDISH HEIGHTS(Block 3),PERKINS RD|嘉雲臺3座,白建時道",11933.747269061,1819,1489,"{'bay_window': '47', 'flat_roof': '', 'roof': '', 'ac_platform': '', 'plant_room': '', 'garden': '', 'yard': ''}",12.2,11.3807,8193,7643.183344526527,8137991,488800,ASP,HJL,渣甸山,1986/12,1986,40,A,20.0,3,blank,CAVENDISH HEIGHTS,嘉雲臺,True,POINT Z (22.2704416 114.1924472 0),22.2704416,114.1924472
1288,2000-07-15,"CAVENDISH HEIGHTS(Block 3),PERKINS RD|嘉雲臺3座,白建時道",11433.901104258028,1819,1489,"{'bay_window': '', 'flat_roof': '', 'roof': '', 'ac_platform': '', 'plant_room': '', 'garden': '', 'yard': ''}",12.3,11.4739,8261,7705.775688381464,8157866,506545,PRO-ASP,HJL,渣甸山,1986/12,1986,40,B,21.0,3,blank,CAVENDISH HEIGHTS,嘉雲臺,True,POINT Z (22.2704416 114.1924472 0),22.2704416,114.1924472
1289,2000-10-16,"CAVENDISH HEIGHTS(Block 3),PERKINS RD|嘉雲臺3座,白建時道",11947.220218997416,1819,1489,"{'bay_window': '', 'flat_roof': '', 'roof': '', 'ac_platform': '', 'plant_room': '', 'garden': '', 'yard': ''}",12.6,11.7538,8462,7893.754197447952,8225734,555074,PRO-ASP,HJL,渣甸山,1986/12,1986,40,A,6.0,3,blank,CAVENDISH HEIGHTS,嘉雲臺,True,POINT Z (22.2704416 114.1924472 0),22.2704416,114.1924472
1290,2001-11-06,"CAVENDISH HEIGHTS(Block 3),PERKINS RD|嘉雲臺3座,白建時道",11774.501910564546,1819,1489,"{'bay_window': '', 'flat_roof': '', 'roof': '', 'ac_platform': '', 'plant_room': '', 'garden': '', 'yard': ''}",10.68,9.9627,7173,6690.86635325722,8552578,813724,ASP,HJL,渣甸山,1986/12,1986,40,B,20.0,3,blank,CAVENDISH HEIGHTS,嘉雲臺,True,POINT Z (22.2704416 114.1924472 0),22.2704416,114.1924472
1291,2002-06-17,"CAVENDISH HEIGHTS(Block 3),PERKINS RD|嘉雲臺3座,白建時道",11341.511234266323,1819,1489,"{'bay_window': '', 'flat_roof': '', 'roof': '', 'ac_platform': '', 'plant_room': '', 'garden': '', 'yard': ''}",10.3,9.6083,6917,6452.854264607119,8720561,936775,ASP,HJL,渣甸山,1986/12,1986,40,B,15.0,3,blank,CAVENDISH HEIGHTS,嘉雲臺,True,POINT Z (22.2704416 114.1924472 0),22.2704416,114.1924472
1292,2002-07-17,"CAVENDISH HEIGHTS(Block 3),PERKINS RD|嘉雲臺3座,白建時道",10379.973558304802,1819,1489,"{'bay_window': '', 'flat_roof': '', 'roof': '', 'ac_platform': '', 'plant_room': '', 'garden': '', 'yard': ''}",9.2,8.582099999999999,6179,5763.666890530556,8749013,958540,ASP,HJL,渣甸山,1986/12,1986,40,B,3.0,3,blank,CAVENDISH HEIGHTS,嘉雲臺,True,POINT Z (22.2704416 114.1924472 0),22.2704416,114.1924472
1293,2002-10-07,"CAVENDISH HEIGHTS(Block 3),PERKINS RD|嘉雲臺3座,白建時道",10664.038311048556,1819,1489,"{'bay_window': '', 'flat_roof': '', 'roof': '', 'ac_platform': '', 'plant_room': '', 'garden': '', 'yard': ''}",9.0,8.3956,6044,5638.415043653458,8804214,1002825,PRO-ASP,HJL,渣甸山,1986/12,1986,40,B,4.0,3,blank,CAVENDISH HEIGHTS,嘉雲臺,True,POINT Z (22.2704416 114.1924472 0),22.2704416,114.1924472
1294,2003-03-17,"CAVENDISH HEIGHTS(Block 3),PERKINS RD|嘉雲臺3座,白建時道",10747.856312572503,1819,1489,"{'bay_window': '', 'flat_roof': '', 'roof': '', 'ac_platform': '', 'plant_room': '', 'garden': '', 'yard': ''}",8.5,7.9291,5709,5325.117528542646,8905912,1081344,ASP,HJL,渣甸山,1986/12,1986,40,A,13.0,3,blank,CAVENDISH HEIGHTS,嘉雲臺,True,POINT Z (22.2704416 114.1924472 0),22.2704416,114.1924472
1295,2003-04-11,"CAVENDISH HEIGHTS(Block 3),PERKINS RD|嘉雲臺3座,白建時道",10411.18633260616,1819,1489,"{'bay_window': '47', 'flat_roof': '', 'roof': '', 'ac_platform': '', 'plant_room': '', 'garden': '', 'yard': ''}",8.2,7.649299999999999,5507,5137.206178643384,8925422,1096238,ASP,HJL,渣甸山,1986/12,1986,40,B,19.0,3,blank,CAVENDISH HEIGHTS,嘉雲臺,True,POINT Z (22.2704416 114.1924472 0),22.2704416,114.1924472
1296,2003-05-06,"CAVENDISH HEIGHTS(Block 3),PERKINS RD|嘉雲臺3座,白建時道",10860.777691293242,1819,1489,"{'bay_window': '47', 'flat_roof': '', 'roof': '', 'ac_platform': '', 'plant_room': '', 'garden': '', 'yard': ''}",8.5,7.9291,5709,5325.117528542646,8931778,1100933,ASP,HJL,渣甸山,1986/12,1986,40,A,20.0,3,blank,CAVENDISH HEIGHTS,嘉雲臺,True,POINT Z (22.2704416 114.1924472 0),22.2704416,114.1924472
1297,2003-09-15,"CAVENDISH HEIGHTS(Block 3),PERKINS RD|嘉雲臺3座,白建時道",13763.739157457056,1819,1489,"{'bay_window': '', 'flat_roof': '', 'roof': '1573', 'ac_platform': '', 'plant_room': '', 'garden': '', 'yard': ''}",11.2,10.4478,7522,7016.6554734721285,9016211,1171182,ASP,HJL,渣甸山,1986/12,1986,40,B,26.0,3,blank,CAVENDISH HEIGHTS,嘉雲臺,True,POINT Z (22.2704416 114.1924472 0),22.2704416,114.1924472
1298,2003-10-20,"CAVENDISH HEIGHTS(Block 3),PERKINS RD|嘉雲臺3座,白建時道",12057.35314999505,1819,1489,"{'bay_window': '47', 'flat_roof': '', 'roof': '', 'ac_platform': '', 'plant_room': '', 'garden': '', 'yard': ''}",10.3,9.6083,6917,6452.854264607119,9046777,1196466,ASP,HJL,渣甸山,1986/12,1986,40,A,21.0,3,blank,CAVENDISH HEIGHTS,嘉雲臺,True,POINT Z (22.2704416 114.1924472 0),22.2704416,114.1924472
1299,2003-12-06,"CAVENDISH HEIGHTS(Block 3),PERKINS RD|嘉雲臺3座,白建時道",11800.668627541096,1819,1489,"{'bay_window': '', 'flat_roof': '', 'roof': '', 'ac_platform': '', 'plant_room': '', 'garden': '', 'yard': ''}",10.5,9.7948,7052,6578.106111484218,9085185,1228127,ASP,HJL,渣甸山,1986/12,1986,40,B,20.0,3,blank,CAVENDISH HEIGHTS,嘉雲臺,True,POINT Z (22.2704416 114.1924472 0),22.2704416,114.1924472
1300,2003-12-27,"CAVENDISH HEIGHTS(Block 3),PERKINS RD|嘉雲臺3座,白建時道",10789.248148019233,1819,1489,"{'bay_window': '', 'flat_roof': '', 'roof': '', 'ac_platform': '', 'plant_room': '', 'garden': '', 'yard': ''}",9.6,8.9553,6447,6014.304902619208,9110941,1246728,PRO-ASP,HJL,渣甸山,1986/12,1986,40,A,4.0,3,blank,CAVENDISH HEIGHTS,嘉雲臺,True,POINT Z (22.2704416 114.1924472 0),22.2704416,114.1924472
1301,2004-06-29,"CAVENDISH HEIGHTS(Block 3),PERKINS RD|嘉雲臺3座,白建時道",11901.01041873483,1819,1489,"{'bay_window': '', 'flat_roof': '', 'roof': '', 'ac_platform': '', 'plant_room': '', 'garden': '', 'yard': ''}",13.28,12.3881,8919,8319.74479516454,9273899,1378375,ASP,HJL,渣甸山,1986/12,1986,40,A,23.0,3,blank,CAVENDISH HEIGHTS,嘉雲臺,True,POINT Z (22.2704416 114.1924472 0),22.2704416,114.1924472
1302,2005-01-14,"CAVENDISH HEIGHTS(Block 3),PERKINS RD|嘉雲臺3座,白建時道",11232.107250156148,1819,1489,"{'bay_window': '', 'flat_roof': '', 'roof': '', 'ac_platform': '', 'plant_room': '', 'garden': '', 'yard': ''}",13.5,12.5934,9066,8457.622565480187,9479487,1532510,PRO-ASP,HJL,渣甸山,1986/12,1986,40,A,4.0,3,blank,CAVENDISH HEIGHTS,嘉雲臺,True,POINT Z (22.2704416 114.1924472 0),22.2704416,114.1924472
1303,2005-03-21,"CAVENDISH HEIGHTS(Block 3),PERKINS RD|嘉雲臺3座,白建時道",13747.942142803768,1819,1489,"{'bay_window': '', 'flat_roof': '', 'roof': '', 'ac_platform': '', 'plant_room': '', 'garden': '', 'yard': ''}",16.2,15.111999999999998,10880,10149.093351242444,5041402560109,1582997,ASP,HJL,渣甸山,1986/12,1986,40,A,9.0,3,blank,CAVENDISH HEIGHTS,嘉雲臺,True,POINT Z (22.2704416 114.1924472 0),22.2704416,114.1924472
1304,2005-09-09,"CAVENDISH HEIGHTS(Block 3),PERKINS RD|嘉雲臺3座,白建時道",13557.593410992498,1819,1489,"{'bay_window': '47', 'flat_roof': '', 'roof': '', 'ac_platform': '', 'plant_room': '', 'garden': '', 'yard': ''}",17.0,15.8583,11417,10650.302216252518,5092401970015,1729821,ASP,HJL,渣甸山,1986/12,1986,40,A,19.0,3,blank,CAVENDISH HEIGHTS,嘉雲臺,True,POINT Z (22.2704416 114.1924472 0),22.2704416,114.1924472
1305,2005-10-15,"CAVENDISH HEIGHTS(Block 3),PERKINS RD|嘉雲臺3座,白建時道",13523.778903214064,1819,1489,"{'bay_window': '', 'flat_roof': '', 'roof': '', 'ac_platform': '', 'plant_room': '', 'garden': '', 'yard': ''}",16.5,15.3919,11081,10337.071860308932,5102601940065,1753803,PRO-ASP,HJL,渣甸山,1986/12,1986,40,A,8.0,3,blank,CAVENDISH HEIGHTS,嘉雲臺,True,POINT Z (22.2704416 114.1924472 0),22.2704416,114.1924472
1306,2006-06-02,"CAVENDISH HEIGHTS(Block 3),PERKINS RD|嘉雲臺3座,白建時道",13318.291732146174,1819,1489,"{'bay_window': '', 'flat_roof': '', 'roof': '', 'ac_platform': '', 'plant_room': '', 'garden': '', 'yard': ''}",16.28,15.186600000000002,10934,10199.194089993283,6062102110016,1903488,ASP,HJL,渣甸山,1986/12,1986,40,A,12.0,3,blank,CAVENDISH HEIGHTS,嘉雲臺,True,POINT Z (22.2704416 114.1924472 0),22.2704416,114.1924472
1307,2006-10-01,"CAVENDISH HEIGHTS(Block 3),PERKINS RD|嘉雲臺3座,白建時道",11645.06143777188,1819,1489,"{'bay_window': '47', 'flat_roof': '', 'roof': '', 'ac_platform': '', 'plant_room': '', 'garden': '', 'yard': ''}",14.5,13.5262,9738,9084.08327736736,6102702390037,1991548,PRO-ASP,HJL,渣甸山,1986/12,1986,40,A,2.0,3,blank,CAVENDISH HEIGHTS,嘉雲臺,True,POINT Z (22.2704416 114.1924472 0),22.2704416,114.1924472
1308,2007-01-11,"CAVENDISH HEIGHTS(Block 3),PERKINS RD|嘉雲臺3座,白建時道",13694.448622481412,1819,1489,"{'bay_window': '', 'flat_roof': '', 'roof': '', 'ac_platform': '', 'plant_room': '', 'garden': '', 'yard': ''}",17.5,16.3247,11753,10963.532572196104,7011900910178,2045822,ASP,HJL,渣甸山,1986/12,1986,40,A,18.0,3,blank,CAVENDISH HEIGHTS,嘉雲臺,True,POINT Z (22.2704416 114.1924472 0),22.2704416,114.1924472
1309,2007-02-05,"CAVENDISH HEIGHTS(Block 3),PERKINS RD|嘉雲臺3座,白建時道",13826.677267981211,1819,1489,"{'bay_window': '47', 'flat_roof': '', 'roof': '', 'ac_platform': '', 'plant_room': '', 'garden': '', 'yard': ''}",17.408,16.2389,11691,10905.910006715918,7022800980014,2075156,PRO-ASP,HJL,渣甸山,1986/12,1986,40,B,11.0,3,blank,CAVENDISH HEIGHTS,嘉雲臺,True,POINT Z (22.2704416 114.1924472 0),22.2704416,114.1924472
1310,2007-04-27,"CAVENDISH HEIGHTS(Block 3),PERKINS RD|嘉雲臺3座,白建時道",13370.799645535912,1819,1489,"{'bay_window': '47', 'flat_roof': '', 'roof': '', 'ac_platform': '', 'plant_room': '', 'garden': '', 'yard': ''}",17.3,16.1381,11619,10838.21356615178,7050801290096,2125002,ASP,HJL,渣甸山,1986/12,1986,40,A,15.0,3,blank,CAVENDISH HEIGHTS,嘉雲臺,True,POINT Z (22.2704416 114.1924472 0),22.2704416,114.1924472
1311,2007-08-03,"CAVENDISH HEIGHTS(Block 3),PERKINS RD|嘉雲臺3座,白建時道",13446.67422414301,1819,1489,"{'bay_window': '', 'flat_roof': '', 'roof': '', 'ac_platform': '', 'plant_room': '', 'garden': '', 'yard': ''}",18.2,16.9777,12223,11402.081934184016,7080700430179,2210960,ASP,HJL,渣甸山,1986/12,1986,40,A,16.0,3,blank,CAVENDISH HEIGHTS,嘉雲臺,True,POINT Z (22.2704416 114.1924472 0),22.2704416,114.1924472
1312,2007-07-27,"CAVENDISH HEIGHTS(Block 3),PERKINS RD|嘉雲臺3座,白建時道",13972.993834397326,1819,1489,"{'bay_window': '', 'flat_roof': '', 'roof': '', 'ac_platform': '', 'plant_room': '', 'garden': '', 'yard': ''}",18.8,17.5374,12626,11777.971793149763,7081500740123,2218337,ASP,HJL,渣甸山,1986/12,1986,40,B,23.0,3,blank,CAVENDISH HEIGHTS,嘉雲臺,True,POINT Z (22.2704416 114.1924472 0),22.2704416,114.1924472
1313,2007-10-22,"CAVENDISH HEIGHTS(Block 3),PERKINS RD|嘉雲臺3座,白建時道",12986.42915783564,1819,1489,"{'bay_window': '', 'flat_roof': '', 'roof': '', 'ac_platform': '', 'plant_room': '', 'garden': '', 'yard': ''}",18.7,17.4441,12559,11715.312290127602,7110802440078,2295704,ASP,HJL,渣甸山,1986/12,1986,40,A,9.0,3,blank,CAVENDISH HEIGHTS,嘉雲臺,True,POINT Z (22.2704416 114.1924472 0),22.2704416,114.1924472
1314,2008-01-25,"CAVENDISH HEIGHTS(Block 3),PERKINS RD|嘉雲臺3座,白建時道",14151.883349307624,1819,1489,"{'bay_window': '', 'flat_roof': '', 'roof': '', 'ac_platform': '', 'plant_room': '', 'garden': '', 'yard': ''}",23.3,21.7352,15648,14597.179314976494,8021501510046,2414293,ASP,HJL,渣甸山,1986/12,1986,40,B,3.0,3,blank,CAVENDISH HEIGHTS,嘉雲臺,True,POINT Z (22.2704416 114.1924472 0),22.2704416,114.1924472
1315,2008-08-19,"CAVENDISH HEIGHTS(Block 3),PERKINS RD|嘉雲臺3座,白建時道",12145.670346718516,1819,1489,"{'bay_window': '', 'flat_roof': '', 'roof': '', 'ac_platform': '', 'plant_room': '', 'garden': '', 'yard': ''}",19.5,18.1904,13096,12216.521155137676,8091102270016,2602167,ASP,HJL,渣甸山,1986/12,1986,40,A,16.0,3,blank,CAVENDISH HEIGHTS,嘉雲臺,True,POINT Z (22.2704416 114.1924472 0),22.2704416,114.1924472
1316,2008-11-17,"CAVENDISH HEIGHTS(Block 3),PERKINS RD|嘉雲臺3座,白建時道",12091.364701592462,1819,1489,"{'bay_window': '47', 'flat_roof': '', 'roof': '', 'ac_platform': '', 'plant_room': '', 'garden': '', 'yard': ''}",16.2,15.111999999999998,10880,10149.093351242444,8112601980032,2641575,ASP,HJL,渣甸山,1986/12,1986,40,B,9.0,3,blank,CAVENDISH HEIGHTS,嘉雲臺,True,POINT Z (22.2704416 114.1924472 0),22.2704416,114.1924472
1317,2010-01-25,"CAVENDISH HEIGHTS(Block 3),PERKINS RD|嘉雲臺3座,白建時道",13919.32715231374,1819,1489,"{'bay_window': '', 'flat_roof': '', 'roof': '', 'ac_platform': '', 'plant_room': '', 'garden': '', 'yard': ''}",24.8,23.1345,16655,15536.93754197448,10020201150055,2990523,ASP,HJL,渣甸山,1986/12,1986,40,B,3.0,3,blank,CAVENDISH HEIGHTS,嘉雲臺,True,POINT Z (22.2704416 114.1924472 0),22.2704416,114.1924472
1318,2010-03-31,"CAVENDISH HEIGHTS(Block 3),PERKINS RD|嘉雲臺3座,白建時道",14044.108754196644,1819,1489,"{'bay_window': '47', 'flat_roof': '', 'roof': '', 'ac_platform': '', 'plant_room': '', 'garden': '', 'yard': ''}",27.2,25.3733,18267,17040.496977837476,10040802390107,3052973,ASP,HJL,渣甸山,1986/12,1986,40,B,25.0,3,blank,CAVENDISH HEIGHTS,嘉雲臺,True,POINT Z (22.2704416 114.1924472 0),22.2704416,114.1924472
1319,2010-06-18,"CAVENDISH HEIGHTS(Block 3),PERKINS RD|嘉雲臺3座,白建時道",13242.079156954293,1819,1489,"{'bay_window': '', 'flat_roof': '', 'roof': '', 'ac_platform': '', 'plant_room': '', 'garden': '', 'yard': ''}",25.0,23.321,16790,15662.18938885158,10070701450010,3144786,ASP,HJL,渣甸山,1986/12,1986,40,A,13.0,3,blank,CAVENDISH HEIGHTS,嘉雲臺,True,POINT Z (22.2704416 114.1924472 0),22.2704416,114.1924472
1320,2010-06-30,"CAVENDISH HEIGHTS(Block 3),PERKINS RD|嘉雲臺3座,白建時道",13665.841588875524,1819,1489,"{'bay_window': '', 'flat_roof': '', 'roof': '', 'ac_platform': '', 'plant_room': '', 'garden': '', 'yard': ''}",25.8,24.0673,17327,16163.398253861653,10072002020295,3159011,ASP,HJL,渣甸山,1986/12,1986,40,A,18.0,3,blank,CAVENDISH HEIGHTS,嘉雲臺,True,POINT Z (22.2704416 114.1924472 0),22.2704416,114.1924472
1321,2011-04-27,"CAVENDISH HEIGHTS(Block 3),PERKINS RD|嘉雲臺3座,白建時道",11838.07164250058,1819,1489,"{'bay_window': '47', 'flat_roof': '', 'roof': '', 'ac_platform': '', 'plant_room': '', 'garden': '', 'yard': ''}",28.0,26.1195,18805,17541.63868368032,11051802030015,3478858,ASP,HJL,渣甸山,1986/12,1986,40,B,11.0,3,blank,CAVENDISH HEIGHTS,嘉雲臺,True,POINT Z (22.2704416 114.1924472 0),22.2704416,114.1924472
1322,2011-05-23,"CAVENDISH HEIGHTS(Block 3),PERKINS RD|嘉雲臺3座,白建時道",13242.070385694611,1819,1489,"{'bay_window': '', 'flat_roof': '', 'roof': '', 'ac_platform': '', 'plant_room': '', 'garden': '', 'yard': ''}",32.0,29.8509,21491,20047.615849563463,11062101230032,3510621,PRO-ASP,HJL,渣甸山,1986/12,1986,40,A,9.0,3,blank,CAVENDISH HEIGHTS,嘉雲臺,True,POINT Z (22.2704416 114.1924472 0),22.2704416,114.1924472
1323,2012-05-17,"CAVENDISH HEIGHTS(Block 3),PERKINS RD|嘉雲臺3座,白建時道",14160.9091344744,1819,1489,"{'bay_window': '47', 'flat_roof': '', 'roof': '', 'ac_platform': '', 'plant_room': '', 'garden': '', 'yard': ''}",36.0,33.582300000000004,24177,22553.593015446608,12052801860013,3723502,PRO-ASP,HJL,渣甸山,1986/12,1986,40,A,25.0,3,blank,CAVENDISH HEIGHTS,嘉雲臺,True,POINT Z (22.2704416 114.1924472 0),22.2704416,114.1924472
1324,2012-12-05,"CAVENDISH HEIGHTS(Block 3),PERKINS RD|嘉雲臺3座,白建時道",11967.51895876146,1819,1489,"{'bay_window': '47', 'flat_roof': '', 'roof': '', 'ac_platform': '', 'plant_room': '', 'garden': '', 'yard': ''}",33.0,30.7837,22163,20674.07656145064,12121901370014,3883797,ASP,HJL,渣甸山,1986/12,1986,40,A,2.0,3,blank,CAVENDISH HEIGHTS,嘉雲臺,True,POINT Z (22.2704416 114.1924472 0),22.2704416,114.1924472
1325,2014-04-09,"CAVENDISH HEIGHTS(Block 3),PERKINS RD|嘉雲臺3座,白建時道",9850.63296388351,1819,1489,"{'bay_window': '47', 'flat_roof': '', 'roof': '', 'ac_platform': '', 'plant_room': '', 'garden': '', 'yard': ''}",28.0,26.1195,18805,17541.63868368032,14041702290024,4123889,ASP,HJL,渣甸山,1986/12,1986,40,A,1.0,3,blank,CAVENDISH HEIGHTS,嘉雲臺,True,POINT Z (22.2704416 114.1924472 0),22.2704416,114.1924472
1326,2015-01-13,"CAVENDISH HEIGHTS(Block 3),PERKINS RD|嘉雲臺3座,白建時道",11742.150146488806,1819,1489,"{'bay_window': '47', 'flat_roof': '', 'roof': '', 'ac_platform': '', 'plant_room': '', 'garden': '', 'yard': ''}",37.62,35.0935,25265,23568.50235057085,15020900470018,4293685,ASP,HJL,渣甸山,1986/12,1986,40,B,19.0,3,blank,CAVENDISH HEIGHTS,嘉雲臺,True,POINT Z (22.2704416 114.1924472 0),22.2704416,114.1924472
1327,2015-09-01,"CAVENDISH HEIGHTS(Block 3),PERKINS RD|嘉雲臺3座,白建時道",11494.705947833609,1819,1489,"{'bay_window': '47', 'flat_roof': '', 'roof': '', 'ac_platform': '', 'plant_room': '', 'garden': '', 'yard': ''}",38.48,35.8957,25843,24107.253190060444,15091500460082,4415636,ASP,HJL,渣甸山,1986/12,1986,40,A,19.0,3,blank,CAVENDISH HEIGHTS,嘉雲臺,True,POINT Z (22.2704416 114.1924472 0),22.2704416,114.1924472
1328,2015-08-17,"CAVENDISH HEIGHTS(Block 3),PERKINS RD|嘉雲臺3座,白建時道",10041.695918725198,1819,1489,"{'bay_window': '47', 'flat_roof': '', 'roof': '', 'ac_platform': '', 'plant_room': '', 'garden': '', 'yard': ''}",34.0,31.7166,22834,21300.604432505035,15091500460714,4415637,ASP,HJL,渣甸山,1986/12,1986,40,A,15.0,3,blank,CAVENDISH HEIGHTS,嘉雲臺,True,POINT Z (22.2704416 114.1924472 0),22.2704416,114.1924472
1329,2017-02-23,"CAVENDISH HEIGHTS(Block 3),PERKINS RD|嘉雲臺3座,白建時道",11547.220307835853,1819,1489,"{'bay_window': '47', 'flat_roof': '', 'roof': '', 'ac_platform': '', 'plant_room': '', 'garden': '', 'yard': ''}",39.18,36.5487,26313,24545.802552048357,17031602060067,4663687,ASP,HJL,渣甸山,1986/12,1986,40,A,21.0,3,blank,CAVENDISH HEIGHTS,嘉雲臺,True,POINT Z (22.2704416 114.1924472 0),22.2704416,114.1924472
1330,2017-03-15,"CAVENDISH HEIGHTS(Block 3),PERKINS RD|嘉雲臺3座,白建時道",10533.190666086452,1819,1489,"{'bay_window': '47', 'flat_roof': '', 'roof': '', 'ac_platform': '', 'plant_room': '', 'garden': '', 'yard': ''}",36.8,34.3285,24715,23054.734721289457,17041202330201,4680551,PRO-ASP,HJL,渣甸山,1986/12,1986,40,B,9.0,3,blank,CAVENDISH HEIGHTS,嘉雲臺,True,POINT Z (22.2704416 114.1924472 0),22.2704416,114.1924472
1331,2017-06-02,"CAVENDISH HEIGHTS(Block 3),PERKINS RD|嘉雲臺3座,白建時道",11193.155727759116,1819,1489,"{'bay_window': '47', 'flat_roof': '', 'roof': '', 'ac_platform': '', 'plant_room': '', 'garden': '', 'yard': ''}",41.0,38.2465,27535,25686.030893216925,17061300840295,4717333,ASP,HJL,渣甸山,1986/12,1986,40,B,22.0,3,blank,CAVENDISH HEIGHTS,嘉雲臺,True,POINT Z (22.2704416 114.1924472 0),22.2704416,114.1924472
1332,2021-11-12,"CAVENDISH HEIGHTS(Block 3),PERKINS RD|嘉雲臺3座,白建時道",12347.409698753958,1819,1489,"{'bay_window': '47', 'flat_roof': '', 'roof': '', 'ac_platform': '', 'plant_room': '', 'garden': '', 'yard': ''}",46.8,46.8,31430,31430.490261920757,21112401800057,6041452,ASP,HJL,渣甸山,1986/12,1986,40,B,11.0,3,blank,CAVENDISH HEIGHTS,嘉雲臺,False,POINT Z (22.2704416 114.1924472 0),22.2704416,114.1924472
1333,2025-09-02,"CAVENDISH HEIGHTS(Block 3),PERKINS RD|嘉雲臺3座,白建時道",15022.66286996114,1819,1489,"{'bay_window': '47', 'flat_roof': '', 'roof': '', 'ac_platform': '', 'plant_room': '', 'garden': '', 'yard': ''}",40.8,40.8,27401,27400.94022834117,25091900110038,6658846,PRE-ASP,HJL,渣甸山,1986/12,1986,40,A,20.0,3,blank,CAVENDISH HEIGHTS,嘉雲臺,False,POINT Z (22.2704416 114.1924472 0),22.2704416,114.1924472
1334,2025-11-13,"CAVENDISH HEIGHTS(Block 3),PERKINS RD|嘉雲臺3座,白建時道",14384.56755991588,1819,1489,"{'bay_window': '47', 'flat_roof': '', 'roof': '', 'ac_platform': '', 'plant_room': '', 'garden': '', 'yard': ''}",40.0,40.0,26864,26863.66689053056,25120500250013,6702199,PRE-ASP,HJL,渣甸山,1986/12,1986,40,B,25.0,3,blank,CAVENDISH HEIGHTS,嘉雲臺,False,POINT Z (22.2704416 114.1924472 0),22.2704416,114.1924472
1335,1996-01-29,"YICK KING BLDG,CHUN FAI RD|億景樓,春暉道",5003.193277310925,1401,1190,"{'bay_window': '', 'flat_roof': '', 'roof': '', 'ac_platform': '', 'plant_room': '', 'garden': '', 'yard': ''}",6.5,5.9538,5462,5003.193277310925,6528186,4797535,ASP,HJL,渣甸山,1975/07,1975,51,A,9.0,blank,blank,blank,,True,POINT Z (22.2740512 114.1936083 0),22.2740512,114.1936083
1336,1996-01-23,"YICK KING BLDG,CHUN FAI RD|億景樓,春暉道",5103.27731092437,1401,1190,"{'bay_window': '', 'flat_roof': '', 'roof': '', 'ac_platform': '', 'plant_room': '', 'garden': '', 'yard': ''}",6.63,6.0729,5571,5103.27731092437,6529811,4796159,ASP,HJL,渣甸山,1975/07,1975,51,A,12.0,blank,blank,blank,,True,POINT Z (22.2740512 114.1936083 0),22.2740512,114.1936083
1337,1996-04-10,"YICK KING BLDG,CHUN FAI RD|億景樓,春暉道",5901.452991452991,1401,1170,"{'bay_window': '', 'flat_roof': '', 'roof': '', 'ac_platform': '', 'plant_room': '', 'garden': '', 'yard': ''}",7.55,6.9047,6453,5901.452991452991,6588553,4823706,ASP,HJL,渣甸山,1975/07,1975,51,B,18.0,blank,blank,blank,,True,POINT Z (22.2740512 114.1936083 0),22.2740512,114.1936083
1338,1996-05-06,"YICK KING BLDG,CHUN FAI RD|億景樓,春暉道",6081.196581196581,1401,1170,"{'bay_window': '26', 'flat_roof': '', 'roof': '', 'ac_platform': '', 'plant_room': '', 'garden': '', 'yard': ''}",7.78,7.115,6650,6081.196581196581,6632904,4840383,ASP,HJL,渣甸山,1975/07,1975,51,B,19.0,blank,blank,blank,,True,POINT Z (22.2740512 114.1936083 0),22.2740512,114.1936083
1339,1996-05-01,"YICK KING BLDG,CHUN FAI RD|億景樓,春暉道",5682.564102564103,1401,1170,"{'bay_window': '26', 'flat_roof': '', 'roof': '', 'ac_platform': '', 'plant_room': '', 'garden': '', 'yard': ''}",7.27,6.6486,6214,5682.564102564103,6647331,4849230,ASP,HJL,渣甸山,1975/07,1975,51,A,18.0,blank,blank,blank,,True,POINT Z (22.2740512 114.1936083 0),22.2740512,114.1936083
1340,1996-09-14,"YICK KING BLDG,CHUN FAI RD|億景樓,春暉道",6644.017094017094,1401,1170,"{'bay_window': '', 'flat_roof': '', 'roof': '', 'ac_platform': '', 'plant_room': '', 'garden': '', 'yard': ''}",8.5,7.7735,7265,6644.017094017094,6773023,4883857,ASP,HJL,渣甸山,1975/07,1975,51,B,20.0,blank,blank,blank,,True,POINT Z (22.2740512 114.1936083 0),22.2740512,114.1936083
1341,1996-11-08,"YICK KING BLDG,CHUN FAI RD|億景樓,春暉道",5286.470588235295,1401,1190,"{'bay_window': '', 'flat_roof': '', 'roof': '', 'ac_platform': '', 'plant_room': '', 'garden': '', 'yard': ''}",6.868,6.290900000000001,5771,5286.470588235295,6826772,4919606,ASP,HJL,渣甸山,1975/07,1975,51,B,2.0,blank,blank,blank,,True,POINT Z (22.2740512 114.1936083 0),22.2740512,114.1936083
1342,1996-10-11,"YICK KING BLDG,CHUN FAI RD|億景樓,春暉道",6120.34188034188,1401,1170,"{'bay_window': '', 'flat_roof': '', 'roof': '', 'ac_platform': '', 'plant_room': '', 'garden': '', 'yard': ''}",7.83,7.1608,6692,6120.34188034188,6829074,4916017,ASP,HJL,渣甸山,1975/07,1975,51,A,21.0,blank,blank,blank,,True,POINT Z (22.2740512 114.1936083 0),22.2740512,114.1936083
1343,1996-11-23,"YICK KING BLDG,CHUN FAI RD|億景樓,春暉道",5203.27731092437,1401,1190,"{'bay_window': '26', 'flat_roof': '', 'roof': '', 'ac_platform': '', 'plant_room': '', 'garden': '', 'yard': ''}",6.76,6.1919,5681,5203.27731092437,6875099,4930462,ASP,HJL,渣甸山,1975/07,1975,51,B,1.0,blank,blank,blank,,True,POINT Z (22.2740512 114.1936083 0),22.2740512,114.1936083
1344,1997-01-06,"YICK KING BLDG,CHUN FAI RD|億景樓,春暉道",7004.453781512605,1401,1190,"{'bay_window': '', 'flat_roof': '', 'roof': '', 'ac_platform': '', 'plant_room': '', 'garden': '', 'yard': ''}",9.1,8.3353,7647,7004.453781512605,6906288,4960770,ASP,HJL,渣甸山,1975/07,1975,51,B,3.0,blank,blank,blank,,True,POINT Z (22.2740512 114.1936083 0),22.2740512,114.1936083
1345,1997-03-20,"YICK KING BLDG,CHUN FAI RD|億景樓,春暉道",6242.221364087607,1401,1190,"{'bay_window': '26', 'flat_roof': '', 'roof': '', 'ac_platform': '', 'plant_room': '', 'garden': '', 'yard': ''}",9.1,8.3353,7647,7004.453781512605,7002915,4994187,ASP,HJL,渣甸山,1975/07,1975,51,A,6.0,blank,blank,blank,,True,POINT Z (22.2740512 114.1936083 0),22.2740512,114.1936083
1346,1997-03-06,"YICK KING BLDG,CHUN FAI RD|億景樓,春暉道",6619.51205827106,1401,1190,"{'bay_window': '', 'flat_roof': '', 'roof': '', 'ac_platform': '', 'plant_room': '', 'garden': '', 'yard': ''}",9.65,8.8391,8109,7427.81512605042,7006182,4995902,ASP,HJL,渣甸山,1975/07,1975,51,A,4.0,blank,blank,blank,,True,POINT Z (22.2740512 114.1936083 0),22.2740512,114.1936083
1347,1997-05-22,"YICK KING BLDG,CHUN FAI RD|億景樓,春暉道",7908.010011077184,1401,1170,"{'bay_window': '26', 'flat_roof': '', 'roof': '', 'ac_platform': '', 'plant_room': '', 'garden': '', 'yard': ''}",11.8,10.7915,10085,9223.504273504272,7120161,5045057,ASP,HJL,渣甸山,1975/07,1975,51,B,19.0,blank,blank,blank,,True,POINT Z (22.2740512 114.1936083 0),22.2740512,114.1936083
1348,1997-09-25,"YICK KING BLDG,CHUN FAI RD|億景樓,春暉道",7697.393279257938,1401,1170,"{'bay_window': '', 'flat_roof': '', 'roof': '', 'ac_platform': '', 'plant_room': '', 'garden': '', 'yard': ''}",11.8,10.7915,10085,9223.504273504272,7302848,5116801,ASP,HJL,渣甸山,1975/07,1975,51,A,17.0,blank,blank,blank,,True,POINT Z (22.2740512 114.1936083 0),22.2740512,114.1936083
1349,1999-04-22,"YICK KING BLDG,CHUN FAI RD|億景樓,春暉道",8570.90366470505,1401,1170,"{'bay_window': '', 'flat_roof': '', 'roof': '', 'ac_platform': '', 'plant_room': '', 'garden': '', 'yard': ''}",8.1,7.407699999999999,6923,6331.367521367521,7753390,201742,ASP,HJL,渣甸山,1975/07,1975,51,A,21.0,blank,blank,blank,,True,POINT Z (22.2740512 114.1936083 0),22.2740512,114.1936083
1350,2000-08-28,"YICK KING BLDG,CHUN FAI RD|億景樓,春暉道",7393.217621469363,1401,1190,"{'bay_window': '', 'flat_roof': '', 'roof': '', 'ac_platform': '', 'plant_room': '', 'garden': '', 'yard': ''}",6.3,5.7706,5294,4849.243697478992,8186511,527088,ASP,HJL,渣甸山,1975/07,1975,51,A,5.0,blank,blank,blank,,True,POINT Z (22.2740512 114.1936083 0),22.2740512,114.1936083
1351,2000-11-15,"YICK KING BLDG,CHUN FAI RD|億景樓,春暉道",8705.18017505721,1401,1190,"{'bay_window': '', 'flat_roof': '', 'roof': '', 'ac_platform': '', 'plant_room': '', 'garden': '', 'yard': ''}",6.7,6.1370000000000005,5630,5157.142857142857,8255448,577476,ASP,HJL,渣甸山,1975/07,1975,51,A,12.0,blank,blank,blank,,True,POINT Z (22.2740512 114.1936083 0),22.2740512,114.1936083
1352,2001-01-12,"YICK KING BLDG,CHUN FAI RD|億景樓,春暉道",7046.162709694539,1401,1190,"{'bay_window': '', 'flat_roof': '', 'roof': '', 'ac_platform': '', 'plant_room': '', 'garden': '', 'yard': ''}",5.75,5.2668,4832,4425.882352941177,8296571,608741,ASP,HJL,渣甸山,1975/07,1975,51,B,8.0,blank,blank,blank,,True,POINT Z (22.2740512 114.1936083 0),22.2740512,114.1936083
1353,2001-12-14,"YICK KING BLDG,CHUN FAI RD|億景樓,春暉道",6509.223513051511,1401,1190,"{'bay_window': '', 'flat_roof': '', 'roof': '', 'ac_platform': '', 'plant_room': '', 'garden': '', 'yard': ''}",4.5,4.5,3782,3781.5126050420167,8569086,826057,ASP,HJL,渣甸山,1975/07,1975,51,A,14.0,blank,blank,blank,,False,POINT Z (22.2740512 114.1936083 0),22.2740512,114.1936083
1354,2002-06-18,"YICK KING BLDG,CHUN FAI RD|億景樓,春暉道",6520.8290814949805,1401,1190,"{'bay_window': '', 'flat_roof': '', 'roof': '', 'ac_platform': '', 'plant_room': '', 'garden': '', 'yard': ''}",4.82,4.415,4050,3710.084033613445,8738609,951087,ASP,HJL,渣甸山,1975/07,1975,51,A,7.0,blank,blank,blank,,True,POINT Z (22.2740512 114.1936083 0),22.2740512,114.1936083
1355,2002-10-08,"YICK KING BLDG,CHUN FAI RD|億景樓,春暉道",8027.434369052579,1401,1170,"{'bay_window': '', 'flat_roof': '', 'roof': '', 'ac_platform': '', 'plant_room': '', 'garden': '', 'yard': ''}",5.43,4.9659,4641,4244.358974358975,8800778,1000280,ASP,HJL,渣甸山,1975/07,1975,51,B,18.0,blank,blank,blank,,True,POINT Z (22.2740512 114.1936083 0),22.2740512,114.1936083
1356,2003-01-29,"YICK KING BLDG,CHUN FAI RD|億景樓,春暉道",7630.335884993436,1401,1190,"{'bay_window': '', 'flat_roof': '', 'roof': '', 'ac_platform': '', 'plant_room': '', 'garden': '', 'yard': ''}",5.0,4.5798,4202,3848.571428571429,8877308,1060528,ASP,HJL,渣甸山,1975/07,1975,51,B,8.0,blank,blank,blank,,True,POINT Z (22.2740512 114.1936083 0),22.2740512,114.1936083
1357,2003-09-29,"YICK KING BLDG,CHUN FAI RD|億景樓,春暉道",7549.285193204294,1401,1190,"{'bay_window': '', 'flat_roof': '', 'roof': '', 'ac_platform': '', 'plant_room': '', 'garden': '', 'yard': ''}",5.0,4.5798,4202,3848.571428571429,9034332,1186919,ASP,HJL,渣甸山,1975/07,1975,51,B,11.0,blank,blank,blank,,True,POINT Z (22.2740512 114.1936083 0),22.2740512,114.1936083
1358,2003-11-27,"YICK KING BLDG,CHUN FAI RD|億景樓,春暉道",7688.139533632504,1401,1190,"{'bay_window': '', 'flat_roof': '', 'roof': '', 'ac_platform': '', 'plant_room': '', 'garden': '', 'yard': ''}",5.45,4.992,4580,4194.957983193277,9076190,1220574,SUB-ASP,HJL,渣甸山,1975/07,1975,51,B,11.0,blank,blank,blank,,True,POINT Z (22.2740512 114.1936083 0),22.2740512,114.1936083
1359,2004-02-24,"YICK KING BLDG,CHUN FAI RD|億景樓,春暉道",7174.000921987461,1401,1190,"{'bay_window': '', 'flat_roof': '', 'roof': '', 'ac_platform': '', 'plant_room': '', 'garden': '', 'yard': ''}",6.05,5.5416,5084,4656.806722689075,9149767,1277437,ASP,HJL,渣甸山,1975/07,1975,51,A,4.0,blank,blank,blank,,True,POINT Z (22.2740512 114.1936083 0),22.2740512,114.1936083
1360,2004-02-10,"YICK KING BLDG,CHUN FAI RD|億景樓,春暉道",7233.292325594186,1401,1190,"{'bay_window': '', 'flat_roof': '', 'roof': '', 'ac_platform': '', 'plant_room': '', 'garden': '', 'yard': ''}",6.1,5.5874,5126,4695.294117647059,9158684,1285261,PRO-ASP,HJL,渣甸山,1975/07,1975,51,A,10.0,blank,blank,blank,,True,POINT Z (22.2740512 114.1936083 0),22.2740512,114.1936083
1361,2004-03-17,"YICK KING BLDG,CHUN FAI RD|億景樓,春暉道",7490.695797659267,1401,1190,"{'bay_window': '26', 'flat_roof': '', 'roof': '', 'ac_platform': '', 'plant_room': '', 'garden': '', 'yard': ''}",6.3,5.7706,5294,4849.243697478992,9179366,1302435,ASP,HJL,渣甸山,1975/07,1975,51,A,6.0,blank,blank,blank,,True,POINT Z (22.2740512 114.1936083 0),22.2740512,114.1936083
1362,2005-11-11,"YICK KING BLDG,CHUN FAI RD|億景樓,春暉道",8761.032702976165,1401,1190,"{'bay_window': '', 'flat_roof': '', 'roof': '', 'ac_platform': '', 'plant_room': '', 'garden': '', 'yard': ''}",8.4,7.694100000000001,7059,6465.630252100841,5120301700151,1777573,ASP,HJL,渣甸山,1975/07,1975,51,B,8.0,blank,blank,blank,,True,POINT Z (22.2740512 114.1936083 0),22.2740512,114.1936083
1363,2006-02-15,"YICK KING BLDG,CHUN FAI RD|億景樓,春暉道",8583.175706723285,1401,1190,"{'bay_window': '', 'flat_roof': '', 'roof': '', 'ac_platform': '', 'plant_room': '', 'garden': '', 'yard': ''}",8.4,7.694100000000001,7059,6465.630252100841,6031101820052,1833199,PRO-ASP,HJL,渣甸山,1975/07,1975,51,A,9.0,blank,blank,blank,,True,POINT Z (22.2740512 114.1936083 0),22.2740512,114.1936083
1364,2006-07-25,"YICK KING BLDG,CHUN FAI RD|億景樓,春暉道",8453.688302933011,1401,1190,"{'bay_window': '26', 'flat_roof': '', 'roof': '', 'ac_platform': '', 'plant_room': '', 'garden': '', 'yard': ''}",8.5,7.7857,7143,6542.605042016807,6081000710010,1937344,ASP,HJL,渣甸山,1975/07,1975,51,A,6.0,blank,blank,blank,,True,POINT Z (22.2740512 114.1936083 0),22.2740512,114.1936083
1365,2006-09-13,"YICK KING BLDG,CHUN FAI RD|億景樓,春暉道",8922.165498231561,1401,1190,"{'bay_window': '', 'flat_roof': '', 'roof': '', 'ac_platform': '', 'plant_room': '', 'garden': '', 'yard': ''}",8.8,8.060500000000001,7395,6773.529411764706,6100401510035,1976102,ASP,HJL,渣甸山,1975/07,1975,51,B,13.0,blank,blank,blank,,True,POINT Z (22.2740512 114.1936083 0),22.2740512,114.1936083
1366,2006-10-31,"YICK KING BLDG,CHUN FAI RD|億景樓,春暉道",9499.02181862176,1401,1170,"{'bay_window': '26', 'flat_roof': '', 'roof': '', 'ac_platform': '', 'plant_room': '', 'garden': '', 'yard': ''}",9.48,8.6697,8103,7410.0,6111801220013,2005951,PRO-ASP,HJL,渣甸山,1975/07,1975,51,A,18.0,blank,blank,blank,,True,POINT Z (22.2740512 114.1936083 0),22.2740512,114.1936083
1367,2007-01-01,"YICK KING BLDG,CHUN FAI RD|億景樓,春暉道",9763.5135782608,1401,1170,"{'bay_window': '', 'flat_roof': '', 'roof': '', 'ac_platform': '', 'plant_room': '', 'garden': '', 'yard': ''}",10.0,9.1453,8547,7816.495726495727,7012401180313,2050282,PRO-ASP,HJL,渣甸山,1975/07,1975,51,A,21.0,blank,blank,blank,,True,POINT Z (22.2740512 114.1936083 0),22.2740512,114.1936083
1368,2007-01-23,"YICK KING BLDG,CHUN FAI RD|億景樓,春暉道",8268.45684215987,1401,1190,"{'bay_window': '', 'flat_roof': '', 'roof': '', 'ac_platform': '', 'plant_room': '', 'garden': '', 'yard': ''}",8.6,7.8773,7227,6619.579831932773,7020902450015,2062733,ASP,HJL,渣甸山,1975/07,1975,51,A,5.0,blank,blank,blank,,True,POINT Z (22.2740512 114.1936083 0),22.2740512,114.1936083
1369,2007-01-31,"YICK KING BLDG,CHUN FAI RD|億景樓,春暉道",10544.569042144502,1401,1170,"{'bay_window': '', 'flat_roof': '', 'roof': '', 'ac_platform': '', 'plant_room': '', 'garden': '', 'yard': ''}",10.8,9.8769,9231,8441.794871794871,7022701550012,2073991,ASP,HJL,渣甸山,1975/07,1975,51,B,21.0,blank,blank,blank,,True,POINT Z (22.2740512 114.1936083 0),22.2740512,114.1936083
1370,2007-03-08,"YICK KING BLDG,CHUN FAI RD|億景樓,春暉道",8961.1111681337,1401,1190,"{'bay_window': '', 'flat_roof': '', 'roof': '', 'ac_platform': '', 'plant_room': '', 'garden': '', 'yard': ''}",9.2,8.4269,7731,7081.428571428572,7031701250015,2087448,ASP,HJL,渣甸山,1975/07,1975,51,A,11.0,blank,blank,blank,,True,POINT Z (22.2740512 114.1936083 0),22.2740512,114.1936083
1371,2007-09-25,"YICK KING BLDG,CHUN FAI RD|億景樓,春暉道",10832.385698448115,1401,1190,"{'bay_window': '', 'flat_roof': '', 'roof': '', 'ac_platform': '', 'plant_room': '', 'garden': '', 'yard': ''}",11.2,11.2,9412,9411.764705882351,7101501070109,2269801,ASP,HJL,渣甸山,1975/07,1975,51,A,14.0,blank,blank,blank,,False,POINT Z (22.2740512 114.1936083 0),22.2740512,114.1936083
1372,2009-05-05,"YICK KING BLDG,CHUN FAI RD|億景樓,春暉道",9330.585514882514,1401,1190,"{'bay_window': '26', 'flat_roof': '', 'roof': '', 'ac_platform': '', 'plant_room': '', 'garden': '', 'yard': ''}",11.7,10.7168,9832,9005.714285714286,9051302230031,2731104,ASP,HJL,渣甸山,1975/07,1975,51,A,13.0,blank,blank,blank,,True,POINT Z (22.2740512 114.1936083 0),22.2740512,114.1936083
1373,2009-07-16,"YICK KING BLDG,CHUN FAI RD|億景樓,春暉道",7932.750172031312,1401,1190,"{'bay_window': '26', 'flat_roof': '', 'roof': '', 'ac_platform': '', 'plant_room': '', 'garden': '', 'yard': ''}",10.68,9.7825,8975,8220.588235294117,9072802600197,2804345,ASP,HJL,渣甸山,1975/07,1975,51,B,1.0,blank,blank,blank,,True,POINT Z (22.2740512 114.1936083 0),22.2740512,114.1936083
1374,2009-07-29,"YICK KING BLDG,CHUN FAI RD|億景樓,春暉道",12866.476128756813,1401,1170,"{'bay_window': '26', 'flat_roof': '', 'roof': '', 'ac_platform': '', 'plant_room': '', 'garden': '', 'yard': ''}",15.6,15.6,13333,13333.333333333334,9081403050028,2823512,PRO-ASP,HJL,渣甸山,1975/07,1975,51,A,18.0,blank,blank,blank,,False,POINT Z (22.2740512 114.1936083 0),22.2740512,114.1936083
1375,2010-03-31,"YICK KING BLDG,CHUN FAI RD|億景樓,春暉道",10178.455692406413,1401,1170,"{'bay_window': '26', 'flat_roof': '', 'roof': '', 'ac_platform': '', 'plant_room': '', 'garden': '', 'yard': ''}",15.8,14.4496,13504,12350.08547008547,10040900110018,3054668,ASP,HJL,渣甸山,1975/07,1975,51,A,16.0,blank,blank,blank,,True,POINT Z (22.2740512 114.1936083 0),22.2740512,114.1936083
1376,2010-05-10,"YICK KING BLDG,CHUN FAI RD|億景樓,春暉道",8600.723569671718,1401,1190,"{'bay_window': '26', 'flat_roof': '', 'roof': '', 'ac_platform': '', 'plant_room': '', 'garden': '', 'yard': ''}",13.3,12.1824,11176,10237.310924369747,10051800520272,3097647,ASP,HJL,渣甸山,1975/07,1975,51,A,2.0,blank,blank,blank,,True,POINT Z (22.2740512 114.1936083 0),22.2740512,114.1936083
1377,2011-01-24,"YICK KING BLDG,CHUN FAI RD|億景樓,春暉道",9695.152533912184,1401,1190,"{'bay_window': '', 'flat_roof': '', 'roof': '', 'ac_platform': '', 'plant_room': '', 'garden': '', 'yard': ''}",15.6,15.6,13109,13109.24369747899,11020801650200,3380517,ASP,HJL,渣甸山,1975/07,1975,51,B,13.0,blank,blank,blank,,False,POINT Z (22.2740512 114.1936083 0),22.2740512,114.1936083
1378,2012-08-14,"YICK KING BLDG,CHUN FAI RD|億景樓,春暉道",8378.099626948697,1401,1190,"{'bay_window': '26', 'flat_roof': '', 'roof': '', 'ac_platform': '', 'plant_room': '', 'garden': '', 'yard': ''}",17.7,16.2126,14874,13624.033613445376,12090301280112,3793286,ASP,HJL,渣甸山,1975/07,1975,51,A,2.0,blank,blank,blank,,True,POINT Z (22.2740512 114.1936083 0),22.2740512,114.1936083
1379,2012-10-08,"YICK KING BLDG,CHUN FAI RD|億景樓,春暉道",9750.630784449311,1401,1170,"{'bay_window': '26', 'flat_roof': '', 'roof': '', 'ac_platform': '', 'plant_room': '', 'garden': '', 'yard': ''}",21.5,19.6624,18376,16805.470085470086,12110200610044,3843044,PRE-ASP,HJL,渣甸山,1975/07,1975,51,A,18.0,blank,blank,blank,,True,POINT Z (22.2740512 114.1936083 0),22.2740512,114.1936083
1380,2012-10-21,"YICK KING BLDG,CHUN FAI RD|億景樓,春暉道",8163.787785992971,1401,1190,"{'bay_window': '26', 'flat_roof': '', 'roof': '', 'ac_platform': '', 'plant_room': '', 'garden': '', 'yard': ''}",18.28,16.7439,15361,14070.504201680673,12111402340052,3852774,PRO-ASP,HJL,渣甸山,1975/07,1975,51,B,1.0,blank,blank,blank,,True,POINT Z (22.2740512 114.1936083 0),22.2740512,114.1936083
1381,2018-02-06,"YICK KING BLDG,CHUN FAI RD|億景樓,春暉道",8718.391261804825,1401,1170,"{'bay_window': '26', 'flat_roof': '', 'roof': '', 'ac_platform': '', 'plant_room': '', 'garden': '', 'yard': ''}",25.0,25.0,21368,21367.521367521367,18030100960013,5312058,PRO-ASP,HJL,渣甸山,1975/07,1975,51,B,14.0,blank,blank,blank,,False,POINT Z (22.2740512 114.1936083 0),22.2740512,114.1936083
1382,2018-05-04,"YICK KING BLDG,CHUN FAI RD|億景樓,春暉道",8282.297700995183,1401,1190,"{'bay_window': '26', 'flat_roof': '', 'roof': '', 'ac_platform': '', 'plant_room': '', 'garden': '', 'yard': ''}",24.88,24.88,20908,20907.563025210085,18051501870042,5356476,ASP,HJL,渣甸山,1975/07,1975,51,A,13.0,blank,blank,blank,,False,POINT Z (22.2740512 114.1936083 0),22.2740512,114.1936083
1383,2018-10-12,"YICK KING BLDG,CHUN FAI RD|億景樓,春暉道",8829.108820767751,1401,1170,"{'bay_window': '26', 'flat_roof': '', 'roof': '', 'ac_platform': '', 'plant_room': '', 'garden': '', 'yard': ''}",26.8,26.8,22906,22905.982905982903,18103001400249,5453073,ASP,HJL,渣甸山,1975/07,1975,51,A,16.0,blank,blank,blank,,False,POINT Z (22.2740512 114.1936083 0),22.2740512,114.1936083
1384,2022-02-18,"YICK KING BLDG,CHUN FAI RD|億景樓,春暉道",6460.863419971203,1401,1170,"{'bay_window': '26', 'flat_roof': '', 'roof': '', 'ac_platform': '', 'plant_room': '', 'garden': '', 'yard': ''}",19.0,19.0,16239,16239.31623931624,22030400880011,6097462,MEM-ASP,HJL,渣甸山,1975/07,1975,51,A,15.0,blank,blank,blank,,False,POINT Z (22.2740512 114.1936083 0),22.2740512,114.1936083
1385,2024-10-25,"YICK KING BLDG,CHUN FAI RD|億景樓,春暉道",9397.76503884744,1401,1170,"{'bay_window': '26', 'flat_roof': '', 'roof': '', 'ac_platform': '', 'plant_room': '', 'garden': '', 'yard': ''}",20.0,20.0,17094,17094.017094017094,24110100810020,6497221,ASP,HJL,渣甸山,1975/07,1975,51,B,19.0,blank,blank,blank,,False,POINT Z (22.2740512 114.1936083 0),22.2740512,114.1936083
1386,2024-12-14,"YICK KING BLDG,CHUN FAI RD|億景樓,春暉道",8670.557612432864,1401,1190,"{'bay_window': '26', 'flat_roof': '', 'roof': '', 'ac_platform': '', 'plant_room': '', 'garden': '', 'yard': ''}",18.8,18.8,15798,15798.319327731091,25010601760014,6526269,PRE-ASP,HJL,渣甸山,1975/07,1975,51,A,6.0,blank,blank,blank,,False,POINT Z (22.2740512 114.1936083 0),22.2740512,114.1936083
1387,1996-02-06,"CAVENDISH HEIGHTS(Block 1),PERKINS RD|嘉雲臺1座,白建時道",10002.111932418162,2242,1894,"{'bay_window': '', 'flat_roof': '', 'roof': '', 'ac_platform': '', 'plant_room': '', 'garden': '', 'yard': ''}",20.0,18.944,10560,10002.111932418162,6544617,4803871,ASP,HJL,渣甸山,1986/12,1986,40,A,31.0,1,blank,CAVENDISH HEIGHTS,嘉雲臺,True,POINT Z (22.2709431 114.1923079 0),22.2709431,114.1923079
1388,1996-02-06,"CAVENDISH HEIGHTS(Block 1),PERKINS RD|嘉雲臺1座,白建時道",9011.087866108786,2265,1912,"{'bay_window': '', 'flat_roof': '', 'roof': '', 'ac_platform': '', 'plant_room': '', 'garden': '', 'yard': ''}",18.18,17.2292,9508,9011.087866108786,6548731,4805448,PRO-ASP,HJL,渣甸山,1986/12,1986,40,B,7.0,1,blank,CAVENDISH HEIGHTS,嘉雲臺,True,POINT Z (22.2709431 114.1923079 0),22.2709431,114.1923079
1389,1996-02-26,"CAVENDISH HEIGHTS(Block 1),PERKINS RD|嘉雲臺1座,白建時道",9141.921858500527,2242,1894,"{'bay_window': '', 'flat_roof': '', 'roof': '', 'ac_platform': '', 'plant_room': '', 'garden': '', 'yard': ''}",18.28,17.3148,9652,9141.921858500527,6554306,4808656,ASP,HJL,渣甸山,1986/12,1986,40,A,8.0,1,blank,CAVENDISH HEIGHTS,嘉雲臺,True,POINT Z (22.2709431 114.1923079 0),22.2709431,114.1923079
1390,1996-04-23,"CAVENDISH HEIGHTS(Block 1),PERKINS RD|嘉雲臺1座,白建時道",8751.847940865893,2242,1894,"{'bay_window': '52', 'flat_roof': '', 'roof': '', 'ac_platform': '', 'plant_room': '', 'garden': '', 'yard': ''}",17.5,16.576,9240,8751.847940865893,6615447,4832895,ASP,HJL,渣甸山,1986/12,1986,40,A,9.0,1,blank,CAVENDISH HEIGHTS,嘉雲臺,True,POINT Z (22.2709431 114.1923079 0),22.2709431,114.1923079
1391,1996-04-23,"CAVENDISH HEIGHTS(Block 1),PERKINS RD|嘉雲臺1座,白建時道",9752.059134107709,2242,1894,"{'bay_window': '', 'flat_roof': '', 'roof': '', 'ac_platform': '', 'plant_room': '', 'garden': '', 'yard': ''}",19.5,18.4704,10296,9752.059134107709,6622728,4836343,ASP,HJL,渣甸山,1986/12,1986,40,A,11.0,1,blank,CAVENDISH HEIGHTS,嘉雲臺,True,POINT Z (22.2709431 114.1923079 0),22.2709431,114.1923079
1392,1996-04-29,"CAVENDISH HEIGHTS(Block 1),PERKINS RD|嘉雲臺1座,白建時道",9251.9535374868,2242,1894,"{'bay_window': '', 'flat_roof': '', 'roof': '', 'ac_platform': '', 'plant_room': '', 'garden': '', 'yard': ''}",18.5,17.5232,9768,9251.9535374868,6628035,4838385,ASP,HJL,渣甸山,1986/12,1986,40,A,7.0,1,blank,CAVENDISH HEIGHTS,嘉雲臺,True,POINT Z (22.2709431 114.1923079 0),22.2709431,114.1923079
1393,1996-05-06,"CAVENDISH HEIGHTS(Block 1),PERKINS RD|嘉雲臺1座,白建時道",10502.217529039071,2242,1894,"{'bay_window': '', 'flat_roof': '', 'roof': '', 'ac_platform': '', 'plant_room': '', 'garden': '', 'yard': ''}",21.0,19.8912,11088,10502.217529039071,6631737,4840461,ASP,HJL,渣甸山,1986/12,1986,40,A,16.0,1,blank,CAVENDISH HEIGHTS,嘉雲臺,True,POINT Z (22.2709431 114.1923079 0),22.2709431,114.1923079
1394,1996-05-01,"CAVENDISH HEIGHTS(Block 1),PERKINS RD|嘉雲臺1座,白建時道",12133.73430962343,2265,1912,"{'bay_window': '', 'flat_roof': '', 'roof': '', 'ac_platform': '', 'plant_room': '', 'garden': '', 'yard': ''}",24.48,23.1997,12803,12133.73430962343,6643554,4844682,ASP,HJL,渣甸山,1986/12,1986,40,B,31.0,1,blank,CAVENDISH HEIGHTS,嘉雲臺,True,POINT Z (22.2709431 114.1923079 0),22.2709431,114.1923079
1395,1996-05-01,"CAVENDISH HEIGHTS(Block 1),PERKINS RD|嘉雲臺1座,白建時道",7930.543933054393,2265,1912,"{'bay_window': '', 'flat_roof': '', 'roof': '', 'ac_platform': '', 'plant_room': '', 'garden': '', 'yard': ''}",16.0,15.1632,8368,7930.543933054393,6662512,4847558,ASP,HJL,渣甸山,1986/12,1986,40,B,10.0,1,blank,CAVENDISH HEIGHTS,嘉雲臺,True,POINT Z (22.2709431 114.1923079 0),22.2709431,114.1923079
1396,1996-11-13,"CAVENDISH HEIGHTS(Block 1),PERKINS RD|嘉雲臺1座,白建時道",12102.58711721225,2242,1894,"{'bay_window': '', 'flat_roof': '', 'roof': '', 'ac_platform': '', 'plant_room': '', 'garden': '', 'yard': ''}",24.2,22.9223,12777,12102.58711721225,6829857,4916201,ASP,HJL,渣甸山,1986/12,1986,40,A,30.0,1,blank,CAVENDISH HEIGHTS,嘉雲臺,True,POINT Z (22.2709431 114.1923079 0),22.2709431,114.1923079
1397,1996-11-25,"CAVENDISH HEIGHTS(Block 1),PERKINS RD|嘉雲臺1座,白建時道",11548.849372384935,2265,1912,"{'bay_window': '', 'flat_roof': '', 'roof': '', 'ac_platform': '', 'plant_room': '', 'garden': '', 'yard': ''}",23.3,22.0814,12186,11548.849372384935,6854630,4922902,ASP,HJL,渣甸山,1986/12,1986,40,B,6.0,1,blank,CAVENDISH HEIGHTS,嘉雲臺,True,POINT Z (22.2709431 114.1923079 0),22.2709431,114.1923079
1398,1996-12-18,"CAVENDISH HEIGHTS(Block 1),PERKINS RD|嘉雲臺1座,白建時道",14066.78870292887,2265,1912,"{'bay_window': '', 'flat_roof': '', 'roof': '', 'ac_platform': '', 'plant_room': '', 'garden': '', 'yard': ''}",28.38,26.8957,14843,14066.78870292887,6883107,4936598,ASP,HJL,渣甸山,1986/12,1986,40,B,20.0,1,blank,CAVENDISH HEIGHTS,嘉雲臺,True,POINT Z (22.2709431 114.1923079 0),22.2709431,114.1923079
1399,1996-12-12,"CAVENDISH HEIGHTS(Block 1),PERKINS RD|嘉雲臺1座,白建時道",14503.062302006336,2242,1894,"{'bay_window': '', 'flat_roof': '', 'roof': '', 'ac_platform': '', 'plant_room': '', 'garden': '', 'yard': ''}",29.0,27.4688,15312,14503.062302006336,6885377,4937722,SUB-ASP,HJL,渣甸山,1986/12,1986,40,A,25.0,1,blank,CAVENDISH HEIGHTS,嘉雲臺,True,POINT Z (22.2709431 114.1923079 0),22.2709431,114.1923079
1400,1997-04-02,"CAVENDISH HEIGHTS(Block 1),PERKINS RD|嘉雲臺1座,白建時道",15334.085841276355,2265,1912,"{'bay_window': '55', 'flat_roof': '', 'roof': '', 'ac_platform': '', 'plant_room': '', 'garden': '', 'yard': ''}",34.5,32.6956,18044,17100.20920502092,7061057,5023160,ASP,HJL,渣甸山,1986/12,1986,40,B,21.0,1,blank,CAVENDISH HEIGHTS,嘉雲臺,True,POINT Z (22.2709431 114.1923079 0),22.2709431,114.1923079
1401,1997-05-21,"CAVENDISH HEIGHTS(Block 1),PERKINS RD|嘉雲臺1座,白建時道",13598.914025776108,2265,1912,"{'bay_window': '', 'flat_roof': '', 'roof': '', 'ac_platform': '', 'plant_room': '', 'garden': '', 'yard': ''}",32.0,30.3264,16736,15861.087866108786,7119470,5044470,ASP,HJL,渣甸山,1986/12,1986,40,B,12.0,1,blank,CAVENDISH HEIGHTS,嘉雲臺,True,POINT Z (22.2709431 114.1923079 0),22.2709431,114.1923079
1402,1997-06-02,"CAVENDISH HEIGHTS(Block 1),PERKINS RD|嘉雲臺1座,白建時道",11536.476907007003,2242,1894,"{'bay_window': '52', 'flat_roof': '', 'roof': '', 'ac_platform': '', 'plant_room': '', 'garden': '', 'yard': ''}",28.5,26.9952,15048,14253.00950369588,7132151,5058113,ASP,HJL,渣甸山,1986/12,1986,40,A,3.0,1,blank,CAVENDISH HEIGHTS,嘉雲臺,True,POINT Z (22.2709431 114.1923079 0),22.2709431,114.1923079
1403,1997-05-21,"CAVENDISH HEIGHTS(Block 1),PERKINS RD|嘉雲臺1座,白建時道",14023.880089081613,2265,1912,"{'bay_window': '', 'flat_roof': '', 'roof': '', 'ac_platform': '', 'plant_room': '', 'garden': '', 'yard': ''}",33.0,31.2741,17259,16356.746861924688,7135530,5048693,ASP,HJL,渣甸山,1986/12,1986,40,B,24.0,1,blank,CAVENDISH HEIGHTS,嘉雲臺,True,POINT Z (22.2709431 114.1923079 0),22.2709431,114.1923079
1404,1997-06-12,"CAVENDISH HEIGHTS(Block 1),PERKINS RD|嘉雲臺1座,白建時道",11941.26557041076,2242,1894,"{'bay_window': '52', 'flat_roof': '', 'roof': '', 'ac_platform': '', 'plant_room': '', 'garden': '', 'yard': ''}",29.5,27.9424,15576,14753.11510031679,7141119,5060888,ASP,HJL,渣甸山,1986/12,1986,40,A,1.0,1,blank,CAVENDISH HEIGHTS,嘉雲臺,True,POINT Z (22.2709431 114.1923079 0),22.2709431,114.1923079
1405,1997-06-25,"CAVENDISH HEIGHTS(Block 1),PERKINS RD|嘉雲臺1座,白建時道",13762.85729101729,2242,1894,"{'bay_window': '52', 'flat_roof': '', 'roof': '', 'ac_platform': '', 'plant_room': '', 'garden': '', 'yard': ''}",34.0,32.2049,17951,17003.64308342133,7167096,5070529,ASP,HJL,渣甸山,1986/12,1986,40,A,6.0,1,blank,CAVENDISH HEIGHTS,嘉雲臺,True,POINT Z (22.2709431 114.1923079 0),22.2709431,114.1923079
1406,1997-07-16,"CAVENDISH HEIGHTS(Block 1),PERKINS RD|嘉雲臺1座,白建時道",15621.492833201057,2265,1912,"{'bay_window': '', 'flat_roof': '', 'roof': '', 'ac_platform': '', 'plant_room': '', 'garden': '', 'yard': ''}",37.0,35.0649,19351,18339.382845188284,7187563,5078486,ASP,HJL,渣甸山,1986/12,1986,40,B,25.0,1,blank,CAVENDISH HEIGHTS,嘉雲臺,True,POINT Z (22.2709431 114.1923079 0),22.2709431,114.1923079
1407,1997-08-15,"CAVENDISH HEIGHTS(Block 1),PERKINS RD|嘉雲臺1座,白建時道",14920.862162560152,2242,1894,"{'bay_window': '', 'flat_roof': '', 'roof': '', 'ac_platform': '', 'plant_room': '', 'garden': '', 'yard': ''}",35.8,33.9098,18902,17903.801478352692,7230579,5092151,ASP,HJL,渣甸山,1986/12,1986,40,A,25.0,1,blank,CAVENDISH HEIGHTS,嘉雲臺,True,POINT Z (22.2709431 114.1923079 0),22.2709431,114.1923079
1408,1997-09-09,"CAVENDISH HEIGHTS(Block 1),PERKINS RD|嘉雲臺1座,白建時道",12395.57887851941,2242,1894,"{'bay_window': '52', 'flat_roof': '', 'roof': '', 'ac_platform': '', 'plant_room': '', 'garden': '', 'yard': ''}",29.7,28.1319,15681,14853.167898627244,7281461,5108605,PRO-ASP,HJL,渣甸山,1986/12,1986,40,A,3.0,1,blank,CAVENDISH HEIGHTS,嘉雲臺,True,POINT Z (22.2709431 114.1923079 0),22.2709431,114.1923079
1409,1997-12-30,"CAVENDISH HEIGHTS(Block 1),PERKINS RD|嘉雲臺1座,白建時道",13999.647806322864,2242,1894,"{'bay_window': '', 'flat_roof': '', 'roof': '', 'ac_platform': '', 'plant_room': '', 'garden': '', 'yard': ''}",31.0,29.3633,16367,15503.326293558606,7394542,5151984,ASP,HJL,渣甸山,1986/12,1986,40,A,27.0,1,blank,CAVENDISH HEIGHTS,嘉雲臺,True,POINT Z (22.2709431 114.1923079 0),22.2709431,114.1923079
1410,1998-02-18,"CAVENDISH HEIGHTS(Block 1),PERKINS RD|嘉雲臺1座,白建時道",11725.76922364041,2242,1894,"{'bay_window': '52', 'flat_roof': '', 'roof': '', 'ac_platform': '', 'plant_room': '', 'garden': '', 'yard': ''}",22.88,21.672,12080,11442.449841605068,7421674,5161348,PRO-ASP,HJL,渣甸山,1986/12,1986,40,A,9.0,1,blank,CAVENDISH HEIGHTS,嘉雲臺,True,POINT Z (22.2709431 114.1923079 0),22.2709431,114.1923079
1411,1998-04-17,"CAVENDISH HEIGHTS(Block 1),PERKINS RD|嘉雲臺1座,白建時道",10961.808866761205,2265,1912,"{'bay_window': '', 'flat_roof': '', 'roof': '', 'ac_platform': '', 'plant_room': '', 'garden': '', 'yard': ''}",21.0,19.9017,10983,10408.838912133891,7496543,5199052,ASP,HJL,渣甸山,1986/12,1986,40,B,16.0,1,blank,CAVENDISH HEIGHTS,嘉雲臺,True,POINT Z (22.2709431 114.1923079 0),22.2709431,114.1923079
1412,1998-05-22,"CAVENDISH HEIGHTS(Block 1),PERKINS RD|嘉雲臺1座,白建時道",12473.450730455788,2265,1912,"{'bay_window': '', 'flat_roof': '', 'roof': '', 'ac_platform': '', 'plant_room': '', 'garden': '', 'yard': ''}",22.65,21.4654,11846,11226.673640167364,7503288,5201488,ASP,HJL,渣甸山,1986/12,1986,40,B,24.0,1,blank,CAVENDISH HEIGHTS,嘉雲臺,True,POINT Z (22.2709431 114.1923079 0),22.2709431,114.1923079
1413,1998-06-27,"CAVENDISH HEIGHTS(Block 1),PERKINS RD|嘉雲臺1座,白建時道",10446.853304237036,2265,1912,"{'bay_window': '', 'flat_roof': '', 'roof': '', 'ac_platform': '', 'plant_room': '', 'garden': '', 'yard': ''}",17.0,16.1109,8891,8426.202928870292,7531428,5214421,ASP,HJL,渣甸山,1986/12,1986,40,B,22.0,1,blank,CAVENDISH HEIGHTS,嘉雲臺,True,POINT Z (22.2709431 114.1923079 0),22.2709431,114.1923079
1414,1998-11-19,"CAVENDISH HEIGHTS(Block 1),PERKINS RD|嘉雲臺1座,白建時道",11118.98142830537,2265,1912,"{'bay_window': '', 'flat_roof': '', 'roof': '', 'ac_platform': '', 'plant_room': '', 'garden': '', 'yard': ''}",15.95,15.1158,8342,7905.7531380753135,7629325,90833,ASP,HJL,渣甸山,1986/12,1986,40,B,13.0,1,blank,CAVENDISH HEIGHTS,嘉雲臺,True,POINT Z (22.2709431 114.1923079 0),22.2709431,114.1923079
1415,1998-11-24,"CAVENDISH HEIGHTS(Block 1),PERKINS RD|嘉雲臺1座,白建時道",14489.469045530454,2242,1894,"{'bay_window': '', 'flat_roof': '', 'roof': '', 'ac_platform': '', 'plant_room': '', 'garden': '', 'yard': ''}",20.6,19.512400000000003,10876,10302.217529039071,7634206,95641,ASP,HJL,渣甸山,1986/12,1986,40,A,31.0,1,blank,CAVENDISH HEIGHTS,嘉雲臺,True,POINT Z (22.2709431 114.1923079 0),22.2709431,114.1923079
1416,1999-03-30,"CAVENDISH HEIGHTS(Block 1),PERKINS RD|嘉雲臺1座,白建時道",12671.81110647794,2242,1894,"{'bay_window': '', 'flat_roof': '', 'roof': '', 'ac_platform': '', 'plant_room': '', 'garden': '', 'yard': ''}",18.0,17.0496,9504,9001.900739176346,7741084,187479,ASP,HJL,渣甸山,1986/12,1986,40,A,16.0,1,blank,CAVENDISH HEIGHTS,嘉雲臺,True,POINT Z (22.2709431 114.1923079 0),22.2709431,114.1923079
1417,1999-05-17,"CAVENDISH HEIGHTS(Block 1),PERKINS RD|嘉雲臺1座,白建時道",12763.772622216788,2242,1894,"{'bay_window': '', 'flat_roof': '', 'roof': '', 'ac_platform': '', 'plant_room': '', 'garden': '', 'yard': ''}",18.8,17.8074,9926,9402.006335797254,7767663,219197,ASP,HJL,渣甸山,1986/12,1986,40,A,8.0,1,blank,CAVENDISH HEIGHTS,嘉雲臺,True,POINT Z (22.2709431 114.1923079 0),22.2709431,114.1923079
1418,1999-08-06,"CAVENDISH HEIGHTS(Block 1),PERKINS RD|嘉雲臺1座,白建時道",11518.344099579925,2242,1894,"{'bay_window': '', 'flat_roof': '', 'roof': '', 'ac_platform': '', 'plant_room': '', 'garden': '', 'yard': ''}",16.95,16.0551,8949,8476.821541710666,7849519,278429,ASP,HJL,渣甸山,1986/12,1986,40,A,2.0,1,blank,CAVENDISH HEIGHTS,嘉雲臺,True,POINT Z (22.2709431 114.1923079 0),22.2709431,114.1923079
1419,1999-10-28,"CAVENDISH HEIGHTS(Block 1),PERKINS RD|嘉雲臺1座,白建時道",12145.795864338384,2265,1912,"{'bay_window': '', 'flat_roof': '', 'roof': '', 'ac_platform': '', 'plant_room': '', 'garden': '', 'yard': ''}",17.07,16.1772,8928,8460.878661087867,7909688,324815,ASP,HJL,渣甸山,1986/12,1986,40,B,7.0,1,blank,CAVENDISH HEIGHTS,嘉雲臺,True,POINT Z (22.2709431 114.1923079 0),22.2709431,114.1923079
1420,1999-12-24,"CAVENDISH HEIGHTS(Block 1),PERKINS RD|嘉雲臺1座,白建時道",12442.51262517906,2265,1912,"{'bay_window': '', 'flat_roof': '', 'roof': '', 'ac_platform': '', 'plant_room': '', 'garden': '', 'yard': ''}",17.6,16.6795,9205,8723.587866108786,7956653,358516,ASP,HJL,渣甸山,1986/12,1986,40,B,13.0,1,blank,CAVENDISH HEIGHTS,嘉雲臺,True,POINT Z (22.2709431 114.1923079 0),22.2709431,114.1923079
1421,2000-01-19,"CAVENDISH HEIGHTS(Block 1),PERKINS RD|嘉雲臺1座,白建時道",13938.39624248762,2242,1894,"{'bay_window': '', 'flat_roof': '', 'roof': '', 'ac_platform': '', 'plant_room': '', 'garden': '', 'yard': ''}",19.8,18.7546,10454,9902.111932418162,7990638,381708,ASP,HJL,渣甸山,1986/12,1986,40,A,25.0,1,blank,CAVENDISH HEIGHTS,嘉雲臺,True,POINT Z (22.2709431 114.1923079 0),22.2709431,114.1923079
1422,2000-03-10,"CAVENDISH HEIGHTS(Block 1),PERKINS RD|嘉雲臺1座,白建時道",10884.530639118497,2265,1912,"{'bay_window': '', 'flat_roof': '', 'roof': '', 'ac_platform': '', 'plant_room': '', 'garden': '', 'yard': ''}",15.75,14.9263,8237,7806.642259414226,8046798,419601,ASP,HJL,渣甸山,1986/12,1986,40,B,5.0,1,blank,CAVENDISH HEIGHTS,嘉雲臺,True,POINT Z (22.2709431 114.1923079 0),22.2709431,114.1923079
1423,2000-04-15,"CAVENDISH HEIGHTS(Block 1),PERKINS RD|嘉雲臺1座,白建時道",12914.778673581935,2242,1894,"{'bay_window': '', 'flat_roof': '', 'roof': '', 'ac_platform': '', 'plant_room': '', 'garden': '', 'yard': ''}",17.7,16.7655,9345,8851.900739176346,8067004,434994,ASP,HJL,渣甸山,1986/12,1986,40,A,7.0,1,blank,CAVENDISH HEIGHTS,嘉雲臺,True,POINT Z (22.2709431 114.1923079 0),22.2709431,114.1923079
1424,2000-06-16,"CAVENDISH HEIGHTS(Block 1),PERKINS RD|嘉雲臺1座,白建時道",13930.222602197531,2265,1912,"{'bay_window': '', 'flat_roof': '', 'roof': '', 'ac_platform': '', 'plant_room': '', 'garden': '', 'yard': ''}",18.0,17.0586,9414,8921.861924686193,8125064,478981,ASP,HJL,渣甸山,1986/12,1986,40,B,25.0,1,blank,CAVENDISH HEIGHTS,嘉雲臺,True,POINT Z (22.2709431 114.1923079 0),22.2709431,114.1923079
1425,2000-09-15,"CAVENDISH HEIGHTS(Block 1),PERKINS RD|嘉雲臺1座,白建時道",13628.51597672944,2265,1912,"{'bay_window': '', 'flat_roof': '', 'roof': '', 'ac_platform': '', 'plant_room': '', 'garden': '', 'yard': ''}",18.55,17.579800000000002,9702,9194.456066945608,8206887,542052,ASP,HJL,渣甸山,1986/12,1986,40,B,24.0,1,blank,CAVENDISH HEIGHTS,嘉雲臺,True,POINT Z (22.2709431 114.1923079 0),22.2709431,114.1923079
1426,2000-09-12,"CAVENDISH HEIGHTS(Block 1),PERKINS RD|嘉雲臺1座,白建時道",15566.950164692513,2242,1894,"{'bay_window': '', 'flat_roof': '', 'roof': '', 'ac_platform': '', 'plant_room': '', 'garden': '', 'yard': ''}",21.0,19.8912,11088,10502.217529039071,8208079,542864,ASP,HJL,渣甸山,1986/12,1986,40,A,24.0,1,blank,CAVENDISH HEIGHTS,嘉雲臺,True,POINT Z (22.2709431 114.1923079 0),22.2709431,114.1923079
1427,2000-10-09,"CAVENDISH HEIGHTS(Block 1),PERKINS RD|嘉雲臺1座,白建時道",11852.81782739161,2265,1912,"{'bay_window': '', 'flat_roof': '', 'roof': '', 'ac_platform': '', 'plant_room': '', 'garden': '', 'yard': ''}",15.8,14.9736,8264,7831.380753138075,8231552,559139,ASP,HJL,渣甸山,1986/12,1986,40,B,2.0,1,blank,CAVENDISH HEIGHTS,嘉雲臺,True,POINT Z (22.2709431 114.1923079 0),22.2709431,114.1923079
1428,2001-02-26,"CAVENDISH HEIGHTS(Block 1),PERKINS RD|嘉雲臺1座,白建時道",12784.127949600052,2265,1912,"{'bay_window': '55', 'flat_roof': '', 'roof': '', 'ac_platform': '', 'plant_room': '', 'garden': '', 'yard': ''}",16.38,15.5233,8567,8118.880753138075,8331230,634689,ASP,HJL,渣甸山,1986/12,1986,40,B,11.0,1,blank,CAVENDISH HEIGHTS,嘉雲臺,True,POINT Z (22.2709431 114.1923079 0),22.2709431,114.1923079
1429,2001-07-12,"CAVENDISH HEIGHTS(Block 1),PERKINS RD|嘉雲臺1座,白建時道",15178.781078290069,2265,1912,"{'bay_window': '', 'flat_roof': '', 'roof': '', 'ac_platform': '', 'plant_room': '', 'garden': '', 'yard': ''}",19.08,18.0821,9979,9457.165271966527,8451751,732713,ASP,HJL,渣甸山,1986/12,1986,40,B,27.0,1,blank,CAVENDISH HEIGHTS,嘉雲臺,True,POINT Z (22.2709431 114.1923079 0),22.2709431,114.1923079
1430,2002-08-05,"CAVENDISH HEIGHTS(Block 1),PERKINS RD|嘉雲臺1座,白建時道",14237.831963277296,2242,1894,"{'bay_window': '52', 'flat_roof': '', 'roof': '', 'ac_platform': '', 'plant_room': '', 'garden': '', 'yard': ''}",15.8,14.965800000000002,8342,7901.689545934531,8754645,962869,ASP,HJL,渣甸山,1986/12,1986,40,A,26.0,1,blank,CAVENDISH HEIGHTS,嘉雲臺,True,POINT Z (22.2709431 114.1923079 0),22.2709431,114.1923079
1431,2002-08-24,"CAVENDISH HEIGHTS(Block 1),PERKINS RD|嘉雲臺1座,白建時道",16490.64745520159,2242,1894,"{'bay_window': '', 'flat_roof': '', 'roof': '', 'ac_platform': '', 'plant_room': '', 'garden': '', 'yard': ''}",18.3,17.3338,9662,9151.9535374868,8779772,982349,ASP,HJL,渣甸山,1986/12,1986,40,A,25.0,1,blank,CAVENDISH HEIGHTS,嘉雲臺,True,POINT Z (22.2709431 114.1923079 0),22.2709431,114.1923079
1432,2002-10-04,"CAVENDISH HEIGHTS(Block 1),PERKINS RD|嘉雲臺1座,白建時道",14155.50951213217,2265,1912,"{'bay_window': '55', 'flat_roof': '', 'roof': '', 'ac_platform': '', 'plant_room': '', 'garden': '', 'yard': ''}",15.1,14.3103,7897,7484.466527196652,8807042,1005008,ASP,HJL,渣甸山,1986/12,1986,40,B,21.0,1,blank,CAVENDISH HEIGHTS,嘉雲臺,True,POINT Z (22.2709431 114.1923079 0),22.2709431,114.1923079
1433,2003-01-29,"CAVENDISH HEIGHTS(Block 1),PERKINS RD|嘉雲臺1座,白建時道",12755.57867017845,2265,1912,"{'bay_window': '', 'flat_roof': '', 'roof': '', 'ac_platform': '', 'plant_room': '', 'garden': '', 'yard': ''}",12.98,12.3011,6789,6433.629707112971,8875070,1058405,ASP,HJL,渣甸山,1986/12,1986,40,B,3.0,1,blank,CAVENDISH HEIGHTS,嘉雲臺,True,POINT Z (22.2709431 114.1923079 0),22.2709431,114.1923079
1434,2003-05-09,"CAVENDISH HEIGHTS(Block 1),PERKINS RD|嘉雲臺1座,白建時道",15062.604235051898,2265,1912,"{'bay_window': '', 'flat_roof': '', 'roof': '', 'ac_platform': '', 'plant_room': '', 'garden': '', 'yard': ''}",14.9,14.1207,7793,7385.3033472803345,8934325,1103158,ASP,HJL,渣甸山,1986/12,1986,40,B,20.0,1,blank,CAVENDISH HEIGHTS,嘉雲臺,True,POINT Z (22.2709431 114.1923079 0),22.2709431,114.1923079
1435,2003-05-07,"CAVENDISH HEIGHTS(Block 1),PERKINS RD|嘉雲臺1座,白建時道",15770.255530634517,2265,1912,"{'bay_window': '', 'flat_roof': '', 'roof': '', 'ac_platform': '', 'plant_room': '', 'garden': '', 'yard': ''}",15.6,14.7841,8159,7732.269874476988,8935329,1103363,ASP,HJL,渣甸山,1986/12,1986,40,B,16.0,1,blank,CAVENDISH HEIGHTS,嘉雲臺,True,POINT Z (22.2709431 114.1923079 0),22.2709431,114.1923079
1436,2003-08-16,"CAVENDISH HEIGHTS(Block 1),PERKINS RD|嘉雲臺1座,白建時道",14807.816920816978,2242,1894,"{'bay_window': '', 'flat_roof': '', 'roof': '', 'ac_platform': '', 'plant_room': '', 'garden': '', 'yard': ''}",14.3,13.545,7550,7151.531151003168,8998891,1153095,ASP,HJL,渣甸山,1986/12,1986,40,A,29.0,1,blank,CAVENDISH HEIGHTS,嘉雲臺,True,POINT Z (22.2709431 114.1923079 0),22.2709431,114.1923079
1437,2003-10-02,"CAVENDISH HEIGHTS(Block 1),PERKINS RD|嘉雲臺1座,白建時道",11213.549000455028,2242,1894,"{'bay_window': '52', 'flat_roof': '', 'roof': '', 'ac_platform': '', 'plant_room': '', 'garden': '', 'yard': ''}",12.0,11.3664,6336,6001.267159450897,9037085,1189619,PRO-ASP,HJL,渣甸山,1986/12,1986,40,A,1.0,1,blank,CAVENDISH HEIGHTS,嘉雲臺,True,POINT Z (22.2709431 114.1923079 0),22.2709431,114.1923079
1438,2003-10-23,"CAVENDISH HEIGHTS(Block 1),PERKINS RD|嘉雲臺1座,白建時道",12895.62081261858,2242,1894,"{'bay_window': '', 'flat_roof': '', 'roof': '', 'ac_platform': '', 'plant_room': '', 'garden': '', 'yard': ''}",13.8,13.0714,7286,6901.478352692714,9055332,1202731,ASP,HJL,渣甸山,1986/12,1986,40,A,10.0,1,blank,CAVENDISH HEIGHTS,嘉雲臺,True,POINT Z (22.2709431 114.1923079 0),22.2709431,114.1923079
1439,2003-10-29,"CAVENDISH HEIGHTS(Block 1),PERKINS RD|嘉雲臺1座,白建時道",14951.39866727337,2242,1894,"{'bay_window': '', 'flat_roof': '', 'roof': '', 'ac_platform': '', 'plant_room': '', 'garden': '', 'yard': ''}",16.0,15.1552,8448,8001.68954593453,9057203,1203107,ASP,HJL,渣甸山,1986/12,1986,40,A,25.0,1,blank,CAVENDISH HEIGHTS,嘉雲臺,True,POINT Z (22.2709431 114.1923079 0),22.2709431,114.1923079
1440,2004-04-19,"CAVENDISH HEIGHTS(Block 1),PERKINS RD|嘉雲臺1座,白建時道",9637.661000175136,2265,1912,"{'bay_window': '55', 'flat_roof': '', 'roof': '', 'ac_platform': '', 'plant_room': '', 'garden': '', 'yard': ''}",13.0,12.3201,6799,6443.566945606694,9222953,1338988,ASP,HJL,渣甸山,1986/12,1986,40,B,19.0,1,blank,CAVENDISH HEIGHTS,嘉雲臺,True,POINT Z (22.2709431 114.1923079 0),22.2709431,114.1923079
1441,2006-07-15,"CAVENDISH HEIGHTS(Block 1),PERKINS RD|嘉雲臺1座,白建時道",15613.912171229,2265,1912,"{'bay_window': '', 'flat_roof': '', 'roof': '', 'ac_platform': '', 'plant_room': '', 'garden': '', 'yard': ''}",24.38,23.1049,12751,12084.152719665271,6080500860034,1934447,ASP,HJL,渣甸山,1986/12,1986,40,B,14.0,1,blank,CAVENDISH HEIGHTS,嘉雲臺,True,POINT Z (22.2709431 114.1923079 0),22.2709431,114.1923079
1442,2007-07-30,"CAVENDISH HEIGHTS(Block 1),PERKINS RD|嘉雲臺1座,白建時道",17205.950539266836,2242,1894,"{'bay_window': '', 'flat_roof': '', 'roof': '', 'ac_platform': '', 'plant_room': '', 'garden': '', 'yard': ''}",29.0,27.4688,15312,14503.062302006336,7081001240032,2214843,ASP,HJL,渣甸山,1986/12,1986,40,A,24.0,1,blank,CAVENDISH HEIGHTS,嘉雲臺,True,POINT Z (22.2709431 114.1923079 0),22.2709431,114.1923079
1443,2008-01-03,"CAVENDISH HEIGHTS(Block 1),PERKINS RD|嘉雲臺1座,白建時道",16000.086888327794,2242,1894,"{'bay_window': '52', 'flat_roof': '', 'roof': '', 'ac_platform': '', 'plant_room': '', 'garden': '', 'yard': ''}",33.0,31.2577,17423,16503.537486800422,8011700290042,2379712,ASP,HJL,渣甸山,1986/12,1986,40,A,22.0,1,blank,CAVENDISH HEIGHTS,嘉雲臺,True,POINT Z (22.2709431 114.1923079 0),22.2709431,114.1923079
1444,2008-05-07,"CAVENDISH HEIGHTS(Block 1),PERKINS RD|嘉雲臺1座,白建時道",13739.672229244652,2242,1894,"{'bay_window': '52', 'flat_roof': '', 'roof': '', 'ac_platform': '', 'plant_room': '', 'garden': '', 'yard': ''}",28.5,26.9952,15048,14253.00950369588,8051401300019,2502567,ASP,HJL,渣甸山,1986/12,1986,40,A,1.0,1,blank,CAVENDISH HEIGHTS,嘉雲臺,True,POINT Z (22.2709431 114.1923079 0),22.2709431,114.1923079
1445,2008-08-07,"CAVENDISH HEIGHTS(Block 1),PERKINS RD|嘉雲臺1座,白建時道",11728.236975836526,2265,1912,"{'bay_window': '', 'flat_roof': '', 'roof': '', 'ac_platform': '', 'plant_room': '', 'garden': '', 'yard': ''}",23.8,22.5552,12448,11796.652719665271,8081502370211,2585545,ASP,HJL,渣甸山,1986/12,1986,40,B,1.0,1,blank,CAVENDISH HEIGHTS,嘉雲臺,True,POINT Z (22.2709431 114.1923079 0),22.2709431,114.1923079
1446,2008-10-14,"CAVENDISH HEIGHTS(Block 1),PERKINS RD|嘉雲臺1座,白建時道",15476.234059936622,2242,1894,"{'bay_window': '', 'flat_roof': '', 'roof': '', 'ac_platform': '', 'plant_room': '', 'garden': '', 'yard': ''}",28.0,26.5216,14784,14002.956705385428,8102800060180,2628837,ASP,HJL,渣甸山,1986/12,1986,40,A,8.0,1,blank,CAVENDISH HEIGHTS,嘉雲臺,True,POINT Z (22.2709431 114.1923079 0),22.2709431,114.1923079
1447,2009-03-23,"CAVENDISH HEIGHTS(Block 1),PERKINS RD|嘉雲臺1座,白建時道",16099.816246304808,2265,1912,"{'bay_window': '', 'flat_roof': '', 'roof': '', 'ac_platform': '', 'plant_room': '', 'garden': '', 'yard': ''}",28.68,27.18,15000,14215.481171548116,9041601790074,2709166,PRO-ASP,HJL,渣甸山,1986/12,1986,40,B,29.0,1,blank,CAVENDISH HEIGHTS,嘉雲臺,True,POINT Z (22.2709431 114.1923079 0),22.2709431,114.1923079
1448,2009-04-16,"CAVENDISH HEIGHTS(Block 1),PERKINS RD|嘉雲臺1座,白建時道",15669.45671163709,2265,1912,"{'bay_window': '', 'flat_roof': '', 'roof': '', 'ac_platform': '', 'plant_room': '', 'garden': '', 'yard': ''}",29.08,27.5591,15209,14413.755230125524,9042301970038,2714687,ASP,HJL,渣甸山,1986/12,1986,40,B,27.0,1,blank,CAVENDISH HEIGHTS,嘉雲臺,True,POINT Z (22.2709431 114.1923079 0),22.2709431,114.1923079
1449,2009-07-28,"CAVENDISH HEIGHTS(Block 1),PERKINS RD|嘉雲臺1座,白建時道",17373.462095722694,2242,1894,"{'bay_window': '', 'flat_roof': '', 'roof': '', 'ac_platform': '', 'plant_room': '', 'garden': '', 'yard': ''}",36.0,34.0993,19007,18003.854276663147,9073002280125,2807081,ASP,HJL,渣甸山,1986/12,1986,40,A,27.0,1,blank,CAVENDISH HEIGHTS,嘉雲臺,True,POINT Z (22.2709431 114.1923079 0),22.2709431,114.1923079
1450,2009-09-03,"CAVENDISH HEIGHTS(Block 1),PERKINS RD|嘉雲臺1座,白建時道",14600.552358102475,2265,1912,"{'bay_window': '', 'flat_roof': '', 'roof': '', 'ac_platform': '', 'plant_room': '', 'garden': '', 'yard': ''}",31.8,30.1368,16632,15761.92468619247,9091401620080,2854871,ASP,HJL,渣甸山,1986/12,1986,40,B,5.0,1,blank,CAVENDISH HEIGHTS,嘉雲臺,True,POINT Z (22.2709431 114.1923079 0),22.2709431,114.1923079
1451,2009-09-07,"CAVENDISH HEIGHTS(Block 1),PERKINS RD|嘉雲臺1座,白建時道",16299.366991497072,2265,1912,"{'bay_window': '', 'flat_roof': '', 'roof': '', 'ac_platform': '', 'plant_room': '', 'garden': '', 'yard': ''}",35.5,33.6433,18567,17595.86820083682,9091802790012,2859454,ASP,HJL,渣甸山,1986/12,1986,40,B,25.0,1,blank,CAVENDISH HEIGHTS,嘉雲臺,True,POINT Z (22.2709431 114.1923079 0),22.2709431,114.1923079
1452,2009-09-04,"CAVENDISH HEIGHTS(Block 1),PERKINS RD|嘉雲臺1座,白建時道",15151.546763509485,2265,1912,"{'bay_window': '', 'flat_roof': '', 'roof': '', 'ac_platform': '', 'plant_room': '', 'garden': '', 'yard': ''}",33.0,31.2741,17259,16356.746861924688,9100201810276,2873810,PRO-ASP,HJL,渣甸山,1986/12,1986,40,B,6.0,1,blank,CAVENDISH HEIGHTS,嘉雲臺,True,POINT Z (22.2709431 114.1923079 0),22.2709431,114.1923079
1453,2010-01-07,"CAVENDISH HEIGHTS(Block 1),PERKINS RD|嘉雲臺1座,白建時道",17025.47904211886,2242,1894,"{'bay_window': '', 'flat_roof': '', 'roof': '', 'ac_platform': '', 'plant_room': '', 'garden': '', 'yard': ''}",38.0,35.9937,20063,19004.065469904963,10012902510013,2987994,PRO-ASP,HJL,渣甸山,1986/12,1986,40,A,30.0,1,blank,CAVENDISH HEIGHTS,嘉雲臺,True,POINT Z (22.2709431 114.1923079 0),22.2709431,114.1923079
1454,2010-06-14,"CAVENDISH HEIGHTS(Block 1),PERKINS RD|嘉雲臺1座,白建時道",15924.66473178127,2265,1912,"{'bay_window': '', 'flat_roof': '', 'roof': '', 'ac_platform': '', 'plant_room': '', 'garden': '', 'yard': ''}",38.0,36.0126,19874,18835.041841004186,10070901240120,3146502,PRO-ASP,HJL,渣甸山,1986/12,1986,40,B,5.0,1,blank,CAVENDISH HEIGHTS,嘉雲臺,True,POINT Z (22.2709431 114.1923079 0),22.2709431,114.1923079
1455,2010-06-24,"CAVENDISH HEIGHTS(Block 1),PERKINS RD|嘉雲臺1座,白建時道",17547.474690388095,2242,1894,"{'bay_window': '', 'flat_roof': '', 'roof': '', 'ac_platform': '', 'plant_room': '', 'garden': '', 'yard': ''}",41.5,39.3089,21911,20754.435058078143,10071502840089,3154008,PRE-ASP,HJL,渣甸山,1986/12,1986,40,A,28.0,1,blank,CAVENDISH HEIGHTS,嘉雲臺,True,POINT Z (22.2709431 114.1923079 0),22.2709431,114.1923079
1456,2010-07-12,"CAVENDISH HEIGHTS(Block 1),PERKINS RD|嘉雲臺1座,白建時道",17165.124964048642,2242,1894,"{'bay_window': '', 'flat_roof': '', 'roof': '', 'ac_platform': '', 'plant_room': '', 'garden': '', 'yard': ''}",42.9,40.635,22650,21454.593453009504,10073000340099,3171801,ASP,HJL,渣甸山,1986/12,1986,40,A,19.0,1,blank,CAVENDISH HEIGHTS,嘉雲臺,True,POINT Z (22.2709431 114.1923079 0),22.2709431,114.1923079
1457,2010-09-10,"CAVENDISH HEIGHTS(Block 1),PERKINS RD|嘉雲臺1座,白建時道",12581.05891950092,2265,1912,"{'bay_window': '', 'flat_roof': '', 'roof': '', 'ac_platform': '', 'plant_room': '', 'garden': '', 'yard': ''}",32.3,30.6107,16893,16009.780334728031,10092000840034,3229943,ASP,HJL,渣甸山,1986/12,1986,40,B,1.0,1,blank,CAVENDISH HEIGHTS,嘉雲臺,True,POINT Z (22.2709431 114.1923079 0),22.2709431,114.1923079
1458,2011-02-19,"CAVENDISH HEIGHTS(Block 1),PERKINS RD|嘉雲臺1座,白建時道",15464.394493334969,2242,1894,"{'bay_window': '', 'flat_roof': '', 'roof': '', 'ac_platform': '', 'plant_room': '', 'garden': '', 'yard': ''}",43.68,41.3738,23062,21844.66737064414,11031501130012,3415989,PRE-ASP,HJL,渣甸山,1986/12,1986,40,A,11.0,1,blank,CAVENDISH HEIGHTS,嘉雲臺,True,POINT Z (22.2709431 114.1923079 0),22.2709431,114.1923079
1459,2013-01-17,"CAVENDISH HEIGHTS(Block 1),PERKINS RD|嘉雲臺1座,白建時道",12933.742718803967,2242,1894,"{'bay_window': '52', 'flat_roof': '', 'roof': '', 'ac_platform': '', 'plant_room': '', 'garden': '', 'yard': ''}",46.0,43.5713,24287,23004.91024287223,13012301960024,3910231,ASP,HJL,渣甸山,1986/12,1986,40,A,9.0,1,blank,CAVENDISH HEIGHTS,嘉雲臺,True,POINT Z (22.2709431 114.1923079 0),22.2709431,114.1923079
1460,2013-01-21,"CAVENDISH HEIGHTS(Block 1),PERKINS RD|嘉雲臺1座,白建時道",12849.380542768728,2242,1894,"{'bay_window': '52', 'flat_roof': '', 'roof': '', 'ac_platform': '', 'plant_room': '', 'garden': '', 'yard': ''}",45.7,43.2871,24129,22854.85744456177,13020801880153,3924423,ASP,HJL,渣甸山,1986/12,1986,40,A,3.0,1,blank,CAVENDISH HEIGHTS,嘉雲臺,True,POINT Z (22.2709431 114.1923079 0),22.2709431,114.1923079
1461,2013-06-10,"CAVENDISH HEIGHTS(Block 1),PERKINS RD|嘉雲臺1座,白建時道",12230.163769655925,2265,1912,"{'bay_window': '', 'flat_roof': '', 'roof': '', 'ac_platform': '', 'plant_room': '', 'garden': '', 'yard': ''}",44.8,42.4569,23431,22205.491631799163,13062100650300,3996097,ASP,HJL,渣甸山,1986/12,1986,40,B,3.0,1,blank,CAVENDISH HEIGHTS,嘉雲臺,True,POINT Z (22.2709431 114.1923079 0),22.2709431,114.1923079
1462,2014-05-16,"CAVENDISH HEIGHTS(Block 1),PERKINS RD|嘉雲臺1座,白建時道",13306.5802930667,2242,1894,"{'bay_window': '52', 'flat_roof': '', 'roof': '', 'ac_platform': '', 'plant_room': '', 'garden': '', 'yard': ''}",48.25,45.7025,25475,24130.147835269272,14053001030121,4144333,ASP,HJL,渣甸山,1986/12,1986,40,A,6.0,1,blank,CAVENDISH HEIGHTS,嘉雲臺,True,POINT Z (22.2709431 114.1923079 0),22.2709431,114.1923079
1463,2017-04-10,"CAVENDISH HEIGHTS(Block 1),PERKINS RD|嘉雲臺1座,白建時道",9580.510663930025,2242,1894,"{'bay_window': '52', 'flat_roof': '', 'roof': '', 'ac_platform': '', 'plant_room': '', 'garden': '', 'yard': ''}",42.68,40.4266,22534,21344.56177402323,17042402250014,4686948,ASP,HJL,渣甸山,1986/12,1986,40,A,23.0,1,blank,CAVENDISH HEIGHTS,嘉雲臺,True,POINT Z (22.2709431 114.1923079 0),22.2709431,114.1923079
1464,2017-06-06,"CAVENDISH HEIGHTS(Block 1),PERKINS RD|嘉雲臺1座,白建時道",4130.841052463812,2265,1912,"{'bay_window': '55', 'flat_roof': '', 'roof': '', 'ac_platform': '', 'plant_room': '', 'garden': '', 'yard': ''}",19.125,18.1247,10003,9479.44560669456,17062600390020,4726368,MEM-ASP,HJL,渣甸山,1986/12,1986,40,B,19.0,1,blank,CAVENDISH HEIGHTS,嘉雲臺,True,POINT Z (22.2709431 114.1923079 0),22.2709431,114.1923079
1465,2021-04-16,"CAVENDISH HEIGHTS(Block 1),PERKINS RD|嘉雲臺1座,白建時道",12679.342822045326,2265,1912,"{'bay_window': '55', 'flat_roof': '', 'roof': '', 'ac_platform': '', 'plant_room': '', 'garden': '', 'yard': ''}",62.0,62.0,32427,32426.778242677825,21051102440013,5910005,MEM-ASP,HJL,渣甸山,1986/12,1986,40,B,21.0,1,blank,CAVENDISH HEIGHTS,嘉雲臺,False,POINT Z (22.2709431 114.1923079 0),22.2709431,114.1923079
1466,2022-05-06,"CAVENDISH HEIGHTS(Block 1),PERKINS RD|嘉雲臺1座,白建時道",12944.41263017069,2242,1894,"{'bay_window': '52', 'flat_roof': '', 'roof': '', 'ac_platform': '', 'plant_room': '', 'garden': '', 'yard': ''}",61.0,61.0,32207,32206.969376979938,22052001160022,6128060,ASP,HJL,渣甸山,1986/12,1986,40,A,1.0,1,blank,CAVENDISH HEIGHTS,嘉雲臺,False,POINT Z (22.2709431 114.1923079 0),22.2709431,114.1923079
1467,2023-05-22,"CAVENDISH HEIGHTS(Block 1),PERKINS RD|嘉雲臺1座,白建時道",13097.615077331026,2242,1894,"{'bay_window': '52', 'flat_roof': '', 'roof': '', 'ac_platform': '', 'plant_room': '', 'garden': '', 'yard': ''}",55.0,55.0,29039,29039.07074973601,23060902060201,6295903,ASP,HJL,渣甸山,1986/12,1986,40,A,17.0,1,blank,CAVENDISH HEIGHTS,嘉雲臺,False,POINT Z (22.2709431 114.1923079 0),22.2709431,114.1923079
1468,2023-11-03,"CAVENDISH HEIGHTS(Block 1),PERKINS RD|嘉雲臺1座,白建時道",11453.814414729157,2242,1894,"{'bay_window': '52', 'flat_roof': '', 'roof': '', 'ac_platform': '', 'plant_room': '', 'garden': '', 'yard': ''}",43.0,43.0,22703,22703.27349524815,23111401700060,6357331,ASP,HJL,渣甸山,1986/12,1986,40,A,12.0,1,blank,CAVENDISH HEIGHTS,嘉雲臺,False,POINT Z (22.2709431 114.1923079 0),22.2709431,114.1923079
1469,2024-06-01,"CAVENDISH HEIGHTS(Block 1),PERKINS RD|嘉雲臺1座,白建時道",17967.014159943716,2242,1894,"{'bay_window': '52', 'flat_roof': '', 'roof': '', 'ac_platform': '', 'plant_room': '', 'garden': '', 'yard': ''}",64.8,64.8,34213,34213.305174234425,24062800020034,6443621,PRO-ASP,HJL,渣甸山,1986/12,1986,40,A,26.0,1,blank,CAVENDISH HEIGHTS,嘉雲臺,False,POINT Z (22.2709431 114.1923079 0),22.2709431,114.1923079
1470,2024-07-10,"CAVENDISH HEIGHTS(Block 1),PERKINS RD|嘉雲臺1座,白建時道",17715.6995685577,2242,1894,"{'bay_window': '52', 'flat_roof': '', 'roof': '', 'ac_platform': '', 'plant_room': '', 'garden': '', 'yard': ''}",62.2,62.2,32841,32840.549102428726,24072300490059,6455529,ASP,HJL,渣甸山,1986/12,1986,40,A,20.0,1,blank,CAVENDISH HEIGHTS,嘉雲臺,False,POINT Z (22.2709431 114.1923079 0),22.2709431,114.1923079
1471,2025-09-12,"CAVENDISH HEIGHTS(Block 1),PERKINS RD|嘉雲臺1座,白建時道",17912.317812538407,2242,1894,"{'bay_window': '52', 'flat_roof': '', 'roof': '', 'ac_platform': '', 'plant_room': '', 'garden': '', 'yard': ''}",61.88,61.88,32672,32671.59450897571,25092901250217,6663305,ASP,HJL,渣甸山,1986/12,1986,40,A,22.0,1,blank,CAVENDISH HEIGHTS,嘉雲臺,False,POINT Z (22.2709431 114.1923079 0),22.2709431,114.1923079
1472,2025-12-01,"CAVENDISH HEIGHTS(Block 1),PERKINS RD|嘉雲臺1座,白建時道",16310.891195188762,2242,1894,"{'bay_window': '52', 'flat_roof': '', 'roof': '1851', 'ac_platform': '', 'plant_room': '', 'garden': '', 'yard': ''}",58.3,58.3,30781,30781.41499472017,25121100770093,6706273,ASP,HJL,渣甸山,1986/12,1986,40,A,32.0,1,blank,CAVENDISH HEIGHTS,嘉雲臺,False,POINT Z (22.2709431 114.1923079 0),22.2709431,114.1923079
1473,1996-03-22,"SWISS TOWERS(Block 3),TAI HANG RD|瑞士花園3座,大坑道",5737.091757387248,0,1286,"{'bay_window': '', 'flat_roof': '', 'roof': '', 'ac_platform': '', 'plant_room': '', 'garden': '', 'yard': ''}",8.0,7.3779,6221,5737.091757387248,6574994,4814084,ASP,HJL,渣甸山,1971/07,1971,55,E,17.0,3,blank,SWISS TOWERS,瑞士花園,True,POINT Z (22.273377 114.1923543 0),22.273377,114.1923543
1474,1996-04-12,"SWISS TOWERS(Block 3),TAI HANG RD|瑞士花園3座,大坑道",5507.620528771384,0,1286,"{'bay_window': '', 'flat_roof': '', 'roof': '', 'ac_platform': '', 'plant_room': '', 'garden': '', 'yard': ''}",7.68,7.0828,5972,5507.620528771384,6596505,4821222,ASP,HJL,渣甸山,1971/07,1971,55,E,7.0,3,blank,SWISS TOWERS,瑞士花園,True,POINT Z (22.273377 114.1923543 0),22.273377,114.1923543
1475,1996-06-01,"SWISS TOWERS(Block 3),TAI HANG RD|瑞士花園3座,大坑道",6382.503888024883,0,1286,"{'bay_window': '', 'flat_roof': '', 'roof': '', 'ac_platform': '', 'plant_room': '', 'garden': '', 'yard': ''}",8.9,8.2079,6921,6382.503888024883,6676826,4859118,ASP,HJL,渣甸山,1971/07,1971,55,F,21.0,3,blank,SWISS TOWERS,瑞士花園,True,POINT Z (22.273377 114.1923543 0),22.273377,114.1923543
1476,1996-07-19,"SWISS TOWERS(Block 3),TAI HANG RD|瑞士花園3座,大坑道",6296.500777604976,0,1286,"{'bay_window': '', 'flat_roof': '', 'roof': '', 'ac_platform': '', 'plant_room': '', 'garden': '', 'yard': ''}",8.78,8.097299999999999,6827,6296.500777604976,6698370,4865000,ASP,HJL,渣甸山,1971/07,1971,55,E,18.0,3,blank,SWISS TOWERS,瑞士花園,True,POINT Z (22.273377 114.1923543 0),22.273377,114.1923543
1477,1996-07-24,"SWISS TOWERS(Block 3),TAI HANG RD|瑞士花園3座,大坑道",7293.93468118196,0,1286,"{'bay_window': '', 'flat_roof': '', 'roof': '', 'ac_platform': '', 'plant_room': '', 'garden': '', 'yard': ''}",9.38,9.38,7294,7293.93468118196,6722546,4868168,ASP,HJL,渣甸山,1971/07,1971,55,F,17.0,3,blank,SWISS TOWERS,瑞士花園,False,POINT Z (22.273377 114.1923543 0),22.273377,114.1923543
1478,1996-09-23,"SWISS TOWERS(Block 3),TAI HANG RD|瑞士花園3座,大坑道",5285.303265940902,0,1286,"{'bay_window': '', 'flat_roof': '', 'roof': '', 'ac_platform': '', 'plant_room': '', 'garden': '', 'yard': ''}",7.37,6.7969,5731,5285.303265940902,6780903,4888164,ASP,HJL,渣甸山,1971/07,1971,55,F,1.0,3,blank,SWISS TOWERS,瑞士花園,True,POINT Z (22.273377 114.1923543 0),22.273377,114.1923543
1479,1996-10-18,"SWISS TOWERS(Block 3),TAI HANG RD|瑞士花園3座,大坑道",6167.418351477449,0,1286,"{'bay_window': '', 'flat_roof': '', 'roof': '', 'ac_platform': '', 'plant_room': '', 'garden': '', 'yard': ''}",8.6,7.931299999999999,6687,6167.418351477449,6798754,4898325,ASP,HJL,渣甸山,1971/07,1971,55,F,6.0,3,blank,SWISS TOWERS,瑞士花園,True,POINT Z (22.273377 114.1923543 0),22.273377,114.1923543
1480,1996-12-07,"SWISS TOWERS(Block 3),TAI HANG RD|瑞士花園3座,大坑道",6884.52566096423,0,1286,"{'bay_window': '', 'flat_roof': '', 'roof': '', 'ac_platform': '', 'plant_room': '', 'garden': '', 'yard': ''}",9.6,8.8535,7465,6884.52566096423,6870835,4932642,ASP,HJL,渣甸山,1971/07,1971,55,F,14.0,3,blank,SWISS TOWERS,瑞士花園,True,POINT Z (22.273377 114.1923543 0),22.273377,114.1923543
1481,1997-01-02,"SWISS TOWERS(Block 3),TAI HANG RD|瑞士花園3座,大坑道",7443.856920684293,0,1286,"{'bay_window': '', 'flat_roof': '', 'roof': '', 'ac_platform': '', 'plant_room': '', 'garden': '', 'yard': ''}",10.38,9.5728,8072,7443.856920684292,6891413,4960919,ASP,HJL,渣甸山,1971/07,1971,55,F,10.0,3,blank,SWISS TOWERS,瑞士花園,True,POINT Z (22.273377 114.1923543 0),22.273377,114.1923543
1482,1997-01-03,"SWISS TOWERS(Block 3),TAI HANG RD|瑞士花園3座,大坑道",7027.91601866252,0,1286,"{'bay_window': '', 'flat_roof': '', 'roof': '', 'ac_platform': '', 'plant_room': '', 'garden': '', 'yard': ''}",9.8,9.0379,7621,7027.91601866252,6917430,4963995,ASP,HJL,渣甸山,1971/07,1971,55,F,19.0,3,blank,SWISS TOWERS,瑞士花園,True,POINT Z (22.273377 114.1923543 0),22.273377,114.1923543
1483,1997-01-30,"SWISS TOWERS(Block 3),TAI HANG RD|瑞士花園3座,大坑道",8318.818040435459,0,1286,"{'bay_window': '', 'flat_roof': '', 'roof': '', 'ac_platform': '', 'plant_room': '', 'garden': '', 'yard': ''}",11.6,10.698,9020,8318.818040435459,6941973,4974472,SUB-ASP,HJL,渣甸山,1971/07,1971,55,F,19.0,3,blank,SWISS TOWERS,瑞士花園,True,POINT Z (22.273377 114.1923543 0),22.273377,114.1923543
1484,1997-07-08,"SWISS TOWERS(Block 3),TAI HANG RD|瑞士花園3座,大坑道",7941.150580139916,0,1286,"{'bay_window': '', 'flat_roof': '', 'roof': '', 'ac_platform': '', 'plant_room': '', 'garden': '', 'yard': ''}",13.0,11.9891,10109,9322.783825816485,7190984,5079715,ASP,HJL,渣甸山,1971/07,1971,55,E,12.0,3,blank,SWISS TOWERS,瑞士花園,True,POINT Z (22.273377 114.1923543 0),22.273377,114.1923543
1485,1997-06-13,"SWISS TOWERS(Block 3),TAI HANG RD|瑞士花園3座,大坑道",8741.651904852315,0,1286,"{'bay_window': '', 'flat_roof': '', 'roof': '', 'ac_platform': '', 'plant_room': '', 'garden': '', 'yard': ''}",15.06,13.8889,11711,10800.077760497668,7197965,5081498,ASP,HJL,渣甸山,1971/07,1971,55,E,17.0,3,blank,SWISS TOWERS,瑞士花園,True,POINT Z (22.273377 114.1923543 0),22.273377,114.1923543
1486,1997-10-20,"SWISS TOWERS(Block 3),TAI HANG RD|瑞士花園3座,大坑道",8198.063531114347,0,1286,"{'bay_window': '', 'flat_roof': '', 'roof': '', 'ac_platform': '', 'plant_room': '', 'garden': '', 'yard': ''}",14.05,12.9575,10925,10075.816485225503,7327032,5126686,ASP,HJL,渣甸山,1971/07,1971,55,E,20.0,3,blank,SWISS TOWERS,瑞士花園,True,POINT Z (22.273377 114.1923543 0),22.273377,114.1923543
1487,1997-12-29,"SWISS TOWERS(Block 3),TAI HANG RD|瑞士花園3座,大坑道",6721.872018751057,0,1286,"{'bay_window': '', 'flat_roof': '', 'roof': '', 'ac_platform': '', 'plant_room': '', 'garden': '', 'yard': ''}",10.38,9.5728,8072,7443.856920684292,7392391,5149454,ASP,HJL,渣甸山,1971/07,1971,55,F,18.0,3,blank,SWISS TOWERS,瑞士花園,True,POINT Z (22.273377 114.1923543 0),22.273377,114.1923543
1488,1999-11-05,"SWISS TOWERS(Block 3),TAI HANG RD|瑞士花園3座,大坑道",6848.411123088701,0,1286,"{'bay_window': '', 'flat_roof': '', 'roof': '', 'ac_platform': '', 'plant_room': '', 'garden': '', 'yard': ''}",6.3,5.8101,4899,4517.96267496112,7917782,331906,ASP,HJL,渣甸山,1971/07,1971,55,F,9.0,3,blank,SWISS TOWERS,瑞士花園,True,POINT Z (22.273377 114.1923543 0),22.273377,114.1923543
1489,1999-12-15,"SWISS TOWERS(Block 3),TAI HANG RD|瑞士花園3座,大坑道",6341.741529334032,0,1286,"{'bay_window': '', 'flat_roof': '', 'roof': '', 'ac_platform': '', 'plant_room': '', 'garden': '', 'yard': ''}",6.2,5.7179,4821,4446.267496111976,7968532,367242,ASP,HJL,渣甸山,1971/07,1971,55,F,7.0,3,blank,SWISS TOWERS,瑞士花園,True,POINT Z (22.273377 114.1923543 0),22.273377,114.1923543
1490,2000-11-20,"SWISS TOWERS(Block 3),TAI HANG RD|瑞士花園3座,大坑道",8945.664607330422,0,1286,"{'bay_window': '', 'flat_roof': '', 'roof': '', 'ac_platform': '', 'plant_room': '', 'garden': '', 'yard': ''}",7.39,6.8153,5747,5299.611197511664,8253314,575579,ASP,HJL,渣甸山,1971/07,1971,55,F,20.0,3,blank,SWISS TOWERS,瑞士花園,True,POINT Z (22.273377 114.1923543 0),22.273377,114.1923543
1491,2001-07-27,"SWISS TOWERS(Block 3),TAI HANG RD|瑞士花園3座,大坑道",8736.409650040488,0,1286,"{'bay_window': '', 'flat_roof': '', 'roof': '', 'ac_platform': '', 'plant_room': '', 'garden': '', 'yard': ''}",7.0,7.0,5443,5443.234836702954,8463636,740706,ASP,HJL,渣甸山,1971/07,1971,55,E,17.0,3,blank,SWISS TOWERS,瑞士花園,False,POINT Z (22.273377 114.1923543 0),22.273377,114.1923543
1492,2001-11-16,"SWISS TOWERS(Block 3),TAI HANG RD|瑞士花園3座,大坑道",8089.548092245711,0,1286,"{'bay_window': '', 'flat_roof': '', 'roof': '', 'ac_platform': '', 'plant_room': '', 'garden': '', 'yard': ''}",6.41,5.9116,4984,4596.889580093312,8547097,809692,ASP,HJL,渣甸山,1971/07,1971,55,E,7.0,3,blank,SWISS TOWERS,瑞士花園,True,POINT Z (22.273377 114.1923543 0),22.273377,114.1923543
1493,2002-03-27,"SWISS TOWERS(Block 3),TAI HANG RD|瑞士花園3座,大坑道",7303.288623335266,0,1286,"{'bay_window': '', 'flat_roof': '', 'roof': '', 'ac_platform': '', 'plant_room': '', 'garden': '', 'yard': ''}",5.75,5.3029,4471,4123.561430793157,8658550,888422,ASP,HJL,渣甸山,1971/07,1971,55,E,4.0,3,blank,SWISS TOWERS,瑞士花園,True,POINT Z (22.273377 114.1923543 0),22.273377,114.1923543
1494,2002-05-13,"SWISS TOWERS(Block 3),TAI HANG RD|瑞士花園3座,大坑道",7293.66192604148,0,1286,"{'bay_window': '', 'flat_roof': '', 'roof': '', 'ac_platform': '', 'plant_room': '', 'garden': '', 'yard': ''}",5.73,5.284400000000001,4456,4109.175738724729,8688776,912319,ASP,HJL,渣甸山,1971/07,1971,55,E,3.0,3,blank,SWISS TOWERS,瑞士花園,True,POINT Z (22.273377 114.1923543 0),22.273377,114.1923543
1495,2004-01-26,"SWISS TOWERS(Block 3),TAI HANG RD|瑞士花園3座,大坑道",8655.744121474621,0,1286,"{'bay_window': '', 'flat_roof': '', 'roof': '', 'ac_platform': '', 'plant_room': '', 'garden': '', 'yard': ''}",7.3,6.7323,5677,5235.0699844479,9133992,1262996,ASP,HJL,渣甸山,1971/07,1971,55,F,17.0,3,blank,SWISS TOWERS,瑞士花園,True,POINT Z (22.273377 114.1923543 0),22.273377,114.1923543
1496,2004-06-07,"SWISS TOWERS(Block 3),TAI HANG RD|瑞士花園3座,大坑道",6647.383246242096,0,1286,"{'bay_window': '', 'flat_roof': '', 'roof': '', 'ac_platform': '', 'plant_room': '', 'garden': '', 'yard': ''}",6.48,5.976100000000001,5039,4647.045101088647,9260686,1369724,PRO-ASP,HJL,渣甸山,1971/07,1971,55,E,4.0,3,blank,SWISS TOWERS,瑞士花園,True,POINT Z (22.273377 114.1923543 0),22.273377,114.1923543
1497,2004-08-04,"SWISS TOWERS(Block 3),TAI HANG RD|瑞士花園3座,大坑道",6815.878754224876,0,1286,"{'bay_window': '', 'flat_roof': '', 'roof': '', 'ac_platform': '', 'plant_room': '', 'garden': '', 'yard': ''}",7.23,6.667800000000001,5622,5184.914463452566,9315289,1415706,PRO-ASP,HJL,渣甸山,1971/07,1971,55,F,10.0,3,blank,SWISS TOWERS,瑞士花園,True,POINT Z (22.273377 114.1923543 0),22.273377,114.1923543
1498,2004-10-27,"SWISS TOWERS(Block 3),TAI HANG RD|瑞士花園3座,大坑道",7811.416769318836,0,1286,"{'bay_window': '', 'flat_roof': '', 'roof': '', 'ac_platform': '', 'plant_room': '', 'garden': '', 'yard': ''}",7.98,7.359500000000001,6205,5722.783825816486,9404121,1477459,PRO-ASP,HJL,渣甸山,1971/07,1971,55,F,6.0,3,blank,SWISS TOWERS,瑞士花園,True,POINT Z (22.273377 114.1923543 0),22.273377,114.1923543
1499,2004-11-14,"SWISS TOWERS(Block 3),TAI HANG RD|瑞士花園3座,大坑道",8667.7945682183,0,1286,"{'bay_window': '', 'flat_roof': '', 'roof': '', 'ac_platform': '', 'plant_room': '', 'garden': '', 'yard': ''}",8.65,7.9774,6726,6203.265940902022,9423164,1492298,PRO-ASP,HJL,渣甸山,1971/07,1971,55,E,19.0,3,blank,SWISS TOWERS,瑞士花園,True,POINT Z (22.273377 114.1923543 0),22.273377,114.1923543
1500,2005-04-18,"SWISS TOWERS(Block 3),TAI HANG RD|瑞士花園3座,大坑道",9778.362946670131,0,1286,"{'bay_window': '', 'flat_roof': '', 'roof': '', 'ac_platform': '', 'plant_room': '', 'garden': '', 'yard': ''}",10.23,9.4345,7955,7336.314152410576,5042300330100,1591438,ASP,HJL,渣甸山,1971/07,1971,55,F,19.0,3,blank,SWISS TOWERS,瑞士花園,True,POINT Z (22.273377 114.1923543 0),22.273377,114.1923543
1501,2005-09-06,"SWISS TOWERS(Block 3),TAI HANG RD|瑞士花園3座,大坑道",8562.999843046466,0,1286,"{'bay_window': '', 'flat_roof': '', 'roof': '', 'ac_platform': '', 'plant_room': '', 'garden': '', 'yard': ''}",9.38,8.6506,7294,6726.749611197512,5100400840115,1737121,PRO-ASP,HJL,渣甸山,1971/07,1971,55,E,8.0,3,blank,SWISS TOWERS,瑞士花園,True,POINT Z (22.273377 114.1923543 0),22.273377,114.1923543
1502,2006-04-06,"SWISS TOWERS(Block 3),TAI HANG RD|瑞士花園3座,大坑道",11130.69456537146,0,1286,"{'bay_window': '', 'flat_roof': '', 'roof': '', 'ac_platform': '', 'plant_room': '', 'garden': '', 'yard': ''}",11.8,10.8824,9176,8462.208398133747,6041101310012,1854929,ASP,HJL,渣甸山,1971/07,1971,55,F,20.0,3,blank,SWISS TOWERS,瑞士花園,True,POINT Z (22.273377 114.1923543 0),22.273377,114.1923543
1503,2006-04-25,"SWISS TOWERS(Block 3),TAI HANG RD|瑞士花園3座,大坑道",10328.908978571244,0,1286,"{'bay_window': '', 'flat_roof': '', 'roof': '', 'ac_platform': '', 'plant_room': '', 'garden': '', 'yard': ''}",10.95,10.0985,8515,7852.643856920684,6051102530092,1873698,ASP,HJL,渣甸山,1971/07,1971,55,F,14.0,3,blank,SWISS TOWERS,瑞士花園,True,POINT Z (22.273377 114.1923543 0),22.273377,114.1923543
1504,2006-06-08,"SWISS TOWERS(Block 3),TAI HANG RD|瑞士花園3座,大坑道",9720.322724253005,0,1286,"{'bay_window': '', 'flat_roof': '', 'roof': '', 'ac_platform': '', 'plant_room': '', 'garden': '', 'yard': ''}",10.38,9.5728,8072,7443.856920684292,6061401150180,1898779,ASP,HJL,渣甸山,1971/07,1971,55,E,7.0,3,blank,SWISS TOWERS,瑞士花園,True,POINT Z (22.273377 114.1923543 0),22.273377,114.1923543
1505,2006-09-18,"SWISS TOWERS(Block 3),TAI HANG RD|瑞士花園3座,大坑道",8501.642574282158,0,1286,"{'bay_window': '', 'flat_roof': '', 'roof': '', 'ac_platform': '', 'plant_room': '', 'garden': '', 'yard': ''}",9.0,8.3002,6998,6454.276827371696,6101301980234,1982230,PRO-ASP,HJL,渣甸山,1971/07,1971,55,F,4.0,3,blank,SWISS TOWERS,瑞士花園,True,POINT Z (22.273377 114.1923543 0),22.273377,114.1923543
1506,2007-07-05,"SWISS TOWERS(Block 3),TAI HANG RD|瑞士花園3座,大坑道",11060.240524036411,0,1286,"{'bay_window': '', 'flat_roof': '', 'roof': '', 'ac_platform': '', 'plant_room': '', 'garden': '', 'yard': ''}",13.0,11.9891,10109,9322.783825816485,7071200490166,2186906,ASP,HJL,渣甸山,1971/07,1971,55,E,17.0,3,blank,SWISS TOWERS,瑞士花園,True,POINT Z (22.273377 114.1923543 0),22.273377,114.1923543
1507,2007-11-16,"SWISS TOWERS(Block 3),TAI HANG RD|瑞士花園3座,大坑道",11443.504178528096,0,1286,"{'bay_window': '', 'flat_roof': '', 'roof': '', 'ac_platform': '', 'plant_room': '', 'garden': '', 'yard': ''}",15.15,13.9719,11781,10864.618973561432,7120702110246,2331108,ASP,HJL,渣甸山,1971/07,1971,55,E,12.0,3,blank,SWISS TOWERS,瑞士花園,True,POINT Z (22.273377 114.1923543 0),22.273377,114.1923543
1508,2007-11-18,"SWISS TOWERS(Block 3),TAI HANG RD|瑞士花園3座,大坑道",10333.1356091259,0,1286,"{'bay_window': '', 'flat_roof': '', 'roof': '', 'ac_platform': '', 'plant_room': '', 'garden': '', 'yard': ''}",13.68,12.6162,10638,9810.419906687404,7121402490247,2339629,PRO-ASP,HJL,渣甸山,1971/07,1971,55,E,6.0,3,blank,SWISS TOWERS,瑞士花園,True,POINT Z (22.273377 114.1923543 0),22.273377,114.1923543
1509,2007-11-27,"SWISS TOWERS(Block 3),TAI HANG RD|瑞士花園3座,大坑道",10952.573352755671,0,1286,"{'bay_window': '', 'flat_roof': '', 'roof': '', 'ac_platform': '', 'plant_room': '', 'garden': '', 'yard': ''}",14.5,13.3725,11275,10398.522550544323,7122401120199,2350927,ASP,HJL,渣甸山,1971/07,1971,55,F,14.0,3,blank,SWISS TOWERS,瑞士花園,True,POINT Z (22.273377 114.1923543 0),22.273377,114.1923543
1510,2009-10-19,"SWISS TOWERS(Block 3),TAI HANG RD|瑞士花園3座,大坑道",10946.50799843846,0,1286,"{'bay_window': '', 'flat_roof': '', 'roof': '', 'ac_platform': '', 'plant_room': '', 'garden': '', 'yard': ''}",16.68,15.383,12970,11961.89735614308,9103002500045,2901020,PRE-ASP,HJL,渣甸山,1971/06,1971,55,E,6.0,3,blank,SWISS TOWERS,瑞士花園,True,POINT Z (22.273377 114.1923543 0),22.273377,114.1923543
1511,2010-01-15,"SWISS TOWERS(Block 3),TAI HANG RD|瑞士花園3座,大坑道",12078.509838090356,0,1286,"{'bay_window': '', 'flat_roof': '', 'roof': '', 'ac_platform': '', 'plant_room': '', 'garden': '', 'yard': ''}",18.8,17.3381,14619,13482.192846034215,10021101760134,3000213,PRE-ASP,HJL,渣甸山,1971/06,1971,55,F,20.0,3,blank,SWISS TOWERS,瑞士花園,True,POINT Z (22.273377 114.1923543 0),22.273377,114.1923543
1512,2010-07-09,"SWISS TOWERS(Block 3),TAI HANG RD|瑞士花園3座,大坑道",11188.3169440848,0,1286,"{'bay_window': '', 'flat_roof': '', 'roof': '', 'ac_platform': '', 'plant_room': '', 'garden': '', 'yard': ''}",19.5,17.9837,15163,13984.21461897356,10072602350027,3165286,ASP,HJL,渣甸山,1971/06,1971,55,F,14.0,3,blank,SWISS TOWERS,瑞士花園,True,POINT Z (22.273377 114.1923543 0),22.273377,114.1923543
1513,2011-04-26,"SWISS TOWERS(Block 3),TAI HANG RD|瑞士花園3座,大坑道",10066.47234833975,0,1286,"{'bay_window': '', 'flat_roof': '', 'roof': '', 'ac_platform': '', 'plant_room': '', 'garden': '', 'yard': ''}",20.8,19.1826,16174,14916.485225505445,11052502620052,3485791,PRO-ASP,HJL,渣甸山,1971/06,1971,55,E,6.0,3,blank,SWISS TOWERS,瑞士花園,True,POINT Z (22.273377 114.1923543 0),22.273377,114.1923543
1514,2011-05-16,"SWISS TOWERS(Block 3),TAI HANG RD|瑞士花園3座,大坑道",9852.7998912957,0,1286,"{'bay_window': '', 'flat_roof': '', 'roof': '', 'ac_platform': '', 'plant_room': '', 'garden': '', 'yard': ''}",20.8,19.1826,16174,14916.485225505445,11052702990088,3489327,ASP,HJL,渣甸山,1971/06,1971,55,E,3.0,3,blank,SWISS TOWERS,瑞士花園,True,POINT Z (22.273377 114.1923543 0),22.273377,114.1923543
1515,2013-01-03,"SWISS TOWERS(Block 3),TAI HANG RD|瑞士花園3座,大坑道",10724.784652517406,0,1286,"{'bay_window': '', 'flat_roof': '', 'roof': '', 'ac_platform': '', 'plant_room': '', 'garden': '', 'yard': ''}",26.6,24.5316,20684,19075.89424572317,13012800950055,3913595,ASP,HJL,渣甸山,1971/06,1971,55,E,12.0,3,blank,SWISS TOWERS,瑞士花園,True,POINT Z (22.273377 114.1923543 0),22.273377,114.1923543
1516,2013-02-18,"SWISS TOWERS(Block 3),TAI HANG RD|瑞士花園3座,大坑道",10216.585144840896,0,1286,"{'bay_window': '', 'flat_roof': '', 'roof': '', 'ac_platform': '', 'plant_room': '', 'garden': '', 'yard': ''}",25.88,23.8676,20124,18559.564541213065,13022601050026,3935486,ASP,HJL,渣甸山,1971/06,1971,55,F,14.0,3,blank,SWISS TOWERS,瑞士花園,True,POINT Z (22.273377 114.1923543 0),22.273377,114.1923543
1517,2013-06-28,"SWISS TOWERS(Block 3),TAI HANG RD|瑞士花園3座,大坑道",9005.551022510044,0,1286,"{'bay_window': '', 'flat_roof': '', 'roof': '', 'ac_platform': '', 'plant_room': '', 'garden': '', 'yard': ''}",22.8,21.0271,17729,16350.777604976673,13071202220052,4006131,ASP,HJL,渣甸山,1971/06,1971,55,E,4.0,3,blank,SWISS TOWERS,瑞士花園,True,POINT Z (22.273377 114.1923543 0),22.273377,114.1923543
1518,2017-03-31,"SWISS TOWERS(Block 3),TAI HANG RD|瑞士花園3座,大坑道",8191.110998072387,0,1286,"{'bay_window': '', 'flat_roof': '', 'roof': '', 'ac_platform': '', 'plant_room': '', 'garden': '', 'yard': ''}",25.0,23.056,19440,17928.46034214619,17042000360026,4684515,PRO-ASP,HJL,渣甸山,1971/06,1971,55,E,9.0,3,blank,SWISS TOWERS,瑞士花園,True,POINT Z (22.273377 114.1923543 0),22.273377,114.1923543
1519,2019-01-28,"SWISS TOWERS(Block 3),TAI HANG RD|瑞士花園3座,大坑道",9994.586621031636,0,1286,"{'bay_window': '', 'flat_roof': '', 'roof': '', 'ac_platform': '', 'plant_room': '', 'garden': '', 'yard': ''}",31.28,31.28,24323,24323.48367029549,19022000410011,5500894,ASP,HJL,渣甸山,1971/06,1971,55,F,17.0,3,blank,SWISS TOWERS,瑞士花園,False,POINT Z (22.273377 114.1923543 0),22.273377,114.1923543
1520,2019-03-28,"SWISS TOWERS(Block 3),TAI HANG RD|瑞士花園3座,大坑道",9940.07259718609,0,1286,"{'bay_window': '', 'flat_roof': '', 'roof': '', 'ac_platform': '', 'plant_room': '', 'garden': '', 'yard': ''}",32.22,32.22,25054,25054.43234836703,19041500370038,5525937,PRE-ASP,HJL,渣甸山,1971/06,1971,55,F,14.0,3,blank,SWISS TOWERS,瑞士花園,False,POINT Z (22.273377 114.1923543 0),22.273377,114.1923543
1521,2019-04-02,"SWISS TOWERS(Block 3),TAI HANG RD|瑞士花園3座,大坑道",8890.688305115302,0,1286,"{'bay_window': '', 'flat_roof': '', 'roof': '', 'ac_platform': '', 'plant_room': '', 'garden': '', 'yard': ''}",29.5,29.5,22939,22939.3468118196,19042600240021,5532359,ASP,HJL,渣甸山,1971/06,1971,55,F,7.0,3,blank,SWISS TOWERS,瑞士花園,False,POINT Z (22.273377 114.1923543 0),22.273377,114.1923543
1522,2022-05-31,"SWISS TOWERS(Block 3),TAI HANG RD|瑞士花園3座,大坑道",9219.630916624516,0,1286,"{'bay_window': '', 'flat_roof': '', 'roof': '', 'ac_platform': '', 'plant_room': '', 'garden': '', 'yard': ''}",29.5,29.5,22939,22939.3468118196,22061401140107,6139416,ASP,HJL,渣甸山,1971/06,1971,55,F,11.0,3,blank,SWISS TOWERS,瑞士花園,False,POINT Z (22.273377 114.1923543 0),22.273377,114.1923543
1523,2023-01-09,"SWISS TOWERS(Block 3),TAI HANG RD|瑞士花園3座,大坑道",7050.429231218962,0,1286,"{'bay_window': '', 'flat_roof': '', 'roof': '', 'ac_platform': '', 'plant_room': '', 'garden': '', 'yard': ''}",20.0,20.0,15552,15552.099533437016,23020100640422,6231462,ASP,HJL,渣甸山,1971/06,1971,55,E,2.0,3,blank,SWISS TOWERS,瑞士花園,False,POINT Z (22.273377 114.1923543 0),22.273377,114.1923543
1524,1996-04-29,"CAVENDISH HEIGHTS(Block 4),PERKINS RD|嘉雲臺4座,白建時道",8958.764271323036,1819,1489,"{'bay_window': '', 'flat_roof': '', 'roof': '', 'ac_platform': '', 'plant_room': '', 'garden': '', 'yard': ''}",14.3,13.3396,9604,8958.764271323036,6618856,4834210,ASP,HJL,渣甸山,1986/12,1986,40,A,15.0,4,blank,CAVENDISH HEIGHTS,嘉雲臺,True,POINT Z (22.2703614 114.1926794 0),22.2703614,114.1926794
1525,1996-12-31,"CAVENDISH HEIGHTS(Block 4),PERKINS RD|嘉雲臺4座,白建時道",9397.313633310949,1819,1489,"{'bay_window': '47', 'flat_roof': '', 'roof': '', 'ac_platform': '', 'plant_room': '', 'garden': '', 'yard': ''}",15.0,13.9926,10074,9397.313633310949,6913277,4945387,ASP,HJL,渣甸山,1986/12,1986,40,A,1.0,4,blank,CAVENDISH HEIGHTS,嘉雲臺,True,POINT Z (22.2703614 114.1926794 0),22.2703614,114.1926794
1526,1997-03-21,"CAVENDISH HEIGHTS(Block 4),PERKINS RD|嘉雲臺4座,白建時道",12729.553814881105,1819,1489,"{'bay_window': '', 'flat_roof': '', 'roof': '', 'ac_platform': '', 'plant_room': '', 'garden': '', 'yard': ''}",22.8,21.2688,15312,14283.948959032909,7017707,5005977,ASP,HJL,渣甸山,1986/12,1986,40,B,21.0,4,blank,CAVENDISH HEIGHTS,嘉雲臺,True,POINT Z (22.2703614 114.1926794 0),22.2703614,114.1926794
1527,1997-05-09,"CAVENDISH HEIGHTS(Block 4),PERKINS RD|嘉雲臺4座,白建時道",10151.87157191249,1819,1489,"{'bay_window': '47', 'flat_roof': '', 'roof': '', 'ac_platform': '', 'plant_room': '', 'garden': '', 'yard': ''}",18.9,17.630699999999997,12693,11840.631296171923,7125160,5046765,ASP,HJL,渣甸山,1986/12,1986,40,A,6.0,4,blank,CAVENDISH HEIGHTS,嘉雲臺,True,POINT Z (22.2703614 114.1926794 0),22.2703614,114.1926794
1528,1997-12-31,"CAVENDISH HEIGHTS(Block 4),PERKINS RD|嘉雲臺4座,白建時道",8881.87574705433,1819,1489,"{'bay_window': '', 'flat_roof': '', 'roof': '', 'ac_platform': '', 'plant_room': '', 'garden': '', 'yard': ''}",15.7,14.6456,10544,9835.862995298858,7404382,5153767,PRO-ASP,HJL,渣甸山,1986/12,1986,40,A,5.0,4,blank,CAVENDISH HEIGHTS,嘉雲臺,True,POINT Z (22.2703614 114.1926794 0),22.2703614,114.1926794
1529,1997-12-24,"CAVENDISH HEIGHTS(Block 4),PERKINS RD|嘉雲臺4座,白建時道",7575.029045838445,1819,1489,"{'bay_window': '', 'flat_roof': '', 'roof': '', 'ac_platform': '', 'plant_room': '', 'garden': '', 'yard': ''}",13.39,12.4907,8993,8388.65010073875,7408391,5153559,ASP,HJL,渣甸山,1986/12,1986,40,B,3.0,4,blank,CAVENDISH HEIGHTS,嘉雲臺,True,POINT Z (22.2703614 114.1926794 0),22.2703614,114.1926794
1530,1998-01-27,"CAVENDISH HEIGHTS(Block 4),PERKINS RD|嘉雲臺4座,白建時道",9520.372512261236,1819,1489,"{'bay_window': '47', 'flat_roof': '', 'roof': '', 'ac_platform': '', 'plant_room': '', 'garden': '', 'yard': ''}",15.3,14.2725,10275,9585.292142377437,7418184,5160007,ASP,HJL,渣甸山,1986/12,1986,40,A,16.0,4,blank,CAVENDISH HEIGHTS,嘉雲臺,True,POINT Z (22.2703614 114.1926794 0),22.2703614,114.1926794
1531,1998-02-03,"CAVENDISH HEIGHTS(Block 4),PERKINS RD|嘉雲臺4座,白建時道",9629.994669997795,1819,1489,"{'bay_window': '', 'flat_roof': '', 'roof': '', 'ac_platform': '', 'plant_room': '', 'garden': '', 'yard': ''}",15.0,13.9926,10074,9397.313633310949,7421780,5161056,ASP,HJL,渣甸山,1986/12,1986,40,A,15.0,4,blank,CAVENDISH HEIGHTS,嘉雲臺,True,POINT Z (22.2703614 114.1926794 0),22.2703614,114.1926794
1532,1998-02-05,"CAVENDISH HEIGHTS(Block 4),PERKINS RD|嘉雲臺4座,白建時道",9629.994669997795,1819,1489,"{'bay_window': '', 'flat_roof': '', 'roof': '', 'ac_platform': '', 'plant_room': '', 'garden': '', 'yard': ''}",15.0,13.9926,10074,9397.313633310949,7422024,5161086,ASP,HJL,渣甸山,1986/12,1986,40,B,19.0,4,blank,CAVENDISH HEIGHTS,嘉雲臺,True,POINT Z (22.2703614 114.1926794 0),22.2703614,114.1926794
1533,1998-06-29,"CAVENDISH HEIGHTS(Block 4),PERKINS RD|嘉雲臺4座,白建時道",9227.434036114408,1819,1489,"{'bay_window': '', 'flat_roof': '', 'roof': '', 'ac_platform': '', 'plant_room': '', 'garden': '', 'yard': ''}",11.88,11.0821,7979,7442.646071188717,7521178,5208367,ASP,HJL,渣甸山,1986/12,1986,40,B,7.0,4,blank,CAVENDISH HEIGHTS,嘉雲臺,True,POINT Z (22.2703614 114.1926794 0),22.2703614,114.1926794
1534,1998-10-10,"CAVENDISH HEIGHTS(Block 4),PERKINS RD|嘉雲臺4座,白建時道",9794.696505802054,1819,1489,"{'bay_window': '', 'flat_roof': '', 'roof': '', 'ac_platform': '', 'plant_room': '', 'garden': '', 'yard': ''}",10.5,9.7948,7052,6578.106111484218,7596827,53921,ASP,HJL,渣甸山,1986/12,1986,40,B,18.0,4,blank,CAVENDISH HEIGHTS,嘉雲臺,True,POINT Z (22.2703614 114.1926794 0),22.2703614,114.1926794
1535,1998-10-14,"CAVENDISH HEIGHTS(Block 4),PERKINS RD|嘉雲臺4座,白建時道",7863.716909209597,1819,1489,"{'bay_window': '47', 'flat_roof': '', 'roof': '', 'ac_platform': '', 'plant_room': '', 'garden': '', 'yard': ''}",8.43,7.863799999999999,5662,5281.262592343854,7598904,55410,ASP,HJL,渣甸山,1986/12,1986,40,B,1.0,4,blank,CAVENDISH HEIGHTS,嘉雲臺,True,POINT Z (22.2703614 114.1926794 0),22.2703614,114.1926794
1536,1998-10-15,"CAVENDISH HEIGHTS(Block 4),PERKINS RD|嘉雲臺4座,白建時道",9794.696505802054,1819,1489,"{'bay_window': '', 'flat_roof': '', 'roof': '', 'ac_platform': '', 'plant_room': '', 'garden': '', 'yard': ''}",10.5,9.7948,7052,6578.106111484218,7600961,57537,ASP,HJL,渣甸山,1986/12,1986,40,A,18.0,4,blank,CAVENDISH HEIGHTS,嘉雲臺,True,POINT Z (22.2703614 114.1926794 0),22.2703614,114.1926794
1537,1998-10-14,"CAVENDISH HEIGHTS(Block 4),PERKINS RD|嘉雲臺4座,白建時道",9328.301433895933,1819,1489,"{'bay_window': '47', 'flat_roof': '', 'roof': '', 'ac_platform': '', 'plant_room': '', 'garden': '', 'yard': ''}",10.0,9.3284,6716,6264.875755540631,7602155,58571,ASP,HJL,渣甸山,1986/12,1986,40,A,11.0,4,blank,CAVENDISH HEIGHTS,嘉雲臺,True,POINT Z (22.2703614 114.1926794 0),22.2703614,114.1926794
1538,1998-10-19,"CAVENDISH HEIGHTS(Block 4),PERKINS RD|嘉雲臺4座,白建時道",9048.504390329608,1819,1489,"{'bay_window': '', 'flat_roof': '', 'roof': '', 'ac_platform': '', 'plant_room': '', 'garden': '', 'yard': ''}",9.7,9.0486,6514,6076.96440564137,7609986,65973,ASP,HJL,渣甸山,1986/12,1986,40,A,4.0,4,blank,CAVENDISH HEIGHTS,嘉雲臺,True,POINT Z (22.2703614 114.1926794 0),22.2703614,114.1926794
1539,1998-11-30,"CAVENDISH HEIGHTS(Block 4),PERKINS RD|嘉雲臺4座,白建時道",9868.51733614182,1819,1489,"{'bay_window': '', 'flat_roof': '', 'roof': '', 'ac_platform': '', 'plant_room': '', 'garden': '', 'yard': ''}",11.2,10.4478,7522,7016.6554734721285,7632060,92868,ASP,HJL,渣甸山,1986/12,1986,40,B,4.0,4,blank,CAVENDISH HEIGHTS,嘉雲臺,True,POINT Z (22.2703614 114.1926794 0),22.2703614,114.1926794
1540,1998-11-19,"CAVENDISH HEIGHTS(Block 4),PERKINS RD|嘉雲臺4座,白建時道",10088.78746409108,1819,1489,"{'bay_window': '', 'flat_roof': '', 'roof': '', 'ac_platform': '', 'plant_room': '', 'garden': '', 'yard': ''}",11.45,10.681,7690,7173.270651443922,7638336,100472,ASP,HJL,渣甸山,1986/12,1986,40,A,9.0,4,blank,CAVENDISH HEIGHTS,嘉雲臺,True,POINT Z (22.2703614 114.1926794 0),22.2703614,114.1926794
1541,1999-03-16,"CAVENDISH HEIGHTS(Block 4),PERKINS RD|嘉雲臺4座,白建時道",10803.224517885244,1819,1489,"{'bay_window': '47', 'flat_roof': '', 'roof': '', 'ac_platform': '', 'plant_room': '', 'garden': '', 'yard': ''}",12.25,11.4273,8227,7674.4795164539955,7731269,178128,ASP,HJL,渣甸山,1986/12,1986,40,B,5.0,4,blank,CAVENDISH HEIGHTS,嘉雲臺,True,POINT Z (22.2703614 114.1926794 0),22.2703614,114.1926794
1542,1999-06-21,"CAVENDISH HEIGHTS(Block 4),PERKINS RD|嘉雲臺4座,白建時道",10350.450938149428,1819,1489,"{'bay_window': '', 'flat_roof': '', 'roof': '', 'ac_platform': '', 'plant_room': '', 'garden': '', 'yard': ''}",12.3,11.4739,8261,7705.775688381464,7807297,249206,ASP,HJL,渣甸山,1986/12,1986,40,B,16.0,4,blank,CAVENDISH HEIGHTS,嘉雲臺,True,POINT Z (22.2703614 114.1926794 0),22.2703614,114.1926794
1543,1999-06-24,"CAVENDISH HEIGHTS(Block 4),PERKINS RD|嘉雲臺4座,白建時道",13043.26951731343,1819,1489,"{'bay_window': '47', 'flat_roof': '', 'roof': '1573', 'ac_platform': '', 'plant_room': '', 'garden': '', 'yard': ''}",15.5,14.459,10410,9710.543989254533,7815285,254585,ASP,HJL,渣甸山,1986/12,1986,40,A,24.0,4,blank,CAVENDISH HEIGHTS,嘉雲臺,True,POINT Z (22.2703614 114.1926794 0),22.2703614,114.1926794
1544,1999-07-19,"CAVENDISH HEIGHTS(Block 4),PERKINS RD|嘉雲臺4座,白建時道",10626.205873179766,1819,1489,"{'bay_window': '47', 'flat_roof': '', 'roof': '', 'ac_platform': '', 'plant_room': '', 'garden': '', 'yard': ''}",12.5,11.6605,8395,7831.094694425789,7844893,274922,ASP,HJL,渣甸山,1986/12,1986,40,B,10.0,4,blank,CAVENDISH HEIGHTS,嘉雲臺,True,POINT Z (22.2703614 114.1926794 0),22.2703614,114.1926794
1545,1999-08-09,"CAVENDISH HEIGHTS(Block 4),PERKINS RD|嘉雲臺4座,白建時道",10065.557241045068,1819,1489,"{'bay_window': '47', 'flat_roof': '', 'roof': '', 'ac_platform': '', 'plant_room': '', 'garden': '', 'yard': ''}",11.03,11.03,7408,7407.656145063801,7856011,281130,ASP,HJL,渣甸山,1986/12,1986,40,A,1.0,4,blank,CAVENDISH HEIGHTS,嘉雲臺,False,POINT Z (22.2703614 114.1926794 0),22.2703614,114.1926794
1546,1999-11-25,"CAVENDISH HEIGHTS(Block 4),PERKINS RD|嘉雲臺4座,白建時道",10303.595132617516,1819,1489,"{'bay_window': '47', 'flat_roof': '', 'roof': '', 'ac_platform': '', 'plant_room': '', 'garden': '', 'yard': ''}",10.85,10.1213,7287,6797.380792478173,7942711,349377,ASP,HJL,渣甸山,1986/12,1986,40,A,6.0,4,blank,CAVENDISH HEIGHTS,嘉雲臺,True,POINT Z (22.2703614 114.1926794 0),22.2703614,114.1926794
1547,2000-03-24,"CAVENDISH HEIGHTS(Block 4),PERKINS RD|嘉雲臺4座,白建時道",10656.625541355545,1819,1489,"{'bay_window': '', 'flat_roof': '', 'roof': '', 'ac_platform': '', 'plant_room': '', 'garden': '', 'yard': ''}",12.2,11.3807,8193,7643.183344526527,8053706,425215,PRO-ASP,HJL,渣甸山,1986/12,1986,40,B,9.0,4,blank,CAVENDISH HEIGHTS,嘉雲臺,True,POINT Z (22.2703614 114.1926794 0),22.2703614,114.1926794
1548,2000-06-03,"CAVENDISH HEIGHTS(Block 4),PERKINS RD|嘉雲臺4座,白建時道",11053.34674825792,1819,1489,"{'bay_window': '', 'flat_roof': '', 'roof': '', 'ac_platform': '', 'plant_room': '', 'garden': '', 'yard': ''}",11.3,10.5411,7589,7079.314976494292,8119792,473956,PRO-ASP,HJL,渣甸山,1986/12,1986,40,B,12.0,4,blank,CAVENDISH HEIGHTS,嘉雲臺,True,POINT Z (22.2703614 114.1926794 0),22.2703614,114.1926794
1549,2002-06-17,"CAVENDISH HEIGHTS(Block 4),PERKINS RD|嘉雲臺4座,白建時道",11506.64735841668,1819,1489,"{'bay_window': '', 'flat_roof': '', 'roof': '', 'ac_platform': '', 'plant_room': '', 'garden': '', 'yard': ''}",10.45,9.7482,7018,6546.80993955675,8722660,939036,ASP,HJL,渣甸山,1986/12,1986,40,A,20.0,4,blank,CAVENDISH HEIGHTS,嘉雲臺,True,POINT Z (22.2703614 114.1926794 0),22.2703614,114.1926794
1550,2002-07-02,"CAVENDISH HEIGHTS(Block 4),PERKINS RD|嘉雲臺4座,白建時道",10718.510116835878,1819,1489,"{'bay_window': '', 'flat_roof': '', 'roof': '', 'ac_platform': '', 'plant_room': '', 'garden': '', 'yard': ''}",9.5,8.862,6380,5951.645399597045,8732323,946674,ASP,HJL,渣甸山,1986/12,1986,40,B,3.0,4,blank,CAVENDISH HEIGHTS,嘉雲臺,True,POINT Z (22.2703614 114.1926794 0),22.2703614,114.1926794
1551,2003-06-13,"CAVENDISH HEIGHTS(Block 4),PERKINS RD|嘉雲臺4座,白建時道",10499.200127070651,1819,1489,"{'bay_window': '', 'flat_roof': '', 'roof': '', 'ac_platform': '', 'plant_room': '', 'garden': '', 'yard': ''}",8.2,7.649299999999999,5507,5137.206178643384,8962598,1122740,ASP,HJL,渣甸山,1986/12,1986,40,A,12.0,4,blank,CAVENDISH HEIGHTS,嘉雲臺,True,POINT Z (22.2703614 114.1926794 0),22.2703614,114.1926794
1552,2003-09-25,"CAVENDISH HEIGHTS(Block 4),PERKINS RD|嘉雲臺4座,白建時道",10445.650199409709,1819,1489,"{'bay_window': '47', 'flat_roof': '', 'roof': '', 'ac_platform': '', 'plant_room': '', 'garden': '', 'yard': ''}",8.5,7.9291,5709,5325.117528542646,9024067,1178512,ASP,HJL,渣甸山,1986/12,1986,40,A,13.0,4,blank,CAVENDISH HEIGHTS,嘉雲臺,True,POINT Z (22.2703614 114.1926794 0),22.2703614,114.1926794
1553,2004-07-14,"CAVENDISH HEIGHTS(Block 4),PERKINS RD|嘉雲臺4座,白建時道",13381.230253730924,1819,1489,"{'bay_window': '47', 'flat_roof': '', 'roof': '', 'ac_platform': '', 'plant_room': '', 'garden': '', 'yard': ''}",13.38,12.4814,8986,8382.404298186702,9290963,1390137,PRO-ASP,HJL,渣甸山,1986/12,1986,40,A,1.0,4,blank,CAVENDISH HEIGHTS,嘉雲臺,True,POINT Z (22.2703614 114.1926794 0),22.2703614,114.1926794
1554,2004-07-23,"CAVENDISH HEIGHTS(Block 4),PERKINS RD|嘉雲臺4座,白建時道",13421.219348581197,1819,1489,"{'bay_window': '47', 'flat_roof': '', 'roof': '', 'ac_platform': '', 'plant_room': '', 'garden': '', 'yard': ''}",13.42,12.5187,9013,8407.454667562122,9310988,1402832,ASP,HJL,渣甸山,1986/12,1986,40,B,10.0,4,blank,CAVENDISH HEIGHTS,嘉雲臺,True,POINT Z (22.2703614 114.1926794 0),22.2703614,114.1926794
1555,2004-09-28,"CAVENDISH HEIGHTS(Block 4),PERKINS RD|嘉雲臺4座,白建時道",14289.708361765524,1819,1489,"{'bay_window': '', 'flat_roof': '', 'roof': '', 'ac_platform': '', 'plant_room': '', 'garden': '', 'yard': ''}",15.6,14.5523,10477,9773.203492276696,9356953,1437139,PRO-ASP,HJL,渣甸山,1986/12,1986,40,B,23.0,4,blank,CAVENDISH HEIGHTS,嘉雲臺,True,POINT Z (22.2703614 114.1926794 0),22.2703614,114.1926794
1556,2004-10-14,"CAVENDISH HEIGHTS(Block 4),PERKINS RD|嘉雲臺4座,白建時道",12313.9547288417,1819,1489,"{'bay_window': '', 'flat_roof': '', 'roof': '', 'ac_platform': '', 'plant_room': '', 'garden': '', 'yard': ''}",14.4,13.4329,9671,9021.423774345198,9363200,1442373,ASP,HJL,渣甸山,1986/12,1986,40,B,2.0,4,blank,CAVENDISH HEIGHTS,嘉雲臺,True,POINT Z (22.2703614 114.1926794 0),22.2703614,114.1926794
1557,2005-04-21,"CAVENDISH HEIGHTS(Block 4),PERKINS RD|嘉雲臺4座,白建時道",13719.533935127976,1819,1489,"{'bay_window': '', 'flat_roof': '', 'roof': '', 'ac_platform': '', 'plant_room': '', 'garden': '', 'yard': ''}",16.43,15.3266,11034,10293.216924110142,5051303010079,1613978,ASP,HJL,渣甸山,1986/12,1986,40,A,10.0,4,blank,CAVENDISH HEIGHTS,嘉雲臺,True,POINT Z (22.2703614 114.1926794 0),22.2703614,114.1926794
1558,2005-05-31,"CAVENDISH HEIGHTS(Block 4),PERKINS RD|嘉雲臺4座,白建時道",14512.669867327626,1819,1489,"{'bay_window': '', 'flat_roof': '', 'roof': '', 'ac_platform': '', 'plant_room': '', 'garden': '', 'yard': ''}",17.5,16.3247,11753,10963.532572196104,5061501280435,1649403,ASP,HJL,渣甸山,1986/12,1986,40,A,23.0,4,blank,CAVENDISH HEIGHTS,嘉雲臺,True,POINT Z (22.2703614 114.1926794 0),22.2703614,114.1926794
1559,2005-05-30,"CAVENDISH HEIGHTS(Block 4),PERKINS RD|嘉雲臺4座,白建時道",13434.57870803476,1819,1489,"{'bay_window': '', 'flat_roof': '', 'roof': '', 'ac_platform': '', 'plant_room': '', 'garden': '', 'yard': ''}",16.2,15.111999999999998,10880,10149.093351242444,5061502050017,1649435,ASP,HJL,渣甸山,1986/12,1986,40,B,3.0,4,blank,CAVENDISH HEIGHTS,嘉雲臺,True,POINT Z (22.2703614 114.1926794 0),22.2703614,114.1926794
1560,2005-06-25,"CAVENDISH HEIGHTS(Block 4),PERKINS RD|嘉雲臺4座,白建時道",16876.494083630387,1819,1489,"{'bay_window': '', 'flat_roof': '', 'roof': '1573', 'ac_platform': '', 'plant_room': '', 'garden': '', 'yard': ''}",20.38,19.0113,13687,12767.83075889859,5071200880019,1675524,ASP,HJL,渣甸山,1986/12,1986,40,B,24.0,4,blank,CAVENDISH HEIGHTS,嘉雲臺,True,POINT Z (22.2703614 114.1926794 0),22.2703614,114.1926794
1561,2006-03-01,"CAVENDISH HEIGHTS(Block 4),PERKINS RD|嘉雲臺4座,白建時道",13237.48557682868,1819,1489,"{'bay_window': '47', 'flat_roof': '', 'roof': '', 'ac_platform': '', 'plant_room': '', 'garden': '', 'yard': ''}",15.72,14.6643,10557,9848.42175957018,6032501590157,1843357,ASP,HJL,渣甸山,1986/12,1986,40,B,10.0,4,blank,CAVENDISH HEIGHTS,嘉雲臺,True,POINT Z (22.2703614 114.1926794 0),22.2703614,114.1926794
1562,2006-03-13,"CAVENDISH HEIGHTS(Block 4),PERKINS RD|嘉雲臺4座,白建時道",12210.1210019776,1819,1489,"{'bay_window': '47', 'flat_roof': '', 'roof': '', 'ac_platform': '', 'plant_room': '', 'garden': '', 'yard': ''}",14.5,13.5262,9738,9084.08327736736,6032901560025,1846590,ASP,HJL,渣甸山,1986/12,1986,40,B,1.0,4,blank,CAVENDISH HEIGHTS,嘉雲臺,True,POINT Z (22.2703614 114.1926794 0),22.2703614,114.1926794
1563,2006-06-30,"CAVENDISH HEIGHTS(Block 4),PERKINS RD|嘉雲臺4座,白建時道",11862.1599059273,1819,1489,"{'bay_window': '47', 'flat_roof': '', 'roof': '', 'ac_platform': '', 'plant_room': '', 'garden': '', 'yard': ''}",14.5,13.5262,9738,9084.08327736736,6072002300038,1922552,PRO-ASP,HJL,渣甸山,1986/12,1986,40,A,1.0,4,blank,CAVENDISH HEIGHTS,嘉雲臺,True,POINT Z (22.2703614 114.1926794 0),22.2703614,114.1926794
1564,2006-08-11,"CAVENDISH HEIGHTS(Block 4),PERKINS RD|嘉雲臺4座,白建時道",17064.692995589947,1819,1489,"{'bay_window': '47', 'flat_roof': '', 'roof': '1573', 'ac_platform': '', 'plant_room': '', 'garden': '', 'yard': ''}",20.8,19.4031,13969,13030.960376091336,6083002130028,1950647,ASP,HJL,渣甸山,1986/12,1986,40,A,24.0,4,blank,CAVENDISH HEIGHTS,嘉雲臺,True,POINT Z (22.2703614 114.1926794 0),22.2703614,114.1926794
1565,2006-09-14,"CAVENDISH HEIGHTS(Block 4),PERKINS RD|嘉雲臺4座,白建時道",14688.889849592675,1819,1489,"{'bay_window': '', 'flat_roof': '', 'roof': '', 'ac_platform': '', 'plant_room': '', 'garden': '', 'yard': ''}",17.8,16.6046,11954,11151.511081262594,6092300580067,1969238,ASP,HJL,渣甸山,1986/12,1986,40,B,23.0,4,blank,CAVENDISH HEIGHTS,嘉雲臺,True,POINT Z (22.2703614 114.1926794 0),22.2703614,114.1926794
1566,2006-11-17,"CAVENDISH HEIGHTS(Block 4),PERKINS RD|嘉雲臺4座,白建時道",13615.750573987802,1819,1489,"{'bay_window': '', 'flat_roof': '', 'roof': '', 'ac_platform': '', 'plant_room': '', 'garden': '', 'yard': ''}",16.5,15.3919,11081,10337.071860308932,6112902190380,2012272,ASP,HJL,渣甸山,1986/12,1986,40,B,17.0,4,blank,CAVENDISH HEIGHTS,嘉雲臺,True,POINT Z (22.2703614 114.1926794 0),22.2703614,114.1926794
1567,2007-10-10,"CAVENDISH HEIGHTS(Block 4),PERKINS RD|嘉雲臺4座,白建時道",13111.423938626887,1819,1489,"{'bay_window': '', 'flat_roof': '', 'roof': '', 'ac_platform': '', 'plant_room': '', 'garden': '', 'yard': ''}",18.88,17.612,12680,11828.072531900603,7101601570014,2272333,ASP,HJL,渣甸山,1986/12,1986,40,A,5.0,4,blank,CAVENDISH HEIGHTS,嘉雲臺,True,POINT Z (22.2703614 114.1926794 0),22.2703614,114.1926794
1568,2009-08-10,"CAVENDISH HEIGHTS(Block 4),PERKINS RD|嘉雲臺4座,白建時道",17183.334871744104,1819,1489,"{'bay_window': '', 'flat_roof': '', 'roof': '1573', 'ac_platform': '', 'plant_room': '', 'garden': '', 'yard': ''}",28.68,26.7539,19261,17967.696440564137,9081302090053,2821722,ASP,HJL,渣甸山,1986/12,1986,40,B,24.0,4,blank,CAVENDISH HEIGHTS,嘉雲臺,True,POINT Z (22.2703614 114.1926794 0),22.2703614,114.1926794
1569,2009-09-03,"CAVENDISH HEIGHTS(Block 4),PERKINS RD|嘉雲臺4座,白建時道",12929.692763216446,1819,1489,"{'bay_window': '47', 'flat_roof': '', 'roof': '', 'ac_platform': '', 'plant_room': '', 'garden': '', 'yard': ''}",22.28,20.7837,14963,13958.159838818,9091101930011,2852349,ASP,HJL,渣甸山,1986/12,1986,40,B,5.0,4,blank,CAVENDISH HEIGHTS,嘉雲臺,True,POINT Z (22.2703614 114.1926794 0),22.2703614,114.1926794
1570,2010-08-26,"CAVENDISH HEIGHTS(Block 4),PERKINS RD|嘉雲臺4座,白建時道",13809.304600186855,1819,1489,"{'bay_window': '', 'flat_roof': '', 'roof': '', 'ac_platform': '', 'plant_room': '', 'garden': '', 'yard': ''}",28.0,26.1195,18805,17541.63868368032,10092200860170,3231695,PRO-ASP,HJL,渣甸山,1986/12,1986,40,A,15.0,4,blank,CAVENDISH HEIGHTS,嘉雲臺,True,POINT Z (22.2703614 114.1926794 0),22.2703614,114.1926794
1571,2010-10-05,"CAVENDISH HEIGHTS(Block 4),PERKINS RD|嘉雲臺4座,白建時道",13701.573552940405,1819,1489,"{'bay_window': '47', 'flat_roof': '', 'roof': '', 'ac_platform': '', 'plant_room': '', 'garden': '', 'yard': ''}",28.2,26.3061,18939,17666.957689724648,10102103190109,3264164,ASP,HJL,渣甸山,1986/12,1986,40,B,10.0,4,blank,CAVENDISH HEIGHTS,嘉雲臺,True,POINT Z (22.2703614 114.1926794 0),22.2703614,114.1926794
1572,2010-10-21,"CAVENDISH HEIGHTS(Block 4),PERKINS RD|嘉雲臺4座,白建時道",14187.475984982328,1819,1489,"{'bay_window': '47', 'flat_roof': '', 'roof': '', 'ac_platform': '', 'plant_room': '', 'garden': '', 'yard': ''}",29.2,27.239,19610,18293.485560779045,10110901960327,3287042,PRO-ASP,HJL,渣甸山,1986/12,1986,40,A,16.0,4,blank,CAVENDISH HEIGHTS,嘉雲臺,True,POINT Z (22.2703614 114.1926794 0),22.2703614,114.1926794
1573,2010-12-24,"CAVENDISH HEIGHTS(Block 4),PERKINS RD|嘉雲臺4座,白建時道",13752.747705949623,1819,1489,"{'bay_window': '', 'flat_roof': '', 'roof': '', 'ac_platform': '', 'plant_room': '', 'garden': '', 'yard': ''}",28.83,26.8938,19362,18061.652115513767,11011701380065,3361270,ASP,HJL,渣甸山,1986/12,1986,40,A,9.0,4,blank,CAVENDISH HEIGHTS,嘉雲臺,True,POINT Z (22.2703614 114.1926794 0),22.2703614,114.1926794
1574,2011-05-18,"CAVENDISH HEIGHTS(Block 4),PERKINS RD|嘉雲臺4座,白建時道",13448.968724702414,1819,1489,"{'bay_window': '', 'flat_roof': '', 'roof': '', 'ac_platform': '', 'plant_room': '', 'garden': '', 'yard': ''}",32.5,30.3173,21827,20360.84620550705,11052400520011,3484490,ASP,HJL,渣甸山,1986/12,1986,40,B,14.0,4,blank,CAVENDISH HEIGHTS,嘉雲臺,True,POINT Z (22.2703614 114.1926794 0),22.2703614,114.1926794
1575,2011-05-13,"CAVENDISH HEIGHTS(Block 4),PERKINS RD|嘉雲臺4座,白建時道",12828.27370767901,1819,1489,"{'bay_window': '', 'flat_roof': '', 'roof': '', 'ac_platform': '', 'plant_room': '', 'garden': '', 'yard': ''}",31.0,28.9181,20819,19421.15513767629,11052401530055,3484551,ASP,HJL,渣甸山,1986/12,1986,40,B,6.0,4,blank,CAVENDISH HEIGHTS,嘉雲臺,True,POINT Z (22.2703614 114.1926794 0),22.2703614,114.1926794
1576,2012-06-05,"CAVENDISH HEIGHTS(Block 4),PERKINS RD|嘉雲臺4座,白建時道",11360.93356498526,1819,1489,"{'bay_window': '47', 'flat_roof': '', 'roof': '', 'ac_platform': '', 'plant_room': '', 'garden': '', 'yard': ''}",29.0,27.0524,19476,18168.16655473472,12070301860044,3750029,ASP,HJL,渣甸山,1986/12,1986,40,B,1.0,4,blank,CAVENDISH HEIGHTS,嘉雲臺,True,POINT Z (22.2703614 114.1926794 0),22.2703614,114.1926794
1577,2012-09-18,"CAVENDISH HEIGHTS(Block 4),PERKINS RD|嘉雲臺4座,白建時道",12322.978227317244,1819,1489,"{'bay_window': '47', 'flat_roof': '', 'roof': '', 'ac_platform': '', 'plant_room': '', 'garden': '', 'yard': ''}",33.0,30.7837,22163,20674.07656145064,12101002690041,3821190,ASP,HJL,渣甸山,1986/12,1986,40,A,16.0,4,blank,CAVENDISH HEIGHTS,嘉雲臺,True,POINT Z (22.2703614 114.1926794 0),22.2703614,114.1926794
1578,2012-10-10,"CAVENDISH HEIGHTS(Block 4),PERKINS RD|嘉雲臺4座,白建時道",12722.209811577291,1819,1489,"{'bay_window': '47', 'flat_roof': '', 'roof': '', 'ac_platform': '', 'plant_room': '', 'garden': '', 'yard': ''}",35.0,32.6494,23506,21927.06514439221,12110602770054,3845342,PRO-ASP,HJL,渣甸山,1986/12,1986,40,B,15.0,4,blank,CAVENDISH HEIGHTS,嘉雲臺,True,POINT Z (22.2703614 114.1926794 0),22.2703614,114.1926794
1579,2016-10-31,"CAVENDISH HEIGHTS(Block 4),PERKINS RD|嘉雲臺4座,白建時道",10865.945385551402,1819,1489,"{'bay_window': '47', 'flat_roof': '', 'roof': '', 'ac_platform': '', 'plant_room': '', 'garden': '', 'yard': ''}",37.0,34.5151,24849,23180.05372733378,16111001890088,4594787,ASP,HJL,渣甸山,1986/12,1986,40,A,13.0,4,blank,CAVENDISH HEIGHTS,嘉雲臺,True,POINT Z (22.2703614 114.1926794 0),22.2703614,114.1926794
1580,2017-01-16,"CAVENDISH HEIGHTS(Block 4),PERKINS RD|嘉雲臺4座,白建時道",9411.068732366686,1819,1489,"{'bay_window': '47', 'flat_roof': '', 'roof': '', 'ac_platform': '', 'plant_room': '', 'garden': '', 'yard': ''}",32.18,30.0188,21612,20160.376091336468,17011900570014,4635371,ASP,HJL,渣甸山,1986/12,1986,40,A,1.0,4,blank,CAVENDISH HEIGHTS,嘉雲臺,True,POINT Z (22.2703614 114.1926794 0),22.2703614,114.1926794
1581,2018-05-02,"CAVENDISH HEIGHTS(Block 4),PERKINS RD|嘉雲臺4座,白建時道",10641.74175916449,1819,1489,"{'bay_window': '47', 'flat_roof': '', 'roof': '', 'ac_platform': '', 'plant_room': '', 'garden': '', 'yard': ''}",40.0,40.0,26864,26863.66689053056,18061200240033,5373480,ASP,HJL,渣甸山,1986/12,1986,40,A,16.0,4,blank,CAVENDISH HEIGHTS,嘉雲臺,False,POINT Z (22.2703614 114.1926794 0),22.2703614,114.1926794
1582,2019-04-17,"CAVENDISH HEIGHTS(Block 4),PERKINS RD|嘉雲臺4座,白建時道",14003.671526296826,1819,1489,"{'bay_window': '47', 'flat_roof': '', 'roof': '1573', 'ac_platform': '', 'plant_room': '', 'garden': '', 'yard': ''}",53.8,53.8,36132,36131.6319677636,19050802210112,5539734,ASP,HJL,渣甸山,1986/12,1986,40,A,24.0,4,blank,CAVENDISH HEIGHTS,嘉雲臺,False,POINT Z (22.2703614 114.1926794 0),22.2703614,114.1926794
1583,2020-05-25,"CAVENDISH HEIGHTS(Block 4),PERKINS RD|嘉雲臺4座,白建時道",11450.103899130718,1819,1489,"{'bay_window': '47', 'flat_roof': '', 'roof': '', 'ac_platform': '', 'plant_room': '', 'garden': '', 'yard': ''}",43.8,43.8,29416,29415.71524513096,20060801340064,5719291,ASP,HJL,渣甸山,1986/12,1986,40,B,1.0,4,blank,CAVENDISH HEIGHTS,嘉雲臺,False,POINT Z (22.2703614 114.1926794 0),22.2703614,114.1926794
1584,2021-07-05,"CAVENDISH HEIGHTS(Block 4),PERKINS RD|嘉雲臺4座,白建時道",12166.19303740532,1819,1489,"{'bay_window': '47', 'flat_roof': '', 'roof': '', 'ac_platform': '', 'plant_room': '', 'garden': '', 'yard': ''}",47.28,47.28,31753,31752.85426460712,21071600660166,5956897,ASP,HJL,渣甸山,1986/12,1986,40,A,11.0,4,blank,CAVENDISH HEIGHTS,嘉雲臺,False,POINT Z (22.2703614 114.1926794 0),22.2703614,114.1926794
1585,2022-01-13,"CAVENDISH HEIGHTS(Block 4),PERKINS RD|嘉雲臺4座,白建時道",12506.545266759147,1819,1489,"{'bay_window': '47', 'flat_roof': '', 'roof': '', 'ac_platform': '', 'plant_room': '', 'garden': '', 'yard': ''}",46.5,46.5,31229,31229.01276024177,22012601760067,6081823,ASP,HJL,渣甸山,1986/12,1986,40,B,5.0,4,blank,CAVENDISH HEIGHTS,嘉雲臺,False,POINT Z (22.2703614 114.1926794 0),22.2703614,114.1926794
1586,2022-05-11,"CAVENDISH HEIGHTS(Block 4),PERKINS RD|嘉雲臺4座,白建時道",12605.343098086198,1819,1489,"{'bay_window': '47', 'flat_roof': '', 'roof': '', 'ac_platform': '', 'plant_room': '', 'garden': '', 'yard': ''}",46.7,46.7,31363,31363.331094694426,22051802200045,6126772,ASP,HJL,渣甸山,1986/12,1986,40,B,10.0,4,blank,CAVENDISH HEIGHTS,嘉雲臺,False,POINT Z (22.2703614 114.1926794 0),22.2703614,114.1926794
1587,2022-05-30,"CAVENDISH HEIGHTS(Block 4),PERKINS RD|嘉雲臺4座,白建時道",13226.162993709286,1819,1489,"{'bay_window': '47', 'flat_roof': '', 'roof': '', 'ac_platform': '', 'plant_room': '', 'garden': '', 'yard': ''}",49.0,49.0,32908,32907.991940899934,22061500900074,6140008,ASP,HJL,渣甸山,1986/12,1986,40,A,16.0,4,blank,CAVENDISH HEIGHTS,嘉雲臺,False,POINT Z (22.2703614 114.1926794 0),22.2703614,114.1926794
1588,2022-11-16,"CAVENDISH HEIGHTS(Block 4),PERKINS RD|嘉雲臺4座,白建時道",13944.290430226636,1819,1489,"{'bay_window': '47', 'flat_roof': '', 'roof': '', 'ac_platform': '', 'plant_room': '', 'garden': '', 'yard': ''}",45.0,45.0,30222,30221.625251846875,23050801380098,6279476,ASP,HJL,渣甸山,1986/12,1986,40,B,8.0,4,blank,CAVENDISH HEIGHTS,嘉雲臺,False,POINT Z (22.2703614 114.1926794 0),22.2703614,114.1926794
1589,2023-07-19,"CAVENDISH HEIGHTS(Block 4),PERKINS RD|嘉雲臺4座,白建時道",14499.20574041622,1819,1489,"{'bay_window': '47', 'flat_roof': '', 'roof': '', 'ac_platform': '', 'plant_room': '', 'garden': '', 'yard': ''}",45.8,45.8,30759,30758.89858965749,23081500580013,6327913,ASP,HJL,渣甸山,1986/12,1986,40,A,6.0,4,blank,CAVENDISH HEIGHTS,嘉雲臺,False,POINT Z (22.2703614 114.1926794 0),22.2703614,114.1926794
1590,1996-10-30,"ELM TREE TOWER(Block A),CHUN FAI RD|愉富大廈A座,春暉道",10172.94046903187,2028,1663,"{'bay_window': '', 'flat_roof': '', 'roof': '', 'ac_platform': '', 'plant_room': '', 'garden': '', 'yard': ''}",18.0,16.9176,10824,10172.94046903187,6815301,4908821,ASP,HJL,渣甸山,1983/11,1983,43,1,29.0,A,blank,ELM TREE TOWER,愉富大廈,True,POINT Z (22.273643 114.193771 0),22.273643,114.193771
1591,1996-11-30,"ELM TREE TOWER(Block A),CHUN FAI RD|愉富大廈A座,春暉道",9438.244137101625,2028,1663,"{'bay_window': '', 'flat_roof': '', 'roof': '', 'ac_platform': '', 'plant_room': '', 'garden': '', 'yard': ''}",16.7,15.695799999999998,10042,9438.244137101625,6867033,4928551,ASP,HJL,渣甸山,1983/11,1983,43,2,19.0,A,blank,ELM TREE TOWER,愉富大廈,True,POINT Z (22.273643 114.193771 0),22.273643,114.193771
1592,1996-12-03,"ELM TREE TOWER(Block A),CHUN FAI RD|愉富大廈A座,春暉道",10907.636800962116,2028,1663,"{'bay_window': '', 'flat_roof': '', 'roof': '', 'ac_platform': '', 'plant_room': '', 'garden': '', 'yard': ''}",19.3,18.1394,11606,10907.636800962116,6883103,4936597,ASP,HJL,渣甸山,1983/11,1983,43,1,25.0,A,blank,ELM TREE TOWER,愉富大廈,True,POINT Z (22.273643 114.193771 0),22.273643,114.193771
1593,1996-12-30,"ELM TREE TOWER(Block A),CHUN FAI RD|愉富大廈A座,春暉道",7799.278412507517,2028,1663,"{'bay_window': '', 'flat_roof': '', 'roof': '', 'ac_platform': '', 'plant_room': '', 'garden': '', 'yard': ''}",13.8,12.9702,8298,7799.278412507517,6894503,4944300,ASP,HJL,渣甸山,1983/11,1983,43,1,3.0,A,blank,ELM TREE TOWER,愉富大廈,True,POINT Z (22.273643 114.193771 0),22.273643,114.193771
1594,1997-01-02,"ELM TREE TOWER(Block A),CHUN FAI RD|愉富大廈A座,春暉道",9494.768490679497,2028,1663,"{'bay_window': '', 'flat_roof': '', 'roof': '', 'ac_platform': '', 'plant_room': '', 'garden': '', 'yard': ''}",16.8,15.7898,10102,9494.768490679497,6911245,4963547,ASP,HJL,渣甸山,1983/11,1983,43,2,15.0,A,blank,ELM TREE TOWER,愉富大廈,True,POINT Z (22.273643 114.193771 0),22.273643,114.193771
1595,1996-12-27,"ELM TREE TOWER(Block A),CHUN FAI RD|愉富大廈A座,春暉道",11190.258568851474,2028,1663,"{'bay_window': '', 'flat_roof': '', 'roof': '', 'ac_platform': '', 'plant_room': '', 'garden': '', 'yard': ''}",19.8,18.6094,11906,11190.258568851474,6914326,4945463,ASP,HJL,渣甸山,1983/11,1983,43,2,28.0,A,blank,ELM TREE TOWER,愉富大廈,True,POINT Z (22.273643 114.193771 0),22.273643,114.193771
1596,1996-12-31,"ELM TREE TOWER(Block A),CHUN FAI RD|愉富大廈A座,春暉道",7629.705351773902,2028,1663,"{'bay_window': '', 'flat_roof': '', 'roof': '', 'ac_platform': '', 'plant_room': '', 'garden': '', 'yard': ''}",13.5,12.6882,8118,7629.705351773902,6927865,4947440,ASP,HJL,渣甸山,1983/11,1983,43,2,2.0,A,blank,ELM TREE TOWER,愉富大廈,True,POINT Z (22.273643 114.193771 0),22.273643,114.193771
1597,1997-01-23,"ELM TREE TOWER(Block A),CHUN FAI RD|愉富大廈A座,春暉道",8364.401683704149,2028,1663,"{'bay_window': '', 'flat_roof': '', 'roof': '', 'ac_platform': '', 'plant_room': '', 'garden': '', 'yard': ''}",14.8,13.91,8900,8364.401683704149,6931152,4968988,ASP,HJL,渣甸山,1983/11,1983,43,2,5.0,A,blank,ELM TREE TOWER,愉富大廈,True,POINT Z (22.273643 114.193771 0),22.273643,114.193771
1598,1997-01-27,"ELM TREE TOWER(Block A),CHUN FAI RD|愉富大廈A座,春暉道",8261.575466025255,2028,1663,"{'bay_window': '', 'flat_roof': '', 'roof': '', 'ac_platform': '', 'plant_room': '', 'garden': '', 'yard': ''}",14.618,13.739,8790,8261.575466025255,6935406,4971692,ASP,HJL,渣甸山,1983/11,1983,43,1,9.0,A,blank,ELM TREE TOWER,愉富大廈,True,POINT Z (22.273643 114.193771 0),22.273643,114.193771
1599,1997-01-23,"ELM TREE TOWER(Block A),CHUN FAI RD|愉富大廈A座,春暉道",9901.683704149127,2028,1663,"{'bay_window': '', 'flat_roof': '', 'roof': '', 'ac_platform': '', 'plant_room': '', 'garden': '', 'yard': ''}",17.52,16.4665,10535,9901.683704149127,6940216,4973475,ASP,HJL,渣甸山,1983/11,1983,43,1,17.0,A,blank,ELM TREE TOWER,愉富大廈,True,POINT Z (22.273643 114.193771 0),22.273643,114.193771
1600,1997-01-23,"ELM TREE TOWER(Block A),CHUN FAI RD|愉富大廈A座,春暉道",12761.395069152137,2028,1663,"{'bay_window': '', 'flat_roof': '', 'roof': '', 'ac_platform': '', 'plant_room': '', 'garden': '', 'yard': ''}",22.58,21.2222,13578,12761.395069152137,7023616,5001154,ASP,HJL,渣甸山,1983/11,1983,43,1,30.0,A,blank,ELM TREE TOWER,愉富大廈,True,POINT Z (22.273643 114.193771 0),22.273643,114.193771
1601,1997-07-21,"ELM TREE TOWER(Block A),CHUN FAI RD|愉富大廈A座,春暉道",10885.00642941878,2028,1615,"{'bay_window': '', 'flat_roof': '', 'roof': '', 'ac_platform': '', 'plant_room': '', 'garden': '', 'yard': ''}",22.0,20.6378,13622,12778.823529411764,7209659,5085254,ASP,HJL,渣甸山,1983/11,1983,43,1,26.0,A,blank,ELM TREE TOWER,愉富大廈,True,POINT Z (22.273643 114.193771 0),22.273643,114.193771
1602,1997-07-24,"ELM TREE TOWER(Block A),CHUN FAI RD|愉富大廈A座,春暉道",7817.417544259385,2028,1615,"{'bay_window': '', 'flat_roof': '', 'roof': '', 'ac_platform': '', 'plant_room': '', 'garden': '', 'yard': ''}",15.8,14.8217,9783,9177.523219814242,7211940,5085790,ASP,HJL,渣甸山,1983/11,1983,43,1,12.0,A,blank,ELM TREE TOWER,愉富大廈,True,POINT Z (22.273643 114.193771 0),22.273643,114.193771
1603,1997-07-24,"ELM TREE TOWER(Block A),CHUN FAI RD|愉富大廈A座,春暉道",7955.920809547611,2028,1615,"{'bay_window': '', 'flat_roof': '', 'roof': '', 'ac_platform': '', 'plant_room': '', 'garden': '', 'yard': ''}",16.08,15.0843,9957,9340.123839009288,7225211,5088694,ASP,HJL,渣甸山,1983/11,1983,43,1,5.0,A,blank,ELM TREE TOWER,愉富大廈,True,POINT Z (22.273643 114.193771 0),22.273643,114.193771
1604,1997-08-13,"ELM TREE TOWER(Block A),CHUN FAI RD|愉富大廈A座,春暉道",8316.465426433035,2028,1615,"{'bay_window': '', 'flat_roof': '', 'roof': '', 'ac_platform': '', 'plant_room': '', 'garden': '', 'yard': ''}",17.18,16.1162,10638,9979.07120743034,7241203,5095294,ASP,HJL,渣甸山,1983/11,1983,43,1,6.0,A,blank,ELM TREE TOWER,愉富大廈,True,POINT Z (22.273643 114.193771 0),22.273643,114.193771
1605,1997-10-30,"ELM TREE TOWER(Block A),CHUN FAI RD|愉富大廈A座,春暉道",7145.804047752155,2028,1615,"{'bay_window': '', 'flat_roof': '', 'roof': '', 'ac_platform': '', 'plant_room': '', 'garden': '', 'yard': ''}",15.12,14.1838,9362,8782.538699690402,7349847,5137431,ASP,HJL,渣甸山,1983/11,1983,43,2,1.0,A,blank,ELM TREE TOWER,愉富大廈,True,POINT Z (22.273643 114.193771 0),22.273643,114.193771
1606,1997-10-31,"ELM TREE TOWER(Block A),CHUN FAI RD|愉富大廈A座,春暉道",7693.989257946823,2028,1615,"{'bay_window': '', 'flat_roof': '', 'roof': '', 'ac_platform': '', 'plant_room': '', 'garden': '', 'yard': ''}",16.28,15.2719,10081,9456.284829721362,7350070,5136760,ASP,HJL,渣甸山,1983/11,1983,43,2,9.0,A,blank,ELM TREE TOWER,愉富大廈,True,POINT Z (22.273643 114.193771 0),22.273643,114.193771
1607,1997-11-05,"ELM TREE TOWER(Block A),CHUN FAI RD|愉富大廈A座,春暉道",11573.669903801125,2028,1615,"{'bay_window': '', 'flat_roof': '', 'roof': '', 'ac_platform': '', 'plant_room': '', 'garden': '', 'yard': ''}",23.0,21.5759,14241,13359.69040247678,7368190,5144326,ASP,HJL,渣甸山,1983/11,1983,43,1,22.0,A,blank,ELM TREE TOWER,愉富大廈,True,POINT Z (22.273643 114.193771 0),22.273643,114.193771
1608,1997-12-19,"ELM TREE TOWER(Block A),CHUN FAI RD|愉富大廈A座,春暉道",8497.177717538489,2028,1615,"{'bay_window': '', 'flat_roof': '', 'roof': '', 'ac_platform': '', 'plant_room': '', 'garden': '', 'yard': ''}",16.2,15.1969,10031,9409.84520123839,7398420,5150810,ASP,HJL,渣甸山,1983/11,1983,43,1,11.0,A,blank,ELM TREE TOWER,愉富大廈,True,POINT Z (22.273643 114.193771 0),22.273643,114.193771
1609,1998-01-02,"ELM TREE TOWER(Block A),CHUN FAI RD|愉富大廈A座,春暉道",8394.214772704401,2028,1615,"{'bay_window': '', 'flat_roof': '', 'roof': '', 'ac_platform': '', 'plant_room': '', 'garden': '', 'yard': ''}",14.55,13.6491,9009,8451.455108359132,7400768,5157322,ASP,HJL,渣甸山,1983/11,1983,43,2,2.0,A,blank,ELM TREE TOWER,愉富大廈,True,POINT Z (22.273643 114.193771 0),22.273643,114.193771
1610,1998-03-06,"ELM TREE TOWER(Block A),CHUN FAI RD|愉富大廈A座,春暉道",11561.616689938784,2028,1615,"{'bay_window': '', 'flat_roof': '', 'roof': '', 'ac_platform': '', 'plant_room': '', 'garden': '', 'yard': ''}",19.1,17.9173,11827,11094.303405572757,7445800,5175606,ASP,HJL,渣甸山,1983/11,1983,43,1,30.0,A,blank,ELM TREE TOWER,愉富大廈,True,POINT Z (22.273643 114.193771 0),22.273643,114.193771
1611,1998-03-24,"ELM TREE TOWER(Block A),CHUN FAI RD|愉富大廈A座,春暉道",10169.43215272933,2028,1615,"{'bay_window': '', 'flat_roof': '', 'roof': '', 'ac_platform': '', 'plant_room': '', 'garden': '', 'yard': ''}",16.8,15.7598,10402,9758.390092879255,7449501,5177971,ASP,HJL,渣甸山,1983/11,1983,43,2,19.0,A,blank,ELM TREE TOWER,愉富大廈,True,POINT Z (22.273643 114.193771 0),22.273643,114.193771
1612,1998-05-23,"ELM TREE TOWER(Block A),CHUN FAI RD|愉富大廈A座,春暉道",9738.482171481215,2028,1615,"{'bay_window': '', 'flat_roof': '', 'roof': '', 'ac_platform': '', 'plant_room': '', 'garden': '', 'yard': ''}",15.09,14.1556,9344,8765.077399380805,7504512,5202188,ASP,HJL,渣甸山,1983/11,1983,43,1,8.0,A,blank,ELM TREE TOWER,愉富大廈,True,POINT Z (22.273643 114.193771 0),22.273643,114.193771
1613,2000-08-01,"ELM TREE TOWER(Block A),CHUN FAI RD|愉富大廈A座,春暉道",11317.722624657625,2028,1615,"{'bay_window': '', 'flat_roof': '', 'roof': '', 'ac_platform': '', 'plant_room': '', 'garden': '', 'yard': ''}",12.78,11.9887,7913,7423.343653250774,8163734,510697,ASP,HJL,渣甸山,1983/11,1983,43,1,23.0,A,blank,ELM TREE TOWER,愉富大廈,True,POINT Z (22.273643 114.193771 0),22.273643,114.193771
1614,2001-02-22,"ELM TREE TOWER(Block A),CHUN FAI RD|愉富大廈A座,春暉道",10499.916896191558,2028,1615,"{'bay_window': '', 'flat_roof': '', 'roof': '', 'ac_platform': '', 'plant_room': '', 'garden': '', 'yard': ''}",11.48,10.7692,7108,6668.235294117647,8341818,643036,ASP,HJL,渣甸山,1983/11,1983,43,1,5.0,A,blank,ELM TREE TOWER,愉富大廈,True,POINT Z (22.273643 114.193771 0),22.273643,114.193771
1615,2002-12-27,"ELM TREE TOWER(Block A),CHUN FAI RD|愉富大廈A座,春暉道",14123.051372768488,2028,1615,"{'bay_window': '', 'flat_roof': '', 'roof': '', 'ac_platform': '', 'plant_room': '', 'garden': '', 'yard': ''}",12.6,11.8198,7802,7318.761609907121,8852423,1039957,ASP,HJL,渣甸山,1983/11,1983,43,1,26.0,A,blank,ELM TREE TOWER,愉富大廈,True,POINT Z (22.273643 114.193771 0),22.273643,114.193771
1616,2003-01-10,"ELM TREE TOWER(Block A),CHUN FAI RD|愉富大廈A座,春暉道",12092.023710528809,2028,1615,"{'bay_window': '', 'flat_roof': '', 'roof': '', 'ac_platform': '', 'plant_room': '', 'garden': '', 'yard': ''}",10.5,9.8498,6502,6098.9473684210525,8860950,1048033,ASP,HJL,渣甸山,1983/11,1983,43,1,27.0,A,blank,ELM TREE TOWER,愉富大廈,True,POINT Z (22.273643 114.193771 0),22.273643,114.193771
1617,2003-12-19,"ELM TREE TOWER(Block A),CHUN FAI RD|愉富大廈A座,春暉道",13942.12089050655,2028,1615,"{'bay_window': '', 'flat_roof': '', 'roof': '', 'ac_platform': '', 'plant_room': '', 'garden': '', 'yard': ''}",13.38,12.5515,8285,7771.826625386997,9095986,1236576,ASP,HJL,渣甸山,1983/11,1983,43,1,23.0,A,blank,ELM TREE TOWER,愉富大廈,True,POINT Z (22.273643 114.193771 0),22.273643,114.193771
1618,2004-05-11,"ELM TREE TOWER(Block A),CHUN FAI RD|愉富大廈A座,春暉道",12750.411568702171,2028,1615,"{'bay_window': '', 'flat_roof': '', 'roof': '', 'ac_platform': '', 'plant_room': '', 'garden': '', 'yard': ''}",15.3,14.3526,9474,8887.058823529413,9235179,1350173,ASP,HJL,渣甸山,1983/11,1983,43,1,21.0,A,blank,ELM TREE TOWER,愉富大廈,True,POINT Z (22.273643 114.193771 0),22.273643,114.193771
1619,2004-09-07,"ELM TREE TOWER(Block A),CHUN FAI RD|愉富大廈A座,春暉道",9021.124816710098,2028,1615,"{'bay_window': '', 'flat_roof': '', 'roof': '', 'ac_platform': '', 'plant_room': '', 'garden': '', 'yard': ''}",10.622,9.9643,6577,6169.845201238391,9336224,1419377,MEM-ASP,HJL,渣甸山,1983/11,1983,43,2,3.0,A,blank,ELM TREE TOWER,愉富大廈,True,POINT Z (22.273643 114.193771 0),22.273643,114.193771
1620,2005-02-07,"ELM TREE TOWER(Block A),CHUN FAI RD|愉富大廈A座,春暉道",9672.015156511594,2028,1615,"{'bay_window': '', 'flat_roof': '', 'roof': '', 'ac_platform': '', 'plant_room': '', 'garden': '', 'yard': ''}",12.8,12.0074,7926,7434.922600619195,5030800410623,1550751,ASP,HJL,渣甸山,1983/11,1983,43,1,1.0,A,blank,ELM TREE TOWER,愉富大廈,True,POINT Z (22.273643 114.193771 0),22.273643,114.193771
1621,2006-09-13,"ELM TREE TOWER(Block A),CHUN FAI RD|愉富大廈A座,春暉道",13941.064554532752,2028,1615,"{'bay_window': '', 'flat_roof': '', 'roof': '', 'ac_platform': '', 'plant_room': '', 'garden': '', 'yard': ''}",18.221,17.0928,11282,10583.777089783282,6092601300105,1970792,ASP,HJL,渣甸山,1983/11,1983,43,2,21.0,A,blank,ELM TREE TOWER,愉富大廈,True,POINT Z (22.273643 114.193771 0),22.273643,114.193771
1622,2007-03-12,"ELM TREE TOWER(Block A),CHUN FAI RD|愉富大廈A座,春暉道",15876.745651115556,2028,1615,"{'bay_window': '', 'flat_roof': '', 'roof': '', 'ac_platform': '', 'plant_room': '', 'garden': '', 'yard': ''}",21.6,20.262500000000003,13375,12546.439628482976,7032400980170,2092249,ASP,HJL,渣甸山,1983/11,1983,43,1,22.0,A,blank,ELM TREE TOWER,愉富大廈,True,POINT Z (22.273643 114.193771 0),22.273643,114.193771
1623,2007-07-10,"ELM TREE TOWER(Block A),CHUN FAI RD|愉富大廈A座,春暉道",15870.134208734418,2028,1615,"{'bay_window': '', 'flat_roof': '', 'roof': '', 'ac_platform': '', 'plant_room': '', 'garden': '', 'yard': ''}",23.03,21.604000000000003,14260,13377.089783281735,7071301330218,2188501,ASP,HJL,渣甸山,1983/11,1983,43,1,21.0,A,blank,ELM TREE TOWER,愉富大廈,True,POINT Z (22.273643 114.193771 0),22.273643,114.193771
1624,2008-08-27,"ELM TREE TOWER(Block A),CHUN FAI RD|愉富大廈A座,春暉道",15020.429049407934,2028,1615,"{'bay_window': '', 'flat_roof': '', 'roof': '', 'ac_platform': '', 'plant_room': '', 'garden': '', 'yard': ''}",26.01,24.399500000000003,16105,15108.049535603715,8090500490142,2598740,MEM-ASP,HJL,渣甸山,1983/11,1983,43,2,22.0,A,blank,ELM TREE TOWER,愉富大廈,True,POINT Z (22.273643 114.193771 0),22.273643,114.193771
1625,2008-08-27,"ELM TREE TOWER(Block A),CHUN FAI RD|愉富大廈A座,春暉道",16175.363656248,2028,1615,"{'bay_window': '', 'flat_roof': '', 'roof': '', 'ac_platform': '', 'plant_room': '', 'garden': '', 'yard': ''}",28.01,26.2756,17344,16269.721362229102,8090500490150,2598741,MEM-ASP,HJL,渣甸山,1983/11,1983,43,2,27.0,A,blank,ELM TREE TOWER,愉富大廈,True,POINT Z (22.273643 114.193771 0),22.273643,114.193771
1626,2009-09-09,"ELM TREE TOWER(Block A),CHUN FAI RD|愉富大廈A座,春暉道",11665.0663323261,2028,1615,"{'bay_window': '', 'flat_roof': '', 'roof': '', 'ac_platform': '', 'plant_room': '', 'garden': '', 'yard': ''}",21.68,20.3376,13424,12592.941176470587,9091101690010,2852310,ASP,HJL,渣甸山,1983/11,1983,43,1,9.0,A,blank,ELM TREE TOWER,愉富大廈,True,POINT Z (22.273643 114.193771 0),22.273643,114.193771
1627,2009-11-12,"ELM TREE TOWER(Block A),CHUN FAI RD|愉富大廈A座,春暉道",15882.72746516324,2028,1615,"{'bay_window': '', 'flat_roof': '', 'roof': '', 'ac_platform': '', 'plant_room': '', 'garden': '', 'yard': ''}",30.2,28.33,18700,17541.795665634676,9112703020069,2929409,MEM-ASP,HJL,渣甸山,1983/11,1983,43,2,24.0,A,blank,ELM TREE TOWER,愉富大廈,True,POINT Z (22.273643 114.193771 0),22.273643,114.193771
1628,2009-11-12,"ELM TREE TOWER(Block A),CHUN FAI RD|愉富大廈A座,春暉道",12201.332128064952,2028,1615,"{'bay_window': '', 'flat_roof': '', 'roof': '', 'ac_platform': '', 'plant_room': '', 'garden': '', 'yard': ''}",23.2,21.7635,14365,13475.851393188854,9120902780062,2938631,MEM-ASP,HJL,渣甸山,1983/11,1983,43,2,8.0,A,blank,ELM TREE TOWER,愉富大廈,True,POINT Z (22.273643 114.193771 0),22.273643,114.193771
1629,2010-07-29,"ELM TREE TOWER(Block A),CHUN FAI RD|愉富大廈A座,春暉道",12640.47350762118,2028,1615,"{'bay_window': '', 'flat_roof': '', 'roof': '', 'ac_platform': '', 'plant_room': '', 'garden': '', 'yard': ''}",27.2,25.5158,16842,15799.256965944272,10081902060010,3194054,MEM-ASP,HJL,渣甸山,1983/11,1983,43,1,10.0,A,blank,ELM TREE TOWER,愉富大廈,True,POINT Z (22.273643 114.193771 0),22.273643,114.193771
1630,2010-07-29,"ELM TREE TOWER(Block A),CHUN FAI RD|愉富大廈A座,春暉道",13105.20626918458,2028,1615,"{'bay_window': '', 'flat_roof': '', 'roof': '', 'ac_platform': '', 'plant_room': '', 'garden': '', 'yard': ''}",28.2,26.4539,17461,16380.123839009288,10082400520050,3198751,MEM-ASP,HJL,渣甸山,1983/11,1983,43,2,6.0,A,blank,ELM TREE TOWER,愉富大廈,True,POINT Z (22.273643 114.193771 0),22.273643,114.193771
1631,2010-07-29,"ELM TREE TOWER(Block A),CHUN FAI RD|愉富大廈A座,春暉道",14917.619453471656,2028,1615,"{'bay_window': '', 'flat_roof': '', 'roof': '', 'ac_platform': '', 'plant_room': '', 'garden': '', 'yard': ''}",32.1,30.1124,19876,18645.44891640867,10082501720077,3200321,MEM-ASP,HJL,渣甸山,1983/11,1983,43,1,20.0,A,blank,ELM TREE TOWER,愉富大廈,True,POINT Z (22.273643 114.193771 0),22.273643,114.193771
1632,2011-01-17,"ELM TREE TOWER(Block A),CHUN FAI RD|愉富大廈A座,春暉道",15980.398241595416,2028,1615,"{'bay_window': '', 'flat_roof': '', 'roof': '', 'ac_platform': '', 'plant_room': '', 'garden': '', 'yard': ''}",37.2,34.89660000000001,23034,21607.801857585146,11021102550247,3384681,ASP,HJL,渣甸山,1983/11,1983,43,2,24.0,A,blank,ELM TREE TOWER,愉富大廈,True,POINT Z (22.273643 114.193771 0),22.273643,114.193771
1633,2011-03-22,"ELM TREE TOWER(Block A),CHUN FAI RD|愉富大廈A座,春暉道",12354.289843069508,2028,1615,"{'bay_window': '', 'flat_roof': '', 'roof': '', 'ac_platform': '', 'plant_room': '', 'garden': '', 'yard': ''}",30.9,28.9867,19133,17948.42105263158,11041402750118,3447184,MEM-ASP,HJL,渣甸山,1983/11,1983,43,2,16.0,A,blank,ELM TREE TOWER,愉富大廈,True,POINT Z (22.273643 114.193771 0),22.273643,114.193771
1634,2011-04-04,"ELM TREE TOWER(Block A),CHUN FAI RD|愉富大廈A座,春暉道",14895.753621816952,2028,1615,"{'bay_window': '', 'flat_roof': '', 'roof': '', 'ac_platform': '', 'plant_room': '', 'garden': '', 'yard': ''}",38.0,35.6471,23529,22072.50773993808,11042903480024,3461470,ASP,HJL,渣甸山,1983/11,1983,43,2,21.0,A,blank,ELM TREE TOWER,愉富大廈,True,POINT Z (22.273643 114.193771 0),22.273643,114.193771
1635,2011-07-06,"ELM TREE TOWER(Block A),CHUN FAI RD|愉富大廈A座,春暉道",13368.863249220354,2028,1615,"{'bay_window': '', 'flat_roof': '', 'roof': '', 'ac_platform': '', 'plant_room': '', 'garden': '', 'yard': ''}",34.6,32.4576,21424,20097.58513931889,11080200920051,3543473,MEM-ASP,HJL,渣甸山,1983/11,1983,43,2,26.0,A,blank,ELM TREE TOWER,愉富大廈,True,POINT Z (22.273643 114.193771 0),22.273643,114.193771
1636,2011-07-06,"ELM TREE TOWER(Block A),CHUN FAI RD|愉富大廈A座,春暉道",14064.334436132156,2028,1615,"{'bay_window': '', 'flat_roof': '', 'roof': '', 'ac_platform': '', 'plant_room': '', 'garden': '', 'yard': ''}",36.4,34.1461,22539,21143.0959752322,11080302760051,3544469,MEM-ASP,HJL,渣甸山,1983/11,1983,43,1,28.0,A,blank,ELM TREE TOWER,愉富大廈,True,POINT Z (22.273643 114.193771 0),22.273643,114.193771
1637,2012-05-08,"ELM TREE TOWER(Block A),CHUN FAI RD|愉富大廈A座,春暉道",13931.781135471032,2028,1615,"{'bay_window': '', 'flat_roof': '', 'roof': '', 'ac_platform': '', 'plant_room': '', 'garden': '', 'yard': ''}",38.2,35.834700000000005,23653,22188.66873065016,12052901040019,3724861,MEM-ASP,HJL,渣甸山,1983/11,1983,43,1,24.0,A,blank,ELM TREE TOWER,愉富大廈,True,POINT Z (22.273643 114.193771 0),22.273643,114.193771
1638,2012-05-08,"ELM TREE TOWER(Block A),CHUN FAI RD|愉富大廈A座,春暉道",10394.124917779658,2028,1615,"{'bay_window': '', 'flat_roof': '', 'roof': '', 'ac_platform': '', 'plant_room': '', 'garden': '', 'yard': ''}",28.5,26.7353,17647,16554.3653250774,12060600520016,3731226,MEM-ASP,HJL,渣甸山,1983/11,1983,43,2,10.0,A,blank,ELM TREE TOWER,愉富大廈,True,POINT Z (22.273643 114.193771 0),22.273643,114.193771
1639,2012-09-18,"ELM TREE TOWER(Block A),CHUN FAI RD|愉富大廈A座,春暉道",10975.317888670996,2028,1615,"{'bay_window': '', 'flat_roof': '', 'roof': '', 'ac_platform': '', 'plant_room': '', 'garden': '', 'yard': ''}",31.7,29.7372,19628,18413.12693498452,12100400870012,3816287,MEM-ASP,HJL,渣甸山,1983/11,1983,43,2,13.0,A,blank,ELM TREE TOWER,愉富大廈,True,POINT Z (22.273643 114.193771 0),22.273643,114.193771
1640,2012-09-18,"ELM TREE TOWER(Block A),CHUN FAI RD|愉富大廈A座,春暉道",13710.47405029223,2028,1615,"{'bay_window': '', 'flat_roof': '', 'roof': '', 'ac_platform': '', 'plant_room': '', 'garden': '', 'yard': ''}",39.6,37.148,24520,23001.85758513932,12100503000084,3817697,MEM-ASP,HJL,渣甸山,1983/11,1983,43,2,25.0,A,blank,ELM TREE TOWER,愉富大廈,True,POINT Z (22.273643 114.193771 0),22.273643,114.193771
1641,2013-02-08,"ELM TREE TOWER(Block A),CHUN FAI RD|愉富大廈A座,春暉道",14388.57684111395,2028,1615,"{'bay_window': '', 'flat_roof': '', 'roof': '', 'ac_platform': '', 'plant_room': '', 'garden': '', 'yard': ''}",45.0,42.2136,27864,26138.4520123839,13022202890033,3933220,ASP,HJL,渣甸山,1983/11,1983,43,1,30.0,A,blank,ELM TREE TOWER,愉富大廈,True,POINT Z (22.273643 114.193771 0),22.273643,114.193771
1642,2014-08-09,"ELM TREE TOWER(Block A),CHUN FAI RD|愉富大廈A座,春暉道",12022.9900512426,2028,1615,"{'bay_window': '', 'flat_roof': '', 'roof': '', 'ac_platform': '', 'plant_room': '', 'garden': '', 'yard': ''}",39.5,37.0542,24458,22943.77708978328,14090501980016,4198860,PRO-ASP,HJL,渣甸山,1983/11,1983,43,2,19.0,A,blank,ELM TREE TOWER,愉富大廈,True,POINT Z (22.273643 114.193771 0),22.273643,114.193771
1643,2014-08-29,"ELM TREE TOWER(Block A),CHUN FAI RD|愉富大廈A座,春暉道",13270.935548273548,2028,1615,"{'bay_window': '', 'flat_roof': '', 'roof': '', 'ac_platform': '', 'plant_room': '', 'garden': '', 'yard': ''}",43.6,40.9003,26997,25325.263157894737,14092601450031,4211826,MEM-ASP,HJL,渣甸山,1983/11,1983,43,2,30.0,A,blank,ELM TREE TOWER,愉富大廈,True,POINT Z (22.273643 114.193771 0),22.273643,114.193771
1644,2014-09-30,"ELM TREE TOWER(Block A),CHUN FAI RD|愉富大廈A座,春暉道",9062.758557769326,2028,1615,"{'bay_window': '', 'flat_roof': '', 'roof': '', 'ac_platform': '', 'plant_room': '', 'garden': '', 'yard': ''}",30.28,28.4051,18749,17588.297213622292,14101602350017,4223784,PRO-ASP,HJL,渣甸山,1983/11,1983,43,1,8.0,A,blank,ELM TREE TOWER,愉富大廈,True,POINT Z (22.273643 114.193771 0),22.273643,114.193771
1645,2014-09-30,"ELM TREE TOWER(Block A),CHUN FAI RD|愉富大廈A座,春暉道",10415.579092138076,2028,1615,"{'bay_window': '', 'flat_roof': '', 'roof': '', 'ac_platform': '', 'plant_room': '', 'garden': '', 'yard': ''}",34.8,32.6452,21548,20213.74613003096,14102200450161,4227694,ASP,HJL,渣甸山,1983/11,1983,43,1,12.0,A,blank,ELM TREE TOWER,愉富大廈,True,POINT Z (22.273643 114.193771 0),22.273643,114.193771
1646,2015-02-04,"ELM TREE TOWER(Block A),CHUN FAI RD|愉富大廈A座,春暉道",11933.81272941285,2028,1615,"{'bay_window': '', 'flat_roof': '', 'roof': '', 'ac_platform': '', 'plant_room': '', 'garden': '', 'yard': ''}",42.0,39.3994,26006,24395.913312693498,15022301100107,4302999,ASP,HJL,渣甸山,1983/11,1983,43,1,21.0,A,blank,ELM TREE TOWER,愉富大廈,True,POINT Z (22.273643 114.193771 0),22.273643,114.193771
1647,2015-02-05,"ELM TREE TOWER(Block A),CHUN FAI RD|愉富大廈A座,春暉道",7842.209408702368,2028,1615,"{'bay_window': '', 'flat_roof': '', 'roof': '', 'ac_platform': '', 'plant_room': '', 'garden': '', 'yard': ''}",27.6,25.891,17090,16031.578947368422,15022601980108,4305800,MEM-ASP,HJL,渣甸山,1983/11,1983,43,2,4.0,A,blank,ELM TREE TOWER,愉富大廈,True,POINT Z (22.273643 114.193771 0),22.273643,114.193771
1648,2015-02-05,"ELM TREE TOWER(Block A),CHUN FAI RD|愉富大廈A座,春暉道",10967.73467491298,2028,1615,"{'bay_window': '', 'flat_roof': '', 'roof': '', 'ac_platform': '', 'plant_room': '', 'garden': '', 'yard': ''}",38.6,36.209900000000005,23901,22420.99071207431,15022700200024,4307522,MEM-ASP,HJL,渣甸山,1983/11,1983,43,2,20.0,A,blank,ELM TREE TOWER,愉富大廈,True,POINT Z (22.273643 114.193771 0),22.273643,114.193771
1649,2015-02-05,"ELM TREE TOWER(Block A),CHUN FAI RD|愉富大廈A座,春暉道",8325.263580615332,2028,1615,"{'bay_window': '', 'flat_roof': '', 'roof': '', 'ac_platform': '', 'plant_room': '', 'garden': '', 'yard': ''}",29.3,27.4858,18142,17019.07120743034,15030402050075,4310300,MEM-ASP,HJL,渣甸山,1983/11,1983,43,1,7.0,A,blank,ELM TREE TOWER,愉富大廈,True,POINT Z (22.273643 114.193771 0),22.273643,114.193771
1650,2015-08-25,"ELM TREE TOWER(Block A),CHUN FAI RD|愉富大廈A座,春暉道",9474.559245922608,2028,1615,"{'bay_window': '', 'flat_roof': '', 'roof': '', 'ac_platform': '', 'plant_room': '', 'garden': '', 'yard': ''}",34.6,32.4576,21424,20097.58513931889,15090700660130,4411351,MEM-ASP,HJL,渣甸山,1983/11,1983,43,1,15.0,A,blank,ELM TREE TOWER,愉富大廈,True,POINT Z (22.273643 114.193771 0),22.273643,114.193771
1651,2015-08-25,"ELM TREE TOWER(Block A),CHUN FAI RD|愉富大廈A座,春暉道",9885.299790970228,2028,1615,"{'bay_window': '', 'flat_roof': '', 'roof': '', 'ac_platform': '', 'plant_room': '', 'garden': '', 'yard': ''}",36.1,33.8647,22353,20968.854489164085,15091601980013,4416382,MEM-ASP,HJL,渣甸山,1983/11,1983,43,2,14.0,A,blank,ELM TREE TOWER,愉富大廈,True,POINT Z (22.273643 114.193771 0),22.273643,114.193771
1652,2015-08-25,"ELM TREE TOWER(Block A),CHUN FAI RD|愉富大廈A座,春暉道",9584.082273782651,2028,1615,"{'bay_window': '', 'flat_roof': '', 'roof': '', 'ac_platform': '', 'plant_room': '', 'garden': '', 'yard': ''}",35.0,32.8328,21672,20329.907120743035,15092300370018,4419808,MEM-ASP,HJL,渣甸山,1983/11,1983,43,1,13.0,A,blank,ELM TREE TOWER,愉富大廈,True,POINT Z (22.273643 114.193771 0),22.273643,114.193771
1653,2016-08-17,"ELM TREE TOWER(Block A),CHUN FAI RD|愉富大廈A座,春暉道",13282.046324349343,2028,1615,"{'bay_window': '', 'flat_roof': '', 'roof': '', 'ac_platform': '', 'plant_room': '', 'garden': '', 'yard': ''}",45.5,42.6827,28173,26428.91640866873,16090800460136,4557808,ASP,HJL,渣甸山,1983/11,1983,43,1,28.0,A,blank,ELM TREE TOWER,愉富大廈,True,POINT Z (22.273643 114.193771 0),22.273643,114.193771
1654,2016-12-16,"ELM TREE TOWER(Block A),CHUN FAI RD|愉富大廈A座,春暉道",8558.265103439879,2028,1615,"{'bay_window': '', 'flat_roof': '', 'roof': '', 'ac_platform': '', 'plant_room': '', 'garden': '', 'yard': ''}",31.81,29.8403,19697,18476.965944272444,16123001350019,4623665,MEM-ASP,HJL,渣甸山,1983/11,1983,43,1,4.0,A,blank,ELM TREE TOWER,愉富大廈,True,POINT Z (22.273643 114.193771 0),22.273643,114.193771
1655,2017-04-13,"ELM TREE TOWER(Block A),CHUN FAI RD|愉富大廈A座,春暉道",8603.666104192847,2028,1615,"{'bay_window': '', 'flat_roof': '', 'roof': '', 'ac_platform': '', 'plant_room': '', 'garden': '', 'yard': ''}",33.0,30.9567,20433,19168.235294117647,17050901520022,4696238,MEM-ASP,HJL,渣甸山,1983/11,1983,43,2,6.0,A,blank,ELM TREE TOWER,愉富大廈,True,POINT Z (22.273643 114.193771 0),22.273643,114.193771
1656,2017-06-15,"ELM TREE TOWER(Block A),CHUN FAI RD|愉富大廈A座,春暉道",11175.17458426077,2028,1615,"{'bay_window': '', 'flat_roof': '', 'roof': '', 'ac_platform': '', 'plant_room': '', 'garden': '', 'yard': ''}",44.15,41.4163,27337,25644.767801857583,17062600420019,4726184,MEM-ASP,HJL,渣甸山,1983/11,1983,43,1,19.0,A,blank,ELM TREE TOWER,愉富大廈,True,POINT Z (22.273643 114.193771 0),22.273643,114.193771
1657,2017-07-11,"ELM TREE TOWER(Block A),CHUN FAI RD|愉富大廈A座,春暉道",10388.779705744644,2028,1615,"{'bay_window': '', 'flat_roof': '', 'roof': '', 'ac_platform': '', 'plant_room': '', 'garden': '', 'yard': ''}",40.8,38.2737,25263,23698.885448916408,17081001740040,4752305,ASP,HJL,渣甸山,1983/11,1983,43,2,21.0,A,blank,ELM TREE TOWER,愉富大廈,True,POINT Z (22.273643 114.193771 0),22.273643,114.193771
1658,2018-02-14,"ELM TREE TOWER(Block A),CHUN FAI RD|愉富大廈A座,春暉道",12294.939878246594,2028,1615,"{'bay_window': '', 'flat_roof': '', 'roof': '', 'ac_platform': '', 'plant_room': '', 'garden': '', 'yard': ''}",48.665,48.665,30133,30133.12693498452,18022801440045,5310664,MEM-ASP,HJL,渣甸山,1983/11,1983,43,2,29.0,A,blank,ELM TREE TOWER,愉富大廈,False,POINT Z (22.273643 114.193771 0),22.273643,114.193771
1659,2018-02-20,"ELM TREE TOWER(Block A),CHUN FAI RD|愉富大廈A座,春暉道",9163.412501469307,2028,1615,"{'bay_window': '', 'flat_roof': '', 'roof': '', 'ac_platform': '', 'plant_room': '', 'garden': '', 'yard': ''}",36.27,36.27,22458,22458.204334365324,18031200480015,5317014,MEM-ASP,HJL,渣甸山,1983/11,1983,43,2,7.0,A,blank,ELM TREE TOWER,愉富大廈,False,POINT Z (22.273643 114.193771 0),22.273643,114.193771
1660,2018-04-13,"ELM TREE TOWER(Block A),CHUN FAI RD|愉富大廈A座,春暉道",9295.40873529378,2028,1615,"{'bay_window': '', 'flat_roof': '', 'roof': '', 'ac_platform': '', 'plant_room': '', 'garden': '', 'yard': ''}",38.0,38.0,23529,23529.41176470588,18050400420031,5349442,PRE-ASP,HJL,渣甸山,1983/11,1983,43,1,8.0,A,blank,ELM TREE TOWER,愉富大廈,False,POINT Z (22.273643 114.193771 0),22.273643,114.193771
1661,2018-07-03,"ELM TREE TOWER(Block A),CHUN FAI RD|愉富大廈A座,春暉道",9820.50172431901,2028,1615,"{'bay_window': '', 'flat_roof': '', 'roof': '', 'ac_platform': '', 'plant_room': '', 'garden': '', 'yard': ''}",42.0,42.0,26006,26006.1919504644,18071700200012,5396644,ASP,HJL,渣甸山,1983/11,1983,43,2,10.0,A,blank,ELM TREE TOWER,愉富大廈,False,POINT Z (22.273643 114.193771 0),22.273643,114.193771
1662,2018-11-21,"ELM TREE TOWER(Block A),CHUN FAI RD|愉富大廈A座,春暉道",12062.97833892318,2028,1615,"{'bay_window': '', 'flat_roof': '', 'roof': '', 'ac_platform': '', 'plant_room': '', 'garden': '', 'yard': ''}",46.9,46.9,29040,29040.24767801857,18112901380146,5467192,MEM-ASP,HJL,渣甸山,1983/11,1983,43,2,18.0,A,blank,ELM TREE TOWER,愉富大廈,False,POINT Z (22.273643 114.193771 0),22.273643,114.193771
1663,2019-04-01,"ELM TREE TOWER(Block A),CHUN FAI RD|愉富大廈A座,春暉道",9599.34945511111,2028,1615,"{'bay_window': '', 'flat_roof': '', 'roof': '', 'ac_platform': '', 'plant_room': '', 'garden': '', 'yard': ''}",40.0,40.0,24768,24767.80185758514,19042402310041,5531266,ASP,HJL,渣甸山,1983/11,1983,43,2,3.0,A,blank,ELM TREE TOWER,愉富大廈,False,POINT Z (22.273643 114.193771 0),22.273643,114.193771
1664,2019-04-30,"ELM TREE TOWER(Block A),CHUN FAI RD|愉富大廈A座,春暉道",10122.514000414669,2028,1615,"{'bay_window': '', 'flat_roof': '', 'roof': '', 'ac_platform': '', 'plant_room': '', 'garden': '', 'yard': ''}",42.18,42.18,26118,26117.647058823528,19051400760011,5542529,ASP,HJL,渣甸山,1983/11,1983,43,2,12.0,A,blank,ELM TREE TOWER,愉富大廈,False,POINT Z (22.273643 114.193771 0),22.273643,114.193771
1665,2020-03-15,"ELM TREE TOWER(Block A),CHUN FAI RD|愉富大廈A座,春暉道",9645.265191109009,2028,1615,"{'bay_window': '', 'flat_roof': '', 'roof': '', 'ac_platform': '', 'plant_room': '', 'garden': '', 'yard': ''}",39.8,39.8,24644,24643.96284829721,20040600520026,5692959,PRO-ASP,HJL,渣甸山,1983/11,1983,43,2,26.0,A,blank,ELM TREE TOWER,愉富大廈,False,POINT Z (22.273643 114.193771 0),22.273643,114.193771
1666,2020-06-05,"ELM TREE TOWER(Block A),CHUN FAI RD|愉富大廈A座,春暉道",9511.085802643116,2028,1615,"{'bay_window': '', 'flat_roof': '', 'roof': '', 'ac_platform': '', 'plant_room': '', 'garden': '', 'yard': ''}",39.0,39.0,24149,24148.60681114551,20061000840020,5720673,ASP,HJL,渣甸山,1983/11,1983,43,1,3.0,A,blank,ELM TREE TOWER,愉富大廈,False,POINT Z (22.273643 114.193771 0),22.273643,114.193771
1667,2020-07-14,"ELM TREE TOWER(Block A),CHUN FAI RD|愉富大廈A座,春暉道",10576.955637934929,2028,1615,"{'bay_window': '', 'flat_roof': '', 'roof': '', 'ac_platform': '', 'plant_room': '', 'garden': '', 'yard': ''}",43.5,43.5,26935,26934.98452012384,20072101980083,5742920,ASP,HJL,渣甸山,1983/11,1983,43,1,10.0,A,blank,ELM TREE TOWER,愉富大廈,False,POINT Z (22.273643 114.193771 0),22.273643,114.193771
1668,2021-03-19,"ELM TREE TOWER(Block A),CHUN FAI RD|愉富大廈A座,春暉道",10773.975243874484,2028,1615,"{'bay_window': '', 'flat_roof': '', 'roof': '', 'ac_platform': '', 'plant_room': '', 'garden': '', 'yard': ''}",44.18,44.18,27356,27356.037151702785,21041301630019,5890494,PRE-ASP,HJL,渣甸山,1983/11,1983,43,1,12.0,A,blank,ELM TREE TOWER,愉富大廈,False,POINT Z (22.273643 114.193771 0),22.273643,114.193771
1669,2023-10-10,"ELM TREE TOWER(Block A),CHUN FAI RD|愉富大廈A座,春暉道",16281.315992913434,2028,1615,"{'bay_window': '', 'flat_roof': '', 'roof': '', 'ac_platform': '', 'plant_room': '', 'garden': '', 'yard': ''}",54.2,54.2,33560,33560.37151702787,24062101540025,6440128,ASP,HJL,渣甸山,1983/11,1983,43,2,2.0,A,blank,ELM TREE TOWER,愉富大廈,False,POINT Z (22.273643 114.193771 0),22.273643,114.193771
1670,2025-10-21,"ELM TREE TOWER(Block A),CHUN FAI RD|愉富大廈A座,春暉道",14067.093071762894,2028,1615,"{'bay_window': '', 'flat_roof': '', 'roof': '', 'ac_platform': '', 'plant_room': '', 'garden': '', 'yard': ''}",42.5,42.5,26316,26315.78947368421,25111000400351,6686757,ASP,HJL,渣甸山,1983/11,1983,43,2,21.0,A,blank,ELM TREE TOWER,愉富大廈,False,POINT Z (22.273643 114.193771 0),22.273643,114.193771
1671,1998-02-02,"FLORA GARDEN(Block 2),CHUN FAI RD|慧景園2座,春暉道",9063.873067135515,1533,1199,"{'bay_window': '18', 'flat_roof': '', 'roof': '', 'ac_platform': '', 'plant_room': '', 'garden': '', 'yard': ''}",11.57,10.605,9650,8844.870725604671,7417158,5160148,ASP,HJL,渣甸山,1987/10,1987,39,A,16.0,2,blank,FLORA GARDEN,慧景園,True,POINT Z (22.2732729 114.1943978 0),22.2732729,114.1943978
1672,1998-04-27,"FLORA GARDEN(Block 2),CHUN FAI RD|慧景園2座,春暉道",10627.076845564836,1533,1199,"{'bay_window': '18', 'flat_roof': '', 'roof': '', 'ac_platform': '', 'plant_room': '', 'garden': '', 'yard': ''}",13.2,12.0991,11009,10090.992493744789,7482160,5192380,ASP,HJL,渣甸山,1987/10,1987,39,A,18.0,2,blank,FLORA GARDEN,慧景園,True,POINT Z (22.2732729 114.1943978 0),22.2732729,114.1943978
1673,1998-12-09,"FLORA GARDEN(Block 2),CHUN FAI RD|慧景園2座,春暉道",9636.467510182694,1533,1199,"{'bay_window': '18', 'flat_roof': '', 'roof': '', 'ac_platform': '', 'plant_room': '', 'garden': '', 'yard': ''}",9.2,8.432699999999999,7673,7033.110925771474,7638508,100503,ASP,HJL,渣甸山,1987/10,1987,39,A,9.0,2,blank,FLORA GARDEN,慧景園,True,POINT Z (22.2732729 114.1943978 0),22.2732729,114.1943978
1674,1999-01-11,"FLORA GARDEN(Block 2),CHUN FAI RD|慧景園2座,春暉道",10034.081607668231,1533,1199,"{'bay_window': '18', 'flat_roof': '', 'roof': '', 'ac_platform': '', 'plant_room': '', 'garden': '', 'yard': ''}",9.5,8.707699999999999,7923,7262.468723936614,7671126,129091,ASP,HJL,渣甸山,1987/10,1987,39,A,15.0,2,blank,FLORA GARDEN,慧景園,True,POINT Z (22.2732729 114.1943978 0),22.2732729,114.1943978
1675,1999-09-21,"FLORA GARDEN(Block 2),CHUN FAI RD|慧景園2座,春暉道",8909.657600225244,1533,1199,"{'bay_window': '18', 'flat_roof': '', 'roof': '', 'ac_platform': '', 'plant_room': '', 'garden': '', 'yard': ''}",8.3,7.607800000000001,6922,6345.120934111761,7887050,303554,ASP,HJL,渣甸山,1987/10,1987,39,A,3.0,2,blank,FLORA GARDEN,慧景園,True,POINT Z (22.2732729 114.1943978 0),22.2732729,114.1943978
1676,2000-08-24,"FLORA GARDEN(Block 2),CHUN FAI RD|慧景園2座,春暉道",10932.57798669369,1533,1199,"{'bay_window': '18', 'flat_roof': '', 'roof': '', 'ac_platform': '', 'plant_room': '', 'garden': '', 'yard': ''}",9.38,8.597700000000001,7823,7170.725604670561,8181929,524470,ASP,HJL,渣甸山,1987/10,1987,39,A,19.0,2,blank,FLORA GARDEN,慧景園,True,POINT Z (22.2732729 114.1943978 0),22.2732729,114.1943978
1677,2001-03-21,"FLORA GARDEN(Block 2),CHUN FAI RD|慧景園2座,春暉道",9193.351865958022,1518,1187,"{'bay_window': '18', 'flat_roof': '', 'roof': '', 'ac_platform': '', 'plant_room': '', 'garden': '', 'yard': ''}",7.5,6.8682,6318,5786.183656276327,8362380,661472,ASP,HJL,渣甸山,1987/10,1987,39,B,5.0,2,blank,FLORA GARDEN,慧景園,True,POINT Z (22.2732729 114.1943978 0),22.2732729,114.1943978
1678,2002-03-25,"FLORA GARDEN(Block 2),CHUN FAI RD|慧景園2座,春暉道",9613.0457627521,1533,1199,"{'bay_window': '18', 'flat_roof': '', 'roof': '', 'ac_platform': '', 'plant_room': '', 'garden': '', 'yard': ''}",7.1,6.5078,5922,5427.68974145121,8659833,889804,ASP,HJL,渣甸山,1987/10,1987,39,A,8.0,2,blank,FLORA GARDEN,慧景園,True,POINT Z (22.2732729 114.1943978 0),22.2732729,114.1943978
1679,2002-07-25,"FLORA GARDEN(Block 2),CHUN FAI RD|慧景園2座,春暉道",11462.546856325962,1518,1187,"{'bay_window': '18', 'flat_roof': '', 'roof': '', 'ac_platform': '', 'plant_room': '', 'garden': '', 'yard': ''}",8.25,7.555,6950,6364.785172704296,8749300,959074,ASP,HJL,渣甸山,1987/10,1987,39,B,12.0,2,blank,FLORA GARDEN,慧景園,True,POINT Z (22.2732729 114.1943978 0),22.2732729,114.1943978
1680,2004-01-19,"FLORA GARDEN(Block 2),CHUN FAI RD|慧景園2座,春暉道",9922.283705857302,1533,1199,"{'bay_window': '18', 'flat_roof': '', 'roof': '', 'ac_platform': '', 'plant_room': '', 'garden': '', 'yard': ''}",7.85,7.1953,6547,6001.084236864053,9120946,1253087,ASP,HJL,渣甸山,1987/10,1987,39,A,9.0,2,blank,FLORA GARDEN,慧景園,True,POINT Z (22.2732729 114.1943978 0),22.2732729,114.1943978
1681,2004-01-08,"FLORA GARDEN(Block 2),CHUN FAI RD|慧景園2座,春暉道",10842.475426805177,1518,1187,"{'bay_window': '18', 'flat_roof': '', 'roof': '', 'ac_platform': '', 'plant_room': '', 'garden': '', 'yard': ''}",8.5,7.7839,7161,6557.624262847515,9122651,1254023,PRO-ASP,HJL,渣甸山,1987/10,1987,39,B,18.0,2,blank,FLORA GARDEN,慧景園,True,POINT Z (22.2732729 114.1943978 0),22.2732729,114.1943978
1682,2004-11-16,"FLORA GARDEN(Block 2),CHUN FAI RD|慧景園2座,春暉道",10941.6347263076,1518,1187,"{'bay_window': '18', 'flat_roof': '', 'roof': '', 'ac_platform': '', 'plant_room': '', 'garden': '', 'yard': ''}",10.15,9.2949,8551,7830.581297388374,9403947,1477443,ASP,HJL,渣甸山,1987/10,1987,39,B,11.0,2,blank,FLORA GARDEN,慧景園,True,POINT Z (22.2732729 114.1943978 0),22.2732729,114.1943978
1683,2006-07-31,"FLORA GARDEN(Block 2),CHUN FAI RD|慧景園2座,春暉道",10965.200471326456,1518,1187,"{'bay_window': '18', 'flat_roof': '', 'roof': '', 'ac_platform': '', 'plant_room': '', 'garden': '', 'yard': ''}",11.0,10.0733,9267,8486.352148272957,6080401420015,1932678,ASP,HJL,渣甸山,1987/10,1987,39,B,9.0,2,blank,FLORA GARDEN,慧景園,True,POINT Z (22.2732729 114.1943978 0),22.2732729,114.1943978
1684,2006-08-10,"FLORA GARDEN(Block 2),CHUN FAI RD|慧景園2座,春暉道",10511.677401686891,1533,1199,"{'bay_window': '18', 'flat_roof': '', 'roof': '', 'ac_platform': '', 'plant_room': '', 'garden': '', 'yard': ''}",10.5,9.6243,8757,8026.939115929941,6082400190061,1947025,PRO-ASP,HJL,渣甸山,1987/10,1987,39,A,3.0,2,blank,FLORA GARDEN,慧景園,True,POINT Z (22.2732729 114.1943978 0),22.2732729,114.1943978
1685,2007-04-11,"FLORA GARDEN(Block 2),CHUN FAI RD|慧景園2座,春暉道",12182.588073305677,1518,1187,"{'bay_window': '18', 'flat_roof': '', 'roof': '', 'ac_platform': '', 'plant_room': '', 'garden': '', 'yard': ''}",12.8,11.7217,10783,9875.063184498737,7050301190025,2121279,PRO-ASP,HJL,渣甸山,1987/10,1987,39,B,11.0,2,blank,FLORA GARDEN,慧景園,True,POINT Z (22.2732729 114.1943978 0),22.2732729,114.1943978
1686,2007-06-06,"FLORA GARDEN(Block 2),CHUN FAI RD|慧景園2座,春暉道",11925.4554949104,1533,1199,"{'bay_window': '18', 'flat_roof': '', 'roof': '', 'ac_platform': '', 'plant_room': '', 'garden': '', 'yard': ''}",12.98,11.8974,10826,9922.76897414512,7062601470029,2170761,ASP,HJL,渣甸山,1987/10,1987,39,A,11.0,2,blank,FLORA GARDEN,慧景園,True,POINT Z (22.2732729 114.1943978 0),22.2732729,114.1943978
1687,2007-06-14,"FLORA GARDEN(Block 2),CHUN FAI RD|慧景園2座,春暉道",12109.287974087916,1533,1199,"{'bay_window': '18', 'flat_roof': '', 'roof': '', 'ac_platform': '', 'plant_room': '', 'garden': '', 'yard': ''}",13.18,12.0808,10992,10075.729774812344,7070402330050,2178796,ASP,HJL,渣甸山,1987/10,1987,39,A,17.0,2,blank,FLORA GARDEN,慧景園,True,POINT Z (22.2732729 114.1943978 0),22.2732729,114.1943978
1688,2007-06-27,"FLORA GARDEN(Block 2),CHUN FAI RD|慧景園2座,春暉道",12053.508560279366,1518,1187,"{'bay_window': '18', 'flat_roof': '', 'roof': '', 'ac_platform': '', 'plant_room': '', 'garden': '', 'yard': ''}",13.0,11.9048,10952,10029.317607413648,7071300980028,2188479,ASP,HJL,渣甸山,1987/10,1987,39,B,15.0,2,blank,FLORA GARDEN,慧景園,True,POINT Z (22.2732729 114.1943978 0),22.2732729,114.1943978
1689,2007-09-14,"FLORA GARDEN(Block 2),CHUN FAI RD|慧景園2座,春暉道",12253.497511766322,1518,1187,"{'bay_window': '18', 'flat_roof': '', 'roof': '', 'ac_platform': '', 'plant_room': '', 'garden': '', 'yard': ''}",13.8,12.6374,11626,10646.503791069925,7101202500024,2269387,PRO-ASP,HJL,渣甸山,1987/10,1987,39,B,13.0,2,blank,FLORA GARDEN,慧景園,True,POINT Z (22.2732729 114.1943978 0),22.2732729,114.1943978
1690,2007-10-29,"FLORA GARDEN(Block 2),CHUN FAI RD|慧景園2座,春暉道",11288.58774953124,1518,1187,"{'bay_window': '18', 'flat_roof': '', 'roof': '', 'ac_platform': '', 'plant_room': '', 'garden': '', 'yard': ''}",13.2,12.088,11120,10183.656276326874,7110902600129,2297528,ASP,HJL,渣甸山,1987/10,1987,39,B,5.0,2,blank,FLORA GARDEN,慧景園,True,POINT Z (22.2732729 114.1943978 0),22.2732729,114.1943978
1691,2009-09-03,"FLORA GARDEN(Block 2),CHUN FAI RD|慧景園2座,春暉道",11577.178373375804,1518,1187,"{'bay_window': '18', 'flat_roof': '', 'roof': '', 'ac_platform': '', 'plant_room': '', 'garden': '', 'yard': ''}",16.2,14.8352,13648,12498.062342038753,9092101480169,2861876,ASP,HJL,渣甸山,1987/10,1987,39,B,9.0,2,blank,FLORA GARDEN,慧景園,True,POINT Z (22.2732729 114.1943978 0),22.2732729,114.1943978
1692,2010-01-26,"FLORA GARDEN(Block 2),CHUN FAI RD|慧景園2座,春暉道",12708.633938645944,1302,1017,"{'bay_window': '', 'flat_roof': '', 'roof': '', 'ac_platform': '', 'plant_room': '', 'garden': '', 'yard': ''}",16.0,14.4267,15733,14185.545722713863,10020100220213,2989136,ASP,HJL,渣甸山,1987/10,1987,39,D,16.0,2,blank,FLORA GARDEN,慧景園,True,POINT Z (22.2732729 114.1943978 0),22.2732729,114.1943978
1693,2010-10-22,"FLORA GARDEN(Block 2),CHUN FAI RD|慧景園2座,春暉道",12702.45684716298,1518,1187,"{'bay_window': '18', 'flat_roof': '', 'roof': '', 'ac_platform': '', 'plant_room': '', 'garden': '', 'yard': ''}",21.23,19.4415,17885,16378.685762426285,10102800440512,3272068,ASP,HJL,渣甸山,1987/10,1987,39,B,16.0,2,blank,FLORA GARDEN,慧景園,True,POINT Z (22.2732729 114.1943978 0),22.2732729,114.1943978
1694,2011-01-06,"FLORA GARDEN(Block 2),CHUN FAI RD|慧景園2座,春暉道",11924.833945836494,1518,1187,"{'bay_window': '18', 'flat_roof': '', 'roof': '', 'ac_platform': '', 'plant_room': '', 'garden': '', 'yard': ''}",20.9,19.1393,17607,16124.094355518111,11011402980240,3359978,ASP,HJL,渣甸山,1987/10,1987,39,B,9.0,2,blank,FLORA GARDEN,慧景園,True,POINT Z (22.2732729 114.1943978 0),22.2732729,114.1943978
1695,2011-01-26,"FLORA GARDEN(Block 2),CHUN FAI RD|慧景園2座,春暉道",12042.468055112333,1533,1199,"{'bay_window': '18', 'flat_roof': '', 'roof': '', 'ac_platform': '', 'plant_room': '', 'garden': '', 'yard': ''}",21.3,19.5235,17765,16283.152627189324,11020800620078,3381127,ASP,HJL,渣甸山,1987/10,1987,39,A,11.0,2,blank,FLORA GARDEN,慧景園,True,POINT Z (22.2732729 114.1943978 0),22.2732729,114.1943978
1696,2011-03-23,"FLORA GARDEN(Block 2),CHUN FAI RD|慧景園2座,春暉道",12309.30491586664,1518,1187,"{'bay_window': '18', 'flat_roof': '', 'roof': '', 'ac_platform': '', 'plant_room': '', 'garden': '', 'yard': ''}",23.18,21.2272,19528,17883.066554338668,11040600360099,3438273,ASP,HJL,渣甸山,1987/10,1987,39,B,15.0,2,blank,FLORA GARDEN,慧景園,True,POINT Z (22.2732729 114.1943978 0),22.2732729,114.1943978
1697,2011-04-11,"FLORA GARDEN(Block 2),CHUN FAI RD|慧景園2座,春暉道",11974.734081909664,1518,1187,"{'bay_window': '18', 'flat_roof': '', 'roof': '', 'ac_platform': '', 'plant_room': '', 'garden': '', 'yard': ''}",23.0,21.0623,19377,17744.144903117103,11050900610016,3467981,ASP,HJL,渣甸山,1987/10,1987,39,B,18.0,2,blank,FLORA GARDEN,慧景園,True,POINT Z (22.2732729 114.1943978 0),22.2732729,114.1943978
1698,2011-05-11,"FLORA GARDEN(Block 2),CHUN FAI RD|慧景園2座,春暉道",11720.55657412038,1518,1187,"{'bay_window': '18', 'flat_roof': '', 'roof': '', 'ac_platform': '', 'plant_room': '', 'garden': '', 'yard': ''}",23.0,21.0623,19377,17744.144903117103,11060101940052,3492883,ASP,HJL,渣甸山,1987/10,1987,39,B,13.0,2,blank,FLORA GARDEN,慧景園,True,POINT Z (22.2732729 114.1943978 0),22.2732729,114.1943978
1699,2012-03-21,"FLORA GARDEN(Block 2),CHUN FAI RD|慧景園2座,春暉道",10294.36168909028,1302,1017,"{'bay_window': '18', 'flat_roof': '', 'roof': '', 'ac_platform': '', 'plant_room': '', 'garden': '', 'yard': ''}",17.6,15.869400000000002,17306,15604.129793510328,12060501590041,3730151,ASP,HJL,渣甸山,1987/10,1987,39,D,8.0,2,blank,FLORA GARDEN,慧景園,True,POINT Z (22.2732729 114.1943978 0),22.2732729,114.1943978
1700,2013-02-18,"FLORA GARDEN(Block 2),CHUN FAI RD|慧景園2座,春暉道",9663.415673049176,1302,1017,"{'bay_window': '18', 'flat_roof': '', 'roof': '', 'ac_platform': '', 'plant_room': '', 'garden': '', 'yard': ''}",19.8,17.8531,19469,17554.670599803343,13030402250085,3940599,ASP,HJL,渣甸山,1987/10,1987,39,D,6.0,2,blank,FLORA GARDEN,慧景園,True,POINT Z (22.2732729 114.1943978 0),22.2732729,114.1943978
1701,2013-06-17,"FLORA GARDEN(Block 2),CHUN FAI RD|慧景園2座,春暉道",9900.486895683032,1518,1187,"{'bay_window': '18', 'flat_roof': '', 'roof': '', 'ac_platform': '', 'plant_room': '', 'garden': '', 'yard': ''}",23.3,21.3371,19629,17975.652906486943,13070801110012,4003505,PRE-ASP,HJL,渣甸山,1987/10,1987,39,B,11.0,2,blank,FLORA GARDEN,慧景園,True,POINT Z (22.2732729 114.1943978 0),22.2732729,114.1943978
1702,2015-03-06,"FLORA GARDEN(Block 2),CHUN FAI RD|慧景園2座,春暉道",9643.194155143092,1518,1187,"{'bay_window': '18', 'flat_roof': '', 'roof': '', 'ac_platform': '', 'plant_room': '', 'garden': '', 'yard': ''}",25.8,23.6265,21735,19904.380791912383,15031801760019,4317466,ASP,HJL,渣甸山,1987/10,1987,39,B,15.0,2,blank,FLORA GARDEN,慧景園,True,POINT Z (22.2732729 114.1943978 0),22.2732729,114.1943978
1703,2015-05-18,"FLORA GARDEN(Block 2),CHUN FAI RD|慧景園2座,春暉道",9956.874907049,1302,1017,"{'bay_window': '18', 'flat_roof': '', 'roof': '', 'ac_platform': '', 'plant_room': '', 'garden': '', 'yard': ''}",23.1,20.8286,22714,20480.432645034416,15052900350090,4358712,ASP,HJL,渣甸山,1987/10,1987,39,D,3.0,2,blank,FLORA GARDEN,慧景園,True,POINT Z (22.2732729 114.1943978 0),22.2732729,114.1943978
1704,2016-01-18,"FLORA GARDEN(Block 2),CHUN FAI RD|慧景園2座,春暉道",9670.456464169944,1518,1187,"{'bay_window': '18', 'flat_roof': '', 'roof': '', 'ac_platform': '', 'plant_room': '', 'garden': '', 'yard': ''}",25.0,22.8938,21062,19287.110362257798,16012800280060,4470619,PRO-ASP,HJL,渣甸山,1987/10,1987,39,B,19.0,2,blank,FLORA GARDEN,慧景園,True,POINT Z (22.2732729 114.1943978 0),22.2732729,114.1943978
1705,2016-07-19,"FLORA GARDEN(Block 2),CHUN FAI RD|慧景園2座,春暉道",9072.084680309596,1302,1011,"{'bay_window': '18', 'flat_roof': '', 'roof': '', 'ac_platform': '', 'plant_room': '', 'garden': '', 'yard': ''}",20.0,18.0218,19782,17825.717111770526,16081702410014,4547373,PRE-ASP,HJL,渣甸山,1987/10,1987,39,C,7.0,2,blank,FLORA GARDEN,慧景園,True,POINT Z (22.2732729 114.1943978 0),22.2732729,114.1943978
1706,2016-09-22,"FLORA GARDEN(Block 2),CHUN FAI RD|慧景園2座,春暉道",9889.4509049412,1302,1017,"{'bay_window': '18', 'flat_roof': '', 'roof': '', 'ac_platform': '', 'plant_room': '', 'garden': '', 'yard': ''}",23.2,20.9188,22812,20569.12487708948,16092900330164,4569726,ASP,HJL,渣甸山,1987/10,1987,39,D,6.0,2,blank,FLORA GARDEN,慧景園,True,POINT Z (22.2732729 114.1943978 0),22.2732729,114.1943978
1707,2016-09-19,"FLORA GARDEN(Block 2),CHUN FAI RD|慧景園2座,春暉道",9855.97850357872,1302,1011,"{'bay_window': '18', 'flat_roof': '', 'roof': '', 'ac_platform': '', 'plant_room': '', 'garden': '', 'yard': ''}",23.0,20.725,22750,20499.50544015826,16092900330198,4569727,ASP,HJL,渣甸山,1987/10,1987,39,C,15.0,2,blank,FLORA GARDEN,慧景園,True,POINT Z (22.2732729 114.1943978 0),22.2732729,114.1943978
1708,2016-12-09,"FLORA GARDEN(Block 2),CHUN FAI RD|慧景園2座,春暉道",9164.844679567432,1302,1011,"{'bay_window': '18', 'flat_roof': '', 'roof': '', 'ac_platform': '', 'plant_room': '', 'garden': '', 'yard': ''}",22.2,20.0042,21958,19786.54797230465,16122901920030,4622832,ASP,HJL,渣甸山,1987/10,1987,39,C,12.0,2,blank,FLORA GARDEN,慧景園,True,POINT Z (22.2732729 114.1943978 0),22.2732729,114.1943978
1709,2017-08-16,"FLORA GARDEN(Block 2),CHUN FAI RD|慧景園2座,春暉道",9709.72421907296,1533,1199,"{'bay_window': '18', 'flat_roof': '', 'roof': '', 'ac_platform': '', 'plant_room': '', 'garden': '', 'yard': ''}",29.2,26.7646,24354,22322.43536280233,17091201850160,4767849,ASP,HJL,渣甸山,1987/10,1987,39,A,14.0,2,blank,FLORA GARDEN,慧景園,True,POINT Z (22.2732729 114.1943978 0),22.2732729,114.1943978
1710,2017-10-03,"FLORA GARDEN(Block 2),CHUN FAI RD|慧景園2座,春暉道",9831.49908568856,1302,1011,"{'bay_window': '18', 'flat_roof': '', 'roof': '', 'ac_platform': '', 'plant_room': '', 'garden': '', 'yard': ''}",22.8,22.8,22552,22551.928783382788,17102602140439,5239325,PRO-ASP,HJL,渣甸山,1987/10,1987,39,C,1.0,2,blank,FLORA GARDEN,慧景園,False,POINT Z (22.2732729 114.1943978 0),22.2732729,114.1943978
1711,2017-10-18,"FLORA GARDEN(Block 2),CHUN FAI RD|慧景園2座,春暉道",10693.911286187556,1302,1011,"{'bay_window': '18', 'flat_roof': '', 'roof': '', 'ac_platform': '', 'plant_room': '', 'garden': '', 'yard': ''}",24.8,24.8,24530,24530.16815034619,17110201820014,5242670,ASP,HJL,渣甸山,1987/10,1987,39,C,6.0,2,blank,FLORA GARDEN,慧景園,False,POINT Z (22.2732729 114.1943978 0),22.2732729,114.1943978
1712,2019-03-05,"FLORA GARDEN(Block 2),CHUN FAI RD|慧景園2座,春暉道",10862.696128171909,1518,1187,"{'bay_window': '18', 'flat_roof': '', 'roof': '', 'ac_platform': '', 'plant_room': '', 'garden': '', 'yard': ''}",32.5,32.5,27380,27379.94945240101,19032901930153,5518077,PRE-ASP,HJL,渣甸山,1987/10,1987,39,B,5.0,2,blank,FLORA GARDEN,慧景園,False,POINT Z (22.2732729 114.1943978 0),22.2732729,114.1943978
1713,2020-11-12,"FLORA GARDEN(Block 2),CHUN FAI RD|慧景園2座,春暉道",10651.075888189282,1518,1187,"{'bay_window': '18', 'flat_roof': '', 'roof': '', 'ac_platform': '', 'plant_room': '', 'garden': '', 'yard': ''}",31.38,31.38,26436,26436.394271272115,20112500660019,5810641,ASP,HJL,渣甸山,1987/10,1987,39,B,4.0,2,blank,FLORA GARDEN,慧景園,False,POINT Z (22.2732729 114.1943978 0),22.2732729,114.1943978
1714,2021-01-25,"FLORA GARDEN(Block 2),CHUN FAI RD|慧景園2座,春暉道",10429.9568109397,1302,1017,"{'bay_window': '18', 'flat_roof': '', 'roof': '', 'ac_platform': '', 'plant_room': '', 'garden': '', 'yard': ''}",26.5,26.5,26057,26057.030481809245,21020801250012,5856027,ASP,HJL,渣甸山,1987/10,1987,39,D,6.0,2,blank,FLORA GARDEN,慧景園,False,POINT Z (22.2732729 114.1943978 0),22.2732729,114.1943978
1715,2021-02-01,"FLORA GARDEN(Block 2),CHUN FAI RD|慧景園2座,春暉道",10512.493192038546,1302,1011,"{'bay_window': '18', 'flat_roof': '', 'roof': '', 'ac_platform': '', 'plant_room': '', 'garden': '', 'yard': ''}",26.5,26.5,26212,26211.671612265083,21020900460045,5856602,ASP,HJL,渣甸山,1987/10,1987,39,C,6.0,2,blank,FLORA GARDEN,慧景園,False,POINT Z (22.2732729 114.1943978 0),22.2732729,114.1943978
1716,2021-12-02,"FLORA GARDEN(Block 2),CHUN FAI RD|慧景園2座,春暉道",9728.14389806928,1533,1193,"{'bay_window': '', 'flat_roof': '', 'roof': '1037', 'ac_platform': '', 'plant_room': '', 'garden': '', 'yard': ''}",30.0,30.0,25147,25146.68901927913,21120902220096,6051135,ASP,HJL,渣甸山,1987/10,1987,39,A,20.0,2,blank,FLORA GARDEN,慧景園,False,POINT Z (22.2732729 114.1943978 0),22.2732729,114.1943978
1717,2024-01-25,"FLORA GARDEN(Block 2),CHUN FAI RD|慧景園2座,春暉道",10083.28591713888,1533,1193,"{'bay_window': '18', 'flat_roof': '', 'roof': '', 'ac_platform': '', 'plant_room': '', 'garden': '', 'yard': ''}",22.8,22.8,19111,19111.483654652136,24020500410034,6381115,ASP,HJL,渣甸山,1987/10,1987,39,A,17.0,2,blank,FLORA GARDEN,慧景園,False,POINT Z (22.2732729 114.1943978 0),22.2732729,114.1943978
1718,2024-08-06,"FLORA GARDEN(Block 2),CHUN FAI RD|慧景園2座,春暉道",10645.053415496264,1518,1187,"{'bay_window': '18', 'flat_roof': '', 'roof': '', 'ac_platform': '', 'plant_room': '', 'garden': '', 'yard': ''}",23.6,23.6,19882,19882.055602358887,24081601490068,6466837,ASP,HJL,渣甸山,1987/10,1987,39,B,8.0,2,blank,FLORA GARDEN,慧景園,False,POINT Z (22.2732729 114.1943978 0),22.2732729,114.1943978
1719,1998-02-20,"FLORA GARDEN(Block 3),CHUN FAI RD|慧景園3座,春暉道",8029.426508283774,1302,1087,"{'bay_window': '18', 'flat_roof': '', 'roof': '', 'ac_platform': '', 'plant_room': '', 'garden': '', 'yard': ''}",9.38,8.517100000000001,8629,7835.418583256672,7435203,5167431,ASP,HJL,渣甸山,1987/10,1987,39,C,13.0,3,blank,FLORA GARDEN,慧景園,True,POINT Z (22.2730096 114.1943397 0),22.2730096,114.1943397
1720,1998-11-06,"FLORA GARDEN(Block 3),CHUN FAI RD|慧景園3座,春暉道",8329.576978744322,1302,1087,"{'bay_window': '18', 'flat_roof': '', 'roof': '', 'ac_platform': '', 'plant_room': '', 'garden': '', 'yard': ''}",7.09,6.4377,6523,5922.447102115915,7620612,78731,ASP,HJL,渣甸山,1987/10,1987,39,C,18.0,3,blank,FLORA GARDEN,慧景園,True,POINT Z (22.2730096 114.1943397 0),22.2730096,114.1943397
1721,1998-11-17,"FLORA GARDEN(Block 3),CHUN FAI RD|慧景園3座,春暉道",9573.892429655723,1518,1185,"{'bay_window': '18', 'flat_roof': '', 'roof': '', 'ac_platform': '', 'plant_room': '', 'garden': '', 'yard': ''}",8.81,8.066500000000001,7435,6807.172995780592,7625285,83967,ASP,HJL,渣甸山,1987/10,1987,39,B,13.0,3,blank,FLORA GARDEN,慧景園,True,POINT Z (22.2730096 114.1943397 0),22.2730096,114.1943397
1722,1998-11-26,"FLORA GARDEN(Block 3),CHUN FAI RD|慧景園3座,春暉道",7166.51303569117,1302,1087,"{'bay_window': '18', 'flat_roof': '', 'roof': '', 'ac_platform': '', 'plant_room': '', 'garden': '', 'yard': ''}",6.1,5.538799999999999,5612,5095.492180312786,7629338,90838,ASP,HJL,渣甸山,1987/10,1987,39,C,3.0,3,blank,FLORA GARDEN,慧景園,True,POINT Z (22.2730096 114.1943397 0),22.2730096,114.1943397
1723,1998-12-18,"FLORA GARDEN(Block 3),CHUN FAI RD|慧景園3座,春暉道",8046.112601135193,1302,1087,"{'bay_window': '18', 'flat_roof': '', 'roof': '', 'ac_platform': '', 'plant_room': '', 'garden': '', 'yard': ''}",7.03,6.3833,6467,5872.401103955842,7654361,115978,SUB-ASP,HJL,渣甸山,1987/10,1987,39,C,3.0,3,blank,FLORA GARDEN,慧景園,True,POINT Z (22.2730096 114.1943397 0),22.2730096,114.1943397
1724,1999-03-08,"FLORA GARDEN(Block 3),CHUN FAI RD|慧景園3座,春暉道",8536.870891987626,1302,1087,"{'bay_window': '18', 'flat_roof': '', 'roof': '', 'ac_platform': '', 'plant_room': '', 'garden': '', 'yard': ''}",7.26,6.592099999999999,6679,6064.489420423182,7716889,167104,ASP,HJL,渣甸山,1987/10,1987,39,C,6.0,3,blank,FLORA GARDEN,慧景園,True,POINT Z (22.2730096 114.1943397 0),22.2730096,114.1943397
1725,1999-03-29,"FLORA GARDEN(Block 3),CHUN FAI RD|慧景園3座,春暉道",10496.078788405815,1518,1185,"{'bay_window': '18', 'flat_roof': '', 'roof': '', 'ac_platform': '', 'plant_room': '', 'garden': '', 'yard': ''}",9.65,8.835700000000001,8143,7456.2869198312255,7732824,180728,ASP,HJL,渣甸山,1987/10,1987,39,B,19.0,3,blank,FLORA GARDEN,慧景園,True,POINT Z (22.2730096 114.1943397 0),22.2730096,114.1943397
1726,1999-03-19,"FLORA GARDEN(Block 3),CHUN FAI RD|慧景園3座,春暉道",10115.35136990088,1518,1185,"{'bay_window': '18', 'flat_roof': '', 'roof': '', 'ac_platform': '', 'plant_room': '', 'garden': '', 'yard': ''}",9.3,8.5152,7848,7185.822784810127,7733516,179867,ASP,HJL,渣甸山,1987/10,1987,39,B,17.0,3,blank,FLORA GARDEN,慧景園,True,POINT Z (22.2730096 114.1943397 0),22.2730096,114.1943397
1727,1999-05-19,"FLORA GARDEN(Block 3),CHUN FAI RD|慧景園3座,春暉道",8822.630876904846,1302,1087,"{'bay_window': '18', 'flat_roof': '', 'roof': '', 'ac_platform': '', 'plant_room': '', 'garden': '', 'yard': ''}",7.78,7.0643,7157,6498.896044158234,7772218,222523,ASP,HJL,渣甸山,1987/10,1987,39,C,19.0,3,blank,FLORA GARDEN,慧景園,True,POINT Z (22.2730096 114.1943397 0),22.2730096,114.1943397
1728,2000-05-09,"FLORA GARDEN(Block 3),CHUN FAI RD|慧景園3座,春暉道",9489.864716298518,1302,1087,"{'bay_window': '18', 'flat_roof': '', 'roof': '', 'ac_platform': '', 'plant_room': '', 'garden': '', 'yard': ''}",7.6,6.900799999999999,6992,6348.482060717571,8090555,454466,ASP,HJL,渣甸山,1987/10,1987,39,C,18.0,3,blank,FLORA GARDEN,慧景園,True,POINT Z (22.2730096 114.1943397 0),22.2730096,114.1943397
1729,2000-05-10,"FLORA GARDEN(Block 3),CHUN FAI RD|慧景園3座,春暉道",10279.470928299774,1518,1185,"{'bay_window': '18', 'flat_roof': '', 'roof': '', 'ac_platform': '', 'plant_room': '', 'garden': '', 'yard': ''}",8.9,8.148900000000001,7511,6876.708860759494,8094077,456463,ASP,HJL,渣甸山,1987/10,1987,39,B,2.0,3,blank,FLORA GARDEN,慧景園,True,POINT Z (22.2730096 114.1943397 0),22.2730096,114.1943397
1730,2001-03-29,"FLORA GARDEN(Block 3),CHUN FAI RD|慧景園3座,春暉道",10741.936379654457,1518,1185,"{'bay_window': '18', 'flat_roof': '', 'roof': '', 'ac_platform': '', 'plant_room': '', 'garden': '', 'yard': ''}",8.75,8.0116,7384,6760.84388185654,8363765,662955,ASP,HJL,渣甸山,1987/10,1987,39,B,4.0,3,blank,FLORA GARDEN,慧景園,True,POINT Z (22.2730096 114.1943397 0),22.2730096,114.1943397
1731,2001-07-31,"FLORA GARDEN(Block 3),CHUN FAI RD|慧景園3座,春暉道",11024.814788239646,1518,1185,"{'bay_window': '18', 'flat_roof': '', 'roof': '', 'ac_platform': '', 'plant_room': '', 'garden': '', 'yard': ''}",8.89,8.139800000000001,7502,6869.02953586498,8466624,742582,ASP,HJL,渣甸山,1987/10,1987,39,B,14.0,3,blank,FLORA GARDEN,慧景園,True,POINT Z (22.2730096 114.1943397 0),22.2730096,114.1943397
1732,2003-10-13,"FLORA GARDEN(Block 3),CHUN FAI RD|慧景園3座,春暉道",7570.039880050124,1302,1087,"{'bay_window': '18', 'flat_roof': '', 'roof': '', 'ac_platform': '', 'plant_room': '', 'garden': '', 'yard': ''}",4.85,4.4038,4462,4051.3339466421344,9033428,1185895,ASP,HJL,渣甸山,1987/10,1987,39,C,1.0,3,blank,FLORA GARDEN,慧景園,True,POINT Z (22.2730096 114.1943397 0),22.2730096,114.1943397
1733,2003-11-11,"FLORA GARDEN(Block 3),CHUN FAI RD|慧景園3座,春暉道",9568.193802909624,1302,1087,"{'bay_window': '18', 'flat_roof': '', 'roof': '', 'ac_platform': '', 'plant_room': '', 'garden': '', 'yard': ''}",6.25,5.675,5750,5220.791168353266,9074120,1218710,PRO-ASP,HJL,渣甸山,1987/10,1987,39,C,12.0,3,blank,FLORA GARDEN,慧景園,True,POINT Z (22.2730096 114.1943397 0),22.2730096,114.1943397
1734,2004-11-17,"FLORA GARDEN(Block 3),CHUN FAI RD|慧景園3座,春暉道",9664.476104779238,1302,1087,"{'bay_window': '18', 'flat_roof': '', 'roof': '', 'ac_platform': '', 'plant_room': '', 'garden': '', 'yard': ''}",8.28,7.518299999999999,7617,6916.559337626494,9403944,1477440,ASP,HJL,渣甸山,1987/10,1987,39,C,6.0,3,blank,FLORA GARDEN,慧景園,True,POINT Z (22.2730096 114.1943397 0),22.2730096,114.1943397
1735,2006-01-10,"FLORA GARDEN(Block 3),CHUN FAI RD|慧景園3座,春暉道",9588.433347508995,1302,1087,"{'bay_window': '18', 'flat_roof': '', 'roof': '', 'ac_platform': '', 'plant_room': '', 'garden': '', 'yard': ''}",8.5,7.718,7820,7100.275988960441,6012500940065,1807522,PRO-ASP,HJL,渣甸山,1987/10,1987,39,C,6.0,3,blank,FLORA GARDEN,慧景園,True,POINT Z (22.2730096 114.1943397 0),22.2730096,114.1943397
1736,2006-11-14,"FLORA GARDEN(Block 3),CHUN FAI RD|慧景園3座,春暉道",9902.454726369182,1302,1087,"{'bay_window': '18', 'flat_roof': '', 'roof': '', 'ac_platform': '', 'plant_room': '', 'garden': '', 'yard': ''}",9.0,8.172,8280,7517.939282428703,6120900090019,2019781,PRO-ASP,HJL,渣甸山,1987/10,1987,39,C,15.0,3,blank,FLORA GARDEN,慧景園,True,POINT Z (22.2730096 114.1943397 0),22.2730096,114.1943397
1737,2007-01-29,"FLORA GARDEN(Block 3),CHUN FAI RD|慧景園3座,春暉道",9453.216356782166,1302,1087,"{'bay_window': '18', 'flat_roof': '', 'roof': '', 'ac_platform': '', 'plant_room': '', 'garden': '', 'yard': ''}",9.06,8.2265,8335,7568.0772769089235,7021402370041,2066171,ASP,HJL,渣甸山,1987/10,1987,39,C,10.0,3,blank,FLORA GARDEN,慧景園,True,POINT Z (22.2730096 114.1943397 0),22.2730096,114.1943397
1738,2007-01-23,"FLORA GARDEN(Block 3),CHUN FAI RD|慧景園3座,春暉道",11388.54663172096,1518,1185,"{'bay_window': '18', 'flat_roof': '', 'roof': '', 'ac_platform': '', 'plant_room': '', 'garden': '', 'yard': ''}",11.8,10.804200000000002,9958,9117.46835443038,7022101130022,2069547,PRO-ASP,HJL,渣甸山,1987/10,1987,39,B,12.0,3,blank,FLORA GARDEN,慧景園,True,POINT Z (22.2730096 114.1943397 0),22.2730096,114.1943397
1739,2007-06-27,"FLORA GARDEN(Block 3),CHUN FAI RD|慧景園3座,春暉道",10751.98783581335,1302,1087,"{'bay_window': '18', 'flat_roof': '', 'roof': '', 'ac_platform': '', 'plant_room': '', 'garden': '', 'yard': ''}",10.71,9.7247,9853,8946.366145354186,7071301250087,2188493,ASP,HJL,渣甸山,1987/10,1987,39,C,18.0,3,blank,FLORA GARDEN,慧景園,True,POINT Z (22.2730096 114.1943397 0),22.2730096,114.1943397
1740,2007-07-14,"FLORA GARDEN(Block 3),CHUN FAI RD|慧景園3座,春暉道",11898.307165443535,1518,1185,"{'bay_window': '18', 'flat_roof': '', 'roof': '', 'ac_platform': '', 'plant_room': '', 'garden': '', 'yard': ''}",12.98,11.8846,10954,10029.198312236287,7072402640132,2198298,ASP,HJL,渣甸山,1987/10,1987,39,B,8.0,3,blank,FLORA GARDEN,慧景園,True,POINT Z (22.2730096 114.1943397 0),22.2730096,114.1943397
1741,2007-11-08,"FLORA GARDEN(Block 3),CHUN FAI RD|慧景園3座,春暉道",10824.0025707412,1518,1185,"{'bay_window': '18', 'flat_roof': '', 'roof': '', 'ac_platform': '', 'plant_room': '', 'garden': '', 'yard': ''}",13.3,12.1776,11224,10276.45569620253,7113002120281,2322600,ASP,HJL,渣甸山,1987/10,1987,39,B,4.0,3,blank,FLORA GARDEN,慧景園,True,POINT Z (22.2730096 114.1943397 0),22.2730096,114.1943397
1742,2008-01-11,"FLORA GARDEN(Block 3),CHUN FAI RD|慧景園3座,春暉道",9637.148761801567,1302,1087,"{'bay_window': '18', 'flat_roof': '', 'roof': '', 'ac_platform': '', 'plant_room': '', 'garden': '', 'yard': ''}",11.9,10.8052,10948,9940.386384544618,8011600320216,2375992,ASP,HJL,渣甸山,1987/10,1987,39,C,1.0,3,blank,FLORA GARDEN,慧景園,True,POINT Z (22.2730096 114.1943397 0),22.2730096,114.1943397
1743,2009-02-20,"FLORA GARDEN(Block 3),CHUN FAI RD|慧景園3座,春暉道",11096.354394947524,1518,1185,"{'bay_window': '18', 'flat_roof': '', 'roof': '', 'ac_platform': '', 'plant_room': '', 'garden': '', 'yard': ''}",12.5,11.4451,10549,9658.31223628692,9031701500082,2692469,ASP,HJL,渣甸山,1987/10,1987,39,B,19.0,3,blank,FLORA GARDEN,慧景園,True,POINT Z (22.2730096 114.1943397 0),22.2730096,114.1943397
1744,2009-09-14,"FLORA GARDEN(Block 3),CHUN FAI RD|慧景園3座,春暉道",11662.041292912412,1302,1017,"{'bay_window': '18', 'flat_roof': '', 'roof': '', 'ac_platform': '', 'plant_room': '', 'garden': '', 'yard': ''}",14.2,12.8037,13963,12589.675516224188,9100903590049,2880552,PRO-ASP,HJL,渣甸山,1987/10,1987,39,D,7.0,3,blank,FLORA GARDEN,慧景園,True,POINT Z (22.2730096 114.1943397 0),22.2730096,114.1943397
1745,2010-02-26,"FLORA GARDEN(Block 3),CHUN FAI RD|慧景園3座,春暉道",12414.142829932714,1533,1199,"{'bay_window': '18', 'flat_roof': '', 'roof': '', 'ac_platform': '', 'plant_room': '', 'garden': '', 'yard': ''}",19.0,17.4153,15847,14524.854045037531,10030801000051,3025668,ASP,HJL,渣甸山,1987/10,1987,39,A,8.0,3,blank,FLORA GARDEN,慧景園,True,POINT Z (22.2730096 114.1943397 0),22.2730096,114.1943397
1746,2010-07-30,"FLORA GARDEN(Block 3),CHUN FAI RD|慧景園3座,春暉道",10498.192744896,1302,1017,"{'bay_window': '18', 'flat_roof': '', 'roof': '', 'ac_platform': '', 'plant_room': '', 'garden': '', 'yard': ''}",14.8,13.3447,14553,13121.632251720748,10082002130021,3195855,ASP,HJL,渣甸山,1987/10,1987,39,D,4.0,3,blank,FLORA GARDEN,慧景園,True,POINT Z (22.2730096 114.1943397 0),22.2730096,114.1943397
1747,2011-01-26,"FLORA GARDEN(Block 3),CHUN FAI RD|慧景園3座,春暉道",10457.340154811323,1518,1185,"{'bay_window': '18', 'flat_roof': '', 'roof': '', 'ac_platform': '', 'plant_room': '', 'garden': '', 'yard': ''}",18.3,16.7557,15443,14139.831223628693,11020101260042,3377689,ASP,HJL,渣甸山,1987/10,1987,39,B,1.0,3,blank,FLORA GARDEN,慧景園,True,POINT Z (22.2730096 114.1943397 0),22.2730096,114.1943397
1748,2011-05-27,"FLORA GARDEN(Block 3),CHUN FAI RD|慧景園3座,春暉道",9931.723651452592,1302,1087,"{'bay_window': '18', 'flat_roof': '', 'roof': '', 'ac_platform': '', 'plant_room': '', 'garden': '', 'yard': ''}",18.0,16.3441,16559,15035.970561177555,11061700180052,3507949,PRO-ASP,HJL,渣甸山,1987/10,1987,39,C,18.0,3,blank,FLORA GARDEN,慧景園,True,POINT Z (22.2730096 114.1943397 0),22.2730096,114.1943397
1749,2012-04-09,"FLORA GARDEN(Block 3),CHUN FAI RD|慧景園3座,春暉道",9972.095354898438,1302,1017,"{'bay_window': '18', 'flat_roof': '', 'roof': '', 'ac_platform': '', 'plant_room': '', 'garden': '', 'yard': ''}",17.8,16.0498,17502,15781.514257620454,12050801000016,3705275,PRE-ASP,HJL,渣甸山,1987/10,1987,39,D,7.0,3,blank,FLORA GARDEN,慧景園,True,POINT Z (22.2730096 114.1943397 0),22.2730096,114.1943397
1750,2012-06-27,"FLORA GARDEN(Block 3),CHUN FAI RD|慧景園3座,春暉道",9801.98136520272,1302,1017,"{'bay_window': '18', 'flat_roof': '', 'roof': '', 'ac_platform': '', 'plant_room': '', 'garden': '', 'yard': ''}",17.68,15.9416,17384,15675.12291052114,12072501440058,3765804,PRO-ASP,HJL,渣甸山,1987/10,1987,39,D,14.0,3,blank,FLORA GARDEN,慧景園,True,POINT Z (22.2730096 114.1943397 0),22.2730096,114.1943397
1751,2012-08-17,"FLORA GARDEN(Block 3),CHUN FAI RD|慧景園3座,春暉道",8989.528222049381,1302,1087,"{'bay_window': '18', 'flat_roof': '', 'roof': '', 'ac_platform': '', 'plant_room': '', 'garden': '', 'yard': ''}",17.5,15.8901,16099,14618.307267709291,12090400360040,3794183,ASP,HJL,渣甸山,1987/10,1987,39,C,5.0,3,blank,FLORA GARDEN,慧景園,True,POINT Z (22.2730096 114.1943397 0),22.2730096,114.1943397
1752,2012-08-23,"FLORA GARDEN(Block 3),CHUN FAI RD|慧景園3座,春暉道",10436.455636810586,1533,1199,"{'bay_window': '18', 'flat_roof': '', 'roof': '', 'ac_platform': '', 'plant_room': '', 'garden': '', 'yard': ''}",22.2,20.3485,18515,16971.22602168474,12090500330182,3795120,ASP,HJL,渣甸山,1987/10,1987,39,A,7.0,3,blank,FLORA GARDEN,慧景園,True,POINT Z (22.2730096 114.1943397 0),22.2730096,114.1943397
1753,2012-09-22,"FLORA GARDEN(Block 3),CHUN FAI RD|慧景園3座,春暉道",8085.543195690004,1302,1017,"{'bay_window': '18', 'flat_roof': '', 'roof': '', 'ac_platform': '', 'plant_room': '', 'garden': '', 'yard': ''}",15.3,13.7956,15044,13564.995083579155,12101100700039,3822754,PRE-ASP,HJL,渣甸山,1987/10,1987,39,D,1.0,3,blank,FLORA GARDEN,慧景園,True,POINT Z (22.2730096 114.1943397 0),22.2730096,114.1943397
1754,2012-11-28,"FLORA GARDEN(Block 3),CHUN FAI RD|慧景園3座,春暉道",10037.544944191635,1518,1185,"{'bay_window': '18', 'flat_roof': '', 'roof': '', 'ac_platform': '', 'plant_room': '', 'garden': '', 'yard': ''}",22.8,20.8759,19241,17616.79324894515,12121400590018,3880149,ASP,HJL,渣甸山,1987/10,1987,39,B,9.0,3,blank,FLORA GARDEN,慧景園,True,POINT Z (22.2730096 114.1943397 0),22.2730096,114.1943397
1755,2013-08-02,"FLORA GARDEN(Block 3),CHUN FAI RD|慧景園3座,春暉道",7630.676540094621,1302,1087,"{'bay_window': '18', 'flat_roof': '', 'roof': '', 'ac_platform': '', 'plant_room': '', 'garden': '', 'yard': ''}",16.6,15.0729,15271,13866.51333946642,13081901290055,4021261,ASP,HJL,渣甸山,1987/10,1987,39,C,1.0,3,blank,FLORA GARDEN,慧景園,True,POINT Z (22.2730096 114.1943397 0),22.2730096,114.1943397
1756,2015-09-14,"FLORA GARDEN(Block 3),CHUN FAI RD|慧景園3座,春暉道",9173.55970396651,1302,1017,"{'bay_window': '18', 'flat_roof': '', 'roof': '', 'ac_platform': '', 'plant_room': '', 'garden': '', 'yard': ''}",21.7,19.5663,21337,19239.233038348084,15092401560018,4420521,ASP,HJL,渣甸山,1987/10,1987,39,D,6.0,3,blank,FLORA GARDEN,慧景園,True,POINT Z (22.2730096 114.1943397 0),22.2730096,114.1943397
1757,2018-04-16,"FLORA GARDEN(Block 3),CHUN FAI RD|慧景園3座,春暉道",9884.608955379124,1533,1199,"{'bay_window': '18', 'flat_roof': '', 'roof': '', 'ac_platform': '', 'plant_room': '', 'garden': '', 'yard': ''}",30.0,30.0,25021,25020.850708924103,18050302170012,5349164,MEM-ASP,HJL,渣甸山,1987/10,1987,39,A,12.0,3,blank,FLORA GARDEN,慧景園,False,POINT Z (22.2730096 114.1943397 0),22.2730096,114.1943397
1758,2018-06-11,"FLORA GARDEN(Block 3),CHUN FAI RD|慧景園3座,春暉道",10402.150849830035,1518,1185,"{'bay_window': '18', 'flat_roof': '', 'roof': '', 'ac_platform': '', 'plant_room': '', 'garden': '', 'yard': ''}",31.75,31.75,26793,26793.24894514768,18070300430014,5386590,ASP,HJL,渣甸山,1987/10,1987,39,B,1.0,3,blank,FLORA GARDEN,慧景園,False,POINT Z (22.2730096 114.1943397 0),22.2730096,114.1943397
1759,2018-08-13,"FLORA GARDEN(Block 3),CHUN FAI RD|慧景園3座,春暉道",10330.525477860168,1533,1199,"{'bay_window': '18', 'flat_roof': '', 'roof': '', 'ac_platform': '', 'plant_room': '', 'garden': '', 'yard': ''}",32.5,32.5,27106,27105.921601334445,18082701720067,5421121,ASP,HJL,渣甸山,1987/10,1987,39,A,19.0,3,blank,FLORA GARDEN,慧景園,False,POINT Z (22.2730096 114.1943397 0),22.2730096,114.1943397
1760,2020-06-26,"FLORA GARDEN(Block 3),CHUN FAI RD|慧景園3座,春暉道",11037.179700917988,1533,1199,"{'bay_window': '18', 'flat_roof': '', 'roof': '', 'ac_platform': '', 'plant_room': '', 'garden': '', 'yard': ''}",33.6,33.6,28023,28023.352793995,20071300120013,5737332,ASP,HJL,渣甸山,1987/10,1987,39,A,16.0,3,blank,FLORA GARDEN,慧景園,False,POINT Z (22.2730096 114.1943397 0),22.2730096,114.1943397
1761,2021-03-18,"FLORA GARDEN(Block 3),CHUN FAI RD|慧景園3座,春暉道",7927.578697929262,1302,1087,"{'bay_window': '18', 'flat_roof': '', 'roof': '', 'ac_platform': '', 'plant_room': '', 'garden': '', 'yard': ''}",21.88,21.88,20129,20128.79484820607,21041302050031,5890668,PRE-ASP,HJL,渣甸山,1987/10,1987,39,C,1.0,3,blank,FLORA GARDEN,慧景園,False,POINT Z (22.2730096 114.1943397 0),22.2730096,114.1943397
1762,2021-07-05,"FLORA GARDEN(Block 3),CHUN FAI RD|慧景園3座,春暉道",11472.212909972304,1533,1199,"{'bay_window': '18', 'flat_roof': '', 'roof': '', 'ac_platform': '', 'plant_room': '', 'garden': '', 'yard': ''}",35.9,35.9,29942,29941.61801501251,21070800090094,5950093,ASP,HJL,渣甸山,1987/10,1987,39,A,12.0,3,blank,FLORA GARDEN,慧景園,False,POINT Z (22.2730096 114.1943397 0),22.2730096,114.1943397
1763,2021-10-29,"FLORA GARDEN(Block 3),CHUN FAI RD|慧景園3座,春暉道",9535.878258004035,1302,1087,"{'bay_window': '18', 'flat_roof': '', 'roof': '', 'ac_platform': '', 'plant_room': '', 'garden': '', 'yard': ''}",26.8,26.8,24655,24655.01379944802,21111101320160,6034511,ASP,HJL,渣甸山,1987/10,1987,39,C,5.0,3,blank,FLORA GARDEN,慧景園,False,POINT Z (22.2730096 114.1943397 0),22.2730096,114.1943397
1764,2021-10-20,"FLORA GARDEN(Block 3),CHUN FAI RD|慧景園3座,春暉道",8183.776116943764,1302,1087,"{'bay_window': '18', 'flat_roof': '', 'roof': '', 'ac_platform': '', 'plant_room': '', 'garden': '', 'yard': ''}",23.0,23.0,21159,21159.153633854647,21111101620015,6034554,ASP,HJL,渣甸山,1987/10,1987,39,C,2.0,3,blank,FLORA GARDEN,慧景園,False,POINT Z (22.2730096 114.1943397 0),22.2730096,114.1943397
1765,2022-03-11,"FLORA GARDEN(Block 3),CHUN FAI RD|慧景園3座,春暉道",11129.55571990186,1533,1199,"{'bay_window': '18', 'flat_roof': '', 'roof': '', 'ac_platform': '', 'plant_room': '', 'garden': '', 'yard': ''}",33.1,33.1,27606,27606.338615512926,22040100390022,6108011,ASP,HJL,渣甸山,1987/10,1987,39,A,7.0,3,blank,FLORA GARDEN,慧景園,False,POINT Z (22.2730096 114.1943397 0),22.2730096,114.1943397
1766,2022-04-12,"FLORA GARDEN(Block 3),CHUN FAI RD|慧景園3座,春暉道",11151.007910764718,1533,1199,"{'bay_window': '18', 'flat_roof': '', 'roof': '', 'ac_platform': '', 'plant_room': '', 'garden': '', 'yard': ''}",33.26,33.26,27740,27739.783152627188,22042601800030,6116254,ASP,HJL,渣甸山,1987/10,1987,39,A,8.0,3,blank,FLORA GARDEN,慧景園,False,POINT Z (22.2730096 114.1943397 0),22.2730096,114.1943397
1767,2024-02-02,"FLORA GARDEN(Block 3),CHUN FAI RD|慧景園3座,春暉道",10860.431756720038,1518,1185,"{'bay_window': '18', 'flat_roof': '', 'roof': '', 'ac_platform': '', 'plant_room': '', 'garden': '', 'yard': ''}",25.7,25.7,21688,21687.76371308017,24022100320050,6385143,ASP,HJL,渣甸山,1987/10,1987,39,B,7.0,3,blank,FLORA GARDEN,慧景園,False,POINT Z (22.2730096 114.1943397 0),22.2730096,114.1943397
1768,2025-01-03,"FLORA GARDEN(Block 3),CHUN FAI RD|慧景園3座,春暉道",9648.472364440098,1518,1185,"{'bay_window': '18', 'flat_roof': '', 'roof': '', 'ac_platform': '', 'plant_room': '', 'garden': '', 'yard': ''}",20.7,20.7,17468,17468.354430379746,25012100920010,6533439,ASP,HJL,渣甸山,1987/10,1987,39,B,9.0,3,blank,FLORA GARDEN,慧景園,False,POINT Z (22.2730096 114.1943397 0),22.2730096,114.1943397
1769,2025-08-24,"FLORA GARDEN(Block 3),CHUN FAI RD|慧景園3座,春暉道",9730.948569587434,1302,1087,"{'bay_window': '18', 'flat_roof': '', 'roof': '', 'ac_platform': '', 'plant_room': '', 'garden': '', 'yard': ''}",19.8,19.8,18215,18215.271389144436,25091202150058,6655146,PRE-ASP,HJL,渣甸山,1987/10,1987,39,C,19.0,3,blank,FLORA GARDEN,慧景園,False,POINT Z (22.2730096 114.1943397 0),22.2730096,114.1943397
1770,2025-10-29,"FLORA GARDEN(Block 3),CHUN FAI RD|慧景園3座,春暉道",8292.428176081747,1533,1199,"{'bay_window': '18', 'flat_roof': '', 'roof': '', 'ac_platform': '', 'plant_room': '', 'garden': '', 'yard': ''}",18.6,18.6,15513,15512.927439532945,25110501760017,6684632,PRE-ASP,HJL,渣甸山,1987/10,1987,39,A,4.0,3,blank,FLORA GARDEN,慧景園,False,POINT Z (22.2730096 114.1943397 0),22.2730096,114.1943397
1771,2004-03-17,"CYPRESS COURT,WILSON RD|CYPRESS COURT,衛信道",12310.612454399958,0,1443,"{'bay_window': '', 'flat_roof': '', 'roof': '', 'ac_platform': '', 'plant_room': '', 'garden': '', 'yard': ''}",11.5,11.5,7970,7969.507969507969,9187565,1311113,ASP,HJL,渣甸山,1963/06,1963,63,whole floor,3.0,blank,blank,blank,,False,POINT Z (22.36414 114.179189 0),22.36414,114.179189
1772,2008-01-11,"CYPRESS COURT,WILSON RD|CYPRESS COURT,衛信道",16762.913963036157,0,1443,"{'bay_window': '', 'flat_roof': '', 'roof': '', 'ac_platform': '', 'plant_room': '', 'garden': '', 'yard': ''}",24.95,24.95,17290,17290.36729036729,8012501040029,2391429,ASP,HJL,渣甸山,1963/06,1963,63,whole floor,3.0,blank,blank,blank,,False,POINT Z (22.36414 114.179189 0),22.36414,114.179189
1773,2009-01-15,"CYPRESS COURT,WILSON RD|CYPRESS COURT,衛信道",14419.91714349287,0,1443,"{'bay_window': '', 'flat_roof': '', 'roof': '', 'ac_platform': '', 'plant_room': '', 'garden': '', 'yard': ''}",18.0,18.0,12474,12474.012474012474,9012901970110,2670192,PRO-ASP,HJL,渣甸山,1963/06,1963,63,whole floor,3.0,blank,blank,blank,,False,POINT Z (22.36414 114.179189 0),22.36414,114.179189
1774,2009-08-15,"CYPRESS COURT,WILSON RD|CYPRESS COURT,衛信道",11861.797561476184,0,1262,"{'bay_window': '', 'flat_roof': '', 'roof': '', 'ac_platform': '', 'plant_room': '', 'garden': '', 'yard': ''}",17.0,15.6529,13471,12403.24881141046,9091500140018,2855133,PRO-ASP,HJL,渣甸山,1963/06,1963,63,whole floor,2.0,blank,blank,blank,,True,POINT Z (22.36414 114.179189 0),22.36414,114.179189
1775,2015-02-18,"CYPRESS COURT,WILSON RD|CYPRESS COURT,衛信道",8744.096172933954,0,1262,"{'bay_window': '', 'flat_roof': '', 'roof': '', 'ac_platform': '', 'plant_room': '', 'garden': '', 'yard': ''}",24.5,22.5586,19414,17875.27733755943,15030900700012,4312771,PRO-ASP,HJL,渣甸山,1963/06,1963,63,whole floor,2.0,blank,blank,blank,,True,POINT Z (22.36414 114.179189 0),22.36414,114.179189
1776,2016-05-13,"CYPRESS COURT,WILSON RD|CYPRESS COURT,衛信道",9039.318095112489,0,1886,"{'bay_window': '', 'flat_roof': '', 'roof': '', 'ac_platform': '', 'plant_room': '', 'garden': '', 'yard': ''}",35.0,33.1442,18558,17573.80699893955,16060800590076,4517527,PRE-ASP,HJL,渣甸山,1963/06,1963,63,whole floor,2.0,blank,blank,blank,,True,POINT Z (22.36414 114.179189 0),22.36414,114.179189
1777,2017-06-22,"CYPRESS COURT,WILSON RD|CYPRESS COURT,衛信道",8743.29896329112,0,1262,"{'bay_window': '', 'flat_roof': '', 'roof': '', 'ac_platform': '', 'plant_room': '', 'garden': '', 'yard': ''}",27.5,25.3209,21791,20064.104595879555,17070701810014,4733621,ASP,HJL,渣甸山,1963/06,1963,63,whole floor,2.0,blank,blank,blank,,True,POINT Z (22.36414 114.179189 0),22.36414,114.179189
1778,2018-05-31,"CYPRESS COURT,WILSON RD|CYPRESS COURT,衛信道",10292.048256765647,0,1886,"{'bay_window': '', 'flat_roof': '', 'roof': '', 'ac_platform': '', 'plant_room': '', 'garden': '', 'yard': ''}",49.0,49.0,25981,25980.911983032875,18061201100033,5374188,ASP,HJL,渣甸山,1963/06,1963,63,whole floor,3.0,blank,blank,blank,,False,POINT Z (22.36414 114.179189 0),22.36414,114.179189
1779,2018-07-09,"CYPRESS COURT,WILSON RD|CYPRESS COURT,衛信道",7486.604017151073,0,1262,"{'bay_window': '', 'flat_roof': '', 'roof': '', 'ac_platform': '', 'plant_room': '', 'garden': '', 'yard': ''}",25.02,25.02,19826,19825.6735340729,18071801290048,5398519,ASP,HJL,渣甸山,1963/06,1963,63,3,0.0,blank,blank,blank,,False,POINT Z (22.36414 114.179189 0),22.36414,114.179189
1780,2020-05-15,"CYPRESS COURT,WILSON RD|CYPRESS COURT,衛信道",10250.55264148154,0,1443,"{'bay_window': '', 'flat_roof': '', 'roof': '', 'ac_platform': '', 'plant_room': '', 'garden': '', 'yard': ''}",38.0,38.0,26334,26334.026334026334,20060901940035,5720355,PRE-ASP,HJL,渣甸山,1963/06,1963,63,whole floor,3.0,blank,blank,blank,,False,POINT Z (22.36414 114.179189 0),22.36414,114.179189
1781,2021-12-09,"CYPRESS COURT,WILSON RD|CYPRESS COURT,衛信道",9651.289538791392,0,1443,"{'bay_window': '', 'flat_roof': '', 'roof': '', 'ac_platform': '', 'plant_room': '', 'garden': '', 'yard': ''}",36.0,36.0,24948,24948.024948024948,22010702610276,6068390,ASP,HJL,渣甸山,1963/06,1963,63,whole floor,3.0,blank,blank,blank,,False,POINT Z (22.36414 114.179189 0),22.36414,114.179189
1782,2022-01-09,"CYPRESS COURT,WILSON RD|CYPRESS COURT,衛信道",12629.98461066636,0,1262,"{'bay_window': '', 'flat_roof': '', 'roof': '', 'ac_platform': '', 'plant_room': '', 'garden': '', 'yard': ''}",39.8,39.8,31537,31537.242472266244,22020400820034,6085393,PRE-ASP,HJL,渣甸山,1963/06,1963,63,whole floor,3.0,blank,blank,blank,,False,POINT Z (22.36414 114.179189 0),22.36414,114.179189
1783,2022-03-09,"CYPRESS COURT,WILSON RD|CYPRESS COURT,衛信道",12782.874143844248,0,1886,"{'bay_window': '', 'flat_roof': '', 'roof': '', 'ac_platform': '', 'plant_room': '', 'garden': '', 'yard': ''}",59.8,59.8,31707,31707.31707317073,22031700900029,6102874,ASP,HJL,渣甸山,1963/06,1963,63,whole floor,1.0,blank,blank,blank,,False,POINT Z (22.36414 114.179189 0),22.36414,114.179189
1784,2023-05-31,"CYPRESS COURT,WILSON RD|CYPRESS COURT,衛信道",12833.996901048402,0,1262,"{'bay_window': '', 'flat_roof': '', 'roof': '', 'ac_platform': '', 'plant_room': '', 'garden': '', 'yard': ''}",39.0,35.9097,30903,28454.59587955626,23062701210189,6304590,ASP,HJL,渣甸山,1963/06,1963,63,whole floor,2.0,blank,blank,blank,,True,POINT Z (22.36414 114.179189 0),22.36414,114.179189
1785,2020-01-11,"DUKES PLACE,PERKINS RD|皇第,白建時道",24404.635360638586,0,2846,"{'bay_window': '', 'flat_roof': '', 'roof': '', 'ac_platform': '', 'plant_room': '', 'garden': '', 'yard': ''}",176.452,176.452,62000,62000.0,20020702130298,5671784,ASP,HJL,渣甸山,2018/06,2018,8,A,8.0,blank,blank,blank,,False,POINT Z (22.2696913 114.1941656 0),22.2696913,114.1941656
1786,2020-04-21,"DUKES PLACE,PERKINS RD|皇第,白建時道",23758.667441345493,0,2846,"{'bay_window': '', 'flat_roof': '', 'roof': '', 'ac_platform': '', 'plant_room': '', 'garden': '', 'yard': ''}",168.0,168.0,59030,59030.217849613495,20051501880015,5707426,ASP,HJL,渣甸山,2018/06,2018,8,A,6.0,blank,blank,blank,,False,POINT Z (22.2696913 114.1941656 0),22.2696913,114.1941656
1787,2020-05-18,"DUKES PLACE,PERKINS RD|皇第,白建時道",29972.34617230672,0,2848,"{'bay_window': '', 'flat_roof': '', 'roof': '', 'ac_platform': '', 'plant_room': '', 'garden': '', 'yard': ''}",219.296,219.296,77000,77000.0,20060900770045,5719810,ASP,HJL,渣甸山,2018/06,2018,8,A,18.0,blank,blank,blank,,False,POINT Z (22.2696913 114.1941656 0),22.2696913,114.1941656
1788,2020-05-18,"DUKES PLACE,PERKINS RD|皇第,白建時道",29972.34617230672,0,2848,"{'bay_window': '', 'flat_roof': '', 'roof': '', 'ac_platform': '', 'plant_room': '', 'garden': '', 'yard': ''}",219.296,219.296,77000,77000.0,20060900770051,5719811,ASP,HJL,渣甸山,2018/06,2018,8,A,17.0,blank,blank,blank,,False,POINT Z (22.2696913 114.1941656 0),22.2696913,114.1941656
1789,2020-05-26,"DUKES PLACE,PERKINS RD|皇第,白建時道",30361.59742129772,0,2848,"{'bay_window': '', 'flat_roof': '', 'roof': '', 'ac_platform': '', 'plant_room': '', 'garden': '', 'yard': ''}",222.144,222.144,78000,78000.0,20062301340181,5728051,ASP,HJL,渣甸山,2018/06,2018,8,A,16.0,blank,blank,blank,,False,POINT Z (22.2696913 114.1941656 0),22.2696913,114.1941656
1790,2020-06-08,"DUKES PLACE,PERKINS RD|皇第,白建時道",23777.92850625235,0,2849,"{'bay_window': '', 'flat_roof': '', 'roof': '', 'ac_platform': '', 'plant_room': '', 'garden': '', 'yard': ''}",172.0,172.0,60372,60372.06037206037,20063001590011,5731369,ASP,HJL,渣甸山,2018/06,2018,8,B,5.0,blank,blank,blank,,False,POINT Z (22.2696913 114.1941656 0),22.2696913,114.1941656
1791,2020-08-23,"DUKES PLACE,PERKINS RD|皇第,白建時道",28493.25040148522,0,2846,"{'bay_window': '', 'flat_roof': '', 'roof': '', 'ac_platform': '', 'plant_room': '', 'garden': '', 'yard': ''}",200.0,200.0,70274,70274.06886858749,20091100630016,5771780,ASP,HJL,渣甸山,2018/06,2018,8,A,10.0,blank,blank,blank,,False,POINT Z (22.2696913 114.1941656 0),22.2696913,114.1941656
1792,2020-09-09,"DUKES PLACE,PERKINS RD|皇第,白建時道",23240.74774252768,0,2849,"{'bay_window': '', 'flat_roof': '', 'roof': '', 'ac_platform': '', 'plant_room': '', 'garden': '', 'yard': ''}",168.0,168.0,58968,58968.05896805897,20092900130587,5781957,ASP,HJL,渣甸山,2018/06,2018,8,B,7.0,blank,blank,blank,,False,POINT Z (22.2696913 114.1941656 0),22.2696913,114.1941656
1793,2021-07-21,"DUKES PLACE,PERKINS RD|皇第,白建時道",27661.905618369223,0,2848,"{'bay_window': '', 'flat_roof': '', 'roof': '', 'ac_platform': '', 'plant_room': '', 'garden': '', 'yard': ''}",205.6128,205.6128,72196,72195.50561797753,21081802240108,5980683,ASP,HJL,渣甸山,2018/06,2018,8,A,15.0,blank,blank,blank,,False,POINT Z (22.2696913 114.1941656 0),22.2696913,114.1941656
1794,2021-08-05,"DUKES PLACE,PERKINS RD|皇第,白建時道",25161.934647637205,0,2849,"{'bay_window': '', 'flat_roof': '', 'roof': '', 'ac_platform': '', 'plant_room': '', 'garden': '', 'yard': ''}",185.0,185.0,64935,64935.06493506493,21090201920018,5990686,ASP,HJL,渣甸山,2018/06,2018,8,B,9.0,blank,blank,blank,,False,POINT Z (22.2696913 114.1941656 0),22.2696913,114.1941656
1795,2022-06-21,"DUKES PLACE,PERKINS RD|皇第,白建時道",39920.86517764467,0,6867,"{'bay_window': '', 'flat_roof': '946', 'roof': '1103', 'ac_platform': '', 'plant_room': '', 'garden': '', 'yard': ''}",680.0,680.0,99024,99024.31920780544,22070502220071,6148457,MEM-ASP,HJL,渣甸山,2018/06,2018,8,A,21.0,blank,blank,blank,,False,POINT Z (22.2696913 114.1941656 0),22.2696913,114.1941656
1796,2022-06-21,"DUKES PLACE,PERKINS RD|皇第,白建時道",33972.64307355659,0,5696,"{'bay_window': '', 'flat_roof': '', 'roof': '', 'ac_platform': '', 'plant_room': '', 'garden': '', 'yard': ''}",480.0,480.0,84270,84269.66292134831,22070502220086,6148458,MEM-ASP,HJL,渣甸山,2018/06,2018,8,A,19.0,blank,blank,blank,,False,POINT Z (22.2696913 114.1941656 0),22.2696913,114.1941656
1797,2023-01-30,"DUKES PLACE,PERKINS RD|皇第,白建時道",31733.981969716548,0,4102,"{'bay_window': '', 'flat_roof': '', 'roof': '', 'ac_platform': '', 'plant_room': '2817', 'garden': '', 'yard': ''}",287.14,287.14,70000,70000.0,23020700160024,6234216,ASP,HJL,渣甸山,2018/06,2018,8,A,0.0,blank,blank,blank,,False,POINT Z (22.2696913 114.1941656 0),22.2696913,114.1941656
1798,2023-08-01,"DUKES PLACE,PERKINS RD|皇第,白建時道",31987.3269792187,0,4078,"{'bay_window': '', 'flat_roof': '', 'roof': '', 'ac_platform': '', 'plant_room': '', 'garden': '', 'yard': ''}",278.0,278.0,68171,68170.67189798922,23081501980047,6328193,MEM-ASP,HJL,渣甸山,2018/06,2018,8,A,3.0,blank,blank,blank,,False,POINT Z (22.2696913 114.1941656 0),22.2696913,114.1941656
1799,2023-08-01,"DUKES PLACE,PERKINS RD|皇第,白建時道",33817.95824000359,0,4440,"{'bay_window': '', 'flat_roof': '', 'roof': '', 'ac_platform': '', 'plant_room': '', 'garden': '', 'yard': ''}",320.0,320.0,72072,72072.07207207207,23081501980054,6328194,MEM-ASP,HJL,渣甸山,2018/06,2018,8,B,11.0,blank,blank,blank,,False,POINT Z (22.2696913 114.1941656 0),22.2696913,114.1941656
1800,2024-10-08,"DUKES PLACE,PERKINS RD|皇第,白建時道",28580.45169489601,0,4078,"{'bay_window': '', 'flat_roof': '', 'roof': '', 'ac_platform': '', 'plant_room': '', 'garden': '', 'yard': ''}",212.0,212.0,51986,51986.26777832271,24102200230020,6491343,ASP,HJL,渣甸山,2018/06,2018,8,A,3.0,blank,blank,blank,,False,POINT Z (22.2696913 114.1941656 0),22.2696913,114.1941656
1801,2025-05-13,"DUKES PLACE,PERKINS RD|皇第,白建時道",24500.39475804878,0,2846,"{'bay_window': '', 'flat_roof': '', 'roof': '', 'ac_platform': '', 'plant_room': '', 'garden': '', 'yard': ''}",125.0,125.0,43921,43921.29304286718,25051500330165,6584124,PRE-ASP,HJL,渣甸山,2018/06,2018,8,A,8.0,blank,blank,blank,,False,POINT Z (22.2696913 114.1941656 0),22.2696913,114.1941656
1802,2025-06-27,"DUKES PLACE,PERKINS RD|皇第,白建時道",22910.764541613644,0,2849,"{'bay_window': '', 'flat_roof': '', 'roof': '', 'ac_platform': '', 'plant_room': '', 'garden': '', 'yard': ''}",117.0,117.0,41067,41067.04106704106,25070400100145,6613372,ASP,HJL,渣甸山,2018/06,2018,8,B,5.0,blank,blank,blank,,False,POINT Z (22.2696913 114.1941656 0),22.2696913,114.1941656
