,instr_date,final_address,time_adj_npsf,gfa,nfa,other_area,original_consid,consid,original_npsf,npsf,memo_no,MW_data_code,nat_instr,d_code,code_chinese,op_date,op_year,bldg_age,unit,floor,block,phase,est_name_en,est_name_ch,with_CPS
0,2003-10-23,"3 REPULSE BAY RD,REPULSE BAY RD|淺水灣三號,淺水灣道",22242.189134156928,2078,1741,"{'bay_window': '', 'flat_roof': '', 'roof': '', 'ac_platform': '', 'plant_room': '', 'garden': '', 'yard': ''}",22.0,20.7364,12636,11910.62607696726,324444,1195929,ASP,HRB,淺水灣/壽臣山,1997/07,1997,29,B,16.0,blank,blank,blank,,True
1,1995-11-01,"37 REPULSE BAY RD(Block 3),REPULSE BAY RD|淺水灣道 37號3座,淺水灣道",9297.052154195011,1220,882,"{'bay_window': '56', 'flat_roof': '', 'roof': '', 'ac_platform': '', 'plant_room': '', 'garden': '', 'yard': ''}",8.2,8.2,9297,9297.052154195011,6450778,4773698,ASP,HRB,淺水灣/壽臣山,1994/02,1994,32,A,23.0,3,blank,37 REPULSE BAY RD,淺水灣道 37號,False
3,1995-11-01,"REPULSE BAY GARDEN(Block 11),BELLEVIEW DR|淺水灣新村11座,麗景道",5627.1231073074405,1669,1519,"{'bay_window': '', 'flat_roof': '', 'roof': '', 'ac_platform': '', 'plant_room': '', 'garden': '', 'yard': ''}",9.15,8.547600000000001,6024,5627.1231073074405,6455294,4775063,ASP,HRB,淺水灣/壽臣山,1976/12,1976,50,whole floor,11.0,11,blank,REPULSE BAY GARDEN,淺水灣新村,True
7,1995-11-01,"SEA CLIFF MANSION(Block A),REPULSE BAY RD|海峰園A座,淺水灣道",5277.485832045338,0,1941,"{'bay_window': '', 'flat_roof': '', 'roof': '', 'ac_platform': '', 'plant_room': '', 'garden': '', 'yard': ''}",10.8,10.2436,5564,5277.485832045338,6462838,4777287,ASP,HRB,淺水灣/壽臣山,1965/00,1965,61,A1,9.0,A,blank,SEA CLIFF MANSION,海峰園,True
10,1995-11-01,"GRAND GARDEN(Block 1),SOUTH BAY RD|華景園1座,南灣道",9310.95890410959,3054,2482,"{'bay_window': '', 'flat_roof': '', 'roof': '', 'ac_platform': '', 'plant_room': '', 'garden': '', 'yard': ''}",24.08,23.1098,9702,9310.95890410959,6466559,4778915,ASP,HRB,淺水灣/壽臣山,1986/12,1986,40,A,25.0,1,blank,GRAND GARDEN,華景園,True
12,1995-11-01,"37 REPULSE BAY RD(Block 1),REPULSE BAY RD|淺水灣道 37號1座,淺水灣道",10376.33824670287,1745,1289,"{'bay_window': '44', 'flat_roof': '', 'roof': '', 'ac_platform': '', 'plant_room': '', 'garden': '', 'yard': ''}",14.5,13.3751,11249,10376.33824670287,6468552,4778373,ASP,HRB,淺水灣/壽臣山,1994/02,1994,32,B,19.0,1,blank,37 REPULSE BAY RD,淺水灣道 37號,True
15,1995-11-01,"PINE CREST,REPULSE BAY RD|松苑,淺水灣道",6827.96875,2250,1920,"{'bay_window': '', 'flat_roof': '', 'roof': '', 'ac_platform': '', 'plant_room': '', 'garden': '', 'yard': ''}",13.83,13.1097,7203,6827.96875,6470756,4780250,ASP,HRB,淺水灣/壽臣山,1982/11,1982,44,A,11.0,blank,blank,blank,,True
25,1995-11-01,"SOUTH BAY TOWERS,SOUTH BAY RD|南灣大廈,南灣道",7412.87356321839,2699,2175,"{'bay_window': '', 'flat_roof': '', 'roof': '1060', 'ac_platform': '', 'plant_room': '', 'garden': '', 'yard': ''}",16.9,16.122999999999998,7770,7412.87356321839,6475365,4781848,ASP,HRB,淺水灣/壽臣山,1984/11,1984,42,D,29.0,blank,blank,blank,,True
36,1995-12-19,"37 REPULSE BAY RD(Block 2),REPULSE BAY RD|淺水灣道 37號2座,淺水灣道",10227.250206440958,1635,1211,"{'bay_window': '32', 'flat_roof': '', 'roof': '', 'ac_platform': '', 'plant_room': '', 'garden': '', 'yard': ''}",13.5,12.3852,11148,10227.250206440958,6487013,4786789,ASP,HRB,淺水灣/壽臣山,1994/02,1994,32,A,14.0,2,blank,37 REPULSE BAY RD,淺水灣道 37號,True
41,1995-12-15,"RIDGE COURT,REPULSE BAY RD|冠園,淺水灣道",4875.053191489362,0,1880,"{'bay_window': '', 'flat_roof': '', 'roof': '', 'ac_platform': '', 'plant_room': '', 'garden': '', 'yard': ''}",9.68,9.1651,5149,4875.053191489362,6492288,4784253,ASP,HRB,淺水灣/壽臣山,1969/06,1969,57,D,1.0,blank,blank,blank,,True
48,1995-12-13,"37 REPULSE BAY RD(Block 1),REPULSE BAY RD|淺水灣道 37號1座,淺水灣道",10290.457719162141,1745,1289,"{'bay_window': '44', 'flat_roof': '', 'roof': '', 'ac_platform': '', 'plant_room': '', 'garden': '', 'yard': ''}",14.38,13.2644,11156,10290.457719162141,6500484,4789963,ASP,HRB,淺水灣/壽臣山,1994/02,1994,32,B,6.0,1,blank,37 REPULSE BAY RD,淺水灣道 37號,True
49,1996-01-05,"MONTE VERDE,REPULSE BAY RD|南山別墅,淺水灣道",7746.785714285715,2215,1960,"{'bay_window': '', 'flat_roof': '', 'roof': '', 'ac_platform': '', 'plant_room': '', 'garden': '', 'yard': ''}",16.0,15.1837,8163,7746.785714285715,6502793,4790358,ASP,HRB,淺水灣/壽臣山,1974/05,1974,52,A,10.0,blank,blank,blank,,True
60,1996-01-23,"SEA CLIFF MANSION(Block A),REPULSE BAY RD|海峰園A座,淺水灣道",5888.717156105101,0,1941,"{'bay_window': '', 'flat_roof': '', 'roof': '', 'ac_platform': '', 'plant_room': '', 'garden': '', 'yard': ''}",11.43,11.43,5889,5888.717156105101,6523327,4795614,ASP,HRB,淺水灣/壽臣山,1965/06,1965,61,A2,4.0,A,blank,SEA CLIFF MANSION,海峰園,False
69,1996-01-29,"PINE CREST,REPULSE BAY RD|松苑,淺水灣道",8235.0,2250,1920,"{'bay_window': '', 'flat_roof': '', 'roof': '', 'ac_platform': '', 'plant_room': '', 'garden': '', 'yard': ''}",16.68,15.8112,8688,8235.0,6531719,4797089,ASP,HRB,淺水灣/壽臣山,1982/11,1982,44,A,14.0,blank,blank,blank,,True
73,1996-01-23,"GRAND GARDEN(Block 1),SOUTH BAY RD|華景園1座,南灣道",7047.577919639504,3061,2663,"{'bay_window': '', 'flat_roof': '', 'roof': '', 'ac_platform': '', 'plant_room': '', 'garden': '', 'yard': ''}",19.5,18.7677,7323,7047.577919639504,6534024,4798946,ASP,HRB,淺水灣/壽臣山,1986/12,1986,40,B,19.0,1,blank,GRAND GARDEN,華景園,True
78,1996-02-08,"SOUTH BAY TOWERS,SOUTH BAY RD|南灣大廈,南灣道",6156.640444238778,2738,2161,"{'bay_window': '107', 'flat_roof': '', 'roof': '', 'ac_platform': '', 'plant_room': '', 'garden': '', 'yard': ''}",13.95,13.3045,6455,6156.640444238778,6535904,4800105,ASP,HRB,淺水灣/壽臣山,1984/11,1984,42,C,10.0,blank,blank,blank,,True
92,1996-02-12,"REPULSE BAY GARDEN(Block 3),BELLEVIEW DR|淺水灣新村3座,麗景道",6156.190476190476,2810,2625,"{'bay_window': '', 'flat_roof': '', 'roof': '', 'ac_platform': '', 'plant_room': '', 'garden': '', 'yard': ''}",16.8,16.16,6400,6156.190476190476,6544600,4803865,ASP,HRB,淺水灣/壽臣山,1973/11,1973,53,whole floor,16.0,3,blank,REPULSE BAY GARDEN,淺水灣新村,True
98,1996-02-10,"REPULSE BAY GARDEN(Block 2),BELLEVIEW DR|淺水灣新村2座,麗景道",6230.331753554502,2288,2110,"{'bay_window': '', 'flat_roof': '', 'roof': '', 'ac_platform': '', 'plant_room': '', 'garden': '', 'yard': ''}",13.8,13.146,6540,6230.331753554502,6547300,4805071,ASP,HRB,淺水灣/壽臣山,1973/11,1973,53,whole floor,11.0,2,blank,REPULSE BAY GARDEN,淺水灣新村,True
99,1996-02-12,"37 REPULSE BAY RD(Block 1),REPULSE BAY RD|淺水灣道 37號1座,淺水灣道",9549.773242630385,1225,882,"{'bay_window': '56', 'flat_roof': '', 'roof': '', 'ac_platform': '', 'plant_room': '', 'garden': '', 'yard': ''}",9.5,8.4229,10771,9549.773242630385,6547711,4805405,ASP,HRB,淺水灣/壽臣山,1994/02,1994,32,A,18.0,1,blank,37 REPULSE BAY RD,淺水灣道 37號,True
109,1996-02-23,"RIDGE COURT,REPULSE BAY RD|冠園,淺水灣道",6295.265957446809,0,1880,"{'bay_window': '', 'flat_roof': '', 'roof': '', 'ac_platform': '', 'plant_room': '', 'garden': '', 'yard': ''}",12.5,11.8351,6649,6295.265957446809,6551213,4806941,ASP,HRB,淺水灣/壽臣山,1969/00,1969,57,D,9.0,blank,blank,blank,,True
114,1996-02-15,"PINE CREST,REPULSE BAY RD|松苑,淺水灣道",8541.145833333334,2250,1920,"{'bay_window': '', 'flat_roof': '', 'roof': '', 'ac_platform': '', 'plant_room': '', 'garden': '', 'yard': ''}",17.3,16.399,9010,8541.145833333334,6552792,4807692,ASP,HRB,淺水灣/壽臣山,1982/11,1982,44,B,19.0,blank,blank,blank,,True
130,1996-02-29,"SOUTH BAY TOWERS,SOUTH BAY RD|南灣大廈,南灣道",6257.117903930131,1433,1145,"{'bay_window': '', 'flat_roof': '', 'roof': '', 'ac_platform': '', 'plant_room': '', 'garden': '', 'yard': ''}",7.85,7.1644,6856,6257.117903930131,6557884,4810379,ASP,HRB,淺水灣/壽臣山,1984/11,1984,42,D,10.0,blank,blank,blank,,True
142,1996-02-26,"37 REPULSE BAY RD(Block 2),REPULSE BAY RD|淺水灣道 37號2座,淺水灣道",11278.486055776892,1680,1255,"{'bay_window': '44', 'flat_roof': '', 'roof': '', 'ac_platform': '', 'plant_room': '', 'garden': '', 'yard': ''}",15.38,14.1545,12255,11278.486055776892,6561691,4815455,ASP,HRB,淺水灣/壽臣山,1994/02,1994,32,B,6.0,2,blank,37 REPULSE BAY RD,淺水灣道 37號,True
146,1996-02-26,"37 REPULSE BAY RD(Block 1),REPULSE BAY RD|淺水灣道 37號1座,淺水灣道",12020.20389249305,0,2158,"{'bay_window': '23', 'flat_roof': '181', 'roof': '844', 'ac_platform': '', 'plant_room': '', 'garden': '', 'yard': ''}",27.2,25.9396,12604,12020.20389249305,6565308,4810824,ASP,HRB,淺水灣/壽臣山,1994/02,1994,32,B,0.0,1,blank,37 REPULSE BAY RD,淺水灣道 37號,True
153,1996-03-08,"37 REPULSE BAY RD(Block 3),REPULSE BAY RD|淺水灣道 37號3座,淺水灣道",9600.0,1220,882,"{'bay_window': '56', 'flat_roof': '', 'roof': '', 'ac_platform': '', 'plant_room': '', 'garden': '', 'yard': ''}",9.55,8.4672,10828,9600.0,6567411,4811522,ASP,HRB,淺水灣/壽臣山,1994/02,1994,32,A,8.0,3,blank,37 REPULSE BAY RD,淺水灣道 37號,True
154,1996-03-18,"37 REPULSE BAY RD(Block 3),REPULSE BAY RD|淺水灣道 37號3座,淺水灣道",9429.138321995466,1220,882,"{'bay_window': '56', 'flat_roof': '', 'roof': '', 'ac_platform': '', 'plant_room': '', 'garden': '', 'yard': ''}",9.38,8.316500000000001,10635,9429.138321995466,6567436,4811526,ASP,HRB,淺水灣/壽臣山,1994/02,1994,32,A,6.0,3,blank,37 REPULSE BAY RD,淺水灣道 37號,True
157,1996-02-09,"PINE CREST,REPULSE BAY RD|松苑,淺水灣道",8294.270833333334,2250,1920,"{'bay_window': '', 'flat_roof': '', 'roof': '', 'ac_platform': '', 'plant_room': '', 'garden': '', 'yard': ''}",16.8,15.925,8750,8294.270833333334,6568914,4811715,ASP,HRB,淺水灣/壽臣山,1982/11,1982,44,A,18.0,blank,blank,blank,,True
175,1996-03-13,"37 REPULSE BAY RD(Block 1),REPULSE BAY RD|淺水灣道 37號1座,淺水灣道",10554.98866213152,1225,882,"{'bay_window': '56', 'flat_roof': '', 'roof': '', 'ac_platform': '', 'plant_room': '', 'garden': '', 'yard': ''}",10.5,9.3095,11905,10554.98866213152,6581683,4825102,ASP,HRB,淺水灣/壽臣山,1994/02,1994,32,A,17.0,1,blank,37 REPULSE BAY RD,淺水灣道 37號,True
179,1996-03-23,"SOUTH BAY TOWERS,SOUTH BAY RD|南灣大廈,南灣道",7493.89171679778,2738,2161,"{'bay_window': '', 'flat_roof': '', 'roof': '', 'ac_platform': '', 'plant_room': '', 'garden': '', 'yard': ''}",16.98,16.194300000000002,7857,7493.89171679778,6583985,4822286,SUB-ASP,HRB,淺水灣/壽臣山,1984/11,1984,42,B,20.0,blank,blank,blank,,True
180,1996-04-03,"37 REPULSE BAY RD(Block 2),REPULSE BAY RD|淺水灣道 37號2座,淺水灣道",11571.792828685258,1680,1255,"{'bay_window': '44', 'flat_roof': '', 'roof': '', 'ac_platform': '', 'plant_room': '', 'garden': '', 'yard': ''}",15.78,14.5226,12574,11571.792828685258,6584247,4822332,SUB-ASP,HRB,淺水灣/壽臣山,1994/02,1994,32,B,6.0,2,blank,37 REPULSE BAY RD,淺水灣道 37號,True
181,1996-04-02,"SOUTH BAY TOWERS,SOUTH BAY RD|南灣大廈,南灣道",6775.196506550218,1433,1145,"{'bay_window': '', 'flat_roof': '', 'roof': '', 'ac_platform': '', 'plant_room': '', 'garden': '', 'yard': ''}",8.5,7.7576,7424,6775.196506550218,6586636,4823444,ASP,HRB,淺水灣/壽臣山,1984/11,1984,42,D,25.0,blank,blank,blank,,True
183,1996-04-01,"SOUTH BAY TOWERS,SOUTH BAY RD|南灣大廈,南灣道",7288.888888888888,1433,1125,"{'bay_window': '', 'flat_roof': '', 'roof': '', 'ac_platform': '', 'plant_room': '', 'garden': '', 'yard': ''}",9.0,8.2,8000,7288.888888888888,6588994,4823811,ASP,HRB,淺水灣/壽臣山,1984/11,1984,42,A,3.0,blank,blank,blank,,True
184,1996-03-29,"TWIN BROOK,REPULSE BAY RD|雙溪,淺水灣道",3930.409836065574,0,2440,"{'bay_window': '', 'flat_roof': '', 'roof': '', 'ac_platform': '', 'plant_room': '', 'garden': '', 'yard': ''}",10.0,9.5902,4098,3930.409836065574,6590107,4818510,ASP,HRB,淺水灣/壽臣山,1974/04,1974,52,B,10.0,blank,blank,blank,,True
188,1996-04-12,"SOUTH BAY TOWERS,SOUTH BAY RD|南灣大廈,南灣道",7357.117903930131,1433,1145,"{'bay_window': '', 'flat_roof': '', 'roof': '', 'ac_platform': '', 'plant_room': '', 'garden': '', 'yard': ''}",9.23,8.4239,8061,7357.117903930131,6593112,4819582,ASP,HRB,淺水灣/壽臣山,1984/11,1984,42,A,20.0,blank,blank,blank,,True
205,1996-04-03,"37 REPULSE BAY RD(Block 3),REPULSE BAY RD|淺水灣道 37號3座,淺水灣道",11592.862684251357,1740,1289,"{'bay_window': '44', 'flat_roof': '', 'roof': '', 'ac_platform': '', 'plant_room': '', 'garden': '', 'yard': ''}",16.2,14.9432,12568,11592.862684251357,6606465,4829375,ASP,HRB,淺水灣/壽臣山,1994/02,1994,32,B,14.0,3,blank,37 REPULSE BAY RD,淺水灣道 37號,True
214,1996-04-18,"SEA CLIFF MANSION(Block B),REPULSE BAY RD|海峰園B座,淺水灣道",6938.897475528079,0,1941,"{'bay_window': '', 'flat_roof': '', 'roof': '', 'ac_platform': '', 'plant_room': '', 'garden': '', 'yard': ''}",14.2,13.4684,7316,6938.897475528079,6611635,4831239,ASP,HRB,淺水灣/壽臣山,1965/06,1965,61,B2,8.0,B,blank,SEA CLIFF MANSION,海峰園,True
220,1996-05-07,"SOUTH BAY TOWERS,SOUTH BAY RD|南灣大廈,南灣道",7173.799126637555,1433,1145,"{'bay_window': '', 'flat_roof': '', 'roof': '', 'ac_platform': '', 'plant_room': '', 'garden': '', 'yard': ''}",9.0,8.214,7860,7173.799126637555,6617779,4833634,ASP,HRB,淺水灣/壽臣山,1984/11,1984,42,D,21.0,blank,blank,blank,,True
238,1996-05-09,"TWIN BROOK,REPULSE BAY RD|雙溪,淺水灣道",8324.590163934427,0,2440,"{'bay_window': '', 'flat_roof': '', 'roof': '', 'ac_platform': '', 'plant_room': '', 'garden': '', 'yard': ''}",21.18,20.312,8680,8324.590163934427,6624659,4836166,ASP,HRB,淺水灣/壽臣山,1974/04,1974,52,A,2.0,blank,blank,blank,,True
239,1996-05-01,"37 REPULSE BAY RD(Block 2),REPULSE BAY RD|淺水灣道 37號2座,淺水灣道",11553.014037985136,1635,1211,"{'bay_window': '32', 'flat_roof': '', 'roof': '', 'ac_platform': '', 'plant_room': '', 'garden': '', 'yard': ''}",15.25,13.9907,12593,11553.014037985136,6625295,4836251,ASP,HRB,淺水灣/壽臣山,1994/02,1994,32,A,12.0,2,blank,37 REPULSE BAY RD,淺水灣道 37號,True
245,1996-04-30,"REPULSE BAY GARDEN(Block 5),BELLEVIEW DR|淺水灣新村5座,麗景道",6447.014218009479,2288,2110,"{'bay_window': '', 'flat_roof': '', 'roof': '', 'ac_platform': '', 'plant_room': '', 'garden': '', 'yard': ''}",14.28,13.6032,6768,6447.014218009479,6626147,4837031,ASP,HRB,淺水灣/壽臣山,1973/11,1973,53,whole floor,20.0,5,blank,REPULSE BAY GARDEN,淺水灣新村,True
252,1996-05-15,"PINE CREST,REPULSE BAY RD|松苑,淺水灣道",8195.520833333334,2250,1920,"{'bay_window': '', 'flat_roof': '', 'roof': '', 'ac_platform': '', 'plant_room': '', 'garden': '', 'yard': ''}",16.6,15.735400000000002,8646,8195.520833333334,6628080,4838047,ASP,HRB,淺水灣/壽臣山,1982/11,1982,44,A,2.0,blank,blank,blank,,True
256,1996-05-10,"MANHATTAN TOWER,REPULSE BAY RD|MANHATTAN TOWER,淺水灣道",16243.171585792898,2243,1999,"{'bay_window': '', 'flat_roof': '1135', 'roof': '941', 'ac_platform': '', 'plant_room': '', 'garden': '', 'yard': ''}",34.18,32.4701,17099,16243.171585792898,6629873,4837976,ASP,HRB,淺水灣/壽臣山,1978/07,1978,48,A,20.0,blank,blank,blank,,True
259,1996-05-10,"VILLA HELVETIA,REPULSE BAY RD|雲濤別墅,淺水灣道",6513.066666666667,0,1875,"{'bay_window': '', 'flat_roof': '', 'roof': '', 'ac_platform': '', 'plant_room': '', 'garden': '', 'yard': ''}",12.9,12.212,6880,6513.066666666667,6630376,4838196,ASP,HRB,淺水灣/壽臣山,1969/00,1969,57,69B,3.0,blank,blank,blank,,True
268,1996-05-23,"RIDGE COURT,REPULSE BAY RD|冠園,淺水灣道",7503.936170212766,0,1880,"{'bay_window': '', 'flat_roof': '', 'roof': '', 'ac_platform': '', 'plant_room': '', 'garden': '', 'yard': ''}",14.9,14.1074,7926,7503.936170212766,6634194,4840260,ASP,HRB,淺水灣/壽臣山,1969/06,1969,57,A,8.0,blank,blank,blank,,True
283,1996-05-09,"PINE CREST,REPULSE BAY RD|松苑,淺水灣道",9568.020833333334,2250,1920,"{'bay_window': '', 'flat_roof': '', 'roof': '', 'ac_platform': '', 'plant_room': '', 'garden': '', 'yard': ''}",19.38,18.3706,10094,9568.020833333334,6636929,4842019,SUB-ASP,HRB,淺水灣/壽臣山,1982/11,1982,44,B,19.0,blank,blank,blank,,True
289,1996-05-27,"37 REPULSE BAY RD(Block 3),REPULSE BAY RD|淺水灣道 37號3座,淺水灣道",10152.947845804989,1220,882,"{'bay_window': '56', 'flat_roof': '', 'roof': '', 'ac_platform': '', 'plant_room': '', 'garden': '', 'yard': ''}",10.1,8.9549,11451,10152.947845804989,6638410,4843141,SUB-ASP,HRB,淺水灣/壽臣山,1994/02,1994,32,A,13.0,3,blank,37 REPULSE BAY RD,淺水灣道 37號,True
304,1996-05-01,"MONTE VERDE,REPULSE BAY RD|南山別墅,淺水灣道",8473.010204081633,2215,1960,"{'bay_window': '', 'flat_roof': '', 'roof': '', 'ac_platform': '', 'plant_room': '', 'garden': '', 'yard': ''}",17.5,16.6071,8929,8473.010204081633,6643466,4844399,ASP,HRB,淺水灣/壽臣山,1974/05,1974,52,A,3.0,blank,blank,blank,,True
313,1996-06-01,"GRAND GARDEN(Block 1),SOUTH BAY RD|華景園1座,南灣道",7806.57153586181,3061,2663,"{'bay_window': '', 'flat_roof': '', 'roof': '', 'ac_platform': '', 'plant_room': '', 'garden': '', 'yard': ''}",21.6,20.7889,8111,7806.57153586181,6647602,4849717,ASP,HRB,淺水灣/壽臣山,1986/12,1986,40,B,9.0,1,blank,GRAND GARDEN,華景園,True
318,1996-05-01,"SEA CLIFF MANSION(Block B),REPULSE BAY RD|海峰園B座,淺水灣道",7574.137042761463,0,1941,"{'bay_window': '', 'flat_roof': '', 'roof': '', 'ac_platform': '', 'plant_room': '', 'garden': '', 'yard': ''}",15.5,14.7014,7986,7574.137042761463,6649106,4850746,ASP,HRB,淺水灣/壽臣山,1965/06,1965,61,B2,2.0,B,blank,SEA CLIFF MANSION,海峰園,True
319,1996-05-01,"37 REPULSE BAY RD(Block 3),REPULSE BAY RD|淺水灣道 37號3座,淺水灣道",10293.650793650793,1220,882,"{'bay_window': '56', 'flat_roof': '', 'roof': '', 'ac_platform': '', 'plant_room': '', 'garden': '', 'yard': ''}",10.24,9.079,11610,10293.650793650793,6649364,4849288,ASP,HRB,淺水灣/壽臣山,1994/02,1994,32,A,16.0,3,blank,37 REPULSE BAY RD,淺水灣道 37號,True
328,1996-06-01,"PARK PLACE(Block C),TAI TAM RESERVOIR RD|雅柏苑C座,大潭水塘道",10641.87951807229,2288,2075,"{'bay_window': '', 'flat_roof': '', 'roof': '', 'ac_platform': '', 'plant_room': '', 'garden': '', 'yard': ''}",23.2,22.0819,11181,10641.87951807229,6658428,4847085,ASP,HRB,淺水灣/壽臣山,1985/01,1985,41,1,1.0,C,blank,PARK PLACE,雅柏苑,True
330,1996-06-01,"37 REPULSE BAY RD(Block 2),REPULSE BAY RD|淺水灣道 37號2座,淺水灣道",11513.147410358566,1680,1255,"{'bay_window': '44', 'flat_roof': '', 'roof': '', 'ac_platform': '', 'plant_room': '', 'garden': '', 'yard': ''}",15.7,14.449,12510,11513.147410358566,6660731,4846637,ASP,HRB,淺水灣/壽臣山,1994/02,1994,32,B,5.0,2,blank,37 REPULSE BAY RD,淺水灣道 37號,True
373,1996-06-01,"37 REPULSE BAY RD(Block 2),REPULSE BAY RD|淺水灣道 37號2座,淺水灣道",12947.976878612717,1635,1211,"{'bay_window': '32', 'flat_roof': '', 'roof': '', 'ac_platform': '', 'plant_room': '', 'garden': '', 'yard': ''}",15.68,15.68,12948,12947.976878612717,6663696,4847489,PRO-ASP,HRB,淺水灣/壽臣山,1994/02,1994,32,A,7.0,2,blank,37 REPULSE BAY RD,淺水灣道 37號,False
376,1996-06-01,"37 REPULSE BAY RD(Block 3),REPULSE BAY RD|淺水灣道 37號3座,淺水灣道",12143.310657596372,1220,882,"{'bay_window': '56', 'flat_roof': '', 'roof': '', 'ac_platform': '', 'plant_room': '', 'garden': '', 'yard': ''}",12.08,10.7104,13696,12143.310657596372,6664502,4847854,ASP,HRB,淺水灣/壽臣山,1994/02,1994,32,A,21.0,3,blank,37 REPULSE BAY RD,淺水灣道 37號,True
389,1996-05-01,"PINE CREST,REPULSE BAY RD|松苑,淺水灣道",9207.604166666666,2250,1920,"{'bay_window': '', 'flat_roof': '', 'roof': '', 'ac_platform': '', 'plant_room': '', 'garden': '', 'yard': ''}",18.65,17.6786,9714,9207.604166666666,6667442,4852366,PRO-ASP,HRB,淺水灣/壽臣山,1982/11,1982,44,A,6.0,blank,blank,blank,,True
396,1996-06-01,"SPLENDOUR VILLA,SOUTH BAY RD|雅景閣,南灣道",13578.852201257858,0,1272,"{'bay_window': '', 'flat_roof': '', 'roof': '', 'ac_platform': '', 'plant_room': '', 'garden': '', 'yard': ''}",18.2,17.272299999999998,9277,13578.852201257858,6671478,4854643,ASP,HRB,淺水灣/壽臣山,1993/08,1993,33,F,3.0,blank,blank,blank,,True
401,1996-03-01,"REPULSE BAY GARDEN(Block 11),BELLEVIEW DR|淺水灣新村11座,麗景道",6998.55167873601,1669,1519,"{'bay_window': '', 'flat_roof': '', 'roof': '', 'ac_platform': '', 'plant_room': '', 'garden': '', 'yard': ''}",11.38,10.6308,7492,6998.55167873601,6673300,4855690,ASP,HRB,淺水灣/壽臣山,1976/12,1976,50,whole floor,13.0,11,blank,REPULSE BAY GARDEN,淺水灣新村,True
407,1996-06-01,"REPULSE BAY GARDEN(Block 11),BELLEVIEW DR|淺水灣新村11座,麗景道",7533.574720210665,1669,1519,"{'bay_window': '', 'flat_roof': '', 'roof': '', 'ac_platform': '', 'plant_room': '', 'garden': '', 'yard': ''}",12.25,11.4435,8065,7533.574720210665,6675975,4855692,ASP,HRB,淺水灣/壽臣山,1976/12,1976,50,whole floor,7.0,11,blank,REPULSE BAY GARDEN,淺水灣新村,True
408,1996-06-01,"REPULSE BAY GARDEN(Block 7),BELLEVIEW DR|淺水灣新村7座,麗景道",6040.710900473934,2288,2110,"{'bay_window': '', 'flat_roof': '', 'roof': '', 'ac_platform': '', 'plant_room': '', 'garden': '', 'yard': ''}",13.38,12.7459,6341,6040.710900473934,6676874,4861591,ASP,HRB,淺水灣/壽臣山,1973/11,1973,53,whole floor,2.0,7,blank,REPULSE BAY GARDEN,淺水灣新村,True
410,1996-06-01,"PINE CREST,REPULSE BAY RD|松苑,淺水灣道",9568.020833333334,2250,1920,"{'bay_window': '', 'flat_roof': '', 'roof': '', 'ac_platform': '', 'plant_room': '', 'garden': '', 'yard': ''}",19.38,18.3706,10094,9568.020833333334,6677199,4856603,ASP,HRB,淺水灣/壽臣山,1982/11,1982,44,A,10.0,blank,blank,blank,,True
411,1996-06-01,"37 REPULSE BAY RD(Block 2),REPULSE BAY RD|淺水灣道 37號2座,淺水灣道",11623.187250996016,1680,1255,"{'bay_window': '', 'flat_roof': '', 'roof': '', 'ac_platform': '', 'plant_room': '', 'garden': '', 'yard': ''}",15.85,14.5871,12629,11623.187250996016,6678007,4856886,ASP,HRB,淺水灣/壽臣山,1994/02,1994,32,B,10.0,2,blank,37 REPULSE BAY RD,淺水灣道 37號,True
412,1996-06-01,"PINE CREST,REPULSE BAY RD|松苑,淺水灣道",8393.020833333334,2250,1920,"{'bay_window': '', 'flat_roof': '', 'roof': '', 'ac_platform': '', 'plant_room': '', 'garden': '', 'yard': ''}",17.0,16.1146,8854,8393.020833333334,6679065,4856604,ASP,HRB,淺水灣/壽臣山,1982/11,1982,44,B,12.0,blank,blank,blank,,True
413,1996-06-01,"37 REPULSE BAY RD(Block 1),REPULSE BAY RD|淺水灣道 37號1座,淺水灣道",12412.723041117146,1745,1289,"{'bay_window': '44', 'flat_roof': '', 'roof': '', 'ac_platform': '', 'plant_room': '', 'garden': '', 'yard': ''}",16.0,16.0,12413,12412.723041117146,6680284,4856887,ASP,HRB,淺水灣/壽臣山,1994/02,1994,32,B,14.0,1,blank,37 REPULSE BAY RD,淺水灣道 37號,False
419,1996-06-14,"REPULSE BAY GARDEN(Block 11),BELLEVIEW DR|淺水灣新村11座,麗景道",7379.855167873601,1669,1519,"{'bay_window': '', 'flat_roof': '', 'roof': '', 'ac_platform': '', 'plant_room': '', 'garden': '', 'yard': ''}",12.0,11.21,7900,7379.855167873601,6681434,4949143,ASP,HRB,淺水灣/壽臣山,1976/12,1976,50,whole floor,4.0,11,blank,REPULSE BAY GARDEN,淺水灣新村,True
428,1996-06-27,"SOUTH BAY TOWERS,SOUTH BAY RD|南灣大廈,南灣道",8767.947598253275,1433,1145,"{'bay_window': '', 'flat_roof': '', 'roof': '', 'ac_platform': '', 'plant_room': '', 'garden': '', 'yard': ''}",11.0,10.0393,9607,8767.947598253275,6684761,4856697,ASP,HRB,淺水灣/壽臣山,1984/11,1984,42,A,11.0,blank,blank,blank,,True
488,1996-07-01,"37 REPULSE BAY RD(Block 1),REPULSE BAY RD|淺水灣道 37號1座,淺水灣道",12244.897959183674,1225,882,"{'bay_window': '56', 'flat_roof': '', 'roof': '', 'ac_platform': '', 'plant_room': '', 'garden': '', 'yard': ''}",10.8,10.8,12245,12244.897959183674,6696814,4863277,ASP,HRB,淺水灣/壽臣山,1994/02,1994,32,A,2.0,1,blank,37 REPULSE BAY RD,淺水灣道 37號,False
494,1996-05-29,"PINE CREST,REPULSE BAY RD|松苑,淺水灣道",8639.84375,2250,1920,"{'bay_window': '', 'flat_roof': '', 'roof': '', 'ac_platform': '', 'plant_room': '', 'garden': '', 'yard': ''}",17.5,16.5885,9115,8639.84375,6702219,4949231,ASP,HRB,淺水灣/壽臣山,1982/11,1982,44,B,1.0,blank,blank,blank,,True
518,1996-07-25,"37 REPULSE BAY RD(Block 3),REPULSE BAY RD|淺水灣道 37號3座,淺水灣道",12165.32195500388,1740,1289,"{'bay_window': '44', 'flat_roof': '', 'roof': '', 'ac_platform': '', 'plant_room': '', 'garden': '', 'yard': ''}",17.0,15.6811,13189,12165.32195500388,6716107,4872062,SUB-ASP,HRB,淺水灣/壽臣山,1994/02,1994,32,B,14.0,3,blank,37 REPULSE BAY RD,淺水灣道 37號,True
526,1996-07-12,"37 REPULSE BAY RD(Block 2),REPULSE BAY RD|淺水灣道 37號2座,淺水灣道",11287.8612716763,1635,1211,"{'bay_window': '32', 'flat_roof': '', 'roof': '', 'ac_platform': '', 'plant_room': '', 'garden': '', 'yard': ''}",14.9,13.6696,12304,11287.8612716763,6719000,4866570,PRO-ASP,HRB,淺水灣/壽臣山,1994/02,1994,32,A,3.0,2,blank,37 REPULSE BAY RD,淺水灣道 37號,True
538,1996-08-02,"37 REPULSE BAY RD(Block 2),REPULSE BAY RD|淺水灣道 37號2座,淺水灣道",11742.44426094137,1635,1211,"{'bay_window': '32', 'flat_roof': '', 'roof': '', 'ac_platform': '', 'plant_room': '', 'garden': '', 'yard': ''}",15.5,14.2201,12799,11742.44426094137,6731890,4879003,ASP,HRB,淺水灣/壽臣山,1994/02,1994,32,A,2.0,2,blank,37 REPULSE BAY RD,淺水灣道 37號,True
542,1996-08-06,"RIDGE COURT,REPULSE BAY RD|冠園,淺水灣道",6738.45744680851,0,1880,"{'bay_window': '', 'flat_roof': '', 'roof': '', 'ac_platform': '', 'plant_room': '', 'garden': '', 'yard': ''}",13.38,12.6683,7117,6738.45744680851,6734970,4879931,ASP,HRB,淺水灣/壽臣山,1969/06,1969,57,D,2.0,blank,blank,blank,,True
543,1996-08-16,"SPLENDOUR VILLA,SOUTH BAY RD|雅景閣,南灣道",11563.468013468013,1527,1188,"{'bay_window': '', 'flat_roof': '', 'roof': '1164', 'ac_platform': '', 'plant_room': '', 'garden': '', 'yard': ''}",15.0,13.7374,12626,11563.468013468013,6735788,4873736,ASP,HRB,淺水灣/壽臣山,1993/08,1993,33,I,3.0,blank,blank,blank,,True
546,1996-07-27,"SOUTH BAY TOWERS,SOUTH BAY RD|南灣大廈,南灣道",6934.672489082968,1433,1145,"{'bay_window': '', 'flat_roof': '', 'roof': '', 'ac_platform': '', 'plant_room': '', 'garden': '', 'yard': ''}",8.7,7.940199999999999,7598,6934.672489082968,6738267,4876195,ASP,HRB,淺水灣/壽臣山,1984/11,1984,42,D,4.0,blank,blank,blank,,True
556,1996-08-22,"37 REPULSE BAY RD(Block 2),REPULSE BAY RD|淺水灣道 37號2座,淺水灣道",12231.792828685258,1680,1255,"{'bay_window': '', 'flat_roof': '', 'roof': '', 'ac_platform': '', 'plant_room': '', 'garden': '', 'yard': ''}",16.68,15.3509,13291,12231.792828685258,6742514,4876411,ASP,HRB,淺水灣/壽臣山,1994/02,1994,32,B,17.0,2,blank,37 REPULSE BAY RD,淺水灣道 37號,True
565,1996-08-30,"SOUTH BAY TOWERS,SOUTH BAY RD|南灣大廈,南灣道",7811.441048034934,1433,1145,"{'bay_window': '', 'flat_roof': '', 'roof': '', 'ac_platform': '', 'plant_room': '', 'garden': '', 'yard': ''}",9.8,8.9441,8559,7811.441048034934,6751182,4873729,ASP,HRB,淺水灣/壽臣山,1984/11,1984,42,D,28.0,blank,blank,blank,,True
571,1996-09-03,"PINE CREST,REPULSE BAY RD|松苑,淺水灣道",9775.364583333334,2250,1920,"{'bay_window': '', 'flat_roof': '', 'roof': '', 'ac_platform': '', 'plant_room': '', 'garden': '', 'yard': ''}",19.8,18.7687,10313,9775.364583333334,6753561,4880776,ASP,HRB,淺水灣/壽臣山,1982/11,1982,44,B,10.0,blank,blank,blank,,True
578,1996-08-21,"37 REPULSE BAY RD(Block 2),REPULSE BAY RD|淺水灣道 37號2座,淺水灣道",12437.902559867878,1635,1211,"{'bay_window': '32', 'flat_roof': '', 'roof': '', 'ac_platform': '', 'plant_room': '', 'garden': '', 'yard': ''}",16.418,15.0623,13557,12437.902559867878,6759570,4881108,ASP,HRB,淺水灣/壽臣山,1994/02,1994,32,A,4.0,2,blank,37 REPULSE BAY RD,淺水灣道 37號,True
581,1996-09-24,"TWIN BROOK,REPULSE BAY RD|雙溪,淺水灣道",8363.893442622952,0,2440,"{'bay_window': '', 'flat_roof': '', 'roof': '', 'ac_platform': '', 'plant_room': '', 'garden': '', 'yard': ''}",21.28,20.4079,8721,8363.893442622952,6772807,4883760,ASP,HRB,淺水灣/壽臣山,1974/04,1974,52,A,3.0,blank,blank,blank,,True
585,1996-09-13,"SEA CLIFF MANSION(Block B),REPULSE BAY RD|海峰園B座,淺水灣道",7207.676455435342,0,1941,"{'bay_window': '', 'flat_roof': '', 'roof': '', 'ac_platform': '', 'plant_room': '', 'garden': '', 'yard': ''}",14.75,13.9901,7599,7207.676455435342,6776947,4887947,PRO-ASP,HRB,淺水灣/壽臣山,1965/06,1965,61,B2,5.0,B,blank,SEA CLIFF MANSION,海峰園,True
588,1996-09-16,"RIDGE COURT,REPULSE BAY RD|冠園,淺水灣道",7453.617021276596,0,1880,"{'bay_window': '', 'flat_roof': '', 'roof': '', 'ac_platform': '', 'plant_room': '', 'garden': '', 'yard': ''}",14.8,14.0128,7872,7453.617021276596,6779114,4886214,ASP,HRB,淺水灣/壽臣山,1969/06,1969,57,B,7.0,blank,blank,blank,,True
591,1996-09-25,"37 REPULSE BAY RD(Block 3),REPULSE BAY RD|淺水灣道 37號3座,淺水灣道",11306.594259115593,1740,1289,"{'bay_window': '44', 'flat_roof': '', 'roof': '', 'ac_platform': '', 'plant_room': '', 'garden': '', 'yard': ''}",15.8,14.5742,12258,11306.594259115593,6780314,4886515,SUB-ASP,HRB,淺水灣/壽臣山,1994/02,1994,32,B,2.0,3,blank,37 REPULSE BAY RD,淺水灣道 37號,True
598,1996-10-04,"SEA CLIFF MANSION(Block B),REPULSE BAY RD|海峰園B座,淺水灣道",7599.175682637816,0,1941,"{'bay_window': '', 'flat_roof': '', 'roof': '', 'ac_platform': '', 'plant_room': '', 'garden': '', 'yard': ''}",14.75,14.75,7599,7599.175682637816,6786245,4890834,ASP,HRB,淺水灣/壽臣山,1965/06,1965,61,2,5.0,B,blank,SEA CLIFF MANSION,海峰園,False
606,1996-10-03,"SEA CLIFF MANSION(Block A),REPULSE BAY RD|海峰園A座,淺水灣道",7075.734157650695,0,1941,"{'bay_window': '', 'flat_roof': '', 'roof': '', 'ac_platform': '', 'plant_room': '', 'garden': '', 'yard': ''}",14.48,13.734,7460,7075.734157650695,6792338,4893367,ASP,HRB,淺水灣/壽臣山,1965/06,1965,61,A2,7.0,A,blank,SEA CLIFF MANSION,海峰園,True
607,1996-09-20,"37 REPULSE BAY RD(Block 1),REPULSE BAY RD|淺水灣道 37號1座,淺水灣道",12165.32195500388,1745,1289,"{'bay_window': '44', 'flat_roof': '', 'roof': '', 'ac_platform': '', 'plant_room': '', 'garden': '', 'yard': ''}",17.0,15.6811,13189,12165.32195500388,6792601,4894837,ASP,HRB,淺水灣/壽臣山,1994/02,1994,32,B,4.0,1,blank,37 REPULSE BAY RD,淺水灣道 37號,True
613,1996-10-01,"37 REPULSE BAY RD(Block 1),REPULSE BAY RD|淺水灣道 37號1座,淺水灣道",13224.437548487202,1745,1289,"{'bay_window': '44', 'flat_roof': '', 'roof': '', 'ac_platform': '', 'plant_room': '', 'garden': '', 'yard': ''}",18.48,17.046300000000002,14337,13224.437548487202,6794687,4895143,ASP,HRB,淺水灣/壽臣山,1994/02,1994,32,B,2.0,1,blank,37 REPULSE BAY RD,淺水灣道 37號,True
620,1996-10-07,"PARK PLACE(Block C),TAI TAM RESERVOIR RD|雅柏苑C座,大潭水塘道",12591.373493975903,2288,2075,"{'bay_window': '', 'flat_roof': '', 'roof': '', 'ac_platform': '', 'plant_room': '', 'garden': '', 'yard': ''}",27.45,26.1271,13229,12591.373493975903,6797060,4893345,ASP,HRB,淺水灣/壽臣山,1985/01,1985,41,2,8.0,C,blank,PARK PLACE,雅柏苑,True
630,1996-10-08,"37 REPULSE BAY RD(Block 2),REPULSE BAY RD|淺水灣道 37號2座,淺水灣道",13603.107569721116,1680,1255,"{'bay_window': '44', 'flat_roof': '', 'roof': '', 'ac_platform': '', 'plant_room': '', 'garden': '', 'yard': ''}",18.55,17.0719,14781,13603.107569721116,6802129,4896005,SUB-ASP,HRB,淺水灣/壽臣山,1994/02,1994,32,B,5.0,2,blank,37 REPULSE BAY RD,淺水灣道 37號,True
638,1996-10-17,"REPULSE BAY GARDEN(Block 7),BELLEVIEW DR|淺水灣新村7座,麗景道",6839.810426540284,2288,2110,"{'bay_window': '', 'flat_roof': '', 'roof': '', 'ac_platform': '', 'plant_room': '', 'garden': '', 'yard': ''}",15.15,14.432,7180,6839.810426540284,6804558,4896951,ASP,HRB,淺水灣/壽臣山,1973/11,1973,53,whole floor,3.0,7,blank,REPULSE BAY GARDEN,淺水灣新村,True
649,1996-10-08,"SOUTH BAY TOWERS,SOUTH BAY RD|南灣大廈,南灣道",7502.683942619158,2738,2161,"{'bay_window': '', 'flat_roof': '', 'roof': '', 'ac_platform': '', 'plant_room': '', 'garden': '', 'yard': ''}",17.0,16.2133,7867,7502.683942619158,6809676,4904487,ASP,HRB,淺水灣/壽臣山,1984/11,1984,42,C,16.0,blank,blank,blank,,True
655,1996-10-18,"REPULSE BAY GARDEN(Block 3),BELLEVIEW DR|淺水灣新村3座,麗景道",7621.942857142857,2810,2625,"{'bay_window': '', 'flat_roof': '', 'roof': '', 'ac_platform': '', 'plant_room': '', 'garden': '', 'yard': ''}",20.8,20.0076,7924,7621.942857142857,6811439,4906269,ASP,HRB,淺水灣/壽臣山,1973/11,1973,53,whole floor,14.0,3,blank,REPULSE BAY GARDEN,淺水灣新村,True
660,1996-10-14,"37 REPULSE BAY RD(Block 2),REPULSE BAY RD|淺水灣道 37號2座,淺水灣道",13419.760956175298,1680,1255,"{'bay_window': '44', 'flat_roof': '', 'roof': '', 'ac_platform': '', 'plant_room': '', 'garden': '', 'yard': ''}",18.3,16.8418,14582,13419.760956175298,6812841,4904741,ASP,HRB,淺水灣/壽臣山,1994/02,1994,32,B,19.0,2,blank,37 REPULSE BAY RD,淺水灣道 37號,True
666,1996-10-18,"SEA CLIFF MANSION(Block B),REPULSE BAY RD|海峰園B座,淺水灣道",8209.428129829985,0,1941,"{'bay_window': '', 'flat_roof': '', 'roof': '', 'ac_platform': '', 'plant_room': '', 'garden': '', 'yard': ''}",16.8,15.9345,8655,8209.428129829985,6814958,4909894,ASP,HRB,淺水灣/壽臣山,1965/00,1965,61,B2,12.0,B,blank,SEA CLIFF MANSION,海峰園,True
698,1996-11-09,"SEA CLIFF MANSION(Block B),REPULSE BAY RD|海峰園B座,淺水灣道",8500.772797527048,0,1941,"{'bay_window': '', 'flat_roof': '', 'roof': '', 'ac_platform': '', 'plant_room': '', 'garden': '', 'yard': ''}",16.5,16.5,8501,8500.772797527048,6824840,4921023,ASP,HRB,淺水灣/壽臣山,1965/06,1965,61,B1,6.0,B,blank,SEA CLIFF MANSION,海峰園,False
699,1996-11-06,"REPULSE BAY GARDEN(Block 2),BELLEVIEW DR|淺水灣新村2座,麗景道",7675.023696682463,2288,2110,"{'bay_window': '', 'flat_roof': '', 'roof': '', 'ac_platform': '', 'plant_room': '', 'garden': '', 'yard': ''}",17.0,16.1943,8057,7675.023696682463,6824846,4920892,ASP,HRB,淺水灣/壽臣山,1973/11,1973,53,whole floor,19.0,2,blank,REPULSE BAY GARDEN,淺水灣新村,True
717,1996-11-07,"SOUTH BAY TOWERS,SOUTH BAY RD|南灣大廈,南灣道",8959.093012494215,2738,2161,"{'bay_window': '', 'flat_roof': '', 'roof': '', 'ac_platform': '', 'plant_room': '', 'garden': '', 'yard': ''}",20.3,19.3606,9394,8959.093012494215,6829282,4915807,ASP,HRB,淺水灣/壽臣山,1984/11,1984,42,C,25.0,blank,blank,blank,,True
739,1996-11-06,"REPULSE BAY GARDEN(Block 3),BELLEVIEW DR|淺水灣新村3座,麗景道",7438.742857142857,2810,2625,"{'bay_window': '', 'flat_roof': '', 'roof': '', 'ac_platform': '', 'plant_room': '', 'garden': '', 'yard': ''}",20.3,19.5267,7733,7438.742857142857,6838493,4913835,ASP,HRB,淺水灣/壽臣山,1973/11,1973,53,whole floor,3.0,3,blank,REPULSE BAY GARDEN,淺水灣新村,True
742,1996-11-09,"RIDGE COURT,REPULSE BAY RD|冠園,淺水灣道",8863.723404255321,0,1880,"{'bay_window': '', 'flat_roof': '', 'roof': '', 'ac_platform': '', 'plant_room': '', 'garden': '', 'yard': ''}",17.6,16.663800000000002,9362,8863.723404255321,6839063,4911701,ASP,HRB,淺水灣/壽臣山,1969/06,1969,57,B,12.0,blank,blank,blank,,True
746,1996-11-22,"SEA CLIFF MANSION(Block A),REPULSE BAY RD|海峰園A座,淺水灣道",9015.971148892324,0,1941,"{'bay_window': '', 'flat_roof': '', 'roof': '', 'ac_platform': '', 'plant_room': '', 'garden': '', 'yard': ''}",17.5,17.5,9016,9015.971148892324,6840066,4913973,ASP,HRB,淺水灣/壽臣山,1965/06,1965,61,A1,11.0,A,blank,SEA CLIFF MANSION,海峰園,False
748,1996-11-11,"37 REPULSE BAY RD(Block 3),REPULSE BAY RD|淺水灣道 37號3座,淺水灣道",13068.14058956916,1220,882,"{'bay_window': '56', 'flat_roof': '', 'roof': '', 'ac_platform': '', 'plant_room': '', 'garden': '', 'yard': ''}",13.0,11.5261,14739,13068.14058956916,6840184,4912110,ASP,HRB,淺水灣/壽臣山,1994/02,1994,32,A,11.0,3,blank,37 REPULSE BAY RD,淺水灣道 37號,True
749,1996-11-11,"RIDGE COURT,REPULSE BAY RD|冠園,淺水灣道",8057.925531914893,0,1880,"{'bay_window': '', 'flat_roof': '', 'roof': '', 'ac_platform': '', 'plant_room': '', 'garden': '', 'yard': ''}",16.0,15.1489,8511,8057.925531914893,6841289,4911702,ASP,HRB,淺水灣/壽臣山,1969/06,1969,57,A,11.0,blank,blank,blank,,True
750,1996-10-18,"SPLENDOUR VILLA,SOUTH BAY RD|雅景閣,南灣道",7882.711864406778,0,590,"{'bay_window': '', 'flat_roof': '', 'roof': '', 'ac_platform': '', 'plant_room': '', 'garden': '', 'yard': ''}",5.6,4.650799999999999,9492,7882.711864406778,6841377,4911792,ASP,HRB,淺水灣/壽臣山,1993/08,1993,33,B,0.0,blank,blank,blank,,True
757,1996-11-13,"RIDGE COURT,REPULSE BAY RD|冠園,淺水灣道",8249.308510638299,0,1880,"{'bay_window': '', 'flat_roof': '', 'roof': '', 'ac_platform': '', 'plant_room': '', 'garden': '', 'yard': ''}",16.38,15.5087,8713,8249.308510638299,6842508,4911703,SUB-ASP,HRB,淺水灣/壽臣山,1969/06,1969,57,B,7.0,blank,blank,blank,,True
767,1996-11-26,"SOUTH BAY TOWERS,SOUTH BAY RD|南灣大廈,南灣道",9166.46288209607,1433,1145,"{'bay_window': '', 'flat_roof': '', 'roof': '', 'ac_platform': '', 'plant_room': '', 'garden': '', 'yard': ''}",11.5,10.4956,10044,9166.46288209607,6845224,4900230,ASP,HRB,淺水灣/壽臣山,1984/11,1984,42,D,27.0,blank,blank,blank,,True
775,1996-11-19,"RIDGE COURT,REPULSE BAY RD|冠園,淺水灣道",8763.031914893616,0,1880,"{'bay_window': '', 'flat_roof': '', 'roof': '', 'ac_platform': '', 'plant_room': '', 'garden': '', 'yard': ''}",17.4,16.4745,9255,8763.031914893616,6846804,4900143,ASP,HRB,淺水灣/壽臣山,1969/06,1969,57,B,8.0,blank,blank,blank,,True
776,1996-11-13,"REPULSE BAY GARDEN(Block 5),BELLEVIEW DR|淺水灣新村5座,麗景道",7584.739336492892,2288,2110,"{'bay_window': '', 'flat_roof': '', 'roof': '', 'ac_platform': '', 'plant_room': '', 'garden': '', 'yard': ''}",16.8,16.003800000000002,7962,7584.739336492892,6847005,4901975,ASP,HRB,淺水灣/壽臣山,1973/11,1973,53,whole floor,15.0,5,blank,REPULSE BAY GARDEN,淺水灣新村,True
786,1996-11-14,"SOUTH BAY TOWERS,SOUTH BAY RD|南灣大廈,南灣道",8517.769551133735,2738,2161,"{'bay_window': '107', 'flat_roof': '', 'roof': '', 'ac_platform': '', 'plant_room': '', 'garden': '', 'yard': ''}",19.3,18.4069,8931,8517.769551133735,6851149,4900231,ASP,HRB,淺水灣/壽臣山,1984/11,1984,42,B,23.0,blank,blank,blank,,True
791,1996-11-20,"RIDGE COURT,REPULSE BAY RD|冠園,淺水灣道",8309.734042553191,0,1880,"{'bay_window': '', 'flat_roof': '', 'roof': '', 'ac_platform': '', 'plant_room': '', 'garden': '', 'yard': ''}",16.5,15.6223,8777,8309.734042553191,6852088,4900144,ASP,HRB,淺水灣/壽臣山,1969/06,1969,57,B,11.0,blank,blank,blank,,True
793,1996-11-27,"SEA CLIFF MANSION(Block B),REPULSE BAY RD|海峰園B座,淺水灣道",10303.967027305513,0,1941,"{'bay_window': '', 'flat_roof': '', 'roof': '', 'ac_platform': '', 'plant_room': '', 'garden': '', 'yard': ''}",20.0,20.0,10304,10303.967027305513,6852429,4922016,ASP,HRB,淺水灣/壽臣山,1965/06,1965,61,B2,11.0,B,blank,SEA CLIFF MANSION,海峰園,False
794,1996-11-21,"REPULSE BAY GARDEN(Block 12),BELLEVIEW DR|淺水灣新村12座,麗景道",8948.05793285056,1669,1519,"{'bay_window': '', 'flat_roof': '', 'roof': '', 'ac_platform': '', 'plant_room': '', 'garden': '', 'yard': ''}",14.55,13.5921,9579,8948.05793285056,6852811,4922108,ASP,HRB,淺水灣/壽臣山,1976/12,1976,50,whole floor,7.0,12,blank,REPULSE BAY GARDEN,淺水灣新村,True
801,1996-12-03,"SEA CLIFF MANSION(Block B),REPULSE BAY RD|海峰園B座,淺水灣道",9431.066460587326,0,1941,"{'bay_window': '', 'flat_roof': '', 'roof': '', 'ac_platform': '', 'plant_room': '', 'garden': '', 'yard': ''}",19.3,18.3057,9943,9431.066460587326,6855302,4923091,PRO-ASP,HRB,淺水灣/壽臣山,1965/06,1965,61,7,7.0,B,blank,SEA CLIFF MANSION,海峰園,True
805,1996-11-28,"37 REPULSE BAY RD(Block 3),REPULSE BAY RD|淺水灣道 37號3座,淺水灣道",14374.943310657596,1220,882,"{'bay_window': '56', 'flat_roof': '', 'roof': '', 'ac_platform': '', 'plant_room': '', 'garden': '', 'yard': ''}",14.3,12.6787,16213,14374.943310657596,6856879,4923802,ASP,HRB,淺水灣/壽臣山,1994/02,1994,32,A,20.0,3,blank,37 REPULSE BAY RD,淺水灣道 37號,True
813,1996-11-14,"RIDGE COURT,REPULSE BAY RD|冠園,淺水灣道",8460.851063829787,0,1880,"{'bay_window': '', 'flat_roof': '', 'roof': '', 'ac_platform': '', 'plant_room': '', 'garden': '', 'yard': ''}",16.8,15.9064,8936,8460.851063829787,6859476,4925215,ASP,HRB,淺水灣/壽臣山,1969/06,1969,57,D,5.0,blank,blank,blank,,True
824,1996-11-15,"SOUTH BAY TOWERS,SOUTH BAY RD|南灣大廈,南灣道",8164.692272096252,2738,2161,"{'bay_window': '107', 'flat_roof': '', 'roof': '', 'ac_platform': '', 'plant_room': '', 'garden': '', 'yard': ''}",18.5,17.6439,8561,8164.692272096252,6860948,4925892,ASP,HRB,淺水灣/壽臣山,1984/11,1984,42,B,9.0,blank,blank,blank,,True
829,1996-11-27,"TWIN BROOK,REPULSE BAY RD|雙溪,淺水灣道",10612.04918032787,0,2440,"{'bay_window': '', 'flat_roof': '', 'roof': '', 'ac_platform': '', 'plant_room': '', 'garden': '', 'yard': ''}",27.0,25.8934,11066,10612.04918032787,6861692,4926071,ASP,HRB,淺水灣/壽臣山,1974/04,1974,52,B,14.0,blank,blank,blank,,True
837,1996-12-03,"GRAND GARDEN(Block 2),SOUTH BAY RD|華景園2座,南灣道",8567.802197802197,0,1820,"{'bay_window': '46', 'flat_roof': '', 'roof': '', 'ac_platform': '', 'plant_room': '', 'garden': '', 'yard': ''}",16.5,15.5934,9066,8567.802197802197,6863862,4927296,ASP,HRB,淺水灣/壽臣山,1986/12,1986,40,A,19.0,2,blank,GRAND GARDEN,華景園,True
839,1996-11-29,"GRAND GARDEN(Block 1),SOUTH BAY RD|華景園1座,南灣道",10835.223432219302,3061,2663,"{'bay_window': '', 'flat_roof': '', 'roof': '', 'ac_platform': '', 'plant_room': '', 'garden': '', 'yard': ''}",29.98,28.8542,11258,10835.223432219302,6864215,4927390,ASP,HRB,淺水灣/壽臣山,1986/12,1986,40,B,28.0,1,blank,GRAND GARDEN,華景園,True
841,1996-12-11,"REPULSE BAY GARDEN(Block 11),BELLEVIEW DR|淺水灣新村11座,麗景道",10073.535220539829,1669,1519,"{'bay_window': '', 'flat_roof': '', 'roof': '', 'ac_platform': '', 'plant_room': '', 'garden': '', 'yard': ''}",16.38,15.3017,10783,10073.535220539829,6864448,4927450,ASP,HRB,淺水灣/壽臣山,1976/12,1976,50,whole floor,10.0,11,blank,REPULSE BAY GARDEN,淺水灣新村,True
848,1996-12-04,"PARK PLACE(Block C),TAI TAM RESERVOIR RD|雅柏苑C座,大潭水塘道",12981.253012048193,2288,2075,"{'bay_window': '', 'flat_roof': '', 'roof': '', 'ac_platform': '', 'plant_room': '', 'garden': '', 'yard': ''}",28.3,26.9361,13639,12981.253012048193,6865563,4928001,ASP,HRB,淺水灣/壽臣山,1985/01,1985,41,2,2.0,C,blank,PARK PLACE,雅柏苑,True
853,1996-12-06,"37 REPULSE BAY RD(Block 2),REPULSE BAY RD|淺水灣道 37號2座,淺水灣道",16666.639141205615,1635,1211,"{'bay_window': '32', 'flat_roof': '', 'roof': '', 'ac_platform': '', 'plant_room': '', 'garden': '', 'yard': ''}",22.0,20.1833,18167,16666.639141205615,6866829,4928500,ASP,HRB,淺水灣/壽臣山,1994/02,1994,32,A,20.0,2,blank,37 REPULSE BAY RD,淺水灣道 37號,True
870,1996-12-06,"REPULSE BAY GARDEN(Block 5),BELLEVIEW DR|淺水灣新村5座,麗景道",8126.4928909952605,2288,2110,"{'bay_window': '', 'flat_roof': '', 'roof': '', 'ac_platform': '', 'plant_room': '', 'garden': '', 'yard': ''}",18.0,17.1469,8531,8126.4928909952605,6870180,4932060,ASP,HRB,淺水灣/壽臣山,1973/11,1973,53,whole floor,12.0,5,blank,REPULSE BAY GARDEN,淺水灣新村,True
872,1996-11-20,"37 REPULSE BAY RD(Block 1),REPULSE BAY RD|淺水灣道 37號1座,淺水灣道",15862.698412698413,1225,882,"{'bay_window': '56', 'flat_roof': '', 'roof': '', 'ac_platform': '', 'plant_room': '', 'garden': '', 'yard': ''}",15.78,13.9909,17891,15862.698412698413,6871268,4932798,PRO-ASP,HRB,淺水灣/壽臣山,1994/02,1994,32,A,16.0,1,blank,37 REPULSE BAY RD,淺水灣道 37號,True
875,1996-12-10,"REPULSE BAY GARDEN(Block 2),BELLEVIEW DR|淺水灣新村2座,麗景道",7313.8388625592415,2288,2110,"{'bay_window': '', 'flat_roof': '', 'roof': '', 'ac_platform': '', 'plant_room': '', 'garden': '', 'yard': ''}",16.2,15.4322,7678,7313.8388625592415,6872385,4928942,ASP,HRB,淺水灣/壽臣山,1973/11,1973,53,whole floor,2.0,2,blank,REPULSE BAY GARDEN,淺水灣新村,True
876,1996-11-14,"REPULSE BAY GARDEN(Block 12),BELLEVIEW DR|淺水灣新村12座,麗景道",8917.314022383147,1669,1519,"{'bay_window': '', 'flat_roof': '', 'roof': '', 'ac_platform': '', 'plant_room': '', 'garden': '', 'yard': ''}",14.5,13.5454,9546,8917.314022383147,6872416,4928957,SUB-ASP,HRB,淺水灣/壽臣山,1976/12,1976,50,whole floor,6.0,12,blank,REPULSE BAY GARDEN,淺水灣新村,True
877,1996-12-05,"SPLENDOUR VILLA,SOUTH BAY RD|雅景閣,南灣道",13746.483427647534,1590,1237,"{'bay_window': '', 'flat_roof': '', 'roof': '', 'ac_platform': '', 'plant_room': '', 'garden': '', 'yard': ''}",18.5,17.0044,14956,13746.483427647534,6872975,4929470,ASP,HRB,淺水灣/壽臣山,1993/08,1993,33,H,2.0,blank,blank,blank,,True
886,1996-12-16,"37 REPULSE BAY RD(Block 3),REPULSE BAY RD|淺水灣道 37號3座,淺水灣道",13626.07709750567,1220,882,"{'bay_window': '56', 'flat_roof': '', 'roof': '', 'ac_platform': '', 'plant_room': '', 'garden': '', 'yard': ''}",13.555,12.0182,15368,13626.07709750567,6874445,4930188,ASP,HRB,淺水灣/壽臣山,1994/02,1994,32,A,7.0,3,blank,37 REPULSE BAY RD,淺水灣道 37號,True
887,1996-11-16,"37 REPULSE BAY RD(Block 3),REPULSE BAY RD|淺水灣道 37號3座,淺水灣道",12737.858805275408,1740,1289,"{'bay_window': '', 'flat_roof': '', 'roof': '', 'ac_platform': '', 'plant_room': '', 'garden': '', 'yard': ''}",17.8,16.4191,13809,12737.858805275408,6874704,4930343,ASP,HRB,淺水灣/壽臣山,1994/02,1994,32,B,4.0,3,blank,37 REPULSE BAY RD,淺水灣道 37號,True
890,1996-12-11,"37 REPULSE BAY RD(Block 2),REPULSE BAY RD|淺水灣道 37號2座,淺水灣道",17424.194880264244,1635,1211,"{'bay_window': '32', 'flat_roof': '', 'roof': '', 'ac_platform': '', 'plant_room': '', 'garden': '', 'yard': ''}",23.0,21.1007,18993,17424.194880264244,6875921,4933358,ASP,HRB,淺水灣/壽臣山,1994/02,1994,32,A,21.0,2,blank,37 REPULSE BAY RD,淺水灣道 37號,True
895,1996-11-29,"MONTE VERDE,REPULSE BAY RD|南山別墅,淺水灣道",11620.15306122449,2215,1960,"{'bay_window': '', 'flat_roof': '', 'roof': '', 'ac_platform': '', 'plant_room': '', 'garden': '', 'yard': ''}",24.0,22.7755,12245,11620.15306122449,6876720,4933575,ASP,HRB,淺水灣/壽臣山,1974/05,1974,52,B,4.0,blank,blank,blank,,True
902,1996-12-12,"REPULSE BAY GARDEN(Block 2),BELLEVIEW DR|淺水灣新村2座,麗景道",8749.52606635071,2288,2110,"{'bay_window': '', 'flat_roof': '', 'roof': '', 'ac_platform': '', 'plant_room': '', 'garden': '', 'yard': ''}",19.38,18.4615,9185,8749.52606635071,6878909,4934673,ASP,HRB,淺水灣/壽臣山,1973/11,1973,53,whole floor,18.0,2,blank,REPULSE BAY GARDEN,淺水灣新村,True
903,1996-12-20,"RIDGE COURT,REPULSE BAY RD|冠園,淺水灣道",11482.553191489362,0,1880,"{'bay_window': '', 'flat_roof': '', 'roof': '', 'ac_platform': '', 'plant_room': '', 'garden': '', 'yard': ''}",22.8,21.5872,12128,11482.553191489362,6879130,4934720,ASP,HRB,淺水灣/壽臣山,1969/06,1969,57,A,12.0,blank,blank,blank,,True
905,1996-12-20,"37 REPULSE BAY RD(Block 3),REPULSE BAY RD|淺水灣道 37號3座,淺水灣道",15460.544217687075,1220,882,"{'bay_window': '56', 'flat_roof': '', 'roof': '', 'ac_platform': '', 'plant_room': '', 'garden': '', 'yard': ''}",15.38,13.6362,17438,15460.544217687075,6879820,4935279,SUB-ASP,HRB,淺水灣/壽臣山,1994/02,1994,32,A,20.0,3,blank,37 REPULSE BAY RD,淺水灣道 37號,True
918,1996-12-16,"37 REPULSE BAY RD(Block 3),REPULSE BAY RD|淺水灣道 37號3座,淺水灣道",14172.33560090703,1220,882,"{'bay_window': '44', 'flat_roof': '25', 'roof': '', 'ac_platform': '', 'plant_room': '', 'garden': '', 'yard': ''}",12.5,12.5,14172,14172.33560090703,6882826,4936518,ASP,HRB,淺水灣/壽臣山,1994/02,1994,32,A,1.0,3,blank,37 REPULSE BAY RD,淺水灣道 37號,False
922,1996-12-06,"PARK PLACE(Block C),TAI TAM RESERVOIR RD|雅柏苑C座,大潭水塘道",16054.602409638552,2288,2075,"{'bay_window': '', 'flat_roof': '', 'roof': '', 'ac_platform': '', 'plant_room': '', 'garden': '', 'yard': ''}",35.0,33.3133,16867,16054.602409638552,6884911,4937611,SUB-ASP,HRB,淺水灣/壽臣山,1985/01,1985,41,2,6.0,C,blank,PARK PLACE,雅柏苑,True
924,1996-12-19,"SEA CLIFF MANSION(Block B),REPULSE BAY RD|海峰園B座,淺水灣道",9943.32818134982,0,1941,"{'bay_window': '', 'flat_roof': '', 'roof': '', 'ac_platform': '', 'plant_room': '', 'garden': '', 'yard': ''}",19.3,19.3,9943,9943.32818134982,6885542,4937758,ASP,HRB,淺水灣/壽臣山,1965/06,1965,61,B2,7.0,B,blank,SEA CLIFF MANSION,海峰園,False
925,1996-12-14,"GRAND GARDEN(Block 1),SOUTH BAY RD|華景園1座,南灣道",12760.032232070911,3054,2482,"{'bay_window': '', 'flat_roof': '', 'roof': '', 'ac_platform': '', 'plant_room': '', 'garden': '', 'yard': ''}",33.0,31.6704,13296,12760.032232070911,6885549,4937759,PRO-ASP,HRB,淺水灣/壽臣山,1986/12,1986,40,A,25.0,1,blank,GRAND GARDEN,華景園,True
933,1996-11-12,"SPLENDOUR VILLA,SOUTH BAY RD|雅景閣,南灣道",14584.142640364189,0,1318,"{'bay_window': '', 'flat_roof': '', 'roof': '', 'ac_platform': '', 'plant_room': '', 'garden': '', 'yard': ''}",20.8,19.2219,15781,14584.142640364189,6887998,4941560,PRO-ASP,HRB,淺水灣/壽臣山,1993/08,1993,33,G,0.0,blank,blank,blank,,True
934,1996-12-13,"GRAND GARDEN(Block 1),SOUTH BAY RD|華景園1座,南灣道",10119.639504318438,3061,2663,"{'bay_window': '', 'flat_roof': '', 'roof': '', 'ac_platform': '', 'plant_room': '', 'garden': '', 'yard': ''}",28.0,26.9486,10514,10119.639504318438,6888302,4941637,ASP,HRB,淺水灣/壽臣山,1986/12,1986,40,B,6.0,1,blank,GRAND GARDEN,華景園,True
962,1997-01-09,"PINE CREST,REPULSE BAY RD|松苑,淺水灣道",12589.53125,2250,1920,"{'bay_window': '', 'flat_roof': '', 'roof': '', 'ac_platform': '', 'plant_room': '', 'garden': '', 'yard': ''}",25.5,24.1719,13281,12589.53125,6899422,4959743,PRO-ASP,HRB,淺水灣/壽臣山,1982/11,1982,44,B,7.0,blank,blank,blank,,True
969,1997-01-06,"REPULSE BAY GARDEN(Block 4),BELLEVIEW DR|淺水灣新村4座,麗景道",7512.0,2810,2625,"{'bay_window': '', 'flat_roof': '', 'roof': '', 'ac_platform': '', 'plant_room': '', 'garden': '', 'yard': ''}",20.5,19.719,7810,7512.0,6902019,4960137,ASP,HRB,淺水灣/壽臣山,1973/11,1973,53,whole floor,1.0,4,blank,REPULSE BAY GARDEN,淺水灣新村,True
970,1996-11-22,"SOUTH BAY TOWERS,SOUTH BAY RD|南灣大廈,南灣道",9841.786210087923,2738,2161,"{'bay_window': '', 'flat_roof': '', 'roof': '', 'ac_platform': '', 'plant_room': '', 'garden': '', 'yard': ''}",22.3,21.2681,10319,9841.786210087923,6902380,4939795,ASP,HRB,淺水灣/壽臣山,1984/11,1984,42,B,20.0,blank,blank,blank,,True
975,1996-12-27,"GRAND GARDEN(Block 1),SOUTH BAY RD|華景園1座,南灣道",8673.976717987232,3061,2663,"{'bay_window': '', 'flat_roof': '', 'roof': '', 'ac_platform': '', 'plant_room': '', 'garden': '', 'yard': ''}",24.0,23.0988,9012,8673.976717987232,6903985,4940221,ASP,HRB,淺水灣/壽臣山,1986/12,1986,40,B,1.0,1,blank,GRAND GARDEN,華景園,True
978,1997-01-03,"RIDGE COURT,REPULSE BAY RD|冠園,淺水灣道",9820.63829787234,0,1880,"{'bay_window': '', 'flat_roof': '', 'roof': '', 'ac_platform': '', 'plant_room': '', 'garden': '', 'yard': ''}",19.5,18.4628,10372,9820.63829787234,6904302,4960512,SUB-ASP,HRB,淺水灣/壽臣山,1969/06,1969,57,B,8.0,blank,blank,blank,,True
998,1996-12-10,"REPULSE BAY GARDEN(Block 3),BELLEVIEW DR|淺水灣新村3座,麗景道",8428.114285714286,2810,2625,"{'bay_window': '', 'flat_roof': '', 'roof': '', 'ac_platform': '', 'plant_room': '', 'garden': '', 'yard': ''}",23.0,22.1238,8762,8428.114285714286,6911284,4946368,PRO-ASP,HRB,淺水灣/壽臣山,1973/11,1973,53,whole floor,3.0,3,blank,REPULSE BAY GARDEN,淺水灣新村,True
1001,1997-01-15,"REPULSE BAY GARDEN(Block 2),BELLEVIEW DR|淺水灣新村2座,麗景道",9480.900473933649,2288,2110,"{'bay_window': '', 'flat_roof': '', 'roof': '', 'ac_platform': '', 'plant_room': '', 'garden': '', 'yard': ''}",21.0,20.0047,9953,9480.900473933649,6912912,4961719,ASP,HRB,淺水灣/壽臣山,1973/11,1973,53,whole floor,14.0,2,blank,REPULSE BAY GARDEN,淺水灣新村,True
1008,1996-12-03,"SOUTH BAY TOWERS,SOUTH BAY RD|南灣大廈,南灣道",9554.881999074503,2738,2161,"{'bay_window': '', 'flat_roof': '', 'roof': '', 'ac_platform': '', 'plant_room': '', 'garden': '', 'yard': ''}",21.65,20.6481,10019,9554.881999074503,6914960,4945614,ASP,HRB,淺水灣/壽臣山,1984/11,1984,42,B,7.0,blank,blank,blank,,True
1009,1997-01-03,"REPULSE BAY GARDEN(Block 12),BELLEVIEW DR|淺水灣新村12座,麗景道",11059.907834101383,1669,1519,"{'bay_window': '', 'flat_roof': '', 'roof': '', 'ac_platform': '', 'plant_room': '', 'garden': '', 'yard': ''}",16.8,16.8,11060,11059.907834101383,6915557,4962413,PRO-ASP,HRB,淺水灣/壽臣山,1976/12,1976,50,whole floor,7.0,12,blank,REPULSE BAY GARDEN,淺水灣新村,False
1010,1996-10-23,"37 REPULSE BAY RD(Block 1),REPULSE BAY RD|淺水灣道 37號1座,淺水灣道",12766.55328798186,1225,882,"{'bay_window': '56', 'flat_roof': '', 'roof': '', 'ac_platform': '', 'plant_room': '', 'garden': '', 'yard': ''}",12.7,11.2601,14399,12766.55328798186,6915617,4945662,ASP,HRB,淺水灣/壽臣山,1994/02,1994,32,A,16.0,1,blank,37 REPULSE BAY RD,淺水灣道 37號,True
1018,1997-01-15,"37 REPULSE BAY RD(Block 1),REPULSE BAY RD|淺水灣道 37號1座,淺水灣道",16816.834755624513,1745,1289,"{'bay_window': '44', 'flat_roof': '', 'roof': '', 'ac_platform': '', 'plant_room': '', 'garden': '', 'yard': ''}",23.5,21.6769,18231,16816.834755624513,6919256,4964297,ASP,HRB,淺水灣/壽臣山,1994/02,1994,32,B,5.0,1,blank,37 REPULSE BAY RD,淺水灣道 37號,True
1030,1997-01-14,"REPULSE BAY GARDEN(Block 2),BELLEVIEW DR|淺水灣新村2座,麗景道",12731.516587677725,2288,2110,"{'bay_window': '', 'flat_roof': '', 'roof': '', 'ac_platform': '', 'plant_room': '', 'garden': '', 'yard': ''}",28.2,26.8635,13365,12731.516587677725,6924304,4966221,ASP,HRB,淺水灣/壽臣山,1973/11,1973,53,whole floor,1.0,2,blank,REPULSE BAY GARDEN,淺水灣新村,True
1044,1997-01-18,"MONTE VERDE,REPULSE BAY RD|南山別墅,淺水灣道",13798.92857142857,2215,1960,"{'bay_window': '', 'flat_roof': '', 'roof': '', 'ac_platform': '', 'plant_room': '', 'garden': '', 'yard': ''}",28.5,27.0459,14541,13798.92857142857,6930483,4968865,ASP,HRB,淺水灣/壽臣山,1974/05,1974,52,A,4.0,blank,blank,blank,,True
1046,1997-01-21,"REPULSE BAY GARDEN(Block 5),BELLEVIEW DR|淺水灣新村5座,麗景道",9697.630331753555,2288,2110,"{'bay_window': '', 'flat_roof': '', 'roof': '', 'ac_platform': '', 'plant_room': '', 'garden': '', 'yard': ''}",21.48,20.462,10180,9697.630331753555,6932853,4971117,ASP,HRB,淺水灣/壽臣山,1973/11,1973,53,whole floor,10.0,5,blank,REPULSE BAY GARDEN,淺水灣新村,True
1047,1997-01-29,"REPULSE BAY GARDEN(Block 2),BELLEVIEW DR|淺水灣新村2座,麗景道",8668.24644549763,2288,2110,"{'bay_window': '', 'flat_roof': '', 'roof': '', 'ac_platform': '', 'plant_room': '', 'garden': '', 'yard': ''}",19.2,18.29,9100,8668.24644549763,6933180,4970870,SUB-ASP,HRB,淺水灣/壽臣山,1973/11,1973,53,whole floor,2.0,2,blank,REPULSE BAY GARDEN,淺水灣新村,True
1048,1997-01-14,"SOUTH BAY GARDEN(Block B),SOUTH BAY CLOSE|南灣花園B座,南灣坊",8900.848765432098,1542,1296,"{'bay_window': '', 'flat_roof': '', 'roof': '', 'ac_platform': '', 'plant_room': '', 'garden': '', 'yard': ''}",12.5,11.5355,9645,8900.848765432098,6933945,4971714,ASP,HRB,淺水灣/壽臣山,1985/09,1985,41,2,8.0,B,blank,SOUTH BAY GARDEN,南灣花園,True
1051,1996-12-14,"REPULSE BAY GARDEN(Block 3),BELLEVIEW DR|淺水灣新村3座,麗景道",8721.257142857143,2810,2625,"{'bay_window': '', 'flat_roof': '', 'roof': '', 'ac_platform': '', 'plant_room': '', 'garden': '', 'yard': ''}",23.8,22.8933,9067,8721.257142857143,6934794,4947837,SUB-ASP,HRB,淺水灣/壽臣山,1973/11,1973,53,whole floor,14.0,3,blank,REPULSE BAY GARDEN,淺水灣新村,True
1056,1997-02-04,"PINE CREST,REPULSE BAY RD|松苑,淺水灣道",12533.377862524545,2250,1920,"{'bay_window': '', 'flat_roof': '', 'roof': '', 'ac_platform': '', 'plant_room': '', 'garden': '', 'yard': ''}",26.0,24.6458,13542,12836.354166666666,6936947,4972070,SUB-ASP,HRB,淺水灣/壽臣山,1982/11,1982,44,B,8.0,blank,blank,blank,,True
1059,1997-01-07,"GRAND GARDEN(Block 1),SOUTH BAY RD|華景園1座,南灣道",11854.412316935786,3061,2663,"{'bay_window': '', 'flat_roof': '', 'roof': '', 'ac_platform': '', 'plant_room': '', 'garden': '', 'yard': ''}",32.8,31.5683,12317,11854.412316935786,6938620,4972839,SUB-ASP,HRB,淺水灣/壽臣山,1986/12,1986,40,B,17.0,1,blank,GRAND GARDEN,華景園,True
1060,1997-01-27,"TWIN BROOK,REPULSE BAY RD|雙溪,淺水灣道",13756.393442622952,0,2440,"{'bay_window': '', 'flat_roof': '', 'roof': '', 'ac_platform': '', 'plant_room': '', 'garden': '', 'yard': ''}",35.0,33.5656,14344,13756.393442622952,6938689,4972455,ASP,HRB,淺水灣/壽臣山,1974/04,1974,52,A,12.0,blank,blank,blank,,True
1061,1997-01-27,"SOUTH BAY TOWERS,SOUTH BAY RD|南灣大廈,南灣道",9644.302600472813,2737,2115,"{'bay_window': '', 'flat_roof': '', 'roof': '', 'ac_platform': '', 'plant_room': '', 'garden': '', 'yard': ''}",21.41,20.3977,10123,9644.302600472813,6939347,4972549,ASP,HRB,淺水灣/壽臣山,1984/11,1984,42,B,3.0,blank,blank,blank,,True
1068,1997-01-27,"SOUTH BAY TOWERS,SOUTH BAY RD|南灣大廈,南灣道",11598.287829708468,2738,2161,"{'bay_window': '107', 'flat_roof': '', 'roof': '', 'ac_platform': '', 'plant_room': '', 'garden': '', 'yard': ''}",26.28,25.0639,12161,11598.287829708468,6941235,4973853,ASP,HRB,淺水灣/壽臣山,1984/11,1984,42,C,26.0,blank,blank,blank,,True
1077,1997-01-25,"37 REPULSE BAY RD(Block 1),REPULSE BAY RD|淺水灣道 37號1座,淺水灣道",25410.687432867882,0,1862,"{'bay_window': '84', 'flat_roof': '', 'roof': '', 'ac_platform': '', 'plant_room': '', 'garden': '', 'yard': ''}",50.0,47.3147,26853,25410.687432867882,6943694,4975203,ASP,HRB,淺水灣/壽臣山,1994/02,1994,32,A,0.0,1,blank,37 REPULSE BAY RD,淺水灣道 37號,True
1084,1997-01-31,"SEA CLIFF MANSION(Block A),REPULSE BAY RD|海峰園A座,淺水灣道",9626.532715095313,0,1941,"{'bay_window': '', 'flat_roof': '', 'roof': '', 'ac_platform': '', 'plant_room': '', 'garden': '', 'yard': ''}",19.7,18.6851,10149,9626.532715095313,6944422,4975401,SUB-ASP,HRB,淺水灣/壽臣山,1964/05,1964,62,A2,7.0,A,blank,SEA CLIFF MANSION,海峰園,True
1098,1997-01-29,"PARK PLACE(Block C),TAI TAM RESERVOIR RD|雅柏苑C座,大潭水塘道",17247.228915662654,2288,2075,"{'bay_window': '', 'flat_roof': '', 'roof': '', 'ac_platform': '', 'plant_room': '', 'garden': '', 'yard': ''}",37.6,35.788000000000004,18120,17247.228915662654,6947043,4976297,PRO-ASP,HRB,淺水灣/壽臣山,1985/01,1985,41,2,2.0,C,blank,PARK PLACE,雅柏苑,True
1103,1997-02-10,"37 REPULSE BAY RD(Block 1),REPULSE BAY RD|淺水灣道 37號1座,淺水灣道",19703.903812200446,1745,1289,"{'bay_window': '44', 'flat_roof': '', 'roof': '', 'ac_platform': '', 'plant_room': '', 'garden': '', 'yard': ''}",28.2,26.0123,21877,20180.21722265322,6948288,4977023,ASP,HRB,淺水灣/壽臣山,1994/02,1994,32,B,18.0,1,blank,37 REPULSE BAY RD,淺水灣道 37號,True
1122,1997-01-22,"SOUTH BAY TOWERS,SOUTH BAY RD|南灣大廈,南灣道",12269.134659879684,2738,2161,"{'bay_window': '', 'flat_roof': '', 'roof': '', 'ac_platform': '', 'plant_room': '', 'garden': '', 'yard': ''}",27.8,26.5136,12864,12269.134659879684,6951817,4978094,PRO-ASP,HRB,淺水灣/壽臣山,1984/11,1984,42,C,28.0,blank,blank,blank,,True
1134,1997-02-04,"37 REPULSE BAY RD(Block 3),REPULSE BAY RD|淺水灣道 37號3座,淺水灣道",15498.365281239281,1220,882,"{'bay_window': '44', 'flat_roof': '25', 'roof': '', 'ac_platform': '', 'plant_room': '', 'garden': '', 'yard': ''}",14.0,14.0,15873,15873.015873015873,6952856,4978570,SUB-ASP,HRB,淺水灣/壽臣山,1994/02,1994,32,A,1.0,3,blank,37 REPULSE BAY RD,淺水灣道 37號,False
1143,1997-02-14,"37 REPULSE BAY RD(Block 3),REPULSE BAY RD|淺水灣道 37號3座,淺水灣道",17817.313897634398,1740,1289,"{'bay_window': '', 'flat_roof': '', 'roof': '', 'ac_platform': '', 'plant_room': '', 'garden': '', 'yard': ''}",25.5,23.5217,19783,18248.021722265323,6965920,4983249,ASP,HRB,淺水灣/壽臣山,1994/02,1994,32,B,8.0,3,blank,37 REPULSE BAY RD,淺水灣道 37號,True
1144,1997-02-22,"REPULSE BAY GARDEN(Block 11),BELLEVIEW DR|淺水灣新村11座,麗景道",11228.822761995243,1669,1519,"{'bay_window': '', 'flat_roof': '', 'roof': '', 'ac_platform': '', 'plant_room': '', 'garden': '', 'yard': ''}",18.7,17.468899999999998,12311,11500.263331138905,6965933,4983251,ASP,HRB,淺水灣/壽臣山,1976/12,1976,50,whole floor,2.0,11,blank,REPULSE BAY GARDEN,淺水灣新村,True
1146,1997-02-03,"37 REPULSE BAY RD(Block 1),REPULSE BAY RD|淺水灣道 37號1座,淺水灣道",17912.567781619757,1225,882,"{'bay_window': '56', 'flat_roof': '', 'roof': '', 'ac_platform': '', 'plant_room': '', 'garden': '', 'yard': ''}",18.25,16.1808,20692,18345.57823129252,6966796,4983750,ASP,HRB,淺水灣/壽臣山,1994/02,1994,32,A,5.0,1,blank,37 REPULSE BAY RD,淺水灣道 37號,True
1166,1997-02-05,"REPULSE BAY GARDEN(Block 7),BELLEVIEW DR|淺水灣新村7座,麗景道",10570.770218021487,2288,2110,"{'bay_window': '', 'flat_roof': '', 'roof': '', 'ac_platform': '', 'plant_room': '', 'garden': '', 'yard': ''}",23.98,22.8435,11365,10826.303317535545,6975381,4987609,ASP,HRB,淺水灣/壽臣山,1973/11,1973,53,whole floor,6.0,7,blank,REPULSE BAY GARDEN,淺水灣新村,True
1180,1997-02-25,"PINE CREST,REPULSE BAY RD|松苑,淺水灣道",14365.190195603594,2250,1920,"{'bay_window': '', 'flat_roof': '', 'roof': '', 'ac_platform': '', 'plant_room': '', 'garden': '', 'yard': ''}",29.8,28.2479,15521,14712.447916666666,6980625,4980793,ASP,HRB,淺水灣/壽臣山,1982/11,1982,44,A,18.0,blank,blank,blank,,True
1192,1997-02-17,"PARK PLACE(Block C),TAI TAM RESERVOIR RD|雅柏苑C座,大潭水塘道",16571.410099851164,2288,2075,"{'bay_window': '', 'flat_roof': '', 'roof': '', 'ac_platform': '', 'plant_room': '', 'garden': '', 'yard': ''}",37.0,35.2169,17831,16972.0,6987782,4989016,ASP,HRB,淺水灣/壽臣山,1985/01,1985,41,1,4.0,C,blank,PARK PLACE,雅柏苑,True
1195,1996-11-18,"37 REPULSE BAY RD(Block 1),REPULSE BAY RD|淺水灣道 37號1座,淺水灣道",13148.526077097506,1225,882,"{'bay_window': '56', 'flat_roof': '', 'roof': '', 'ac_platform': '', 'plant_room': '', 'garden': '', 'yard': ''}",13.08,11.597,14830,13148.526077097506,6990699,4949135,ASP,HRB,淺水灣/壽臣山,1994/02,1994,32,A,14.0,1,blank,37 REPULSE BAY RD,淺水灣道 37號,True
1197,1997-02-18,"37 REPULSE BAY RD(Block 1),REPULSE BAY RD|淺水灣道 37號1座,淺水灣道",18256.18868042666,1225,882,"{'bay_window': '56', 'flat_roof': '', 'roof': '', 'ac_platform': '', 'plant_room': '', 'garden': '', 'yard': ''}",18.6,16.491200000000003,21088,18697.505668934242,6992066,4990439,ASP,HRB,淺水灣/壽臣山,1994/02,1994,32,A,11.0,1,blank,37 REPULSE BAY RD,淺水灣道 37號,True
1204,1997-03-10,"BELGRAVIA,SOUTH BAY RD|BELGRAVIA,南灣道",11610.343354518594,0,97306,"{'bay_window': '', 'flat_roof': '960', 'roof': '', 'ac_platform': '', 'plant_room': '', 'garden': '', 'yard': ''}",1268.0,1268.0,13031,13031.056666598155,6995695,4991273,ASP,HRB,淺水灣/壽臣山,1989/04,1989,37,A,0.0,blank,blank,blank,,False
1207,1997-03-13,"MING WAI GARDEN,REPULSE BAY RD|明慧園,淺水灣道",11544.191280204035,0,1630,"{'bay_window': '', 'flat_roof': '', 'roof': '', 'ac_platform': '', 'plant_room': '', 'garden': '', 'yard': ''}",22.5,21.1196,13804,12956.80981595092,6997288,4991982,SUB-ASP,HRB,淺水灣/壽臣山,1974/00,1974,52,B,18.0,blank,blank,blank,,True
1212,1997-02-12,"SOUTH BAY TOWERS,SOUTH BAY RD|南灣大廈,南灣道",12160.193363632967,1433,1145,"{'bay_window': '', 'flat_roof': '', 'roof': '', 'ac_platform': '', 'plant_room': '', 'garden': '', 'yard': ''}",14.26,14.26,12454,12454.148471615721,7004230,4994916,ASP,HRB,淺水灣/壽臣山,1984/11,1984,42,D,23.0,blank,blank,blank,,False
1216,1997-03-12,"RIDGE COURT,REPULSE BAY RD|冠園,淺水灣道",10679.375835470568,0,1880,"{'bay_window': '', 'flat_roof': '', 'roof': '', 'ac_platform': '', 'plant_room': '', 'garden': '', 'yard': ''}",23.8,22.534,12660,11986.170212765957,7006330,4995947,ASP,HRB,淺水灣/壽臣山,1969/06,1969,57,B,6.0,blank,blank,blank,,True
1223,1997-03-13,"SPLENDOUR VILLA,SOUTH BAY RD|雅景閣,南灣道",15797.553524240579,1527,1188,"{'bay_window': '', 'flat_roof': '87', 'roof': '', 'ac_platform': '', 'plant_room': '', 'garden': '', 'yard': ''}",23.0,21.064,19360,17730.63973063973,7009363,4997240,SUB-ASP,HRB,淺水灣/壽臣山,1993/08,1993,33,I,2.0,blank,blank,blank,,True
1228,1997-02-21,"MING WAI GARDEN,REPULSE BAY RD|明慧園,淺水灣道",10683.10115559462,0,1630,"{'bay_window': '', 'flat_roof': '', 'roof': '', 'ac_platform': '', 'plant_room': '', 'garden': '', 'yard': ''}",19.0,17.8344,11656,10941.349693251534,7012096,5009571,ASP,HRB,淺水灣/壽臣山,1973/12,1973,53,B,18.0,blank,blank,blank,,True
1230,1997-03-06,"MING WAI GARDEN,REPULSE BAY RD|明慧園,淺水灣道",11800.770163654848,0,1630,"{'bay_window': '', 'flat_roof': '', 'roof': '', 'ac_platform': '', 'plant_room': '', 'garden': '', 'yard': ''}",23.0,21.589,14110,13244.78527607362,7013823,5007632,PRO-ASP,HRB,淺水灣/壽臣山,1973/12,1973,53,B,10.0,blank,blank,blank,,True
1231,1997-03-21,"GRAND GARDEN(Block 1),SOUTH BAY RD|華景園1座,南灣道",12558.462379824596,3061,2663,"{'bay_window': '', 'flat_roof': '', 'roof': '', 'ac_platform': '', 'plant_room': '', 'garden': '', 'yard': ''}",39.0,37.5355,14645,14095.193390912505,7014173,5007773,ASP,HRB,淺水灣/壽臣山,1986/12,1986,40,B,17.0,1,blank,GRAND GARDEN,華景園,True
1234,1997-02-26,"MANHATTAN TOWER,REPULSE BAY RD|MANHATTAN TOWER,淺水灣道",15340.129995410905,2243,1999,"{'bay_window': '', 'flat_roof': '', 'roof': '', 'ac_platform': '', 'plant_room': '', 'garden': '', 'yard': ''}",33.06,31.4062,16538,15710.95547773887,7016433,5007202,PRO-ASP,HRB,淺水灣/壽臣山,1978/07,1978,48,A,7.0,blank,blank,blank,,True
1243,1997-03-18,"37 REPULSE BAY RD(Block 2),REPULSE BAY RD|淺水灣道 37號2座,淺水灣道",17617.02216786826,1635,1211,"{'bay_window': '32', 'flat_roof': '', 'roof': '', 'ac_platform': '', 'plant_room': '', 'garden': '', 'yard': ''}",26.1,23.9448,21552,19772.749793559044,7024785,5001465,ASP,HRB,淺水灣/壽臣山,1994/02,1994,32,A,16.0,2,blank,37 REPULSE BAY RD,淺水灣道 37號,True
1262,1997-03-24,"MONTE VERDE,REPULSE BAY RD|南山別墅,淺水灣道",12587.837707693934,2215,1960,"{'bay_window': '', 'flat_roof': '', 'roof': '', 'ac_platform': '', 'plant_room': '', 'garden': '', 'yard': ''}",29.18,27.6912,14888,14128.163265306122,7040065,5013289,ASP,HRB,淺水灣/壽臣山,1974/05,1974,52,A,14.0,blank,blank,blank,,True
1263,1997-03-14,"SOUTH BAY TOWERS,SOUTH BAY RD|南灣大廈,南灣道",11819.47395406045,1433,1125,"{'bay_window': '', 'flat_roof': '', 'roof': '', 'ac_platform': '', 'plant_room': '', 'garden': '', 'yard': ''}",16.38,14.924,14560,13265.777777777777,7041298,5014166,PRO-ASP,HRB,淺水灣/壽臣山,1984/11,1984,42,A,3.0,blank,blank,blank,,True
1264,1997-04-08,"MING WAI GARDEN,REPULSE BAY RD|明慧園,淺水灣道",12188.559305219675,0,1630,"{'bay_window': '', 'flat_roof': '', 'roof': '', 'ac_platform': '', 'plant_room': '', 'garden': '', 'yard': ''}",23.6,22.1521,14479,13590.245398773006,7041580,5014238,ASP,HRB,淺水灣/壽臣山,1973/12,1973,53,A,12.0,blank,blank,blank,,True
1265,1997-04-09,"37 REPULSE BAY RD(Block 1),REPULSE BAY RD|淺水灣道 37號1座,淺水灣道",16949.348529993447,1225,882,"{'bay_window': '56', 'flat_roof': '', 'roof': '', 'ac_platform': '', 'plant_room': '', 'garden': '', 'yard': ''}",18.8,16.6685,21315,18898.526077097507,7042878,5015180,ASP,HRB,淺水灣/壽臣山,1994/02,1994,32,A,18.0,1,blank,37 REPULSE BAY RD,淺水灣道 37號,True
1268,1997-04-22,"THE BEACHSIDE(Block A),REPULSE BAY RD|THE BEACHSIDEA座,淺水灣道",11776.443794098372,950,706,"{'bay_window': '9', 'flat_roof': '', 'roof': '', 'ac_platform': '', 'plant_room': '695', 'garden': '', 'yard': ''}",10.8,9.2703,15297,13130.736543909348,7047175,5017185,ASP,HRB,淺水灣/壽臣山,1993/12,1993,33,F,1.0,A,blank,THE BEACHSIDE,THE BEACHSIDE,True
1270,1997-03-12,"SEA CLIFF MANSION(Block B),REPULSE BAY RD|海峰園B座,淺水灣道",8925.263361721565,0,1941,"{'bay_window': '', 'flat_roof': '', 'roof': '', 'ac_platform': '', 'plant_room': '', 'garden': '', 'yard': ''}",20.5,19.4438,10562,10017.413704276147,7049286,5018335,ASP,HRB,淺水灣/壽臣山,1964/05,1964,62,B1,3.0,B,blank,SEA CLIFF MANSION,海峰園,True
1273,1997-03-12,"37 REPULSE BAY RD(Block 1),REPULSE BAY RD|淺水灣道 37號1座,淺水灣道",16130.998871436692,1745,1289,"{'bay_window': '44', 'flat_roof': '', 'roof': '', 'ac_platform': '', 'plant_room': '', 'garden': '', 'yard': ''}",25.3,23.3372,19628,18104.88750969744,7050041,5018554,PRO-ASP,HRB,淺水灣/壽臣山,1994/02,1994,32,B,2.0,1,blank,37 REPULSE BAY RD,淺水灣道 37號,True
1285,1997-03-22,"SPLENDOUR VILLA,SOUTH BAY RD|雅景閣,南灣道",13022.585978809548,0,1018,"{'bay_window': '', 'flat_roof': '', 'roof': '', 'ac_platform': '', 'plant_room': '', 'garden': '', 'yard': ''}",16.5,14.8792,16208,14616.110019646365,7058220,5022074,ASP,HRB,淺水灣/壽臣山,1993/08,1993,33,A,0.0,blank,blank,blank,,True
1286,1997-04-11,"SOUTH BAY TOWERS,SOUTH BAY RD|南灣大廈,南灣道",15043.881621849308,4120,3295,"{'bay_window': '', 'flat_roof': '', 'roof': '1033', 'ac_platform': '', 'plant_room': '', 'garden': '', 'yard': ''}",57.0,55.2701,17299,16773.93019726859,7060754,5022928,ASP,HRB,淺水灣/壽臣山,1984/11,1984,42,C,29.0,blank,blank,blank,,True
1288,1997-04-02,"PINE CREST,REPULSE BAY RD|松苑,淺水灣道",13062.17131488949,2250,1920,"{'bay_window': '', 'flat_roof': '', 'roof': '', 'ac_platform': '', 'plant_room': '', 'garden': '', 'yard': ''}",29.5,27.9635,15365,14564.322916666666,7060763,5022931,ASP,HRB,淺水灣/壽臣山,1982/11,1982,44,B,7.0,blank,blank,blank,,True
1305,1997-04-30,"SOUTH BAY TOWERS,SOUTH BAY RD|南灣大廈,南灣道",10845.376181473515,2738,2161,"{'bay_window': '107', 'flat_roof': '', 'roof': '', 'ac_platform': '', 'plant_room': '', 'garden': '', 'yard': ''}",27.4,26.1321,12679,12092.596020360945,7078405,5029963,ASP,HRB,淺水灣/壽臣山,1984/11,1984,42,B,19.0,blank,blank,blank,,True
1308,1997-05-15,"REPULSE BAY GARDEN(Block 5),BELLEVIEW DR|淺水灣新村5座,麗景道",7967.374101111362,2288,2100,"{'bay_window': '', 'flat_roof': '', 'roof': '', 'ac_platform': '', 'plant_room': '', 'garden': '', 'yard': ''}",20.5,19.5238,9762,9297.047619047618,7083263,5031945,SUB-ASP,HRB,淺水灣/壽臣山,1973/11,1973,53,5,10.0,5,blank,REPULSE BAY GARDEN,淺水灣新村,True
1315,1997-04-23,"RIDGE COURT,REPULSE BAY RD|冠園,淺水灣道",9846.578239929455,0,1880,"{'bay_window': '', 'flat_roof': '', 'roof': '', 'ac_platform': '', 'plant_room': '', 'garden': '', 'yard': ''}",21.8,20.6404,11596,10978.936170212766,7088780,5033585,ASP,HRB,淺水灣/壽臣山,1969/06,1969,57,A,9.0,blank,blank,blank,,True
1318,1997-05-19,"37 REPULSE BAY RD(Block 1),REPULSE BAY RD|淺水灣道 37號1座,淺水灣道",17246.45844884884,1225,882,"{'bay_window': '56', 'flat_roof': '', 'roof': '', 'ac_platform': '', 'plant_room': '', 'garden': '', 'yard': ''}",17.75,17.75,20125,20124.71655328798,7095782,5034895,PRO-ASP,HRB,淺水灣/壽臣山,1994/02,1994,32,A,1.0,1,blank,37 REPULSE BAY RD,淺水灣道 37號,False
1325,1997-05-20,"37 REPULSE BAY RD(Block 3),REPULSE BAY RD|淺水灣道 37號3座,淺水灣道",14105.049105373953,1740,1289,"{'bay_window': '44', 'flat_roof': '', 'roof': '', 'ac_platform': '', 'plant_room': '', 'garden': '', 'yard': ''}",23.0,21.2157,17843,16459.038013964313,7102197,5038937,ASP,HRB,淺水灣/壽臣山,1994/02,1994,32,B,2.0,3,blank,37 REPULSE BAY RD,淺水灣道 37號,True
1326,1997-05-15,"SPLENDOUR VILLA,SOUTH BAY RD|雅景閣,南灣道",15109.225021232925,0,1224,"{'bay_window': '', 'flat_roof': '', 'roof': '', 'ac_platform': '', 'plant_room': '', 'garden': '', 'yard': ''}",23.5,21.5801,19199,17630.80065359477,7102841,5039043,ASP,HRB,淺水灣/壽臣山,1993/08,1993,33,H,0.0,blank,blank,blank,,True
1338,1997-05-23,"REPULSE BAY GARDEN(Block 5),BELLEVIEW DR|淺水灣新村5座,麗景道",10059.47072179986,2288,2110,"{'bay_window': '', 'flat_roof': '', 'roof': '', 'ac_platform': '', 'plant_room': '', 'garden': '', 'yard': ''}",26.0,24.7678,12322,11738.293838862559,7110078,5042090,ASP,HRB,淺水灣/壽臣山,1973/11,1973,53,whole floor,19.0,5,blank,REPULSE BAY GARDEN,淺水灣新村,True
1343,1997-05-28,"SEA CLIFF MANSION(Block A),REPULSE BAY RD|海峰園A座,淺水灣道",9162.610532330718,0,1941,"{'bay_window': '', 'flat_roof': '', 'roof': '', 'ac_platform': '', 'plant_room': '', 'garden': '', 'yard': ''}",21.88,20.7527,11273,10691.756826378156,7113066,5042610,ASP,HRB,淺水灣/壽臣山,1964/05,1964,62,A1,8.0,A,blank,SEA CLIFF MANSION,海峰園,True
1356,1997-05-21,"SOUTH BAY TOWERS,SOUTH BAY RD|南灣大廈,南灣道",9392.41444012232,1433,1145,"{'bay_window': '', 'flat_roof': '', 'roof': '', 'ac_platform': '', 'plant_room': '', 'garden': '', 'yard': ''}",13.75,12.5491,12009,10959.912663755458,7118589,5044241,ASP,HRB,淺水灣/壽臣山,1984/11,1984,42,D,26.0,blank,blank,blank,,True
1360,1997-05-29,"SEA CLIFF MANSION(Block B),REPULSE BAY RD|海峰園B座,淺水灣道",9589.775464606035,0,1941,"{'bay_window': '', 'flat_roof': '', 'roof': '', 'ac_platform': '', 'plant_room': '', 'garden': '', 'yard': ''}",22.9,21.7202,11798,11190.21123132406,7119777,5044990,ASP,HRB,淺水灣/壽臣山,1964/05,1964,62,B2,1.0,B,blank,SEA CLIFF MANSION,海峰園,True
1361,1997-05-20,"3 REPULSE BAY RD,REPULSE BAY RD|淺水灣三號,淺水灣道",23565.966789010963,2161,1796,"{'bay_window': '', 'flat_roof': '', 'roof': '', 'ac_platform': '', 'plant_room': '', 'garden': '', 'yard': ''}",52.3,49.388,29120,27498.8864142539,7120017,5045001,ASP,HRB,淺水灣/壽臣山,1997/07,1997,29,A,16.0,blank,blank,blank,,True
1362,1997-05-20,"3 REPULSE BAY RD,REPULSE BAY RD|淺水灣三號,淺水灣道",22832.409914815875,2078,1741,"{'bay_window': '', 'flat_roof': '', 'roof': '', 'ac_platform': '', 'plant_room': '', 'garden': '', 'yard': ''}",49.212,46.3853,28267,26642.90637564618,7120019,5045003,ASP,HRB,淺水灣/壽臣山,1997/07,1997,29,B,16.0,blank,blank,blank,,True
1372,1997-05-31,"VILLA HELVETIA,REPULSE BAY RD|雲濤別墅,淺水灣道",11898.661377848468,0,1875,"{'bay_window': '', 'flat_roof': '', 'roof': '', 'ac_platform': '', 'plant_room': '', 'garden': '', 'yard': ''}",27.5,26.0333,14667,13884.426666666666,7123186,5046078,ASP,HRB,淺水灣/壽臣山,1969/00,1969,57,whole floor,3.0,blank,blank,blank,,True
1373,1997-05-27,"3 REPULSE BAY RD,REPULSE BAY RD|淺水灣三號,淺水灣道",24513.240482606143,2078,1741,"{'bay_window': '28', 'flat_roof': '', 'roof': '', 'ac_platform': '', 'plant_room': '', 'garden': '20', 'yard': ''}",49.8,49.8,28604,28604.250430786906,7124693,5046615,ASP,HRB,淺水灣/壽臣山,1997/07,1997,29,B,19.0,blank,blank,blank,,False
1374,1997-05-23,"3 REPULSE BAY RD,REPULSE BAY RD|淺水灣三號,淺水灣道",24021.006737975495,2078,1741,"{'bay_window': '', 'flat_roof': '', 'roof': '', 'ac_platform': '', 'plant_room': '', 'garden': '', 'yard': ''}",48.8,48.8,28030,28029.867892016082,7124719,5046618,ASP,HRB,淺水灣/壽臣山,1997/07,1997,29,B,17.0,blank,blank,blank,,False
1376,1997-05-16,"37 REPULSE BAY RD(Block 1),REPULSE BAY RD|淺水灣道 37號1座,淺水灣道",18385.62239142863,1745,1289,"{'bay_window': '44', 'flat_roof': '', 'roof': '', 'ac_platform': '', 'plant_room': '', 'garden': '', 'yard': ''}",29.98,27.6542,23258,21453.99534522886,7125414,5046807,PRO-ASP,HRB,淺水灣/壽臣山,1994/02,1994,32,B,5.0,1,blank,37 REPULSE BAY RD,淺水灣道 37號,True
1377,1997-06-06,"SOUTH BAY TOWERS,SOUTH BAY RD|南灣大廈,南灣道",8742.96064108089,1433,1145,"{'bay_window': '', 'flat_roof': '', 'roof': '', 'ac_platform': '', 'plant_room': '', 'garden': '', 'yard': ''}",13.55,12.3666,11834,10800.524017467249,7125894,5057512,ASP,HRB,淺水灣/壽臣山,1984/11,1984,42,D,7.0,blank,blank,blank,,True
1383,1997-06-02,"3 REPULSE BAY RD,REPULSE BAY RD|淺水灣三號,淺水灣道",23347.324724432357,2161,1796,"{'bay_window': '', 'flat_roof': '', 'roof': '', 'ac_platform': '', 'plant_room': '', 'garden': '', 'yard': ''}",51.8,51.8,28842,28841.87082405345,7130728,5057752,ASP,HRB,淺水灣/壽臣山,1997/07,1997,29,A,13.0,blank,blank,blank,,False
1384,1997-05-31,"3 REPULSE BAY RD,REPULSE BAY RD|淺水灣三號,淺水灣道",22987.31587425114,2078,1741,"{'bay_window': '', 'flat_roof': '', 'roof': '', 'ac_platform': '', 'plant_room': '', 'garden': '', 'yard': ''}",46.7,46.7,26824,26823.664560597357,7130730,5047367,ASP,HRB,淺水灣/壽臣山,1997/07,1997,29,B,11.0,blank,blank,blank,,False
1385,1997-05-29,"3 REPULSE BAY RD,REPULSE BAY RD|淺水灣三號,淺水灣道",23134.985997640335,2078,1741,"{'bay_window': '', 'flat_roof': '', 'roof': '', 'ac_platform': '', 'plant_room': '', 'garden': '', 'yard': ''}",47.0,47.0,26996,26995.979322228603,7130732,5047369,ASP,HRB,淺水灣/壽臣山,1997/07,1997,29,B,13.0,blank,blank,blank,,False
1390,1997-06-12,"PINE CREST,REPULSE BAY RD|松苑,淺水灣道",14587.336935937306,2250,1920,"{'bay_window': '', 'flat_roof': '', 'roof': '', 'ac_platform': '', 'plant_room': '', 'garden': '', 'yard': ''}",36.5,34.599,19010,18020.3125,7132811,5058193,ASP,HRB,淺水灣/壽臣山,1982/11,1982,44,A,8.0,blank,blank,blank,,True
1393,1997-05-29,"3 REPULSE BAY RD,REPULSE BAY RD|淺水灣三號,淺水灣道",22903.66902633284,2161,1796,"{'bay_window': '', 'flat_roof': '', 'roof': '', 'ac_platform': '', 'plant_room': '', 'garden': '', 'yard': ''}",48.0,48.0,26726,26726.0579064588,7133751,5048077,ASP,HRB,淺水灣/壽臣山,1997/07,1997,29,A,11.0,blank,blank,blank,,False
1394,1997-06-02,"SOUTH BAY TOWERS,SOUTH BAY RD|南灣大廈,南灣道",8581.62740330376,1433,1145,"{'bay_window': '', 'flat_roof': '', 'roof': '', 'ac_platform': '', 'plant_room': '', 'garden': '', 'yard': ''}",13.3,12.1384,11616,10601.222707423582,7134160,5058312,ASP,HRB,淺水灣/壽臣山,1984/11,1984,42,D,8.0,blank,blank,blank,,True
1399,1997-06-05,"37 REPULSE BAY RD(Block 3),REPULSE BAY RD|淺水灣道 37號3座,淺水灣道",14597.89815729317,1765,1289,"{'bay_window': '56', 'flat_roof': '', 'roof': '', 'ac_platform': '', 'plant_room': '', 'garden': '', 'yard': ''}",25.2,23.245,19550,18033.359193173,7135012,5058778,ASP,HRB,淺水灣/壽臣山,1994/02,1994,32,B,1.0,3,blank,37 REPULSE BAY RD,淺水灣道 37號,True
1406,1997-06-03,"SPLENDOUR VILLA,SOUTH BAY RD|雅景閣,南灣道",11246.602688443312,0,1041,"{'bay_window': '', 'flat_roof': '', 'roof': '', 'ac_platform': '', 'plant_room': '', 'garden': '', 'yard': ''}",16.0,14.463,15370,13893.371757925072,7136210,5058947,ASP,HRB,淺水灣/壽臣山,1993/08,1993,33,A,2.0,blank,blank,blank,,True
1407,1997-06-02,"3 REPULSE BAY RD,REPULSE BAY RD|淺水灣三號,淺水灣道",21454.29839542433,2161,1796,"{'bay_window': '', 'flat_roof': '', 'roof': '', 'ac_platform': '', 'plant_room': '', 'garden': '', 'yard': ''}",47.6,47.6,26503,26503.340757238308,7136539,5058996,ASP,HRB,淺水灣/壽臣山,1997/07,1997,29,A,6.0,blank,blank,blank,,False
1408,1997-06-03,"3 REPULSE BAY RD,REPULSE BAY RD|淺水灣三號,淺水灣道",21454.29839542433,2161,1796,"{'bay_window': '', 'flat_roof': '', 'roof': '', 'ac_platform': '', 'plant_room': '', 'garden': '', 'yard': ''}",47.6,47.6,26503,26503.340757238308,7136540,5058997,ASP,HRB,淺水灣/壽臣山,1997/07,1997,29,A,7.0,blank,blank,blank,,False
1409,1997-06-02,"3 REPULSE BAY RD,REPULSE BAY RD|淺水灣三號,淺水灣道",21634.586617234618,2161,1796,"{'bay_window': '', 'flat_roof': '', 'roof': '', 'ac_platform': '', 'plant_room': '', 'garden': '', 'yard': ''}",48.0,48.0,26726,26726.0579064588,7136541,5058998,ASP,HRB,淺水灣/壽臣山,1997/07,1997,29,A,10.0,blank,blank,blank,,False
1410,1997-06-02,"3 REPULSE BAY RD,REPULSE BAY RD|淺水灣三號,淺水灣道",23405.9183965207,2161,1796,"{'bay_window': '', 'flat_roof': '', 'roof': '', 'ac_platform': '', 'plant_room': '', 'garden': '', 'yard': ''}",51.93,51.93,28914,28914.253897550112,7136542,5058999,ASP,HRB,淺水灣/壽臣山,1997/07,1997,29,A,22.0,blank,blank,blank,,False
1411,1997-06-02,"3 REPULSE BAY RD,REPULSE BAY RD|淺水灣三號,淺水灣道",23243.65899689144,2161,1796,"{'bay_window': '', 'flat_roof': '', 'roof': '', 'ac_platform': '', 'plant_room': '', 'garden': '', 'yard': ''}",51.57,51.57,28714,28713.80846325167,7136544,5059001,ASP,HRB,淺水灣/壽臣山,1997/07,1997,29,A,23.0,blank,blank,blank,,False
1417,1997-06-03,"3 REPULSE BAY RD,REPULSE BAY RD|淺水灣三號,淺水灣道",21544.442506329473,2161,1796,"{'bay_window': '', 'flat_roof': '', 'roof': '', 'ac_platform': '', 'plant_room': '', 'garden': '', 'yard': ''}",47.8,47.8,26615,26614.69933184855,7140167,5060654,ASP,HRB,淺水灣/壽臣山,1997/07,1997,29,A,9.0,blank,blank,blank,,False
1418,1997-06-07,"3 REPULSE BAY RD,REPULSE BAY RD|淺水灣三號,淺水灣道",24177.882842197676,2078,1741,"{'bay_window': '9', 'flat_roof': '', 'roof': '', 'ac_platform': '', 'plant_room': '', 'garden': '20', 'yard': ''}",52.0,52.0,29868,29867.89201608271,7140240,5060667,ASP,HRB,淺水灣/壽臣山,1997/07,1997,29,B,15.0,blank,blank,blank,,False
1434,1997-06-06,"37 REPULSE BAY RD(Block 3),REPULSE BAY RD|淺水灣道 37號3座,淺水灣道",15054.112513052405,1220,882,"{'bay_window': '', 'flat_roof': '', 'roof': '', 'ac_platform': '', 'plant_room': '', 'garden': '', 'yard': ''}",18.5,16.4025,20975,18596.938775510203,7142186,5060035,ASP,HRB,淺水灣/壽臣山,1994/02,1994,32,A,22.0,3,blank,37 REPULSE BAY RD,淺水灣道 37號,True
1435,1997-06-06,"3 REPULSE BAY RD,REPULSE BAY RD|淺水灣三號,淺水灣道",21853.08641506328,2078,1741,"{'bay_window': '9', 'flat_roof': '', 'roof': '', 'ac_platform': '', 'plant_room': '', 'garden': '20', 'yard': ''}",47.0,47.0,26996,26995.979322228603,7142313,5060068,ASP,HRB,淺水灣/壽臣山,1997/07,1997,29,B,3.0,blank,blank,blank,,False
1436,1997-06-03,"PARK PLACE(Block C),TAI TAM RESERVOIR RD|雅柏苑C座,大潭水塘道",15595.304013944067,2288,2075,"{'bay_window': '', 'flat_roof': '', 'roof': '', 'ac_platform': '', 'plant_room': '', 'garden': '', 'yard': ''}",42.0,39.9759,20241,19265.493975903613,7142320,5060072,ASP,HRB,淺水灣/壽臣山,1985/01,1985,41,2,6.0,C,blank,PARK PLACE,雅柏苑,True
1437,1997-06-06,"SOUTH BAY TOWERS,SOUTH BAY RD|南灣大廈,南灣道",11610.902622268364,2738,2161,"{'bay_window': '', 'flat_roof': '', 'roof': '', 'ac_platform': '', 'plant_room': '', 'garden': '', 'yard': ''}",32.5,30.9961,15039,14343.405830633967,7142479,5060101,ASP,HRB,淺水灣/壽臣山,1984/11,1984,42,C,27.0,blank,blank,blank,,True
1446,1997-06-10,"3 REPULSE BAY RD,REPULSE BAY RD|淺水灣三號,淺水灣道",22690.0389397675,2161,1796,"{'bay_window': '', 'flat_roof': '', 'roof': '', 'ac_platform': '', 'plant_room': '', 'garden': '', 'yard': ''}",53.31,50.3417,29683,28029.89977728285,7143803,5061367,ASP,HRB,淺水灣/壽臣山,1997/07,1997,29,A,8.0,blank,blank,blank,,True
1447,1997-06-11,"3 REPULSE BAY RD,REPULSE BAY RD|淺水灣三號,淺水灣道",23247.964271343917,2078,1741,"{'bay_window': '', 'flat_roof': '', 'roof': '', 'ac_platform': '', 'plant_room': '', 'garden': '', 'yard': ''}",50.0,50.0,28719,28719.126938541067,7143804,5061368,ASP,HRB,淺水灣/壽臣山,1997/07,1997,29,B,8.0,blank,blank,blank,,False
1449,1997-06-10,"3 REPULSE BAY RD,REPULSE BAY RD|淺水灣三號,淺水灣道",21905.018949950052,2161,1796,"{'bay_window': '', 'flat_roof': '', 'roof': '', 'ac_platform': '', 'plant_room': '', 'garden': '', 'yard': ''}",48.6,48.6,27060,27060.133630289532,7143806,5061370,ASP,HRB,淺水灣/壽臣山,1997/07,1997,29,A,5.0,blank,blank,blank,,False
1450,1997-06-06,"3 REPULSE BAY RD,REPULSE BAY RD|淺水灣三號,淺水灣道",22085.566057776727,2078,1741,"{'bay_window': '', 'flat_roof': '', 'roof': '', 'ac_platform': '', 'plant_room': '', 'garden': '', 'yard': ''}",47.5,47.5,27283,27283.170591614016,7143807,5061371,ASP,HRB,淺水灣/壽臣山,1997/07,1997,29,B,5.0,blank,blank,blank,,False
1457,1997-06-11,"3 REPULSE BAY RD,REPULSE BAY RD|淺水灣三號,淺水灣道",23340.956128429294,2078,1741,"{'bay_window': '', 'flat_roof': '', 'roof': '', 'ac_platform': '', 'plant_room': '', 'garden': '', 'yard': ''}",50.2,50.2,28834,28834.00344629523,7144914,5061791,ASP,HRB,淺水灣/壽臣山,1997/07,1997,29,B,9.0,blank,blank,blank,,False
1458,1997-06-10,"3 REPULSE BAY RD,REPULSE BAY RD|淺水灣三號,淺水灣道",25916.43188522897,2161,1796,"{'bay_window': '', 'flat_roof': '', 'roof': '', 'ac_platform': '', 'plant_room': '', 'garden': '', 'yard': ''}",57.5,57.5,32016,32015.590200445433,7144923,5061796,ASP,HRB,淺水灣/壽臣山,1997/07,1997,29,A,21.0,blank,blank,blank,,False
1462,1997-05-28,"REPULSE BAY GARDEN(Block 3),BELLEVIEW DR|淺水灣新村3座,麗景道",9106.894929279,2810,2625,"{'bay_window': '', 'flat_roof': '', 'roof': '', 'ac_platform': '', 'plant_room': '', 'garden': '', 'yard': ''}",29.0,27.8952,11048,10626.742857142857,7145115,5050225,ASP,HRB,淺水灣/壽臣山,1973/11,1973,53,whole floor,17.0,3,blank,REPULSE BAY GARDEN,淺水灣新村,True
1471,1997-06-18,"37 REPULSE BAY RD(Block 2),REPULSE BAY RD|淺水灣道 37號2座,淺水灣道",17722.974601702896,1635,1211,"{'bay_window': '32', 'flat_roof': '', 'roof': '', 'ac_platform': '', 'plant_room': '', 'garden': '', 'yard': ''}",28.9,26.5135,23865,21893.889347646575,7147801,5062787,ASP,HRB,淺水灣/壽臣山,1994/02,1994,32,A,3.0,2,blank,37 REPULSE BAY RD,淺水灣道 37號,True
1472,1997-06-14,"37 REPULSE BAY RD(Block 2),REPULSE BAY RD|淺水灣道 37號2座,淺水灣道",19585.61320949308,1635,1211,"{'bay_window': '32', 'flat_roof': '', 'roof': '', 'ac_platform': '', 'plant_room': '', 'garden': '', 'yard': ''}",29.3,29.3,24195,24194.880264244424,7148153,5062872,ASP,HRB,淺水灣/壽臣山,1994/02,1994,32,A,19.0,2,blank,37 REPULSE BAY RD,淺水灣道 37號,False
1473,1997-06-13,"MING WAI GARDEN,REPULSE BAY RD|明慧園,淺水灣道",11653.884523071049,0,1630,"{'bay_window': '', 'flat_roof': '', 'roof': '', 'ac_platform': '', 'plant_room': '', 'garden': '', 'yard': ''}",25.0,23.4663,15337,14396.503067484662,7148179,5062879,ASP,HRB,淺水灣/壽臣山,1973/12,1973,53,A,5.0,blank,blank,blank,,True
1475,1997-06-10,"MANHATTAN TOWER,REPULSE BAY RD|MANHATTAN TOWER,淺水灣道",14187.44737416504,2243,1999,"{'bay_window': '', 'flat_roof': '', 'roof': '', 'ac_platform': '', 'plant_room': '', 'garden': '', 'yard': ''}",36.88,35.0351,18449,17526.31315657829,7148330,5062919,ASP,HRB,淺水灣/壽臣山,1978/07,1978,48,A,7.0,blank,blank,blank,,True
1478,1997-05-22,"SEA CLIFF MANSION(Block A),REPULSE BAY RD|海峰園A座,淺水灣道",11725.467671740053,0,1941,"{'bay_window': '', 'flat_roof': '', 'roof': '', 'ac_platform': '', 'plant_room': '', 'garden': '', 'yard': ''}",28.0,26.5574,14426,13682.328696548171,7149066,5050728,PRO-ASP,HRB,淺水灣/壽臣山,1964/05,1964,62,A1,11.0,A,blank,SEA CLIFF MANSION,海峰園,True
1479,1997-06-05,"37 REPULSE BAY RD(Block 3),REPULSE BAY RD|淺水灣道 37號3座,淺水灣道",15623.695334305285,1220,882,"{'bay_window': '56', 'flat_roof': '', 'roof': '', 'ac_platform': '', 'plant_room': '', 'garden': '', 'yard': ''}",19.2,17.0231,21769,19300.566893424035,7149492,5063750,SUB-ASP,HRB,淺水灣/壽臣山,1994/02,1994,32,A,11.0,3,blank,37 REPULSE BAY RD,淺水灣道 37號,True
1493,1997-06-12,"REPULSE BAY GARDEN(Block 12),BELLEVIEW DR|淺水灣新村12座,麗景道",8901.184508845985,1669,1519,"{'bay_window': '', 'flat_roof': '', 'roof': '', 'ac_platform': '', 'plant_room': '', 'garden': '', 'yard': ''}",17.88,16.7029,11771,10995.984200131665,7152185,5066011,ASP,HRB,淺水灣/壽臣山,1976/12,1976,50,whole floor,1.0,12,blank,REPULSE BAY GARDEN,淺水灣新村,True
1499,1997-06-11,"SOUTH BAY TOWERS,SOUTH BAY RD|南灣大廈,南灣道",10539.11892745404,2738,2161,"{'bay_window': '', 'flat_roof': '', 'roof': '', 'ac_platform': '', 'plant_room': '', 'garden': '', 'yard': ''}",29.5,28.1349,13651,13019.389171679777,7154058,5064914,ASP,HRB,淺水灣/壽臣山,1984/11,1984,42,C,11.0,blank,blank,blank,,True
1501,1997-06-18,"3 REPULSE BAY RD,REPULSE BAY RD|淺水灣三號,淺水灣道",23437.468835337502,2161,1796,"{'bay_window': '28', 'flat_roof': '', 'roof': '', 'ac_platform': '', 'plant_room': '', 'garden': '20', 'yard': ''}",52.0,52.0,28953,28953.229398663698,7154194,5064935,ASP,HRB,淺水灣/壽臣山,1997/07,1997,29,A,12.0,blank,blank,blank,,False
1502,1997-06-16,"3 REPULSE BAY RD,REPULSE BAY RD|淺水灣三號,淺水灣道",25107.801413051435,2078,1741,"{'bay_window': '', 'flat_roof': '', 'roof': '', 'ac_platform': '', 'plant_room': '', 'garden': '', 'yard': ''}",54.0,54.0,31017,31016.657093624355,7154195,5064936,ASP,HRB,淺水灣/壽臣山,1997/07,1997,29,B,12.0,blank,blank,blank,,False
1503,1997-06-16,"37 REPULSE BAY RD(Block 3),REPULSE BAY RD|淺水灣道 37號3座,淺水灣道",15867.828480378867,1220,882,"{'bay_window': '56', 'flat_roof': '', 'roof': '', 'ac_platform': '', 'plant_room': '', 'garden': '', 'yard': ''}",19.5,17.2891,22109,19602.15419501134,7154847,5065065,ASP,HRB,淺水灣/壽臣山,1994/02,1994,32,A,2.0,3,blank,37 REPULSE BAY RD,淺水灣道 37號,True
1505,1997-06-17,"GRAND GARDEN(Block 1),SOUTH BAY RD|華景園1座,南灣道",11848.829531952051,3061,2663,"{'bay_window': '', 'flat_roof': '', 'roof': '', 'ac_platform': '', 'plant_room': '', 'garden': '', 'yard': ''}",40.5,38.9792,15208,14637.32632369508,7156042,5066951,ASP,HRB,淺水灣/壽臣山,1986/12,1986,40,B,9.0,1,blank,GRAND GARDEN,華景園,True
1506,1997-06-18,"GRAND GARDEN(Block 1),SOUTH BAY RD|華景園1座,南灣道",12521.71581622492,3061,2663,"{'bay_window': '', 'flat_roof': '', 'roof': '', 'ac_platform': '', 'plant_room': '', 'garden': '', 'yard': ''}",42.8,41.1928,16072,15468.5692827638,7156043,5066952,ASP,HRB,淺水灣/壽臣山,1986/12,1986,40,B,24.0,1,blank,GRAND GARDEN,華景園,True
1507,1997-06-19,"GRAND GARDEN(Block 1),SOUTH BAY RD|華景園1座,南灣道",12667.990156662265,3061,2663,"{'bay_window': '', 'flat_roof': '', 'roof': '', 'ac_platform': '', 'plant_room': '', 'garden': '', 'yard': ''}",43.3,41.674,16260,15649.267743146827,7156044,5066953,ASP,HRB,淺水灣/壽臣山,1986/12,1986,40,B,18.0,1,blank,GRAND GARDEN,華景園,True
1509,1997-06-16,"SOUTH BAY TOWERS,SOUTH BAY RD|南灣大廈,南灣道",10194.74768654687,1433,1145,"{'bay_window': '', 'flat_roof': '', 'roof': '', 'ac_platform': '', 'plant_room': '', 'garden': '', 'yard': ''}",15.8,14.4201,13799,12593.973799126637,7156435,5067542,ASP,HRB,淺水灣/壽臣山,1984/11,1984,42,D,11.0,blank,blank,blank,,True
1526,1997-07-04,"SOUTH BAY GARDEN(Block B),SOUTH BAY CLOSE|南灣花園B座,南灣坊",10456.67100552715,1542,1296,"{'bay_window': '', 'flat_roof': '', 'roof': '', 'ac_platform': '', 'plant_room': '', 'garden': '', 'yard': ''}",17.25,15.919,13310,12283.17901234568,7159630,5068607,ASP,HRB,淺水灣/壽臣山,1985/09,1985,41,2,9.0,B,blank,SOUTH BAY GARDEN,南灣花園,True
1527,1997-06-03,"37 REPULSE BAY RD(Block 2),REPULSE BAY RD|淺水灣道 37號2座,淺水灣道",17092.903643105317,1680,1255,"{'bay_window': '44', 'flat_roof': '', 'roof': '', 'ac_platform': '', 'plant_room': '', 'garden': '', 'yard': ''}",26.5,26.5,21116,21115.537848605578,7159955,5068706,ASP,HRB,淺水灣/壽臣山,1994/02,1994,32,B,6.0,2,blank,37 REPULSE BAY RD,淺水灣道 37號,False
1528,1997-06-20,"37 REPULSE BAY RD(Block 3),REPULSE BAY RD|淺水灣道 37號3座,淺水灣道",16014.308368023017,1220,882,"{'bay_window': '56', 'flat_roof': '', 'roof': '', 'ac_platform': '', 'plant_room': '', 'garden': '', 'yard': ''}",19.68,17.4487,22313,19783.10657596372,7159966,5068715,ASP,HRB,淺水灣/壽臣山,1994/02,1994,32,A,5.0,3,blank,37 REPULSE BAY RD,淺水灣道 37號,True
1536,1997-06-06,"3 REPULSE BAY RD,REPULSE BAY RD|淺水灣三號,淺水灣道",22085.566057776727,2078,1741,"{'bay_window': '', 'flat_roof': '', 'roof': '', 'ac_platform': '', 'plant_room': '', 'garden': '', 'yard': ''}",47.5,47.5,27283,27283.170591614016,7162194,5069540,ASP,HRB,淺水灣/壽臣山,1997/07,1997,29,B,6.0,blank,blank,blank,,False
1538,1997-06-13,"GRAND GARDEN(Block 1),SOUTH BAY RD|華景園1座,南灣道",12639.164554382332,3054,2482,"{'bay_window': '', 'flat_roof': '', 'roof': '', 'ac_platform': '', 'plant_room': '', 'garden': '', 'yard': ''}",40.38,38.7531,16269,15613.658340048349,7162561,5069637,ASP,HRB,淺水灣/壽臣山,1986/12,1986,40,A,25.0,1,blank,GRAND GARDEN,華景園,True
1539,1997-06-17,"SOUTH BAY TOWERS,SOUTH BAY RD|南灣大廈,南灣道",10646.438333417198,1433,1145,"{'bay_window': '', 'flat_roof': '', 'roof': '', 'ac_platform': '', 'plant_room': '', 'garden': '', 'yard': ''}",16.5,15.059,14410,13151.965065502183,7162649,5069663,ASP,HRB,淺水灣/壽臣山,1984/11,1984,42,D,20.0,blank,blank,blank,,True
1542,1997-06-14,"MANHATTAN TOWER,REPULSE BAY RD|MANHATTAN TOWER,淺水灣道",15002.975238130917,2243,1999,"{'bay_window': '', 'flat_roof': '', 'roof': '', 'ac_platform': '', 'plant_room': '', 'garden': '', 'yard': ''}",39.0,37.049,19510,18533.76688344172,7164543,5071328,ASP,HRB,淺水灣/壽臣山,1978/07,1978,48,B,14.0,blank,blank,blank,,True
1546,1997-06-06,"37 REPULSE BAY RD(Block 3),REPULSE BAY RD|淺水灣道 37號3座,淺水灣道",14891.38767546276,1220,882,"{'bay_window': '56', 'flat_roof': '', 'roof': '', 'ac_platform': '', 'plant_room': '', 'garden': '', 'yard': ''}",18.3,16.2252,20748,18395.91836734694,7165134,5071464,ASP,HRB,淺水灣/壽臣山,1994/02,1994,32,A,13.0,3,blank,37 REPULSE BAY RD,淺水灣道 37號,True
1548,1997-06-18,"THE BEACHSIDE(Block A),REPULSE BAY RD|THE BEACHSIDEA座,淺水灣道",12085.825742469697,969,721,"{'bay_window': '23', 'flat_roof': '', 'roof': '', 'ac_platform': '', 'plant_room': '', 'garden': '', 'yard': ''}",12.498,10.7646,17334,14930.097087378641,7165185,5071476,ASP,HRB,淺水灣/壽臣山,1993/12,1993,33,C,2.0,A,blank,THE BEACHSIDE,THE BEACHSIDE,True
1549,1997-02-15,"PARKVIEW HEIGHTS(Block 14,HONG KONG PARKVIEW),TAI TAM RESERVOIR RD|陽明山莊,14座(摘星樓),大潭水塘道",16742.790365062247,0,1837,"{'bay_window': '', 'flat_roof': '', 'roof': '', 'ac_platform': '', 'plant_room': '', 'garden': '', 'yard': ''}",31.5,31.5,17148,17147.523135547086,7165689,5052079,ASP,HRB,淺水灣/壽臣山,1989/11,1989,37,81,10.0,14,blank,HONG KONG PARKVIEW,陽明山莊,False
1551,1997-06-25,"3 REPULSE BAY RD,REPULSE BAY RD|淺水灣三號,淺水灣道",21997.146231295108,2161,1796,"{'bay_window': '', 'flat_roof': '', 'roof': '', 'ac_platform': '', 'plant_room': '', 'garden': '', 'yard': ''}",51.682,48.8044,28776,27173.9420935412,7166263,5070351,ASP,HRB,淺水灣/壽臣山,1997/07,1997,29,A,20.0,blank,blank,blank,,True
1553,1997-06-26,"PARKVIEW CRESCENT(Block 10,HONG KONG PARKVIEW),TAI TAM RESERVOIR RD|陽明山莊,10座(環翠軒),大潭水塘道",13480.047190947744,2771,2342,"{'bay_window': '', 'flat_roof': '', 'roof': '', 'ac_platform': '', 'plant_room': '', 'garden': '', 'yard': ''}",39.0,39.0,16652,16652.433817250214,7166665,5070444,SUB-ASP,HRB,淺水灣/壽臣山,1989/11,1989,37,61,6.0,10,blank,HONG KONG PARKVIEW,陽明山莊,False
1554,1997-06-20,"PARKVIEW CRESCENT(Block 10,HONG KONG PARKVIEW),TAI TAM RESERVOIR RD|陽明山莊,10座(環翠軒),大潭水塘道",13400.791426309683,2771,2342,"{'bay_window': '', 'flat_roof': '', 'roof': '', 'ac_platform': '', 'plant_room': '', 'garden': '', 'yard': ''}",40.5,38.7707,17293,16554.52604611443,7166997,5070503,ASP,HRB,淺水灣/壽臣山,1989/11,1989,37,61,15.0,10,blank,HONG KONG PARKVIEW,陽明山莊,True
1557,1997-05-30,"SOUTH BAY TOWERS,SOUTH BAY RD|南灣大廈,南灣道",10382.917445920177,1433,1145,"{'bay_window': '', 'flat_roof': '', 'roof': '', 'ac_platform': '', 'plant_room': '', 'garden': '', 'yard': ''}",15.2,13.8725,13275,12115.720524017468,7167972,5052361,ASP,HRB,淺水灣/壽臣山,1984/11,1984,42,D,18.0,blank,blank,blank,,True
1564,1997-07-04,"37 REPULSE BAY RD(Block 3),REPULSE BAY RD|淺水灣道 37號3座,淺水灣道",17354.842350026996,1220,882,"{'bay_window': '', 'flat_roof': '', 'roof': '', 'ac_platform': '', 'plant_room': '', 'garden': '', 'yard': ''}",20.28,17.980700000000002,22993,20386.281179138325,7170497,5072818,SUB-ASP,HRB,淺水灣/壽臣山,1994/02,1994,32,A,22.0,3,blank,37 REPULSE BAY RD,淺水灣道 37號,True
1572,1997-06-18,"GRAND GARDEN(Block 1),SOUTH BAY RD|華景園1座,南灣道",13146.22358018151,3054,2482,"{'bay_window': '', 'flat_roof': '', 'roof': '', 'ac_platform': '', 'plant_room': '', 'garden': '', 'yard': ''}",42.0,40.3078,16922,16240.048348106366,7174515,5074452,ASP,HRB,淺水灣/壽臣山,1986/12,1986,40,A,18.0,1,blank,GRAND GARDEN,華景園,True
1574,1997-06-13,"37 REPULSE BAY RD(Block 3),REPULSE BAY RD|淺水灣道 37號3座,淺水灣道",15930.266439956677,1740,1289,"{'bay_window': '44', 'flat_roof': '', 'roof': '', 'ac_platform': '', 'plant_room': '', 'garden': '', 'yard': ''}",27.5,25.3666,21334,19679.286268425134,7175117,5074574,ASP,HRB,淺水灣/壽臣山,1994/02,1994,32,B,19.0,3,blank,37 REPULSE BAY RD,淺水灣道 37號,True
1578,1997-06-18,"SOUTH BAY TOWERS,SOUTH BAY RD|南灣大廈,南灣道",10710.915069987203,1433,1145,"{'bay_window': '', 'flat_roof': '', 'roof': '', 'ac_platform': '', 'plant_room': '', 'garden': '', 'yard': ''}",16.6,15.150200000000002,14498,13231.61572052402,7175699,5075753,ASP,HRB,淺水灣/壽臣山,1984/11,1984,42,D,16.0,blank,blank,blank,,True
1581,1997-06-04,"MING WAI GARDEN,REPULSE BAY RD|明慧園,淺水灣道",11653.884523071049,0,1630,"{'bay_window': '', 'flat_roof': '', 'roof': '', 'ac_platform': '', 'plant_room': '', 'garden': '', 'yard': ''}",25.0,23.4663,15337,14396.503067484662,7177758,5076054,ASP,HRB,淺水灣/壽臣山,1973/12,1973,53,B,8.0,blank,blank,blank,,True
1586,1997-07-10,"RIDGE COURT,REPULSE BAY RD|冠園,淺水灣道",10863.417127188724,0,1932,"{'bay_window': '', 'flat_roof': '', 'roof': '', 'ac_platform': '', 'plant_room': '', 'garden': '', 'yard': ''}",26.0,24.6542,13458,12760.973084886129,7183920,5077324,SUB-ASP,HRB,淺水灣/壽臣山,9999,9999,-7973,A,9.0,blank,blank,blank,,True
1589,1997-06-12,"37 REPULSE BAY RD(Block 3),REPULSE BAY RD|淺水灣道 37號3座,淺水灣道",14809.979366978823,1220,882,"{'bay_window': '56', 'flat_roof': '', 'roof': '', 'ac_platform': '', 'plant_room': '', 'garden': '', 'yard': ''}",18.2,16.136499999999998,20635,18295.3514739229,7190297,5079594,ASP,HRB,淺水灣/壽臣山,1994/02,1994,32,A,14.0,3,blank,37 REPULSE BAY RD,淺水灣道 37號,True
1597,1997-06-12,"REPULSE BAY GARDEN(Block 2),BELLEVIEW DR|淺水灣新村2座,麗景道",9246.225942452058,2288,2110,"{'bay_window': '', 'flat_roof': '', 'roof': '', 'ac_platform': '', 'plant_room': '', 'garden': '', 'yard': ''}",25.3,24.1009,11991,11422.227488151659,7199091,5082020,ASP,HRB,淺水灣/壽臣山,1973/11,1973,53,whole floor,6.0,2,blank,REPULSE BAY GARDEN,淺水灣新村,True
1599,1997-05-17,"37 REPULSE BAY RD(Block 3),REPULSE BAY RD|淺水灣道 37號3座,淺水灣道",17197.876875753493,1220,882,"{'bay_window': '56', 'flat_roof': '', 'roof': '', 'ac_platform': '', 'plant_room': '', 'garden': '', 'yard': ''}",17.7,17.7,20068,20068.027210884353,7200303,5053569,PRO-ASP,HRB,淺水灣/壽臣山,1994/02,1994,32,A,20.0,3,blank,37 REPULSE BAY RD,淺水灣道 37號,False
1605,1997-06-27,"MING WAI GARDEN,REPULSE BAY RD|明慧園,淺水灣道",10954.64052599933,0,1630,"{'bay_window': '', 'flat_roof': '', 'roof': '', 'ac_platform': '', 'plant_room': '', 'garden': '', 'yard': ''}",23.5,22.0583,14417,13532.699386503067,7203149,5082668,SUB-ASP,HRB,淺水灣/壽臣山,1973/12,1973,53,B,10.0,blank,blank,blank,,True
1608,1997-07-25,"SPLENDOUR VILLA,SOUTH BAY RD|雅景閣,南灣道",13661.888911731983,0,634,"{'bay_window': '', 'flat_roof': '', 'roof': '', 'ac_platform': '', 'plant_room': '', 'garden': '', 'yard': ''}",12.08,10.1746,19054,16048.26498422713,7207699,5084701,ASP,HRB,淺水灣/壽臣山,1993/08,1993,33,B,3.0,blank,blank,blank,,True
1610,1997-07-22,"SPLENDOUR VILLA,SOUTH BAY RD|雅景閣,南灣道",12266.00382036143,0,1052,"{'bay_window': '', 'flat_roof': '', 'roof': '', 'ac_platform': '', 'plant_room': '', 'garden': '', 'yard': ''}",16.75,15.1578,15922,14408.555133079848,7208713,5085088,ASP,HRB,淺水灣/壽臣山,1993/08,1993,33,A,3.0,blank,blank,blank,,True
1612,1997-07-08,"PARKVIEW TERR(Block 11,HONG KONG PARKVIEW),TAI TAM RESERVOIR RD|陽明山莊,11座(涵碧苑),大潭水塘道",14226.97310190112,2490,2049,"{'bay_window': '', 'flat_roof': '', 'roof': '', 'ac_platform': '', 'plant_room': '', 'garden': '', 'yard': ''}",36.0,34.243,17570,16712.05466081015,7211886,5085775,ASP,HRB,淺水灣/壽臣山,1989/11,1989,37,67,6.0,11,blank,HONG KONG PARKVIEW,陽明山莊,True
1621,1997-06-26,"SOUTH BAY TOWERS,SOUTH BAY RD|南灣大廈,南灣道",12456.20763577296,1433,1125,"{'bay_window': '', 'flat_roof': '', 'roof': '', 'ac_platform': '', 'plant_room': '', 'garden': '', 'yard': ''}",19.0,17.3111,16889,15387.644444444444,7226296,5090312,ASP,HRB,淺水灣/壽臣山,1984/11,1984,42,A,3.0,blank,blank,blank,,True
1628,1997-08-05,"SOUTH BAY TOWERS,SOUTH BAY RD|南灣大廈,南灣道",11817.876241376987,1433,1145,"{'bay_window': '', 'flat_roof': '', 'roof': '', 'ac_platform': '', 'plant_room': '', 'garden': '', 'yard': ''}",17.8,16.2454,15546,14188.122270742359,7235155,5094011,ASP,HRB,淺水灣/壽臣山,1984/11,1984,42,A,5.0,blank,blank,blank,,True
1643,1997-06-26,"SOUTH BAY TOWERS,SOUTH BAY RD|南灣大廈,南灣道",12730.549865596,1433,1145,"{'bay_window': '', 'flat_roof': '', 'roof': '', 'ac_platform': '', 'plant_room': '', 'garden': '', 'yard': ''}",19.73,18.0069,17231,15726.550218340612,7249139,5098361,SUB-ASP,HRB,淺水灣/壽臣山,1984/11,1984,42,A,16.0,blank,blank,blank,,True
1647,1997-08-21,"THE BEACHSIDE(Block A),REPULSE BAY RD|THE BEACHSIDEA座,淺水灣道",12338.394043883312,969,721,"{'bay_window': '23', 'flat_roof': '', 'roof': '731', 'ac_platform': '', 'plant_room': '', 'garden': '', 'yard': ''}",12.4,10.6802,17198,14813.037447988905,7253005,5098739,ASP,HRB,淺水灣/壽臣山,1993/12,1993,33,C,4.0,A,blank,THE BEACHSIDE,THE BEACHSIDE,True
1670,1997-09-08,"REPULSE BAY GARDEN(Block 7),BELLEVIEW DR|淺水灣新村7座,麗景道",10090.483521863787,2288,2110,"{'bay_window': '', 'flat_roof': '', 'roof': '', 'ac_platform': '', 'plant_room': '', 'garden': '', 'yard': ''}",26.8,25.5299,12701,12099.478672985782,7276816,5105937,ASP,HRB,淺水灣/壽臣山,1973/11,1973,53,whole floor,10.0,7,blank,REPULSE BAY GARDEN,淺水灣新村,True
1672,1997-09-03,"37 REPULSE BAY RD(Block 1),REPULSE BAY RD|淺水灣道 37號1座,淺水灣道",17183.397090588896,1745,1289,"{'bay_window': '44', 'flat_roof': '', 'roof': '', 'ac_platform': '', 'plant_room': '', 'garden': '', 'yard': ''}",28.793,26.5593,22337,20604.57719162141,7280472,5111013,ASP,HRB,淺水灣/壽臣山,1994/02,1994,32,B,7.0,1,blank,37 REPULSE BAY RD,淺水灣道 37號,True
1677,1997-09-03,"PARKVIEW CORNER(Block 18,HONG KONG PARKVIEW),TAI TAM RESERVOIR RD|陽明山莊,18座(眺景台),大潭水塘道",15165.810134126004,2570,2067,"{'bay_window': '', 'flat_roof': '', 'roof': '', 'ac_platform': '', 'plant_room': '', 'garden': '', 'yard': ''}",39.5,37.589,19110,18185.292694726657,7282560,5107976,ASP,HRB,淺水灣/壽臣山,1989/11,1989,37,95,23.0,18,blank,HONG KONG PARKVIEW,陽明山莊,True
1681,1997-09-22,"MING WAI GARDEN,REPULSE BAY RD|明慧園,淺水灣道",13927.083994394377,0,1630,"{'bay_window': '', 'flat_roof': '', 'roof': '', 'ac_platform': '', 'plant_room': '', 'garden': '', 'yard': ''}",29.0,27.2209,17791,16699.938650306747,7290031,5111595,ASP,HRB,淺水灣/壽臣山,1973/12,1973,53,A,10.0,blank,blank,blank,,True
1682,1997-08-29,"REPULSE BAY GARDEN(Block 12),BELLEVIEW DR|淺水灣新村12座,麗景道",9732.749023003871,1669,1519,"{'bay_window': '', 'flat_roof': '', 'roof': '', 'ac_platform': '', 'plant_room': '', 'garden': '', 'yard': ''}",19.0,17.749200000000002,12508,11684.792626728113,7291926,5113449,ASP,HRB,淺水灣/壽臣山,1976/12,1976,50,whole floor,10.0,12,blank,REPULSE BAY GARDEN,淺水灣新村,True
1684,1997-09-29,"PARKVIEW TERR(Block 11,HONG KONG PARKVIEW),TAI TAM RESERVOIR RD|陽明山莊,11座(涵碧苑),大潭水塘道",12423.076356855598,2490,2049,"{'bay_window': '', 'flat_roof': '', 'roof': '', 'ac_platform': '', 'plant_room': '', 'garden': '', 'yard': ''}",32.089,30.5229,15661,14896.486090775988,7295933,5114441,ASP,HRB,淺水灣/壽臣山,1989/11,1989,37,67,2.0,11,blank,HONG KONG PARKVIEW,陽明山莊,True
1685,1997-09-25,"TWIN BROOK,REPULSE BAY RD|雙溪,淺水灣道",11144.510779171369,0,2440,"{'bay_window': '', 'flat_roof': '', 'roof': '', 'ac_platform': '', 'plant_room': '', 'garden': '', 'yard': ''}",34.0,32.6066,13934,13363.360655737704,7296675,5114553,ASP,HRB,淺水灣/壽臣山,1974/04,1974,52,B,6.0,blank,blank,blank,,True
1695,1997-09-12,"PARKVIEW CORNER(Block 18,HONG KONG PARKVIEW),TAI TAM RESERVOIR RD|陽明山莊,18座(眺景台),大潭水塘道",15757.007454551542,2620,2171,"{'bay_window': '', 'flat_roof': '', 'roof': '1962', 'ac_platform': '', 'plant_room': '', 'garden': '', 'yard': ''}",43.0,41.0193,19807,18894.19622293874,7302528,5116746,ASP,HRB,淺水灣/壽臣山,1989/11,1989,37,97,23.0,18,blank,HONG KONG PARKVIEW,陽明山莊,True
1698,1997-09-30,"3 REPULSE BAY RD,REPULSE BAY RD|淺水灣三號,淺水灣道",25671.34701626539,2161,1796,"{'bay_window': '', 'flat_roof': '', 'roof': '', 'ac_platform': '', 'plant_room': '', 'garden': '', 'yard': ''}",58.545,55.2853,32597,30782.461024498887,7303842,5117261,ASP,HRB,淺水灣/壽臣山,1997/07,1997,29,A,18.0,blank,blank,blank,,True
1701,1997-09-20,"PARKVIEW HEIGHTS(Block 13,HONG KONG PARKVIEW),TAI TAM RESERVOIR RD|陽明山莊,13座(摘星樓),大潭水塘道",12271.608555214487,2700,2308,"{'bay_window': '', 'flat_roof': '', 'roof': '', 'ac_platform': '', 'plant_room': '', 'garden': '', 'yard': ''}",35.5,33.9619,15381,14714.861351819758,7306145,5117896,ASP,HRB,淺水灣/壽臣山,1989/11,1989,37,75,2.0,13,blank,HONG KONG PARKVIEW,陽明山莊,True
1706,1997-10-13,"PARK PLACE(Block C),TAI TAM RESERVOIR RD|雅柏苑C座,大潭水塘道",14880.109022764358,2288,2075,"{'bay_window': '', 'flat_roof': '', 'roof': '', 'ac_platform': '', 'plant_room': '', 'garden': '', 'yard': ''}",39.9,37.9771,19229,18302.21686746988,7319642,5123007,ASP,HRB,淺水灣/壽臣山,1985/01,1985,41,1,5.0,C,blank,PARK PLACE,雅柏苑,True
1709,1997-10-17,"PARKVIEW HEIGHTS(Block 14,HONG KONG PARKVIEW),TAI TAM RESERVOIR RD|陽明山莊,14座(摘星樓),大潭水塘道",12537.658474123617,0,1900,"{'bay_window': '', 'flat_roof': '', 'roof': '', 'ac_platform': '', 'plant_room': '', 'garden': '', 'yard': ''}",29.3,29.3,15421,15421.052631578947,7320323,5124426,ASP,HRB,淺水灣/壽臣山,1988/00,1988,38,77,12.0,14,blank,HONG KONG PARKVIEW,陽明山莊,False
1711,1997-10-20,"PINE CREST,REPULSE BAY RD|松苑,淺水灣道",14321.767542432928,2250,1920,"{'bay_window': '', 'flat_roof': '', 'roof': '', 'ac_platform': '', 'plant_room': '', 'garden': '', 'yard': ''}",35.68,33.8217,18583,17615.46875,7320601,5124500,ASP,HRB,淺水灣/壽臣山,1982/11,1982,44,A,14.0,blank,blank,blank,,True
1714,1997-09-26,"THE BEACHSIDE(Block A),REPULSE BAY RD|THE BEACHSIDEA座,淺水灣道",10877.60457084985,929,688,"{'bay_window': '20', 'flat_roof': '', 'roof': '', 'ac_platform': '', 'plant_room': '', 'garden': '', 'yard': ''}",10.5,8.9738,15262,13043.313953488372,7322169,5127858,ASP,HRB,淺水灣/壽臣山,1993/12,1993,33,F,3.0,A,blank,THE BEACHSIDE,THE BEACHSIDE,True
1716,1997-10-09,"PARKVIEW TERR(Block 11,HONG KONG PARKVIEW),TAI TAM RESERVOIR RD|陽明山莊,11座(涵碧苑),大潭水塘道",15398.93450666987,2490,2049,"{'bay_window': '', 'flat_roof': '', 'roof': '', 'ac_platform': '', 'plant_room': '', 'garden': '', 'yard': ''}",40.8,38.8088,19912,18940.361151781355,7324828,5126067,ASP,HRB,淺水灣/壽臣山,1989/11,1989,37,67,10.0,11,blank,HONG KONG PARKVIEW,陽明山莊,True
1719,1997-10-08,"REPULSE BAY GARDEN(Block 11),BELLEVIEW DR|淺水灣新村11座,麗景道",10499.975929930282,1669,1519,"{'bay_window': '', 'flat_roof': '', 'roof': '', 'ac_platform': '', 'plant_room': '', 'garden': '', 'yard': ''}",21.0,19.6175,13825,12914.746543778801,7327617,5126787,ASP,HRB,淺水灣/壽臣山,1976/12,1976,50,whole floor,14.0,11,blank,REPULSE BAY GARDEN,淺水灣新村,True
1721,1997-10-21,"SPLENDOUR VILLA,SOUTH BAY RD|雅景閣,南灣道",13038.21053661479,0,1043,"{'bay_window': '', 'flat_roof': '', 'roof': '', 'ac_platform': '', 'plant_room': '', 'garden': '', 'yard': ''}",18.5,16.7263,17737,16036.72099712368,7334063,5131269,ASP,HRB,淺水灣/壽臣山,1993/08,1993,33,C,2.0,blank,blank,blank,,True
1725,1997-09-19,"THE BEACHSIDE(Block A),REPULSE BAY RD|THE BEACHSIDEA座,淺水灣道",14083.02007719805,1135,864,"{'bay_window': '29', 'flat_roof': '', 'roof': '881', 'ac_platform': '', 'plant_room': '', 'garden': '', 'yard': ''}",16.5,14.5903,19097,16886.921296296296,7336359,5130673,ASP,HRB,淺水灣/壽臣山,1993/12,1993,33,A,4.0,A,blank,THE BEACHSIDE,THE BEACHSIDE,True
1728,1997-10-25,"SPLENDOUR VILLA,SOUTH BAY RD|雅景閣,南灣道",13717.99570506111,0,1344,"{'bay_window': '', 'flat_roof': '', 'roof': '', 'ac_platform': '', 'plant_room': '', 'garden': '', 'yard': ''}",24.5,22.6771,18229,16872.842261904763,7344465,5136325,ASP,HRB,淺水灣/壽臣山,1993/08,1993,33,F,2.0,blank,blank,blank,,True
1731,1997-11-05,"PINE CREST,REPULSE BAY RD|松苑,淺水灣道",14336.15361853111,2250,1920,"{'bay_window': '', 'flat_roof': '', 'roof': '', 'ac_platform': '', 'plant_room': '', 'garden': '', 'yard': ''}",33.5,31.7552,17448,16539.166666666668,7347910,5138290,ASP,HRB,淺水灣/壽臣山,1982/11,1982,44,B,5.0,blank,blank,blank,,True
1733,1997-10-30,"PARKVIEW HEIGHTS(Block 13,HONG KONG PARKVIEW),TAI TAM RESERVOIR RD|陽明山莊,13座(摘星樓),大潭水塘道",10783.992976283831,2700,2308,"{'bay_window': '', 'flat_roof': '', 'roof': '', 'ac_platform': '', 'plant_room': '', 'garden': '', 'yard': ''}",32.0,30.6135,13865,13264.081455805892,7347920,5138294,PRO-ASP,HRB,淺水灣/壽臣山,1989/11,1989,37,73,11.0,13,blank,HONG KONG PARKVIEW,陽明山莊,True
1737,1997-10-07,"SOUTH BAY TOWERS,SOUTH BAY RD|南灣大廈,南灣道",11016.841641050518,1433,1145,"{'bay_window': '', 'flat_roof': '', 'roof': '', 'ac_platform': '', 'plant_room': '', 'garden': '', 'yard': ''}",17.0,15.5153,14847,13550.480349344978,7351899,5139349,SUB-ASP,HRB,淺水灣/壽臣山,1984/11,1984,42,D,11.0,blank,blank,blank,,True
1739,1997-11-12,"VILLA HELVETIA,REPULSE BAY RD|雲濤別墅,淺水灣道",8812.60411150106,0,1070,"{'bay_window': '', 'flat_roof': '', 'roof': '', 'ac_platform': '', 'plant_room': '', 'garden': '', 'yard': ''}",12.0,10.8785,11215,10166.822429906542,7355072,5140491,ASP,HRB,淺水灣/壽臣山,1969/00,1969,57,whole floor,2.0,blank,blank,blank,,True
1740,1997-11-07,"PARKVIEW HEIGHTS(Block 13,HONG KONG PARKVIEW),TAI TAM RESERVOIR RD|陽明山莊,13座(摘星樓),大潭水塘道",11138.007507014103,2700,2308,"{'bay_window': '', 'flat_roof': '', 'roof': '', 'ac_platform': '', 'plant_room': '', 'garden': '', 'yard': ''}",31.0,29.6568,13432,12849.566724436741,7358105,5139961,PRO-ASP,HRB,淺水灣/壽臣山,1989/11,1989,37,75,5.0,13,blank,HONG KONG PARKVIEW,陽明山莊,True
1744,1997-10-24,"SEA CLIFF MANSION(Block A),REPULSE BAY RD|海峰園A座,淺水灣道",12514.552408591917,0,1941,"{'bay_window': '', 'flat_roof': '', 'roof': '', 'ac_platform': '', 'plant_room': '', 'garden': '', 'yard': ''}",31.5,29.8771,16229,15392.632663575476,7362922,5143215,ASP,HRB,淺水灣/壽臣山,1964/05,1964,62,A1,9.0,A,blank,SEA CLIFF MANSION,海峰園,True
1745,1997-11-19,"37 REPULSE BAY RD(Block 1),REPULSE BAY RD|淺水灣道 37號1座,淺水灣道",13767.185745137713,1225,882,"{'bay_window': '56', 'flat_roof': '', 'roof': '', 'ac_platform': '', 'plant_room': '', 'garden': '', 'yard': ''}",15.8,14.0086,17914,15882.766439909297,7363069,5143233,ASP,HRB,淺水灣/壽臣山,1994/02,1994,32,A,14.0,1,blank,37 REPULSE BAY RD,淺水灣道 37號,True
1747,1997-11-12,"PARKVIEW RISE(Block 6,HONG KONG PARKVIEW),TAI TAM RESERVOIR RD|陽明山莊,6座(凌雲閣),大潭水塘道",12258.39115103561,2583,2087,"{'bay_window': '', 'flat_roof': '', 'roof': '', 'ac_platform': '', 'plant_room': '', 'garden': '', 'yard': ''}",31.0,29.5146,14854,14142.117872544322,7364342,5142845,PRO-ASP,HRB,淺水灣/壽臣山,1989/11,1989,37,45,7.0,6,blank,HONG KONG PARKVIEW,陽明山莊,True
1751,1997-12-02,"PARKVIEW HEIGHTS(Block 14,HONG KONG PARKVIEW),TAI TAM RESERVOIR RD|陽明山莊,14座(摘星樓),大潭水塘道",10905.951194787971,0,1837,"{'bay_window': '', 'flat_roof': '', 'roof': '', 'ac_platform': '', 'plant_room': '', 'garden': '', 'yard': ''}",22.2,22.2,12085,12084.921066956995,7368064,5144306,PRO-ASP,HRB,淺水灣/壽臣山,1988/00,1988,38,81,3.0,14,blank,HONG KONG PARKVIEW,陽明山莊,False
1752,1997-10-31,"3 REPULSE BAY RD,REPULSE BAY RD|淺水灣三號,淺水灣道",21951.786784837575,2078,1741,"{'bay_window': '', 'flat_roof': '', 'roof': '', 'ac_platform': '', 'plant_room': '', 'garden': '', 'yard': ''}",49.872,47.0074,28646,27000.22975301551,7368154,5144323,ASP,HRB,淺水灣/壽臣山,1997/07,1997,29,B,20.0,blank,blank,blank,,True
1753,1997-10-31,"3 REPULSE BAY RD,REPULSE BAY RD|淺水灣三號,淺水灣道",21951.786784837575,2078,1741,"{'bay_window': '', 'flat_roof': '', 'roof': '', 'ac_platform': '', 'plant_room': '', 'garden': '', 'yard': ''}",49.872,47.0074,28646,27000.22975301551,7368155,5144324,ASP,HRB,淺水灣/壽臣山,1997/07,1997,29,B,21.0,blank,blank,blank,,True
1754,1997-11-21,"37 REPULSE BAY RD(Block 1),REPULSE BAY RD|淺水灣道 37號1座,淺水灣道",11763.127868441625,1225,882,"{'bay_window': '56', 'flat_roof': '', 'roof': '', 'ac_platform': '', 'plant_room': '', 'garden': '', 'yard': ''}",13.5,11.9694,15306,13570.748299319728,7368666,5144386,ASP,HRB,淺水灣/壽臣山,1994/02,1994,32,A,1.0,1,blank,37 REPULSE BAY RD,淺水灣道 37號,True
1758,1997-11-26,"37 REPULSE BAY RD(Block 1),REPULSE BAY RD|淺水灣道 37號1座,淺水灣道",13026.077632625464,1745,1289,"{'bay_window': '44', 'flat_roof': '', 'roof': '', 'ac_platform': '', 'plant_room': '', 'garden': '', 'yard': ''}",21.0,19.3708,16292,15027.7734678045,7372291,5146059,ASP,HRB,淺水灣/壽臣山,1994/02,1994,32,B,3.0,1,blank,37 REPULSE BAY RD,淺水灣道 37號,True
1763,1997-12-09,"PARKVIEW HEIGHTS(Block 13,HONG KONG PARKVIEW),TAI TAM RESERVOIR RD|陽明山莊,13座(摘星樓),大潭水塘道",11551.112697137161,2700,2308,"{'bay_window': '', 'flat_roof': '', 'roof': '', 'ac_platform': '', 'plant_room': '', 'garden': '', 'yard': ''}",30.88,29.542,13380,12799.826689774696,7376247,5144945,ASP,HRB,淺水灣/壽臣山,1989/11,1989,37,73,8.0,13,blank,HONG KONG PARKVIEW,陽明山莊,True
1764,1997-12-02,"PARKVIEW CRESCENT(Block 10,HONG KONG PARKVIEW),TAI TAM RESERVOIR RD|陽明山莊,10座(環翠軒),大潭水塘道",11066.292741074534,2771,2342,"{'bay_window': '', 'flat_roof': '', 'roof': '', 'ac_platform': '', 'plant_room': '', 'garden': '', 'yard': ''}",30.0,28.719,12810,12262.59607173356,7376488,5144957,ASP,HRB,淺水灣/壽臣山,1989/11,1989,37,63,20.0,10,blank,HONG KONG PARKVIEW,陽明山莊,True
1765,1997-12-08,"PARKVIEW SUITE(Block 5,HONG KONG PARKVIEW),TAI TAM RESERVOIR RD|陽明山莊,5座(陽明居),大潭水塘道",10905.178539908908,1309,1048,"{'bay_window': '', 'flat_roof': '', 'roof': '', 'ac_platform': '', 'plant_room': '', 'garden': '', 'yard': ''}",14.0,12.6641,13359,12084.064885496184,7376698,5144975,ASP,HRB,淺水灣/壽臣山,1989/11,1989,37,41,3.0,5,blank,HONG KONG PARKVIEW,陽明山莊,True
1766,1997-11-20,"37 REPULSE BAY RD(Block 3),REPULSE BAY RD|淺水灣道 37號3座,淺水灣道",11309.974138084344,1220,882,"{'bay_window': '56', 'flat_roof': '', 'roof': '', 'ac_platform': '', 'plant_room': '', 'garden': '', 'yard': ''}",12.98,11.5083,14717,13047.959183673469,7379140,5147195,ASP,HRB,淺水灣/壽臣山,1994/02,1994,32,A,6.0,3,blank,37 REPULSE BAY RD,淺水灣道 37號,True
1767,1997-12-05,"PARKVIEW RISE(Block 7,HONG KONG PARKVIEW),TAI TAM RESERVOIR RD|陽明山莊,7座(凌雲閣),大潭水塘道",12502.611672656696,1924,1517,"{'bay_window': '', 'flat_roof': '', 'roof': '', 'ac_platform': '', 'plant_room': '', 'garden': '', 'yard': ''}",22.5,21.0168,14832,13854.185893210284,7379814,5146896,ASP,HRB,淺水灣/壽臣山,1988/00,1988,38,51,7.0,7,blank,HONG KONG PARKVIEW,陽明山莊,True
1769,1997-12-02,"37 REPULSE BAY RD(Block 2),REPULSE BAY RD|淺水灣道 37號2座,淺水灣道",12441.487672020778,1680,1255,"{'bay_window': '44', 'flat_roof': '', 'roof': '', 'ac_platform': '', 'plant_room': '', 'garden': '', 'yard': ''}",18.8,17.302,14980,13786.454183266933,7380271,5146959,ASP,HRB,淺水灣/壽臣山,1994/02,1994,32,B,1.0,2,blank,37 REPULSE BAY RD,淺水灣道 37號,True
1770,1997-12-08,"37 REPULSE BAY RD(Block 1),REPULSE BAY RD|淺水灣道 37號1座,淺水灣道",12246.82542890617,1225,882,"{'bay_window': '56', 'flat_roof': '', 'roof': '', 'ac_platform': '', 'plant_room': '', 'garden': '', 'yard': ''}",13.5,11.9694,15306,13570.748299319728,7380676,5146669,ASP,HRB,淺水灣/壽臣山,1994/02,1994,32,A,2.0,1,blank,37 REPULSE BAY RD,淺水灣道 37號,True
1773,1997-12-04,"3 REPULSE BAY RD,REPULSE BAY RD|淺水灣三號,淺水灣道",19928.863594381328,2161,1796,"{'bay_window': '28', 'flat_roof': '', 'roof': '', 'ac_platform': '', 'plant_room': '', 'garden': '20', 'yard': ''}",42.0,39.6615,23385,22083.24053452116,7382474,5148378,PRO-ASP,HRB,淺水灣/壽臣山,1997/07,1997,29,A,12.0,blank,blank,blank,,True
1775,1997-12-19,"PARKVIEW RISE(Block 7,HONG KONG PARKVIEW),TAI TAM RESERVOIR RD|陽明山莊,7座(凌雲閣),大潭水塘道",12613.736480451045,1924,1517,"{'bay_window': '', 'flat_roof': '', 'roof': '', 'ac_platform': '', 'plant_room': '', 'garden': '', 'yard': ''}",22.7,21.2036,14964,13977.323665128542,7384572,5149072,ASP,HRB,淺水灣/壽臣山,1988/00,1988,38,51,20.0,7,blank,HONG KONG PARKVIEW,陽明山莊,True
1776,1997-12-17,"RIDGE COURT,REPULSE BAY RD|冠園,淺水灣道",2954.204430701543,0,1880,"{'bay_window': '', 'flat_roof': '', 'roof': '', 'ac_platform': '', 'plant_room': '', 'garden': '', 'yard': ''}",6.5,6.1543,3457,3273.563829787234,7384656,5149084,MEM-ASP,HRB,淺水灣/壽臣山,1969/00,1969,57,A,2.0,blank,blank,blank,,True
1778,1997-12-11,"PARKVIEW TERR(Block 11,HONG KONG PARKVIEW),TAI TAM RESERVOIR RD|陽明山莊,11座(涵碧苑),大潭水塘道",13405.967630474592,2490,2049,"{'bay_window': '', 'flat_roof': '', 'roof': '', 'ac_platform': '', 'plant_room': '', 'garden': '', 'yard': ''}",32.0,30.4383,15617,14855.19765739385,7386704,5148873,ASP,HRB,淺水灣/壽臣山,1989/11,1989,37,67,22.0,11,blank,HONG KONG PARKVIEW,陽明山莊,True
1780,1997-12-12,"37 REPULSE BAY RD(Block 3),REPULSE BAY RD|淺水灣道 37號3座,淺水灣道",11611.841230769323,1220,882,"{'bay_window': '56', 'flat_roof': '', 'roof': '', 'ac_platform': '', 'plant_room': '', 'garden': '', 'yard': ''}",12.8,11.3488,14512,12867.120181405895,7387405,5150478,ASP,HRB,淺水灣/壽臣山,1994/02,1994,32,A,9.0,3,blank,37 REPULSE BAY RD,淺水灣道 37號,True
1781,1997-12-01,"REPULSE BAY GARDEN(Block 3),BELLEVIEW DR|淺水灣新村3座,麗景道",8135.015642254337,2810,2625,"{'bay_window': '', 'flat_roof': '', 'roof': '', 'ac_platform': '', 'plant_room': '', 'garden': '', 'yard': ''}",24.6,23.6629,9371,9014.438095238096,7389237,5150266,ASP,HRB,淺水灣/壽臣山,1973/11,1973,53,whole floor,20.0,3,blank,REPULSE BAY GARDEN,淺水灣新村,True
1785,1997-12-08,"PARKVIEW CRESCENT(Block 10,HONG KONG PARKVIEW),TAI TAM RESERVOIR RD|陽明山莊,10座(環翠軒),大潭水塘道",11140.083439215688,2771,2342,"{'bay_window': '', 'flat_roof': '', 'roof': '', 'ac_platform': '', 'plant_room': '', 'garden': '', 'yard': ''}",30.2,28.9105,12895,12344.363791631085,7393809,5151922,ASP,HRB,淺水灣/壽臣山,1989/11,1989,37,61,8.0,10,blank,HONG KONG PARKVIEW,陽明山莊,True
1789,1997-12-23,"37 REPULSE BAY RD(Block 2),REPULSE BAY RD|淺水灣道 37號2座,淺水灣道",11737.197673752804,1635,1211,"{'bay_window': '32', 'flat_roof': '', 'roof': '', 'ac_platform': '', 'plant_room': '', 'garden': '', 'yard': ''}",17.168,15.7503,14177,13006.028075970273,7396576,5151249,ASP,HRB,淺水灣/壽臣山,1994/02,1994,32,A,8.0,2,blank,37 REPULSE BAY RD,淺水灣道 37號,True
1791,1997-12-23,"37 REPULSE BAY RD(Block 3),REPULSE BAY RD|淺水灣道 37號3座,淺水灣道",14207.559713278937,1740,1289,"{'bay_window': '44', 'flat_roof': '', 'roof': '', 'ac_platform': '', 'plant_room': '', 'garden': '', 'yard': ''}",22.0,20.2933,17067,15743.44453064391,7396977,5151288,ASP,HRB,淺水灣/壽臣山,1994/02,1994,32,B,23.0,3,blank,37 REPULSE BAY RD,淺水灣道 37號,True
1793,1997-11-08,"37 REPULSE BAY RD(Block 3),REPULSE BAY RD|淺水灣道 37號3座,淺水灣道",12024.543813518694,1220,882,"{'bay_window': '56', 'flat_roof': '', 'roof': '', 'ac_platform': '', 'plant_room': '', 'garden': '', 'yard': ''}",13.8,12.2354,15646,13872.33560090703,7398700,5153399,PRO-ASP,HRB,淺水灣/壽臣山,1994/02,1994,32,A,8.0,3,blank,37 REPULSE BAY RD,淺水灣道 37號,True
1805,1997-11-28,"SOUTH BAY TOWERS,SOUTH BAY RD|南灣大廈,南灣道",8824.43556532838,2738,2161,"{'bay_window': '107', 'flat_roof': '', 'roof': '', 'ac_platform': '', 'plant_room': '', 'garden': '', 'yard': ''}",22.0,22.0,10180,10180.47200370199,7411834,5154080,ASP,HRB,淺水灣/壽臣山,1984/11,1984,42,B,4.0,blank,blank,blank,,False
1806,1998-01-20,"REPULSE BAY GARDEN(Block 11),BELLEVIEW DR|淺水灣新村11座,麗景道",10204.622539062013,1728,1459,"{'bay_window': '', 'flat_roof': '', 'roof': '', 'ac_platform': '', 'plant_room': '', 'garden': '', 'yard': ''}",15.0,15.0,10281,10281.014393420151,7412356,5159098,ASP,HRB,淺水灣/壽臣山,1976/12,1976,50,whole floor,18.0,11,blank,REPULSE BAY GARDEN,淺水灣新村,False
1813,1998-01-27,"REPULSE BAY GARDEN(Block 12),BELLEVIEW DR|淺水灣新村12座,麗景道",8871.49065055895,1728,1459,"{'bay_window': '', 'flat_roof': '', 'roof': '', 'ac_platform': '', 'plant_room': '', 'garden': '', 'yard': ''}",14.0,13.0404,9596,8937.902673063742,7417823,5159881,ASP,HRB,淺水灣/壽臣山,1976/12,1976,50,whole floor,7.0,12,blank,REPULSE BAY GARDEN,淺水灣新村,True
1827,1998-02-11,"REPULSE BAY GARDEN(Block 11),BELLEVIEW DR|淺水灣新村11座,麗景道",9479.617270351764,1728,1459,"{'bay_window': '', 'flat_roof': '', 'roof': '', 'ac_platform': '', 'plant_room': '', 'garden': '', 'yard': ''}",13.5,13.5,9253,9252.912954078136,7426450,5163458,ASP,HRB,淺水灣/壽臣山,1976/12,1976,50,whole floor,13.0,11,blank,REPULSE BAY GARDEN,淺水灣新村,False
1828,1998-02-23,"SPLENDOUR VILLA,SOUTH BAY RD|雅景閣,南灣道",10775.483723794796,0,1203,"{'bay_window': '', 'flat_roof': '', 'roof': '', 'ac_platform': '', 'plant_room': '', 'garden': '', 'yard': ''}",13.8,12.6529,11471,10517.788861180383,7427435,5163194,PRO-ASP,HRB,淺水灣/壽臣山,1993/08,1993,33,I,1.0,blank,blank,blank,,True
1831,1998-02-03,"PARKVIEW SUITE(Block 5,HONG KONG PARKVIEW),TAI TAM RESERVOIR RD|陽明山莊,5座(陽明居),大潭水塘道",9679.02353397334,1299,1041,"{'bay_window': '', 'flat_roof': '', 'roof': '', 'ac_platform': '', 'plant_room': '', 'garden': '', 'yard': ''}",10.88,9.8349,10451,9447.550432276657,7428926,5163967,ASP,HRB,淺水灣/壽臣山,1989/11,1989,37,35,10.0,5,blank,HONG KONG PARKVIEW,陽明山莊,True
1833,1998-02-21,"PARKVIEW RISE(Block 7,HONG KONG PARKVIEW),TAI TAM RESERVOIR RD|陽明山莊,7座(凌雲閣),大潭水塘道",8754.170348476697,2092,1649,"{'bay_window': '', 'flat_roof': '', 'roof': '', 'ac_platform': '', 'plant_room': '', 'garden': '', 'yard': ''}",15.0,14.0904,9096,8544.815039417828,7429756,5164203,ASP,HRB,淺水灣/壽臣山,1988/00,1988,38,49,18.0,7,blank,HONG KONG PARKVIEW,陽明山莊,True
1836,1998-02-23,"37 REPULSE BAY RD(Block 2),REPULSE BAY RD|淺水灣道 37號2座,淺水灣道",14591.396380589154,1635,1211,"{'bay_window': '32', 'flat_roof': '', 'roof': '', 'ac_platform': '', 'plant_room': '', 'garden': '', 'yard': ''}",18.8,17.247600000000002,15524,14242.444260941375,7431483,5165669,ASP,HRB,淺水灣/壽臣山,1994/02,1994,32,A,20.0,2,blank,37 REPULSE BAY RD,淺水灣道 37號,True
1837,1998-02-24,"PARKVIEW HEIGHTS(Block 13,HONG KONG PARKVIEW),TAI TAM RESERVOIR RD|陽明山莊,13座(摘星樓),大潭水塘道",10191.786037404716,2700,2308,"{'bay_window': '', 'flat_roof': '', 'roof': '', 'ac_platform': '', 'plant_room': '', 'garden': '', 'yard': ''}",24.0,22.9601,10399,9948.050259965337,7431823,5165081,ASP,HRB,淺水灣/壽臣山,1989/11,1989,37,73,7.0,13,blank,HONG KONG PARKVIEW,陽明山莊,True
1839,1998-02-28,"REPULSE BAY GARDEN(Block 12),BELLEVIEW DR|淺水灣新村12座,麗景道",10392.469303793045,1728,1459,"{'bay_window': '', 'flat_roof': '', 'roof': '', 'ac_platform': '', 'plant_room': '', 'garden': '', 'yard': ''}",14.8,14.8,10144,10143.934201507882,7435022,5167372,ASP,HRB,淺水灣/壽臣山,1976/12,1976,50,whole floor,6.0,12,blank,REPULSE BAY GARDEN,淺水灣新村,False
1841,1998-02-27,"SOUTH BAY TOWERS,SOUTH BAY RD|南灣大廈,南灣道",9534.921877734847,2738,2161,"{'bay_window': '', 'flat_roof': '', 'roof': '', 'ac_platform': '', 'plant_room': '', 'garden': '', 'yard': ''}",21.088,20.1122,9758,9306.89495603887,7435240,5167715,ASP,HRB,淺水灣/壽臣山,1984/11,1984,42,B,21.0,blank,blank,blank,,True
1842,1998-02-28,"37 REPULSE BAY RD(Block 2),REPULSE BAY RD|淺水灣道 37號2座,淺水灣道",15401.39080290173,1680,1255,"{'bay_window': '44', 'flat_roof': '', 'roof': '', 'ac_platform': '', 'plant_room': '', 'garden': '', 'yard': ''}",20.5,18.8665,16335,15033.067729083665,7435549,5167787,ASP,HRB,淺水灣/壽臣山,1994/02,1994,32,B,19.0,2,blank,37 REPULSE BAY RD,淺水灣道 37號,True
1844,1998-03-06,"MING WAI GARDEN,REPULSE BAY RD|明慧園,淺水灣道",10159.194030710176,0,1630,"{'bay_window': '', 'flat_roof': '', 'roof': '', 'ac_platform': '', 'plant_room': '', 'garden': '', 'yard': ''}",16.889,15.8529,10361,9725.705521472393,7437572,5169539,ASP,HRB,淺水灣/壽臣山,1973/12,1973,53,B,18.0,blank,blank,blank,,True
1846,1998-03-05,"37 REPULSE BAY RD(Block 1),REPULSE BAY RD|淺水灣道 37號1座,淺水灣道",13125.596528036713,1225,882,"{'bay_window': '56', 'flat_roof': '', 'roof': '', 'ac_platform': '', 'plant_room': '', 'garden': '', 'yard': ''}",12.5,11.0828,14172,12565.532879818595,7437868,5168962,ASP,HRB,淺水灣/壽臣山,1994/02,1994,32,A,3.0,1,blank,37 REPULSE BAY RD,淺水灣道 37號,True
1853,1998-03-02,"PARKVIEW HEIGHTS(Block 13,HONG KONG PARKVIEW),TAI TAM RESERVOIR RD|陽明山莊,13座(摘星樓),大潭水塘道",10045.08395187682,2700,2308,"{'bay_window': '', 'flat_roof': '', 'roof': '', 'ac_platform': '', 'plant_room': '', 'garden': '', 'yard': ''}",23.2,22.1948,10052,9616.464471403813,7440122,5170749,ASP,HRB,淺水灣/壽臣山,1989/11,1989,37,73,3.0,13,blank,HONG KONG PARKVIEW,陽明山莊,True
1854,1998-02-26,"PARKVIEW SUITE(Block 5,HONG KONG PARKVIEW),TAI TAM RESERVOIR RD|陽明山莊,5座(陽明居),大潭水塘道",11466.513849024519,1213,1051,"{'bay_window': '', 'flat_roof': '', 'roof': '', 'ac_platform': '', 'plant_room': '', 'garden': '', 'yard': ''}",13.0,11.7631,12369,11192.293054234064,7440669,5170869,ASP,HRB,淺水灣/壽臣山,1989/11,1989,37,39,1.0,5,blank,HONG KONG PARKVIEW,陽明山莊,True
1855,1998-03-05,"SPLENDOUR VILLA,SOUTH BAY RD|雅景閣,南灣道",12769.030682114248,0,1344,"{'bay_window': '', 'flat_roof': '', 'roof': '', 'ac_platform': '', 'plant_room': '', 'garden': '', 'yard': ''}",17.75,16.4293,13207,12224.18154761905,7441467,5171596,PRO-ASP,HRB,淺水灣/壽臣山,1993/08,1993,33,F,2.0,blank,blank,blank,,True
1856,1998-03-06,"SOUTH BAY TOWERS,SOUTH BAY RD|南灣大廈,南灣道",9991.394057592466,1433,1145,"{'bay_window': '', 'flat_roof': '', 'roof': '', 'ac_platform': '', 'plant_room': '', 'garden': '', 'yard': ''}",12.0,10.952,10480,9565.065502183406,7441641,5171642,ASP,HRB,淺水灣/壽臣山,1984/11,1984,42,A,18.0,blank,blank,blank,,True
1857,1998-02-26,"SOUTH BAY TOWERS,SOUTH BAY RD|南灣大廈,南灣道",9178.598487787178,2738,2161,"{'bay_window': '107', 'flat_roof': '', 'roof': '', 'ac_platform': '', 'plant_room': '', 'garden': '', 'yard': ''}",20.3,19.3606,9394,8959.093012494215,7441819,5171913,ASP,HRB,淺水灣/壽臣山,1984/11,1984,42,B,9.0,blank,blank,blank,,True
1858,1998-03-09,"3 REPULSE BAY RD,REPULSE BAY RD|淺水灣三號,淺水灣道",17531.160344914184,2078,1741,"{'bay_window': '', 'flat_roof': '', 'roof': '', 'ac_platform': '', 'plant_room': '', 'garden': '', 'yard': ''}",31.0,29.2194,17806,16783.113153360136,7442368,5172090,ASP,HRB,淺水灣/壽臣山,1997/07,1997,29,B,2.0,blank,blank,blank,,True
1866,1998-03-05,"REPULSE BAY GARDEN(Block 12),BELLEVIEW DR|淺水灣新村12座,麗景道",9002.859657152398,1728,1459,"{'bay_window': '', 'flat_roof': '', 'roof': '', 'ac_platform': '', 'plant_room': '', 'garden': '', 'yard': ''}",13.5,12.5747,9253,8618.711446196025,7444735,5174778,ASP,HRB,淺水灣/壽臣山,1976/12,1976,50,whole floor,2.0,12,blank,REPULSE BAY GARDEN,淺水灣新村,True
1867,1998-03-13,"PARKVIEW HEIGHTS(Block 13,HONG KONG PARKVIEW),TAI TAM RESERVOIR RD|陽明山莊,13座(摘星樓),大潭水塘道",11040.911723215806,2700,2308,"{'bay_window': '', 'flat_roof': '', 'roof': '', 'ac_platform': '', 'plant_room': '', 'garden': '', 'yard': ''}",25.5,24.3951,11049,10569.8006932409,7444877,5175230,ASP,HRB,淺水灣/壽臣山,1989/11,1989,37,73,5.0,13,blank,HONG KONG PARKVIEW,陽明山莊,True
1868,1998-02-19,"37 REPULSE BAY RD(Block 2),REPULSE BAY RD|淺水灣道 37號2座,淺水灣道",14591.396380589154,1635,1211,"{'bay_window': '32', 'flat_roof': '', 'roof': '', 'ac_platform': '', 'plant_room': '', 'garden': '', 'yard': ''}",18.8,17.247600000000002,15524,14242.444260941375,7445270,5175372,PRO-ASP,HRB,淺水灣/壽臣山,1994/02,1994,32,A,8.0,2,blank,37 REPULSE BAY RD,淺水灣道 37號,True
1869,1998-03-11,"37 REPULSE BAY RD(Block 1),REPULSE BAY RD|淺水灣道 37號1座,淺水灣道",15159.313130153925,1225,882,"{'bay_window': '56', 'flat_roof': '', 'roof': '', 'ac_platform': '', 'plant_room': '', 'garden': '', 'yard': ''}",12.8,12.8,14512,14512.471655328798,7445609,5175548,ASP,HRB,淺水灣/壽臣山,1994/02,1994,32,A,12.0,1,blank,37 REPULSE BAY RD,淺水灣道 37號,False
1871,1998-03-18,"37 REPULSE BAY RD(Block 1),REPULSE BAY RD|淺水灣道 37號1座,淺水灣道",13808.120915295127,1225,882,"{'bay_window': '56', 'flat_roof': '', 'roof': '', 'ac_platform': '', 'plant_room': '', 'garden': '', 'yard': ''}",13.15,11.6591,14909,13218.934240362812,7446856,5176396,ASP,HRB,淺水灣/壽臣山,1994/02,1994,32,A,7.0,1,blank,37 REPULSE BAY RD,淺水灣道 37號,True
1872,1998-03-14,"PARKVIEW SUITE(Block 5,HONG KONG PARKVIEW),TAI TAM RESERVOIR RD|陽明山莊,5座(陽明居),大潭水塘道",14709.473854943008,1213,1051,"{'bay_window': '', 'flat_roof': '', 'roof': '', 'ac_platform': '', 'plant_room': '', 'garden': '', 'yard': ''}",14.8,14.8,14082,14081.826831588964,7446958,5176429,ASP,HRB,淺水灣/壽臣山,1989/11,1989,37,39,18.0,5,blank,HONG KONG PARKVIEW,陽明山莊,False
1878,1998-03-06,"PARKVIEW SUITE(Block 5,HONG KONG PARKVIEW),TAI TAM RESERVOIR RD|陽明山莊,5座(陽明居),大潭水塘道",12923.16511598313,1263,1012,"{'bay_window': '', 'flat_roof': '', 'roof': '', 'ac_platform': '', 'plant_room': '', 'garden': '', 'yard': ''}",13.893,12.5202,13728,12371.739130434782,7449697,5178018,ASP,HRB,淺水灣/壽臣山,1989/11,1989,37,37,19.0,5,blank,HONG KONG PARKVIEW,陽明山莊,True
1879,1998-03-18,"THE BEACHSIDE(Block A),REPULSE BAY RD|THE BEACHSIDEA座,淺水灣道",11177.839962931002,917,677,"{'bay_window': '23', 'flat_roof': '', 'roof': '', 'ac_platform': '', 'plant_room': '', 'garden': '', 'yard': ''}",8.5,7.2445,12555,10700.886262924667,7450146,5178123,ASP,HRB,淺水灣/壽臣山,1993/12,1993,33,D,3.0,A,blank,THE BEACHSIDE,THE BEACHSIDE,True
1882,1998-03-20,"SPLENDOUR VILLA,SOUTH BAY RD|雅景閣,南灣道",12101.138487158414,0,1203,"{'bay_window': '', 'flat_roof': '', 'roof': '', 'ac_platform': '', 'plant_room': '', 'garden': '', 'yard': ''}",15.2,13.9365,12635,11584.788029925186,7452490,5181198,ASP,HRB,淺水灣/壽臣山,1993/08,1993,33,I,1.0,blank,blank,blank,,True
1886,1998-03-21,"37 REPULSE BAY RD(Block 1),REPULSE BAY RD|淺水灣道 37號1座,淺水灣道",14950.094175050457,1745,1289,"{'bay_window': '44', 'flat_roof': '', 'roof': '', 'ac_platform': '', 'plant_room': '', 'garden': '', 'yard': ''}",20.0,18.4484,15516,14312.179984484097,7454122,5181807,ASP,HRB,淺水灣/壽臣山,1994/02,1994,32,B,5.0,1,blank,37 REPULSE BAY RD,淺水灣道 37號,True
1888,1998-02-28,"37 REPULSE BAY RD(Block 1),REPULSE BAY RD|淺水灣道 37號1座,淺水灣道",13182.375679605579,1225,882,"{'bay_window': '56', 'flat_roof': '', 'roof': '', 'ac_platform': '', 'plant_room': '', 'garden': '', 'yard': ''}",12.8,11.3488,14512,12867.120181405895,7454854,5182213,PRO-ASP,HRB,淺水灣/壽臣山,1994/02,1994,32,A,17.0,1,blank,37 REPULSE BAY RD,淺水灣道 37號,True
1889,1998-03-25,"SOUTH BAY TOWERS,SOUTH BAY RD|南灣大廈,南灣道",7909.823219279032,1433,1145,"{'bay_window': '', 'flat_roof': '', 'roof': '', 'ac_platform': '', 'plant_room': '', 'garden': '', 'yard': ''}",9.5,8.6703,8297,7572.31441048035,7454969,5182248,ASP,HRB,淺水灣/壽臣山,1984/11,1984,42,A,6.0,blank,blank,blank,,True
1892,1998-03-26,"MANHATTAN TOWER,REPULSE BAY RD|MANHATTAN TOWER,淺水灣道",10762.116402364429,2243,1999,"{'bay_window': '', 'flat_roof': '', 'roof': '', 'ac_platform': '', 'plant_room': '', 'garden': '', 'yard': ''}",21.68,20.5955,10845,10302.901450725363,7458707,5182993,ASP,HRB,淺水灣/壽臣山,1978/07,1978,48,A,12.0,blank,blank,blank,,True
1893,1998-03-31,"RUBY COURT(Block 2),SOUTH BAY RD|嘉麟閣2座,南灣道",9197.530542762403,1780,1517,"{'bay_window': '50', 'flat_roof': '', 'roof': '', 'ac_platform': '', 'plant_room': '', 'garden': '', 'yard': ''}",14.3,13.3573,9427,8805.075807514831,7458883,5183643,ASP,HRB,淺水灣/壽臣山,1987/05,1987,39,A,4.0,2,blank,RUBY COURT,嘉麟閣,True
1896,1998-03-31,"RUBY COURT(Block 2),SOUTH BAY RD|嘉麟閣2座,南灣道",8381.360137640388,1780,1517,"{'bay_window': '50', 'flat_roof': '', 'roof': '', 'ac_platform': '', 'plant_room': '', 'garden': '', 'yard': ''}",13.031,12.172,8590,8023.731048121292,7460839,5184478,ASP,HRB,淺水灣/壽臣山,1987/05,1987,39,B,2.0,2,blank,RUBY COURT,嘉麟閣,True
1900,1998-04-03,"37 REPULSE BAY RD(Block 2),REPULSE BAY RD|淺水灣道 37號2座,淺水灣道",16162.317029102793,1635,1211,"{'bay_window': '32', 'flat_roof': '', 'roof': '', 'ac_platform': '', 'plant_room': '', 'garden': '', 'yard': ''}",20.25,18.5778,16722,15340.875309661436,7464556,5185376,ASP,HRB,淺水灣/壽臣山,1994/02,1994,32,A,10.0,2,blank,37 REPULSE BAY RD,淺水灣道 37號,True
1901,1998-03-16,"PARKVIEW SUITE(Block 5,HONG KONG PARKVIEW),TAI TAM RESERVOIR RD|陽明山莊,5座(陽明居),大潭水塘道",12445.985898948338,1263,1012,"{'bay_window': '', 'flat_roof': '', 'roof': '', 'ac_platform': '', 'plant_room': '', 'garden': '', 'yard': ''}",13.38,12.0579,13221,11914.9209486166,7465602,5186059,ASP,HRB,淺水灣/壽臣山,1989/11,1989,37,37,1.0,5,blank,HONG KONG PARKVIEW,陽明山莊,True
1903,1998-03-09,"37 REPULSE BAY RD(Block 1),REPULSE BAY RD|淺水灣道 37號1座,淺水灣道",15383.643988782382,1745,1289,"{'bay_window': '44', 'flat_roof': '', 'roof': '', 'ac_platform': '', 'plant_room': '', 'garden': '', 'yard': ''}",20.58,18.9834,15966,14727.230411171451,7467346,5186496,PRO-ASP,HRB,淺水灣/壽臣山,1994/02,1994,32,B,14.0,1,blank,37 REPULSE BAY RD,淺水灣道 37號,True
1904,1998-04-03,"MING WAI GARDEN,REPULSE BAY RD|明慧園,淺水灣道",10799.169145839287,0,1630,"{'bay_window': '', 'flat_roof': '', 'roof': '', 'ac_platform': '', 'plant_room': '', 'garden': '', 'yard': ''}",17.8,16.708000000000002,10920,10250.306748466259,7467990,5186570,ASP,HRB,淺水灣/壽臣山,1973/12,1973,53,A,18.0,blank,blank,blank,,True
1909,1998-04-21,"MING WAI GARDEN,REPULSE BAY RD|明慧園,淺水灣道",9585.781532870404,0,1630,"{'bay_window': '', 'flat_roof': '', 'roof': '', 'ac_platform': '', 'plant_room': '', 'garden': '', 'yard': ''}",15.8,14.8307,9693,9098.588957055215,7470623,5187234,ASP,HRB,淺水灣/壽臣山,1973/12,1973,53,B,10.0,blank,blank,blank,,True
1910,1998-04-03,"RIDGE COURT,REPULSE BAY RD|冠園,淺水灣道",9444.479031617977,0,1880,"{'bay_window': '', 'flat_roof': '', 'roof': '', 'ac_platform': '', 'plant_room': '', 'garden': '', 'yard': ''}",17.8,16.8532,9468,8964.468085106382,7470847,5187263,ASP,HRB,淺水灣/壽臣山,1969/00,1969,57,D,7.0,blank,blank,blank,,True
1912,1998-04-15,"PARKVIEW SUITE(Block 3,HONG KONG PARKVIEW),TAI TAM RESERVOIR RD|陽明山莊,3座(陽明居),大潭水塘道",11490.796796621695,1290,1091,"{'bay_window': '', 'flat_roof': '', 'roof': '', 'ac_platform': '', 'plant_room': '', 'garden': '', 'yard': ''}",13.1,11.8993,12007,10906.782768102657,7472485,5188338,ASP,HRB,淺水灣/壽臣山,1989/11,1989,37,21,8.0,3,blank,HONG KONG PARKVIEW,陽明山莊,True
1915,1998-04-17,"SPLENDOUR VILLA,SOUTH BAY RD|雅景閣,南灣道",9104.233802831006,780,607,"{'bay_window': '', 'flat_roof': '', 'roof': '', 'ac_platform': '', 'plant_room': '', 'garden': '', 'yard': ''}",6.28,5.2454,10346,8641.51565074135,7473586,5189144,ASP,HRB,淺水灣/壽臣山,1993/08,1993,33,B,1.0,blank,blank,blank,,True
1916,1998-04-16,"SEA CLIFF MANSION(Block A),REPULSE BAY RD|海峰園A座,淺水灣道",8880.670441715276,0,1941,"{'bay_window': '', 'flat_roof': '', 'roof': '', 'ac_platform': '', 'plant_room': '', 'garden': '', 'yard': ''}",17.25,16.3613,8887,8429.314786192685,7473594,5189146,ASP,HRB,淺水灣/壽臣山,1964/05,1964,62,A2,3.0,A,blank,SEA CLIFF MANSION,海峰園,True
1920,1998-04-16,"REPULSE BAY GARDEN(Block 7),BELLEVIEW DR|淺水灣新村7座,麗景道",8942.158479563734,2288,2110,"{'bay_window': '', 'flat_roof': '', 'roof': '', 'ac_platform': '', 'plant_room': '', 'garden': '', 'yard': ''}",18.8,17.909,8910,8487.677725118483,7475939,5189804,ASP,HRB,淺水灣/壽臣山,1973/11,1973,53,whole floor,12.0,7,blank,REPULSE BAY GARDEN,淺水灣新村,True
1921,1998-03-30,"MING WAI GARDEN,REPULSE BAY RD|明慧園,淺水灣道",10827.463403205089,0,1630,"{'bay_window': '', 'flat_roof': '', 'roof': '', 'ac_platform': '', 'plant_room': '', 'garden': '', 'yard': ''}",18.0,16.8957,11043,10365.460122699387,7476022,5189817,ASP,HRB,淺水灣/壽臣山,1973/12,1973,53,B,17.0,blank,blank,blank,,True
1925,1998-04-23,"PARKVIEW HEIGHTS(Block 13,HONG KONG PARKVIEW),TAI TAM RESERVOIR RD|陽明山莊,13座(摘星樓),大潭水塘道",10306.080438692386,2700,2308,"{'bay_window': '', 'flat_roof': '', 'roof': '', 'ac_platform': '', 'plant_room': '', 'garden': '', 'yard': ''}",23.6,22.5775,10225,9782.279029462738,7480111,5191980,SUB-ASP,HRB,淺水灣/壽臣山,1989/11,1989,37,73,7.0,13,blank,HONG KONG PARKVIEW,陽明山莊,True
1928,1998-04-21,"PARKVIEW SUITE(Block 5,HONG KONG PARKVIEW),TAI TAM RESERVOIR RD|陽明山莊,5座(陽明居),大潭水塘道",13448.04342864201,1299,1041,"{'bay_window': '', 'flat_roof': '', 'roof': '', 'ac_platform': '', 'plant_room': '', 'garden': '', 'yard': ''}",14.7,13.2879,14121,12764.553314121038,7483328,5192745,ASP,HRB,淺水灣/壽臣山,1989/11,1989,37,35,12.0,5,blank,HONG KONG PARKVIEW,陽明山莊,True
1930,1998-05-05,"PARKVIEW SUITE(Block 3,HONG KONG PARKVIEW),TAI TAM RESERVOIR RD|陽明山莊,3座(陽明居),大潭水塘道",12488.707006635866,1235,1012,"{'bay_window': '', 'flat_roof': '', 'roof': '', 'ac_platform': '', 'plant_room': '', 'garden': '', 'yard': ''}",12.6,11.3549,12451,11220.256916996048,7483941,5193017,ASP,HRB,淺水灣/壽臣山,1989/11,1989,37,25,17.0,3,blank,HONG KONG PARKVIEW,陽明山莊,True
1931,1998-05-01,"REPULSE BAY GARDEN(Block 5),BELLEVIEW DR|淺水灣新村5座,麗景道",9547.700733587513,2288,2110,"{'bay_window': '', 'flat_roof': '', 'roof': '', 'ac_platform': '', 'plant_room': '', 'garden': '', 'yard': ''}",19.0,18.0995,9005,8577.962085308056,7484203,5193052,ASP,HRB,淺水灣/壽臣山,1973/11,1973,53,whole floor,20.0,5,blank,REPULSE BAY GARDEN,淺水灣新村,True
1941,1998-05-16,"PINE CREST,REPULSE BAY RD|松苑,淺水灣道",10715.657028343376,2250,1920,"{'bay_window': '', 'flat_roof': '', 'roof': '', 'ac_platform': '', 'plant_room': '', 'garden': '', 'yard': ''}",19.5,18.4844,10156,9627.291666666666,7498982,5199957,ASP,HRB,淺水灣/壽臣山,1982/11,1982,44,A,2.0,blank,blank,blank,,True
1943,1998-05-12,"REPULSE BAY GARDEN(Block 3),BELLEVIEW DR|淺水灣新村3座,麗景道",9380.91263964637,2810,2625,"{'bay_window': '', 'flat_roof': '', 'roof': '', 'ac_platform': '', 'plant_room': '', 'garden': '', 'yard': ''}",23.0,22.1238,8762,8428.114285714286,7499752,5200246,ASP,HRB,淺水灣/壽臣山,1973/11,1973,53,whole floor,16.0,3,blank,REPULSE BAY GARDEN,淺水灣新村,True
1950,1998-06-02,"PARKVIEW RISE(Block 6,HONG KONG PARKVIEW),TAI TAM RESERVOIR RD|陽明山莊,6座(凌雲閣),大潭水塘道",13997.239213989486,2722,2199,"{'bay_window': '', 'flat_roof': '', 'roof': '', 'ac_platform': '', 'plant_room': '', 'garden': '', 'yard': ''}",26.0,24.8176,11824,11285.857207821737,7506702,5202612,ASP,HRB,淺水灣/壽臣山,1989/11,1989,37,43,5.0,6,blank,HONG KONG PARKVIEW,陽明山莊,True
1952,1998-06-08,"PARKVIEW RISE(Block 7,HONG KONG PARKVIEW),TAI TAM RESERVOIR RD|陽明山莊,7座(凌雲閣),大潭水塘道",12508.906914146028,1924,1517,"{'bay_window': '', 'flat_roof': '', 'roof': '', 'ac_platform': '', 'plant_room': '', 'garden': '', 'yard': ''}",16.38,15.300199999999998,10798,10085.827290705338,7509233,5204084,ASP,HRB,淺水灣/壽臣山,1988/00,1988,38,51,16.0,7,blank,HONG KONG PARKVIEW,陽明山莊,True
1953,1998-06-12,"PARKVIEW SUITE(Block 5,HONG KONG PARKVIEW),TAI TAM RESERVOIR RD|陽明山莊,5座(陽明居),大潭水塘道",11597.720192067747,1309,1048,"{'bay_window': '', 'flat_roof': '', 'roof': '', 'ac_platform': '', 'plant_room': '', 'garden': '', 'yard': ''}",9.8,9.8,9351,9351.145038167939,7509487,5204514,ASP,HRB,淺水灣/壽臣山,1989/11,1989,37,41,16.0,5,blank,HONG KONG PARKVIEW,陽明山莊,False
1963,1998-06-19,"RUBY COURT(Block 2),SOUTH BAY RD|嘉麟閣2座,南灣道",9927.690922894813,1780,1517,"{'bay_window': '50', 'flat_roof': '', 'roof': '', 'ac_platform': '', 'plant_room': '', 'garden': '', 'yard': ''}",13.0,12.143,8570,8004.614370468029,7518300,5207818,ASP,HRB,淺水灣/壽臣山,1987/05,1987,39,B,17.0,2,blank,RUBY COURT,嘉麟閣,True
1964,1998-06-12,"PARKVIEW RISE(Block 6,HONG KONG PARKVIEW),TAI TAM RESERVOIR RD|陽明山莊,6座(凌雲閣),大潭水塘道",11587.534548717857,2583,2087,"{'bay_window': '', 'flat_roof': '', 'roof': '', 'ac_platform': '', 'plant_room': '', 'garden': '', 'yard': ''}",20.48,19.4987,9813,9342.932438907523,7519386,5208124,ASP,HRB,淺水灣/壽臣山,1989/11,1989,37,45,11.0,6,blank,HONG KONG PARKVIEW,陽明山莊,True
1966,1998-06-26,"PARKVIEW RISE(Block 7,HONG KONG PARKVIEW),TAI TAM RESERVOIR RD|陽明山莊,7座(凌雲閣),大潭水塘道",10309.575500847886,1924,1517,"{'bay_window': '', 'flat_roof': '', 'roof': '', 'ac_platform': '', 'plant_room': '', 'garden': '', 'yard': ''}",13.5,12.6101,8899,8312.524719841793,7525465,5211156,ASP,HRB,淺水灣/壽臣山,1988/00,1988,38,51,5.0,7,blank,HONG KONG PARKVIEW,陽明山莊,True
1968,1998-06-25,"3 REPULSE BAY RD,REPULSE BAY RD|淺水灣三號,淺水灣道",20398.04138625517,2161,1796,"{'bay_window': '', 'flat_roof': '', 'roof': '', 'ac_platform': '', 'plant_room': '', 'garden': '', 'yard': ''}",31.28,29.538400000000003,17416,16446.770601336306,7525834,5210533,ASP,HRB,淺水灣/壽臣山,1997/07,1997,29,A,10.0,blank,blank,blank,,True
1976,1998-05-27,"MANHATTAN TOWER,REPULSE BAY RD|MANHATTAN TOWER,淺水灣道",7934.225781575653,2243,1999,"{'bay_window': '', 'flat_roof': '', 'roof': '', 'ac_platform': '', 'plant_room': '', 'garden': '', 'yard': ''}",15.0,14.2496,7504,7128.364182091045,7535886,5216394,ASP,HRB,淺水灣/壽臣山,1978/07,1978,48,B,12.0,blank,blank,blank,,True
1979,1998-07-24,"PINE CREST,REPULSE BAY RD|松苑,淺水灣道",11729.63339137382,2250,1920,"{'bay_window': '', 'flat_roof': '', 'roof': '', 'ac_platform': '', 'plant_room': '', 'garden': '', 'yard': ''}",18.0,17.0625,9375,8886.71875,7546327,9973,ASP,HRB,淺水灣/壽臣山,1982/11,1982,44,A,11.0,blank,blank,blank,,True
1982,1998-08-06,"SOUTH BAY GARDEN(Block B),SOUTH BAY CLOSE|南灣花園B座,南灣坊",8586.358390653064,1542,1296,"{'bay_window': '', 'flat_roof': '', 'roof': '', 'ac_platform': '', 'plant_room': '', 'garden': '', 'yard': ''}",8.5,7.8441,6559,6052.5462962962965,7550980,14933,ASP,HRB,淺水灣/壽臣山,1985/09,1985,41,2,8.0,B,blank,SOUTH BAY GARDEN,南灣花園,True
1986,1998-08-06,"37 REPULSE BAY RD(Block 3),REPULSE BAY RD|淺水灣道 37號3座,淺水灣道",13400.439642283007,1740,1289,"{'bay_window': '44', 'flat_roof': '', 'roof': '', 'ac_platform': '', 'plant_room': '', 'garden': '', 'yard': ''}",13.2,12.1759,10241,9446.00465477114,7559277,21219,ASP,HRB,淺水灣/壽臣山,1994/02,1994,32,B,13.0,3,blank,37 REPULSE BAY RD,淺水灣道 37號,True
1991,1998-08-24,"PARKVIEW HEIGHTS(Block 13,HONG KONG PARKVIEW),TAI TAM RESERVOIR RD|陽明山莊,13座(摘星樓),大潭水塘道",10584.509970770883,2700,2308,"{'bay_window': '', 'flat_roof': '', 'roof': '', 'ac_platform': '', 'plant_room': '', 'garden': '', 'yard': ''}",18.0,17.2201,7799,7461.048526863085,7562173,22759,ASP,HRB,淺水灣/壽臣山,1989/11,1989,37,75,18.0,13,blank,HONG KONG PARKVIEW,陽明山莊,True
1993,1998-08-20,"SPLENDOUR VILLA,SOUTH BAY RD|雅景閣,南灣道",8813.047498897151,0,1094,"{'bay_window': '', 'flat_roof': '', 'roof': '', 'ac_platform': '', 'plant_room': '', 'garden': '', 'yard': ''}",7.48,6.7963000000000005,6837,6212.340036563071,7562655,22839,PRO-ASP,HRB,淺水灣/壽臣山,1993/08,1993,33,H,1.0,blank,blank,blank,,True
1996,1998-08-12,"RUBY COURT(Block 2),SOUTH BAY RD|嘉麟閣2座,南灣道",10482.193683846719,1780,1517,"{'bay_window': '50', 'flat_roof': '', 'roof': '', 'ac_platform': '', 'plant_room': '', 'garden': '', 'yard': ''}",12.0,11.209,7910,7388.92551087673,7563275,24542,ASP,HRB,淺水灣/壽臣山,1987/05,1987,39,B,7.0,2,blank,RUBY COURT,嘉麟閣,True
1998,1998-08-27,"PARKVIEW SUITE(Block 3,HONG KONG PARKVIEW),TAI TAM RESERVOIR RD|陽明山莊,3座(陽明居),大潭水塘道",13701.082388118737,1290,1091,"{'bay_window': '', 'flat_roof': '', 'roof': '', 'ac_platform': '', 'plant_room': '', 'garden': '', 'yard': ''}",11.6,10.5368,10632,9657.928505957836,7563536,24576,MEM-ASP,HRB,淺水灣/壽臣山,1989/11,1989,37,21,19.0,3,blank,HONG KONG PARKVIEW,陽明山莊,True
2000,1998-08-27,"THE BEACHSIDE(Block A),REPULSE BAY RD|THE BEACHSIDEA座,淺水灣道",8811.418655268371,928,688,"{'bay_window': '23', 'flat_roof': '', 'roof': '', 'ac_platform': '', 'plant_room': '', 'garden': '', 'yard': ''}",5.0,4.2733,7267,6211.191860465116,7564267,25129,ASP,HRB,淺水灣/壽臣山,1993/12,1993,33,E,2.0,A,blank,THE BEACHSIDE,THE BEACHSIDE,True
2001,1998-08-27,"THE BEACHSIDE(Block A),REPULSE BAY RD|THE BEACHSIDEA座,淺水灣道",8522.70228673422,1161,886,"{'bay_window': '32', 'flat_roof': '', 'roof': '934', 'ac_platform': '', 'plant_room': '', 'garden': '', 'yard': ''}",6.0,5.3228,6772,6007.6749435665915,7566463,26656,ASP,HRB,淺水灣/壽臣山,1993/12,1993,33,B,4.0,A,blank,THE BEACHSIDE,THE BEACHSIDE,True
2003,1998-08-29,"37 REPULSE BAY RD(Block 1),REPULSE BAY RD|淺水灣道 37號1座,淺水灣道",12486.855845844213,1745,1289,"{'bay_window': '44', 'flat_roof': '', 'roof': '', 'ac_platform': '', 'plant_room': '', 'garden': '', 'yard': ''}",12.3,11.3458,9542,8802.017067494182,7567632,28566,ASP,HRB,淺水灣/壽臣山,1994/02,1994,32,B,14.0,1,blank,37 REPULSE BAY RD,淺水灣道 37號,True
2004,1998-08-27,"PARKVIEW RISE(Block 7,HONG KONG PARKVIEW),TAI TAM RESERVOIR RD|陽明山莊,7座(凌雲閣),大潭水塘道",9051.05076644667,2092,1649,"{'bay_window': '', 'flat_roof': '', 'roof': '', 'ac_platform': '', 'plant_room': '', 'garden': '', 'yard': ''}",11.2,10.5208,6792,6380.109157064888,7567737,28580,ASP,HRB,淺水灣/壽臣山,1988/00,1988,38,49,1.0,7,blank,HONG KONG PARKVIEW,陽明山莊,True
2009,1998-09-04,"RIDGE COURT,REPULSE BAY RD|冠園,淺水灣道",9018.775840207629,0,1880,"{'bay_window': '', 'flat_roof': '', 'roof': '', 'ac_platform': '', 'plant_room': '', 'garden': '', 'yard': ''}",12.0,11.3617,6383,6043.45744680851,7571678,30610,PRO-ASP,HRB,淺水灣/壽臣山,1969/00,1969,57,D,9.0,blank,blank,blank,,True
2011,1998-09-03,"37 REPULSE BAY RD(Block 1),REPULSE BAY RD|淺水灣道 37號1座,淺水灣道",13349.033225050567,1745,1289,"{'bay_window': '44', 'flat_roof': '', 'roof': '', 'ac_platform': '', 'plant_room': '', 'garden': '', 'yard': ''}",12.5,11.5303,9697,8945.151280062064,7573578,33064,ASP,HRB,淺水灣/壽臣山,1994/02,1994,32,B,11.0,1,blank,37 REPULSE BAY RD,淺水灣道 37號,True
2018,1998-09-15,"37 REPULSE BAY RD(Block 3),REPULSE BAY RD|淺水灣道 37號3座,淺水灣道",10545.901200104316,1220,882,"{'bay_window': '56', 'flat_roof': '', 'roof': '', 'ac_platform': '', 'plant_room': '', 'garden': '', 'yard': ''}",7.03,6.2329,7971,7066.780045351474,7578134,36891,ASP,HRB,淺水灣/壽臣山,1994/02,1994,32,A,10.0,3,blank,37 REPULSE BAY RD,淺水灣道 37號,True
2020,1998-08-24,"37 REPULSE BAY RD(Block 3),REPULSE BAY RD|淺水灣道 37號3座,淺水灣道",11408.597712912413,1220,882,"{'bay_window': '56', 'flat_roof': '', 'roof': '', 'ac_platform': '', 'plant_room': '', 'garden': '', 'yard': ''}",8.0,7.093,9070,8041.950113378684,7583126,40842,ASP,HRB,淺水灣/壽臣山,1994/02,1994,32,A,13.0,3,blank,37 REPULSE BAY RD,淺水灣道 37號,True
2025,1998-09-25,"MING WAI GARDEN,REPULSE BAY RD|明慧園,淺水灣道",10140.547132403908,0,1630,"{'bay_window': '', 'flat_roof': '', 'roof': '', 'ac_platform': '', 'plant_room': '', 'garden': '', 'yard': ''}",11.8,11.0761,7239,6795.1533742331285,7593349,49014,ASP,HRB,淺水灣/壽臣山,1973/12,1973,53,A,6.0,blank,blank,blank,,True
2031,1998-10-15,"MANHATTAN TOWER,REPULSE BAY RD|MANHATTAN TOWER,淺水灣道",9829.97427126243,2243,1999,"{'bay_window': '', 'flat_roof': '', 'roof': '', 'ac_platform': '', 'plant_room': '', 'garden': '', 'yard': ''}",13.9,13.2047,6953,6605.652826413207,7598920,55413,ASP,HRB,淺水灣/壽臣山,1978/07,1978,48,A,11.0,blank,blank,blank,,True
2033,1998-10-21,"PARKVIEW CRESCENT(Block 10,HONG KONG PARKVIEW),TAI TAM RESERVOIR RD|陽明山莊,10座(環翠軒),大潭水塘道",8990.263540080747,2771,2342,"{'bay_window': '', 'flat_roof': '', 'roof': '', 'ac_platform': '', 'plant_room': '', 'garden': '', 'yard': ''}",14.78,14.1489,6311,6041.374893253629,7600268,56863,ASP,HRB,淺水灣/壽臣山,1989/11,1989,37,61,18.0,10,blank,HONG KONG PARKVIEW,陽明山莊,True
2040,1998-10-26,"PARKVIEW SUITE(Block 4,HONG KONG PARKVIEW),TAI TAM RESERVOIR RD|陽明山莊,4座(陽明居),大潭水塘道",9102.419056987668,1857,1541,"{'bay_window': '', 'flat_roof': '', 'roof': '', 'ac_platform': '', 'plant_room': '', 'garden': '', 'yard': ''}",10.08,9.4259,6541,6116.742375081116,7605295,61932,ASP,HRB,淺水灣/壽臣山,1989/11,1989,37,29,1.0,4,blank,HONG KONG PARKVIEW,陽明山莊,True
2046,1998-10-30,"RUBY COURT(Block 2),SOUTH BAY RD|嘉麟閣2座,南灣道",11343.716992451375,1780,1517,"{'bay_window': '50', 'flat_roof': '', 'roof': '', 'ac_platform': '', 'plant_room': '', 'garden': '', 'yard': ''}",12.38,11.5639,8161,7622.874093605801,7610526,68104,ASP,HRB,淺水灣/壽臣山,1987/05,1987,39,A,12.0,2,blank,RUBY COURT,嘉麟閣,True
2056,1998-10-30,"SEA CLIFF MANSION(Block B),REPULSE BAY RD|海峰園B座,淺水灣道",8580.69929910602,0,1941,"{'bay_window': '', 'flat_roof': '', 'roof': '', 'ac_platform': '', 'plant_room': '', 'garden': '', 'yard': ''}",11.8,11.1921,6079,5766.151468315302,7613446,69428,ASP,HRB,淺水灣/壽臣山,1964/05,1964,62,B2,8.0,B,blank,SEA CLIFF MANSION,海峰園,True
2060,1998-11-02,"37 REPULSE BAY RD(Block 1),REPULSE BAY RD|淺水灣道 37號1座,淺水灣道",12673.7373336058,1745,1289,"{'bay_window': '44', 'flat_roof': '', 'roof': '', 'ac_platform': '', 'plant_room': '', 'garden': '', 'yard': ''}",12.6,11.6225,9775,9016.6795965865,7614631,71419,ASP,HRB,淺水灣/壽臣山,1994/02,1994,32,B,18.0,1,blank,37 REPULSE BAY RD,淺水灣道 37號,True
2063,1998-10-28,"RUBY COURT(Block 2),SOUTH BAY RD|嘉麟閣2座,南灣道",9896.017035044295,1780,1517,"{'bay_window': '50', 'flat_roof': '', 'roof': '', 'ac_platform': '', 'plant_room': '', 'garden': '', 'yard': ''}",10.8,10.0881,7119,6650.032959789058,7617404,73955,PRO-ASP,HRB,淺水灣/壽臣山,1987/05,1987,39,B,7.0,2,blank,RUBY COURT,嘉麟閣,True
2068,1998-11-13,"RUBY COURT(Block 2),SOUTH BAY RD|嘉麟閣2座,南灣道",9087.492907043455,1780,1517,"{'bay_window': '50', 'flat_roof': '', 'roof': '', 'ac_platform': '', 'plant_room': '', 'garden': '', 'yard': ''}",10.5,9.8078,6922,6465.260382333553,7619911,77776,ASP,HRB,淺水灣/壽臣山,1987/05,1987,39,A,1.0,2,blank,RUBY COURT,嘉麟閣,True
2075,1998-11-04,"MING WAI GARDEN,REPULSE BAY RD|明慧園,淺水灣道",9308.356132146184,0,1630,"{'bay_window': '', 'flat_roof': '', 'roof': '', 'ac_platform': '', 'plant_room': '', 'garden': '', 'yard': ''}",11.5,10.7945,7055,6622.39263803681,7623586,83283,ASP,HRB,淺水灣/壽臣山,1973/12,1973,53,A,5.0,blank,blank,blank,,True
2076,1998-11-16,"SOUTH BAY TOWERS,SOUTH BAY RD|南灣大廈,南灣道",9864.57868507781,2699,2175,"{'bay_window': '', 'flat_roof': '', 'roof': '1060', 'ac_platform': '', 'plant_room': '', 'garden': '', 'yard': ''}",16.0,15.2644,7356,7018.114942528736,7623874,83357,ASP,HRB,淺水灣/壽臣山,1984/11,1984,42,D,29.0,blank,blank,blank,,True
2079,1998-11-16,"37 REPULSE BAY RD(Block 2),REPULSE BAY RD|淺水灣道 37號2座,淺水灣道",13629.90981525725,1635,1211,"{'bay_window': '32', 'flat_roof': '', 'roof': '', 'ac_platform': '', 'plant_room': '', 'garden': '', 'yard': ''}",12.8,11.743,10570,9696.944673823287,7625460,85379,ASP,HRB,淺水灣/壽臣山,1994/02,1994,32,A,19.0,2,blank,37 REPULSE BAY RD,淺水灣道 37號,True
2083,1998-11-23,"PARKVIEW RISE(Block 7,HONG KONG PARKVIEW),TAI TAM RESERVOIR RD|陽明山莊,7座(凌雲閣),大潭水塘道",11209.756700097383,2092,1649,"{'bay_window': '', 'flat_roof': '', 'roof': '', 'ac_platform': '', 'plant_room': '', 'garden': '', 'yard': ''}",14.0,13.151,8490,7975.13644633111,7627435,87543,ASP,HRB,淺水灣/壽臣山,1988/00,1988,38,49,11.0,7,blank,HONG KONG PARKVIEW,陽明山莊,True
2084,1998-11-11,"SPLENDOUR VILLA,SOUTH BAY RD|雅景閣,南灣道",9338.93789222349,0,1094,"{'bay_window': '', 'flat_roof': '', 'roof': '', 'ac_platform': '', 'plant_room': '', 'garden': '', 'yard': ''}",8.0,7.2687,7313,6644.1499085923215,7627585,87574,ASP,HRB,淺水灣/壽臣山,1993/08,1993,33,H,1.0,blank,blank,blank,,True
2085,1998-11-12,"PARKVIEW RISE(Block 7,HONG KONG PARKVIEW),TAI TAM RESERVOIR RD|陽明山莊,7座(凌雲閣),大潭水塘道",11662.304183719476,1924,1517,"{'bay_window': '', 'flat_roof': '', 'roof': '', 'ac_platform': '', 'plant_room': '', 'garden': '', 'yard': ''}",13.475,12.5867,8883,8297.099538562954,7629222,90808,ASP,HRB,淺水灣/壽臣山,1988/00,1988,38,51,15.0,7,blank,HONG KONG PARKVIEW,陽明山莊,True
2091,1998-11-28,"SPLENDOUR VILLA,SOUTH BAY RD|雅景閣,南灣道",10798.23125389579,0,1094,"{'bay_window': '', 'flat_roof': '', 'roof': '', 'ac_platform': '', 'plant_room': '', 'garden': '', 'yard': ''}",9.25,8.4045,8455,7682.358318098721,7630755,90042,SUB-ASP,HRB,淺水灣/壽臣山,1993/08,1993,33,H,1.0,blank,blank,blank,,True
2092,1998-11-16,"PARKVIEW TERR(Block 11,HONG KONG PARKVIEW),TAI TAM RESERVOIR RD|陽明山莊,11座(涵碧苑),大潭水塘道",11092.621219545781,2490,2049,"{'bay_window': '', 'flat_roof': '', 'roof': '', 'ac_platform': '', 'plant_room': '', 'garden': '', 'yard': ''}",17.0,16.1703,8297,7891.8008784773065,7631535,92766,ASP,HRB,淺水灣/壽臣山,1989/11,1989,37,67,7.0,11,blank,HONG KONG PARKVIEW,陽明山莊,True
2097,1998-12-01,"PARK PLACE(Block C),TAI TAM RESERVOIR RD|雅柏苑C座,大潭水塘道",14448.09353314341,2288,2075,"{'bay_window': '', 'flat_roof': '', 'roof': '', 'ac_platform': '', 'plant_room': '', 'garden': '', 'yard': ''}",23.0,21.8916,11084,10550.168674698794,7633138,93988,ASP,HRB,淺水灣/壽臣山,1985/01,1985,41,2,8.0,C,blank,PARK PLACE,雅柏苑,True
2099,1998-12-03,"PARKVIEW TERR(Block 11,HONG KONG PARKVIEW),TAI TAM RESERVOIR RD|陽明山莊,11座(涵碧苑),大潭水塘道",11239.844154868395,2490,2049,"{'bay_window': '', 'flat_roof': '', 'roof': '', 'ac_platform': '', 'plant_room': '', 'garden': '', 'yard': ''}",17.68,16.8171,8629,8207.467057101025,7634277,95649,ASP,HRB,淺水灣/壽臣山,1989/11,1989,37,67,19.0,11,blank,HONG KONG PARKVIEW,陽明山莊,True
2103,1998-12-01,"37 REPULSE BAY RD(Block 3),REPULSE BAY RD|淺水灣道 37號3座,淺水灣道",12935.978843062227,1740,1289,"{'bay_window': '44', 'flat_roof': '', 'roof': '', 'ac_platform': '', 'plant_room': '', 'garden': '', 'yard': ''}",13.2,12.1759,10241,9446.00465477114,7637888,100345,ASP,HRB,淺水灣/壽臣山,1994/02,1994,32,B,10.0,3,blank,37 REPULSE BAY RD,淺水灣道 37號,True
2104,1998-11-30,"TWIN BROOK,REPULSE BAY RD|雙溪,淺水灣道",8701.108650228802,2700,2440,"{'bay_window': '', 'flat_roof': '', 'roof': '', 'ac_platform': '', 'plant_room': '', 'garden': '', 'yard': ''}",15.75,15.1045,6455,6190.368852459016,7638059,100383,ASP,HRB,淺水灣/壽臣山,1974/04,1974,52,B,5.0,blank,blank,blank,,True
2106,1998-11-25,"PARKVIEW CRESCENT(Block 10,HONG KONG PARKVIEW),TAI TAM RESERVOIR RD|陽明山莊,10座(環翠軒),大潭水塘道",10142.800383653284,2771,2342,"{'bay_window': '', 'flat_roof': '', 'roof': '', 'ac_platform': '', 'plant_room': '', 'garden': '', 'yard': ''}",16.9,16.9,7216,7216.054654141759,7640260,101852,PRO-ASP,HRB,淺水灣/壽臣山,1989/11,1989,37,61,6.0,10,blank,HONG KONG PARKVIEW,陽明山莊,False
2110,1998-11-30,"PARKVIEW SUITE(Block 3,HONG KONG PARKVIEW),TAI TAM RESERVOIR RD|陽明山莊,3座(陽明居),大潭水塘道",11890.96956740095,1235,1012,"{'bay_window': '', 'flat_roof': '', 'roof': '', 'ac_platform': '', 'plant_room': '', 'garden': '', 'yard': ''}",9.5,8.5613,9387,8459.782608695652,7642357,104387,ASP,HRB,淺水灣/壽臣山,1989/11,1989,37,25,10.0,3,blank,HONG KONG PARKVIEW,陽明山莊,True
2111,1998-12-12,"PARK PLACE(Block C),TAI TAM RESERVOIR RD|雅柏苑C座,大潭水塘道",11307.166331221999,2288,2075,"{'bay_window': '', 'flat_roof': '', 'roof': '', 'ac_platform': '', 'plant_room': '', 'garden': '', 'yard': ''}",18.0,17.1325,8675,8256.626506024097,7642883,104502,ASP,HRB,淺水灣/壽臣山,1985/01,1985,41,1,4.0,C,blank,PARK PLACE,雅柏苑,True
2115,1998-12-14,"37 REPULSE BAY RD(Block 2),REPULSE BAY RD|淺水灣道 37號2座,淺水灣道",11806.467512672494,1635,1211,"{'bay_window': '32', 'flat_roof': '', 'roof': '', 'ac_platform': '', 'plant_room': '', 'garden': '', 'yard': ''}",11.38,10.4403,9397,8621.222130470685,7644046,105568,ASP,HRB,淺水灣/壽臣山,1994/02,1994,32,A,1.0,2,blank,37 REPULSE BAY RD,淺水灣道 37號,True
2120,1998-12-08,"PARK PLACE(Block C),TAI TAM RESERVOIR RD|雅柏苑C座,大潭水塘道",14448.09353314341,2288,2075,"{'bay_window': '', 'flat_roof': '', 'roof': '', 'ac_platform': '', 'plant_room': '', 'garden': '', 'yard': ''}",23.0,21.8916,11084,10550.168674698794,7650305,112666,ASP,HRB,淺水灣/壽臣山,1985/01,1985,41,2,7.0,C,blank,PARK PLACE,雅柏苑,True
2122,1998-12-16,"SEA CLIFF MANSION(Block B),REPULSE BAY RD|海峰園B座,淺水灣道",8030.3884910885345,0,1941,"{'bay_window': '', 'flat_roof': '', 'roof': '', 'ac_platform': '', 'plant_room': '', 'garden': '', 'yard': ''}",12.0,11.3818,6182,5863.884595569294,7653003,113848,ASP,HRB,淺水灣/壽臣山,1964/05,1964,62,B1,11.0,B,blank,SEA CLIFF MANSION,海峰園,True
2123,1998-12-16,"SEA CLIFF MANSION(Block B),REPULSE BAY RD|海峰園B座,淺水灣道",8030.3884910885345,0,1941,"{'bay_window': '', 'flat_roof': '', 'roof': '', 'ac_platform': '', 'plant_room': '', 'garden': '', 'yard': ''}",12.0,11.3818,6182,5863.884595569294,7653004,113849,ASP,HRB,淺水灣/壽臣山,1964/05,1964,62,B1,12.0,B,blank,SEA CLIFF MANSION,海峰園,True
2124,1998-11-28,"PARKVIEW CRESCENT(Block 10,HONG KONG PARKVIEW),TAI TAM RESERVOIR RD|陽明山莊,10座(環翠軒),大潭水塘道",9662.667821113486,2771,2342,"{'bay_window': '', 'flat_roof': '', 'roof': '', 'ac_platform': '', 'plant_room': '', 'garden': '', 'yard': ''}",16.1,16.1,6874,6874.4662681468835,7653963,114052,ASP,HRB,淺水灣/壽臣山,1989/11,1989,37,61,12.0,10,blank,HONG KONG PARKVIEW,陽明山莊,False
2126,1998-12-28,"MING WAI GARDEN,REPULSE BAY RD|明慧園,淺水灣道",7886.189731732972,0,1630,"{'bay_window': '', 'flat_roof': '', 'roof': '', 'ac_platform': '', 'plant_room': '', 'garden': '', 'yard': ''}",10.0,9.3865,6135,5758.588957055214,7657313,118488,ASP,HRB,淺水灣/壽臣山,1973/12,1973,53,A,1.0,blank,blank,blank,,True
2130,1998-12-16,"3 REPULSE BAY RD,REPULSE BAY RD|淺水灣三號,淺水灣道",18486.642424201968,2161,1796,"{'bay_window': '', 'flat_roof': '', 'roof': '', 'ac_platform': '', 'plant_room': '', 'garden': '', 'yard': ''}",25.674,24.2445,14295,13499.164810690423,7659059,120449,ASP,HRB,淺水灣/壽臣山,1997/07,1997,29,A,21.0,blank,blank,blank,,True
2131,1998-12-21,"PARKVIEW TERR(Block 11,HONG KONG PARKVIEW),TAI TAM RESERVOIR RD|陽明山莊,11座(涵碧苑),大潭水塘道",11239.844154868395,2490,2049,"{'bay_window': '', 'flat_roof': '', 'roof': '', 'ac_platform': '', 'plant_room': '', 'garden': '', 'yard': ''}",17.68,16.8171,8629,8207.467057101025,7659410,120498,ASP,HRB,淺水灣/壽臣山,1989/11,1989,37,67,23.0,11,blank,HONG KONG PARKVIEW,陽明山莊,True
2134,1998-12-18,"SEA CLIFF MANSION(Block A),REPULSE BAY RD|海峰園A座,淺水灣道",8565.686576469483,0,1941,"{'bay_window': '', 'flat_roof': '', 'roof': '', 'ac_platform': '', 'plant_room': '', 'garden': '', 'yard': ''}",12.8,12.1405,6595,6254.765584750129,7661231,121297,PRO-ASP,HRB,淺水灣/壽臣山,1964/05,1964,62,A1,9.0,A,blank,SEA CLIFF MANSION,海峰園,True
2135,1998-12-23,"PARKVIEW SUITE(Block 4,HONG KONG PARKVIEW),TAI TAM RESERVOIR RD|陽明山莊,4座(陽明居),大潭水塘道",10937.538769687826,2105,1747,"{'bay_window': '', 'flat_roof': '', 'roof': '', 'ac_platform': '', 'plant_room': '', 'garden': '', 'yard': ''}",14.8,13.9528,8472,7986.720091585576,7661413,121735,ASP,HRB,淺水灣/壽臣山,1989/11,1989,37,31,16.0,4,blank,HONG KONG PARKVIEW,陽明山莊,True
2136,1998-12-30,"37 REPULSE BAY RD(Block 2),REPULSE BAY RD|淺水灣道 37號2座,淺水灣道",13487.144506373239,1635,1211,"{'bay_window': '32', 'flat_roof': '', 'roof': '', 'ac_platform': '', 'plant_room': '', 'garden': '', 'yard': ''}",13.0,11.9265,10735,9848.472336911644,7662822,122598,ASP,HRB,淺水灣/壽臣山,1994/02,1994,32,A,12.0,2,blank,37 REPULSE BAY RD,淺水灣道 37號,True
2141,1999-01-04,"GRAND GARDEN(Block 3),SOUTH BAY RD|華景園3座,南灣道",9558.98819363403,1657,1217,"{'bay_window': '', 'flat_roof': '', 'roof': '', 'ac_platform': '', 'plant_room': '', 'garden': '', 'yard': ''}",9.18,8.425699999999999,7543,6923.336072308956,7666759,125795,SUB-ASP,HRB,淺水灣/壽臣山,1986/12,1986,40,B,8.0,3,blank,GRAND GARDEN,華景園,True
2142,1999-01-05,"PARKVIEW TERR(Block 11,HONG KONG PARKVIEW),TAI TAM RESERVOIR RD|陽明山莊,11座(涵碧苑),大潭水塘道",11537.092199886052,2490,2049,"{'bay_window': '', 'flat_roof': '', 'roof': '', 'ac_platform': '', 'plant_room': '', 'garden': '', 'yard': ''}",18.0,17.1215,8785,8356.027330405075,7667862,126607,ASP,HRB,淺水灣/壽臣山,1989/11,1989,37,67,22.0,11,blank,HONG KONG PARKVIEW,陽明山莊,True
2143,1998-12-31,"SOUTH BAY TOWERS,SOUTH BAY RD|南灣大廈,南灣道",9605.874558267393,1433,1145,"{'bay_window': '', 'flat_roof': '', 'roof': '', 'ac_platform': '', 'plant_room': '', 'garden': '', 'yard': ''}",8.8,8.031400000000001,7686,7014.323144104805,7668808,127113,ASP,HRB,淺水灣/壽臣山,1984/11,1984,42,D,21.0,blank,blank,blank,,True
2146,1999-01-02,"37 REPULSE BAY RD(Block 3),REPULSE BAY RD|淺水灣道 37號3座,淺水灣道",12992.897693760551,1220,882,"{'bay_window': '56', 'flat_roof': '', 'roof': '', 'ac_platform': '', 'plant_room': '', 'garden': '', 'yard': ''}",8.3,8.3,9410,9410.430839002269,7672394,130855,ASP,HRB,淺水灣/壽臣山,1994/02,1994,32,A,7.0,3,blank,37 REPULSE BAY RD,淺水灣道 37號,False
2147,1999-01-13,"PARKVIEW CRESCENT(Block 10,HONG KONG PARKVIEW),TAI TAM RESERVOIR RD|陽明山莊,10座(環翠軒),大潭水塘道",10440.724454827456,2771,2342,"{'bay_window': '', 'flat_roof': '', 'roof': '', 'ac_platform': '', 'plant_room': '', 'garden': '', 'yard': ''}",18.5,17.7101,7899,7561.955593509821,7673742,131652,ASP,HRB,淺水灣/壽臣山,1989/11,1989,37,63,18.0,10,blank,HONG KONG PARKVIEW,陽明山莊,True
2150,1999-01-12,"PARKVIEW RISE(Block 8,HONG KONG PARKVIEW),TAI TAM RESERVOIR RD|陽明山莊,8座(凌雲閣),大潭水塘道",8423.710775679874,2366,1939,"{'bay_window': '', 'flat_roof': '', 'roof': '', 'ac_platform': '', 'plant_room': '', 'garden': '', 'yard': ''}",11.83,11.83,6101,6101.083032490975,7678392,134809,ASP,HRB,淺水灣/壽臣山,1989/11,1989,37,53,1.0,8,blank,HONG KONG PARKVIEW,陽明山莊,False
2152,1999-01-26,"GRAND GARDEN(Block 1),SOUTH BAY RD|華景園1座,南灣道",10818.385846093775,3061,2663,"{'bay_window': '', 'flat_roof': '', 'roof': '', 'ac_platform': '', 'plant_room': '', 'garden': '', 'yard': ''}",21.68,20.8659,8141,7835.486293653774,7685724,139234,PRO-ASP,HRB,淺水灣/壽臣山,1986/12,1986,40,B,19.0,1,blank,GRAND GARDEN,華景園,True
2153,1999-01-19,"PARKVIEW CRESCENT(Block 10,HONG KONG PARKVIEW),TAI TAM RESERVOIR RD|陽明山莊,10座(環翠軒),大潭水塘道",10045.677026683072,2771,2342,"{'bay_window': '', 'flat_roof': '', 'roof': '', 'ac_platform': '', 'plant_room': '', 'garden': '', 'yard': ''}",17.8,17.04,7600,7275.832621690863,7686617,141901,ASP,HRB,淺水灣/壽臣山,1989/11,1989,37,63,15.0,10,blank,HONG KONG PARKVIEW,陽明山莊,True
2160,1999-02-05,"SOUTH BAY TOWERS,SOUTH BAY RD|南灣大廈,南灣道",10310.773511289312,2738,2161,"{'bay_window': '', 'flat_roof': '', 'roof': '', 'ac_platform': '', 'plant_room': '', 'garden': '', 'yard': ''}",17.28,16.4804,7996,7626.284127718649,7694928,147596,ASP,HRB,淺水灣/壽臣山,1984/11,1984,42,C,28.0,blank,blank,blank,,True
2161,1999-02-05,"SEA CLIFF MANSION(Block B),REPULSE BAY RD|海峰園B座,淺水灣道",9434.291586968026,0,1941,"{'bay_window': '', 'flat_roof': '', 'roof': '', 'ac_platform': '', 'plant_room': '', 'garden': '', 'yard': ''}",14.28,13.5443,7357,6978.001030396703,7695044,147610,ASP,HRB,淺水灣/壽臣山,1964/05,1964,62,B1,6.0,B,blank,SEA CLIFF MANSION,海峰園,True
2165,1999-02-08,"RUBY COURT(Block 2),SOUTH BAY RD|嘉麟閣2座,南灣道",10281.208522521589,1780,1517,"{'bay_window': '50', 'flat_roof': '', 'roof': '', 'ac_platform': '', 'plant_room': '', 'garden': '', 'yard': ''}",12.35,11.5359,8141,7604.4166117336845,7698582,152205,ASP,HRB,淺水灣/壽臣山,1987/05,1987,39,A,10.0,2,blank,RUBY COURT,嘉麟閣,True
2170,1999-02-22,"3 REPULSE BAY RD,REPULSE BAY RD|淺水灣三號,淺水灣道",16770.8830565039,2161,1796,"{'bay_window': '', 'flat_roof': '', 'roof': '', 'ac_platform': '', 'plant_room': '', 'garden': '', 'yard': ''}",23.592,22.2784,13136,12404.45434298441,7707204,158955,ASP,HRB,淺水灣/壽臣山,1997/07,1997,29,A,17.0,blank,blank,blank,,True
2173,1999-02-08,"RIDGE COURT,REPULSE BAY RD|冠園,淺水灣道",7756.277119128181,0,22560,"{'bay_window': '', 'flat_roof': '', 'roof': '', 'ac_platform': '', 'plant_room': '', 'garden': '', 'yard': ''}",130.0,129.4238,5762,5736.870567375887,7715275,165844,ASP,HRB,淺水灣/壽臣山,1969/00,1969,57,12 UNITS,0.0,blank,blank,blank,,True
2174,1999-02-15,"PARKVIEW HEIGHTS(Block 13,HONG KONG PARKVIEW),TAI TAM RESERVOIR RD|陽明山莊,13座(摘星樓),大潭水塘道",9372.650954861985,2700,2308,"{'bay_window': '', 'flat_roof': '', 'roof': '', 'ac_platform': '', 'plant_room': '', 'garden': '', 'yard': ''}",16.0,16.0,6932,6932.409012131716,7715474,165879,ASP,HRB,淺水灣/壽臣山,1989/11,1989,37,75,6.0,13,blank,HONG KONG PARKVIEW,陽明山莊,False
2180,1999-03-16,"RIDGE COURT,REPULSE BAY RD|冠園,淺水灣道",9877.646203581302,0,1880,"{'bay_window': '', 'flat_roof': '', 'roof': '', 'ac_platform': '', 'plant_room': '', 'garden': '', 'yard': ''}",13.2,13.2,7021,7021.276595744681,7721907,210661,SUB-ASP,HRB,淺水灣/壽臣山,1969/00,1969,57,C,12.0,blank,blank,blank,,False
2182,1999-03-12,"RIDGE COURT,REPULSE BAY RD|冠園,淺水灣道",10685.817256601591,0,1880,"{'bay_window': '', 'flat_roof': '', 'roof': '', 'ac_platform': '', 'plant_room': '', 'garden': '', 'yard': ''}",14.28,14.28,7596,7595.744680851064,7725353,172870,ASP,HRB,淺水灣/壽臣山,1969/00,1969,57,C,0.0,blank,blank,blank,,False
2183,1999-03-12,"RIDGE COURT,REPULSE BAY RD|冠園,淺水灣道",9068.801674683498,0,1880,"{'bay_window': '', 'flat_roof': '', 'roof': '', 'ac_platform': '', 'plant_room': '', 'garden': '', 'yard': ''}",12.8,12.1191,6809,6446.329787234043,7726090,174472,ASP,HRB,淺水灣/壽臣山,1969/00,1969,57,C,5.0,blank,blank,blank,,True
2185,1999-03-17,"RIDGE COURT,REPULSE BAY RD|冠園,淺水灣道",9777.373128484342,0,1880,"{'bay_window': '', 'flat_roof': '', 'roof': '', 'ac_platform': '', 'plant_room': '', 'garden': '', 'yard': ''}",13.8,13.066,7340,6950.0,7727221,175465,SUB-ASP,HRB,淺水灣/壽臣山,1969/00,1969,57,C,2.0,blank,blank,blank,,True
2186,1999-03-16,"RIDGE COURT,REPULSE BAY RD|冠園,淺水灣道",8927.147248445775,0,1880,"{'bay_window': '', 'flat_roof': '', 'roof': '', 'ac_platform': '', 'plant_room': '', 'garden': '', 'yard': ''}",12.6,11.9298,6702,6345.63829787234,7727272,175475,ASP,HRB,淺水灣/壽臣山,1969/00,1969,57,D,4.0,blank,blank,blank,,True
2187,1999-03-18,"RIDGE COURT,REPULSE BAY RD|冠園,淺水灣道",9564.77924314817,0,1880,"{'bay_window': '', 'flat_roof': '', 'roof': '', 'ac_platform': '', 'plant_room': '', 'garden': '', 'yard': ''}",13.5,12.7819,7181,6798.882978723404,7727680,175759,SUB-ASP,HRB,淺水灣/壽臣山,1969/00,1969,57,C,11.0,blank,blank,blank,,True
2188,1999-03-09,"RUBY COURT(Block 2),SOUTH BAY RD|嘉麟閣2座,南灣道",11520.96286091913,1780,1517,"{'bay_window': '50', 'flat_roof': '', 'roof': '', 'ac_platform': '', 'plant_room': '', 'garden': '', 'yard': ''}",13.3,12.4233,8767,8189.386947923534,7727702,175549,ASP,HRB,淺水灣/壽臣山,1987/05,1987,39,A,14.0,2,blank,RUBY COURT,嘉麟閣,True
2189,1999-03-12,"RIDGE COURT,REPULSE BAY RD|冠園,淺水灣道",8643.763565317273,0,1880,"{'bay_window': '', 'flat_roof': '', 'roof': '', 'ac_platform': '', 'plant_room': '', 'garden': '', 'yard': ''}",12.2,11.5511,6489,6144.202127659574,7727824,175760,SUB-ASP,HRB,淺水灣/壽臣山,1969/00,1969,57,C,3.0,blank,blank,blank,,True
2190,1999-03-12,"RIDGE COURT,REPULSE BAY RD|冠園,淺水灣道",10259.132872868102,0,1880,"{'bay_window': '', 'flat_roof': '', 'roof': '', 'ac_platform': '', 'plant_room': '', 'garden': '', 'yard': ''}",14.48,13.7098,7702,7292.446808510638,7728540,176612,SUB-ASP,HRB,淺水灣/壽臣山,1969/00,1969,57,C,9.0,blank,blank,blank,,True
2191,1999-03-12,"RIDGE COURT,REPULSE BAY RD|冠園,淺水灣道",10627.524177869851,0,1880,"{'bay_window': '', 'flat_roof': '', 'roof': '', 'ac_platform': '', 'plant_room': '', 'garden': '', 'yard': ''}",15.0,14.2021,7979,7554.308510638298,7729698,177206,SUB-ASP,HRB,淺水灣/壽臣山,1969/00,1969,57,C,7.0,blank,blank,blank,,True
2193,1999-03-22,"RIDGE COURT,REPULSE BAY RD|冠園,淺水灣道",10060.756811612844,0,1880,"{'bay_window': '', 'flat_roof': '', 'roof': '', 'ac_platform': '', 'plant_room': '', 'garden': '', 'yard': ''}",14.2,13.4447,7553,7151.436170212766,7730999,178074,ASP,HRB,淺水灣/壽臣山,1969/00,1969,57,C,12.0,blank,blank,blank,,True
2195,1999-03-31,"PARKVIEW SUITE(Block 5,HONG KONG PARKVIEW),TAI TAM RESERVOIR RD|陽明山莊,5座(陽明居),大潭水塘道",11900.081696784673,1309,1048,"{'bay_window': '', 'flat_roof': '', 'roof': '', 'ac_platform': '', 'plant_room': '', 'garden': '', 'yard': ''}",9.8,8.8649,9351,8458.874045801527,7731904,179145,PRO-ASP,HRB,淺水灣/壽臣山,1989/11,1989,37,41,10.0,5,blank,HONG KONG PARKVIEW,陽明山莊,True
2198,1999-03-24,"PARKVIEW CRESCENT(Block 10,HONG KONG PARKVIEW),TAI TAM RESERVOIR RD|陽明山莊,10座(環翠軒),大潭水塘道",10569.262922934198,2771,2342,"{'bay_window': '', 'flat_roof': '', 'roof': '', 'ac_platform': '', 'plant_room': '', 'garden': '', 'yard': ''}",18.38,17.5952,7848,7512.894961571306,7732010,179171,ASP,HRB,淺水灣/壽臣山,1989/11,1989,37,61,15.0,10,blank,HONG KONG PARKVIEW,陽明山莊,True
2205,1999-03-26,"SOUTH BAY TOWERS,SOUTH BAY RD|南灣大廈,南灣道",8970.81894040435,1433,1145,"{'bay_window': '', 'flat_roof': '', 'roof': '', 'ac_platform': '', 'plant_room': '', 'garden': '', 'yard': ''}",8.0,7.3013,6987,6376.681222707423,7734143,181862,ASP,HRB,淺水灣/壽臣山,1984/11,1984,42,D,16.0,blank,blank,blank,,True
2209,1999-03-22,"37 REPULSE BAY RD(Block 3),REPULSE BAY RD|淺水灣道 37號3座,淺水灣道",11355.974114676766,1220,882,"{'bay_window': '56', 'flat_roof': '', 'roof': '', 'ac_platform': '', 'plant_room': '', 'garden': '', 'yard': ''}",8.03,7.119599999999999,9104,8072.108843537414,7736645,183024,ASP,HRB,淺水灣/壽臣山,1994/02,1994,32,A,6.0,3,blank,37 REPULSE BAY RD,淺水灣道 37號,True
2210,1999-03-30,"PARKVIEW SUITE(Block 5,HONG KONG PARKVIEW),TAI TAM RESERVOIR RD|陽明山莊,5座(陽明居),大潭水塘道",12026.611010858107,1263,1012,"{'bay_window': '', 'flat_roof': '', 'roof': '', 'ac_platform': '', 'plant_room': '', 'garden': '', 'yard': ''}",9.6,8.651399999999999,9486,8548.81422924901,7737370,183182,ASP,HRB,淺水灣/壽臣山,1989/11,1989,37,37,9.0,5,blank,HONG KONG PARKVIEW,陽明山莊,True
2211,1999-03-31,"SPLENDOUR VILLA,SOUTH BAY RD|雅景閣,南灣道",11348.676624640751,0,1046,"{'bay_window': '', 'flat_roof': '', 'roof': '', 'ac_platform': '', 'plant_room': '', 'garden': '', 'yard': ''}",9.33,8.438,8920,8066.921606118547,7738695,183964,ASP,HRB,淺水灣/壽臣山,1993/08,1993,33,E,1.0,blank,blank,blank,,True
2213,1999-04-07,"PARKVIEW SUITE(Block 4,HONG KONG PARKVIEW),TAI TAM RESERVOIR RD|陽明山莊,4座(陽明居),大潭水塘道",9587.448492269012,2105,1747,"{'bay_window': '', 'flat_roof': '', 'roof': '', 'ac_platform': '', 'plant_room': '', 'garden': '', 'yard': ''}",12.38,12.38,7086,7086.43388666285,7740436,187373,ASP,HRB,淺水灣/壽臣山,1989/11,1989,37,31,2.0,4,blank,HONG KONG PARKVIEW,陽明山莊,False
2217,1999-04-07,"MING WAI GARDEN,REPULSE BAY RD|明慧園,淺水灣道",9193.366369386638,0,1630,"{'bay_window': '', 'flat_roof': '', 'roof': '', 'ac_platform': '', 'plant_room': '', 'garden': '', 'yard': ''}",11.8,11.0761,7239,6795.1533742331285,7742635,190433,ASP,HRB,淺水灣/壽臣山,1973/12,1973,53,B,4.0,blank,blank,blank,,True
2218,1999-04-13,"PARK PLACE(Block C),TAI TAM RESERVOIR RD|雅柏苑C座,大潭水塘道",13342.757959400074,2288,2075,"{'bay_window': '', 'flat_roof': '', 'roof': '', 'ac_platform': '', 'plant_room': '', 'garden': '', 'yard': ''}",21.5,20.4639,10361,9862.12048192771,7742651,190438,SUB-ASP,HRB,淺水灣/壽臣山,1985/01,1985,41,1,4.0,C,blank,PARK PLACE,雅柏苑,True
2219,1999-03-12,"RIDGE COURT,REPULSE BAY RD|冠園,淺水灣道",8066.295415673052,0,1880,"{'bay_window': '', 'flat_roof': '', 'roof': '', 'ac_platform': '', 'plant_room': '', 'garden': '', 'yard': ''}",11.385,10.7794,6056,5733.723404255319,7743866,191935,SUB-ASP,HRB,淺水灣/壽臣山,1969/00,1969,57,C,0.0,blank,blank,blank,,True
2220,1999-04-13,"37 REPULSE BAY RD(Block 1),REPULSE BAY RD|淺水灣道 37號1座,淺水灣道",11805.003897354552,1225,882,"{'bay_window': '56', 'flat_roof': '', 'roof': '', 'ac_platform': '', 'plant_room': '', 'garden': '', 'yard': ''}",8.68,7.6959,9841,8725.510204081633,7743899,191942,ASP,HRB,淺水灣/壽臣山,1994/02,1994,32,A,17.0,1,blank,37 REPULSE BAY RD,淺水灣道 37號,True
2221,1999-03-31,"RIDGE COURT,REPULSE BAY RD|冠園,淺水灣道",9706.508500038952,0,1880,"{'bay_window': '', 'flat_roof': '', 'roof': '', 'ac_platform': '', 'plant_room': '', 'garden': '', 'yard': ''}",13.7,12.9713,7287,6899.627659574468,7743988,191960,ASP,HRB,淺水灣/壽臣山,1969/00,1969,57,D,9.0,blank,blank,blank,,True
2222,1999-04-21,"PARKVIEW SUITE(Block 4,HONG KONG PARKVIEW),TAI TAM RESERVOIR RD|陽明山莊,4座(陽明居),大潭水塘道",11083.22655780535,1857,1541,"{'bay_window': '', 'flat_roof': '', 'roof': '', 'ac_platform': '', 'plant_room': '', 'garden': '', 'yard': ''}",13.5,12.6239,8761,8192.018170019468,7745311,193497,ASP,HRB,淺水灣/壽臣山,1989/11,1989,37,29,7.0,4,blank,HONG KONG PARKVIEW,陽明山莊,True
2224,1999-04-04,"SOUTH BAY TOWERS,SOUTH BAY RD|南灣大廈,南灣道",9809.086318938169,2738,2161,"{'bay_window': '', 'flat_roof': '', 'roof': '', 'ac_platform': '', 'plant_room': '', 'garden': '', 'yard': ''}",16.428,15.667800000000002,7602,7250.2545118000935,7745726,209383,PRO-ASP,HRB,淺水灣/壽臣山,1984/11,1984,42,B,7.0,blank,blank,blank,,True
2225,1999-04-15,"PARKVIEW TERR(Block 11,HONG KONG PARKVIEW),TAI TAM RESERVOIR RD|陽明山莊,11座(涵碧苑),大潭水塘道",11933.185319912709,2490,2049,"{'bay_window': '', 'flat_roof': '', 'roof': '', 'ac_platform': '', 'plant_room': '', 'garden': '', 'yard': ''}",19.0,18.0727,9273,8820.253782332846,7746054,209460,PRO-ASP,HRB,淺水灣/壽臣山,1989/11,1989,37,67,8.0,11,blank,HONG KONG PARKVIEW,陽明山莊,True
2228,1999-04-22,"SPLENDOUR VILLA,SOUTH BAY RD|雅景閣,南灣道",13405.867918322807,0,1152,"{'bay_window': '', 'flat_roof': '', 'roof': '', 'ac_platform': '', 'plant_room': '', 'garden': '', 'yard': ''}",12.5,11.4149,10851,9908.767361111111,7751331,199877,ASP,HRB,淺水灣/壽臣山,1993/08,1993,33,G,2.0,blank,blank,blank,,True
2229,1999-04-13,"TWIN BROOK,REPULSE BAY RD|雙溪,淺水灣道",10262.86067555193,2700,2440,"{'bay_window': '', 'flat_roof': '', 'roof': '', 'ac_platform': '', 'plant_room': '', 'garden': '', 'yard': ''}",19.3,18.509,7910,7585.6557377049185,7751534,199926,ASP,HRB,淺水灣/壽臣山,1974/04,1974,52,A,18.0,blank,blank,blank,,True
2230,1999-03-08,"PARKVIEW SUITE(Block 4,HONG KONG PARKVIEW),TAI TAM RESERVOIR RD|陽明山莊,4座(陽明居),大潭水塘道",8878.279675612217,1857,1541,"{'bay_window': '', 'flat_roof': '', 'roof': '', 'ac_platform': '', 'plant_room': '', 'garden': '', 'yard': ''}",10.4,9.7251,6749,6310.902011680727,7752631,200799,ASP,HRB,淺水灣/壽臣山,1989/11,1989,37,29,18.0,4,blank,HONG KONG PARKVIEW,陽明山莊,True
2233,1999-04-23,"MING WAI GARDEN,REPULSE BAY RD|明慧園,淺水灣道",10595.682390466145,0,1630,"{'bay_window': '', 'flat_roof': '', 'roof': '', 'ac_platform': '', 'plant_room': '', 'garden': '', 'yard': ''}",13.6,12.7656,8344,7831.6564417177915,7753439,201750,ASP,HRB,淺水灣/壽臣山,1973/12,1973,53,B,17.0,blank,blank,blank,,True
2234,1999-04-27,"PARK PLACE(Block C),TAI TAM RESERVOIR RD|雅柏苑C座,大潭水塘道",13684.022308617477,2288,2075,"{'bay_window': '', 'flat_roof': '', 'roof': '', 'ac_platform': '', 'plant_room': '', 'garden': '', 'yard': ''}",22.05,20.9873,10627,10114.361445783132,7754381,203584,ASP,HRB,淺水灣/壽臣山,1985/01,1985,41,1,3.0,C,blank,PARK PLACE,雅柏苑,True
2236,1999-04-19,"SOUTH BAY TOWERS,SOUTH BAY RD|南灣大廈,南灣道",9921.289209990991,1433,1145,"{'bay_window': '', 'flat_roof': '', 'roof': '', 'ac_platform': '', 'plant_room': '', 'garden': '', 'yard': ''}",9.2,8.3965,8035,7333.187772925764,7755878,204492,ASP,HRB,淺水灣/壽臣山,1984/11,1984,42,D,26.0,blank,blank,blank,,True
2237,1999-04-30,"SPLENDOUR VILLA,SOUTH BAY RD|雅景閣,南灣道",9271.247662240008,780,607,"{'bay_window': '', 'flat_roof': '', 'roof': '', 'ac_platform': '', 'plant_room': '', 'garden': '', 'yard': ''}",4.98,4.1596,8204,6852.718286655684,7756146,204632,ASP,HRB,淺水灣/壽臣山,1993/08,1993,33,B,1.0,blank,blank,blank,,True
2240,1999-04-29,"PARKVIEW RISE(Block 6,HONG KONG PARKVIEW),TAI TAM RESERVOIR RD|陽明山莊,6座(凌雲閣),大潭水塘道",11418.287776848885,2583,2087,"{'bay_window': '', 'flat_roof': '', 'roof': '', 'ac_platform': '', 'plant_room': '', 'garden': '', 'yard': ''}",18.5,17.6136,8864,8439.67417345472,7759104,207805,ASP,HRB,淺水灣/壽臣山,1989/11,1989,37,45,7.0,6,blank,HONG KONG PARKVIEW,陽明山莊,True
2242,1999-04-29,"PARKVIEW TERR(Block 11,HONG KONG PARKVIEW),TAI TAM RESERVOIR RD|陽明山莊,11座(涵碧苑),大潭水塘道",10991.086529225571,2490,2049,"{'bay_window': '', 'flat_roof': '', 'roof': '', 'ac_platform': '', 'plant_room': '', 'garden': '', 'yard': ''}",17.5,16.6459,8541,8123.914104441192,7761096,211601,ASP,HRB,淺水灣/壽臣山,1989/11,1989,37,67,5.0,11,blank,HONG KONG PARKVIEW,陽明山莊,True
2245,1999-04-26,"PARKVIEW SUITE(Block 4,HONG KONG PARKVIEW),TAI TAM RESERVOIR RD|陽明山莊,4座(陽明居),大潭水塘道",10498.875643363632,2105,1747,"{'bay_window': '', 'flat_roof': '', 'roof': '', 'ac_platform': '', 'plant_room': '', 'garden': '', 'yard': ''}",14.38,13.5569,8231,7760.103033772181,7763823,215282,PRO-ASP,HRB,淺水灣/壽臣山,1989/11,1989,37,31,17.0,4,blank,HONG KONG PARKVIEW,陽明山莊,True
2252,1999-05-04,"MING WAI GARDEN,REPULSE BAY RD|明慧園,淺水灣道",12103.755380731061,0,1630,"{'bay_window': '', 'flat_roof': '', 'roof': '', 'ac_platform': '', 'plant_room': '', 'garden': '', 'yard': ''}",15.5,14.5491,9509,8925.828220858895,7767505,217155,ASP,HRB,淺水灣/壽臣山,1973/12,1973,53,B,9.0,blank,blank,blank,,True
2253,1999-05-10,"37 REPULSE BAY RD(Block 3),REPULSE BAY RD|淺水灣道 37號3座,淺水灣道",10673.335217382923,1220,882,"{'bay_window': '44', 'flat_roof': '25', 'roof': '', 'ac_platform': '', 'plant_room': '', 'garden': '', 'yard': ''}",7.83,6.9422,8878,7870.975056689343,7768631,219703,ASP,HRB,淺水灣/壽臣山,1994/02,1994,32,A,1.0,3,blank,37 REPULSE BAY RD,淺水灣道 37號,True
2254,1999-05-15,"SEA CLIFF MANSION(Block A),REPULSE BAY RD|海峰園A座,淺水灣道",9707.577808115979,0,1941,"{'bay_window': '', 'flat_roof': '', 'roof': '', 'ac_platform': '', 'plant_room': '', 'garden': '', 'yard': ''}",14.65,13.8952,7548,7158.784131890778,7769258,226259,ASP,HRB,淺水灣/壽臣山,1964/05,1964,62,A1,9.0,A,blank,SEA CLIFF MANSION,海峰園,True
2256,1999-05-05,"THE BEACHSIDE(Block A),REPULSE BAY RD|THE BEACHSIDEA座,淺水灣道",11449.568518961862,1135,864,"{'bay_window': '29', 'flat_roof': '', 'roof': '881', 'ac_platform': '', 'plant_room': '', 'garden': '', 'yard': ''}",8.25,7.2951,9549,8443.402777777777,7771408,222364,ASP,HRB,淺水灣/壽臣山,1993/12,1993,33,A,4.0,A,blank,THE BEACHSIDE,THE BEACHSIDE,True
2261,1999-05-14,"GRAND GARDEN(Block 1),SOUTH BAY RD|華景園1座,南灣道",9213.720484066858,3061,2663,"{'bay_window': '', 'flat_roof': '', 'roof': '', 'ac_platform': '', 'plant_room': '', 'garden': '', 'yard': ''}",18.8,18.094,7060,6794.592564776568,7775878,224373,ASP,HRB,淺水灣/壽臣山,1986/12,1986,40,B,6.0,1,blank,GRAND GARDEN,華景園,True
2262,1999-05-19,"3 REPULSE BAY RD,REPULSE BAY RD|淺水灣三號,淺水灣道",22042.420231924403,2078,1741,"{'bay_window': '', 'flat_roof': '', 'roof': '', 'ac_platform': '', 'plant_room': '', 'garden': '', 'yard': ''}",28.3,28.3,16255,16255.025847214245,7777474,227802,ASP,HRB,淺水灣/壽臣山,1997/07,1997,29,B,23.0,blank,blank,blank,,False
2265,1999-05-14,"PARKVIEW TERR(Block 11,HONG KONG PARKVIEW),TAI TAM RESERVOIR RD|陽明山莊,11座(涵碧苑),大潭水塘道",11381.447474685148,2490,2049,"{'bay_window': '', 'flat_roof': '', 'roof': '', 'ac_platform': '', 'plant_room': '', 'garden': '', 'yard': ''}",18.08,17.197599999999998,8824,8393.167398731086,7779218,227024,ASP,HRB,淺水灣/壽臣山,1989/11,1989,37,67,12.0,11,blank,HONG KONG PARKVIEW,陽明山莊,True
2266,1999-05-21,"PARKVIEW CRESCENT(Block 10,HONG KONG PARKVIEW),TAI TAM RESERVOIR RD|陽明山莊,10座(環翠軒),大潭水塘道",10475.995564406285,2771,2342,"{'bay_window': '', 'flat_roof': '', 'roof': '', 'ac_platform': '', 'plant_room': '', 'garden': '', 'yard': ''}",18.9,18.093,8070,7725.448334756618,7779340,227034,ASP,HRB,淺水灣/壽臣山,1989/11,1989,37,63,19.0,10,blank,HONG KONG PARKVIEW,陽明山莊,True
2267,1999-05-24,"3 REPULSE BAY RD,REPULSE BAY RD|淺水灣三號,淺水灣道",20556.07569027842,2078,1741,"{'bay_window': '', 'flat_roof': '', 'roof': '', 'ac_platform': '', 'plant_room': '', 'garden': '', 'yard': ''}",28.0,26.3917,16083,15158.931648477886,7780312,228897,ASP,HRB,淺水灣/壽臣山,1997/07,1997,29,B,12.0,blank,blank,blank,,True
2269,1999-06-02,"RIDGE COURT,REPULSE BAY RD|冠園,淺水灣道",10341.21113391948,0,1880,"{'bay_window': '', 'flat_roof': '', 'roof': '', 'ac_platform': '', 'plant_room': '', 'garden': '', 'yard': ''}",15.3,14.4862,8138,7705.425531914893,7781517,229545,ASP,HRB,淺水灣/壽臣山,1969/00,1969,57,A,11.0,blank,blank,blank,,True
2273,1999-05-19,"3 REPULSE BAY RD,REPULSE BAY RD|淺水灣三號,淺水灣道",21033.300194473428,2161,1796,"{'bay_window': '', 'flat_roof': '', 'roof': '', 'ac_platform': '', 'plant_room': '', 'garden': '', 'yard': ''}",29.5,27.8575,16425,15510.8574610245,7782811,230237,ASP,HRB,淺水灣/壽臣山,1997/07,1997,29,A,13.0,blank,blank,blank,,True
2276,1999-05-31,"GRAND GARDEN(Block 1),SOUTH BAY RD|華景園1座,南灣道",11027.082925528695,3061,2663,"{'bay_window': '', 'flat_roof': '', 'roof': '', 'ac_platform': '', 'plant_room': '', 'garden': '', 'yard': ''}",22.5,21.6551,8449,8131.843785204656,7786294,231216,ASP,HRB,淺水灣/壽臣山,1986/12,1986,40,B,25.0,1,blank,GRAND GARDEN,華景園,True
2281,1999-06-08,"SPLENDOUR VILLA,SOUTH BAY RD|雅景閣,南灣道",14153.488568716217,0,1295,"{'bay_window': '', 'flat_roof': '', 'roof': '', 'ac_platform': '', 'plant_room': '', 'garden': '', 'yard': ''}",14.8,13.6571,11429,10546.023166023166,7790091,235513,ASP,HRB,淺水灣/壽臣山,1993/08,1993,33,G,3.0,blank,blank,blank,,True
2282,1999-05-28,"PARKVIEW SUITE(Block 5,HONG KONG PARKVIEW),TAI TAM RESERVOIR RD|陽明山莊,5座(陽明居),大潭水塘道",11412.062559195905,1309,1048,"{'bay_window': '', 'flat_roof': '', 'roof': '', 'ac_platform': '', 'plant_room': '', 'garden': '', 'yard': ''}",9.75,8.8197,9303,8415.74427480916,7790936,237536,ASP,HRB,淺水灣/壽臣山,1989/11,1989,37,41,8.0,5,blank,HONG KONG PARKVIEW,陽明山莊,True
2287,1999-06-03,"PARKVIEW SUITE(Block 5,HONG KONG PARKVIEW),TAI TAM RESERVOIR RD|陽明山莊,5座(陽明居),大潭水塘道",12247.50578491549,1299,1041,"{'bay_window': '', 'flat_roof': '', 'roof': '', 'ac_platform': '', 'plant_room': '', 'garden': '', 'yard': ''}",9.5,9.5,9126,9125.840537944285,7796846,242539,ASP,HRB,淺水灣/壽臣山,1989/11,1989,37,35,15.0,5,blank,HONG KONG PARKVIEW,陽明山莊,False
2291,1999-05-30,"SOUTH BAY TOWERS,SOUTH BAY RD|南灣大廈,南灣道",9457.678703497628,1433,1145,"{'bay_window': '', 'flat_roof': '', 'roof': '', 'ac_platform': '', 'plant_room': '', 'garden': '', 'yard': ''}",8.75,7.9858,7642,6974.4978165938865,7801281,244893,ASP,HRB,淺水灣/壽臣山,1984/11,1984,42,A,9.0,blank,blank,blank,,True
2292,1999-06-14,"MONTE VERDE,REPULSE BAY RD|南山別墅,淺水灣道",14295.49765697813,2215,1960,"{'bay_window': '', 'flat_roof': '', 'roof': '', 'ac_platform': '', 'plant_room': '', 'garden': '', 'yard': ''}",22.0,20.8776,11224,10651.836734693878,7803235,245971,ASP,HRB,淺水灣/壽臣山,1974/05,1974,52,A,14.0,blank,blank,blank,,True
2294,1999-06-22,"GRAND GARDEN(Block 1),SOUTH BAY RD|華景園1座,南灣道",13492.333411515583,3054,2482,"{'bay_window': '', 'flat_roof': '', 'roof': '', 'ac_platform': '', 'plant_room': '', 'garden': '', 'yard': ''}",26.0,24.9525,10475,10053.384367445607,7808815,250184,ASP,HRB,淺水灣/壽臣山,1986/12,1986,40,A,18.0,1,blank,GRAND GARDEN,華景園,True
2295,1999-06-02,"MANHATTAN TOWER,REPULSE BAY RD|MANHATTAN TOWER,淺水灣道",12436.795064378835,2243,1999,"{'bay_window': '', 'flat_roof': '', 'roof': '', 'ac_platform': '', 'plant_room': '', 'garden': '', 'yard': ''}",19.5,18.5245,9755,9266.88344172086,7808832,250187,PRO-ASP,HRB,淺水灣/壽臣山,1978/07,1978,48,A,17.0,blank,blank,blank,,True
2296,1999-07-05,"PARKVIEW SUITE(Block 3,HONG KONG PARKVIEW),TAI TAM RESERVOIR RD|陽明山莊,3座(陽明居),大潭水塘道",11277.657816403167,1290,1091,"{'bay_window': '', 'flat_roof': '', 'roof': '', 'ac_platform': '', 'plant_room': '', 'garden': '', 'yard': ''}",9.98,9.0652,9148,8309.074243813016,7814315,254443,ASP,HRB,淺水灣/壽臣山,1989/11,1989,37,21,18.0,3,blank,HONG KONG PARKVIEW,陽明山莊,True
2298,1999-06-21,"37 REPULSE BAY RD(Block 1),REPULSE BAY RD|淺水灣道 37號1座,淺水灣道",13086.235854008688,1225,882,"{'bay_window': '56', 'flat_roof': '', 'roof': '', 'ac_platform': '', 'plant_room': '', 'garden': '', 'yard': ''}",9.7,8.6002,10998,9750.79365079365,7815204,254573,ASP,HRB,淺水灣/壽臣山,1994/02,1994,32,A,21.0,1,blank,37 REPULSE BAY RD,淺水灣道 37號,True
2299,1999-07-03,"RIDGE COURT,REPULSE BAY RD|冠園,淺水灣道",9911.464717697785,0,1880,"{'bay_window': '', 'flat_roof': '', 'roof': '', 'ac_platform': '', 'plant_room': '', 'garden': '', 'yard': ''}",14.5,13.7287,7713,7302.5,7817574,256476,ASP,HRB,淺水灣/壽臣山,1969/00,1969,57,C,4.0,blank,blank,blank,,True
2300,1999-07-02,"SOUTH BAY TOWERS,SOUTH BAY RD|南灣大廈,南灣道",10662.389617132252,2738,2161,"{'bay_window': '', 'flat_roof': '', 'roof': '', 'ac_platform': '', 'plant_room': '', 'garden': '', 'yard': ''}",17.8,16.976300000000002,8237,7855.761221656642,7818256,256566,ASP,HRB,淺水灣/壽臣山,1984/11,1984,42,B,28.0,blank,blank,blank,,True
2303,1999-07-12,"37 REPULSE BAY RD(Block 2),REPULSE BAY RD|淺水灣道 37號2座,淺水灣道",14794.243810052154,1635,1211,"{'bay_window': '32', 'flat_roof': '', 'roof': '', 'ac_platform': '', 'plant_room': '', 'garden': '', 'yard': ''}",14.388,13.1999,11881,10900.0,7823174,260275,ASP,HRB,淺水灣/壽臣山,1994/02,1994,32,A,13.0,2,blank,37 REPULSE BAY RD,淺水灣道 37號,True
2305,1999-07-12,"PARKVIEW SUITE(Block 4,HONG KONG PARKVIEW),TAI TAM RESERVOIR RD|陽明山莊,4座(陽明居),大潭水塘道",11695.33464102171,1857,1541,"{'bay_window': '', 'flat_roof': '', 'roof': '', 'ac_platform': '', 'plant_room': '', 'garden': '', 'yard': ''}",14.2,13.2785,9215,8616.807268007788,7827092,264047,SUB-ASP,HRB,淺水灣/壽臣山,1989/11,1989,37,29,18.0,4,blank,HONG KONG PARKVIEW,陽明山莊,True
2308,1999-03-29,"REPULSE BAY GARDEN(Block 5),BELLEVIEW DR|淺水灣新村5座,麗景道",15878.488631012326,2288,2110,"{'bay_window': '', 'flat_roof': '', 'roof': '', 'ac_platform': '', 'plant_room': '', 'garden': '', 'yard': ''}",25.0,23.8152,11848,11286.824644549763,7831046,267372,ASP,HRB,淺水灣/壽臣山,1973/11,1973,53,whole floor,6.0,5,blank,REPULSE BAY GARDEN,淺水灣新村,True
2310,1999-07-10,"SOUTH BAY TOWERS,SOUTH BAY RD|南灣大廈,南灣道",10794.159752065912,2738,2161,"{'bay_window': '107', 'flat_roof': '', 'roof': '', 'ac_platform': '', 'plant_room': '', 'garden': '', 'yard': ''}",18.02,17.1861,8339,7952.845904673763,7834851,268337,ASP,HRB,淺水灣/壽臣山,1984/11,1984,42,B,19.0,blank,blank,blank,,True
2311,1999-07-22,"PARKVIEW RISE(Block 8,HONG KONG PARKVIEW),TAI TAM RESERVOIR RD|陽明山莊,8座(凌雲閣),大潭水塘道",10157.406045076003,2366,1939,"{'bay_window': '', 'flat_roof': '', 'roof': '', 'ac_platform': '', 'plant_room': '', 'garden': '', 'yard': ''}",15.3,14.5109,7891,7483.702939659618,7835576,265286,ASP,HRB,淺水灣/壽臣山,1989/11,1989,37,53,20.0,8,blank,HONG KONG PARKVIEW,陽明山莊,True
2314,1999-07-26,"PARKVIEW SUITE(Block 5,HONG KONG PARKVIEW),TAI TAM RESERVOIR RD|陽明山莊,5座(陽明居),大潭水塘道",11506.350937337314,1263,1012,"{'bay_window': '', 'flat_roof': '', 'roof': '', 'ac_platform': '', 'plant_room': '', 'garden': '', 'yard': ''}",9.52,8.5793,9407,8477.569169960474,7839124,270008,ASP,HRB,淺水灣/壽臣山,1989/11,1989,37,37,3.0,5,blank,HONG KONG PARKVIEW,陽明山莊,True
2317,1999-07-29,"GRAND GARDEN(Block 3),SOUTH BAY RD|華景園3座,南灣道",10747.973015780617,1657,1217,"{'bay_window': '', 'flat_roof': '', 'roof': '', 'ac_platform': '', 'plant_room': '', 'garden': '', 'yard': ''}",10.5,9.6372,8628,7918.816762530813,7843043,274184,ASP,HRB,淺水灣/壽臣山,1986/12,1986,40,B,15.0,3,blank,GRAND GARDEN,華景園,True
2319,1999-08-04,"RIDGE COURT,REPULSE BAY RD|冠園,淺水灣道",9103.058363660102,0,1880,"{'bay_window': '', 'flat_roof': '', 'roof': '', 'ac_platform': '', 'plant_room': '', 'garden': '', 'yard': ''}",13.3,12.5926,7074,6698.191489361702,7844441,274863,ASP,HRB,淺水灣/壽臣山,1969/00,1969,57,B,3.0,blank,blank,blank,,True
2327,1999-07-30,"37 REPULSE BAY RD(Block 2),REPULSE BAY RD|淺水灣道 37號2座,淺水灣道",12328.629907088214,1635,1211,"{'bay_window': '32', 'flat_roof': '', 'roof': '', 'ac_platform': '', 'plant_room': '', 'garden': '', 'yard': ''}",11.0,11.0,9083,9083.402146985962,7854170,281845,MEM-ASP,HRB,淺水灣/壽臣山,1994/02,1994,32,A,11.0,2,blank,37 REPULSE BAY RD,淺水灣道 37號,False
2329,1999-07-30,"MONTE VERDE,REPULSE BAY RD|南山別墅,淺水灣道",13471.667220798336,2215,1960,"{'bay_window': '', 'flat_roof': '', 'roof': '', 'ac_platform': '', 'plant_room': '', 'garden': '', 'yard': ''}",20.5,19.4541,10459,9925.561224489797,7856306,282764,ASP,HRB,淺水灣/壽臣山,1974/05,1974,52,B,20.0,blank,blank,blank,,True
2333,1999-08-12,"VILLA HELVETIA,REPULSE BAY RD|雲濤別墅,淺水灣道",10354.906721227375,0,1863,"{'bay_window': '', 'flat_roof': '', 'roof': '', 'ac_platform': '', 'plant_room': '', 'garden': '', 'yard': ''}",15.0,14.1948,8052,7619.323671497585,7860869,286273,ASP,HRB,淺水灣/壽臣山,1969/00,1969,57,whole floor,3.0,blank,blank,blank,,True
2336,1999-08-13,"GRAND GARDEN(Block 3),SOUTH BAY RD|華景園3座,南灣道",11991.868447756488,1657,1217,"{'bay_window': '', 'flat_roof': '', 'roof': '', 'ac_platform': '', 'plant_room': '', 'garden': '', 'yard': ''}",11.7,10.7386,9614,8823.829087921118,7862608,285545,ASP,HRB,淺水灣/壽臣山,1986/12,1986,40,B,22.0,3,blank,GRAND GARDEN,華景園,True
2340,1999-08-20,"PARKVIEW SUITE(Block 5,HONG KONG PARKVIEW),TAI TAM RESERVOIR RD|陽明山莊,5座(陽明居),大潭水塘道",11328.924308714046,1299,1041,"{'bay_window': '', 'flat_roof': '', 'roof': '', 'ac_platform': '', 'plant_room': '', 'garden': '', 'yard': ''}",9.6,8.6778,9222,8336.023054755044,7868191,290119,ASP,HRB,淺水灣/壽臣山,1989/11,1989,37,35,19.0,5,blank,HONG KONG PARKVIEW,陽明山莊,True
2342,1999-08-31,"TWIN BROOK,REPULSE BAY RD|雙溪,淺水灣道",9507.934553877218,2700,2440,"{'bay_window': '', 'flat_roof': '', 'roof': '', 'ac_platform': '', 'plant_room': '', 'garden': '', 'yard': ''}",17.8,17.0705,7295,6996.106557377049,7870615,292142,ASP,HRB,淺水灣/壽臣山,1974/04,1974,52,B,12.0,blank,blank,blank,,True
2345,1999-08-25,"37 REPULSE BAY RD(Block 3),REPULSE BAY RD|淺水灣道 37號3座,淺水灣道",13518.206449024274,1740,1289,"{'bay_window': '44', 'flat_roof': '', 'roof': '', 'ac_platform': '', 'plant_room': '', 'garden': '', 'yard': ''}",13.9,12.8216,10784,9946.935608999223,7874265,294490,ASP,HRB,淺水灣/壽臣山,1994/02,1994,32,B,11.0,3,blank,37 REPULSE BAY RD,淺水灣道 37號,True
2346,1999-08-25,"37 REPULSE BAY RD(Block 3),REPULSE BAY RD|淺水灣道 37號3座,淺水灣道",15716.699684793655,1220,882,"{'bay_window': '56', 'flat_roof': '', 'roof': '', 'ac_platform': '', 'plant_room': '', 'garden': '', 'yard': ''}",10.2,10.2,11565,11564.625850340137,7874849,294920,ASP,HRB,淺水灣/壽臣山,1994/02,1994,32,A,20.0,3,blank,37 REPULSE BAY RD,淺水灣道 37號,False
2348,1999-08-31,"TWIN BROOK,REPULSE BAY RD|雙溪,淺水灣道",9507.934553877218,2700,2440,"{'bay_window': '', 'flat_roof': '', 'roof': '', 'ac_platform': '', 'plant_room': '', 'garden': '', 'yard': ''}",17.8,17.0705,7295,6996.106557377049,7876445,296406,ASP,HRB,淺水灣/壽臣山,1974/04,1974,52,B,16.0,blank,blank,blank,,True
2349,1999-09-09,"REPULSE BAY GARDEN(Block 11),BELLEVIEW DR|淺水灣新村11座,麗景道",9301.754826345212,1728,1459,"{'bay_window': '', 'flat_roof': '', 'roof': '', 'ac_platform': '', 'plant_room': '', 'garden': '', 'yard': ''}",10.38,9.6686,7114,6626.867717614805,7877404,297148,ASP,HRB,淺水灣/壽臣山,1976/12,1976,50,whole floor,12.0,11,blank,REPULSE BAY GARDEN,淺水灣新村,True
2351,1999-08-30,"SOUTH BAY TOWERS,SOUTH BAY RD|南灣大廈,南灣道",9575.68095087253,1433,1125,"{'bay_window': '', 'flat_roof': '', 'roof': '', 'ac_platform': '', 'plant_room': '', 'garden': '', 'yard': ''}",8.7,7.926699999999999,7733,7045.955555555554,7877758,297189,PRO-ASP,HRB,淺水灣/壽臣山,1984/11,1984,42,A,3.0,blank,blank,blank,,True
2353,1999-09-10,"PARKVIEW SUITE(Block 4,HONG KONG PARKVIEW),TAI TAM RESERVOIR RD|陽明山莊,4座(陽明居),大潭水塘道",10604.533027342908,2105,1747,"{'bay_window': '', 'flat_roof': '', 'roof': '', 'ac_platform': '', 'plant_room': '', 'garden': '', 'yard': ''}",14.0,13.1986,8014,7555.008586147682,7879275,298048,ASP,HRB,淺水灣/壽臣山,1989/11,1989,37,31,20.0,4,blank,HONG KONG PARKVIEW,陽明山莊,True
2354,1995-09-27,"37 REPULSE BAY RD(Block 3),REPULSE BAY RD|淺水灣道 37號3座,淺水灣道",9183.673469387755,1220,882,"{'bay_window': '56', 'flat_roof': '', 'roof': '', 'ac_platform': '', 'plant_room': '', 'garden': '', 'yard': ''}",8.1,8.1,9184,9183.673469387755,7881342,4952412,ASP,HRB,淺水灣/壽臣山,1994/02,1994,32,A,12.0,3,blank,37 REPULSE BAY RD,淺水灣道 37號,False
2356,1999-09-02,"PARK PLACE(Block C),TAI TAM RESERVOIR RD|雅柏苑C座,大潭水塘道",12877.052410256312,2288,2075,"{'bay_window': '', 'flat_roof': '', 'roof': '', 'ac_platform': '', 'plant_room': '', 'garden': '', 'yard': ''}",20.0,19.0361,9639,9174.024096385541,7881956,300585,ASP,HRB,淺水灣/壽臣山,1985/01,1985,41,1,5.0,C,blank,PARK PLACE,雅柏苑,True
2357,1999-09-15,"PINE CREST,REPULSE BAY RD|松苑,淺水灣道",11836.217488492084,2250,1920,"{'bay_window': '', 'flat_roof': '', 'roof': '', 'ac_platform': '', 'plant_room': '', 'garden': '', 'yard': ''}",17.08,16.190399999999997,8896,8432.499999999998,7883049,299968,ASP,HRB,淺水灣/壽臣山,1982/11,1982,44,B,1.0,blank,blank,blank,,True
2360,1999-08-27,"REPULSE BAY GARDEN(Block 2),BELLEVIEW DR|淺水灣新村2座,麗景道",8467.221886332789,2288,2110,"{'bay_window': '', 'flat_roof': '', 'roof': '', 'ac_platform': '', 'plant_room': '', 'garden': '', 'yard': ''}",13.8,13.146,6540,6230.331753554502,7886294,302658,ASP,HRB,淺水灣/壽臣山,1973/11,1973,53,whole floor,8.0,2,blank,REPULSE BAY GARDEN,淺水灣新村,True
2363,1999-09-01,"PARKVIEW SUITE(Block 5,HONG KONG PARKVIEW),TAI TAM RESERVOIR RD|陽明山莊,5座(陽明居),大潭水塘道",11504.528426401583,1213,1051,"{'bay_window': '', 'flat_roof': '', 'roof': '', 'ac_platform': '', 'plant_room': '', 'garden': '', 'yard': ''}",9.52,8.6142,9058,8196.194100856328,7887171,303562,PRO-ASP,HRB,淺水灣/壽臣山,1989/11,1989,37,39,7.0,5,blank,HONG KONG PARKVIEW,陽明山莊,True
2364,1999-09-20,"PARKVIEW SUITE(Block 5,HONG KONG PARKVIEW),TAI TAM RESERVOIR RD|陽明山莊,5座(陽明居),大潭水塘道",12426.485670542797,1299,1041,"{'bay_window': '', 'flat_roof': '', 'roof': '', 'ac_platform': '', 'plant_room': '', 'garden': '', 'yard': ''}",9.216,9.216,8853,8853.025936599424,7888577,304120,PRE-ASP,HRB,淺水灣/壽臣山,1989/11,1989,37,35,8.0,5,blank,HONG KONG PARKVIEW,陽明山莊,False
2366,1999-09-13,"PARKVIEW SUITE(Block 5,HONG KONG PARKVIEW),TAI TAM RESERVOIR RD|陽明山莊,5座(陽明居),大潭水塘道",12357.815420285238,1309,1048,"{'bay_window': '', 'flat_roof': '', 'roof': '', 'ac_platform': '', 'plant_room': '', 'garden': '', 'yard': ''}",10.2,9.2267,9733,8804.103053435114,7889215,305501,ASP,HRB,淺水灣/壽臣山,1989/11,1989,37,41,21.0,5,blank,HONG KONG PARKVIEW,陽明山莊,True
2368,1999-09-14,"PARKVIEW HEIGHTS(Block 13,HONG KONG PARKVIEW),TAI TAM RESERVOIR RD|陽明山莊,13座(摘星樓),大潭水塘道",11345.362159259854,2700,2308,"{'bay_window': '', 'flat_roof': '', 'roof': '', 'ac_platform': '', 'plant_room': '', 'garden': '', 'yard': ''}",19.5,18.6551,8449,8082.798960138648,7890443,305913,ASP,HRB,淺水灣/壽臣山,1989/11,1989,37,75,12.0,13,blank,HONG KONG PARKVIEW,陽明山莊,True
2369,1999-09-15,"GRAND GARDEN(Block 3),SOUTH BAY RD|華景園3座,南灣道",12491.382447383743,1657,1217,"{'bay_window': '', 'flat_roof': '', 'roof': '', 'ac_platform': '', 'plant_room': '', 'garden': '', 'yard': ''}",11.8,10.8304,9696,8899.260476581758,7891499,306685,ASP,HRB,淺水灣/壽臣山,1986/12,1986,40,B,25.0,3,blank,GRAND GARDEN,華景園,True
2370,1999-09-21,"PARKVIEW RISE(Block 6,HONG KONG PARKVIEW),TAI TAM RESERVOIR RD|陽明山莊,6座(凌雲閣),大潭水塘道",11880.983734584415,2722,2199,"{'bay_window': '', 'flat_roof': '', 'roof': '', 'ac_platform': '', 'plant_room': '', 'garden': '', 'yard': ''}",19.5,18.6132,8868,8464.392905866303,7892303,307332,PRO-ASP,HRB,淺水灣/壽臣山,1989/11,1989,37,43,5.0,6,blank,HONG KONG PARKVIEW,陽明山莊,True
2375,1999-09-18,"PARKVIEW SUITE(Block 3,HONG KONG PARKVIEW),TAI TAM RESERVOIR RD|陽明山莊,3座(陽明居),大潭水塘道",11394.208328045566,1290,1091,"{'bay_window': '', 'flat_roof': '', 'roof': '', 'ac_platform': '', 'plant_room': '', 'garden': '', 'yard': ''}",9.75,8.8563,8937,8117.598533455545,7893897,308295,ASP,HRB,淺水灣/壽臣山,1989/11,1989,37,21,15.0,3,blank,HONG KONG PARKVIEW,陽明山莊,True
2377,1999-09-15,"PARKVIEW SUITE(Block 3,HONG KONG PARKVIEW),TAI TAM RESERVOIR RD|陽明山莊,3座(陽明居),大潭水塘道",11218.978133237373,1290,1091,"{'bay_window': '', 'flat_roof': '', 'roof': '', 'ac_platform': '', 'plant_room': '', 'garden': '', 'yard': ''}",9.6,8.7201,8799,7992.75893675527,7894970,309917,ASP,HRB,淺水灣/壽臣山,1989/11,1989,37,21,10.0,3,blank,HONG KONG PARKVIEW,陽明山莊,True
2379,1999-09-24,"PARKVIEW RISE(Block 6,HONG KONG PARKVIEW),TAI TAM RESERVOIR RD|陽明山莊,6座(凌雲閣),大潭水塘道",11654.135700005128,2583,2087,"{'bay_window': '', 'flat_roof': '', 'roof': '', 'ac_platform': '', 'plant_room': '', 'garden': '', 'yard': ''}",18.2,17.3279,8721,8302.779108768567,7895828,310344,PRO-ASP,HRB,淺水灣/壽臣山,1989/11,1989,37,45,9.0,6,blank,HONG KONG PARKVIEW,陽明山莊,True
2380,1999-09-24,"PARKVIEW RISE(Block 6,HONG KONG PARKVIEW),TAI TAM RESERVOIR RD|陽明山莊,6座(凌雲閣),大潭水塘道",11728.68307058941,2722,2199,"{'bay_window': '', 'flat_roof': '', 'roof': '', 'ac_platform': '', 'plant_room': '', 'garden': '', 'yard': ''}",19.25,18.3746,8754,8355.889040472943,7895829,310345,PRO-ASP,HRB,淺水灣/壽臣山,1989/11,1989,37,43,7.0,6,blank,HONG KONG PARKVIEW,陽明山莊,True
2382,1999-09-14,"PARKVIEW HEIGHTS(Block 13,HONG KONG PARKVIEW),TAI TAM RESERVOIR RD|陽明山莊,13座(摘星樓),大潭水塘道",10356.304878430252,2700,2308,"{'bay_window': '', 'flat_roof': '', 'roof': '', 'ac_platform': '', 'plant_room': '', 'garden': '', 'yard': ''}",17.8,17.0288,7712,7378.162911611785,7896506,311333,PRO-ASP,HRB,淺水灣/壽臣山,1989/11,1989,37,75,5.0,13,blank,HONG KONG PARKVIEW,陽明山莊,True
2383,1999-09-29,"3 REPULSE BAY RD,REPULSE BAY RD|淺水灣三號,淺水灣道",21429.698461095322,2078,1741,"{'bay_window': '', 'flat_roof': '', 'roof': '', 'ac_platform': '', 'plant_room': '', 'garden': '', 'yard': ''}",28.2,26.5802,16198,15267.202757036186,7898174,312408,ASP,HRB,淺水灣/壽臣山,1997/07,1997,29,B,13.0,blank,blank,blank,,True
2384,1999-10-05,"PARKVIEW SUITE(Block 3,HONG KONG PARKVIEW),TAI TAM RESERVOIR RD|陽明山莊,3座(陽明居),大潭水塘道",12321.872458332551,1235,1012,"{'bay_window': '', 'flat_roof': '', 'roof': '', 'ac_platform': '', 'plant_room': '', 'garden': '', 'yard': ''}",9.65,8.6964,9536,8593.280632411068,7898248,312422,PRO-ASP,HRB,淺水灣/壽臣山,1989/11,1989,37,25,1.0,3,blank,HONG KONG PARKVIEW,陽明山莊,True
2394,1999-10-06,"PARKVIEW RISE(Block 7,HONG KONG PARKVIEW),TAI TAM RESERVOIR RD|陽明山莊,7座(凌雲閣),大潭水塘道",11897.179512869892,1924,1517,"{'bay_window': '', 'flat_roof': '', 'roof': '', 'ac_platform': '', 'plant_room': '', 'garden': '', 'yard': ''}",13.475,12.5867,8883,8297.099538562954,7902865,317806,PRO-ASP,HRB,淺水灣/壽臣山,1988/00,1988,38,51,1.0,7,blank,HONG KONG PARKVIEW,陽明山莊,True
2399,1999-10-17,"REPULSE BAY GARDEN(Block 2),BELLEVIEW DR|淺水灣新村2座,麗景道",9581.008999177295,2288,2110,"{'bay_window': '', 'flat_roof': '', 'roof': '', 'ac_platform': '', 'plant_room': '', 'garden': '', 'yard': ''}",14.8,14.0986,7014,6681.800947867298,7911372,325805,PRO-ASP,HRB,淺水灣/壽臣山,1973/11,1973,53,whole floor,18.0,2,blank,REPULSE BAY GARDEN,淺水灣新村,True
2400,1999-10-05,"REPULSE BAY GARDEN(Block 7),BELLEVIEW DR|淺水灣新村7座,麗景道",9839.925801461675,2288,2110,"{'bay_window': '', 'flat_roof': '', 'roof': '', 'ac_platform': '', 'plant_room': '', 'garden': '', 'yard': ''}",15.2,14.4796,7204,6862.369668246445,7913755,329149,PRO-ASP,HRB,淺水灣/壽臣山,1973/11,1973,53,whole floor,14.0,7,blank,REPULSE BAY GARDEN,淺水灣新村,True
2403,1999-10-30,"THE BEACHSIDE(Block A),REPULSE BAY RD|THE BEACHSIDEA座,淺水灣道",10331.1387666672,929,688,"{'bay_window': '20', 'flat_roof': '', 'roof': '', 'ac_platform': '', 'plant_room': '', 'garden': '', 'yard': ''}",5.8,4.957,8430,7204.941860465116,7915228,329880,ASP,HRB,淺水灣/壽臣山,1993/12,1993,33,F,2.0,A,blank,THE BEACHSIDE,THE BEACHSIDE,True
2407,1999-10-27,"37 REPULSE BAY RD(Block 2),REPULSE BAY RD|淺水灣道 37號2座,淺水灣道",14936.438501279134,1635,1211,"{'bay_window': '32', 'flat_roof': '', 'roof': '', 'ac_platform': '', 'plant_room': '', 'garden': '', 'yard': ''}",13.75,12.6146,11354,10416.680429397193,7916566,332522,ASP,HRB,淺水灣/壽臣山,1994/02,1994,32,A,20.0,2,blank,37 REPULSE BAY RD,淺水灣道 37號,True
2411,1999-10-13,"PARKVIEW SUITE(Block 5,HONG KONG PARKVIEW),TAI TAM RESERVOIR RD|陽明山莊,5座(陽明居),大潭水塘道",11874.984254781875,1263,1012,"{'bay_window': '', 'flat_roof': '', 'roof': '', 'ac_platform': '', 'plant_room': '', 'garden': '', 'yard': ''}",9.3,8.381,9190,8281.620553359684,7920254,334677,ASP,HRB,淺水灣/壽臣山,1989/11,1989,37,37,7.0,5,blank,HONG KONG PARKVIEW,陽明山莊,True
2412,1999-11-09,"PARKVIEW SUITE(Block 3,HONG KONG PARKVIEW),TAI TAM RESERVOIR RD|陽明山莊,3座(陽明居),大潭水塘道",12365.014103843183,1290,1091,"{'bay_window': '', 'flat_roof': '', 'roof': '', 'ac_platform': '', 'plant_room': '', 'garden': '', 'yard': ''}",9.8,8.9017,8983,8159.211732355637,7920553,335292,ASP,HRB,淺水灣/壽臣山,1989/11,1989,37,21,12.0,3,blank,HONG KONG PARKVIEW,陽明山莊,True
2413,1999-11-11,"PARKVIEW HEIGHTS(Block 13,HONG KONG PARKVIEW),TAI TAM RESERVOIR RD|陽明山莊,13座(摘星樓),大潭水塘道",11621.029794460079,2700,2308,"{'bay_window': '', 'flat_roof': '', 'roof': '', 'ac_platform': '', 'plant_room': '', 'garden': '', 'yard': ''}",18.5,17.6984,8016,7668.2842287694975,7921656,336014,ASP,HRB,淺水灣/壽臣山,1989/11,1989,37,73,3.0,13,blank,HONG KONG PARKVIEW,陽明山莊,True
2414,1999-11-13,"37 REPULSE BAY RD(Block 1),REPULSE BAY RD|淺水灣道 37號1座,淺水灣道",14965.851415329365,1745,1289,"{'bay_window': '44', 'flat_roof': '', 'roof': '', 'ac_platform': '', 'plant_room': '', 'garden': '', 'yard': ''}",13.8,12.7294,10706,9875.407292474787,7922231,336075,ASP,HRB,淺水灣/壽臣山,1994/02,1994,32,B,5.0,1,blank,37 REPULSE BAY RD,淺水灣道 37號,True
2428,1999-10-30,"PARKVIEW HEIGHTS(Block 13,HONG KONG PARKVIEW),TAI TAM RESERVOIR RD|陽明山莊,13座(摘星樓),大潭水塘道",10579.519773948314,2700,2308,"{'bay_window': '', 'flat_roof': '', 'roof': '', 'ac_platform': '', 'plant_room': '', 'garden': '', 'yard': ''}",17.8,17.0288,7712,7378.162911611785,7938020,345895,ASP,HRB,淺水灣/壽臣山,1989/11,1989,37,73,5.0,13,blank,HONG KONG PARKVIEW,陽明山莊,True
2431,1999-12-06,"PARKVIEW SUITE(Block 4,HONG KONG PARKVIEW),TAI TAM RESERVOIR RD|陽明山莊,4座(陽明居),大潭水塘道",11407.965839319195,1903,1579,"{'bay_window': '', 'flat_roof': '', 'roof': '', 'ac_platform': '', 'plant_room': '', 'garden': '', 'yard': ''}",13.5,12.645,8550,8008.233058898037,7942142,349281,ASP,HRB,淺水灣/壽臣山,1989/11,1989,37,33,7.0,4,blank,HONG KONG PARKVIEW,陽明山莊,True
2436,1999-12-14,"PARKVIEW CRESCENT(Block 10,HONG KONG PARKVIEW),TAI TAM RESERVOIR RD|陽明山莊,10座(環翠軒),大潭水塘道",11318.381154214307,2771,2342,"{'bay_window': '', 'flat_roof': '', 'roof': '', 'ac_platform': '', 'plant_room': '', 'garden': '', 'yard': ''}",19.438,18.608,8300,7945.34585824082,7946595,352273,ASP,HRB,淺水灣/壽臣山,1989/11,1989,37,61,11.0,10,blank,HONG KONG PARKVIEW,陽明山莊,True
2440,1999-12-08,"37 REPULSE BAY RD(Block 1),REPULSE BAY RD|淺水灣道 37號1座,淺水灣道",14608.11554497022,1745,1289,"{'bay_window': '44', 'flat_roof': '', 'roof': '', 'ac_platform': '', 'plant_room': '', 'garden': '', 'yard': ''}",14.33,13.2183,11117,10254.693560899923,7949943,354267,ASP,HRB,淺水灣/壽臣山,1994/02,1994,32,B,19.0,1,blank,37 REPULSE BAY RD,淺水灣道 37號,True
2443,1999-12-15,"MONTE VERDE,REPULSE BAY RD|南山別墅,淺水灣道",12759.788709910736,2215,1960,"{'bay_window': '', 'flat_roof': '', 'roof': '', 'ac_platform': '', 'plant_room': '', 'garden': '', 'yard': ''}",18.5,17.5561,9439,8957.19387755102,7950663,355036,ASP,HRB,淺水灣/壽臣山,1974/05,1974,52,A,7.0,blank,blank,blank,,True
2444,1999-12-20,"PARKVIEW SUITE(Block 3,HONG KONG PARKVIEW),TAI TAM RESERVOIR RD|陽明山莊,3座(陽明居),大潭水塘道",11445.20173049841,1290,1091,"{'bay_window': '', 'flat_roof': '', 'roof': '', 'ac_platform': '', 'plant_room': '', 'garden': '', 'yard': ''}",9.65,8.765500000000001,8845,8034.372135655363,7951163,355095,ASP,HRB,淺水灣/壽臣山,1989/11,1989,37,21,5.0,3,blank,HONG KONG PARKVIEW,陽明山莊,True
2446,1999-12-28,"MING WAI GARDEN,REPULSE BAY RD|明慧園,淺水灣道",12715.10740038341,0,1630,"{'bay_window': '', 'flat_roof': '', 'roof': '', 'ac_platform': '', 'plant_room': '', 'garden': '', 'yard': ''}",15.5,14.5491,9509,8925.828220858895,7954759,357638,ASP,HRB,淺水灣/壽臣山,1973/12,1973,53,A,6.0,blank,blank,blank,,True
2447,1999-12-17,"MANHATTAN TOWER,REPULSE BAY RD|MANHATTAN TOWER,淺水灣道",14554.930897330481,2243,1999,"{'bay_window': '', 'flat_roof': '', 'roof': '', 'ac_platform': '', 'plant_room': '', 'garden': '', 'yard': ''}",21.5,20.4245,10755,10217.35867933967,7955762,358395,ASP,HRB,淺水灣/壽臣山,1978/07,1978,48,A,9.0,blank,blank,blank,,True
2449,1999-12-24,"PARKVIEW SUITE(Block 4,HONG KONG PARKVIEW),TAI TAM RESERVOIR RD|陽明山莊,4座(陽明居),大潭水塘道",11237.607299622814,1857,1541,"{'bay_window': '', 'flat_roof': '', 'roof': '', 'ac_platform': '', 'plant_room': '', 'garden': '', 'yard': ''}",13.0,12.1564,8436,7888.643737832576,7957993,360341,ASP,HRB,淺水灣/壽臣山,1989/11,1989,37,29,3.0,4,blank,HONG KONG PARKVIEW,陽明山莊,True
2450,1999-12-23,"3 REPULSE BAY RD,REPULSE BAY RD|淺水灣三號,淺水灣道",17376.88283969808,2161,1796,"{'bay_window': '', 'flat_roof': '', 'roof': '', 'ac_platform': '', 'plant_room': '', 'garden': '', 'yard': ''}",23.2,21.9082,12918,12198.329621380846,7958055,360351,ASP,HRB,淺水灣/壽臣山,1997/07,1997,29,A,5.0,blank,blank,blank,,True
2454,1999-12-29,"PARKVIEW SUITE(Block 3,HONG KONG PARKVIEW),TAI TAM RESERVOIR RD|陽明山莊,3座(陽明居),大潭水塘道",12368.35243542498,1235,1012,"{'bay_window': '', 'flat_roof': '', 'roof': '', 'ac_platform': '', 'plant_room': '', 'garden': '', 'yard': ''}",9.75,8.7866,9634,8682.411067193676,7960085,361293,ASP,HRB,淺水灣/壽臣山,1989/11,1989,37,25,6.0,3,blank,HONG KONG PARKVIEW,陽明山莊,True
2458,1999-12-28,"PARKVIEW SUITE(Block 5,HONG KONG PARKVIEW),TAI TAM RESERVOIR RD|陽明山莊,5座(陽明居),大潭水塘道",11681.007614047976,1309,1048,"{'bay_window': '', 'flat_roof': '', 'roof': '', 'ac_platform': '', 'plant_room': '', 'garden': '', 'yard': ''}",9.5,8.5935,9065,8199.904580152672,7961590,362621,ASP,HRB,淺水灣/壽臣山,1989/11,1989,37,41,3.0,5,blank,HONG KONG PARKVIEW,陽明山莊,True
2460,1999-12-14,"PINE CREST,REPULSE BAY RD|松苑,淺水灣道",13151.673680992653,2250,1920,"{'bay_window': '', 'flat_roof': '', 'roof': '', 'ac_platform': '', 'plant_room': '', 'garden': '', 'yard': ''}",18.7,17.726,9740,9232.291666666666,7962577,362731,PRO-ASP,HRB,淺水灣/壽臣山,1982/11,1982,44,A,13.0,blank,blank,blank,,True
2465,1999-12-16,"SOUTH BAY TOWERS,SOUTH BAY RD|南灣大廈,南灣道",10051.602857984368,2738,2161,"{'bay_window': '107', 'flat_roof': '', 'roof': '', 'ac_platform': '', 'plant_room': '', 'garden': '', 'yard': ''}",15.988,15.2482,7398,7056.085145765849,7968197,367187,PRO-ASP,HRB,淺水灣/壽臣山,1984/11,1984,42,B,9.0,blank,blank,blank,,True
2467,2000-01-07,"SOUTH BAY TOWERS,SOUTH BAY RD|南灣大廈,南灣道",9534.208739039517,1433,1145,"{'bay_window': '', 'flat_roof': '', 'roof': '', 'ac_platform': '', 'plant_room': '', 'garden': '', 'yard': ''}",8.5,7.7576,7424,6775.196506550218,7968630,367256,ASP,HRB,淺水灣/壽臣山,1984/11,1984,42,D,23.0,blank,blank,blank,,True
2470,2000-01-11,"SOUTH BAY TOWERS,SOUTH BAY RD|南灣大廈,南灣道",10655.93096190759,1433,1145,"{'bay_window': '', 'flat_roof': '', 'roof': '', 'ac_platform': '', 'plant_room': '', 'garden': '', 'yard': ''}",9.5,8.6703,8297,7572.31441048035,7972817,370981,ASP,HRB,淺水灣/壽臣山,1984/11,1984,42,A,16.0,blank,blank,blank,,True
2471,1999-12-30,"RIDGE COURT,REPULSE BAY RD|冠園,淺水灣道",12052.7336302347,0,1880,"{'bay_window': '', 'flat_roof': '', 'roof': '', 'ac_platform': '', 'plant_room': '', 'garden': '', 'yard': ''}",16.8,15.9064,8936,8460.851063829787,7973401,369984,ASP,HRB,淺水灣/壽臣山,1969/00,1969,57,B,12.0,blank,blank,blank,,True
2472,1999-12-30,"PARKVIEW RISE(Block 6,HONG KONG PARKVIEW),TAI TAM RESERVOIR RD|陽明山莊,6座(凌雲閣),大潭水塘道",13727.309759537466,2722,2199,"{'bay_window': '', 'flat_roof': '', 'roof': '', 'ac_platform': '', 'plant_room': '', 'garden': '', 'yard': ''}",22.2,21.1904,10096,9636.38017280582,7973607,370065,PRO-ASP,HRB,淺水灣/壽臣山,1989/11,1989,37,43,12.0,6,blank,HONG KONG PARKVIEW,陽明山莊,True
2474,2000-01-06,"PARKVIEW CRESCENT(Block 10,HONG KONG PARKVIEW),TAI TAM RESERVOIR RD|陽明山莊,10座(環翠軒),大潭水塘道",11101.495119127889,2771,2342,"{'bay_window': '', 'flat_roof': '', 'roof': '', 'ac_platform': '', 'plant_room': '', 'garden': '', 'yard': ''}",19.3,18.4759,8241,7888.941076003416,7976980,372497,PRO-ASP,HRB,淺水灣/壽臣山,1989/11,1989,37,63,7.0,10,blank,HONG KONG PARKVIEW,陽明山莊,True
2477,2000-01-04,"37 REPULSE BAY RD(Block 1),REPULSE BAY RD|淺水灣道 37號1座,淺水灣道",16790.68111477304,0,2158,"{'bay_window': '23', 'flat_roof': '181', 'roof': '844', 'ac_platform': '', 'plant_room': '', 'garden': '', 'yard': ''}",27.0,25.7488,12512,11931.788693234477,7981674,376662,ASP,HRB,淺水灣/壽臣山,1994/02,1994,32,B,22.0,1,blank,37 REPULSE BAY RD,淺水灣道 37號,True
2478,2000-01-14,"MONTE VERDE,REPULSE BAY RD|南山別墅,淺水灣道",12264.087389766435,2215,1960,"{'bay_window': '', 'flat_roof': '', 'roof': '', 'ac_platform': '', 'plant_room': '', 'garden': '', 'yard': ''}",18.0,17.0816,9184,8715.102040816326,7984879,378105,ASP,HRB,淺水灣/壽臣山,1974/05,1974,52,B,19.0,blank,blank,blank,,True
2479,2000-01-19,"37 REPULSE BAY RD(Block 1),REPULSE BAY RD|淺水灣道 37號1座,淺水灣道",13594.81707425347,1745,1289,"{'bay_window': '44', 'flat_roof': '25', 'roof': '', 'ac_platform': '', 'plant_room': '', 'garden': '', 'yard': ''}",13.5,12.4527,10473,9660.744763382467,7984897,378106,ASP,HRB,淺水灣/壽臣山,1994/02,1994,32,B,1.0,1,blank,37 REPULSE BAY RD,淺水灣道 37號,True
2480,2000-01-21,"PARKVIEW RISE(Block 8,HONG KONG PARKVIEW),TAI TAM RESERVOIR RD|陽明山莊,8座(凌雲閣),大潭水塘道",10668.909020722644,2366,1939,"{'bay_window': '', 'flat_roof': '', 'roof': '', 'ac_platform': '', 'plant_room': '', 'garden': '', 'yard': ''}",15.5,14.7006,7994,7581.5368746776685,7986467,378953,ASP,HRB,淺水灣/壽臣山,1989/11,1989,37,53,12.0,8,blank,HONG KONG PARKVIEW,陽明山莊,True
2481,2000-01-19,"PARKVIEW RISE(Block 8,HONG KONG PARKVIEW),TAI TAM RESERVOIR RD|陽明山莊,8座(凌雲閣),大潭水塘道",11013.05801175884,2366,1939,"{'bay_window': '', 'flat_roof': '', 'roof': '', 'ac_platform': '', 'plant_room': '', 'garden': '', 'yard': ''}",16.0,15.1748,8252,7826.095925734915,7986468,378954,ASP,HRB,淺水灣/壽臣山,1989/11,1989,37,53,6.0,8,blank,HONG KONG PARKVIEW,陽明山莊,True
2482,2000-01-12,"SOUTH BAY TOWERS,SOUTH BAY RD|南灣大廈,南灣道",10768.140054652034,1433,1145,"{'bay_window': '', 'flat_roof': '', 'roof': '', 'ac_platform': '', 'plant_room': '', 'garden': '', 'yard': ''}",9.6,8.7616,8384,7652.052401746725,7987053,378998,ASP,HRB,淺水灣/壽臣山,1984/11,1984,42,A,25.0,blank,blank,blank,,True
2485,2000-01-26,"REPULSE BAY GARDEN(Block 3),BELLEVIEW DR|淺水灣新村3座,麗景道",11602.428617308804,2810,2625,"{'bay_window': '', 'flat_roof': '', 'roof': '', 'ac_platform': '', 'plant_room': '', 'garden': '', 'yard': ''}",22.5,21.6429,8571,8244.914285714285,7988242,380253,ASP,HRB,淺水灣/壽臣山,1973/11,1973,53,whole floor,8.0,3,blank,REPULSE BAY GARDEN,淺水灣新村,True
2488,2000-01-05,"PARKVIEW SUITE(Block 5,HONG KONG PARKVIEW),TAI TAM RESERVOIR RD|陽明山莊,5座(陽明居),大潭水塘道",12117.377090312224,1213,1051,"{'bay_window': '', 'flat_roof': '', 'roof': '', 'ac_platform': '', 'plant_room': '', 'garden': '', 'yard': ''}",9.05,9.05,8611,8610.846812559466,7992698,382614,ASP,HRB,淺水灣/壽臣山,1989/11,1989,37,39,18.0,5,blank,HONG KONG PARKVIEW,陽明山莊,False
2489,2000-01-28,"PARKVIEW SUITE(Block 5,HONG KONG PARKVIEW),TAI TAM RESERVOIR RD|陽明山莊,5座(陽明居),大潭水塘道",12267.945248833956,1309,1048,"{'bay_window': '', 'flat_roof': '', 'roof': '', 'ac_platform': '', 'plant_room': '', 'garden': '', 'yard': ''}",10.1,9.1363,9637,8717.84351145038,7995187,383764,ASP,HRB,淺水灣/壽臣山,1989/11,1989,37,41,19.0,5,blank,HONG KONG PARKVIEW,陽明山莊,True
2495,2000-02-03,"37 REPULSE BAY RD(Block 1),REPULSE BAY RD|淺水灣道 37號1座,淺水灣道",12592.39058700495,1225,882,"{'bay_window': '56', 'flat_roof': '', 'roof': '', 'ac_platform': '', 'plant_room': '', 'garden': '', 'yard': ''}",9.9,8.7776,11224,9951.927437641723,8001682,388012,ASP,HRB,淺水灣/壽臣山,1994/02,1994,32,A,11.0,1,blank,37 REPULSE BAY RD,淺水灣道 37號,True
2496,2000-01-27,"SOUTH BAY TOWERS,SOUTH BAY RD|南灣大廈,南灣道",8951.041000734596,1433,1145,"{'bay_window': '', 'flat_roof': '', 'roof': '', 'ac_platform': '', 'plant_room': '', 'garden': '', 'yard': ''}",7.98,7.2831,6969,6360.7860262008735,8002253,388656,MEM-ASP,HRB,淺水灣/壽臣山,1984/11,1984,42,D,18.0,blank,blank,blank,,True
2498,2000-02-02,"37 REPULSE BAY RD(Block 2),REPULSE BAY RD|淺水灣道 37號2座,淺水灣道",13640.503193731613,1635,1211,"{'bay_window': '32', 'flat_roof': '', 'roof': '', 'ac_platform': '', 'plant_room': '', 'garden': '', 'yard': ''}",14.23,13.0549,11751,10780.264244426095,8005782,390453,ASP,HRB,淺水灣/壽臣山,1994/02,1994,32,A,7.0,2,blank,37 REPULSE BAY RD,淺水灣道 37號,True
2500,2000-02-17,"RIDGE COURT,REPULSE BAY RD|冠園,淺水灣道",8061.109334050879,0,1880,"{'bay_window': '', 'flat_roof': '', 'roof': '', 'ac_platform': '', 'plant_room': '', 'garden': '', 'yard': ''}",12.65,11.9771,6729,6370.797872340426,8009778,392449,ASP,HRB,淺水灣/壽臣山,1969/00,1969,57,C,1.0,blank,blank,blank,,True
2501,2000-02-12,"37 REPULSE BAY RD(Block 3),REPULSE BAY RD|淺水灣道 37號3座,淺水灣道",13840.990818340804,1740,1289,"{'bay_window': '44', 'flat_roof': '', 'roof': '', 'ac_platform': '', 'plant_room': '', 'garden': '', 'yard': ''}",14.1,14.1,10939,10938.712179984484,8011631,394044,ASP,HRB,淺水灣/壽臣山,1994/02,1994,32,B,22.0,3,blank,37 REPULSE BAY RD,淺水灣道 37號,False
2503,2000-02-14,"37 REPULSE BAY RD(Block 2),REPULSE BAY RD|淺水灣道 37號2座,淺水灣道",13825.480508056808,1680,1255,"{'bay_window': '44', 'flat_roof': '', 'roof': '', 'ac_platform': '', 'plant_room': '', 'garden': '', 'yard': ''}",14.9,13.7127,11873,10926.454183266933,8013682,395334,ASP,HRB,淺水灣/壽臣山,1994/02,1994,32,B,3.0,2,blank,37 REPULSE BAY RD,淺水灣道 37號,True
2504,2000-02-12,"MING WAI GARDEN,REPULSE BAY RD|明慧園,淺水灣道",10332.245084094944,0,1630,"{'bay_window': '', 'flat_roof': '', 'roof': '', 'ac_platform': '', 'plant_room': '', 'garden': '', 'yard': ''}",14.18,13.3101,8699,8165.705521472392,8015012,396810,PRO-ASP,HRB,淺水灣/壽臣山,1973/12,1973,53,A,2.0,blank,blank,blank,,True
2510,2000-03-13,"PINE CREST,REPULSE BAY RD|松苑,淺水灣道",14016.247251948758,2250,1920,"{'bay_window': '', 'flat_roof': '', 'roof': '', 'ac_platform': '', 'plant_room': '', 'garden': '', 'yard': ''}",20.38,19.3185,10615,10061.71875,8038702,411735,ASP,HRB,淺水灣/壽臣山,1982/11,1982,44,B,9.0,blank,blank,blank,,True
2511,2000-03-09,"SPLENDOUR VILLA,SOUTH BAY RD|雅景閣,南灣道",17217.2910774021,0,1169,"{'bay_window': '', 'flat_roof': '', 'roof': '', 'ac_platform': '', 'plant_room': '', 'garden': '', 'yard': ''}",15.8,14.4484,13516,12359.623609923012,8039097,411847,ASP,HRB,淺水灣/壽臣山,1993/08,1993,33,H,2.0,blank,blank,blank,,True
2512,2000-03-10,"PARK PLACE(Block C),TAI TAM RESERVOIR RD|雅柏苑C座,大潭水塘道",15846.808161974113,2288,2075,"{'bay_window': '', 'flat_roof': '', 'roof': '', 'ac_platform': '', 'plant_room': '', 'garden': '', 'yard': ''}",24.8,23.6048,11952,11375.807228915663,8040564,413083,ASP,HRB,淺水灣/壽臣山,1985/01,1985,41,2,7.0,C,blank,PARK PLACE,雅柏苑,True
2513,2000-03-03,"PINE CREST,REPULSE BAY RD|松苑,淺水灣道",14992.889870467185,2250,1920,"{'bay_window': '', 'flat_roof': '', 'roof': '', 'ac_platform': '', 'plant_room': '', 'garden': '', 'yard': ''}",21.8,20.6646,11354,10762.8125,8041188,413371,PRO-ASP,HRB,淺水灣/壽臣山,1982/11,1982,44,B,8.0,blank,blank,blank,,True
2516,2000-03-20,"PARKVIEW SUITE(Block 4,HONG KONG PARKVIEW),TAI TAM RESERVOIR RD|陽明山莊,4座(陽明居),大潭水塘道",11155.685961182806,1903,1579,"{'bay_window': '', 'flat_roof': '', 'roof': '', 'ac_platform': '', 'plant_room': '', 'garden': '', 'yard': ''}",13.5,12.645,8550,8008.233058898037,8048113,420629,ASP,HRB,淺水灣/壽臣山,1989/11,1989,37,33,16.0,4,blank,HONG KONG PARKVIEW,陽明山莊,True
2520,2000-03-20,"SOUTH BAY TOWERS,SOUTH BAY RD|南灣大廈,南灣道",9993.296850477562,1433,1145,"{'bay_window': '', 'flat_roof': '', 'roof': '', 'ac_platform': '', 'plant_room': '', 'garden': '', 'yard': ''}",9.0,8.214,7860,7173.799126637555,8055273,425756,ASP,HRB,淺水灣/壽臣山,1984/11,1984,42,D,17.0,blank,blank,blank,,True
2522,2000-04-08,"PARK PLACE(Block C),TAI TAM RESERVOIR RD|雅柏苑C座,大潭水塘道",13380.073727477924,2288,2075,"{'bay_window': '', 'flat_roof': '', 'roof': '', 'ac_platform': '', 'plant_room': '', 'garden': '', 'yard': ''}",20.0,19.0361,9639,9174.024096385541,8062591,431370,ASP,HRB,淺水灣/壽臣山,1985/01,1985,41,1,1.0,C,blank,PARK PLACE,雅柏苑,True
2527,2000-04-26,"SOUTH BAY TOWERS,SOUTH BAY RD|南灣大廈,南灣道",10834.74068937137,1433,1145,"{'bay_window': '', 'flat_roof': '', 'roof': '', 'ac_platform': '', 'plant_room': '', 'garden': '', 'yard': ''}",9.32,8.506,8140,7428.82096069869,8074242,440876,ASP,HRB,淺水灣/壽臣山,1984/11,1984,42,A,8.0,blank,blank,blank,,True
2529,2000-04-29,"RIDGE COURT,REPULSE BAY RD|冠園,淺水灣道",10084.95839156503,0,1880,"{'bay_window': '', 'flat_roof': '', 'roof': '', 'ac_platform': '', 'plant_room': '', 'garden': '', 'yard': ''}",13.73,12.9997,7303,6914.734042553191,8075811,443089,ASP,HRB,淺水灣/壽臣山,1969/00,1969,57,D,1.0,blank,blank,blank,,True
2530,2000-04-26,"MANHATTAN TOWER,REPULSE BAY RD|MANHATTAN TOWER,淺水灣道",16287.920140263144,2243,1999,"{'bay_window': '', 'flat_roof': '', 'roof': '', 'ac_platform': '', 'plant_room': '', 'garden': '', 'yard': ''}",23.5,22.3244,11756,11167.783891945974,8079944,446254,ASP,HRB,淺水灣/壽臣山,1978/07,1978,48,A,16.0,blank,blank,blank,,True
2532,2000-04-12,"SEA CLIFF MANSION(Block B),REPULSE BAY RD|海峰園B座,淺水灣道",10939.830838453914,0,1941,"{'bay_window': '', 'flat_roof': '', 'roof': '', 'ac_platform': '', 'plant_room': '', 'garden': '', 'yard': ''}",15.35,14.5592,7908,7500.875837197321,8080804,447279,PRO-ASP,HRB,淺水灣/壽臣山,1964/05,1964,62,B1,9.0,B,blank,SEA CLIFF MANSION,海峰園,True
2539,2000-04-25,"RUBY COURT(Block 2),SOUTH BAY RD|嘉麟閣2座,南灣道",11674.520288113106,1780,1517,"{'bay_window': '50', 'flat_roof': '', 'roof': '', 'ac_platform': '', 'plant_room': '', 'garden': '', 'yard': ''}",13.0,12.143,8570,8004.614370468029,8110998,469695,ASP,HRB,淺水灣/壽臣山,1987/05,1987,39,B,8.0,2,blank,RUBY COURT,嘉麟閣,True
2548,2000-06-17,"PARKVIEW CRESCENT(Block 10,HONG KONG PARKVIEW),TAI TAM RESERVOIR RD|陽明山莊,10座(環翠軒),大潭水塘道",12444.255997311155,2771,2342,"{'bay_window': '', 'flat_roof': '', 'roof': '', 'ac_platform': '', 'plant_room': '', 'garden': '', 'yard': ''}",19.5,18.6674,8326,7970.70879590094,8131367,484153,ASP,HRB,淺水灣/壽臣山,1989/11,1989,37,61,22.0,10,blank,HONG KONG PARKVIEW,陽明山莊,True
2550,2000-06-22,"GRAND GARDEN(Block 1),SOUTH BAY RD|華景園1座,南灣道",11771.825178711202,3054,2482,"{'bay_window': '', 'flat_roof': '', 'roof': '', 'ac_platform': '', 'plant_room': '', 'garden': '', 'yard': ''}",19.5,18.7143,7857,7540.008058017727,8137934,488793,ASP,HRB,淺水灣/壽臣山,1986/12,1986,40,A,18.0,1,blank,GRAND GARDEN,華景園,True
2552,2000-06-26,"37 REPULSE BAY RD(Block 3),REPULSE BAY RD|淺水灣道 37號3座,淺水灣道",14692.019669036123,1220,882,"{'bay_window': '56', 'flat_roof': '', 'roof': '', 'ac_platform': '', 'plant_room': '', 'garden': '', 'yard': ''}",8.3,8.3,9410,9410.430839002269,8142920,492591,PRO-ASP,HRB,淺水灣/壽臣山,1994/02,1994,32,A,23.0,3,blank,37 REPULSE BAY RD,淺水灣道 37號,False
2554,2000-07-14,"PARKVIEW SUITE(Block 4,HONG KONG PARKVIEW),TAI TAM RESERVOIR RD|陽明山莊,4座(陽明居),大潭水塘道",13204.421697487405,2105,1747,"{'bay_window': '', 'flat_roof': '', 'roof': '', 'ac_platform': '', 'plant_room': '', 'garden': '', 'yard': ''}",16.5,15.5555,9445,8904.121350887235,8147594,497133,ASP,HRB,淺水灣/壽臣山,1989/11,1989,37,31,21.0,4,blank,HONG KONG PARKVIEW,陽明山莊,True
2557,2000-08-01,"PARKVIEW SUITE(Block 5,HONG KONG PARKVIEW),TAI TAM RESERVOIR RD|陽明山莊,5座(陽明居),大潭水塘道",12032.552775476515,1213,1051,"{'bay_window': '', 'flat_roof': '', 'roof': '', 'ac_platform': '', 'plant_room': '', 'garden': '', 'yard': ''}",8.3,8.3,7897,7897.240723120838,8164807,512444,ASP,HRB,淺水灣/壽臣山,1989/11,1989,37,39,2.0,5,blank,HONG KONG PARKVIEW,陽明山莊,False
2559,2000-08-08,"GRAND GARDEN(Block 1),SOUTH BAY RD|華景園1座,南灣道",11839.307350686038,3061,2663,"{'bay_window': '', 'flat_roof': '', 'roof': '', 'ac_platform': '', 'plant_room': '', 'garden': '', 'yard': ''}",21.5,20.6926,8074,7770.409312805107,8165970,512988,ASP,HRB,淺水灣/壽臣山,1986/12,1986,40,B,28.0,1,blank,GRAND GARDEN,華景園,True
2561,2000-08-09,"MONTE VERDE,REPULSE BAY RD|南山別墅,淺水灣道",15934.477096022572,2215,1960,"{'bay_window': '', 'flat_roof': '', 'roof': '', 'ac_platform': '', 'plant_room': '', 'garden': '', 'yard': ''}",21.6,20.498,11020,10458.163265306122,8167381,513910,ASP,HRB,淺水灣/壽臣山,1974/05,1974,52,A,19.0,blank,blank,blank,,True
2564,2000-07-31,"SPLENDOUR VILLA,SOUTH BAY RD|雅景閣,南灣道",10244.560621816932,0,634,"{'bay_window': '', 'flat_roof': '', 'roof': '', 'ac_platform': '', 'plant_room': '', 'garden': '', 'yard': ''}",5.2,4.3798,8202,6908.20189274448,8174866,517978,PRO-ASP,HRB,淺水灣/壽臣山,1993/08,1993,33,B,3.0,blank,blank,blank,,True
2567,2000-08-11,"PARKVIEW RISE(Block 8,HONG KONG PARKVIEW),TAI TAM RESERVOIR RD|陽明山莊,8座(凌雲閣),大潭水塘道",11849.661143351084,2366,1939,"{'bay_window': '', 'flat_roof': '', 'roof': '', 'ac_platform': '', 'plant_room': '', 'garden': '', 'yard': ''}",15.9,15.08,8200,7777.20474471377,8179416,522856,PRO-ASP,HRB,淺水灣/壽臣山,1989/11,1989,37,53,22.0,8,blank,HONG KONG PARKVIEW,陽明山莊,True
2571,2000-08-26,"MANHATTAN TOWER,REPULSE BAY RD|MANHATTAN TOWER,淺水灣道",16291.592449381113,2243,1999,"{'bay_window': '', 'flat_roof': '', 'roof': '', 'ac_platform': '', 'plant_room': '', 'garden': '', 'yard': ''}",22.5,21.3744,11256,10692.546273136568,8182257,524511,ASP,HRB,淺水灣/壽臣山,1978/07,1978,48,A,14.0,blank,blank,blank,,True
2573,2000-08-29,"PARK PLACE(Block C),TAI TAM RESERVOIR RD|雅柏苑C座,大潭水塘道",18520.781828770243,2288,2075,"{'bay_window': '', 'flat_roof': '', 'roof': '', 'ac_platform': '', 'plant_room': '', 'garden': '', 'yard': ''}",26.5,25.2229,12771,12155.614457831325,8188965,528783,ASP,HRB,淺水灣/壽臣山,1985/01,1985,41,2,6.0,C,blank,PARK PLACE,雅柏苑,True
2575,2000-09-05,"PARKVIEW RISE(Block 7,HONG KONG PARKVIEW),TAI TAM RESERVOIR RD|陽明山莊,7座(凌雲閣),大潭水塘道",10973.241683460697,2092,1649,"{'bay_window': '', 'flat_roof': '', 'roof': '', 'ac_platform': '', 'plant_room': '', 'garden': '', 'yard': ''}",13.0,12.2116,7884,7405.45785324439,8198885,534145,ASP,HRB,淺水灣/壽臣山,1988/00,1988,38,49,2.0,7,blank,HONG KONG PARKVIEW,陽明山莊,True
2576,2000-09-06,"PARKVIEW SUITE(Block 3,HONG KONG PARKVIEW),TAI TAM RESERVOIR RD|陽明山莊,3座(陽明居),大潭水塘道",12518.970965550237,1235,1012,"{'bay_window': '', 'flat_roof': '', 'roof': '', 'ac_platform': '', 'plant_room': '', 'garden': '', 'yard': ''}",8.55,8.55,8449,8448.616600790514,8199036,534165,ASP,HRB,淺水灣/壽臣山,1989/11,1989,37,25,21.0,3,blank,HONG KONG PARKVIEW,陽明山莊,False
2579,2000-09-14,"REPULSE BAY GARDEN(Block 7),BELLEVIEW DR|淺水灣新村7座,麗景道",9017.845756077484,2288,2110,"{'bay_window': '', 'flat_roof': '', 'roof': '', 'ac_platform': '', 'plant_room': '', 'garden': '', 'yard': ''}",13.48,12.8411,6389,6085.8293838862555,8201109,536710,ASP,HRB,淺水灣/壽臣山,1973/11,1973,53,whole floor,13.0,7,blank,REPULSE BAY GARDEN,淺水灣新村,True
2582,2000-09-08,"PARKVIEW RISE(Block 8,HONG KONG PARKVIEW),TAI TAM RESERVOIR RD|陽明山莊,8座(凌雲閣),大潭水塘道",9385.94164928183,2366,1939,"{'bay_window': '', 'flat_roof': '', 'roof': '', 'ac_platform': '', 'plant_room': '', 'garden': '', 'yard': ''}",12.95,12.2821,6679,6334.2444559051055,8204831,540897,MEM-ASP,HRB,淺水灣/壽臣山,1989/11,1989,37,53,7.0,8,blank,HONG KONG PARKVIEW,陽明山莊,True
2583,2000-08-24,"GRAND GARDEN(Block 1),SOUTH BAY RD|華景園1座,南灣道",13020.06342268821,3054,2482,"{'bay_window': '', 'flat_roof': '', 'roof': '', 'ac_platform': '', 'plant_room': '', 'garden': '', 'yard': ''}",22.1,21.2096,8904,8545.366639806607,8204960,541137,PRO-ASP,HRB,淺水灣/壽臣山,1986/12,1986,40,A,25.0,1,blank,GRAND GARDEN,華景園,True
2584,2000-09-11,"GRAND GARDEN(Block 1),SOUTH BAY RD|華景園1座,南灣道",9639.678407070262,3061,2663,"{'bay_window': '', 'flat_roof': '', 'roof': '', 'ac_platform': '', 'plant_room': '', 'garden': '', 'yard': ''}",18.0,17.3241,6759,6505.482538490424,8205154,541167,ASP,HRB,淺水灣/壽臣山,1986/12,1986,40,B,14.0,1,blank,GRAND GARDEN,華景園,True
2590,2000-09-20,"PARKVIEW SUITE(Block 3,HONG KONG PARKVIEW),TAI TAM RESERVOIR RD|陽明山莊,3座(陽明居),大潭水塘道",11215.97304014168,1235,1012,"{'bay_window': '', 'flat_roof': '', 'roof': '', 'ac_platform': '', 'plant_room': '', 'garden': '', 'yard': ''}",8.5,7.6601,8399,7569.268774703557,8211689,546871,ASP,HRB,淺水灣/壽臣山,1989/11,1989,37,25,3.0,3,blank,HONG KONG PARKVIEW,陽明山莊,True
2602,2000-10-03,"PARKVIEW SUITE(Block 4,HONG KONG PARKVIEW),TAI TAM RESERVOIR RD|陽明山莊,4座(陽明居),大潭水塘道",10833.229878463897,1857,1541,"{'bay_window': '', 'flat_roof': '', 'roof': '', 'ac_platform': '', 'plant_room': '', 'garden': '', 'yard': ''}",11.8,11.0343,7657,7160.480207657365,8221671,553463,ASP,HRB,淺水灣/壽臣山,1989/11,1989,37,29,9.0,4,blank,HONG KONG PARKVIEW,陽明山莊,True
2606,2000-09-29,"SOUTH BAY TOWERS,SOUTH BAY RD|南灣大廈,南灣道",11090.5554512629,1433,1145,"{'bay_window': '', 'flat_roof': '', 'roof': '', 'ac_platform': '', 'plant_room': '', 'garden': '', 'yard': ''}",9.39,8.5699,8201,7484.628820960698,8224069,556682,ASP,HRB,淺水灣/壽臣山,1984/11,1984,42,A,17.0,blank,blank,blank,,True
2611,2000-10-20,"MANHATTAN TOWER,REPULSE BAY RD|MANHATTAN TOWER,淺水灣道",16895.95762098168,2243,1999,"{'bay_window': '', 'flat_roof': '', 'roof': '', 'ac_platform': '', 'plant_room': '', 'garden': '', 'yard': ''}",23.5,22.3244,11756,11167.783891945974,8231365,559124,ASP,HRB,淺水灣/壽臣山,1978/07,1978,48,B,14.0,blank,blank,blank,,True
2613,2000-10-09,"PARKVIEW SUITE(Block 5,HONG KONG PARKVIEW),TAI TAM RESERVOIR RD|陽明山莊,5座(陽明居),大潭水塘道",11403.139960823555,1299,1041,"{'bay_window': '', 'flat_roof': '', 'roof': '', 'ac_platform': '', 'plant_room': '', 'garden': '', 'yard': ''}",8.68,7.8462,8338,7537.175792507204,8235343,563794,ASP,HRB,淺水灣/壽臣山,1989/11,1989,37,35,1.0,5,blank,HONG KONG PARKVIEW,陽明山莊,True
2614,2000-10-19,"PARKVIEW SUITE(Block 4,HONG KONG PARKVIEW),TAI TAM RESERVOIR RD|陽明山莊,4座(陽明居),大潭水塘道",11192.265990093474,1857,1541,"{'bay_window': '', 'flat_roof': '', 'roof': '', 'ac_platform': '', 'plant_room': '', 'garden': '', 'yard': ''}",11.4,11.4,7398,7397.793640493186,8242205,568957,ASP,HRB,淺水灣/壽臣山,1989/11,1989,37,29,5.0,4,blank,HONG KONG PARKVIEW,陽明山莊,False
2620,2000-11-06,"PINE CREST,REPULSE BAY RD|松苑,淺水灣道",14992.305477351632,2250,1920,"{'bay_window': '', 'flat_roof': '', 'roof': '', 'ac_platform': '', 'plant_room': '', 'garden': '', 'yard': ''}",18.0,17.0625,9375,8886.71875,8259204,580500,PRO-ASP,HRB,淺水灣/壽臣山,1982/11,1982,44,B,5.0,blank,blank,blank,,True
2621,2000-10-24,"3 REPULSE BAY RD,REPULSE BAY RD|淺水灣三號,淺水灣道",23705.325197845534,2161,1796,"{'bay_window': '', 'flat_roof': '', 'roof': '', 'ac_platform': '', 'plant_room': '', 'garden': '', 'yard': ''}",29.8,28.1408,16592,15668.596881959911,8260489,581244,PRO-ASP,HRB,淺水灣/壽臣山,1997/07,1997,29,A,16.0,blank,blank,blank,,True
2624,2000-11-15,"TWIN BROOK,REPULSE BAY RD|雙溪,淺水灣道",11404.916589505045,2700,2440,"{'bay_window': '', 'flat_roof': '', 'roof': '', 'ac_platform': '', 'plant_room': '', 'garden': '', 'yard': ''}",17.2,16.4951,7049,6760.286885245901,8263777,584342,ASP,HRB,淺水灣/壽臣山,1974/04,1974,52,A,5.0,blank,blank,blank,,True
2625,2000-11-27,"PARKVIEW SUITE(Block 4,HONG KONG PARKVIEW),TAI TAM RESERVOIR RD|陽明山莊,4座(陽明居),大潭水塘道",12080.061230443403,1857,1541,"{'bay_window': '', 'flat_roof': '', 'roof': '', 'ac_platform': '', 'plant_room': '', 'garden': '', 'yard': ''}",11.8,11.0343,7657,7160.480207657365,8266428,586520,PRO-ASP,HRB,淺水灣/壽臣山,1989/11,1989,37,29,22.0,4,blank,HONG KONG PARKVIEW,陽明山莊,True
2636,2000-12-15,"MING WAI GARDEN,REPULSE BAY RD|明慧園,淺水灣道",14592.178874814863,0,1630,"{'bay_window': '', 'flat_roof': '', 'roof': '', 'ac_platform': '', 'plant_room': '', 'garden': '', 'yard': ''}",15.5,14.5491,9509,8925.828220858895,8287762,601605,PRO-ASP,HRB,淺水灣/壽臣山,1973/12,1973,53,A,12.0,blank,blank,blank,,True
2638,2000-12-18,"UNICORN GARDENS(Block K-L),SHOUSON HILL RD E|麒麟閣K-L座,壽臣山道東",4635.329512161857,1714,1657,"{'bay_window': '', 'flat_roof': '', 'roof': '', 'ac_platform': '', 'plant_room': '', 'garden': '', 'yard': ''}",5.0,4.6982,3018,2835.365117682559,8291455,605120,ASP,HRB,淺水灣/壽臣山,9999,9999,-7973,L,3.0,K-L,blank,UNICORN GARDENS,麒麟閣,True
2640,2001-01-17,"RIDGE COURT,REPULSE BAY RD|冠園,淺水灣道",9600.195341527091,0,1880,"{'bay_window': '', 'flat_roof': '', 'roof': '', 'ac_platform': '', 'plant_room': '', 'garden': '', 'yard': ''}",12.0,11.3617,6383,6043.45744680851,8299498,610977,PRO-ASP,HRB,淺水灣/壽臣山,1969/00,1969,57,D,2.0,blank,blank,blank,,True
2642,2001-01-10,"PARKVIEW TERR(Block 11,HONG KONG PARKVIEW),TAI TAM RESERVOIR RD|陽明山莊,11座(涵碧苑),大潭水塘道",11725.174418173325,2490,2049,"{'bay_window': '', 'flat_roof': '', 'roof': '', 'ac_platform': '', 'plant_room': '', 'garden': '', 'yard': ''}",15.9,15.124,7760,7381.161542215715,8301725,612840,ASP,HRB,淺水灣/壽臣山,1989/11,1989,37,67,16.0,11,blank,HONG KONG PARKVIEW,陽明山莊,True
2644,2001-01-19,"PARKVIEW SUITE(Block 3,HONG KONG PARKVIEW),TAI TAM RESERVOIR RD|陽明山莊,3座(陽明居),大潭水塘道",11316.685200698232,1235,1012,"{'bay_window': '', 'flat_roof': '', 'roof': '', 'ac_platform': '', 'plant_room': '', 'garden': '', 'yard': ''}",8.0,7.2095,7905,7124.01185770751,8308521,617349,ASP,HRB,淺水灣/壽臣山,1989/11,1989,37,25,17.0,3,blank,HONG KONG PARKVIEW,陽明山莊,True
2645,2001-01-19,"TWIN BROOK,REPULSE BAY RD|雙溪,淺水灣道",14097.916731180308,2700,2440,"{'bay_window': '', 'flat_roof': '', 'roof': '', 'ac_platform': '', 'plant_room': '', 'garden': '', 'yard': ''}",22.58,21.6546,9254,8874.83606557377,8309643,619787,ASP,HRB,淺水灣/壽臣山,1974/04,1974,52,B,16.0,blank,blank,blank,,True
2648,2001-01-31,"MING WAI GARDEN,REPULSE BAY RD|明慧園,淺水灣道",9330.59829782426,0,1630,"{'bay_window': '', 'flat_roof': '', 'roof': '', 'ac_platform': '', 'plant_room': '', 'garden': '', 'yard': ''}",10.2,9.5742,6258,5873.742331288344,8314591,624377,ASP,HRB,淺水灣/壽臣山,1973/12,1973,53,A,1.0,blank,blank,blank,,True
2652,2001-02-13,"PARKVIEW SUITE(Block 3,HONG KONG PARKVIEW),TAI TAM RESERVOIR RD|陽明山莊,3座(陽明居),大潭水塘道",11080.70010945963,1290,1091,"{'bay_window': '', 'flat_roof': '', 'roof': '', 'ac_platform': '', 'plant_room': '', 'garden': '', 'yard': ''}",8.45,7.675499999999999,7745,7035.288725939504,8338215,641116,PRO-ASP,HRB,淺水灣/壽臣山,1989/11,1989,37,21,3.0,3,blank,HONG KONG PARKVIEW,陽明山莊,True
2656,2001-02-26,"SOUTH BAY TOWERS,SOUTH BAY RD|南灣大廈,南灣道",15063.6165902829,4120,3295,"{'bay_window': '', 'flat_roof': '', 'roof': '1033', 'ac_platform': '', 'plant_room': '', 'garden': '', 'yard': ''}",32.5,31.5137,9863,9564.097116843703,8344782,646759,ASP,HRB,淺水灣/壽臣山,1984/11,1984,42,C,29.0,blank,blank,blank,,True
2657,2001-03-09,"PARKVIEW SUITE(Block 3,HONG KONG PARKVIEW),TAI TAM RESERVOIR RD|陽明山莊,3座(陽明居),大潭水塘道",10706.90233153983,1290,1091,"{'bay_window': '', 'flat_roof': '', 'roof': '', 'ac_platform': '', 'plant_room': '', 'garden': '', 'yard': ''}",8.1,7.3576,7424,6743.90467461045,8345844,647568,ASP,HRB,淺水灣/壽臣山,1989/11,1989,37,21,2.0,3,blank,HONG KONG PARKVIEW,陽明山莊,True
2659,2001-03-03,"PARKVIEW CORNER(Block 18,HONG KONG PARKVIEW),TAI TAM RESERVOIR RD|陽明山莊,18座(眺景台),大潭水塘道",12425.847937346824,2570,2067,"{'bay_window': '', 'flat_roof': '', 'roof': '', 'ac_platform': '', 'plant_room': '', 'garden': '', 'yard': ''}",17.0,16.177599999999998,8224,7826.608611514271,8347636,648836,ASP,HRB,淺水灣/壽臣山,1989/11,1989,37,95,23.0,18,blank,HONG KONG PARKVIEW,陽明山莊,True
2660,2001-03-13,"RUBY COURT(Block 2),SOUTH BAY RD|嘉麟閣2座,南灣道",12542.367144898966,1780,1517,"{'bay_window': '50', 'flat_roof': '', 'roof': '', 'ac_platform': '', 'plant_room': '', 'garden': '', 'yard': ''}",12.83,11.9843,8457,7900.0,8348612,649754,ASP,HRB,淺水灣/壽臣山,1987/05,1987,39,B,18.0,2,blank,RUBY COURT,嘉麟閣,True
2663,2001-03-01,"REPULSE BAY GARDEN(Block 11),BELLEVIEW DR|淺水灣新村11座,麗景道",11453.543295966032,1728,1459,"{'bay_window': '', 'flat_roof': '', 'roof': '', 'ac_platform': '', 'plant_room': '', 'garden': '', 'yard': ''}",11.3,10.5255,7745,7214.18779986292,8350043,651109,PRO-ASP,HRB,淺水灣/壽臣山,1976/12,1976,50,whole floor,16.0,11,blank,REPULSE BAY GARDEN,淺水灣新村,True
2665,2001-03-12,"THE BEACHSIDE(Block A),REPULSE BAY RD|THE BEACHSIDEA座,淺水灣道",14539.699773455788,917,677,"{'bay_window': '23', 'flat_roof': '', 'roof': '713', 'ac_platform': '', 'plant_room': '', 'garden': '', 'yard': ''}",6.2,6.2,9158,9158.05022156573,8352964,655095,ASP,HRB,淺水灣/壽臣山,1993/12,1993,33,D,4.0,A,blank,THE BEACHSIDE,THE BEACHSIDE,False
2667,2001-03-06,"THE BEACHSIDE(Block A),REPULSE BAY RD|THE BEACHSIDEA座,淺水灣道",10051.906069233886,969,721,"{'bay_window': '23', 'flat_roof': '', 'roof': '', 'ac_platform': '', 'plant_room': '', 'garden': '', 'yard': ''}",5.3,4.5649,7351,6331.3453536754505,8354560,656370,ASP,HRB,淺水灣/壽臣山,1993/12,1993,33,C,2.0,A,blank,THE BEACHSIDE,THE BEACHSIDE,True
2668,2001-03-22,"PARKVIEW CRESCENT(Block 10,HONG KONG PARKVIEW),TAI TAM RESERVOIR RD|陽明山莊,10座(環翠軒),大潭水塘道",10221.034744036482,2771,2342,"{'bay_window': '', 'flat_roof': '', 'roof': '', 'ac_platform': '', 'plant_room': '', 'garden': '', 'yard': ''}",15.75,15.0775,6725,6437.873612297182,8354739,656436,ASP,HRB,淺水灣/壽臣山,1989/11,1989,37,63,10.0,10,blank,HONG KONG PARKVIEW,陽明山莊,True
2669,2001-03-23,"37 REPULSE BAY RD(Block 2),REPULSE BAY RD|淺水灣道 37號2座,淺水灣道",16092.862990137797,1635,1211,"{'bay_window': '32', 'flat_roof': '', 'roof': '', 'ac_platform': '', 'plant_room': '', 'garden': '', 'yard': ''}",13.38,12.2751,11049,10136.333608587944,8355765,657131,ASP,HRB,淺水灣/壽臣山,1994/02,1994,32,A,13.0,2,blank,37 REPULSE BAY RD,淺水灣道 37號,True
2670,2001-03-05,"REPULSE BAY GARDEN(Block 3),BELLEVIEW DR|淺水灣新村3座,麗景道",10511.69817858199,2810,2625,"{'bay_window': '', 'flat_roof': '', 'roof': '', 'ac_platform': '', 'plant_room': '', 'garden': '', 'yard': ''}",17.38,17.38,6621,6620.952380952381,8357257,658072,ASP,HRB,淺水灣/壽臣山,1973/11,1973,53,whole floor,3.0,3,blank,REPULSE BAY GARDEN,淺水灣新村,False
2671,2001-03-21,"SOUTH BAY GARDEN(Block B),SOUTH BAY CLOSE|南灣花園B座,南灣坊",9609.273140461595,1542,1296,"{'bay_window': '', 'flat_roof': '', 'roof': '', 'ac_platform': '', 'plant_room': '', 'garden': '', 'yard': ''}",8.5,7.8441,6559,6052.5462962962965,8358201,658968,ASP,HRB,淺水灣/壽臣山,1985/09,1985,41,2,3.0,B,blank,SOUTH BAY GARDEN,南灣花園,True
2672,2001-03-21,"PARKVIEW CRESCENT(Block 10,HONG KONG PARKVIEW),TAI TAM RESERVOIR RD|陽明山莊,10座(環翠軒),大潭水塘道",10253.506146075237,2771,2342,"{'bay_window': '', 'flat_roof': '', 'roof': '', 'ac_platform': '', 'plant_room': '', 'garden': '', 'yard': ''}",15.8,15.1254,6746,6458.326216908625,8360244,660119,ASP,HRB,淺水灣/壽臣山,1989/11,1989,37,63,12.0,10,blank,HONG KONG PARKVIEW,陽明山莊,True
2673,2001-03-23,"SOUTH BAY TOWERS,SOUTH BAY RD|南灣大廈,南灣道",10819.94953753691,1433,1145,"{'bay_window': '', 'flat_roof': '', 'roof': '', 'ac_platform': '', 'plant_room': '', 'garden': '', 'yard': ''}",8.55,7.803300000000001,7467,6815.109170305677,8361264,660741,ASP,HRB,淺水灣/壽臣山,1984/11,1984,42,A,23.0,blank,blank,blank,,True
2674,2001-03-26,"PARKVIEW SUITE(Block 3,HONG KONG PARKVIEW),TAI TAM RESERVOIR RD|陽明山莊,3座(陽明居),大潭水塘道",11566.062266374709,1290,1091,"{'bay_window': '', 'flat_roof': '', 'roof': '', 'ac_platform': '', 'plant_room': '', 'garden': '', 'yard': ''}",8.75,7.948,8020,7285.059578368469,8361373,660754,ASP,HRB,淺水灣/壽臣山,1989/11,1989,37,21,11.0,3,blank,HONG KONG PARKVIEW,陽明山莊,True
2676,2001-03-28,"MING WAI GARDEN,REPULSE BAY RD|明慧園,淺水灣道",13530.990477357804,0,1630,"{'bay_window': '', 'flat_roof': '', 'roof': '', 'ac_platform': '', 'plant_room': '', 'garden': '', 'yard': ''}",14.8,13.892,9080,8522.699386503067,8368133,666132,ASP,HRB,淺水灣/壽臣山,1973/12,1973,53,B,18.0,blank,blank,blank,,True
2677,2001-04-07,"REPULSE BAY GARDEN(Block 7),BELLEVIEW DR|淺水灣新村7座,麗景道",9720.554553862994,2288,2110,"{'bay_window': '', 'flat_roof': '', 'roof': '', 'ac_platform': '', 'plant_room': '', 'garden': '', 'yard': ''}",13.5,12.8602,6398,6094.881516587678,8370685,668540,ASP,HRB,淺水灣/壽臣山,1973/11,1973,53,whole floor,11.0,7,blank,REPULSE BAY GARDEN,淺水灣新村,True
2683,2001-04-25,"RIDGE COURT,REPULSE BAY RD|冠園,淺水灣道",10763.009196875428,0,1880,"{'bay_window': '', 'flat_roof': '', 'roof': '', 'ac_platform': '', 'plant_room': '', 'garden': '', 'yard': ''}",13.4,12.6872,7128,6748.510638297872,8378471,674260,ASP,HRB,淺水灣/壽臣山,1969/00,1969,57,D,8.0,blank,blank,blank,,True
2684,2001-04-17,"RIDGE COURT,REPULSE BAY RD|冠園,淺水灣道",11405.623758530732,0,1880,"{'bay_window': '', 'flat_roof': '', 'roof': '', 'ac_platform': '', 'plant_room': '', 'garden': '', 'yard': ''}",14.2,13.4447,7553,7151.436170212766,8381511,676510,ASP,HRB,淺水灣/壽臣山,1969/00,1969,57,B,11.0,blank,blank,blank,,True
2685,2001-04-24,"PARKVIEW SUITE(Block 4,HONG KONG PARKVIEW),TAI TAM RESERVOIR RD|陽明山莊,4座(陽明居),大潭水塘道",11352.982169230641,1903,1579,"{'bay_window': '', 'flat_roof': '', 'roof': '', 'ac_platform': '', 'plant_room': '', 'garden': '', 'yard': ''}",12.0,11.24,7600,7118.429385687144,8385555,681237,PRO-ASP,HRB,淺水灣/壽臣山,1989/11,1989,37,33,18.0,4,blank,HONG KONG PARKVIEW,陽明山莊,True
2686,2001-05-07,"RIDGE COURT,REPULSE BAY RD|冠園,淺水灣道",11191.42251284418,0,1880,"{'bay_window': '', 'flat_roof': '', 'roof': '', 'ac_platform': '', 'plant_room': '', 'garden': '', 'yard': ''}",13.788,13.0546,7334,6943.936170212766,8386545,681900,ASP,HRB,淺水灣/壽臣山,1969/00,1969,57,B,7.0,blank,blank,blank,,True
2696,2001-05-25,"TWIN BROOK,REPULSE BAY RD|雙溪,淺水灣道",12035.637649193082,2700,2440,"{'bay_window': '', 'flat_roof': '', 'roof': '', 'ac_platform': '', 'plant_room': '', 'garden': '', 'yard': ''}",19.0,18.2213,7787,7467.745901639344,8407536,698709,ASP,HRB,淺水灣/壽臣山,1974/04,1974,52,B,12.0,blank,blank,blank,,True
2698,2001-04-24,"RIDGE COURT,REPULSE BAY RD|冠園,淺水灣道",10666.63822102851,0,1880,"{'bay_window': '', 'flat_roof': '', 'roof': '', 'ac_platform': '', 'plant_room': '', 'garden': '', 'yard': ''}",13.28,12.5736,7064,6688.085106382979,8409390,700260,PRO-ASP,HRB,淺水灣/壽臣山,1969/00,1969,57,C,10.0,blank,blank,blank,,True
2701,2001-05-21,"REPULSE BAY GARDEN(Block 3),BELLEVIEW DR|淺水灣新村3座,麗景道",12106.961218497134,2810,2625,"{'bay_window': '', 'flat_roof': '', 'roof': '', 'ac_platform': '', 'plant_room': '', 'garden': '', 'yard': ''}",20.5,19.719,7810,7512.0,8414181,704133,ASP,HRB,淺水灣/壽臣山,1973/11,1973,53,whole floor,12.0,3,blank,REPULSE BAY GARDEN,淺水灣新村,True
2702,2001-05-21,"REPULSE BAY GARDEN(Block 3),BELLEVIEW DR|淺水灣新村3座,麗景道",11516.379241922643,2810,2625,"{'bay_window': '', 'flat_roof': '', 'roof': '', 'ac_platform': '', 'plant_room': '', 'garden': '', 'yard': ''}",19.5,18.7571,7429,7145.561904761905,8414183,704134,ASP,HRB,淺水灣/壽臣山,1973/11,1973,53,whole floor,9.0,3,blank,REPULSE BAY GARDEN,淺水灣新村,True
2713,2001-06-18,"SPLENDOUR VILLA,SOUTH BAY RD|雅景閣,南灣道",9813.36229629333,0,1041,"{'bay_window': '', 'flat_roof': '', 'roof': '', 'ac_platform': '', 'plant_room': '', 'garden': '', 'yard': ''}",7.0,6.3276,6724,6078.386167146974,8430934,715668,ASP,HRB,淺水灣/壽臣山,1993/08,1993,33,A,2.0,blank,blank,blank,,True
2716,2001-07-11,"SOUTH BAY TOWERS,SOUTH BAY RD|南灣大廈,南灣道",9763.081710783017,1433,1145,"{'bay_window': '', 'flat_roof': '', 'roof': '', 'ac_platform': '', 'plant_room': '', 'garden': '', 'yard': ''}",7.665,6.9956,6694,6109.694323144105,8443261,723240,ASP,HRB,淺水灣/壽臣山,1984/11,1984,42,A,28.0,blank,blank,blank,,True
2718,2001-07-04,"SOUTH BAY TOWERS,SOUTH BAY RD|南灣大廈,南灣道",10741.454134053713,1433,1125,"{'bay_window': '', 'flat_roof': '', 'roof': '', 'ac_platform': '', 'plant_room': '', 'garden': '', 'yard': ''}",8.3,7.562200000000001,7378,6721.955555555556,8452262,732790,ASP,HRB,淺水灣/壽臣山,1984/11,1984,42,A,3.0,blank,blank,blank,,True
2725,2001-07-09,"REPULSE BAY GARDEN(Block 7),BELLEVIEW DR|淺水灣新村7座,麗景道",9739.41135460356,2288,2110,"{'bay_window': '', 'flat_roof': '', 'roof': '', 'ac_platform': '', 'plant_room': '', 'garden': '', 'yard': ''}",13.5,12.8602,6398,6094.881516587678,8466455,741799,PRO-ASP,HRB,淺水灣/壽臣山,1973/11,1973,53,whole floor,12.0,7,blank,REPULSE BAY GARDEN,淺水灣新村,True
2726,2001-07-24,"37 REPULSE BAY RD(Block 2),REPULSE BAY RD|淺水灣道 37號2座,淺水灣道",14357.411346939585,1635,1211,"{'bay_window': '32', 'flat_roof': '', 'roof': '', 'ac_platform': '', 'plant_room': '', 'garden': '', 'yard': ''}",11.86,10.8806,9794,8984.805945499587,8467521,742660,ASP,HRB,淺水灣/壽臣山,1994/02,1994,32,A,3.0,2,blank,37 REPULSE BAY RD,淺水灣道 37號,True
2727,2001-08-10,"PINE CREST,REPULSE BAY RD|松苑,淺水灣道",15555.452619394033,2250,1920,"{'bay_window': '', 'flat_roof': '', 'roof': '', 'ac_platform': '', 'plant_room': '', 'garden': '', 'yard': ''}",19.2,18.2,10000,9479.166666666666,8470252,744973,ASP,HRB,淺水灣/壽臣山,1982/11,1982,44,B,19.0,blank,blank,blank,,True
2728,2001-07-30,"37 REPULSE BAY RD(Block 3),REPULSE BAY RD|淺水灣道 37號3座,淺水灣道",11694.137344369454,1220,882,"{'bay_window': '56', 'flat_roof': '', 'roof': '', 'ac_platform': '', 'plant_room': '', 'garden': '', 'yard': ''}",7.28,6.4546,8254,7318.140589569161,8474380,748044,ASP,HRB,淺水灣/壽臣山,1994/02,1994,32,A,11.0,3,blank,37 REPULSE BAY RD,淺水灣道 37號,True
2731,2001-08-11,"PINE CREST,REPULSE BAY RD|松苑,淺水灣道",15474.427514541363,2250,1920,"{'bay_window': '', 'flat_roof': '', 'roof': '', 'ac_platform': '', 'plant_room': '', 'garden': '', 'yard': ''}",19.1,18.1052,9948,9429.791666666666,8477333,751736,ASP,HRB,淺水灣/壽臣山,1982/11,1982,44,B,6.0,blank,blank,blank,,True
2732,2001-08-07,"37 REPULSE BAY RD(Block 1),REPULSE BAY RD|淺水灣道 37號1座,淺水灣道",15031.389859597943,1745,1289,"{'bay_window': '44', 'flat_roof': '25', 'roof': '', 'ac_platform': '', 'plant_room': '', 'garden': '', 'yard': ''}",12.8,11.807,9930,9159.813809154382,8481069,754740,PRO-ASP,HRB,淺水灣/壽臣山,1994/02,1994,32,B,1.0,1,blank,37 REPULSE BAY RD,淺水灣道 37號,True
2735,2001-08-17,"PARKVIEW RISE(Block 6,HONG KONG PARKVIEW),TAI TAM RESERVOIR RD|陽明山莊,6座(凌雲閣),大潭水塘道",10929.929024099993,2583,2087,"{'bay_window': '', 'flat_roof': '', 'roof': '', 'ac_platform': '', 'plant_room': '', 'garden': '', 'yard': ''}",14.6,13.9004,6996,6660.469573550551,8487344,760001,ASP,HRB,淺水灣/壽臣山,1989/11,1989,37,45,2.0,6,blank,HONG KONG PARKVIEW,陽明山莊,True
2736,2001-08-27,"PARKVIEW SUITE(Block 4,HONG KONG PARKVIEW),TAI TAM RESERVOIR RD|陽明山莊,4座(陽明居),大潭水塘道",10892.411739312101,2105,1747,"{'bay_window': '', 'flat_roof': '', 'roof': '', 'ac_platform': '', 'plant_room': '', 'garden': '', 'yard': ''}",12.3,11.5959,7041,6637.607326846021,8487881,760075,PRO-ASP,HRB,淺水灣/壽臣山,1989/11,1989,37,31,23.0,4,blank,HONG KONG PARKVIEW,陽明山莊,True
2740,2001-08-22,"PARKVIEW TERR(Block 12,HONG KONG PARKVIEW),TAI TAM RESERVOIR RD|陽明山莊,12座(涵碧苑),大潭水塘道",10407.147947603133,2700,2308,"{'bay_window': '', 'flat_roof': '', 'roof': '', 'ac_platform': '', 'plant_room': '', 'garden': '', 'yard': ''}",15.3,14.6371,6629,6341.897746967071,8495558,767334,MEM-ASP,HRB,淺水灣/壽臣山,1988/08,1988,38,69,15.0,12,blank,HONG KONG PARKVIEW,陽明山莊,True
2743,2001-08-24,"PARKVIEW SUITE(Block 3,HONG KONG PARKVIEW),TAI TAM RESERVOIR RD|陽明山莊,3座(陽明居),大潭水塘道",10520.243434508428,1290,1091,"{'bay_window': '', 'flat_roof': '', 'roof': '', 'ac_platform': '', 'plant_room': '', 'garden': '', 'yard': ''}",7.7,6.9942,7058,6410.815765352887,8497301,767859,PRO-ASP,HRB,淺水灣/壽臣山,1989/11,1989,37,21,7.0,3,blank,HONG KONG PARKVIEW,陽明山莊,True
2746,2001-09-07,"REPULSE BAY GARDEN(Block 7),BELLEVIEW DR|淺水灣新村7座,麗景道",10055.256379017797,2288,2110,"{'bay_window': '', 'flat_roof': '', 'roof': '', 'ac_platform': '', 'plant_room': '', 'garden': '', 'yard': ''}",13.5,12.8602,6398,6094.881516587678,8505920,775643,ASP,HRB,淺水灣/壽臣山,1973/11,1973,53,whole floor,6.0,7,blank,REPULSE BAY GARDEN,淺水灣新村,True
2749,2001-09-28,"REPULSE BAY GARDEN(Block 2),BELLEVIEW DR|淺水灣新村2座,麗景道",8565.600350860792,2288,2110,"{'bay_window': '', 'flat_roof': '', 'roof': '', 'ac_platform': '', 'plant_room': '', 'garden': '', 'yard': ''}",11.5,10.955,5450,5191.943127962085,8522586,786731,ASP,HRB,淺水灣/壽臣山,1973/11,1973,53,whole floor,17.0,2,blank,REPULSE BAY GARDEN,淺水灣新村,True
2753,2001-10-19,"PINE CREST,REPULSE BAY RD|松苑,淺水灣道",13093.03137243492,2250,1920,"{'bay_window': '', 'flat_roof': '', 'roof': '', 'ac_platform': '', 'plant_room': '', 'garden': '', 'yard': ''}",15.15,14.3609,7891,7479.635416666667,8532719,796047,PRO-ASP,HRB,淺水灣/壽臣山,1982/11,1982,44,A,4.0,blank,blank,blank,,True
2755,2001-10-22,"PINE CREST,REPULSE BAY RD|松苑,淺水灣道",12254.801662332025,2250,1920,"{'bay_window': '', 'flat_roof': '', 'roof': '', 'ac_platform': '', 'plant_room': '', 'garden': '', 'yard': ''}",14.18,13.4415,7385,7000.78125,8534648,797942,ASP,HRB,淺水灣/壽臣山,1982/11,1982,44,B,3.0,blank,blank,blank,,True
2758,2001-11-02,"PARKVIEW RISE(Block 8,HONG KONG PARKVIEW),TAI TAM RESERVOIR RD|陽明山莊,8座(凌雲閣),大潭水塘道",10158.72282049782,2366,1939,"{'bay_window': '', 'flat_roof': '', 'roof': '', 'ac_platform': '', 'plant_room': '', 'garden': '', 'yard': ''}",11.8,11.191400000000002,6086,5771.738009283136,8537991,801559,ASP,HRB,淺水灣/壽臣山,1989/11,1989,37,53,9.0,8,blank,HONG KONG PARKVIEW,陽明山莊,True
2768,2001-11-01,"PARKVIEW RISE(Block 6,HONG KONG PARKVIEW),TAI TAM RESERVOIR RD|陽明山莊,6座(凌雲閣),大潭水塘道",11230.817568065937,2722,2199,"{'bay_window': '', 'flat_roof': '', 'roof': '', 'ac_platform': '', 'plant_room': '', 'garden': '', 'yard': ''}",14.7,14.0315,6685,6380.854934060937,8544913,807959,ASP,HRB,淺水灣/壽臣山,1989/11,1989,37,43,6.0,6,blank,HONG KONG PARKVIEW,陽明山莊,True
2771,2001-11-24,"GRAND GARDEN(Block 3),SOUTH BAY RD|華景園3座,南灣道",9424.601310694827,1657,1217,"{'bay_window': '', 'flat_roof': '', 'roof': '', 'ac_platform': '', 'plant_room': '', 'garden': '', 'yard': ''}",7.1,6.5166,5834,5354.642563681184,8546965,809676,PRO-ASP,HRB,淺水灣/壽臣山,1986/12,1986,40,B,2.0,3,blank,GRAND GARDEN,華景園,True
2772,2001-11-21,"MANHATTAN TOWER,REPULSE BAY RD|MANHATTAN TOWER,淺水灣道",15223.06638600361,2243,1999,"{'bay_window': '', 'flat_roof': '', 'roof': '', 'ac_platform': '', 'plant_room': '', 'garden': '', 'yard': ''}",18.2,17.2895,9105,8649.074537268634,8547577,809979,ASP,HRB,淺水灣/壽臣山,1978/07,1978,48,B,7.0,blank,blank,blank,,True
2773,2001-11-19,"PARKVIEW RISE(Block 8,HONG KONG PARKVIEW),TAI TAM RESERVOIR RD|陽明山莊,8座(凌雲閣),大潭水塘道",10572.010389539462,2366,1939,"{'bay_window': '', 'flat_roof': '', 'roof': '', 'ac_platform': '', 'plant_room': '', 'garden': '', 'yard': ''}",12.28,11.6467,6333,6006.549767921609,8549919,812095,ASP,HRB,淺水灣/壽臣山,1989/11,1989,37,53,5.0,8,blank,HONG KONG PARKVIEW,陽明山莊,True
2775,2001-11-22,"PARKVIEW SUITE(Block 4,HONG KONG PARKVIEW),TAI TAM RESERVOIR RD|陽明山莊,4座(陽明居),大潭水塘道",10440.877062782278,1903,1579,"{'bay_window': '', 'flat_roof': '', 'roof': '', 'ac_platform': '', 'plant_room': '', 'garden': '', 'yard': ''}",10.0,9.3667,6333,5932.045598480051,8550867,812789,ASP,HRB,淺水灣/壽臣山,1989/11,1989,37,33,17.0,4,blank,HONG KONG PARKVIEW,陽明山莊,True
2776,2001-11-21,"GRAND GARDEN(Block 3),SOUTH BAY RD|華景園3座,南灣道",10088.283221733995,1657,1217,"{'bay_window': '', 'flat_roof': '', 'roof': '', 'ac_platform': '', 'plant_room': '', 'garden': '', 'yard': ''}",7.6,6.975499999999999,6245,5731.717337715693,8553070,814864,ASP,HRB,淺水灣/壽臣山,1986/12,1986,40,B,8.0,3,blank,GRAND GARDEN,華景園,True
2777,2001-11-28,"RUBY COURT(Block 2),SOUTH BAY RD|嘉麟閣2座,南灣道",10945.91318898352,1780,1517,"{'bay_window': '50', 'flat_roof': '', 'roof': '', 'ac_platform': '', 'plant_room': '', 'garden': '', 'yard': ''}",10.1,9.4342,6658,6218.984838497034,8553402,814919,ASP,HRB,淺水灣/壽臣山,1987/05,1987,39,B,11.0,2,blank,RUBY COURT,嘉麟閣,True
2779,2001-11-30,"RIDGE COURT,REPULSE BAY RD|冠園,淺水灣道",11080.174089703864,0,1880,"{'bay_window': '', 'flat_roof': '', 'roof': '', 'ac_platform': '', 'plant_room': '', 'garden': '', 'yard': ''}",12.5,11.8351,6649,6295.265957446809,8556095,816884,ASP,HRB,淺水灣/壽臣山,1969/00,1969,57,C,7.0,blank,blank,blank,,True
2780,2001-12-01,"VILLA HELVETIA,REPULSE BAY RD|雲濤別墅,淺水灣道",11325.00431890014,0,1870,"{'bay_window': '', 'flat_roof': '', 'roof': '', 'ac_platform': '', 'plant_room': '', 'garden': '', 'yard': ''}",13.0,12.3048,6952,6580.106951871658,8558705,818576,PRO-ASP,HRB,淺水灣/壽臣山,1969/00,1969,57,whole floor,2.0,blank,blank,blank,,True
2782,2001-11-23,"PARKVIEW CRESCENT(Block 10,HONG KONG PARKVIEW),TAI TAM RESERVOIR RD|陽明山莊,10座(環翠軒),大潭水塘道",9769.874005833492,2771,2342,"{'bay_window': '', 'flat_roof': '', 'roof': '', 'ac_platform': '', 'plant_room': '', 'garden': '', 'yard': ''}",13.0,13.0,5551,5550.811272416738,8560443,819702,ASP,HRB,淺水灣/壽臣山,1989/11,1989,37,61,6.0,10,blank,HONG KONG PARKVIEW,陽明山莊,False
2785,2001-12-11,"REPULSE BAY GARDEN(Block 5),BELLEVIEW DR|淺水灣新村5座,麗景道",9091.227476130141,2288,2110,"{'bay_window': '', 'flat_roof': '', 'roof': '', 'ac_platform': '', 'plant_room': '', 'garden': '', 'yard': ''}",11.7,11.145499999999998,5545,5282.227488151658,8565692,823735,ASP,HRB,淺水灣/壽臣山,1973/11,1973,53,whole floor,3.0,5,blank,REPULSE BAY GARDEN,淺水灣新村,True
2786,2001-12-05,"TWIN BROOK,REPULSE BAY RD|雙溪,淺水灣道",11161.598147772018,2700,2440,"{'bay_window': '', 'flat_roof': '', 'roof': '', 'ac_platform': '', 'plant_room': '', 'garden': '', 'yard': ''}",16.5,15.8238,6762,6485.163934426229,8568787,826485,PRO-ASP,HRB,淺水灣/壽臣山,1974/04,1974,52,A,6.0,blank,blank,blank,,True
2788,2001-12-14,"VILLA HELVETIA,REPULSE BAY RD|雲濤別墅,淺水灣道",11586.390219245342,0,1870,"{'bay_window': '', 'flat_roof': '', 'roof': '', 'ac_platform': '', 'plant_room': '', 'garden': '', 'yard': ''}",13.3,12.5888,7112,6731.9786096256685,8573130,829157,ASP,HRB,淺水灣/壽臣山,1969/00,1969,57,whole floor,2.0,blank,blank,blank,,True
2792,2001-12-08,"RUBY COURT(Block 2),SOUTH BAY RD|嘉麟閣2座,南灣道",11657.28586940596,1780,1517,"{'bay_window': '50', 'flat_roof': '', 'roof': '', 'ac_platform': '', 'plant_room': '', 'garden': '', 'yard': ''}",11.0,10.2749,7251,6773.170731707317,8575244,830640,PRO-ASP,HRB,淺水灣/壽臣山,1987/05,1987,39,B,6.0,2,blank,RUBY COURT,嘉麟閣,True
2795,2001-12-19,"PARKVIEW HEIGHTS(Block 14,HONG KONG PARKVIEW),TAI TAM RESERVOIR RD|陽明山莊,14座(摘星樓),大潭水塘道",13151.241839229719,1860,1505,"{'bay_window': '', 'flat_roof': '', 'roof': '', 'ac_platform': '', 'plant_room': '', 'garden': '', 'yard': ''}",11.5,11.5,7641,7641.196013289036,8578617,832482,ASP,HRB,淺水灣/壽臣山,1988/00,1988,38,77,1.0,14,blank,HONG KONG PARKVIEW,陽明山莊,False
2796,2001-12-19,"PARKVIEW HEIGHTS(Block 14,HONG KONG PARKVIEW),TAI TAM RESERVOIR RD|陽明山莊,14座(摘星樓),大潭水塘道",13254.164601449776,1860,1505,"{'bay_window': '', 'flat_roof': '', 'roof': '', 'ac_platform': '', 'plant_room': '', 'garden': '', 'yard': ''}",11.59,11.59,7701,7700.996677740864,8578619,832483,ASP,HRB,淺水灣/壽臣山,1988/00,1988,38,77,2.0,14,blank,HONG KONG PARKVIEW,陽明山莊,False
2797,2001-12-19,"PARKVIEW HEIGHTS(Block 14,HONG KONG PARKVIEW),TAI TAM RESERVOIR RD|陽明山莊,14座(摘星樓),大潭水塘道",13368.523226138732,1860,1505,"{'bay_window': '', 'flat_roof': '', 'roof': '', 'ac_platform': '', 'plant_room': '', 'garden': '', 'yard': ''}",11.69,11.69,7767,7767.441860465116,8578621,832484,ASP,HRB,淺水灣/壽臣山,1988/00,1988,38,77,3.0,14,blank,HONG KONG PARKVIEW,陽明山莊,False
2798,2001-12-19,"PARKVIEW HEIGHTS(Block 14,HONG KONG PARKVIEW),TAI TAM RESERVOIR RD|陽明山莊,14座(摘星樓),大潭水塘道",13471.44598835879,1860,1505,"{'bay_window': '', 'flat_roof': '', 'roof': '', 'ac_platform': '', 'plant_room': '', 'garden': '', 'yard': ''}",11.78,11.78,7827,7827.242524916944,8578623,832485,ASP,HRB,淺水灣/壽臣山,1988/00,1988,38,77,5.0,14,blank,HONG KONG PARKVIEW,陽明山莊,False
2799,2001-12-19,"PARKVIEW HEIGHTS(Block 14,HONG KONG PARKVIEW),TAI TAM RESERVOIR RD|陽明山莊,14座(摘星樓),大潭水塘道",13906.008762176816,1860,1505,"{'bay_window': '', 'flat_roof': '', 'roof': '', 'ac_platform': '', 'plant_room': '', 'garden': '', 'yard': ''}",12.16,12.16,8080,8079.734219269103,8578625,832486,ASP,HRB,淺水灣/壽臣山,1988/00,1988,38,77,9.0,14,blank,HONG KONG PARKVIEW,陽明山莊,False
2800,2001-12-19,"PARKVIEW HEIGHTS(Block 14,HONG KONG PARKVIEW),TAI TAM RESERVOIR RD|陽明山莊,14座(摘星樓),大潭水塘道",14123.29014908583,1860,1505,"{'bay_window': '', 'flat_roof': '', 'roof': '', 'ac_platform': '', 'plant_room': '', 'garden': '', 'yard': ''}",12.35,12.35,8206,8205.980066445183,8578627,832487,ASP,HRB,淺水灣/壽臣山,1988/00,1988,38,77,11.0,14,blank,HONG KONG PARKVIEW,陽明山莊,False
2801,2001-12-19,"PARKVIEW HEIGHTS(Block 14,HONG KONG PARKVIEW),TAI TAM RESERVOIR RD|陽明山莊,14座(摘星樓),大潭水塘道",14340.571535994843,1860,1505,"{'bay_window': '', 'flat_roof': '', 'roof': '', 'ac_platform': '', 'plant_room': '', 'garden': '', 'yard': ''}",12.54,12.54,8332,8332.225913621263,8578629,832488,ASP,HRB,淺水灣/壽臣山,1988/00,1988,38,77,15.0,14,blank,HONG KONG PARKVIEW,陽明山莊,False
2802,2001-12-19,"PARKVIEW HEIGHTS(Block 14,HONG KONG PARKVIEW),TAI TAM RESERVOIR RD|陽明山莊,14座(摘星樓),大潭水塘道",14454.930160683796,1860,1505,"{'bay_window': '', 'flat_roof': '', 'roof': '', 'ac_platform': '', 'plant_room': '', 'garden': '', 'yard': ''}",12.64,12.64,8399,8398.671096345515,8578631,832489,ASP,HRB,淺水灣/壽臣山,1988/00,1988,38,77,16.0,14,blank,HONG KONG PARKVIEW,陽明山莊,False
2803,2001-12-19,"PARKVIEW HEIGHTS(Block 14,HONG KONG PARKVIEW),TAI TAM RESERVOIR RD|陽明山莊,14座(摘星樓),大潭水塘道",14557.852922903854,1860,1505,"{'bay_window': '', 'flat_roof': '', 'roof': '', 'ac_platform': '', 'plant_room': '', 'garden': '', 'yard': ''}",12.73,12.73,8458,8458.471760797342,8578633,832490,ASP,HRB,淺水灣/壽臣山,1988/00,1988,38,77,17.0,14,blank,HONG KONG PARKVIEW,陽明山莊,False
2804,2001-12-19,"PARKVIEW HEIGHTS(Block 14,HONG KONG PARKVIEW),TAI TAM RESERVOIR RD|陽明山莊,14座(摘星樓),大潭水塘道",14775.134309812867,1860,1505,"{'bay_window': '', 'flat_roof': '', 'roof': '', 'ac_platform': '', 'plant_room': '', 'garden': '', 'yard': ''}",12.92,12.92,8585,8584.717607973422,8578635,832491,ASP,HRB,淺水灣/壽臣山,1988/00,1988,38,77,19.0,14,blank,HONG KONG PARKVIEW,陽明山莊,False
2806,2001-12-15,"MONTE VERDE,REPULSE BAY RD|南山別墅,淺水灣道",18999.421420843246,2215,1960,"{'bay_window': '', 'flat_roof': '', 'roof': '', 'ac_platform': '', 'plant_room': '', 'garden': '', 'yard': ''}",22.8,21.6367,11633,11039.132653061224,8578743,833041,ASP,HRB,淺水灣/壽臣山,1974/05,1974,52,A,21.0,blank,blank,blank,,True
2811,2002-01-05,"PARKVIEW HEIGHTS(Block 14,HONG KONG PARKVIEW),TAI TAM RESERVOIR RD|陽明山莊,14座(摘星樓),大潭水塘道",13695.46835390502,2045,1655,"{'bay_window': '', 'flat_roof': '', 'roof': '', 'ac_platform': '', 'plant_room': '', 'garden': '', 'yard': ''}",13.1,13.1,7915,7915.407854984895,8586828,838198,ASP,HRB,淺水灣/壽臣山,1988/00,1988,38,79,7.0,14,blank,HONG KONG PARKVIEW,陽明山莊,False
2812,2001-12-20,"SEA CLIFF MANSION(Block B),REPULSE BAY RD|海峰園B座,淺水灣道",10512.792172797119,0,1941,"{'bay_window': '', 'flat_roof': '', 'roof': '', 'ac_platform': '', 'plant_room': '', 'garden': '', 'yard': ''}",12.5,11.856,6440,6108.191653786708,8588056,838977,PRO-ASP,HRB,淺水灣/壽臣山,1964/05,1964,62,B1,11.0,B,blank,SEA CLIFF MANSION,海峰園,True
2813,2002-01-10,"PARKVIEW CRESCENT(Block 10,HONG KONG PARKVIEW),TAI TAM RESERVOIR RD|陽明山莊,10座(環翠軒),大潭水塘道",8911.196586604647,2771,2342,"{'bay_window': '', 'flat_roof': '', 'roof': '', 'ac_platform': '', 'plant_room': '', 'garden': '', 'yard': ''}",12.6,12.062,5380,5150.298889837745,8592921,843043,ASP,HRB,淺水灣/壽臣山,1989/11,1989,37,63,1.0,10,blank,HONG KONG PARKVIEW,陽明山莊,True
2818,2001-12-05,"PARKVIEW CORNER(Block 18,HONG KONG PARKVIEW),TAI TAM RESERVOIR RD|陽明山莊,18座(眺景台),大潭水塘道",13311.817503454313,2570,2067,"{'bay_window': '', 'flat_roof': '', 'roof': '', 'ac_platform': '', 'plant_room': '', 'garden': '', 'yard': ''}",16.8,15.9872,8128,7734.494436381229,8599866,846877,PRO-ASP,HRB,淺水灣/壽臣山,1989/11,1989,37,95,23.0,18,blank,HONG KONG PARKVIEW,陽明山莊,True
2820,2002-01-22,"SOUTH BAY TOWERS,SOUTH BAY RD|南灣大廈,南灣道",11675.323624208597,2739,2115,"{'bay_window': '', 'flat_roof': '', 'roof': '', 'ac_platform': '', 'plant_room': '', 'garden': '', 'yard': ''}",14.98,14.2717,7083,6747.848699763594,8604388,850418,ASP,HRB,淺水灣/壽臣山,1984/11,1984,42,C,3.0,blank,blank,blank,,True
2822,2002-01-11,"PARKVIEW CRESCENT(Block 10,HONG KONG PARKVIEW),TAI TAM RESERVOIR RD|陽明山莊,10座(環翠軒),大潭水塘道",10254.968388244108,2771,2342,"{'bay_window': '', 'flat_roof': '', 'roof': '', 'ac_platform': '', 'plant_room': '', 'garden': '', 'yard': ''}",14.5,13.8809,6191,5926.942783945346,8608730,853032,PRO-ASP,HRB,淺水灣/壽臣山,1989/11,1989,37,61,11.0,10,blank,HONG KONG PARKVIEW,陽明山莊,True
2824,2002-02-01,"MING WAI GARDEN,REPULSE BAY RD|明慧園,淺水灣道",11216.106283109448,0,1630,"{'bay_window': '', 'flat_roof': '', 'roof': '', 'ac_platform': '', 'plant_room': '', 'garden': '', 'yard': ''}",11.38,10.6818,6982,6553.251533742331,8610416,854331,ASP,HRB,淺水灣/壽臣山,1973/12,1973,53,A,3.0,blank,blank,blank,,True
2825,2002-01-31,"RUBY COURT(Block 2),SOUTH BAY RD|嘉麟閣2座,南灣道",11825.664811697861,1780,1517,"{'bay_window': '50', 'flat_roof': '', 'roof': '', 'ac_platform': '', 'plant_room': '', 'garden': '', 'yard': ''}",11.1,10.3683,7317,6834.739617666447,8614190,856900,ASP,HRB,淺水灣/壽臣山,1987/05,1987,39,A,12.0,2,blank,RUBY COURT,嘉麟閣,True
2826,2002-02-08,"PARKVIEW SUITE(Block 4,HONG KONG PARKVIEW),TAI TAM RESERVOIR RD|陽明山莊,4座(陽明居),大潭水塘道",10538.664207783888,1903,1579,"{'bay_window': '', 'flat_roof': '', 'roof': '', 'ac_platform': '', 'plant_room': '', 'garden': '', 'yard': ''}",10.38,9.7226,6574,6157.441418619379,8617309,859653,ASP,HRB,淺水灣/壽臣山,1989/11,1989,37,33,8.0,4,blank,HONG KONG PARKVIEW,陽明山莊,True
2829,2002-02-08,"PARKVIEW TERR(Block 11,HONG KONG PARKVIEW),TAI TAM RESERVOIR RD|陽明山莊,11座(涵碧苑),大潭水塘道",11520.730429584462,2490,2049,"{'bay_window': '', 'flat_roof': '', 'roof': '', 'ac_platform': '', 'plant_room': '', 'garden': '', 'yard': ''}",14.5,13.7923,7077,6731.234748657882,8624156,864364,ASP,HRB,淺水灣/壽臣山,1989/11,1989,37,67,9.0,11,blank,HONG KONG PARKVIEW,陽明山莊,True
2830,2002-02-05,"RIDGE COURT,REPULSE BAY RD|冠園,淺水灣道",10860.769377863528,0,1880,"{'bay_window': '', 'flat_roof': '', 'roof': '', 'ac_platform': '', 'plant_room': '', 'garden': '', 'yard': ''}",12.6,11.9298,6702,6345.63829787234,8626881,866214,ASP,HRB,淺水灣/壽臣山,1969/00,1969,57,C,3.0,blank,blank,blank,,True
2831,2002-02-16,"37 REPULSE BAY RD(Block 1),REPULSE BAY RD|淺水灣道 37號1座,淺水灣道",13419.815920675603,1225,882,"{'bay_window': '56', 'flat_roof': '', 'roof': '', 'ac_platform': '', 'plant_room': '', 'garden': '', 'yard': ''}",7.8,6.9156,8844,7840.816326530612,8630228,868656,PRO-ASP,HRB,淺水灣/壽臣山,1994/02,1994,32,A,16.0,1,blank,37 REPULSE BAY RD,淺水灣道 37號,True
2832,2002-02-28,"PARKVIEW SUITE(Block 5,HONG KONG PARKVIEW),TAI TAM RESERVOIR RD|陽明山莊,5座(陽明居),大潭水塘道",10422.275190490276,1213,1051,"{'bay_window': '', 'flat_roof': '', 'roof': '', 'ac_platform': '', 'plant_room': '', 'garden': '', 'yard': ''}",6.4,6.4,6089,6089.438629876308,8632916,871142,ASP,HRB,淺水灣/壽臣山,1989/11,1989,37,39,10.0,5,blank,HONG KONG PARKVIEW,陽明山莊,False
2837,2002-03-21,"3 REPULSE BAY RD,REPULSE BAY RD|淺水灣三號,淺水灣道",19804.757166390373,2161,1796,"{'bay_window': '', 'flat_roof': '', 'roof': '', 'ac_platform': '', 'plant_room': '', 'garden': '', 'yard': ''}",21.28,20.0951,11849,11188.808463251671,8647306,882045,ASP,HRB,淺水灣/壽臣山,1997/07,1997,29,A,5.0,blank,blank,blank,,True
2839,2002-03-12,"SEA CLIFF MANSION(Block B),REPULSE BAY RD|海峰園B座,淺水灣道",11676.771223674645,0,1941,"{'bay_window': '', 'flat_roof': '', 'roof': '', 'ac_platform': '', 'plant_room': '', 'garden': '', 'yard': ''}",13.5,12.8045,6955,6596.857290056671,8650927,903639,PRO-ASP,HRB,淺水灣/壽臣山,1964/05,1964,62,B2,5.0,B,blank,SEA CLIFF MANSION,海峰園,True
2841,2002-03-22,"PARKVIEW TERR(Block 11,HONG KONG PARKVIEW),TAI TAM RESERVOIR RD|陽明山莊,11座(涵碧苑),大潭水塘道",9860.365347470095,2490,2049,"{'bay_window': '', 'flat_roof': '', 'roof': '', 'ac_platform': '', 'plant_room': '', 'garden': '', 'yard': ''}",12.0,11.4143,5857,5570.668618838457,8652201,884943,ASP,HRB,淺水灣/壽臣山,1989/11,1989,37,67,2.0,11,blank,HONG KONG PARKVIEW,陽明山莊,True
2844,2002-03-27,"THE BEACHSIDE(Block A),REPULSE BAY RD|THE BEACHSIDEA座,淺水灣道",10361.056261559568,969,721,"{'bay_window': '23', 'flat_roof': '', 'roof': '', 'ac_platform': '', 'plant_room': '', 'garden': '', 'yard': ''}",4.9,4.220400000000001,6796,5853.53675450763,8660561,889926,ASP,HRB,淺水灣/壽臣山,1993/12,1993,33,C,3.0,A,blank,THE BEACHSIDE,THE BEACHSIDE,True
2847,2002-04-04,"PARKVIEW SUITE(Block 3,HONG KONG PARKVIEW),TAI TAM RESERVOIR RD|陽明山莊,3座(陽明居),大潭水塘道",11719.607551381869,1290,1091,"{'bay_window': '', 'flat_roof': '', 'roof': '', 'ac_platform': '', 'plant_room': '', 'garden': '', 'yard': ''}",8.0,7.2667,7333,6660.586617781852,8666476,895319,ASP,HRB,淺水灣/壽臣山,1989/11,1989,37,21,23.0,3,blank,HONG KONG PARKVIEW,陽明山莊,True
2848,2002-04-22,"GRAND GARDEN(Block 3),SOUTH BAY RD|華景園3座,南灣道",11120.271948774249,1657,1217,"{'bay_window': '', 'flat_roof': '', 'roof': '', 'ac_platform': '', 'plant_room': '', 'garden': '', 'yard': ''}",8.38,7.691400000000001,6886,6319.967132292523,8666540,895321,ASP,HRB,淺水灣/壽臣山,1986/12,1986,40,B,12.0,3,blank,GRAND GARDEN,華景園,True
2849,2002-03-26,"RIDGE COURT,REPULSE BAY RD|冠園,淺水灣道",11481.696860430551,0,1880,"{'bay_window': '', 'flat_roof': '', 'roof': '', 'ac_platform': '', 'plant_room': '', 'garden': '', 'yard': ''}",12.88,12.1949,6851,6486.648936170212,8668287,895991,PRO-ASP,HRB,淺水灣/壽臣山,1969/00,1969,57,A,8.0,blank,blank,blank,,True
2850,2002-04-21,"TWIN BROOK,REPULSE BAY RD|雙溪,淺水灣道",10027.752764825864,2700,2440,"{'bay_window': '', 'flat_roof': '', 'roof': '', 'ac_platform': '', 'plant_room': '', 'garden': '', 'yard': ''}",14.5,13.9057,5943,5699.05737704918,8670844,897567,PRO-ASP,HRB,淺水灣/壽臣山,1974/04,1974,52,B,1.0,blank,blank,blank,,True
2853,2002-03-15,"3 REPULSE BAY RD,REPULSE BAY RD|淺水灣三號,淺水灣道",22224.581913250964,2161,1796,"{'bay_window': '', 'flat_roof': '', 'roof': '', 'ac_platform': '', 'plant_room': '', 'garden': '', 'yard': ''}",23.88,22.5504,13296,12555.902004454343,8673656,900401,PRO-ASP,HRB,淺水灣/壽臣山,1997/07,1997,29,A,16.0,blank,blank,blank,,True
2855,2002-04-17,"PARKVIEW SUITE(Block 4,HONG KONG PARKVIEW),TAI TAM RESERVOIR RD|陽明山莊,4座(陽明居),大潭水塘道",10254.919261619732,2105,1747,"{'bay_window': '', 'flat_roof': '', 'roof': '', 'ac_platform': '', 'plant_room': '', 'garden': '', 'yard': ''}",10.8,10.1818,6182,5828.162564396108,8675410,901117,ASP,HRB,淺水灣/壽臣山,1989/11,1989,37,31,19.0,4,blank,HONG KONG PARKVIEW,陽明山莊,True
2856,2002-04-22,"37 REPULSE BAY RD(Block 2),REPULSE BAY RD|淺水灣道 37號2座,淺水灣道",15986.911139486636,1680,1255,"{'bay_window': '44', 'flat_roof': '', 'roof': '', 'ac_platform': '', 'plant_room': '', 'garden': '', 'yard': ''}",12.39,11.4027,9873,9085.81673306773,8675854,901318,PRO-ASP,HRB,淺水灣/壽臣山,1994/02,1994,32,B,8.0,2,blank,37 REPULSE BAY RD,淺水灣道 37號,True
2857,2002-04-24,"PARKVIEW SUITE(Block 5,HONG KONG PARKVIEW),TAI TAM RESERVOIR RD|陽明山莊,5座(陽明居),大潭水塘道",12149.932737051236,1309,1048,"{'bay_window': '', 'flat_roof': '', 'roof': '', 'ac_platform': '', 'plant_room': '', 'garden': '', 'yard': ''}",8.0,7.2366,7634,6905.152671755725,8676102,901363,ASP,HRB,淺水灣/壽臣山,1989/11,1989,37,41,6.0,5,blank,HONG KONG PARKVIEW,陽明山莊,True
2859,2002-04-23,"SEA CLIFF MANSION(Block B),REPULSE BAY RD|海峰園B座,淺水灣道",9999.587005621011,0,1941,"{'bay_window': '', 'flat_roof': '', 'roof': '', 'ac_platform': '', 'plant_room': '', 'garden': '', 'yard': ''}",11.63,11.0308,5992,5683.0499742400825,8678012,905253,ASP,HRB,淺水灣/壽臣山,1964/05,1964,62,B2,2.0,B,blank,SEA CLIFF MANSION,海峰園,True
2861,2002-04-27,"MONTE VERDE,REPULSE BAY RD|南山別墅,淺水灣道",16248.867301434368,2215,1960,"{'bay_window': '', 'flat_roof': '', 'roof': '', 'ac_platform': '', 'plant_room': '', 'garden': '', 'yard': ''}",18.1,18.1,9235,9234.69387755102,8680235,906262,ASP,HRB,淺水灣/壽臣山,1974/05,1974,52,B,1.0,blank,blank,blank,,False
2880,2002-05-17,"PARKVIEW SUITE(Block 5,HONG KONG PARKVIEW),TAI TAM RESERVOIR RD|陽明山莊,5座(陽明居),大潭水塘道",11120.469036862994,1213,1051,"{'bay_window': '', 'flat_roof': '', 'roof': '', 'ac_platform': '', 'plant_room': '', 'garden': '', 'yard': ''}",7.28,6.5873,6927,6267.649857278782,8691361,915821,ASP,HRB,淺水灣/壽臣山,1989/11,1989,37,39,3.0,5,blank,HONG KONG PARKVIEW,陽明山莊,True
2884,2002-05-07,"RUBY COURT(Block 2),SOUTH BAY RD|嘉麟閣2座,南灣道",13109.908694718737,1780,1517,"{'bay_window': '50', 'flat_roof': '', 'roof': '', 'ac_platform': '', 'plant_room': '', 'garden': '', 'yard': ''}",12.0,11.209,7910,7388.92551087673,8692740,916462,ASP,HRB,淺水灣/壽臣山,1987/05,1987,39,B,16.0,2,blank,RUBY COURT,嘉麟閣,True
2885,2002-05-10,"PARKVIEW HEIGHTS(Block 14,HONG KONG PARKVIEW),TAI TAM RESERVOIR RD|陽明山莊,14座(摘星樓),大潭水塘道",14880.236941648904,2045,1655,"{'bay_window': '', 'flat_roof': '', 'roof': '', 'ac_platform': '', 'plant_room': '', 'garden': '', 'yard': ''}",13.88,13.88,8387,8386.706948640483,8692961,916130,PRO-ASP,HRB,淺水灣/壽臣山,1988/00,1988,38,79,23.0,14,blank,HONG KONG PARKVIEW,陽明山莊,False
2888,2002-05-07,"PARKVIEW SUITE(Block 4,HONG KONG PARKVIEW),TAI TAM RESERVOIR RD|陽明山莊,4座(陽明居),大潭水塘道",10109.853894132099,1857,1541,"{'bay_window': '', 'flat_roof': '', 'roof': '', 'ac_platform': '', 'plant_room': '', 'garden': '', 'yard': ''}",9.39,8.780700000000001,6093,5698.053212199871,8696241,918437,ASP,HRB,淺水灣/壽臣山,1989/11,1989,37,29,2.0,4,blank,HONG KONG PARKVIEW,陽明山莊,True
2892,2002-05-11,"GRAND GARDEN(Block 1),SOUTH BAY RD|華景園1座,南灣道",13721.026946273478,3054,2482,"{'bay_window': '', 'flat_roof': '', 'roof': '', 'ac_platform': '', 'plant_room': '', 'garden': '', 'yard': ''}",20.0,19.1942,8058,7733.360193392426,8697444,919292,ASP,HRB,淺水灣/壽臣山,1986/12,1986,40,A,21.0,1,blank,GRAND GARDEN,華景園,True
2894,2002-05-17,"PARKVIEW TERR(Block 11,HONG KONG PARKVIEW),TAI TAM RESERVOIR RD|陽明山莊,11座(涵碧苑),大潭水塘道",11613.59633789854,2490,2049,"{'bay_window': '', 'flat_roof': '', 'roof': '', 'ac_platform': '', 'plant_room': '', 'garden': '', 'yard': ''}",14.1,13.4119,6881,6545.583211322596,8698579,920184,ASP,HRB,淺水灣/壽臣山,1989/11,1989,37,67,20.0,11,blank,HONG KONG PARKVIEW,陽明山莊,True
2900,2002-05-16,"PARKVIEW SUITE(Block 5,HONG KONG PARKVIEW),TAI TAM RESERVOIR RD|陽明山莊,5座(陽明居),大潭水塘道",11901.58436838828,1213,1051,"{'bay_window': '', 'flat_roof': '', 'roof': '', 'ac_platform': '', 'plant_room': '', 'garden': '', 'yard': ''}",7.05,7.05,6708,6707.897240723121,8701932,922698,PRO-ASP,HRB,淺水灣/壽臣山,1989/11,1989,37,39,10.0,5,blank,HONG KONG PARKVIEW,陽明山莊,False
2902,2002-05-18,"SEA CLIFF MANSION(Block A),REPULSE BAY RD|海峰園A座,淺水灣道",13525.270869535892,0,1941,"{'bay_window': '', 'flat_roof': '', 'roof': '', 'ac_platform': '', 'plant_room': '', 'garden': '', 'yard': ''}",15.6,14.7963,8037,7623.029366306027,8702059,923203,ASP,HRB,淺水灣/壽臣山,1964/05,1964,62,A2,6.0,A,blank,SEA CLIFF MANSION,海峰園,True
2903,2002-05-27,"PARKVIEW RISE(Block 8,HONG KONG PARKVIEW),TAI TAM RESERVOIR RD|陽明山莊,8座(凌雲閣),大潭水塘道",10797.48419122804,2366,1939,"{'bay_window': '', 'flat_roof': '', 'roof': '', 'ac_platform': '', 'plant_room': '', 'garden': '', 'yard': ''}",11.8,11.8,6086,6085.611139762765,8702256,922737,ASP,HRB,淺水灣/壽臣山,1989/11,1989,37,53,1.0,8,blank,HONG KONG PARKVIEW,陽明山莊,False
2907,2002-05-21,"SOUTH BAY GARDEN(Block B),SOUTH BAY CLOSE|南灣花園B座,南灣坊",9349.114739729606,1542,1296,"{'bay_window': '', 'flat_roof': '', 'roof': '', 'ac_platform': '', 'plant_room': '', 'garden': '', 'yard': ''}",7.4,6.829000000000001,5710,5269.290123456791,8709982,928442,ASP,HRB,淺水灣/壽臣山,1985/09,1985,41,2,4.0,B,blank,SOUTH BAY GARDEN,南灣花園,True
2909,2002-06-05,"PARKVIEW SUITE(Block 5,HONG KONG PARKVIEW),TAI TAM RESERVOIR RD|陽明山莊,5座(陽明居),大潭水塘道",12233.724260812898,1299,1041,"{'bay_window': '', 'flat_roof': '', 'roof': '', 'ac_platform': '', 'plant_room': '', 'garden': '', 'yard': ''}",7.25,7.25,6964,6964.4572526416905,8713199,930925,ASP,HRB,淺水灣/壽臣山,1989/11,1989,37,35,11.0,5,blank,HONG KONG PARKVIEW,陽明山莊,False
2912,2002-06-04,"37 REPULSE BAY RD(Block 1),REPULSE BAY RD|淺水灣道 37號1座,淺水灣道",14214.66984651413,1225,882,"{'bay_window': '56', 'flat_roof': '', 'roof': '', 'ac_platform': '', 'plant_room': '', 'garden': '', 'yard': ''}",8.05,7.137300000000001,9127,8092.176870748301,8717735,933883,ASP,HRB,淺水灣/壽臣山,1994/02,1994,32,A,21.0,1,blank,37 REPULSE BAY RD,淺水灣道 37號,True
2915,2002-06-12,"PARKVIEW CRESCENT(Block 10,HONG KONG PARKVIEW),TAI TAM RESERVOIR RD|陽明山莊,10座(環翠軒),大潭水塘道",10875.582370201731,2771,2342,"{'bay_window': '', 'flat_roof': '', 'roof': '', 'ac_platform': '', 'plant_room': '', 'garden': '', 'yard': ''}",14.5,14.5,6191,6191.289496157131,8721460,937609,ASP,HRB,淺水灣/壽臣山,1989/11,1989,37,63,16.0,10,blank,HONG KONG PARKVIEW,陽明山莊,False
2917,2002-06-17,"SOUTH BAY TOWERS,SOUTH BAY RD|南灣大廈,南灣道",15833.748244220256,4334,3225,"{'bay_window': '', 'flat_roof': '', 'roof': '1905', 'ac_platform': '', 'plant_room': '', 'garden': '', 'yard': ''}",30.0,29.0698,9302,9013.891472868218,8723274,939065,ASP,HRB,淺水灣/壽臣山,1984/11,1984,42,A,29.0,blank,blank,blank,,True
2924,2002-06-18,"PARKVIEW HEIGHTS(Block 13,HONG KONG PARKVIEW),TAI TAM RESERVOIR RD|陽明山莊,13座(摘星樓),大潭水塘道",10746.961206312417,2700,2308,"{'bay_window': '', 'flat_roof': '', 'roof': '', 'ac_platform': '', 'plant_room': '', 'garden': '', 'yard': ''}",14.76,14.1205,6395,6118.067590987868,8729961,944845,ASP,HRB,淺水灣/壽臣山,1989/11,1989,37,73,2.0,13,blank,HONG KONG PARKVIEW,陽明山莊,True
2925,2002-06-18,"PARKVIEW RISE(Block 7,HONG KONG PARKVIEW),TAI TAM RESERVOIR RD|陽明山莊,7座(凌雲閣),大潭水塘道",11007.101753668912,2092,1649,"{'bay_window': '', 'flat_roof': '', 'roof': '', 'ac_platform': '', 'plant_room': '', 'garden': '', 'yard': ''}",11.0,10.3329,6671,6266.161309884778,8729962,944846,ASP,HRB,淺水灣/壽臣山,1988/00,1988,38,49,20.0,7,blank,HONG KONG PARKVIEW,陽明山莊,True
2926,2002-05-27,"RUBY COURT(Block 2),SOUTH BAY RD|嘉麟閣2座,南灣道",12345.115288038696,1780,1517,"{'bay_window': '50', 'flat_roof': '', 'roof': '', 'ac_platform': '', 'plant_room': '', 'garden': '', 'yard': ''}",11.3,10.5551,7449,6957.877389584707,8731610,945922,PRO-ASP,HRB,淺水灣/壽臣山,1987/05,1987,39,B,19.0,2,blank,RUBY COURT,嘉麟閣,True
2927,2002-07-03,"RIDGE COURT,REPULSE BAY RD|冠園,淺水灣道",11771.023016664423,0,1880,"{'bay_window': '', 'flat_roof': '', 'roof': '', 'ac_platform': '', 'plant_room': '', 'garden': '', 'yard': ''}",12.98,12.2896,6904,6537.021276595745,8732594,946688,ASP,HRB,淺水灣/壽臣山,1969/00,1969,57,D,7.0,blank,blank,blank,,True
2930,2002-07-09,"RIDGE COURT,REPULSE BAY RD|冠園,淺水灣道",12242.54972470243,0,1880,"{'bay_window': '', 'flat_roof': '', 'roof': '', 'ac_platform': '', 'plant_room': '', 'garden': '', 'yard': ''}",13.5,12.7819,7181,6798.882978723404,8746893,957272,ASP,HRB,淺水灣/壽臣山,1969/00,1969,57,B,7.0,blank,blank,blank,,True
2932,2002-07-20,"SOUTH BAY TOWERS,SOUTH BAY RD|南灣大廈,南灣道",13509.863535478613,2738,2161,"{'bay_window': '', 'flat_roof': '', 'roof': '', 'ac_platform': '', 'plant_room': '', 'garden': '', 'yard': ''}",17.0,16.2133,7867,7502.683942619158,8749545,959085,ASP,HRB,淺水灣/壽臣山,1984/11,1984,42,B,7.0,blank,blank,blank,,True
2933,2002-07-31,"PARKVIEW SUITE(Block 3,HONG KONG PARKVIEW),TAI TAM RESERVOIR RD|陽明山莊,3座(陽明居),大潭水塘道",12930.49948479094,1290,1091,"{'bay_window': '', 'flat_roof': '', 'roof': '', 'ac_platform': '', 'plant_room': '', 'garden': '', 'yard': ''}",8.625,7.8344,7906,7180.934922089826,8750587,959872,ASP,HRB,淺水灣/壽臣山,1989/11,1989,37,21,3.0,3,blank,HONG KONG PARKVIEW,陽明山莊,True
2934,2002-07-31,"PARKVIEW SUITE(Block 3,HONG KONG PARKVIEW),TAI TAM RESERVOIR RD|陽明山莊,3座(陽明居),大潭水塘道",13410.293240564033,1290,1091,"{'bay_window': '', 'flat_roof': '', 'roof': '', 'ac_platform': '', 'plant_room': '', 'garden': '', 'yard': ''}",8.945,8.1251,8199,7447.387717690192,8750589,959873,ASP,HRB,淺水灣/壽臣山,1989/11,1989,37,21,11.0,3,blank,HONG KONG PARKVIEW,陽明山莊,True
2937,2002-07-19,"RUBY COURT(Block 2),SOUTH BAY RD|嘉麟閣2座,南灣道",13305.02205466931,1780,1517,"{'bay_window': '50', 'flat_roof': '', 'roof': '', 'ac_platform': '', 'plant_room': '', 'garden': '', 'yard': ''}",12.0,11.209,7910,7388.92551087673,8755605,964863,ASP,HRB,淺水灣/壽臣山,1987/05,1987,39,B,18.0,2,blank,RUBY COURT,嘉麟閣,True
2941,2002-08-03,"37 REPULSE BAY RD(Block 3),REPULSE BAY RD|淺水灣道 37號3座,淺水灣道",12870.281509343056,1220,882,"{'bay_window': '44', 'flat_roof': '25', 'roof': '', 'ac_platform': '', 'plant_room': '', 'garden': '', 'yard': ''}",7.1,6.295,8050,7137.18820861678,8765380,970362,ASP,HRB,淺水灣/壽臣山,1994/02,1994,32,A,1.0,3,blank,37 REPULSE BAY RD,淺水灣道 37號,True
2942,2002-08-05,"REPULSE BAY GARDEN(Block 7),BELLEVIEW DR|淺水灣新村7座,麗景道",9199.671157132847,2288,2110,"{'bay_window': '', 'flat_roof': '', 'roof': '', 'ac_platform': '', 'plant_room': '', 'garden': '', 'yard': ''}",11.3,10.7645,5355,5101.658767772512,8769474,973930,PRO-ASP,HRB,淺水灣/壽臣山,1973/11,1973,53,whole floor,3.0,7,blank,REPULSE BAY GARDEN,淺水灣新村,True
2949,2002-09-04,"PARKVIEW SUITE(Block 3,HONG KONG PARKVIEW),TAI TAM RESERVOIR RD|陽明山莊,3座(陽明居),大潭水塘道",11956.538287696549,1235,1012,"{'bay_window': '', 'flat_roof': '', 'roof': '', 'ac_platform': '', 'plant_room': '', 'garden': '', 'yard': ''}",6.5,6.5,6423,6422.924901185771,8775422,978130,ASP,HRB,淺水灣/壽臣山,1989/11,1989,37,25,16.0,3,blank,HONG KONG PARKVIEW,陽明山莊,False
2950,2002-09-05,"PARKVIEW SUITE(Block 5,HONG KONG PARKVIEW),TAI TAM RESERVOIR RD|陽明山莊,5座(陽明居),大潭水塘道",11956.538287696549,1263,1012,"{'bay_window': '', 'flat_roof': '', 'roof': '', 'ac_platform': '', 'plant_room': '', 'garden': '', 'yard': ''}",6.5,6.5,6423,6422.924901185771,8777370,979585,ASP,HRB,淺水灣/壽臣山,1989/11,1989,37,37,6.0,5,blank,HONG KONG PARKVIEW,陽明山莊,False
2954,2002-09-12,"RIDGE COURT,REPULSE BAY RD|冠園,淺水灣道",11531.355567289038,0,1880,"{'bay_window': '', 'flat_roof': '', 'roof': '', 'ac_platform': '', 'plant_room': '', 'garden': '', 'yard': ''}",12.3,11.6457,6543,6194.521276595745,8782472,985145,ASP,HRB,淺水灣/壽臣山,1969/00,1969,57,D,12.0,blank,blank,blank,,True
2955,2002-09-09,"MING WAI GARDEN,REPULSE BAY RD|明慧園,淺水灣道",11770.421198944361,0,1630,"{'bay_window': '', 'flat_roof': '', 'roof': '', 'ac_platform': '', 'plant_room': '', 'garden': '', 'yard': ''}",10.98,10.3064,6736,6322.944785276074,8783190,986008,ASP,HRB,淺水灣/壽臣山,1973/12,1973,53,A,7.0,blank,blank,blank,,True
2956,2002-09-12,"RIDGE COURT,REPULSE BAY RD|冠園,淺水灣道",11613.936696316223,0,1880,"{'bay_window': '', 'flat_roof': '', 'roof': '', 'ac_platform': '', 'plant_room': '', 'garden': '', 'yard': ''}",12.388,11.7291,6589,6238.882978723404,8789407,990196,ASP,HRB,淺水灣/壽臣山,1969/00,1969,57,B,2.0,blank,blank,blank,,True
2958,2002-09-30,"PARKVIEW RISE(Block 7,HONG KONG PARKVIEW),TAI TAM RESERVOIR RD|陽明山莊,7座(凌雲閣),大潭水塘道",12127.69859887394,1860,1466,"{'bay_window': '', 'flat_roof': '', 'roof': '', 'ac_platform': '', 'plant_room': '', 'garden': '', 'yard': ''}",10.25,9.5508,6992,6514.870395634379,8790633,991940,ASP,HRB,淺水灣/壽臣山,1988/00,1988,38,47,8.0,7,blank,HONG KONG PARKVIEW,陽明山莊,True
2959,2002-09-12,"REPULSE BAY GARDEN(Block 12),BELLEVIEW DR|淺水灣新村12座,麗景道",9103.56086791875,1728,1459,"{'bay_window': '', 'flat_roof': '', 'roof': '', 'ac_platform': '', 'plant_room': '', 'garden': '', 'yard': ''}",7.66,7.135,5250,4890.335846470185,8790745,991947,ASP,HRB,淺水灣/壽臣山,1976/12,1976,50,whole floor,4.0,12,blank,REPULSE BAY GARDEN,淺水灣新村,True
2961,2002-09-23,"REPULSE BAY GARDEN(Block 11),BELLEVIEW DR|淺水灣新村11座,麗景道",10814.928238926375,1728,1459,"{'bay_window': '', 'flat_roof': '', 'roof': '', 'ac_platform': '', 'plant_room': '', 'garden': '', 'yard': ''}",9.1,8.4763,6237,5809.664153529815,8798677,998512,PRO-ASP,HRB,淺水灣/壽臣山,1976/12,1976,50,whole floor,8.0,11,blank,REPULSE BAY GARDEN,淺水灣新村,True
2966,2002-10-22,"37 REPULSE BAY RD(Block 3),REPULSE BAY RD|淺水灣道 37號3座,淺水灣道",13073.09293601664,1220,882,"{'bay_window': '56', 'flat_roof': '', 'roof': '', 'ac_platform': '', 'plant_room': '', 'garden': '', 'yard': ''}",6.88,6.1,7800,6916.09977324263,8809166,1006489,ASP,HRB,淺水灣/壽臣山,1994/02,1994,32,A,7.0,3,blank,37 REPULSE BAY RD,淺水灣道 37號,True
2967,2002-10-23,"REPULSE BAY GARDEN(Block 11),BELLEVIEW DR|淺水灣新村11座,麗景道",10981.663350199216,1728,1459,"{'bay_window': '', 'flat_roof': '', 'roof': '', 'ac_platform': '', 'plant_room': '', 'garden': '', 'yard': ''}",9.1,8.4763,6237,5809.664153529815,8815847,1011714,ASP,HRB,淺水灣/壽臣山,1976/12,1976,50,whole floor,7.0,11,blank,REPULSE BAY GARDEN,淺水灣新村,True
2970,2002-11-11,"SPLENDOUR VILLA,SOUTH BAY RD|雅景閣,南灣道",14820.673633178129,0,1203,"{'bay_window': '', 'flat_roof': '', 'roof': '', 'ac_platform': '', 'plant_room': '', 'garden': '', 'yard': ''}",9.88,9.0587,8213,7530.091438071488,8827198,1020949,ASP,HRB,淺水灣/壽臣山,1993/08,1993,33,I,1.0,blank,blank,blank,,True
2973,2002-11-27,"PARKVIEW RISE(Block 7,HONG KONG PARKVIEW),TAI TAM RESERVOIR RD|陽明山莊,7座(凌雲閣),大潭水塘道",11634.26546911776,1924,1517,"{'bay_window': '', 'flat_roof': '', 'roof': '', 'ac_platform': '', 'plant_room': '', 'garden': '', 'yard': ''}",9.6,8.9672,6328,5911.140408701384,8831364,1023529,ASP,HRB,淺水灣/壽臣山,1988/00,1988,38,51,7.0,7,blank,HONG KONG PARKVIEW,陽明山莊,True
2975,2002-11-22,"SPLENDOUR VILLA,SOUTH BAY RD|雅景閣,南灣道",16268.673393241856,0,1295,"{'bay_window': '', 'flat_roof': '', 'roof': '', 'ac_platform': '', 'plant_room': '', 'garden': '', 'yard': ''}",11.6,10.7042,8958,8265.791505791505,8837302,1028805,ASP,HRB,淺水灣/壽臣山,1993/08,1993,33,G,3.0,blank,blank,blank,,True
2976,2002-12-03,"TWIN BROOK,REPULSE BAY RD|雙溪,淺水灣道",14023.007644020121,2700,2440,"{'bay_window': '', 'flat_roof': '', 'roof': '', 'ac_platform': '', 'plant_room': '', 'garden': '', 'yard': ''}",18.5,17.7418,7582,7271.229508196721,8838557,1029675,ASP,HRB,淺水灣/壽臣山,1974/04,1974,52,A,12.0,blank,blank,blank,,True
2992,2002-12-03,"GRAND GARDEN(Block 3),SOUTH BAY RD|華景園3座,南灣道",13497.54804098266,1657,1217,"{'bay_window': '', 'flat_roof': '', 'roof': '', 'ac_platform': '', 'plant_room': '', 'garden': '', 'yard': ''}",9.28,8.5175,7625,6998.767460969598,8848060,1036427,ASP,HRB,淺水灣/壽臣山,1986/12,1986,40,B,23.0,3,blank,GRAND GARDEN,華景園,True
2994,2002-12-17,"PARKVIEW SUITE(Block 4,HONG KONG PARKVIEW),TAI TAM RESERVOIR RD|陽明山莊,4座(陽明居),大潭水塘道",11011.010924176111,2105,1747,"{'bay_window': '', 'flat_roof': '', 'roof': '', 'ac_platform': '', 'plant_room': '', 'garden': '', 'yard': ''}",10.58,9.9744,6056,5709.444762449914,8853302,1041284,PRO-ASP,HRB,淺水灣/壽臣山,1989/11,1989,37,31,21.0,4,blank,HONG KONG PARKVIEW,陽明山莊,True
2996,2002-12-31,"PARKVIEW SUITE(Block 4,HONG KONG PARKVIEW),TAI TAM RESERVOIR RD|陽明山莊,4座(陽明居),大潭水塘道",11176.265952436475,1857,1541,"{'bay_window': '', 'flat_roof': '', 'roof': '', 'ac_platform': '', 'plant_room': '', 'garden': '', 'yard': ''}",9.55,8.9303,6197,5795.133030499675,8858437,1045777,ASP,HRB,淺水灣/壽臣山,1989/11,1989,37,29,17.0,4,blank,HONG KONG PARKVIEW,陽明山莊,True
2998,2003-01-13,"PARKVIEW HEIGHTS(Block 13,HONG KONG PARKVIEW),TAI TAM RESERVOIR RD|陽明山莊,13座(摘星樓),大潭水塘道",12155.811613524937,2700,2308,"{'bay_window': '', 'flat_roof': '', 'roof': '', 'ac_platform': '', 'plant_room': '', 'garden': '', 'yard': ''}",14.8,14.1588,6412,6134.662045060659,8861221,1048052,ASP,HRB,淺水灣/壽臣山,1989/11,1989,37,75,16.0,13,blank,HONG KONG PARKVIEW,陽明山莊,True
3003,2003-01-23,"PARKVIEW SUITE(Block 5,HONG KONG PARKVIEW),TAI TAM RESERVOIR RD|陽明山莊,5座(陽明居),大潭水塘道",13229.011479146508,1299,1041,"{'bay_window': '', 'flat_roof': '', 'roof': '', 'ac_platform': '', 'plant_room': '', 'garden': '', 'yard': ''}",6.95,6.95,6676,6676.272814601345,8868198,1053571,ASP,HRB,淺水灣/壽臣山,1989/11,1989,37,35,21.0,5,blank,HONG KONG PARKVIEW,陽明山莊,False
3005,2003-01-22,"SPLENDOUR VILLA,SOUTH BAY RD|雅景閣,南灣道",16936.65473806822,0,1272,"{'bay_window': '', 'flat_roof': '', 'roof': '', 'ac_platform': '', 'plant_room': '', 'garden': '', 'yard': ''}",11.8,10.8723,9277,8547.405660377359,8870756,1055609,ASP,HRB,淺水灣/壽臣山,1993/08,1993,33,F,3.0,blank,blank,blank,,True
3006,2003-01-25,"PARKVIEW SUITE(Block 5,HONG KONG PARKVIEW),TAI TAM RESERVOIR RD|陽明山莊,5座(陽明居),大潭水塘道",12243.964733888484,1263,1012,"{'bay_window': '', 'flat_roof': '', 'roof': '', 'ac_platform': '', 'plant_room': '', 'garden': '', 'yard': ''}",6.939,6.2533,6857,6179.150197628458,8872896,1057430,ASP,HRB,淺水灣/壽臣山,1989/11,1989,37,37,7.0,5,blank,HONG KONG PARKVIEW,陽明山莊,True
3007,2003-01-18,"PARKVIEW SUITE(Block 4,HONG KONG PARKVIEW),TAI TAM RESERVOIR RD|陽明山莊,4座(陽明居),大潭水塘道",12264.57634248586,1857,1541,"{'bay_window': '', 'flat_roof': '', 'roof': '', 'ac_platform': '', 'plant_room': '', 'garden': '', 'yard': ''}",10.2,9.5381,6619,6189.55223880597,8872933,1057436,PRO-ASP,HRB,淺水灣/壽臣山,1989/11,1989,37,29,9.0,4,blank,HONG KONG PARKVIEW,陽明山莊,True
3012,2003-02-18,"PARKVIEW RISE(Block 8,HONG KONG PARKVIEW),TAI TAM RESERVOIR RD|陽明山莊,8座(凌雲閣),大潭水塘道",11578.16894792282,2366,1939,"{'bay_window': '', 'flat_roof': '', 'roof': '', 'ac_platform': '', 'plant_room': '', 'garden': '', 'yard': ''}",11.5,10.9069,5931,5625.01289324394,8884534,1066297,PRO-ASP,HRB,淺水灣/壽臣山,1989/11,1989,37,53,12.0,8,blank,HONG KONG PARKVIEW,陽明山莊,True
3013,2003-01-28,"SEA CLIFF MANSION(Block B),REPULSE BAY RD|海峰園B座,淺水灣道",13362.085629066163,0,1941,"{'bay_window': '', 'flat_roof': '', 'roof': '', 'ac_platform': '', 'plant_room': '', 'garden': '', 'yard': ''}",13.8,13.089,7110,6743.431221020092,8885101,1066963,ASP,HRB,淺水灣/壽臣山,1964/05,1964,62,B1,6.0,B,blank,SEA CLIFF MANSION,海峰園,True
3014,2003-03-01,"SEA CLIFF MANSION(Block A),REPULSE BAY RD|海峰園A座,淺水灣道",12814.05559290036,0,1941,"{'bay_window': '', 'flat_roof': '', 'roof': '', 'ac_platform': '', 'plant_room': '', 'garden': '', 'yard': ''}",13.0,12.3302,6698,6352.498712004121,8887841,1068952,ASP,HRB,淺水灣/壽臣山,1964/05,1964,62,A2,11.0,A,blank,SEA CLIFF MANSION,海峰園,True
3017,2003-02-27,"PARKVIEW CRESCENT(Block 10,HONG KONG PARKVIEW),TAI TAM RESERVOIR RD|陽明山莊,10座(環翠軒),大潭水塘道",10370.781321158505,2771,2342,"{'bay_window': '', 'flat_roof': '', 'roof': '', 'ac_platform': '', 'plant_room': '', 'garden': '', 'yard': ''}",11.8,11.8,5038,5038.428693424424,8891955,1071644,ASP,HRB,淺水灣/壽臣山,1989/11,1989,37,61,1.0,10,blank,HONG KONG PARKVIEW,陽明山莊,False
3019,2003-02-25,"PARKVIEW CRESCENT(Block 10,HONG KONG PARKVIEW),TAI TAM RESERVOIR RD|陽明山莊,10座(環翠軒),大潭水塘道",10880.531589486634,2771,2342,"{'bay_window': '', 'flat_roof': '', 'roof': '', 'ac_platform': '', 'plant_room': '', 'garden': '', 'yard': ''}",12.38,12.38,5286,5286.080273270709,8895417,1073872,PRO-ASP,HRB,淺水灣/壽臣山,1989/11,1989,37,61,5.0,10,blank,HONG KONG PARKVIEW,陽明山莊,False
3022,2003-02-28,"SOUTH BAY TOWERS,SOUTH BAY RD|南灣大廈,南灣道",12536.135616689236,2738,2161,"{'bay_window': '107', 'flat_roof': '', 'roof': '', 'ac_platform': '', 'plant_room': '', 'garden': '', 'yard': ''}",13.8,13.1614,6386,6090.421101341972,8898178,1076496,ASP,HRB,淺水灣/壽臣山,1984/11,1984,42,B,4.0,blank,blank,blank,,True
3025,2003-03-11,"PARKVIEW SUITE(Block 5,HONG KONG PARKVIEW),TAI TAM RESERVOIR RD|陽明山莊,5座(陽明居),大潭水塘道",10754.352607261713,1299,1041,"{'bay_window': '', 'flat_roof': '', 'roof': '', 'ac_platform': '', 'plant_room': '', 'garden': '', 'yard': ''}",5.55,5.55,5331,5331.412103746397,8903955,1079838,ASP,HRB,淺水灣/壽臣山,1989/11,1989,37,35,2.0,5,blank,HONG KONG PARKVIEW,陽明山莊,False
3028,2003-03-25,"PARKVIEW CRESCENT(Block 10,HONG KONG PARKVIEW),TAI TAM RESERVOIR RD|陽明山莊,10座(環翠軒),大潭水塘道",10163.355917948118,2771,2342,"{'bay_window': '', 'flat_roof': '', 'roof': '', 'ac_platform': '', 'plant_room': '', 'garden': '', 'yard': ''}",11.8,11.8,5038,5038.428693424424,8911340,1085643,ASP,HRB,淺水灣/壽臣山,1989/11,1989,37,63,2.0,10,blank,HONG KONG PARKVIEW,陽明山莊,False
3029,2003-03-20,"PARKVIEW CRESCENT(Block 10,HONG KONG PARKVIEW),TAI TAM RESERVOIR RD|陽明山莊,10座(環翠軒),大潭水塘道",10507.87645753958,2771,2342,"{'bay_window': '', 'flat_roof': '', 'roof': '', 'ac_platform': '', 'plant_room': '', 'garden': '', 'yard': ''}",12.2,12.2,5209,5209.222886421861,8911341,1085644,ASP,HRB,淺水灣/壽臣山,1989/11,1989,37,63,6.0,10,blank,HONG KONG PARKVIEW,陽明山莊,False
3034,2003-04-22,"PARKVIEW SUITE(Block 4,HONG KONG PARKVIEW),TAI TAM RESERVOIR RD|陽明山莊,4座(陽明居),大潭水塘道",11798.488219197992,1857,1541,"{'bay_window': '', 'flat_roof': '', 'roof': '', 'ac_platform': '', 'plant_room': '', 'garden': '', 'yard': ''}",9.6,8.977,6230,5825.438027255029,8926269,1096907,ASP,HRB,淺水灣/壽臣山,1989/11,1989,37,29,15.0,4,blank,HONG KONG PARKVIEW,陽明山莊,True
3051,2003-06-06,"VILLA HELVETIA,REPULSE BAY RD|雲濤別墅,淺水灣道",16787.311037654832,0,1875,"{'bay_window': '', 'flat_roof': '', 'roof': '', 'ac_platform': '', 'plant_room': '', 'garden': '', 'yard': ''}",16.28,15.411700000000002,8683,8219.573333333334,8958628,1119535,PRO-ASP,HRB,淺水灣/壽臣山,1969/00,1969,57,whole floor,3.0,blank,blank,blank,,True
3053,2003-06-12,"PARKVIEW HEIGHTS(Block 13,HONG KONG PARKVIEW),TAI TAM RESERVOIR RD|陽明山莊,13座(摘星樓),大潭水塘道",11073.06667241108,2700,2308,"{'bay_window': '', 'flat_roof': '', 'roof': '', 'ac_platform': '', 'plant_room': '', 'garden': '', 'yard': ''}",13.08,12.5133,5667,5421.707105719237,8959645,1120707,ASP,HRB,淺水灣/壽臣山,1989/11,1989,37,75,8.0,13,blank,HONG KONG PARKVIEW,陽明山莊,True
3056,2003-06-13,"PARKVIEW CRESCENT(Block 10,HONG KONG PARKVIEW),TAI TAM RESERVOIR RD|陽明山莊,10座(環翠軒),大潭水塘道",11353.574299084275,2771,2342,"{'bay_window': '', 'flat_roof': '', 'roof': '', 'ac_platform': '', 'plant_room': '', 'garden': '', 'yard': ''}",13.6,13.0193,5807,5559.052092228864,8961710,1122086,ASP,HRB,淺水灣/壽臣山,1989/11,1989,37,63,8.0,10,blank,HONG KONG PARKVIEW,陽明山莊,True
3057,2003-06-24,"PARKVIEW SUITE(Block 5,HONG KONG PARKVIEW),TAI TAM RESERVOIR RD|陽明山莊,5座(陽明居),大潭水塘道",11094.120737236959,1263,1012,"{'bay_window': '', 'flat_roof': '', 'roof': '', 'ac_platform': '', 'plant_room': '', 'garden': '', 'yard': ''}",6.1,5.497199999999999,6028,5432.015810276679,8963872,1123437,ASP,HRB,淺水灣/壽臣山,1989/11,1989,37,37,9.0,5,blank,HONG KONG PARKVIEW,陽明山莊,True
3058,2003-06-27,"3 REPULSE BAY RD,REPULSE BAY RD|淺水灣三號,淺水灣道",19902.842855252176,2078,1741,"{'bay_window': '', 'flat_roof': '', 'roof': '', 'ac_platform': '', 'plant_room': '', 'garden': '', 'yard': ''}",18.0,16.9661,10339,9745.031591039633,8964447,1124324,ASP,HRB,淺水灣/壽臣山,1997/07,1997,29,B,17.0,blank,blank,blank,,True
3061,2003-06-24,"PARKVIEW SUITE(Block 3,HONG KONG PARKVIEW),TAI TAM RESERVOIR RD|陽明山莊,3座(陽明居),大潭水塘道",11328.100753787045,1275,994,"{'bay_window': '', 'flat_roof': '', 'roof': '', 'ac_platform': '', 'plant_room': '', 'garden': '', 'yard': ''}",6.13,5.5133,6167,5546.579476861167,8967998,1127031,ASP,HRB,淺水灣/壽臣山,1989/05,1989,37,27,22.0,3,blank,HONG KONG PARKVIEW,陽明山莊,True
3064,2003-06-28,"PARKVIEW HEIGHTS(Block 13,HONG KONG PARKVIEW),TAI TAM RESERVOIR RD|陽明山莊,13座(摘星樓),大潭水塘道",11061.297451922235,2700,2308,"{'bay_window': '', 'flat_roof': '', 'roof': '', 'ac_platform': '', 'plant_room': '', 'garden': '', 'yard': ''}",12.5,12.5,5416,5415.944540727903,8972135,1130326,ASP,HRB,淺水灣/壽臣山,1989/11,1989,37,75,10.0,13,blank,HONG KONG PARKVIEW,陽明山莊,False
3067,2003-07-16,"37 REPULSE BAY RD(Block 1),REPULSE BAY RD|淺水灣道 37號1座,淺水灣道",16014.940392953207,1745,1289,"{'bay_window': '44', 'flat_roof': '', 'roof': '', 'ac_platform': '', 'plant_room': '', 'garden': '', 'yard': ''}",10.88,10.035900000000002,8441,7785.802948021724,8978733,1136354,ASP,HRB,淺水灣/壽臣山,1994/02,1994,32,B,18.0,1,blank,37 REPULSE BAY RD,淺水灣道 37號,True
3072,2003-07-28,"3 REPULSE BAY RD,REPULSE BAY RD|淺水灣三號,淺水灣道",20044.958895036016,2078,1741,"{'bay_window': '', 'flat_roof': '', 'roof': '', 'ac_platform': '', 'plant_room': '', 'garden': '', 'yard': ''}",18.0,16.9661,10339,9745.031591039633,8982724,1140132,ASP,HRB,淺水灣/壽臣山,1997/07,1997,29,B,12.0,blank,blank,blank,,True
3074,2003-08-04,"GRAND GARDEN(Block 1),SOUTH BAY RD|華景園1座,南灣道",14958.084851556538,3061,2663,"{'bay_window': '', 'flat_roof': '', 'roof': '', 'ac_platform': '', 'plant_room': '', 'garden': '', 'yard': ''}",20.0,19.249,7510,7228.313931656027,8986248,1142797,ASP,HRB,淺水灣/壽臣山,1986/12,1986,40,B,17.0,1,blank,GRAND GARDEN,華景園,True
3079,2003-08-08,"REPULSE BAY GARDEN(Block 12),BELLEVIEW DR|淺水灣新村12座,麗景道",10436.93524018164,1728,1459,"{'bay_window': '', 'flat_roof': '', 'roof': '', 'ac_platform': '', 'plant_room': '', 'garden': '', 'yard': ''}",7.9,7.3585,5415,5043.522960932145,8991910,1147965,ASP,HRB,淺水灣/壽臣山,1976/12,1976,50,whole floor,19.0,12,blank,REPULSE BAY GARDEN,淺水灣新村,True
3082,2003-08-12,"PARKVIEW HEIGHTS(Block 13,HONG KONG PARKVIEW),TAI TAM RESERVOIR RD|陽明山莊,13座(摘星樓),大潭水塘道",11829.936138749079,2700,2327,"{'bay_window': '', 'flat_roof': '', 'roof': '', 'ac_platform': '', 'plant_room': '', 'garden': '', 'yard': ''}",13.9,13.3027,5973,5716.673828964332,8993218,1148621,ASP,HRB,淺水灣/壽臣山,1989/11,1989,37,73,19.0,13,blank,HONG KONG PARKVIEW,陽明山莊,True
3083,2003-08-18,"37 REPULSE BAY RD(Block 1),REPULSE BAY RD|淺水灣道 37號1座,淺水灣道",16733.834648212025,1745,1289,"{'bay_window': '44', 'flat_roof': '', 'roof': '', 'ac_platform': '', 'plant_room': '', 'garden': '', 'yard': ''}",11.3,10.4234,8766,8086.423584173778,8998607,1153069,ASP,HRB,淺水灣/壽臣山,1994/02,1994,32,B,7.0,1,blank,37 REPULSE BAY RD,淺水灣道 37號,True
3084,2003-08-28,"SEA CLIFF MANSION(Block B),REPULSE BAY RD|海峰園B座,淺水灣道",11932.323878775882,0,1941,"{'bay_window': '', 'flat_roof': '', 'roof': '', 'ac_platform': '', 'plant_room': '', 'garden': '', 'yard': ''}",11.8,11.1921,6079,5766.151468315302,9003004,1157120,ASP,HRB,淺水灣/壽臣山,1964/05,1964,62,B2,2.0,B,blank,SEA CLIFF MANSION,海峰園,True
3088,2003-08-22,"PARKVIEW SUITE(Block 5,HONG KONG PARKVIEW),TAI TAM RESERVOIR RD|陽明山莊,5座(陽明居),大潭水塘道",11255.182968276622,1309,1048,"{'bay_window': '', 'flat_roof': '', 'roof': '', 'ac_platform': '', 'plant_room': '', 'garden': '', 'yard': ''}",5.7,5.7,5439,5438.9312977099235,9006707,1160843,ASP,HRB,淺水灣/壽臣山,1989/11,1989,37,41,7.0,5,blank,HONG KONG PARKVIEW,陽明山莊,False
3093,2003-09-04,"PARKVIEW CORNER(Block 18,HONG KONG PARKVIEW),TAI TAM RESERVOIR RD|陽明山莊,18座(眺景台),大潭水塘道",14895.934233133426,2620,2171,"{'bay_window': '', 'flat_roof': '', 'roof': '1962', 'ac_platform': '', 'plant_room': '', 'garden': '', 'yard': ''}",17.3,16.5031,7969,7601.612160294795,9014112,1168055,ASP,HRB,淺水灣/壽臣山,1989/11,1989,37,97,23.0,18,blank,HONG KONG PARKVIEW,陽明山莊,True
3094,2003-09-19,"37 REPULSE BAY RD(Block 1),REPULSE BAY RD|淺水灣道 37號1座,淺水灣道",17350.529919185276,1745,1289,"{'bay_window': '44', 'flat_roof': '', 'roof': '', 'ac_platform': '', 'plant_room': '', 'garden': '', 'yard': ''}",12.373,11.4131,9599,8854.22808378588,9014934,1169487,PRO-ASP,HRB,淺水灣/壽臣山,1994/02,1994,32,B,6.0,1,blank,37 REPULSE BAY RD,淺水灣道 37號,True
3099,2003-09-19,"REPULSE BAY GARDEN(Block 12),BELLEVIEW DR|淺水灣新村12座,麗景道",12197.586258765408,1728,1459,"{'bay_window': '', 'flat_roof': '', 'roof': '', 'ac_platform': '', 'plant_room': '', 'garden': '', 'yard': ''}",9.75,9.0817,6683,6224.605894448252,9019680,1174506,ASP,HRB,淺水灣/壽臣山,1976/12,1976,50,whole floor,13.0,12,blank,REPULSE BAY GARDEN,淺水灣新村,True
3102,2003-09-13,"37 REPULSE BAY RD(Block 3),REPULSE BAY RD|淺水灣道 37號3座,淺水灣道",16827.418990060705,1740,1289,"{'bay_window': '44', 'flat_roof': '', 'roof': '', 'ac_platform': '', 'plant_room': '', 'garden': '', 'yard': ''}",12.0,11.069,9310,8587.276958882854,9020445,1174973,PRO-ASP,HRB,淺水灣/壽臣山,1994/02,1994,32,B,20.0,3,blank,37 REPULSE BAY RD,淺水灣道 37號,True
3105,2003-09-13,"GRAND GARDEN(Block 1),SOUTH BAY RD|華景園1座,南灣道",12939.159820876925,3061,2663,"{'bay_window': '', 'flat_roof': '', 'roof': '', 'ac_platform': '', 'plant_room': '', 'garden': '', 'yard': ''}",18.27,17.5839,6861,6603.041682313181,9021734,1175914,PRO-ASP,HRB,淺水灣/壽臣山,1986/12,1986,40,B,14.0,1,blank,GRAND GARDEN,華景園,True
3106,2003-10-02,"MONTE VERDE,REPULSE BAY RD|南山別墅,淺水灣道",14810.101566239468,2215,1960,"{'bay_window': '', 'flat_roof': '', 'roof': '', 'ac_platform': '', 'plant_room': '', 'garden': '', 'yard': ''}",16.38,15.5443,8357,7930.765306122449,9022754,1176717,ASP,HRB,淺水灣/壽臣山,1974/05,1974,52,B,12.0,blank,blank,blank,,True
3107,2003-09-26,"37 REPULSE BAY RD(Block 2),REPULSE BAY RD|淺水灣道 37號2座,淺水灣道",16465.826036609393,1635,1236,"{'bay_window': '32', 'flat_roof': '', 'roof': '', 'ac_platform': '', 'plant_room': '', 'garden': '', 'yard': ''}",11.3,10.3858,9142,8402.750809061488,9022938,1177590,ASP,HRB,淺水灣/壽臣山,1994/02,1994,32,A,8.0,2,blank,37 REPULSE BAY RD,淺水灣道 37號,True
3108,2003-09-30,"37 REPULSE BAY RD(Block 1),REPULSE BAY RD|淺水灣道 37號1座,淺水灣道",13552.620838790068,1225,882,"{'bay_window': '56', 'flat_roof': '', 'roof': '', 'ac_platform': '', 'plant_room': '', 'garden': '', 'yard': ''}",6.88,6.1,7800,6916.09977324263,9023182,1177641,ASP,HRB,淺水灣/壽臣山,1994/02,1994,32,A,19.0,1,blank,37 REPULSE BAY RD,淺水灣道 37號,True
3109,2003-09-30,"MONTE VERDE,REPULSE BAY RD|南山別墅,淺水灣道",12144.270250822063,2215,1960,"{'bay_window': '', 'flat_roof': '', 'roof': '', 'ac_platform': '', 'plant_room': '', 'garden': '', 'yard': ''}",12.8,12.1469,6531,6197.397959183673,9024293,1178534,ASP,HRB,淺水灣/壽臣山,1974/05,1974,52,A,1.0,blank,blank,blank,,True
3114,2003-09-29,"PARKVIEW SUITE(Block 3,HONG KONG PARKVIEW),TAI TAM RESERVOIR RD|陽明山莊,3座(陽明居),大潭水塘道",10898.365981402287,1290,1091,"{'bay_window': '', 'flat_roof': '', 'roof': '', 'ac_platform': '', 'plant_room': '', 'garden': '', 'yard': ''}",6.68,6.067699999999999,6123,5561.594867094408,9026625,1180767,ASP,HRB,淺水灣/壽臣山,1989/05,1989,37,21,21.0,3,blank,HONG KONG PARKVIEW,陽明山莊,True
3118,2003-09-27,"PARKVIEW TERR(Block 11,HONG KONG PARKVIEW),TAI TAM RESERVOIR RD|陽明山莊,11座(涵碧苑),大潭水塘道",12808.299178817128,2490,2049,"{'bay_window': '', 'flat_roof': '', 'roof': '', 'ac_platform': '', 'plant_room': '', 'garden': '', 'yard': ''}",14.08,13.3928,6872,6536.26159102001,9030094,1182613,ASP,HRB,淺水灣/壽臣山,1989/11,1989,37,67,7.0,11,blank,HONG KONG PARKVIEW,陽明山莊,True
3119,2003-09-27,"REPULSE BAY GARDEN(Block 2),BELLEVIEW DR|淺水灣新村2座,麗景道",11943.381524256785,2288,2110,"{'bay_window': '', 'flat_roof': '', 'roof': '', 'ac_platform': '', 'plant_room': '', 'garden': '', 'yard': ''}",13.5,12.8602,6398,6094.881516587678,9030375,1182657,PRO-ASP,HRB,淺水灣/壽臣山,1973/11,1973,53,whole floor,15.0,2,blank,REPULSE BAY GARDEN,淺水灣新村,True
3120,2003-10-10,"37 REPULSE BAY RD(Block 3),REPULSE BAY RD|淺水灣道 37號3座,淺水灣道",12764.965270278815,1220,882,"{'bay_window': '56', 'flat_roof': '', 'roof': '', 'ac_platform': '', 'plant_room': '', 'garden': '', 'yard': ''}",6.8,6.029,7710,6835.600907029479,9030563,1182675,ASP,HRB,淺水灣/壽臣山,1994/02,1994,32,A,11.0,3,blank,37 REPULSE BAY RD,淺水灣道 37號,True
3127,2003-10-08,"SOUTH BAY TOWERS,SOUTH BAY RD|南灣大廈,南灣道",11290.958880552602,2738,2161,"{'bay_window': '', 'flat_roof': '', 'roof': '', 'ac_platform': '', 'plant_room': '', 'garden': '', 'yard': ''}",13.7,13.066,6340,6046.2748727441,9037134,1189627,ASP,HRB,淺水灣/壽臣山,1984/11,1984,42,B,6.0,blank,blank,blank,,True
3131,2003-10-20,"SPLENDOUR VILLA,SOUTH BAY RD|雅景閣,南灣道",12252.452299616034,0,1094,"{'bay_window': '', 'flat_roof': '', 'roof': '', 'ac_platform': '', 'plant_room': '', 'garden': '', 'yard': ''}",7.9,7.1779,7221,6561.151736745886,9041784,1193389,ASP,HRB,淺水灣/壽臣山,1993/08,1993,33,H,1.0,blank,blank,blank,,True
3133,2003-10-22,"RIDGE COURT,REPULSE BAY RD|冠園,淺水灣道",12489.49072200121,0,1880,"{'bay_window': '', 'flat_roof': '', 'roof': '', 'ac_platform': '', 'plant_room': '', 'garden': '', 'yard': ''}",13.28,12.5736,7064,6688.085106382979,9043752,1194776,ASP,HRB,淺水灣/壽臣山,1969/00,1969,57,D,4.0,blank,blank,blank,,True
3138,2003-10-20,"PARKVIEW SUITE(Block 5,HONG KONG PARKVIEW),TAI TAM RESERVOIR RD|陽明山莊,5座(陽明居),大潭水塘道",10638.258431755674,1309,1048,"{'bay_window': '', 'flat_roof': '', 'roof': '', 'ac_platform': '', 'plant_room': '', 'garden': '', 'yard': ''}",6.6,5.970199999999999,6298,5696.755725190839,9052929,1200523,ASP,HRB,淺水灣/壽臣山,1989/11,1989,37,41,5.0,5,blank,HONG KONG PARKVIEW,陽明山莊,True
3139,2003-10-31,"PARK PLACE(Block C),TAI TAM RESERVOIR RD|雅柏苑C座,大潭水塘道",15332.946081809516,2288,2075,"{'bay_window': '', 'flat_roof': '', 'roof': '', 'ac_platform': '', 'plant_room': '', 'garden': '', 'yard': ''}",17.9,17.0373,8627,8210.746987951807,9054254,1201485,ASP,HRB,淺水灣/壽臣山,1985/01,1985,41,2,7.0,C,blank,PARK PLACE,雅柏苑,True
3140,2003-10-24,"PARKVIEW SUITE(Block 4,HONG KONG PARKVIEW),TAI TAM RESERVOIR RD|陽明山莊,4座(陽明居),大潭水塘道",10582.425711999005,2105,1747,"{'bay_window': '', 'flat_roof': '', 'roof': '', 'ac_platform': '', 'plant_room': '', 'garden': '', 'yard': ''}",9.9,9.9,5667,5666.857469948483,9054655,1201778,ASP,HRB,淺水灣/壽臣山,1989/11,1989,37,31,1.0,4,blank,HONG KONG PARKVIEW,陽明山莊,False
3141,2003-10-30,"SOUTH BAY TOWERS,SOUTH BAY RD|南灣大廈,南灣道",13582.1611135158,2738,2161,"{'bay_window': '', 'flat_roof': '', 'roof': '', 'ac_platform': '', 'plant_room': '', 'garden': '', 'yard': ''}",16.48,15.7174,7626,7273.206848681166,9054903,1202072,ASP,HRB,淺水灣/壽臣山,1984/11,1984,42,B,21.0,blank,blank,blank,,True
3142,2003-11-07,"GRAND GARDEN(Block 1),SOUTH BAY RD|華景園1座,南灣道",13239.637083689664,3061,2663,"{'bay_window': '', 'flat_roof': '', 'roof': '', 'ac_platform': '', 'plant_room': '', 'garden': '', 'yard': ''}",20.0,19.249,7510,7228.313931656027,9057841,1204677,ASP,HRB,淺水灣/壽臣山,1986/12,1986,40,B,6.0,1,blank,GRAND GARDEN,華景園,True
3148,2003-10-31,"PARKVIEW SUITE(Block 4,HONG KONG PARKVIEW),TAI TAM RESERVOIR RD|陽明山莊,4座(陽明居),大潭水塘道",11173.278958793242,1857,1541,"{'bay_window': '', 'flat_roof': '', 'roof': '', 'ac_platform': '', 'plant_room': '', 'garden': '', 'yard': ''}",9.86,9.2202,6398,5983.257624918884,9061459,1207077,ASP,HRB,淺水灣/壽臣山,1989/11,1989,37,29,11.0,4,blank,HONG KONG PARKVIEW,陽明山莊,True
3152,2003-11-07,"PARKVIEW SUITE(Block 5,HONG KONG PARKVIEW),TAI TAM RESERVOIR RD|陽明山莊,5座(陽明居),大潭水塘道",11743.643827411843,1263,1012,"{'bay_window': '', 'flat_roof': '', 'roof': '', 'ac_platform': '', 'plant_room': '', 'garden': '', 'yard': ''}",7.2,6.4885,7115,6411.561264822134,9064094,1209050,ASP,HRB,淺水灣/壽臣山,1989/11,1989,37,37,11.0,5,blank,HONG KONG PARKVIEW,陽明山莊,True
3159,2003-11-11,"PARKVIEW TERR(Block 11,HONG KONG PARKVIEW),TAI TAM RESERVOIR RD|陽明山莊,11座(涵碧苑),大潭水塘道",12116.595735659037,2490,2049,"{'bay_window': '', 'flat_roof': '', 'roof': '', 'ac_platform': '', 'plant_room': '', 'garden': '', 'yard': ''}",14.25,13.5545,6955,6615.178135675939,9074214,1218726,PRO-ASP,HRB,淺水灣/壽臣山,1989/11,1989,37,67,6.0,11,blank,HONG KONG PARKVIEW,陽明山莊,True
3160,2003-11-17,"PARKVIEW SUITE(Block 5,HONG KONG PARKVIEW),TAI TAM RESERVOIR RD|陽明山莊,5座(陽明居),大潭水塘道",10601.948439212509,1263,1012,"{'bay_window': '', 'flat_roof': '', 'roof': '', 'ac_platform': '', 'plant_room': '', 'garden': '', 'yard': ''}",6.5,5.8577,6423,5788.241106719368,9074523,1218762,ASP,HRB,淺水灣/壽臣山,1989/11,1989,37,37,1.0,5,blank,HONG KONG PARKVIEW,陽明山莊,True
3162,2003-11-18,"PARKVIEW SUITE(Block 4,HONG KONG PARKVIEW),TAI TAM RESERVOIR RD|陽明山莊,4座(陽明居),大潭水塘道",10724.45182032176,2105,1747,"{'bay_window': '', 'flat_roof': '', 'roof': '', 'ac_platform': '', 'plant_room': '', 'garden': '', 'yard': ''}",10.85,10.2289,6211,5855.123068116772,9080276,1223754,PRO-ASP,HRB,淺水灣/壽臣山,1989/11,1989,37,31,16.0,4,blank,HONG KONG PARKVIEW,陽明山莊,True
3164,2003-11-27,"SEA CLIFF MANSION(Block A),REPULSE BAY RD|海峰園A座,淺水灣道",11948.756425352532,0,1941,"{'bay_window': '', 'flat_roof': '', 'roof': '', 'ac_platform': '', 'plant_room': '', 'garden': '', 'yard': ''}",13.35,12.6622,6878,6523.5445646573935,9085093,1228122,ASP,HRB,淺水灣/壽臣山,1964/05,1964,62,A2,1.0,A,blank,SEA CLIFF MANSION,海峰園,True
3174,2003-12-12,"SOUTH BAY TOWERS,SOUTH BAY RD|南灣大廈,南灣道",11789.269571091156,2738,2161,"{'bay_window': '107', 'flat_roof': '', 'roof': '', 'ac_platform': '', 'plant_room': '', 'garden': '', 'yard': ''}",14.9,14.2105,6895,6575.890791300324,9095726,1236547,ASP,HRB,淺水灣/壽臣山,1984/11,1984,42,B,9.0,blank,blank,blank,,True
3176,2003-12-16,"PARKVIEW SUITE(Block 3,HONG KONG PARKVIEW),TAI TAM RESERVOIR RD|陽明山莊,3座(陽明居),大潭水塘道",12577.958064758988,1235,1012,"{'bay_window': '', 'flat_roof': '', 'roof': '', 'ac_platform': '', 'plant_room': '', 'garden': '', 'yard': ''}",7.1,7.1,7016,7015.810276679842,9096318,1237648,ASP,HRB,淺水灣/壽臣山,1989/05,1989,37,25,16.0,3,blank,HONG KONG PARKVIEW,陽明山莊,False
3178,2003-12-29,"PARKVIEW SUITE(Block 4,HONG KONG PARKVIEW),TAI TAM RESERVOIR RD|陽明山莊,4座(陽明居),大潭水塘道",10448.740977679903,2105,1747,"{'bay_window': '', 'flat_roof': '', 'roof': '', 'ac_platform': '', 'plant_room': '', 'garden': '', 'yard': ''}",10.8,10.1818,6182,5828.162564396108,9102297,1241873,ASP,HRB,淺水灣/壽臣山,1989/11,1989,37,31,17.0,4,blank,HONG KONG PARKVIEW,陽明山莊,True
3180,2003-12-31,"SOUTH BAY TOWERS,SOUTH BAY RD|南灣大廈,南灣道",10918.918583650056,2738,2161,"{'bay_window': '', 'flat_roof': '', 'roof': '', 'ac_platform': '', 'plant_room': '', 'garden': '', 'yard': ''}",13.8,13.1614,6386,6090.421101341972,9105724,1244722,ASP,HRB,淺水灣/壽臣山,1984/11,1984,42,B,8.0,blank,blank,blank,,True
3181,2003-12-23,"PARKVIEW SUITE(Block 4,HONG KONG PARKVIEW),TAI TAM RESERVOIR RD|陽明山莊,4座(陽明居),大潭水塘道",10042.358861829933,2105,1747,"{'bay_window': '', 'flat_roof': '', 'roof': '', 'ac_platform': '', 'plant_room': '', 'garden': '', 'yard': ''}",10.38,9.7858,5942,5601.488265598168,9108538,1247943,ASP,HRB,淺水灣/壽臣山,1989/11,1989,37,31,3.0,4,blank,HONG KONG PARKVIEW,陽明山莊,True
3182,2003-12-22,"TWIN BROOK,REPULSE BAY RD|雙溪,淺水灣道",13203.545214777398,2700,2440,"{'bay_window': '', 'flat_roof': '', 'roof': '', 'ac_platform': '', 'plant_room': '', 'garden': '', 'yard': ''}",18.738,17.97,7680,7364.754098360656,9108706,1247964,PRO-ASP,HRB,淺水灣/壽臣山,1974/04,1974,52,A,2.0,blank,blank,blank,,True
3187,2004-01-09,"REPULSE BAY GARDEN(Block 2),BELLEVIEW DR|淺水灣新村2座,麗景道",10447.357114788952,2288,2110,"{'bay_window': '', 'flat_roof': '', 'roof': '', 'ac_platform': '', 'plant_room': '', 'garden': '', 'yard': ''}",14.0,13.3365,6635,6320.616113744076,9112153,1245395,ASP,HRB,淺水灣/壽臣山,1973/11,1973,53,whole floor,5.0,2,blank,REPULSE BAY GARDEN,淺水灣新村,True
3188,2004-01-08,"PINE CREST,REPULSE BAY RD|松苑,淺水灣道",16647.388859101364,2250,1920,"{'bay_window': '', 'flat_roof': '', 'roof': '', 'ac_platform': '', 'plant_room': '', 'garden': '', 'yard': ''}",20.4,19.3375,10625,10071.614583333334,9112175,1245397,ASP,HRB,淺水灣/壽臣山,1982/11,1982,44,B,13.0,blank,blank,blank,,True
3195,2004-01-07,"THE BEACHSIDE(Block A),REPULSE BAY RD|THE BEACHSIDEA座,淺水灣道",13902.097260416294,1161,886,"{'bay_window': '32', 'flat_roof': '', 'roof': '934', 'ac_platform': '', 'plant_room': '', 'garden': '', 'yard': ''}",8.4,7.4519,9481,8410.722347629797,9120806,1253060,ASP,HRB,淺水灣/壽臣山,1993/12,1993,33,B,4.0,A,blank,THE BEACHSIDE,THE BEACHSIDE,True
3197,2004-01-20,"PARKVIEW SUITE(Block 4,HONG KONG PARKVIEW),TAI TAM RESERVOIR RD|陽明山莊,4座(陽明居),大潭水塘道",11422.290847137356,1857,1541,"{'bay_window': '', 'flat_roof': '', 'roof': '', 'ac_platform': '', 'plant_room': '', 'garden': '', 'yard': ''}",11.388,10.649,7390,6910.44776119403,9122684,1254026,ASP,HRB,淺水灣/壽臣山,1989/11,1989,37,29,1.0,4,blank,HONG KONG PARKVIEW,陽明山莊,True
3200,2004-01-16,"REPULSE BAY GARDEN(Block 5),BELLEVIEW DR|淺水灣新村5座,麗景道",11566.708412454904,2288,2110,"{'bay_window': '', 'flat_roof': '', 'roof': '', 'ac_platform': '', 'plant_room': '', 'garden': '', 'yard': ''}",15.5,14.7654,7346,6997.81990521327,9124253,1255419,ASP,HRB,淺水灣/壽臣山,1973/11,1973,53,whole floor,20.0,5,blank,REPULSE BAY GARDEN,淺水灣新村,True
3201,2004-01-08,"REPULSE BAY GARDEN(Block 3),BELLEVIEW DR|淺水灣新村3座,麗景道",13373.643390647985,2810,2625,"{'bay_window': '', 'flat_roof': '', 'roof': '', 'ac_platform': '', 'plant_room': '', 'garden': '', 'yard': ''}",22.08,21.2389,8411,8091.009523809524,9125523,1255913,PRO-ASP,HRB,淺水灣/壽臣山,1973/11,1973,53,whole floor,16.0,3,blank,REPULSE BAY GARDEN,淺水灣新村,True
3205,2004-01-26,"PARKVIEW SUITE(Block 5,HONG KONG PARKVIEW),TAI TAM RESERVOIR RD|陽明山莊,5座(陽明居),大潭水塘道",11841.589654634947,1309,1048,"{'bay_window': '', 'flat_roof': '', 'roof': '', 'ac_platform': '', 'plant_room': '', 'garden': '', 'yard': ''}",8.3,7.508000000000001,7920,7164.122137404581,9126399,1257235,ASP,HRB,淺水灣/壽臣山,1989/11,1989,37,41,21.0,5,blank,HONG KONG PARKVIEW,陽明山莊,True
3209,2004-01-16,"PARKVIEW RISE(Block 7,HONG KONG PARKVIEW),TAI TAM RESERVOIR RD|陽明山莊,7座(凌雲閣),大潭水塘道",11863.9049255867,2092,1649,"{'bay_window': '', 'flat_roof': '', 'roof': '', 'ac_platform': '', 'plant_room': '', 'garden': '', 'yard': ''}",12.6,11.8359,7641,7177.6228016979985,9127740,1259322,PRO-ASP,HRB,淺水灣/壽臣山,1988/00,1988,38,49,3.0,7,blank,HONG KONG PARKVIEW,陽明山莊,True
3210,2004-01-15,"PARKVIEW SUITE(Block 5,HONG KONG PARKVIEW),TAI TAM RESERVOIR RD|陽明山莊,5座(陽明居),大潭水塘道",10764.502468919518,1299,1041,"{'bay_window': '', 'flat_roof': '', 'roof': '', 'ac_platform': '', 'plant_room': '', 'garden': '', 'yard': ''}",7.5,6.7795,7205,6512.487992315082,9128694,1259484,ASP,HRB,淺水灣/壽臣山,1989/11,1989,37,35,19.0,5,blank,HONG KONG PARKVIEW,陽明山莊,True
3212,2004-01-27,"37 REPULSE BAY RD(Block 1),REPULSE BAY RD|淺水灣道 37號1座,淺水灣道",14223.012977944736,1225,882,"{'bay_window': '56', 'flat_roof': '', 'roof': '', 'ac_platform': '', 'plant_room': '', 'garden': '', 'yard': ''}",8.56,7.5895,9705,8604.875283446712,9129094,1257628,ASP,HRB,淺水灣/壽臣山,1994/02,1994,32,A,13.0,1,blank,37 REPULSE BAY RD,淺水灣道 37號,True
3213,2004-01-14,"PARKVIEW SUITE(Block 4,HONG KONG PARKVIEW),TAI TAM RESERVOIR RD|陽明山莊,4座(陽明居),大潭水塘道",12417.24971555736,1857,1541,"{'bay_window': '', 'flat_roof': '', 'roof': '', 'ac_platform': '', 'plant_room': '', 'garden': '', 'yard': ''}",12.38,11.5766,8034,7512.39454899416,9129396,1258314,PRO-ASP,HRB,淺水灣/壽臣山,1989/11,1989,37,29,11.0,4,blank,HONG KONG PARKVIEW,陽明山莊,True
3220,2004-01-18,"37 REPULSE BAY RD(Block 1),REPULSE BAY RD|淺水灣道 37號1座,淺水灣道",13923.916479983083,1225,882,"{'bay_window': '56', 'flat_roof': '', 'roof': '', 'ac_platform': '', 'plant_room': '', 'garden': '', 'yard': ''}",8.38,7.429900000000001,9501,8423.922902494332,9133545,1262857,PRO-ASP,HRB,淺水灣/壽臣山,1994/02,1994,32,A,20.0,1,blank,37 REPULSE BAY RD,淺水灣道 37號,True
3223,2004-01-27,"TWIN BROOK,REPULSE BAY RD|雙溪,淺水灣道",12668.272171128952,2700,2440,"{'bay_window': '', 'flat_roof': '', 'roof': '', 'ac_platform': '', 'plant_room': '', 'garden': '', 'yard': ''}",19.5,18.7008,7992,7664.262295081967,9134294,1263036,ASP,HRB,淺水灣/壽臣山,1974/04,1974,52,A,4.0,blank,blank,blank,,True
3225,2004-01-29,"REPULSE BAY GARDEN(Block 2),BELLEVIEW DR|淺水灣新村2座,麗景道",11193.59131323292,2288,2110,"{'bay_window': '', 'flat_roof': '', 'roof': '', 'ac_platform': '', 'plant_room': '', 'garden': '', 'yard': ''}",15.0,14.2891,7109,6772.085308056872,9135187,1263308,ASP,HRB,淺水灣/壽臣山,1973/11,1973,53,whole floor,15.0,2,blank,REPULSE BAY GARDEN,淺水灣新村,True
3227,2004-01-21,"PARKVIEW TERR(Block 11,HONG KONG PARKVIEW),TAI TAM RESERVOIR RD|陽明山莊,11座(涵碧苑),大潭水塘道",14195.352119121239,2490,2049,"{'bay_window': '', 'flat_roof': '', 'roof': '', 'ac_platform': '', 'plant_room': '', 'garden': '', 'yard': ''}",18.5,17.5971,9029,8588.14055636896,9135777,1264664,ASP,HRB,淺水灣/壽臣山,1989/11,1989,37,67,22.0,11,blank,HONG KONG PARKVIEW,陽明山莊,True
3229,2004-02-03,"GRAND GARDEN(Block 1),SOUTH BAY RD|華景園1座,南灣道",15865.996086490279,3061,2663,"{'bay_window': '85', 'flat_roof': '', 'roof': '', 'ac_platform': '', 'plant_room': '', 'garden': '', 'yard': ''}",28.5,27.4298,10702,10300.337964701464,9136070,1264716,ASP,HRB,淺水灣/壽臣山,1986/12,1986,40,B,27.0,1,blank,GRAND GARDEN,華景園,True
3234,2004-01-29,"PARKVIEW SUITE(Block 3,HONG KONG PARKVIEW),TAI TAM RESERVOIR RD|陽明山莊,3座(陽明居),大潭水塘道",11889.917233462333,1275,994,"{'bay_window': '', 'flat_roof': '', 'roof': '', 'ac_platform': '', 'plant_room': '', 'garden': '', 'yard': ''}",7.95,7.1502,7998,7193.360160965794,9138116,1266123,ASP,HRB,淺水灣/壽臣山,1989/05,1989,37,27,5.0,3,blank,HONG KONG PARKVIEW,陽明山莊,True
3237,2004-02-06,"BAY VILLAS,SHOUSON HILL RD|南源,壽山村道",27659.56097395492,4869,3798,"{'bay_window': '', 'flat_roof': '', 'roof': '549', 'ac_platform': '', 'plant_room': '', 'garden': '', 'yard': '113'}",68.2,68.2,17957,17956.819378620326,9139411,1267687,ASP,HRB,淺水灣/壽臣山,2003/04,2003,23,whole floor,0.0,blank,blank,blank,,False
3243,2004-02-10,"PARKVIEW SUITE(Block 5,HONG KONG PARKVIEW),TAI TAM RESERVOIR RD|陽明山莊,5座(陽明居),大潭水塘道",12037.714803550809,1299,1041,"{'bay_window': '', 'flat_roof': '', 'roof': '', 'ac_platform': '', 'plant_room': '', 'garden': '', 'yard': ''}",9.0,8.1354,8646,7814.985590778099,9142673,1272046,ASP,HRB,淺水灣/壽臣山,1989/11,1989,37,35,9.0,5,blank,HONG KONG PARKVIEW,陽明山莊,True
3250,2004-02-09,"PARKVIEW RISE(Block 6,HONG KONG PARKVIEW),TAI TAM RESERVOIR RD|陽明山莊,6座(凌雲閣),大潭水塘道",13168.86932401104,2722,2199,"{'bay_window': '', 'flat_roof': '', 'roof': '', 'ac_platform': '', 'plant_room': '', 'garden': '', 'yard': ''}",18.8,18.8,8549,8549.340609367895,9145618,1273502,PRO-ASP,HRB,淺水灣/壽臣山,1989/11,1989,37,43,2.0,6,blank,HONG KONG PARKVIEW,陽明山莊,False
3251,2004-02-04,"PARKVIEW SUITE(Block 5,HONG KONG PARKVIEW),TAI TAM RESERVOIR RD|陽明山莊,5座(陽明居),大潭水塘道",12199.237262518896,1309,1048,"{'bay_window': '', 'flat_roof': '', 'roof': '', 'ac_platform': '', 'plant_room': '', 'garden': '', 'yard': ''}",8.3,8.3,7920,7919.847328244276,9145650,1273510,PRO-ASP,HRB,淺水灣/壽臣山,1989/11,1989,37,41,16.0,5,blank,HONG KONG PARKVIEW,陽明山莊,False
3257,2004-02-10,"TWIN BROOK,REPULSE BAY RD|雙溪,淺水灣道",12108.251625946728,2700,2440,"{'bay_window': '', 'flat_roof': '', 'roof': '', 'ac_platform': '', 'plant_room': '', 'garden': '', 'yard': ''}",20.0,19.1803,8197,7860.7786885245905,9148339,1276489,PRO-ASP,HRB,淺水灣/壽臣山,1974/04,1974,52,B,2.0,blank,blank,blank,,True
3258,2004-02-10,"3 REPULSE BAY RD,REPULSE BAY RD|淺水灣三號,淺水灣道",21769.959372069745,2161,1796,"{'bay_window': '', 'flat_roof': '', 'roof': '', 'ac_platform': '', 'plant_room': '', 'garden': '', 'yard': ''}",26.88,25.3833,14967,14133.240534521157,9148574,1276523,ASP,HRB,淺水灣/壽臣山,1997/07,1997,29,A,16.0,blank,blank,blank,,True
3261,2004-02-18,"PARKVIEW SUITE(Block 4,HONG KONG PARKVIEW),TAI TAM RESERVOIR RD|陽明山莊,4座(陽明居),大潭水塘道",11238.90279050728,1903,1579,"{'bay_window': '', 'flat_roof': '', 'roof': '', 'ac_platform': '', 'plant_room': '', 'garden': '', 'yard': ''}",12.3,11.521,7790,7296.390120329323,9150037,1277484,ASP,HRB,淺水灣/壽臣山,1989/11,1989,37,33,19.0,4,blank,HONG KONG PARKVIEW,陽明山莊,True
3263,2004-02-16,"PINE CREST,REPULSE BAY RD|松苑,淺水灣道",15969.929638637112,2250,1920,"{'bay_window': '', 'flat_roof': '', 'roof': '', 'ac_platform': '', 'plant_room': '', 'garden': '', 'yard': ''}",21.0,19.9062,10938,10367.8125,9150386,1275429,ASP,HRB,淺水灣/壽臣山,1982/11,1982,44,B,1.0,blank,blank,blank,,True
3264,2004-02-11,"MING WAI GARDEN,REPULSE BAY RD|明慧園,淺水灣道",15345.351752034447,0,1630,"{'bay_window': '', 'flat_roof': '', 'roof': '', 'ac_platform': '', 'plant_room': '', 'garden': '', 'yard': ''}",17.3,16.2386,10614,9962.33128834356,9150878,1275577,ASP,HRB,淺水灣/壽臣山,1973/12,1973,53,B,9.0,blank,blank,blank,,True
3266,2004-02-10,"RUBY COURT(Block 2),SOUTH BAY RD|嘉麟閣2座,南灣道",13847.399938028562,1780,1517,"{'bay_window': '50', 'flat_roof': '', 'roof': '', 'ac_platform': '', 'plant_room': '', 'garden': '', 'yard': ''}",14.6,13.6376,9624,8989.848384970337,9151598,1277908,PRO-ASP,HRB,淺水灣/壽臣山,1987/05,1987,39,A,14.0,2,blank,RUBY COURT,嘉麟閣,True
3269,2004-02-16,"37 REPULSE BAY RD(Block 3),REPULSE BAY RD|淺水灣道 37號3座,淺水灣道",17415.97031878174,1740,1289,"{'bay_window': '44', 'flat_roof': '', 'roof': '', 'ac_platform': '', 'plant_room': '', 'garden': '', 'yard': ''}",15.8,14.5742,12258,11306.594259115593,9152432,1279798,ASP,HRB,淺水灣/壽臣山,1994/02,1994,32,B,19.0,3,blank,37 REPULSE BAY RD,淺水灣道 37號,True
3270,2004-02-20,"37 REPULSE BAY RD(Block 1),REPULSE BAY RD|淺水灣道 37號1座,淺水灣道",15174.419361461472,1225,882,"{'bay_window': '56', 'flat_roof': '', 'roof': '', 'ac_platform': '', 'plant_room': '', 'garden': '', 'yard': ''}",9.8,8.6889,11111,9851.360544217687,9152437,1279799,ASP,HRB,淺水灣/壽臣山,1994/02,1994,32,A,16.0,1,blank,37 REPULSE BAY RD,淺水灣道 37號,True
3271,2004-03-01,"PARKVIEW RISE(Block 7,HONG KONG PARKVIEW),TAI TAM RESERVOIR RD|陽明山莊,7座(凌雲閣),大潭水塘道",13312.051471870549,1924,1517,"{'bay_window': '', 'flat_roof': '', 'roof': '', 'ac_platform': '', 'plant_room': '', 'garden': '', 'yard': ''}",14.0,13.0771,9229,8620.369149637443,9153749,1278853,ASP,HRB,淺水灣/壽臣山,1988/00,1988,38,51,7.0,7,blank,HONG KONG PARKVIEW,陽明山莊,True
3272,2004-02-20,"37 REPULSE BAY RD(Block 3),REPULSE BAY RD|淺水灣道 37號3座,淺水灣道",17526.267560511893,1740,1289,"{'bay_window': '44', 'flat_roof': '', 'roof': '', 'ac_platform': '', 'plant_room': '', 'garden': '', 'yard': ''}",15.9,14.6665,12335,11378.200155159038,9153845,1278888,ASP,HRB,淺水灣/壽臣山,1994/02,1994,32,B,2.0,3,blank,37 REPULSE BAY RD,淺水灣道 37號,True
3276,2004-02-26,"PARKVIEW SUITE(Block 3,HONG KONG PARKVIEW),TAI TAM RESERVOIR RD|陽明山莊,3座(陽明居),大潭水塘道",11542.082957270273,1290,1091,"{'bay_window': '', 'flat_roof': '', 'roof': '', 'ac_platform': '', 'plant_room': '', 'garden': '', 'yard': ''}",9.0,8.1751,8249,7493.217231897343,9157624,1285113,ASP,HRB,淺水灣/壽臣山,1989/05,1989,37,21,11.0,3,blank,HONG KONG PARKVIEW,陽明山莊,True
3280,2004-02-27,"PARKVIEW RISE(Block 7,HONG KONG PARKVIEW),TAI TAM RESERVOIR RD|陽明山莊,7座(凌雲閣),大潭水塘道",13161.898419234618,2092,1649,"{'bay_window': '', 'flat_roof': '', 'roof': '', 'ac_platform': '', 'plant_room': '', 'garden': '', 'yard': ''}",15.0,14.0904,9096,8544.815039417828,9158642,1285251,ASP,HRB,淺水灣/壽臣山,1988/00,1988,38,49,11.0,7,blank,HONG KONG PARKVIEW,陽明山莊,True
3281,2004-02-27,"THE BEACHSIDE(Block A),REPULSE BAY RD|THE BEACHSIDEA座,淺水灣道",11289.240474083515,929,688,"{'bay_window': '20', 'flat_roof': '', 'roof': '', 'ac_platform': '', 'plant_room': '', 'garden': '', 'yard': ''}",5.9,5.042400000000001,8576,7329.069767441862,9158650,1285256,ASP,HRB,淺水灣/壽臣山,1993/12,1993,33,F,2.0,A,blank,THE BEACHSIDE,THE BEACHSIDE,True
3282,2004-03-02,"SOUTH BAY TOWERS,SOUTH BAY RD|南灣大廈,南灣道",13119.524963880303,2738,2161,"{'bay_window': '', 'flat_roof': '', 'roof': '', 'ac_platform': '', 'plant_room': '', 'garden': '', 'yard': ''}",19.25,18.3592,8908,8495.696436834798,9158826,1283425,ASP,HRB,淺水灣/壽臣山,1984/11,1984,42,B,11.0,blank,blank,blank,,True
3285,2004-02-19,"PARKVIEW CRESCENT(Block 10,HONG KONG PARKVIEW),TAI TAM RESERVOIR RD|陽明山莊,10座(環翠軒),大潭水塘道",12825.183536717466,2771,2342,"{'bay_window': '', 'flat_roof': '', 'roof': '', 'ac_platform': '', 'plant_room': '', 'garden': '', 'yard': ''}",19.5,19.5,8326,8326.216908625107,9160417,1285679,PRO-ASP,HRB,淺水灣/壽臣山,1989/11,1989,37,63,6.0,10,blank,HONG KONG PARKVIEW,陽明山莊,False
3287,2004-02-27,"PARKVIEW SUITE(Block 4,HONG KONG PARKVIEW),TAI TAM RESERVOIR RD|陽明山莊,4座(陽明居),大潭水塘道",11221.627081670606,2105,1747,"{'bay_window': '', 'flat_roof': '', 'roof': '', 'ac_platform': '', 'plant_room': '', 'garden': '', 'yard': ''}",13.5,12.7272,7728,7285.174585002862,9160867,1286317,ASP,HRB,淺水灣/壽臣山,1989/11,1989,37,31,7.0,4,blank,HONG KONG PARKVIEW,陽明山莊,True
3288,2004-03-05,"SOUTH BAY TOWERS,SOUTH BAY RD|南灣大廈,南灣道",11422.76941070315,1433,1145,"{'bay_window': '', 'flat_roof': '', 'roof': '', 'ac_platform': '', 'plant_room': '', 'garden': '', 'yard': ''}",9.28,8.4695,8105,7396.943231441048,9161064,1288373,ASP,HRB,淺水灣/壽臣山,1984/11,1984,42,A,6.0,blank,blank,blank,,True
3293,2004-03-03,"REPULSE BAY GARDEN(Block 5),BELLEVIEW DR|淺水灣新村5座,麗景道",10876.168713662744,2288,2110,"{'bay_window': '', 'flat_roof': '', 'roof': '', 'ac_platform': '', 'plant_room': '', 'garden': '', 'yard': ''}",15.6,14.8607,7393,7042.985781990521,9163177,1286727,ASP,HRB,淺水灣/壽臣山,1973/11,1973,53,whole floor,1.0,5,blank,REPULSE BAY GARDEN,淺水灣新村,True
3294,2004-02-23,"PARKVIEW CRESCENT(Block 10,HONG KONG PARKVIEW),TAI TAM RESERVOIR RD|陽明山莊,10座(環翠軒),大潭水塘道",12825.183536717466,2771,2342,"{'bay_window': '', 'flat_roof': '', 'roof': '', 'ac_platform': '', 'plant_room': '', 'garden': '', 'yard': ''}",19.5,19.5,8326,8326.216908625107,9165235,1289563,PRO-ASP,HRB,淺水灣/壽臣山,1989/11,1989,37,63,2.0,10,blank,HONG KONG PARKVIEW,陽明山莊,False
3298,2004-02-27,"37 REPULSE BAY RD(Block 2),REPULSE BAY RD|淺水灣道 37號2座,淺水灣道",16012.654997287522,1635,1236,"{'bay_window': '32', 'flat_roof': '', 'roof': '', 'ac_platform': '', 'plant_room': '', 'garden': '', 'yard': ''}",13.98,12.8489,11311,10395.550161812298,9167967,1292630,ASP,HRB,淺水灣/壽臣山,1994/02,1994,32,A,13.0,2,blank,37 REPULSE BAY RD,淺水灣道 37號,True
3301,2004-03-08,"PARKVIEW RISE(Block 7,HONG KONG PARKVIEW),TAI TAM RESERVOIR RD|陽明山莊,7座(凌雲閣),大潭水塘道",13371.247558894034,2092,1649,"{'bay_window': '', 'flat_roof': '', 'roof': '', 'ac_platform': '', 'plant_room': '', 'garden': '', 'yard': ''}",15.2,14.2782,9218,8658.702243784111,9168866,1296346,ASP,HRB,淺水灣/壽臣山,1988/00,1988,38,49,18.0,7,blank,HONG KONG PARKVIEW,陽明山莊,True
3302,2004-03-15,"PARKVIEW RISE(Block 7,HONG KONG PARKVIEW),TAI TAM RESERVOIR RD|陽明山莊,7座(凌雲閣),大潭水塘道",14605.116575664855,1860,1466,"{'bay_window': '', 'flat_roof': '', 'roof': '', 'ac_platform': '', 'plant_room': '', 'garden': '', 'yard': ''}",14.88,13.865,10150,9457.708049113233,9168918,1296352,ASP,HRB,淺水灣/壽臣山,1988/00,1988,38,47,12.0,7,blank,HONG KONG PARKVIEW,陽明山莊,True
3308,2004-03-09,"SOUTH BAY GARDEN(Block B),SOUTH BAY CLOSE|南灣花園B座,南灣坊",12513.592297691974,1542,1296,"{'bay_window': '', 'flat_roof': '', 'roof': '741', 'ac_platform': '', 'plant_room': '', 'garden': '', 'yard': ''}",11.38,10.5019,8781,8103.317901234568,9172711,1298641,PRO-ASP,HRB,淺水灣/壽臣山,1985/09,1985,41,2,10.0,B,blank,SOUTH BAY GARDEN,南灣花園,True
3309,2004-03-15,"SOUTH BAY GARDEN(Block B),SOUTH BAY CLOSE|南灣花園B座,南灣坊",10424.319619912418,1542,1296,"{'bay_window': '', 'flat_roof': '', 'roof': '', 'ac_platform': '', 'plant_room': '', 'garden': '', 'yard': ''}",9.48,8.7485,7315,6750.385802469136,9173941,1297591,ASP,HRB,淺水灣/壽臣山,1985/09,1985,41,2,8.0,B,blank,SOUTH BAY GARDEN,南灣花園,True
3310,2004-03-15,"PINE CREST,REPULSE BAY RD|松苑,淺水灣道",19815.048616529344,2250,1920,"{'bay_window': '', 'flat_roof': '', 'roof': '', 'ac_platform': '', 'plant_room': '', 'garden': '', 'yard': ''}",25.99,24.6364,13536,12831.458333333334,9173944,1297592,ASP,HRB,淺水灣/壽臣山,1982/11,1982,44,B,19.0,blank,blank,blank,,True
3311,2004-02-04,"PARKVIEW SUITE(Block 5,HONG KONG PARKVIEW),TAI TAM RESERVOIR RD|陽明山莊,5座(陽明居),大潭水塘道",11643.855062272785,1263,1012,"{'bay_window': '', 'flat_roof': '', 'roof': '', 'ac_platform': '', 'plant_room': '', 'garden': '', 'yard': ''}",7.65,7.65,7559,7559.288537549407,9175397,1298977,ASP,HRB,淺水灣/壽臣山,1989/11,1989,37,37,6.0,5,blank,HONG KONG PARKVIEW,陽明山莊,False
3312,2004-03-03,"37 REPULSE BAY RD(Block 1),REPULSE BAY RD|淺水灣道 37號1座,淺水灣道",15523.443408287738,1225,882,"{'bay_window': '56', 'flat_roof': '', 'roof': '', 'ac_platform': '', 'plant_room': '', 'garden': '', 'yard': ''}",10.0,8.8662,11338,10052.380952380952,9176407,1301113,PRO-ASP,HRB,淺水灣/壽臣山,1994/02,1994,32,A,19.0,1,blank,37 REPULSE BAY RD,淺水灣道 37號,True
3315,2004-02-06,"TWIN BROOK,REPULSE BAY RD|雙溪,淺水灣道",11200.146957931924,2700,2440,"{'bay_window': '', 'flat_roof': '', 'roof': '', 'ac_platform': '', 'plant_room': '', 'garden': '', 'yard': ''}",18.5,17.7418,7582,7271.229508196721,9179829,1303738,PRO-ASP,HRB,淺水灣/壽臣山,1974/04,1974,52,A,14.0,blank,blank,blank,,True
3317,2004-03-11,"SOUTH BAY TOWERS,SOUTH BAY RD|南灣大廈,南灣道",12438.008832564527,2738,2161,"{'bay_window': '107', 'flat_roof': '', 'roof': '', 'ac_platform': '', 'plant_room': '', 'garden': '', 'yard': ''}",18.25,17.4055,8445,8054.372975474317,9180406,1303802,ASP,HRB,淺水灣/壽臣山,1984/11,1984,42,C,10.0,blank,blank,blank,,True
3328,2004-03-26,"37 REPULSE BAY RD(Block 3),REPULSE BAY RD|淺水灣道 37號3座,淺水灣道",14436.861898826712,1220,882,"{'bay_window': '56', 'flat_roof': '', 'roof': '', 'ac_platform': '', 'plant_room': '', 'garden': '', 'yard': ''}",9.3,8.245600000000001,10544,9348.752834467121,9186781,1311036,ASP,HRB,淺水灣/壽臣山,1994/02,1994,32,A,2.0,3,blank,37 REPULSE BAY RD,淺水灣道 37號,True
3331,2004-03-25,"PARKVIEW RISE(Block 7,HONG KONG PARKVIEW),TAI TAM RESERVOIR RD|陽明山莊,7座(凌雲閣),大潭水塘道",15213.654321482496,1860,1466,"{'bay_window': '', 'flat_roof': '', 'roof': '', 'ac_platform': '', 'plant_room': '', 'garden': '', 'yard': ''}",15.5,14.4427,10573,9851.773533424284,9188088,1309881,PRO-ASP,HRB,淺水灣/壽臣山,1988/00,1988,38,47,22.0,7,blank,HONG KONG PARKVIEW,陽明山莊,True
3333,2004-03-24,"THE BEACHSIDE(Block A),REPULSE BAY RD|THE BEACHSIDEA座,淺水灣道",12545.649353476121,917,677,"{'bay_window': '23', 'flat_roof': '', 'roof': '', 'ac_platform': '', 'plant_room': '', 'garden': '', 'yard': ''}",5.5,5.5,8124,8124.0768094534715,9189853,1311469,ASP,HRB,淺水灣/壽臣山,1993/12,1993,33,D,2.0,A,blank,THE BEACHSIDE,THE BEACHSIDE,False
3336,2004-03-22,"PARKVIEW HEIGHTS(Block 14,HONG KONG PARKVIEW),TAI TAM RESERVOIR RD|陽明山莊,14座(摘星樓),大潭水塘道",15904.291330800565,1860,1505,"{'bay_window': '', 'flat_roof': '', 'roof': '', 'ac_platform': '', 'plant_room': '', 'garden': '', 'yard': ''}",15.5,15.5,10299,10299.003322259136,9192288,1312484,ASP,HRB,淺水灣/壽臣山,1988/00,1988,38,77,12.0,14,blank,HONG KONG PARKVIEW,陽明山莊,False
3338,2004-04-17,"MING WAI GARDEN,REPULSE BAY RD|明慧園,淺水灣道",15316.463403784575,0,1630,"{'bay_window': '', 'flat_roof': '', 'roof': '', 'ac_platform': '', 'plant_room': '', 'garden': '', 'yard': ''}",17.8,16.708000000000002,10920,10250.306748466259,9202624,1321477,ASP,HRB,淺水灣/壽臣山,1973/12,1973,53,B,4.0,blank,blank,blank,,True
3345,2004-04-29,"GRAND GARDEN(Block 3),SOUTH BAY RD|華景園3座,南灣道",12396.089428307243,1657,1217,"{'bay_window': '', 'flat_roof': '', 'roof': '', 'ac_platform': '', 'plant_room': '', 'garden': '', 'yard': ''}",11.0,10.0961,9039,8295.891536565325,9213216,1330425,ASP,HRB,淺水灣/壽臣山,1986/12,1986,40,B,8.0,3,blank,GRAND GARDEN,華景園,True
3353,2004-05-13,"PARKVIEW CRESCENT(Block 10,HONG KONG PARKVIEW),TAI TAM RESERVOIR RD|陽明山莊,10座(環翠軒),大潭水塘道",12657.454473186901,2771,2342,"{'bay_window': '', 'flat_roof': '', 'roof': '', 'ac_platform': '', 'plant_room': '', 'garden': '', 'yard': ''}",21.6,20.6777,9223,8829.077711357813,9226192,1342066,ASP,HRB,淺水灣/壽臣山,1989/11,1989,37,63,5.0,10,blank,HONG KONG PARKVIEW,陽明山莊,True
3370,2004-06-02,"MONTE VERDE,REPULSE BAY RD|南山別墅,淺水灣道",11074.447301677063,2215,1960,"{'bay_window': '', 'flat_roof': '', 'roof': '', 'ac_platform': '', 'plant_room': '', 'garden': '', 'yard': ''}",16.0,15.1837,8163,7746.785714285715,9253180,1364232,ASP,HRB,淺水灣/壽臣山,1974/05,1974,52,B,9.0,blank,blank,blank,,True
3374,2004-06-19,"GRAND GARDEN(Block 1),SOUTH BAY RD|華景園1座,南灣道",15179.52129159838,3061,2663,"{'bay_window': '', 'flat_roof': '', 'roof': '', 'ac_platform': '', 'plant_room': '', 'garden': '', 'yard': ''}",29.38,28.2767,11033,10618.362748779571,9261947,1369541,ASP,HRB,淺水灣/壽臣山,1986/12,1986,40,B,16.0,1,blank,GRAND GARDEN,華景園,True
3376,2004-06-11,"GRAND GARDEN(Block 3),SOUTH BAY RD|華景園3座,南灣道",11859.423641046518,1657,1217,"{'bay_window': '', 'flat_roof': '', 'roof': '', 'ac_platform': '', 'plant_room': '', 'garden': '', 'yard': ''}",11.0,10.0961,9039,8295.891536565325,9264062,1371665,PRO-ASP,HRB,淺水灣/壽臣山,1986/12,1986,40,B,2.0,3,blank,GRAND GARDEN,華景園,True
3380,2004-06-16,"PINE CREST,REPULSE BAY RD|松苑,淺水灣道",18971.370813616257,2250,1920,"{'bay_window': '', 'flat_roof': '', 'roof': '', 'ac_platform': '', 'plant_room': '', 'garden': '', 'yard': ''}",26.88,25.48,14000,13270.833333333334,9270707,1375799,ASP,HRB,淺水灣/壽臣山,1982/11,1982,44,B,10.0,blank,blank,blank,,True
3382,2004-06-21,"REPULSE BAY GARDEN(Block 7),BELLEVIEW DR|淺水灣新村7座,麗景道",9681.060588553062,2288,2110,"{'bay_window': '', 'flat_roof': '', 'roof': '', 'ac_platform': '', 'plant_room': '', 'garden': '', 'yard': ''}",15.0,14.2891,7109,6772.085308056872,9272509,1377555,ASP,HRB,淺水灣/壽臣山,1973/11,1973,53,whole floor,8.0,7,blank,REPULSE BAY GARDEN,淺水灣新村,True
3383,2004-06-23,"MONTE VERDE,REPULSE BAY RD|南山別墅,淺水灣道",11904.97432357684,2215,1960,"{'bay_window': '', 'flat_roof': '', 'roof': '', 'ac_platform': '', 'plant_room': '', 'garden': '', 'yard': ''}",17.2,16.3224,8776,8327.755102040815,9273128,1377659,ASP,HRB,淺水灣/壽臣山,1974/05,1974,52,B,2.0,blank,blank,blank,,True
3384,2004-06-29,"33 ISLAND RD,ISLAND RD|香島道33號,香島道",41232.85168435746,7260,5783,"{'bay_window': '', 'flat_roof': '825', 'roof': '', 'ac_platform': '', 'plant_room': '2650', 'garden': '', 'yard': ''}",166.8,166.8,28843,28843.160989106,9277702,1381258,ASP,HRB,淺水灣/壽臣山,9999,9999,-7973,1,0.0,blank,blank,blank,,False
3389,2004-07-19,"REPULSE BAY GARDEN(Block 2),BELLEVIEW DR|淺水灣新村2座,麗景道",11510.000950597983,2288,2110,"{'bay_window': '', 'flat_roof': '', 'roof': '', 'ac_platform': '', 'plant_room': '', 'garden': '', 'yard': ''}",15.99,15.2322,7578,7219.052132701422,9295063,1392316,ASP,HRB,淺水灣/壽臣山,1973/11,1973,53,whole floor,3.0,2,blank,REPULSE BAY GARDEN,淺水灣新村,True
3391,2004-07-20,"GROSVENOR PLACE,REPULSE BAY RD|GROSVENOR PLACE,淺水灣道",37260.67820905607,2809,2191,"{'bay_window': '', 'flat_roof': '', 'roof': '', 'ac_platform': '', 'plant_room': '', 'garden': '', 'yard': ''}",53.652,51.2033,24487,23369.831127339115,9299741,1395382,ASP,HRB,淺水灣/壽臣山,2003/09,2003,23,whole floor,23.0,blank,blank,blank,,True
3394,2004-07-25,"REPULSE BAY GARDEN(Block 2),BELLEVIEW DR|淺水灣新村2座,麗景道",11718.707654984428,2288,2110,"{'bay_window': '', 'flat_roof': '', 'roof': '', 'ac_platform': '', 'plant_room': '', 'garden': '', 'yard': ''}",16.28,15.508400000000002,7716,7349.952606635072,9304503,1398425,PRO-ASP,HRB,淺水灣/壽臣山,1973/11,1973,53,whole floor,10.0,2,blank,REPULSE BAY GARDEN,淺水灣新村,True
3395,2004-08-12,"THE BEACHSIDE(Block A),REPULSE BAY RD|THE BEACHSIDEA座,淺水灣道",11262.149678724276,929,688,"{'bay_window': '20', 'flat_roof': '', 'roof': '', 'ac_platform': '', 'plant_room': '', 'garden': '', 'yard': ''}",6.9,5.8971,10029,8571.366279069767,9304676,1398281,PRO-ASP,HRB,淺水灣/壽臣山,1993/12,1993,33,F,2.0,A,blank,THE BEACHSIDE,THE BEACHSIDE,True
3397,2004-08-02,"PINE CREST,REPULSE BAY RD|松苑,淺水灣道",15341.603399532247,2250,1920,"{'bay_window': '', 'flat_roof': '', 'roof': '', 'ac_platform': '', 'plant_room': '', 'garden': '', 'yard': ''}",23.65,22.4182,12318,11676.145833333334,9313307,1404273,ASP,HRB,淺水灣/壽臣山,1982/11,1982,44,B,7.0,blank,blank,blank,,True
3401,2004-08-12,"MING WAI GARDEN,REPULSE BAY RD|明慧園,淺水灣道",11879.189927415882,0,1630,"{'bay_window': '', 'flat_roof': '', 'roof': '', 'ac_platform': '', 'plant_room': '', 'garden': '', 'yard': ''}",15.7,14.7368,9632,9040.981595092024,9315515,1415727,ASP,HRB,淺水灣/壽臣山,1973/12,1973,53,A,3.0,blank,blank,blank,,True
3407,2004-08-22,"RIDGE COURT,REPULSE BAY RD|冠園,淺水灣道",16344.553124544103,0,1880,"{'bay_window': '', 'flat_roof': '', 'roof': '', 'ac_platform': '', 'plant_room': '', 'garden': '', 'yard': ''}",24.7,23.3862,13138,12439.468085106382,9330303,1416199,PRO-ASP,HRB,淺水灣/壽臣山,1962/08,1962,64,D,12.0,blank,blank,blank,,True
3409,2004-08-19,"MONTE VERDE,REPULSE BAY RD|南山別墅,淺水灣道",14440.996374645763,2215,1960,"{'bay_window': '', 'flat_roof': '', 'roof': '', 'ac_platform': '', 'plant_room': '', 'garden': '', 'yard': ''}",22.7,21.5418,11582,10990.714285714286,9333675,1418603,PRO-ASP,HRB,淺水灣/壽臣山,1974/05,1974,52,B,14.0,blank,blank,blank,,True
3412,2004-09-03,"PARKVIEW HEIGHTS(Block 13,HONG KONG PARKVIEW),TAI TAM RESERVOIR RD|陽明山莊,13座(摘星樓),大潭水塘道",13632.178566186378,2700,2327,"{'bay_window': '', 'flat_roof': '', 'roof': '', 'ac_platform': '', 'plant_room': '', 'garden': '', 'yard': ''}",21.7,21.7,9325,9325.311559948432,9335043,1419662,ASP,HRB,淺水灣/壽臣山,1989/11,1989,37,75,15.0,13,blank,HONG KONG PARKVIEW,陽明山莊,False
3413,2004-09-10,"GROSVENOR PLACE,REPULSE BAY RD|GROSVENOR PLACE,淺水灣道",29834.422068785087,2809,2191,"{'bay_window': '', 'flat_roof': '', 'roof': '', 'ac_platform': '', 'plant_room': '', 'garden': '', 'yard': ''}",46.854,44.7155,21385,20408.717480602463,9335514,1420247,ASP,HRB,淺水灣/壽臣山,2003/09,2003,23,whole floor,7.0,blank,blank,blank,,True
3415,2004-09-10,"PARKVIEW SUITE(Block 5,HONG KONG PARKVIEW),TAI TAM RESERVOIR RD|陽明山莊,5座(陽明居),大潭水塘道",12113.243508909238,1309,1048,"{'bay_window': '', 'flat_roof': '', 'roof': '', 'ac_platform': '', 'plant_room': '', 'garden': '', 'yard': ''}",9.6,8.684,9160,8286.259541984733,9336623,1420768,ASP,HRB,淺水灣/壽臣山,1989/11,1989,37,41,16.0,5,blank,HONG KONG PARKVIEW,陽明山莊,True
3416,2004-09-14,"SPLENDOUR VILLA,SOUTH BAY RD|雅景閣,南灣道",16377.506913204066,0,1122,"{'bay_window': '', 'flat_roof': '', 'roof': '', 'ac_platform': '', 'plant_room': '', 'garden': '', 'yard': ''}",13.8,12.5701,12299,11203.297682709448,9338883,1423172,ASP,HRB,淺水灣/壽臣山,1993/08,1993,33,F,2.0,blank,blank,blank,,True
3418,2004-09-24,"PINE CREST,REPULSE BAY RD|松苑,淺水灣道",17682.25746097659,2250,1920,"{'bay_window': '', 'flat_roof': '', 'roof': '', 'ac_platform': '', 'plant_room': '', 'garden': '', 'yard': ''}",24.5,23.224,12760,12095.833333333334,9340886,1423676,ASP,HRB,淺水灣/壽臣山,1982/11,1982,44,A,4.0,blank,blank,blank,,True
3422,2004-09-11,"PARKVIEW CRESCENT(Block 10,HONG KONG PARKVIEW),TAI TAM RESERVOIR RD|陽明山莊,10座(環翠軒),大潭水塘道",12249.491238437717,2771,2342,"{'bay_window': '', 'flat_roof': '', 'roof': '', 'ac_platform': '', 'plant_room': '', 'garden': '', 'yard': ''}",20.5,19.6247,8753,8379.461998292058,9341816,1424368,ASP,HRB,淺水灣/壽臣山,1989/11,1989,37,61,11.0,10,blank,HONG KONG PARKVIEW,陽明山莊,True
3423,2004-09-22,"PARKVIEW CRESCENT(Block 10,HONG KONG PARKVIEW),TAI TAM RESERVOIR RD|陽明山莊,10座(環翠軒),大潭水塘道",12309.225976370957,2771,2342,"{'bay_window': '', 'flat_roof': '', 'roof': '', 'ac_platform': '', 'plant_room': '', 'garden': '', 'yard': ''}",20.6,19.7204,8796,8420.324508966694,9344112,1426358,ASP,HRB,淺水灣/壽臣山,1989/11,1989,37,63,7.0,10,blank,HONG KONG PARKVIEW,陽明山莊,True
3424,2004-09-15,"GROSVENOR PLACE,REPULSE BAY RD|GROSVENOR PLACE,淺水灣道",32195.52845956718,2809,2191,"{'bay_window': '', 'flat_roof': '', 'roof': '', 'ac_platform': '', 'plant_room': '', 'garden': '', 'yard': ''}",50.562,48.2543,23077,22023.870378822456,9344435,1426383,ASP,HRB,淺水灣/壽臣山,2003/09,2003,23,whole floor,12.0,blank,blank,blank,,True
3429,2004-09-23,"PARKVIEW RISE(Block 7,HONG KONG PARKVIEW),TAI TAM RESERVOIR RD|陽明山莊,7座(凌雲閣),大潭水塘道",12807.605768615203,2092,1649,"{'bay_window': '', 'flat_roof': '', 'roof': '', 'ac_platform': '', 'plant_room': '', 'garden': '', 'yard': ''}",15.38,14.4473,9327,8761.249241964828,9346618,1427183,ASP,HRB,淺水灣/壽臣山,1988/00,1988,38,49,21.0,7,blank,HONG KONG PARKVIEW,陽明山莊,True
3430,2004-09-17,"56 REPULSE BAY RD,REPULSE BAY RD|淺水灣道56號,淺水灣道",27067.973069366348,2671,2131,"{'bay_window': '', 'flat_roof': '', 'roof': '', 'ac_platform': '', 'plant_room': '', 'garden': '', 'yard': ''}",41.401,39.458200000000005,19428,18516.28343500704,9347966,1429897,ASP,HRB,淺水灣/壽臣山,1994/04,1994,32,31,0.0,blank,blank,blank,,True
3431,2004-09-27,"SEA CLIFF MANSION(Block B),REPULSE BAY RD|海峰園B座,淺水灣道",14286.786461662436,0,1941,"{'bay_window': '', 'flat_roof': '', 'roof': '', 'ac_platform': '', 'plant_room': '', 'garden': '', 'yard': ''}",20.0,18.9696,10304,9773.106646058732,9349297,1431064,ASP,HRB,淺水灣/壽臣山,1964/05,1964,62,B2,8.0,B,blank,SEA CLIFF MANSION,海峰園,True
3432,2004-09-15,"PARKVIEW SUITE(Block 3,HONG KONG PARKVIEW),TAI TAM RESERVOIR RD|陽明山莊,3座(陽明居),大潭水塘道",12106.462017385162,1235,1012,"{'bay_window': '', 'flat_roof': '', 'roof': '', 'ac_platform': '', 'plant_room': '', 'garden': '', 'yard': ''}",9.3,8.381,9190,8281.620553359684,9350107,1431123,ASP,HRB,淺水灣/壽臣山,1989/05,1989,37,25,10.0,3,blank,HONG KONG PARKVIEW,陽明山莊,True
3436,2004-09-30,"PARKVIEW SUITE(Block 3,HONG KONG PARKVIEW),TAI TAM RESERVOIR RD|陽明山莊,3座(陽明居),大潭水塘道",11716.010199785924,1235,1012,"{'bay_window': '', 'flat_roof': '', 'roof': '', 'ac_platform': '', 'plant_room': '', 'garden': '', 'yard': ''}",9.0,8.1107,8893,8014.525691699605,9350962,1432118,ASP,HRB,淺水灣/壽臣山,1989/05,1989,37,25,17.0,3,blank,HONG KONG PARKVIEW,陽明山莊,True
3442,2004-09-28,"PARKVIEW HEIGHTS(Block 14,HONG KONG PARKVIEW),TAI TAM RESERVOIR RD|陽明山莊,14座(摘星樓),大潭水塘道",13072.710177176614,2045,1655,"{'bay_window': '', 'flat_roof': '', 'roof': '', 'ac_platform': '', 'plant_room': '', 'garden': '', 'yard': ''}",14.8,14.8,8943,8942.598187311178,9354790,1434962,ASP,HRB,淺水灣/壽臣山,1988/00,1988,38,79,1.0,14,blank,HONG KONG PARKVIEW,陽明山莊,False
3443,2004-09-27,"PARKVIEW RISE(Block 7,HONG KONG PARKVIEW),TAI TAM RESERVOIR RD|陽明山莊,7座(凌雲閣),大潭水塘道",13937.20525723698,1860,1466,"{'bay_window': '', 'flat_roof': '', 'roof': '', 'ac_platform': '', 'plant_room': '', 'garden': '', 'yard': ''}",15.0,13.9768,10232,9533.969986357435,9356353,1437072,ASP,HRB,淺水灣/壽臣山,1988/00,1988,38,47,1.0,7,blank,HONG KONG PARKVIEW,陽明山莊,True
3444,2004-09-23,"PARKVIEW SUITE(Block 4,HONG KONG PARKVIEW),TAI TAM RESERVOIR RD|陽明山莊,4座(陽明居),大潭水塘道",12148.726627138627,2105,1747,"{'bay_window': '', 'flat_roof': '', 'roof': '', 'ac_platform': '', 'plant_room': '', 'garden': '', 'yard': ''}",15.4,14.5185,8815,8310.532341156268,9357004,1437144,PRO-ASP,HRB,淺水灣/壽臣山,1989/11,1989,37,31,10.0,4,blank,HONG KONG PARKVIEW,陽明山莊,True
3446,2004-09-30,"37 REPULSE BAY RD(Block 2),REPULSE BAY RD|淺水灣道 37號2座,淺水灣道",18009.7218625915,1680,1255,"{'bay_window': '44', 'flat_roof': '', 'roof': '', 'ac_platform': '', 'plant_room': '', 'garden': '', 'yard': ''}",16.8,15.4614,13386,12319.8406374502,9359787,1438285,ASP,HRB,淺水灣/壽臣山,1994/02,1994,32,B,18.0,2,blank,37 REPULSE BAY RD,淺水灣道 37號,True
3447,2004-10-05,"PARKVIEW RISE(Block 7,HONG KONG PARKVIEW),TAI TAM RESERVOIR RD|陽明山莊,7座(凌雲閣),大潭水塘道",10958.941278172548,2092,1649,"{'bay_window': '', 'flat_roof': '', 'roof': '', 'ac_platform': '', 'plant_room': '', 'garden': '', 'yard': ''}",14.1,13.2449,8551,8032.080048514251,9360099,1440156,ASP,HRB,淺水灣/壽臣山,1988/00,1988,38,49,1.0,7,blank,HONG KONG PARKVIEW,陽明山莊,True
3454,2004-10-05,"GROSVENOR PLACE,REPULSE BAY RD|GROSVENOR PLACE,淺水灣道",28686.09704742309,2719,2121,"{'bay_window': '', 'flat_roof': '', 'roof': '', 'ac_platform': '', 'plant_room': '', 'garden': '', 'yard': ''}",46.8,44.5935,22065,21024.752475247526,9362403,1442282,ASP,HRB,淺水灣/壽臣山,2003/09,2003,23,whole floor,5.0,blank,blank,blank,,True
3457,2004-10-14,"PINE CREST,REPULSE BAY RD|松苑,淺水灣道",12865.974008752122,2250,1920,"{'bay_window': '', 'flat_roof': '', 'roof': '', 'ac_platform': '', 'plant_room': '', 'garden': '', 'yard': ''}",19.1,18.1052,9948,9429.791666666666,9364811,1451456,ASP,HRB,淺水灣/壽臣山,1982/11,1982,44,A,1.0,blank,blank,blank,,True
3463,2004-10-11,"PARKVIEW SUITE(Block 3,HONG KONG PARKVIEW),TAI TAM RESERVOIR RD|陽明山莊,3座(陽明居),大潭水塘道",11586.864608656542,1290,1091,"{'bay_window': '', 'flat_roof': '', 'roof': '', 'ac_platform': '', 'plant_room': '', 'garden': '', 'yard': ''}",10.2,9.2651,9349,8492.3006416132,9368667,1445038,ASP,HRB,淺水灣/壽臣山,1989/05,1989,37,21,8.0,3,blank,HONG KONG PARKVIEW,陽明山莊,True
3466,2004-10-15,"PARKVIEW SUITE(Block 3,HONG KONG PARKVIEW),TAI TAM RESERVOIR RD|陽明山莊,3座(陽明居),大潭水塘道",11906.920394440807,1235,1012,"{'bay_window': '', 'flat_roof': '', 'roof': '', 'ac_platform': '', 'plant_room': '', 'garden': '', 'yard': ''}",9.8,8.8316,9684,8726.877470355732,9372377,1449782,ASP,HRB,淺水灣/壽臣山,1989/05,1989,37,25,3.0,3,blank,HONG KONG PARKVIEW,陽明山莊,True
3470,2004-10-23,"VILLA HELVETIA,REPULSE BAY RD|雲濤別墅,淺水灣道",12776.222686639945,0,1870,"{'bay_window': '', 'flat_roof': '', 'roof': '', 'ac_platform': '', 'plant_room': '', 'garden': '', 'yard': ''}",18.5,17.5107,9893,9364.010695187166,9373203,1449913,ASP,HRB,淺水灣/壽臣山,1964/06,1964,62,whole floor,2.0,blank,blank,blank,,True
3473,2004-10-25,"RUBY COURT(Block 2),SOUTH BAY RD|嘉麟閣2座,南灣道",14618.019145854405,1780,1517,"{'bay_window': '50', 'flat_roof': '', 'roof': '', 'ac_platform': '', 'plant_room': '', 'garden': '', 'yard': ''}",17.4,16.253,11470,10713.909030982202,9375865,1453359,ASP,HRB,淺水灣/壽臣山,1987/05,1987,39,A,10.0,2,blank,RUBY COURT,嘉麟閣,True
3474,2004-10-12,"PARKVIEW HEIGHTS(Block 13,HONG KONG PARKVIEW),TAI TAM RESERVOIR RD|陽明山莊,13座(摘星樓),大潭水塘道",11726.655967734272,2700,2327,"{'bay_window': '', 'flat_roof': '', 'roof': '', 'ac_platform': '', 'plant_room': '', 'garden': '', 'yard': ''}",20.0,20.0,8595,8594.757198109153,9377545,1453726,ASP,HRB,淺水灣/壽臣山,1989/11,1989,37,75,1.0,13,blank,HONG KONG PARKVIEW,陽明山莊,False
3477,2004-10-28,"MONTE VERDE,REPULSE BAY RD|南山別墅,淺水灣道",20148.445711359713,2215,1960,"{'bay_window': '', 'flat_roof': '', 'roof': '', 'ac_platform': '', 'plant_room': '', 'garden': '', 'yard': ''}",30.5,28.9439,15561,14767.295918367347,9379346,1455769,ASP,HRB,淺水灣/壽臣山,1974/05,1974,52,A,17.0,blank,blank,blank,,True
3478,2004-10-26,"REPULSE BAY GARDEN(Block 11),BELLEVIEW DR|淺水灣新村11座,麗景道",13553.721411941944,1728,1459,"{'bay_window': '', 'flat_roof': '', 'roof': '', 'ac_platform': '', 'plant_room': '', 'garden': '', 'yard': ''}",15.56,14.4935,10665,9933.85880740233,9379924,1458104,ASP,HRB,淺水灣/壽臣山,1976/12,1976,50,whole floor,8.0,11,blank,REPULSE BAY GARDEN,淺水灣新村,True
3479,2004-10-28,"SOUTH BAY GARDEN(Block B),SOUTH BAY CLOSE|南灣花園B座,南灣坊",11658.535814169358,1542,1296,"{'bay_window': '', 'flat_roof': '', 'roof': '741', 'ac_platform': '', 'plant_room': '', 'garden': '', 'yard': ''}",12.0,11.0741,9259,8544.83024691358,9380062,1457230,ASP,HRB,淺水灣/壽臣山,1985/09,1985,41,2,10.0,B,blank,SOUTH BAY GARDEN,南灣花園,True
3482,2004-10-14,"MANHATTAN TOWER,REPULSE BAY RD|MANHATTAN TOWER,淺水灣道",21397.066687209073,2243,1999,"{'bay_window': '', 'flat_roof': '', 'roof': '', 'ac_platform': '', 'plant_room': '', 'garden': '', 'yard': ''}",33.0,31.3492,16508,15682.441220610304,9382371,1456929,PRO-ASP,HRB,淺水灣/壽臣山,1978/07,1978,48,A,7.0,blank,blank,blank,,True
3485,2004-11-01,"PARKVIEW SUITE(Block 5,HONG KONG PARKVIEW),TAI TAM RESERVOIR RD|陽明山莊,5座(陽明居),大潭水塘道",13062.419281313412,1263,1012,"{'bay_window': '', 'flat_roof': '', 'roof': '', 'ac_platform': '', 'plant_room': '', 'garden': '', 'yard': ''}",10.5,9.4625,10375,9350.296442687748,9383169,1458962,ASP,HRB,淺水灣/壽臣山,1989/11,1989,37,37,15.0,5,blank,HONG KONG PARKVIEW,陽明山莊,True
3492,2004-10-18,"PARKVIEW RISE(Block 8,HONG KONG PARKVIEW),TAI TAM RESERVOIR RD|陽明山莊,8座(凌雲閣),大潭水塘道",12346.345115041604,2366,1939,"{'bay_window': '', 'flat_roof': '', 'roof': '', 'ac_platform': '', 'plant_room': '', 'garden': '', 'yard': ''}",18.5,17.5459,9541,9048.942753996906,9389239,1464879,ASP,HRB,淺水灣/壽臣山,1989/11,1989,37,53,7.0,8,blank,HONG KONG PARKVIEW,陽明山莊,True
3496,2004-10-30,"SOUTH BAY GARDEN(Block B),SOUTH BAY CLOSE|南灣花園B座,南灣坊",11172.78542139182,1542,1296,"{'bay_window': '', 'flat_roof': '', 'roof': '', 'ac_platform': '', 'plant_room': '', 'garden': '', 'yard': ''}",11.5,10.6127,8873,8188.811728395061,9391670,1465990,ASP,HRB,淺水灣/壽臣山,1985/09,1985,41,2,4.0,B,blank,SOUTH BAY GARDEN,南灣花園,True
3502,2004-11-01,"REPULSE BAY GARDEN(Block 7),BELLEVIEW DR|淺水灣新村7座,麗景道",12298.816192270639,2288,2110,"{'bay_window': '', 'flat_roof': '', 'roof': '', 'ac_platform': '', 'plant_room': '', 'garden': '', 'yard': ''}",19.5,18.5758,9242,8803.696682464455,9396190,1471754,ASP,HRB,淺水灣/壽臣山,1973/11,1973,53,whole floor,20.0,7,blank,REPULSE BAY GARDEN,淺水灣新村,True
3503,2004-11-15,"PARKVIEW SUITE(Block 3,HONG KONG PARKVIEW),TAI TAM RESERVOIR RD|陽明山莊,3座(陽明居),大潭水塘道",13957.382210897447,1290,1091,"{'bay_window': '', 'flat_roof': '', 'roof': '', 'ac_platform': '', 'plant_room': '', 'garden': '', 'yard': ''}",12.0,10.9001,10999,9990.925756186984,9397557,1470416,ASP,HRB,淺水灣/壽臣山,1989/05,1989,37,21,23.0,3,blank,HONG KONG PARKVIEW,陽明山莊,True
3509,2004-11-23,"RIDGE COURT,REPULSE BAY RD|冠園,淺水灣道",14563.71218098113,0,1880,"{'bay_window': '', 'flat_roof': '', 'roof': '', 'ac_platform': '', 'plant_room': '', 'garden': '', 'yard': ''}",20.7,19.5989,11011,10424.946808510638,9404084,1477455,PRO-ASP,HRB,淺水灣/壽臣山,1962/08,1962,64,C,4.0,blank,blank,blank,,True
3511,2004-11-22,"SPLENDOUR VILLA,SOUTH BAY RD|雅景閣,南灣道",16081.908647316268,0,1043,"{'bay_window': '', 'flat_roof': '', 'roof': '', 'ac_platform': '', 'plant_room': '', 'garden': '', 'yard': ''}",13.28,12.0067,12733,11511.69702780441,9406305,1478868,ASP,HRB,淺水灣/壽臣山,1993/08,1993,33,C,2.0,blank,blank,blank,,True
3514,2004-11-29,"MING WAI GARDEN,REPULSE BAY RD|明慧園,淺水灣道",12791.17455780273,0,1630,"{'bay_window': '', 'flat_roof': '', 'roof': '', 'ac_platform': '', 'plant_room': '', 'garden': '', 'yard': ''}",15.9,14.9245,9755,9156.134969325154,9408512,1480765,ASP,HRB,淺水灣/壽臣山,1973/12,1973,53,B,1.0,blank,blank,blank,,True
3518,2004-11-27,"PARKVIEW RISE(Block 8,HONG KONG PARKVIEW),TAI TAM RESERVOIR RD|陽明山莊,8座(凌雲閣),大潭水塘道",12983.076837547316,2366,1939,"{'bay_window': '', 'flat_roof': '', 'roof': '', 'ac_platform': '', 'plant_room': '', 'garden': '', 'yard': ''}",19.0,18.0201,9799,9293.501805054151,9412621,1483506,ASP,HRB,淺水灣/壽臣山,1989/11,1989,37,53,9.0,8,blank,HONG KONG PARKVIEW,陽明山莊,True
3519,2004-11-19,"GROSVENOR PLACE,REPULSE BAY RD|GROSVENOR PLACE,淺水灣道",32134.770044175086,2809,2191,"{'bay_window': '', 'flat_roof': '', 'roof': '', 'ac_platform': '', 'plant_room': '', 'garden': '', 'yard': ''}",52.809,50.3987,24103,23002.60155180283,9415673,1486522,ASP,HRB,淺水灣/壽臣山,2003/09,2003,23,whole floor,19.0,blank,blank,blank,,True
3521,2004-12-08,"GRAND GARDEN(Block 3),SOUTH BAY RD|華景園3座,南灣道",12162.146829739437,1657,1217,"{'bay_window': '', 'flat_roof': '', 'roof': '', 'ac_platform': '', 'plant_room': '', 'garden': '', 'yard': ''}",11.8,10.8304,9696,8899.260476581758,9419759,1489477,ASP,HRB,淺水灣/壽臣山,1986/12,1986,40,B,4.0,3,blank,GRAND GARDEN,華景園,True
3525,2004-12-01,"SOUTH BAY TOWERS,SOUTH BAY RD|南灣大廈,南灣道",11002.283449568587,1433,1145,"{'bay_window': '', 'flat_roof': '', 'roof': '', 'ac_platform': '', 'plant_room': '', 'garden': '', 'yard': ''}",10.1,9.2179,8821,8050.56768558952,9422149,1491261,ASP,HRB,淺水灣/壽臣山,1984/11,1984,42,D,15.0,blank,blank,blank,,True
3531,2004-12-13,"SPLENDOUR VILLA,SOUTH BAY RD|雅景閣,南灣道",17032.4595738987,0,988,"{'bay_window': '', 'flat_roof': '', 'roof': '', 'ac_platform': '', 'plant_room': '', 'garden': '', 'yard': ''}",13.7,12.3134,13866,12462.955465587045,9424785,1492860,ASP,HRB,淺水灣/壽臣山,1993/08,1993,33,E,2.0,blank,blank,blank,,True
3533,2004-12-08,"SEA CLIFF MANSION(Block B),REPULSE BAY RD|海峰園B座,淺水灣道",13623.519349578859,0,1941,"{'bay_window': '', 'flat_roof': '', 'roof': '', 'ac_platform': '', 'plant_room': '', 'garden': '', 'yard': ''}",20.4,19.349,10510,9968.572900566718,9425496,1492977,PRO-ASP,HRB,淺水灣/壽臣山,1964/05,1964,62,B1,7.0,B,blank,SEA CLIFF MANSION,海峰園,True
3536,2004-12-16,"RIDGE COURT,REPULSE BAY RD|冠園,淺水灣道",15265.736758295936,0,1880,"{'bay_window': '', 'flat_roof': '', 'roof': '', 'ac_platform': '', 'plant_room': '', 'garden': '', 'yard': ''}",21.0,21.0,11170,11170.212765957447,9429680,1496886,ASP,HRB,淺水灣/壽臣山,1962/08,1962,64,B,7.0,blank,blank,blank,,False
3538,2004-12-07,"REPULSE BAY GARDEN(Block 7),BELLEVIEW DR|淺水灣新村7座,麗景道",10550.773223564036,2288,2110,"{'bay_window': '', 'flat_roof': '', 'roof': '', 'ac_platform': '', 'plant_room': '', 'garden': '', 'yard': ''}",17.1,16.2896,8104,7720.189573459716,9432847,1498922,ASP,HRB,淺水灣/壽臣山,1973/11,1973,53,whole floor,12.0,7,blank,REPULSE BAY GARDEN,淺水灣新村,True
3539,2004-12-20,"SOUTH BAY TOWERS,SOUTH BAY RD|南灣大廈,南灣道",12993.649130174825,1433,1145,"{'bay_window': '', 'flat_roof': '', 'roof': '', 'ac_platform': '', 'plant_room': '', 'garden': '', 'yard': ''}",11.928,10.8863,10417,9507.685589519651,9433276,1499735,ASP,HRB,淺水灣/壽臣山,1984/11,1984,42,A,28.0,blank,blank,blank,,True
3542,2004-12-17,"37 REPULSE BAY RD(Block 2),REPULSE BAY RD|淺水灣道 37號2座,淺水灣道",19308.642116736326,1635,1236,"{'bay_window': '32', 'flat_roof': '', 'roof': '', 'ac_platform': '', 'plant_room': '', 'garden': '', 'yard': ''}",19.0,17.4628,15372,14128.478964401294,9438500,1504341,ASP,HRB,淺水灣/壽臣山,1994/02,1994,32,A,8.0,2,blank,37 REPULSE BAY RD,淺水灣道 37號,True
3545,2005-01-05,"37 REPULSE BAY RD(Block 3),REPULSE BAY RD|淺水灣道 37號3座,淺水灣道",15847.161895098532,1740,1289,"{'bay_window': '44', 'flat_roof': '', 'roof': '', 'ac_platform': '', 'plant_room': '', 'garden': '', 'yard': ''}",16.68,15.386,12940,11936.384794414274,9441725,1505794,ASP,HRB,淺水灣/壽臣山,1994/02,1994,32,B,3.0,3,blank,37 REPULSE BAY RD,淺水灣道 37號,True
3547,2004-12-28,"REPULSE BAY GARDEN(Block 5),BELLEVIEW DR|淺水灣新村5座,麗景道",10087.991604111348,2288,2110,"{'bay_window': '', 'flat_roof': '', 'roof': '', 'ac_platform': '', 'plant_room': '', 'garden': '', 'yard': ''}",16.35,15.5751,7749,7381.563981042654,9443812,1506903,ASP,HRB,淺水灣/壽臣山,1973/11,1973,53,whole floor,11.0,5,blank,REPULSE BAY GARDEN,淺水灣新村,True
3548,2005-01-10,"PARKVIEW SUITE(Block 5,HONG KONG PARKVIEW),TAI TAM RESERVOIR RD|陽明山莊,5座(陽明居),大潭水塘道",10058.571830068822,1213,1051,"{'bay_window': '', 'flat_roof': '', 'roof': '', 'ac_platform': '', 'plant_room': '', 'garden': '', 'yard': ''}",8.8,7.962700000000001,8373,7576.308277830638,9444756,1507906,ASP,HRB,淺水灣/壽臣山,1989/11,1989,37,39,1.0,5,blank,HONG KONG PARKVIEW,陽明山莊,True
3549,2004-12-18,"GROSVENOR PLACE,REPULSE BAY RD|GROSVENOR PLACE,淺水灣道",29011.836791146805,2809,2191,"{'bay_window': '', 'flat_roof': '', 'roof': '', 'ac_platform': '', 'plant_room': '', 'garden': '', 'yard': ''}",48.736,46.5116,22244,21228.480146052032,9445623,1507987,ASP,HRB,淺水灣/壽臣山,2003/09,2003,23,whole floor,9.0,blank,blank,blank,,True
3551,2005-01-03,"PARKVIEW HEIGHTS(Block 13,HONG KONG PARKVIEW),TAI TAM RESERVOIR RD|陽明山莊,13座(摘星樓),大潭水塘道",12094.258231585449,2700,2327,"{'bay_window': '', 'flat_roof': '', 'roof': '', 'ac_platform': '', 'plant_room': '', 'garden': '', 'yard': ''}",22.15,21.1981,9519,9109.626128061882,9462388,1519840,ASP,HRB,淺水灣/壽臣山,1989/11,1989,37,75,5.0,13,blank,HONG KONG PARKVIEW,陽明山莊,True
3552,2005-01-11,"GRAND GARDEN(Block 3),SOUTH BAY RD|華景園3座,南灣道",12005.223781785822,1657,1217,"{'bay_window': '', 'flat_roof': '', 'roof': '', 'ac_platform': '', 'plant_room': '', 'garden': '', 'yard': ''}",11.99,11.0048,9852,9042.563681183237,9463377,1522266,ASP,HRB,淺水灣/壽臣山,1986/12,1986,40,B,9.0,3,blank,GRAND GARDEN,華景園,True
3556,2005-01-27,"PARKVIEW SUITE(Block 3,HONG KONG PARKVIEW),TAI TAM RESERVOIR RD|陽明山莊,3座(陽明居),大潭水塘道",12132.900728642195,1275,994,"{'bay_window': '', 'flat_roof': '', 'roof': '', 'ac_platform': '', 'plant_room': '', 'garden': '', 'yard': ''}",10.1,9.0839,10161,9138.732394366198,9470599,1526198,ASP,HRB,淺水灣/壽臣山,1989/05,1989,37,27,20.0,3,blank,HONG KONG PARKVIEW,陽明山莊,True
3557,2005-01-11,"PARKVIEW RISE(Block 8,HONG KONG PARKVIEW),TAI TAM RESERVOIR RD|陽明山莊,8座(凌雲閣),大潭水塘道",12468.265764504631,2366,1939,"{'bay_window': '', 'flat_roof': '', 'roof': '', 'ac_platform': '', 'plant_room': '', 'garden': '', 'yard': ''}",19.2,18.2098,9902,9391.335740072202,9475376,1530370,PRO-ASP,HRB,淺水灣/壽臣山,1989/11,1989,37,53,11.0,8,blank,HONG KONG PARKVIEW,陽明山莊,True
3559,2005-01-18,"THE BEACHSIDE(Block A),REPULSE BAY RD|THE BEACHSIDEA座,淺水灣道",11841.423319204365,928,688,"{'bay_window': '23', 'flat_roof': '', 'roof': '', 'ac_platform': '', 'plant_room': '', 'garden': '', 'yard': ''}",7.18,6.1364,10436,8919.186046511628,9476204,1530459,ASP,HRB,淺水灣/壽臣山,1993/12,1993,33,E,3.0,A,blank,THE BEACHSIDE,THE BEACHSIDE,True
3561,2005-01-25,"PARKVIEW HEIGHTS(Block 14,HONG KONG PARKVIEW),TAI TAM RESERVOIR RD|陽明山莊,14座(摘星樓),大潭水塘道",15437.615956201504,1860,1505,"{'bay_window': '', 'flat_roof': '', 'roof': '', 'ac_platform': '', 'plant_room': '', 'garden': '', 'yard': ''}",17.5,17.5,11628,11627.906976744185,5021501080012,1533544,ASP,HRB,淺水灣/壽臣山,1988/00,1988,38,77,20.0,14,blank,HONG KONG PARKVIEW,陽明山莊,False
3569,2005-01-25,"RUBY COURT(Block 2),SOUTH BAY RD|嘉麟閣2座,南灣道",14116.251688616963,1780,1517,"{'bay_window': '50', 'flat_roof': '', 'roof': '', 'ac_platform': '', 'plant_room': '', 'garden': '', 'yard': ''}",17.268,16.1297,11383,10632.630191166776,5022201800155,1538489,ASP,HRB,淺水灣/壽臣山,1987/05,1987,39,B,8.0,2,blank,RUBY COURT,嘉麟閣,True
3571,2005-01-27,"PARKVIEW HEIGHTS(Block 14,HONG KONG PARKVIEW),TAI TAM RESERVOIR RD|陽明山莊,14座(摘星樓),大潭水塘道",14840.632620130873,2045,1655,"{'bay_window': '', 'flat_roof': '', 'roof': '', 'ac_platform': '', 'plant_room': '', 'garden': '', 'yard': ''}",18.5,18.5,11178,11178.247734138973,5022301770016,1540010,ASP,HRB,淺水灣/壽臣山,1988/00,1988,38,79,6.0,14,blank,HONG KONG PARKVIEW,陽明山莊,False
3573,2005-01-26,"PARK PLACE(Block C),TAI TAM RESERVOIR RD|雅柏苑C座,大潭水塘道",18269.66483091322,2288,2075,"{'bay_window': '', 'flat_roof': '', 'roof': '', 'ac_platform': '', 'plant_room': '', 'garden': '', 'yard': ''}",30.0,28.5542,14458,13761.060240963856,5022401490014,1539528,ASP,HRB,淺水灣/壽臣山,1985/01,1985,41,2,3.0,C,blank,PARK PLACE,雅柏苑,True
3574,2005-02-08,"GROSVENOR PLACE,REPULSE BAY RD|GROSVENOR PLACE,淺水灣道",26723.98904805732,2809,2191,"{'bay_window': '', 'flat_roof': '', 'roof': '', 'ac_platform': '', 'plant_room': '', 'garden': '', 'yard': ''}",47.191,45.0371,21539,20555.4997717937,5022401910032,1539569,ASP,HRB,淺水灣/壽臣山,2003/09,2003,23,whole floor,8.0,blank,blank,blank,,True
3577,2005-01-14,"PARKVIEW SUITE(Block 4,HONG KONG PARKVIEW),TAI TAM RESERVOIR RD|陽明山莊,4座(陽明居),大潭水塘道",13388.513436896897,1903,1579,"{'bay_window': '', 'flat_roof': '', 'roof': '', 'ac_platform': '', 'plant_room': '', 'garden': '', 'yard': ''}",17.0,15.9234,10766,10084.483850538316,5022502600014,1543657,PRO-ASP,HRB,淺水灣/壽臣山,1989/11,1989,37,33,19.0,4,blank,HONG KONG PARKVIEW,陽明山莊,True
3578,2005-01-29,"PARKVIEW SUITE(Block 5,HONG KONG PARKVIEW),TAI TAM RESERVOIR RD|陽明山莊,5座(陽明居),大潭水塘道",12104.81707536544,1299,1041,"{'bay_window': '', 'flat_roof': '', 'roof': '', 'ac_platform': '', 'plant_room': '', 'garden': '', 'yard': ''}",10.5,9.4914,10086,9117.57925072046,5022601160111,1542328,ASP,HRB,淺水灣/壽臣山,1989/11,1989,37,35,20.0,5,blank,HONG KONG PARKVIEW,陽明山莊,True
3579,2005-01-31,"REPULSE BAY GARDEN(Block 2),BELLEVIEW DR|淺水灣新村2座,麗景道",11196.618976493093,2288,2110,"{'bay_window': '', 'flat_roof': '', 'roof': '', 'ac_platform': '', 'plant_room': '', 'garden': '', 'yard': ''}",18.68,17.7947,8853,8433.507109004739,5022602530013,1542421,ASP,HRB,淺水灣/壽臣山,1973/11,1973,53,whole floor,8.0,2,blank,REPULSE BAY GARDEN,淺水灣新村,True
3583,2005-02-17,"SOUTH BAY TOWERS,SOUTH BAY RD|南灣大廈,南灣道",11088.230423826106,1433,1145,"{'bay_window': '', 'flat_roof': '', 'roof': '', 'ac_platform': '', 'plant_room': '', 'garden': '', 'yard': ''}",10.7,9.7655,9345,8528.82096069869,5030201670048,1546694,ASP,HRB,淺水灣/壽臣山,1984/11,1984,42,A,10.0,blank,blank,blank,,True
3588,2005-02-21,"PARKVIEW CRESCENT(Block 10,HONG KONG PARKVIEW),TAI TAM RESERVOIR RD|陽明山莊,10座(環翠軒),大潭水塘道",12424.514413557547,2771,2342,"{'bay_window': '', 'flat_roof': '', 'roof': '', 'ac_platform': '', 'plant_room': '', 'garden': '', 'yard': ''}",23.38,22.3817,9983,9556.6609735269,5030901100018,1551609,ASP,HRB,淺水灣/壽臣山,1989/11,1989,37,63,10.0,10,blank,HONG KONG PARKVIEW,陽明山莊,True
3590,2005-02-21,"PARKVIEW SUITE(Block 3,HONG KONG PARKVIEW),TAI TAM RESERVOIR RD|陽明山莊,3座(陽明居),大潭水塘道",11365.47519923086,1290,1091,"{'bay_window': '', 'flat_roof': '', 'roof': '', 'ac_platform': '', 'plant_room': '', 'garden': '', 'yard': ''}",10.5,9.5376,9624,8742.071494042164,5031000180136,1552299,ASP,HRB,淺水灣/壽臣山,1989/05,1989,37,21,16.0,3,blank,HONG KONG PARKVIEW,陽明山莊,True
3592,2005-02-16,"GRAND GARDEN(Block 1),SOUTH BAY RD|華景園1座,南灣道",14566.030706859834,3061,2663,"{'bay_window': '', 'flat_roof': '', 'roof': '', 'ac_platform': '', 'plant_room': '', 'garden': '', 'yard': ''}",31.0,29.8359,11641,11203.867818250093,5031200480019,1553260,ASP,HRB,淺水灣/壽臣山,1986/12,1986,40,B,17.0,1,blank,GRAND GARDEN,華景園,True
3600,2005-02-28,"SOUTH BAY GARDEN(Block B),SOUTH BAY CLOSE|南灣花園B座,南灣坊",9442.702386511457,1542,1296,"{'bay_window': '', 'flat_roof': '', 'roof': '', 'ac_platform': '', 'plant_room': '', 'garden': '', 'yard': ''}",10.2,9.412999999999998,7870,7263.117283950616,5032401310029,1565768,PRO-ASP,HRB,淺水灣/壽臣山,1985/09,1985,41,2,1.0,B,blank,SOUTH BAY GARDEN,南灣花園,True
3607,2005-03-09,"SEA CLIFF MANSION(Block B),REPULSE BAY RD|海峰園B座,淺水灣道",14557.595883879574,0,1941,"{'bay_window': '', 'flat_roof': '', 'roof': '', 'ac_platform': '', 'plant_room': '', 'garden': '', 'yard': ''}",22.0,20.8666,11334,10750.43791859866,5040100720118,1572558,ASP,HRB,淺水灣/壽臣山,1964/05,1964,62,B1,3.0,B,blank,SEA CLIFF MANSION,海峰園,True
3610,2005-03-06,"GRAND GARDEN(Block 3),SOUTH BAY RD|華景園3座,南灣道",13786.96799954553,1657,1217,"{'bay_window': '', 'flat_roof': '', 'roof': '', 'ac_platform': '', 'plant_room': '', 'garden': '', 'yard': ''}",13.5,12.3907,11093,10181.347576006574,5040102850087,1572696,PRO-ASP,HRB,淺水灣/壽臣山,1986/12,1986,40,B,12.0,3,blank,GRAND GARDEN,華景園,True
3616,2005-03-09,"PARKVIEW SUITE(Block 5,HONG KONG PARKVIEW),TAI TAM RESERVOIR RD|陽明山莊,5座(陽明居),大潭水塘道",13903.617045160849,1263,1012,"{'bay_window': '', 'flat_roof': '', 'roof': '', 'ac_platform': '', 'plant_room': '', 'garden': '', 'yard': ''}",11.53,10.3907,11393,10267.490118577076,5040601950203,1573932,ASP,HRB,淺水灣/壽臣山,1989/11,1989,37,37,6.0,5,blank,HONG KONG PARKVIEW,陽明山莊,True
3617,2005-03-14,"PARKVIEW SUITE(Block 4,HONG KONG PARKVIEW),TAI TAM RESERVOIR RD|陽明山莊,4座(陽明居),大潭水塘道",12057.425130839398,2105,1747,"{'bay_window': '', 'flat_roof': '', 'roof': '', 'ac_platform': '', 'plant_room': '', 'garden': '', 'yard': ''}",16.5,15.5555,9445,8904.121350887235,5040700130059,1575116,ASP,HRB,淺水灣/壽臣山,1989/11,1989,37,31,15.0,4,blank,HONG KONG PARKVIEW,陽明山莊,True
3620,2005-03-13,"PARKVIEW CRESCENT(Block 10,HONG KONG PARKVIEW),TAI TAM RESERVOIR RD|陽明山莊,10座(環翠軒),大潭水塘道",12941.055006806882,2771,2342,"{'bay_window': '', 'flat_roof': '', 'roof': '', 'ac_platform': '', 'plant_room': '', 'garden': '', 'yard': ''}",23.38,22.3817,9983,9556.6609735269,5040801780645,1577952,PRO-ASP,HRB,淺水灣/壽臣山,1989/11,1989,37,63,3.0,10,blank,HONG KONG PARKVIEW,陽明山莊,True
3621,2005-03-09,"37 REPULSE BAY RD(Block 2),REPULSE BAY RD|淺水灣道 37號2座,淺水灣道",17299.245539927124,1635,1236,"{'bay_window': '32', 'flat_roof': '', 'roof': '', 'ac_platform': '', 'plant_room': '', 'garden': '', 'yard': ''}",17.18,15.79,13900,12775.080906148867,5040802040037,1577994,ASP,HRB,淺水灣/壽臣山,1994/02,1994,32,A,6.0,2,blank,37 REPULSE BAY RD,淺水灣道 37號,True
3623,2005-04-01,"GRAND GARDEN(Block 3),SOUTH BAY RD|華景園3座,南灣道",13563.006621735552,1657,1217,"{'bay_window': '', 'flat_roof': '', 'roof': '', 'ac_platform': '', 'plant_room': '', 'garden': '', 'yard': ''}",13.5,12.3907,11093,10181.347576006574,5041100090043,1578755,ASP,HRB,淺水灣/壽臣山,1986/12,1986,40,B,15.0,3,blank,GRAND GARDEN,華景園,True
3624,2005-03-30,"37 REPULSE BAY RD(Block 2),REPULSE BAY RD|淺水灣道 37號2座,淺水灣道",17477.14332350644,1680,1255,"{'bay_window': '44', 'flat_roof': '', 'roof': '', 'ac_platform': '', 'plant_room': '', 'garden': '', 'yard': ''}",17.6,16.1976,14024,12906.454183266933,5041200940031,1579878,ASP,HRB,淺水灣/壽臣山,1994/02,1994,32,B,6.0,2,blank,37 REPULSE BAY RD,淺水灣道 37號,True
3625,2005-03-10,"MONTE VERDE,REPULSE BAY RD|南山別墅,淺水灣道",18357.852223487153,2215,1960,"{'bay_window': '', 'flat_roof': '', 'roof': '', 'ac_platform': '', 'plant_room': '', 'garden': '', 'yard': ''}",28.0,26.5714,14286,13556.836734693878,5041201180011,1579897,ASP,HRB,淺水灣/壽臣山,1974/05,1974,52,B,11.0,blank,blank,blank,,True
3626,2005-03-23,"PARKVIEW HEIGHTS(Block 13,HONG KONG PARKVIEW),TAI TAM RESERVOIR RD|陽明山莊,13座(摘星樓),大潭水塘道",14034.34681557624,2700,2327,"{'bay_window': '', 'flat_roof': '', 'roof': '', 'ac_platform': '', 'plant_room': '', 'garden': '', 'yard': ''}",25.2,24.1171,10829,10364.030941125913,5041201680413,1579927,PRO-ASP,HRB,淺水灣/壽臣山,1989/11,1989,37,75,12.0,13,blank,HONG KONG PARKVIEW,陽明山莊,True
3628,2005-04-06,"PARKVIEW CORNER(Block 18,HONG KONG PARKVIEW),TAI TAM RESERVOIR RD|陽明山莊,18座(眺景台),大潭水塘道",16553.54363043806,2620,2171,"{'bay_window': '', 'flat_roof': '', 'roof': '1962', 'ac_platform': '', 'plant_room': '', 'garden': '', 'yard': ''}",28.28,26.977400000000003,13026,12426.255181943807,5041301730014,1580467,ASP,HRB,淺水灣/壽臣山,1989/11,1989,37,97,23.0,18,blank,HONG KONG PARKVIEW,陽明山莊,True
3630,2005-04-01,"REPULSE BAY GARDEN(Block 2),BELLEVIEW DR|淺水灣新村2座,麗景道",12028.489875407893,2288,2110,"{'bay_window': '', 'flat_roof': '', 'roof': '', 'ac_platform': '', 'plant_room': '', 'garden': '', 'yard': ''}",20.0,19.0521,9479,9029.431279620852,5041401870010,1582937,ASP,HRB,淺水灣/壽臣山,1973/11,1973,53,whole floor,14.0,2,blank,REPULSE BAY GARDEN,淺水灣新村,True
3634,2005-03-17,"3 REPULSE BAY RD,REPULSE BAY RD|淺水灣三號,淺水灣道",22250.126995301744,2078,1741,"{'bay_window': '', 'flat_roof': '', 'roof': '', 'ac_platform': '', 'plant_room': '', 'garden': '', 'yard': ''}",30.35,28.6067,17433,16431.188971855256,5041501800012,1585575,PRO-ASP,HRB,淺水灣/壽臣山,1997/07,1997,29,B,9.0,blank,blank,blank,,True
3636,2005-03-29,"PARKVIEW SUITE(Block 5,HONG KONG PARKVIEW),TAI TAM RESERVOIR RD|陽明山莊,5座(陽明居),大潭水塘道",13867.355001032553,1263,1012,"{'bay_window': '', 'flat_roof': '', 'roof': '', 'ac_platform': '', 'plant_room': '', 'garden': '', 'yard': ''}",11.5,10.3636,11364,10240.711462450592,5041502850123,1585657,ASP,HRB,淺水灣/壽臣山,1989/11,1989,37,37,16.0,5,blank,HONG KONG PARKVIEW,陽明山莊,True
3638,2005-04-06,"37 REPULSE BAY RD(Block 2),REPULSE BAY RD|淺水灣道 37號2座,淺水灣道",17285.73553158365,1635,1236,"{'bay_window': '32', 'flat_roof': '', 'roof': '', 'ac_platform': '', 'plant_room': '', 'garden': '', 'yard': ''}",17.45,16.0382,14118,12975.88996763754,5041601140023,1584303,ASP,HRB,淺水灣/壽臣山,1994/02,1994,32,A,7.0,2,blank,37 REPULSE BAY RD,淺水灣道 37號,True
3642,2005-03-23,"PARKVIEW HEIGHTS(Block 14,HONG KONG PARKVIEW),TAI TAM RESERVOIR RD|陽明山莊,14座(摘星樓),大潭水塘道",15955.121544414073,2045,1655,"{'bay_window': '', 'flat_roof': '', 'roof': '', 'ac_platform': '', 'plant_room': '', 'garden': '', 'yard': ''}",19.5,19.5,11782,11782.477341389727,5041602150160,1583719,ASP,HRB,淺水灣/壽臣山,1988/00,1988,38,79,18.0,14,blank,HONG KONG PARKVIEW,陽明山莊,False
3646,2005-04-07,"MONTE VERDE,REPULSE BAY RD|南山別墅,淺水灣道",18059.639456347948,2215,1960,"{'bay_window': '', 'flat_roof': '', 'roof': '', 'ac_platform': '', 'plant_room': '', 'garden': '', 'yard': ''}",28.0,26.5714,14286,13556.836734693878,5042000820016,1590101,ASP,HRB,淺水灣/壽臣山,1974/05,1974,52,B,12.0,blank,blank,blank,,True
3648,2005-03-19,"GRAND GARDEN(Block 3),SOUTH BAY RD|華景園3座,南灣道",13276.356039366408,1657,1217,"{'bay_window': '', 'flat_roof': '', 'roof': '', 'ac_platform': '', 'plant_room': '', 'garden': '', 'yard': ''}",13.0,11.9318,10682,9804.272801972062,5042100990091,1588653,PRO-ASP,HRB,淺水灣/壽臣山,1986/12,1986,40,B,10.0,3,blank,GRAND GARDEN,華景園,True
3649,2005-04-01,"SOUTH BAY GARDEN(Block B),SOUTH BAY CLOSE|南灣花園B座,南灣坊",11003.436032630158,1542,1296,"{'bay_window': '', 'flat_roof': '', 'roof': '', 'ac_platform': '', 'plant_room': '', 'garden': '', 'yard': ''}",11.6,10.7049,8951,8259.953703703704,5042101620039,1588673,ASP,HRB,淺水灣/壽臣山,1985/09,1985,41,2,7.0,B,blank,SOUTH BAY GARDEN,南灣花園,True
3652,2005-04-01,"PARKVIEW SUITE(Block 3,HONG KONG PARKVIEW),TAI TAM RESERVOIR RD|陽明山莊,3座(陽明居),大潭水塘道",13040.9554453119,1290,1091,"{'bay_window': '', 'flat_roof': '', 'roof': '', 'ac_platform': '', 'plant_room': '', 'garden': '', 'yard': ''}",11.758,10.6803,10777,9789.459211732355,5042102060070,1588705,PRO-ASP,HRB,淺水灣/壽臣山,1989/05,1989,37,21,11.0,3,blank,HONG KONG PARKVIEW,陽明山莊,True
3653,2005-04-04,"SOUTH BAY TOWERS,SOUTH BAY RD|南灣大廈,南灣道",12211.035507789435,1433,1145,"{'bay_window': '', 'flat_roof': '', 'roof': '', 'ac_platform': '', 'plant_room': '', 'garden': '', 'yard': ''}",11.5,10.4956,10044,9166.46288209607,5042201550143,1592762,ASP,HRB,淺水灣/壽臣山,1984/11,1984,42,A,15.0,blank,blank,blank,,True
3656,2005-03-29,"SOUTH BAY TOWERS,SOUTH BAY RD|南灣大廈,南灣道",12654.497455127876,1433,1110,"{'bay_window': '', 'flat_roof': '', 'roof': '', 'ac_platform': '', 'plant_room': '', 'garden': '', 'yard': ''}",11.4,10.373,10270,9345.045045045044,5042300580188,1591481,ASP,HRB,淺水灣/壽臣山,1984/11,1984,42,D,3.0,blank,blank,blank,,True
3674,2005-04-28,"PARKVIEW SUITE(Block 4,HONG KONG PARKVIEW),TAI TAM RESERVOIR RD|陽明山莊,4座(陽明居),大潭水塘道",13829.057326698918,1903,1579,"{'bay_window': '', 'flat_roof': '', 'roof': '', 'ac_platform': '', 'plant_room': '', 'garden': '', 'yard': ''}",17.5,16.3917,11083,10381.063964534516,5051701450018,1615785,ASP,HRB,淺水灣/壽臣山,1989/11,1989,37,33,18.0,4,blank,HONG KONG PARKVIEW,陽明山莊,True
3676,2005-04-25,"PARKVIEW RISE(Block 7,HONG KONG PARKVIEW),TAI TAM RESERVOIR RD|陽明山莊,7座(凌雲閣),大潭水塘道",13659.429708694319,2092,1649,"{'bay_window': '', 'flat_roof': '', 'roof': '', 'ac_platform': '', 'plant_room': '', 'garden': '', 'yard': ''}",18.0,16.9084,10916,10253.729533050333,5051800730128,1616875,ASP,HRB,淺水灣/壽臣山,1988/00,1988,38,49,11.0,7,blank,HONG KONG PARKVIEW,陽明山莊,True
3677,2005-04-20,"PARKVIEW CRESCENT(Block 10,HONG KONG PARKVIEW),TAI TAM RESERVOIR RD|陽明山莊,10座(環翠軒),大潭水塘道",13803.545371479624,2771,2342,"{'bay_window': '', 'flat_roof': '', 'roof': '', 'ac_platform': '', 'plant_room': '', 'garden': '', 'yard': ''}",25.35,24.2676,10824,10361.912894961572,5051800730138,1616876,ASP,HRB,淺水灣/壽臣山,1989/11,1989,37,63,11.0,10,blank,HONG KONG PARKVIEW,陽明山莊,True
3678,2005-04-19,"37 REPULSE BAY RD(Block 3),REPULSE BAY RD|淺水灣道 37號3座,淺水灣道",16568.277882289563,1740,1289,"{'bay_window': '44', 'flat_roof': '', 'roof': '', 'ac_platform': '', 'plant_room': '', 'garden': '', 'yard': ''}",17.38,16.0317,13483,12437.315748642359,5051802650472,1617034,PRO-ASP,HRB,淺水灣/壽臣山,1994/02,1994,32,B,11.0,3,blank,37 REPULSE BAY RD,淺水灣道 37號,True
3680,2005-04-22,"33 ISLAND RD,ISLAND RD|香島道33號,香島道",37011.30405177824,6389,5039,"{'bay_window': '', 'flat_roof': '417', 'roof': '', 'ac_platform': '', 'plant_room': '2206', 'garden': '', 'yard': ''}",140.0,140.0,27783,27783.290335384005,5051900370203,1618451,ASP,HRB,淺水灣/壽臣山,2004/11,2004,22,7,0.0,blank,blank,blank,,False
3681,2005-04-27,"GROSVENOR PLACE,REPULSE BAY RD|GROSVENOR PLACE,淺水灣道",30753.58457734385,2809,2191,"{'bay_window': '', 'flat_roof': '', 'roof': '', 'ac_platform': '', 'plant_room': '', 'garden': '', 'yard': ''}",53.0,50.581,24190,23085.80556823368,5051902370022,1618561,ASP,HRB,淺水灣/壽臣山,2003/09,2003,23,whole floor,10.0,blank,blank,blank,,True
3683,2005-05-10,"PARKVIEW RISE(Block 7,HONG KONG PARKVIEW),TAI TAM RESERVOIR RD|陽明山莊,7座(凌雲閣),大潭水塘道",13851.55427985518,2092,1649,"{'bay_window': '', 'flat_roof': '', 'roof': '', 'ac_platform': '', 'plant_room': '', 'garden': '', 'yard': ''}",18.38,17.2654,11146,10470.224378411158,5052300100016,1622125,ASP,HRB,淺水灣/壽臣山,1988/00,1988,38,49,18.0,7,blank,HONG KONG PARKVIEW,陽明山莊,True
3685,2005-05-03,"SPLENDOUR VILLA,SOUTH BAY RD|雅景閣,南灣道",18239.016276184786,0,1094,"{'bay_window': '', 'flat_roof': '', 'roof': '', 'ac_platform': '', 'plant_room': '', 'garden': '', 'yard': ''}",16.6,15.0826,15174,13786.654478976234,5052401800175,1622503,PRO-ASP,HRB,淺水灣/壽臣山,1993/08,1993,33,H,1.0,blank,blank,blank,,True
3690,2005-05-06,"37 REPULSE BAY RD(Block 3),REPULSE BAY RD|淺水灣道 37號3座,淺水灣道",17798.207363270023,1740,1289,"{'bay_window': '44', 'flat_roof': '', 'roof': '', 'ac_platform': '', 'plant_room': '', 'garden': '', 'yard': ''}",18.8,17.3415,14585,13453.45228859581,5052502380371,1625156,ASP,HRB,淺水灣/壽臣山,1994/02,1994,32,B,20.0,3,blank,37 REPULSE BAY RD,淺水灣道 37號,True
3691,2005-05-05,"PARKVIEW SUITE(Block 4,HONG KONG PARKVIEW),TAI TAM RESERVOIR RD|陽明山莊,4座(陽明居),大潭水塘道",13406.580622834252,1857,1541,"{'bay_window': '', 'flat_roof': '', 'roof': '', 'ac_platform': '', 'plant_room': '', 'garden': '', 'yard': ''}",16.7,15.6163,10837,10133.874107722258,5052502700368,1625187,ASP,HRB,淺水灣/壽臣山,1989/11,1989,37,29,16.0,4,blank,HONG KONG PARKVIEW,陽明山莊,True
3692,2005-05-20,"RUBY COURT(Block 2),SOUTH BAY RD|嘉麟閣2座,南灣道",13929.579054233523,1780,1517,"{'bay_window': '50', 'flat_roof': '', 'roof': '', 'ac_platform': '', 'plant_room': '', 'garden': '', 'yard': ''}",17.1,15.9728,11272,10529.202373104812,5052601190168,1626929,PRO-ASP,HRB,淺水灣/壽臣山,1987/05,1987,39,B,9.0,2,blank,RUBY COURT,嘉麟閣,True
3694,2005-05-09,"PARKVIEW SUITE(Block 5,HONG KONG PARKVIEW),TAI TAM RESERVOIR RD|陽明山莊,5座(陽明居),大潭水塘道",10934.265803171886,1213,1051,"{'bay_window': '', 'flat_roof': '', 'roof': '', 'ac_platform': '', 'plant_room': '', 'garden': '', 'yard': ''}",9.6,8.6866,9134,8265.080875356804,5052701250075,1629275,PRO-ASP,HRB,淺水灣/壽臣山,1989/11,1989,37,39,1.0,5,blank,HONG KONG PARKVIEW,陽明山莊,True
3698,2005-05-05,"56 REPULSE BAY RD,REPULSE BAY RD|淺水灣道56號,淺水灣道",26625.694193677224,0,2131,"{'bay_window': '', 'flat_roof': '', 'roof': '', 'ac_platform': '', 'plant_room': '', 'garden': '', 'yard': ''}",45.0,42.8886,21114,20126.04411074613,5060100280036,1633741,ASP,HRB,淺水灣/壽臣山,1994/04,1994,32,35,0.0,blank,blank,blank,,True
3700,2005-05-13,"PARKVIEW RISE(Block 7,HONG KONG PARKVIEW),TAI TAM RESERVOIR RD|陽明山莊,7座(凌雲閣),大潭水塘道",15556.000373980996,1860,1466,"{'bay_window': '', 'flat_roof': '', 'roof': '', 'ac_platform': '', 'plant_room': '', 'garden': '', 'yard': ''}",18.5,17.2381,12619,11758.594815825376,5060100890215,1633776,ASP,HRB,淺水灣/壽臣山,1988/00,1988,38,47,19.0,7,blank,HONG KONG PARKVIEW,陽明山莊,True
3702,2005-05-06,"33 ISLAND RD,ISLAND RD|香島道33號,香島道",40247.63038192707,6389,5039,"{'bay_window': '', 'flat_roof': '417', 'roof': '', 'ac_platform': '', 'plant_room': '2035', 'garden': '', 'yard': ''}",153.3,153.3,30423,30422.702917245486,5060302700205,1638710,ASP,HRB,淺水灣/壽臣山,2004/11,2004,22,9,0.0,blank,blank,blank,,False
3706,2005-05-13,"PARKVIEW CRESCENT(Block 10,HONG KONG PARKVIEW),TAI TAM RESERVOIR RD|陽明山莊,10座(環翠軒),大潭水塘道",15675.399434677965,2771,2342,"{'bay_window': '', 'flat_roof': '', 'roof': '2144', 'ac_platform': '', 'plant_room': '', 'garden': '', 'yard': ''}",27.75,27.75,11849,11848.847139197267,5060800230017,1641256,PRO-ASP,HRB,淺水灣/壽臣山,1989/11,1989,37,61,23.0,10,blank,HONG KONG PARKVIEW,陽明山莊,False
3707,2005-05-13,"PARKVIEW CRESCENT(Block 10,HONG KONG PARKVIEW),TAI TAM RESERVOIR RD|陽明山莊,10座(環翠軒),大潭水塘道",15675.399434677965,2771,2342,"{'bay_window': '', 'flat_roof': '', 'roof': '2144', 'ac_platform': '', 'plant_room': '', 'garden': '', 'yard': ''}",27.75,27.75,11849,11848.847139197267,5060800230026,1641257,PRO-ASP,HRB,淺水灣/壽臣山,1989/11,1989,37,63,23.0,10,blank,HONG KONG PARKVIEW,陽明山莊,False
3714,2005-05-20,"33 ISLAND RD,ISLAND RD|香島道33號,香島道",41130.557850775214,6389,5039,"{'bay_window': '', 'flat_roof': '417', 'roof': '', 'ac_platform': '', 'plant_room': '1478', 'garden': '', 'yard': ''}",156.663,156.663,31090,31090.097241516174,5061300130119,1646940,ASP,HRB,淺水灣/壽臣山,2004/11,2004,22,10,0.0,blank,blank,blank,,False
3717,2005-05-19,"REPULSE BAY GARDEN(Block 11),BELLEVIEW DR|淺水灣新村11座,麗景道",13817.68051259006,1728,1459,"{'bay_window': '', 'flat_roof': '', 'roof': '', 'ac_platform': '', 'plant_room': '', 'garden': '', 'yard': ''}",16.36,15.2387,11213,10444.619602467443,5061800330099,1651901,ASP,HRB,淺水灣/壽臣山,1976/12,1976,50,whole floor,18.0,11,blank,REPULSE BAY GARDEN,淺水灣新村,True
3720,2005-05-31,"PARKVIEW SUITE(Block 3,HONG KONG PARKVIEW),TAI TAM RESERVOIR RD|陽明山莊,3座(陽明居),大潭水塘道",12776.929710033219,1290,1091,"{'bay_window': '', 'flat_roof': '', 'roof': '', 'ac_platform': '', 'plant_room': '', 'garden': '', 'yard': ''}",11.6,10.5368,10632,9657.928505957836,5061801710020,1651204,ASP,HRB,淺水灣/壽臣山,1989/05,1989,37,21,18.0,3,blank,HONG KONG PARKVIEW,陽明山莊,True
3726,2005-05-26,"SOUTH BAY TOWERS,SOUTH BAY RD|南灣大廈,南灣道",10734.8212810611,1433,1145,"{'bay_window': '', 'flat_roof': '', 'roof': '', 'ac_platform': '', 'plant_room': '', 'garden': '', 'yard': ''}",10.18,9.2909,8891,8114.323144104804,5062400490281,1661006,ASP,HRB,淺水灣/壽臣山,1984/11,1984,42,D,9.0,blank,blank,blank,,True
3727,2005-06-01,"RUBY COURT(Block 2),SOUTH BAY RD|嘉麟閣2座,南灣道",16277.21476281354,1780,1517,"{'bay_window': '50', 'flat_roof': '', 'roof': '', 'ac_platform': '', 'plant_room': '', 'garden': '', 'yard': ''}",20.0,18.6816,13184,12314.831905075807,5062401120170,1661040,ASP,HRB,淺水灣/壽臣山,1987/05,1987,39,A,13.0,2,blank,RUBY COURT,嘉麟閣,True
3730,2005-05-31,"3 REPULSE BAY RD,REPULSE BAY RD|淺水灣三號,淺水灣道",21688.600099866802,2161,1796,"{'bay_window': '28', 'flat_roof': '', 'roof': '', 'ac_platform': '', 'plant_room': '', 'garden': '20', 'yard': ''}",31.18,29.4439,17361,16394.153674832964,5062402700417,1661119,PRO-ASP,HRB,淺水灣/壽臣山,1997/07,1997,29,A,12.0,blank,blank,blank,,True
3733,2005-06-09,"PARKVIEW SUITE(Block 4,HONG KONG PARKVIEW),TAI TAM RESERVOIR RD|陽明山莊,4座(陽明居),大潭水塘道",12396.824336449867,2105,1747,"{'bay_window': '', 'flat_roof': '', 'roof': '', 'ac_platform': '', 'plant_room': '', 'garden': '', 'yard': ''}",17.38,16.385199999999998,9948,9379.049799656554,5062801630032,1663160,ASP,HRB,淺水灣/壽臣山,1989/11,1989,37,31,11.0,4,blank,HONG KONG PARKVIEW,陽明山莊,True
3734,2005-06-03,"PARKVIEW SUITE(Block 5,HONG KONG PARKVIEW),TAI TAM RESERVOIR RD|陽明山莊,5座(陽明居),大潭水塘道",14280.307888388808,1299,1041,"{'bay_window': '', 'flat_roof': '', 'roof': '', 'ac_platform': '', 'plant_room': '', 'garden': '', 'yard': ''}",11.247,11.247,10804,10804.034582132565,5062901020019,1663548,ASP,HRB,淺水灣/壽臣山,1989/11,1989,37,35,8.0,5,blank,HONG KONG PARKVIEW,陽明山莊,False
3735,2005-05-30,"SOUTH BAY TOWERS,SOUTH BAY RD|南灣大廈,南灣道",11789.36619955387,1433,1145,"{'bay_window': '', 'flat_roof': '', 'roof': '', 'ac_platform': '', 'plant_room': '', 'garden': '', 'yard': ''}",11.18,10.2036,9764,8911.441048034934,5062901590020,1664657,ASP,HRB,淺水灣/壽臣山,1984/11,1984,42,D,12.0,blank,blank,blank,,True
3737,2005-06-17,"RIDGE COURT,REPULSE BAY RD|冠園,淺水灣道",14811.060087990523,0,1880,"{'bay_window': '', 'flat_roof': '', 'roof': '', 'ac_platform': '', 'plant_room': '', 'garden': '', 'yard': ''}",22.25,21.0665,11835,11205.58510638298,5063002680050,1666430,ASP,HRB,淺水灣/壽臣山,1962/08,1962,64,C,3.0,blank,blank,blank,,True
3739,2005-06-22,"SOUTH BAY TOWERS,SOUTH BAY RD|南灣大廈,南灣道",12537.297640837727,1433,1145,"{'bay_window': '', 'flat_roof': '', 'roof': '', 'ac_platform': '', 'plant_room': '', 'garden': '', 'yard': ''}",11.9,10.8607,10393,9485.32751091703,5070700290015,1671518,ASP,HRB,淺水灣/壽臣山,1984/11,1984,42,A,24.0,blank,blank,blank,,True
3740,2005-06-10,"PARKVIEW SUITE(Block 3,HONG KONG PARKVIEW),TAI TAM RESERVOIR RD|陽明山莊,3座(陽明居),大潭水塘道",11554.893828615242,1290,1091,"{'bay_window': '', 'flat_roof': '', 'roof': '', 'ac_platform': '', 'plant_room': '', 'garden': '', 'yard': ''}",10.5,9.5376,9624,8742.071494042164,5070701740275,1671583,ASP,HRB,淺水灣/壽臣山,1989/05,1989,37,21,12.0,3,blank,HONG KONG PARKVIEW,陽明山莊,True
3741,2005-06-17,"RUBY COURT(Block 2),SOUTH BAY RD|嘉麟閣2座,南灣道",15788.94014216645,1780,1517,"{'bay_window': '50', 'flat_roof': '', 'roof': '', 'ac_platform': '', 'plant_room': '', 'garden': '', 'yard': ''}",19.4,18.1212,12788,11945.418589321029,5070800060013,1673721,ASP,HRB,淺水灣/壽臣山,1987/05,1987,39,A,12.0,2,blank,RUBY COURT,嘉麟閣,True
3747,2005-06-18,"SOUTH BAY TOWERS,SOUTH BAY RD|南灣大廈,南灣道",13008.449406870872,2738,2161,"{'bay_window': '', 'flat_roof': '', 'roof': '', 'ac_platform': '', 'plant_room': '', 'garden': '', 'yard': ''}",22.3,21.2681,10319,9841.786210087923,5071602260087,1678812,PRO-ASP,HRB,淺水灣/壽臣山,1984/11,1984,42,B,8.0,blank,blank,blank,,True
3749,2005-07-07,"REPULSE BAY GARDEN(Block 11),BELLEVIEW DR|淺水灣新村11座,麗景道",13964.148342112492,1728,1459,"{'bay_window': '', 'flat_roof': '', 'roof': '', 'ac_platform': '', 'plant_room': '', 'garden': '', 'yard': ''}",16.0,14.9034,10966,10214.804660726524,5072002220020,1682637,ASP,HRB,淺水灣/壽臣山,1976/12,1976,50,whole floor,12.0,11,blank,REPULSE BAY GARDEN,淺水灣新村,True
3757,2005-07-20,"REPULSE BAY GARDEN(Block 3),BELLEVIEW DR|淺水灣新村3座,麗景道",9016.957405322637,2810,2625,"{'bay_window': '', 'flat_roof': '', 'roof': '', 'ac_platform': '', 'plant_room': '', 'garden': '', 'yard': ''}",18.0,17.3143,6857,6595.92380952381,5080501440010,1697044,ASP,HRB,淺水灣/壽臣山,1973/11,1973,53,whole floor,7.0,3,blank,REPULSE BAY GARDEN,淺水灣新村,True
3762,2005-07-19,"RIDGE COURT,REPULSE BAY RD|冠園,淺水灣道",13631.815033073104,0,1880,"{'bay_window': '', 'flat_roof': '', 'roof': '', 'ac_platform': '', 'plant_room': '', 'garden': '', 'yard': ''}",19.8,18.7468,10532,9971.702127659575,5081702340033,1704965,PRO-ASP,HRB,淺水灣/壽臣山,1962/08,1962,64,A,1.0,blank,blank,blank,,True
3763,2005-07-29,"GROSVENOR PLACE,REPULSE BAY RD|GROSVENOR PLACE,淺水灣道",32571.72801574484,2809,2191,"{'bay_window': '', 'flat_roof': '', 'roof': '', 'ac_platform': '', 'plant_room': '', 'garden': '', 'yard': ''}",54.7,52.2034,24966,23826.28936558649,5081900920048,1707479,ASP,HRB,淺水灣/壽臣山,2003/09,2003,23,whole floor,27.0,blank,blank,blank,,True
3764,2005-08-01,"PARKVIEW SUITE(Block 3,HONG KONG PARKVIEW),TAI TAM RESERVOIR RD|陽明山莊,3座(陽明居),大潭水塘道",11343.043310942048,1290,1091,"{'bay_window': '', 'flat_roof': '', 'roof': '', 'ac_platform': '', 'plant_room': '', 'garden': '', 'yard': ''}",10.2,9.2651,9349,8492.3006416132,5082901510017,1713328,ASP,HRB,淺水灣/壽臣山,1989/05,1989,37,21,3.0,3,blank,HONG KONG PARKVIEW,陽明山莊,True
3765,2005-08-19,"PARKVIEW SUITE(Block 3,HONG KONG PARKVIEW),TAI TAM RESERVOIR RD|陽明山莊,3座(陽明居),大潭水塘道",12132.169176474232,1235,1012,"{'bay_window': '', 'flat_roof': '', 'roof': '', 'ac_platform': '', 'plant_room': '', 'garden': '', 'yard': ''}",10.2,9.1921,10079,9083.102766798418,5090201230045,1717405,ASP,HRB,淺水灣/壽臣山,1989/05,1989,37,25,1.0,3,blank,HONG KONG PARKVIEW,陽明山莊,True
3768,2005-08-13,"TWIN BROOK,REPULSE BAY RD|雙溪,淺水灣道",13964.373531419738,2700,2440,"{'bay_window': '', 'flat_roof': '', 'roof': '', 'ac_platform': '', 'plant_room': '', 'garden': '', 'yard': ''}",26.6,25.5098,10902,10454.83606557377,5090900960013,1722000,ASP,HRB,淺水灣/壽臣山,1974/04,1974,52,B,6.0,blank,blank,blank,,True
3770,2005-08-24,"33 ISLAND RD,ISLAND RD|香島道33號,香島道",44531.687545372566,6389,5039,"{'bay_window': '', 'flat_roof': '417', 'roof': '', 'ac_platform': '', 'plant_room': '2247', 'garden': '694', 'yard': ''}",168.0,168.0,33340,33339.9484024608,5091000490092,1721122,ASP,HRB,淺水灣/壽臣山,2004/11,2004,22,8,0.0,blank,blank,blank,,False
3772,2005-09-08,"SOUTH BAY TOWERS,SOUTH BAY RD|南灣大廈,南灣道",11454.551164757853,1433,1145,"{'bay_window': '', 'flat_roof': '', 'roof': '', 'ac_platform': '', 'plant_room': '', 'garden': '', 'yard': ''}",11.3,10.3131,9869,9007.07423580786,5091500240026,1725082,ASP,HRB,淺水灣/壽臣山,1984/11,1984,42,D,25.0,blank,blank,blank,,True
3774,2005-09-02,"SEA CLIFF MANSION(Block A),REPULSE BAY RD|海峰園A座,淺水灣道",14697.012072062504,0,1941,"{'bay_window': '', 'flat_roof': '', 'roof': '', 'ac_platform': '', 'plant_room': '', 'garden': '', 'yard': ''}",23.65,22.4316,12184,11556.723338485317,5091500920010,1725111,ASP,HRB,淺水灣/壽臣山,1964/05,1964,62,A1,8.0,A,blank,SEA CLIFF MANSION,海峰園,True
3775,2005-08-27,"37 REPULSE BAY RD(Block 3),REPULSE BAY RD|淺水灣道 37號3座,淺水灣道",18638.668151386533,1740,1289,"{'bay_window': '44', 'flat_roof': '', 'roof': '', 'ac_platform': '', 'plant_room': '', 'garden': '', 'yard': ''}",19.5,17.9872,15128,13954.383242823895,5092100820054,1728067,PRO-ASP,HRB,淺水灣/壽臣山,1994/02,1994,32,B,22.0,3,blank,37 REPULSE BAY RD,淺水灣道 37號,True
3776,2005-09-06,"MONTE VERDE,REPULSE BAY RD|南山別墅,淺水灣道",15393.427522980031,2215,1960,"{'bay_window': '', 'flat_roof': '', 'roof': '', 'ac_platform': '', 'plant_room': '', 'garden': '', 'yard': ''}",25.0,23.7245,12755,12104.336734693878,5092100970137,1728070,ASP,HRB,淺水灣/壽臣山,1974/05,1974,52,A,19.0,blank,blank,blank,,True
3777,2005-09-07,"GROSVENOR PLACE,REPULSE BAY RD|GROSVENOR PLACE,淺水灣道",28738.4475291616,2809,2191,"{'bay_window': '', 'flat_roof': '', 'roof': '', 'ac_platform': '', 'plant_room': '', 'garden': '', 'yard': ''}",51.88,49.5121,23679,22597.946143313555,5092300810166,1730801,ASP,HRB,淺水灣/壽臣山,2003/09,2003,23,whole floor,16.0,blank,blank,blank,,True
3785,2005-09-26,"PARKVIEW RISE(Block 6,HONG KONG PARKVIEW),TAI TAM RESERVOIR RD|陽明山莊,6座(凌雲閣),大潭水塘道",15456.61693205773,2722,2199,"{'bay_window': '', 'flat_roof': '', 'roof': '', 'ac_platform': '', 'plant_room': '', 'garden': '', 'yard': ''}",28.0,26.7267,12733,12154.024556616643,5101300320123,1743726,ASP,HRB,淺水灣/壽臣山,1989/11,1989,37,43,12.0,6,blank,HONG KONG PARKVIEW,陽明山莊,True
3786,2005-09-21,"PARKVIEW SUITE(Block 5,HONG KONG PARKVIEW),TAI TAM RESERVOIR RD|陽明山莊,5座(陽明居),大潭水塘道",11904.280859619179,1299,1041,"{'bay_window': '', 'flat_roof': '', 'roof': '', 'ac_platform': '', 'plant_room': '', 'garden': '', 'yard': ''}",10.78,9.7445,10355,9360.710854947167,5101401940016,1745457,ASP,HRB,淺水灣/壽臣山,1989/11,1989,37,35,18.0,5,blank,HONG KONG PARKVIEW,陽明山莊,True
3787,2005-09-21,"PARKVIEW RISE(Block 7,HONG KONG PARKVIEW),TAI TAM RESERVOIR RD|陽明山莊,7座(凌雲閣),大潭水塘道",11745.840140405311,1924,1517,"{'bay_window': '', 'flat_roof': '', 'roof': '', 'ac_platform': '', 'plant_room': '', 'garden': '', 'yard': ''}",15.0,14.0112,9888,9236.123928806855,5101501610017,1744553,PRO-ASP,HRB,淺水灣/壽臣山,1988/00,1988,38,51,1.0,7,blank,HONG KONG PARKVIEW,陽明山莊,True
3792,2005-09-26,"PARKVIEW RISE(Block 8,HONG KONG PARKVIEW),TAI TAM RESERVOIR RD|陽明山莊,8座(凌雲閣),大潭水塘道",12316.481942825652,2366,1939,"{'bay_window': '', 'flat_roof': '', 'roof': '', 'ac_platform': '', 'plant_room': '', 'garden': '', 'yard': ''}",19.8,18.7789,10211,9684.837545126355,5102502440013,1752760,PRO-ASP,HRB,淺水灣/壽臣山,1988/08,1988,38,53,18.0,8,blank,HONG KONG PARKVIEW,陽明山莊,True
3794,2005-10-04,"CELESTIAL GARDEN,REPULSE BAY RD|詩禮花園,淺水灣道",14911.610899755675,0,2264,"{'bay_window': '', 'flat_roof': '', 'roof': '', 'ac_platform': '', 'plant_room': '', 'garden': '', 'yard': ''}",27.0,25.8074,11926,11399.028268551237,5102700320274,1754725,ASP,HRB,淺水灣/壽臣山,1978/09,1978,48,C,6.0,blank,blank,blank,,True
3796,2005-10-05,"PARKVIEW RISE(Block 7,HONG KONG PARKVIEW),TAI TAM RESERVOIR RD|陽明山莊,7座(凌雲閣),大潭水塘道",12370.125644936788,2092,1649,"{'bay_window': '', 'flat_roof': '', 'roof': '', 'ac_platform': '', 'plant_room': '', 'garden': '', 'yard': ''}",16.6,15.5933,10067,9456.215888417222,5103100930010,1757240,ASP,HRB,淺水灣/壽臣山,1988/00,1988,38,49,15.0,7,blank,HONG KONG PARKVIEW,陽明山莊,True
3797,2005-10-14,"PARKVIEW CRESCENT(Block 10,HONG KONG PARKVIEW),TAI TAM RESERVOIR RD|陽明山莊,10座(環翠軒),大潭水塘道",13153.864875780875,2771,2342,"{'bay_window': '', 'flat_roof': '', 'roof': '', 'ac_platform': '', 'plant_room': '', 'garden': '', 'yard': ''}",24.6,23.5496,10504,10055.33731853117,5103101140111,1757247,ASP,HRB,淺水灣/壽臣山,1989/11,1989,37,63,18.0,10,blank,HONG KONG PARKVIEW,陽明山莊,True
3798,2005-10-13,"THE BEACHSIDE(Block A),REPULSE BAY RD|THE BEACHSIDEA座,淺水灣道",13017.428884388513,969,721,"{'bay_window': '23', 'flat_roof': '', 'roof': '', 'ac_platform': '', 'plant_room': '', 'garden': '', 'yard': ''}",8.33,7.1747,11553,9951.040221914009,5110100770060,1757916,ASP,HRB,淺水灣/壽臣山,1993/12,1993,33,C,2.0,A,blank,THE BEACHSIDE,THE BEACHSIDE,True
3800,2005-10-15,"PARKVIEW TERR(Block 11,HONG KONG PARKVIEW),TAI TAM RESERVOIR RD|陽明山莊,11座(涵碧苑),大潭水塘道",13882.26098945886,2490,2049,"{'bay_window': '', 'flat_roof': '', 'roof': '', 'ac_platform': '', 'plant_room': '', 'garden': '', 'yard': ''}",22.86,21.7443,11157,10612.152269399707,5110201390111,1758824,ASP,HRB,淺水灣/壽臣山,1989/11,1989,37,67,20.0,11,blank,HONG KONG PARKVIEW,陽明山莊,True
3801,2005-10-17,"PARKVIEW CRESCENT(Block 10,HONG KONG PARKVIEW),TAI TAM RESERVOIR RD|陽明山莊,10座(環翠軒),大潭水塘道",13902.447004841306,2771,2342,"{'bay_window': '', 'flat_roof': '', 'roof': '', 'ac_platform': '', 'plant_room': '', 'garden': '', 'yard': ''}",26.0,24.8898,11102,10627.583262169086,5110500690188,1760624,ASP,HRB,淺水灣/壽臣山,1989/11,1989,37,61,16.0,10,blank,HONG KONG PARKVIEW,陽明山莊,True
3821,2005-11-04,"TWIN BROOK,REPULSE BAY RD|雙溪,淺水灣道",14158.74531711099,2700,2440,"{'bay_window': '', 'flat_roof': '', 'roof': '', 'ac_platform': '', 'plant_room': '', 'garden': '', 'yard': ''}",26.6,25.5098,10902,10454.83606557377,5112201060023,1771699,ASP,HRB,淺水灣/壽臣山,1974/04,1974,52,B,2.0,blank,blank,blank,,True
3822,2005-11-01,"PARKVIEW HEIGHTS(Block 14,HONG KONG PARKVIEW),TAI TAM RESERVOIR RD|陽明山莊,14座(摘星樓),大潭水塘道",15297.482461987676,1860,1505,"{'bay_window': '', 'flat_roof': '', 'roof': '', 'ac_platform': '', 'plant_room': '', 'garden': '', 'yard': ''}",17.0,17.0,11296,11295.681063122924,5112202270046,1771292,ASP,HRB,淺水灣/壽臣山,1988/00,1988,38,77,7.0,14,blank,HONG KONG PARKVIEW,陽明山莊,False
3823,2005-11-01,"PARKVIEW HEIGHTS(Block 14,HONG KONG PARKVIEW),TAI TAM RESERVOIR RD|陽明山莊,14座(摘星樓),大潭水塘道",15297.482461987676,1860,1505,"{'bay_window': '', 'flat_roof': '', 'roof': '', 'ac_platform': '', 'plant_room': '', 'garden': '', 'yard': ''}",17.0,17.0,11296,11295.681063122924,5112202270064,1771293,ASP,HRB,淺水灣/壽臣山,1988/00,1988,38,77,6.0,14,blank,HONG KONG PARKVIEW,陽明山莊,False
3829,2005-11-08,"PARKVIEW RISE(Block 8,HONG KONG PARKVIEW),TAI TAM RESERVOIR RD|陽明山莊,8座(凌雲閣),大潭水塘道",11724.868970262072,2366,1939,"{'bay_window': '', 'flat_roof': '', 'roof': '', 'ac_platform': '', 'plant_room': '', 'garden': '', 'yard': ''}",17.7,16.7872,9128,8657.658586900465,5120701450087,1780066,MEM-ASP,HRB,淺水灣/壽臣山,1988/08,1988,38,53,10.0,8,blank,HONG KONG PARKVIEW,陽明山莊,True
3833,2005-12-05,"PARKVIEW RISE(Block 7,HONG KONG PARKVIEW),TAI TAM RESERVOIR RD|陽明山莊,7座(凌雲閣),大潭水塘道",12514.475178539335,1924,1517,"{'bay_window': '', 'flat_roof': '', 'roof': '', 'ac_platform': '', 'plant_room': '', 'garden': '', 'yard': ''}",14.8,13.8244,9756,9112.986156888595,5121400350015,1784243,ASP,HRB,淺水灣/壽臣山,1988/00,1988,38,51,15.0,7,blank,HONG KONG PARKVIEW,陽明山莊,True
3835,2005-12-09,"GROSVENOR PLACE,REPULSE BAY RD|GROSVENOR PLACE,淺水灣道",28900.329322339792,2809,2191,"{'bay_window': '', 'flat_roof': '', 'roof': '', 'ac_platform': '', 'plant_room': '', 'garden': '', 'yard': ''}",48.315,46.1098,22052,21045.09356458238,5121501270056,1785076,ASP,HRB,淺水灣/壽臣山,2003/09,2003,23,whole floor,6.0,blank,blank,blank,,True
3841,2005-12-07,"PARKVIEW TERR(Block 11,HONG KONG PARKVIEW),TAI TAM RESERVOIR RD|陽明山莊,11座(涵碧苑),大潭水塘道",14074.044716873475,2490,2049,"{'bay_window': '', 'flat_roof': '', 'roof': '', 'ac_platform': '', 'plant_room': '', 'garden': '', 'yard': ''}",22.077,20.9995,10775,10248.657881893607,5123000210066,1793611,ASP,HRB,淺水灣/壽臣山,1989/11,1989,37,67,7.0,11,blank,HONG KONG PARKVIEW,陽明山莊,True
3842,2005-12-15,"GRAND GARDEN(Block 1),SOUTH BAY RD|華景園1座,南灣道",13407.694697927647,3061,2663,"{'bay_window': '85', 'flat_roof': '', 'roof': '', 'ac_platform': '', 'plant_room': '', 'garden': '', 'yard': ''}",26.0,26.0,9763,9763.42470897484,5123101560018,1792581,ASP,HRB,淺水灣/壽臣山,1986/12,1986,40,B,8.0,1,blank,GRAND GARDEN,華景園,False
3844,2005-12-09,"SPLENDOUR VILLA,SOUTH BAY RD|雅景閣,南灣道",21528.009282298117,0,1295,"{'bay_window': '', 'flat_roof': '', 'roof': '', 'ac_platform': '', 'plant_room': '', 'garden': '', 'yard': ''}",22.0,20.3012,16988,15676.602316602317,6010500930063,1795849,PRO-ASP,HRB,淺水灣/壽臣山,1993/08,1993,33,G,3.0,blank,blank,blank,,True
3847,2005-12-20,"GRAND GARDEN(Block 3),SOUTH BAY RD|華景園3座,南灣道",14861.984528036743,1657,1217,"{'bay_window': '', 'flat_roof': '', 'roof': '', 'ac_platform': '', 'plant_room': '', 'garden': '', 'yard': ''}",14.35,13.1709,11791,10822.432210353329,6010601430056,1797472,ASP,HRB,淺水灣/壽臣山,1986/12,1986,40,B,20.0,3,blank,GRAND GARDEN,華景園,True
3848,2005-12-31,"THE BEACHSIDE(Block A),REPULSE BAY RD|THE BEACHSIDEA座,淺水灣道",15510.213238998927,1161,886,"{'bay_window': '32', 'flat_roof': '', 'roof': '934', 'ac_platform': '', 'plant_room': '', 'garden': '', 'yard': ''}",11.28,10.0069,12731,11294.469525959368,6010900100039,1797974,ASP,HRB,淺水灣/壽臣山,1993/12,1993,33,B,4.0,A,blank,THE BEACHSIDE,THE BEACHSIDE,True
3850,2005-12-29,"37 REPULSE BAY RD(Block 3),REPULSE BAY RD|淺水灣道 37號3座,淺水灣道",13804.505981686296,1220,882,"{'bay_window': '56', 'flat_roof': '', 'roof': '', 'ac_platform': '', 'plant_room': '', 'garden': '', 'yard': ''}",10.0,8.8662,11338,10052.380952380952,6011200950016,1800279,ASP,HRB,淺水灣/壽臣山,1994/02,1994,32,A,19.0,3,blank,37 REPULSE BAY RD,淺水灣道 37號,True
3851,2005-12-28,"PARKVIEW SUITE(Block 4,HONG KONG PARKVIEW),TAI TAM RESERVOIR RD|陽明山莊,4座(陽明居),大潭水塘道",11303.62943729381,2105,1747,"{'bay_window': '', 'flat_roof': '', 'roof': '', 'ac_platform': '', 'plant_room': '', 'garden': '', 'yard': ''}",14.38,14.38,8231,8231.253577561534,6011301630038,1801325,ASP,HRB,淺水灣/壽臣山,1989/11,1989,37,31,2.0,4,blank,HONG KONG PARKVIEW,陽明山莊,False
3852,2006-01-10,"THE BEACHSIDE(Block A),REPULSE BAY RD|THE BEACHSIDEA座,淺水灣道",10897.502841348267,929,688,"{'bay_window': '20', 'flat_roof': '', 'roof': '', 'ac_platform': '', 'plant_room': '', 'garden': '', 'yard': ''}",6.5,5.5552,9448,8074.418604651163,6011901570011,1804754,ASP,HRB,淺水灣/壽臣山,1993/12,1993,33,F,2.0,A,blank,THE BEACHSIDE,THE BEACHSIDE,True
3854,2005-12-30,"37 REPULSE BAY RD(Block 1),REPULSE BAY RD|淺水灣道 37號1座,淺水灣道",14605.261370283582,1225,882,"{'bay_window': '56', 'flat_roof': '', 'roof': '', 'ac_platform': '', 'plant_room': '', 'garden': '', 'yard': ''}",10.58,9.3805,11995,10635.48752834467,6012402020014,1807310,PRO-ASP,HRB,淺水灣/壽臣山,1994/02,1994,32,A,7.0,1,blank,37 REPULSE BAY RD,淺水灣道 37號,True
3858,2006-01-20,"CELESTIAL GARDEN,REPULSE BAY RD|詩禮花園,淺水灣道",16410.143902422165,0,2264,"{'bay_window': '', 'flat_roof': '', 'roof': '', 'ac_platform': '', 'plant_room': '', 'garden': '', 'yard': ''}",28.8,27.5279,12721,12158.966431095407,6020901130034,1815197,ASP,HRB,淺水灣/壽臣山,1978/09,1978,48,C,12.0,blank,blank,blank,,True
3861,2006-02-02,"PARKVIEW CRESCENT(Block 10,HONG KONG PARKVIEW),TAI TAM RESERVOIR RD|陽明山莊,10座(環翠軒),大潭水塘道",13215.006448664946,2771,2342,"{'bay_window': '', 'flat_roof': '', 'roof': '', 'ac_platform': '', 'plant_room': '', 'garden': '', 'yard': ''}",24.38,23.339,10410,9965.414175918018,6021701480041,1821103,PRO-ASP,HRB,淺水灣/壽臣山,1989/11,1989,37,63,6.0,10,blank,HONG KONG PARKVIEW,陽明山莊,True
3865,2006-01-06,"PARKVIEW HEIGHTS(Block 13,HONG KONG PARKVIEW),TAI TAM RESERVOIR RD|陽明山莊,13座(摘星樓),大潭水塘道",12655.464025851428,2700,2327,"{'bay_window': '', 'flat_roof': '', 'roof': '', 'ac_platform': '', 'plant_room': '', 'garden': '', 'yard': ''}",22.8,21.8202,9798,9376.966050709067,6022701760019,1824986,ASP,HRB,淺水灣/壽臣山,1989/11,1989,37,75,7.0,13,blank,HONG KONG PARKVIEW,陽明山莊,True
3867,2006-02-08,"PARKVIEW SUITE(Block 3,HONG KONG PARKVIEW),TAI TAM RESERVOIR RD|陽明山莊,3座(陽明居),大潭水塘道",11040.677262254943,1290,1091,"{'bay_window': '', 'flat_roof': '', 'roof': '', 'ac_platform': '', 'plant_room': '', 'garden': '', 'yard': ''}",10.0,9.0834,9166,8325.756186984418,6030300910035,1829535,PRO-ASP,HRB,淺水灣/壽臣山,1989/05,1989,37,21,17.0,3,blank,HONG KONG PARKVIEW,陽明山莊,True
3868,2006-02-21,"SOUTH BAY TOWERS,SOUTH BAY RD|南灣大廈,南灣道",11362.770674264291,1433,1145,"{'bay_window': '', 'flat_roof': '', 'roof': '', 'ac_platform': '', 'plant_room': '', 'garden': '', 'yard': ''}",10.75,9.8111,9389,8568.646288209608,6030601210019,1830101,PRO-ASP,HRB,淺水灣/壽臣山,1984/11,1984,42,A,9.0,blank,blank,blank,,True
3871,2006-03-01,"PINE CREST,REPULSE BAY RD|松苑,淺水灣道",19753.600182728904,2250,1920,"{'bay_window': '', 'flat_roof': '', 'roof': '', 'ac_platform': '', 'plant_room': '', 'garden': '', 'yard': ''}",29.79,28.2384,15516,14707.5,6031600200010,1836529,ASP,HRB,淺水灣/壽臣山,1982/11,1982,44,A,13.0,blank,blank,blank,,True
3873,2006-03-03,"SOUTH BAY TOWERS,SOUTH BAY RD|南灣大廈,南灣道",13336.99742860665,2738,2161,"{'bay_window': '', 'flat_roof': '', 'roof': '', 'ac_platform': '', 'plant_room': '', 'garden': '', 'yard': ''}",22.5,21.4588,10412,9930.032392410922,6031602130023,1837241,ASP,HRB,淺水灣/壽臣山,1984/11,1984,42,C,11.0,blank,blank,blank,,True
3881,2006-03-10,"33 ISLAND RD,ISLAND RD|香島道33號,香島道",41867.11570285765,6079,4812,"{'bay_window': '', 'flat_roof': '477', 'roof': '', 'ac_platform': '', 'plant_room': '2600', 'garden': '643', 'yard': ''}",150.0,150.0,31172,31172.06982543641,6032500250038,1843280,ASP,HRB,淺水灣/壽臣山,2004/11,2004,22,5,0.0,blank,blank,blank,,False
3882,2006-03-01,"SOUTH BAY TOWERS,SOUTH BAY RD|南灣大廈,南灣道",11669.10888187411,1433,1145,"{'bay_window': '', 'flat_roof': '', 'roof': '', 'ac_platform': '', 'plant_room': '', 'garden': '', 'yard': ''}",10.9,9.948,9520,8688.2096069869,6032501600029,1843358,PRO-ASP,HRB,淺水灣/壽臣山,1984/11,1984,42,D,25.0,blank,blank,blank,,True
3887,2006-03-13,"PARKVIEW SUITE(Block 3,HONG KONG PARKVIEW),TAI TAM RESERVOIR RD|陽明山莊,3座(陽明居),大潭水塘道",11159.893285799275,1290,1091,"{'bay_window': '', 'flat_roof': '', 'roof': '', 'ac_platform': '', 'plant_room': '', 'garden': '', 'yard': ''}",9.98,9.0652,9148,8309.074243813016,6033100460011,1848909,ASP,HRB,淺水灣/壽臣山,1989/05,1989,37,21,20.0,3,blank,HONG KONG PARKVIEW,陽明山莊,True
3888,2006-03-14,"MING WAI GARDEN,REPULSE BAY RD|明慧園,淺水灣道",15855.38452987132,0,1630,"{'bay_window': '', 'flat_roof': '', 'roof': '', 'ac_platform': '', 'plant_room': '', 'garden': '', 'yard': ''}",20.5,19.2423,12577,11805.092024539877,6033101820020,1848994,ASP,HRB,淺水灣/壽臣山,1973/12,1973,53,B,18.0,blank,blank,blank,,True
3889,2006-03-17,"GRAND GARDEN(Block 3),SOUTH BAY RD|華景園3座,南灣道",12459.01871165243,1657,1217,"{'bay_window': '', 'flat_roof': '', 'roof': '', 'ac_platform': '', 'plant_room': '', 'garden': '', 'yard': ''}",12.3,11.2893,10107,9276.33525061627,6040402580015,1850674,PRO-ASP,HRB,淺水灣/壽臣山,1986/12,1986,40,B,7.0,3,blank,GRAND GARDEN,華景園,True
3904,2006-03-27,"PARKVIEW CRESCENT(Block 10,HONG KONG PARKVIEW),TAI TAM RESERVOIR RD|陽明山莊,10座(環翠軒),大潭水塘道",13066.120863913167,2771,2342,"{'bay_window': '', 'flat_roof': '', 'roof': '', 'ac_platform': '', 'plant_room': '', 'garden': '', 'yard': ''}",23.8,22.7838,10162,9728.351836037575,6041302890010,1857343,ASP,HRB,淺水灣/壽臣山,1989/11,1989,37,63,1.0,10,blank,HONG KONG PARKVIEW,陽明山莊,True
3905,2006-04-03,"PARKVIEW SUITE(Block 4,HONG KONG PARKVIEW),TAI TAM RESERVOIR RD|陽明山莊,4座(陽明居),大潭水塘道",11352.413605496895,2105,1747,"{'bay_window': '', 'flat_roof': '', 'roof': '', 'ac_platform': '', 'plant_room': '', 'garden': '', 'yard': ''}",16.0,15.0841,9159,8634.287349742415,6041800840085,1857943,ASP,HRB,淺水灣/壽臣山,1989/11,1989,37,31,7.0,4,blank,HONG KONG PARKVIEW,陽明山莊,True
3915,2006-04-04,"SOUTH BAY TOWERS,SOUTH BAY RD|南灣大廈,南灣道",11895.557530100885,2738,2161,"{'bay_window': '107', 'flat_roof': '', 'roof': '', 'ac_platform': '', 'plant_room': '', 'garden': '', 'yard': ''}",20.5,19.5514,9486,9047.385469689958,6042801230096,1866989,PRO-ASP,HRB,淺水灣/壽臣山,1984/11,1984,42,B,4.0,blank,blank,blank,,True
3917,2006-04-03,"PARKVIEW SUITE(Block 4,HONG KONG PARKVIEW),TAI TAM RESERVOIR RD|陽明山莊,4座(陽明居),大潭水塘道",11465.209042129192,1903,1579,"{'bay_window': '', 'flat_roof': '', 'roof': '', 'ac_platform': '', 'plant_room': '', 'garden': '', 'yard': ''}",14.7,13.768999999999998,9310,8720.07599746675,6050300060018,1868388,ASP,HRB,淺水灣/壽臣山,1989/11,1989,37,33,2.0,4,blank,HONG KONG PARKVIEW,陽明山莊,True
3918,2006-03-17,"MONTE VERDE,REPULSE BAY RD|南山別墅,淺水灣道",17037.66603264486,2215,1960,"{'bay_window': '', 'flat_roof': '', 'roof': '', 'ac_platform': '', 'plant_room': '', 'garden': '', 'yard': ''}",26.2,24.8633,13367,12685.357142857143,6050300580013,1868418,PRO-ASP,HRB,淺水灣/壽臣山,1974/05,1974,52,B,2.0,blank,blank,blank,,True
3920,2006-04-12,"56 REPULSE BAY RD,REPULSE BAY RD|淺水灣道56號,淺水灣道",22195.14080487007,3265,2621,"{'bay_window': '', 'flat_roof': '', 'roof': '879', 'ac_platform': '', 'plant_room': '', 'garden': '', 'yard': ''}",46.0,44.2449,17551,16880.923311713086,6051000600324,1872699,PRO-ASP,HRB,淺水灣/壽臣山,1994/04,1994,32,8,0.0,blank,blank,blank,,True
3925,2006-04-10,"RIDGE COURT,REPULSE BAY RD|冠園,淺水灣道",14236.552514052875,0,1880,"{'bay_window': '', 'flat_roof': '', 'roof': '', 'ac_platform': '', 'plant_room': '', 'garden': '', 'yard': ''}",21.5,20.3564,11436,10827.872340425532,6051701400016,1877878,PRO-ASP,HRB,淺水灣/壽臣山,1962/08,1962,64,B,6.0,blank,blank,blank,,True
3926,2006-04-28,"33 ISLAND RD,ISLAND RD|香島道33號,香島道",44619.25078664582,6079,4812,"{'bay_window': '', 'flat_roof': '477', 'roof': '', 'ac_platform': '', 'plant_room': '2260', 'garden': '', 'yard': ''}",163.3,163.3,33936,33935.99334995844,6051701570012,1877880,PRO-ASP,HRB,淺水灣/壽臣山,2004/11,2004,22,2,0.0,blank,blank,blank,,False
3927,2006-04-27,"33 ISLAND RD,ISLAND RD|香島道33號,香島道",45029.10305964012,6079,4812,"{'bay_window': '', 'flat_roof': '477', 'roof': '', 'ac_platform': '', 'plant_room': '2260', 'garden': '', 'yard': ''}",164.8,164.8,34248,34247.7140482128,6051702010012,1877893,ASP,HRB,淺水灣/壽臣山,2004/11,2004,22,3,0.0,blank,blank,blank,,False
3928,2006-04-27,"37 REPULSE BAY RD(Block 2),REPULSE BAY RD|淺水灣道 37號2座,淺水灣道",16601.235298797696,1635,1236,"{'bay_window': '32', 'flat_roof': '', 'roof': '', 'ac_platform': '', 'plant_room': '', 'garden': '', 'yard': ''}",16.98,15.6062,13738,12626.375404530745,6051702840072,1877940,ASP,HRB,淺水灣/壽臣山,1994/02,1994,32,A,2.0,2,blank,37 REPULSE BAY RD,淺水灣道 37號,True
3931,2006-04-28,"MANHATTAN TOWER,REPULSE BAY RD|MANHATTAN TOWER,淺水灣道",20306.946592492615,2243,1999,"{'bay_window': '', 'flat_roof': '', 'roof': '', 'ac_platform': '', 'plant_room': '', 'garden': '', 'yard': ''}",32.5,30.8742,16258,15444.822411205603,6051801810088,1878947,ASP,HRB,淺水灣/壽臣山,1978/07,1978,48,A,7.0,blank,blank,blank,,True
3933,2006-04-24,"SOUTH BAY TOWERS,SOUTH BAY RD|南灣大廈,南灣道",14146.972829485345,2738,2161,"{'bay_window': '', 'flat_roof': '', 'roof': '', 'ac_platform': '', 'plant_room': '', 'garden': '', 'yard': ''}",24.38,23.2518,11282,10759.740860712633,6051802870013,1878990,PRO-ASP,HRB,淺水灣/壽臣山,1984/11,1984,42,C,28.0,blank,blank,blank,,True
3934,2006-04-24,"SOUTH BAY TOWERS,SOUTH BAY RD|南灣大廈,南灣道",12660.032455647948,1433,1145,"{'bay_window': '', 'flat_roof': '', 'roof': '', 'ac_platform': '', 'plant_room': '', 'garden': '', 'yard': ''}",12.08,11.025,10550,9628.82096069869,6051802870024,1878991,PRO-ASP,HRB,淺水灣/壽臣山,1984/11,1984,42,D,28.0,blank,blank,blank,,True
3935,2006-04-25,"PARKVIEW SUITE(Block 4,HONG KONG PARKVIEW),TAI TAM RESERVOIR RD|陽明山莊,4座(陽明居),大潭水塘道",11778.163923820799,2105,1747,"{'bay_window': '', 'flat_roof': '', 'roof': '', 'ac_platform': '', 'plant_room': '', 'garden': '', 'yard': ''}",16.6,15.6498,9502,8958.099599313107,6052001750099,1879907,PRO-ASP,HRB,淺水灣/壽臣山,1989/11,1989,37,31,17.0,4,blank,HONG KONG PARKVIEW,陽明山莊,True
3939,2006-05-10,"PARKVIEW SUITE(Block 5,HONG KONG PARKVIEW),TAI TAM RESERVOIR RD|陽明山莊,5座(陽明居),大潭水塘道",11668.938406369174,1312,1051,"{'bay_window': '', 'flat_roof': '', 'roof': '', 'ac_platform': '', 'plant_room': '', 'garden': '', 'yard': ''}",9.3,9.3,8849,8848.71550903901,6052401740018,1882840,ASP,HRB,淺水灣/壽臣山,1989/11,1989,37,39,2.0,5,blank,HONG KONG PARKVIEW,陽明山莊,False
3945,2006-05-12,"CELESTIAL GARDEN,REPULSE BAY RD|詩禮花園,淺水灣道",18389.830605456962,0,1962,"{'bay_window': '', 'flat_roof': '', 'roof': '', 'ac_platform': '', 'plant_room': '', 'garden': '', 'yard': ''}",28.83,27.3606,14694,13945.25993883792,6052701390221,1884959,ASP,HRB,淺水灣/壽臣山,1978/09,1978,48,B,5.0,blank,blank,blank,,True
3949,2006-05-19,"PARKVIEW RISE(Block 7,HONG KONG PARKVIEW),TAI TAM RESERVOIR RD|陽明山莊,7座(凌雲閣),大潭水塘道",13704.116791534836,1860,1466,"{'bay_window': '', 'flat_roof': '', 'roof': '', 'ac_platform': '', 'plant_room': '', 'garden': '', 'yard': ''}",16.35,15.234700000000002,11153,10392.019099590725,6060200700011,1891431,ASP,HRB,淺水灣/壽臣山,1988/00,1988,38,47,18.0,7,blank,HONG KONG PARKVIEW,陽明山莊,True
3952,2006-05-22,"PARKVIEW SUITE(Block 3,HONG KONG PARKVIEW),TAI TAM RESERVOIR RD|陽明山莊,3座(陽明居),大潭水塘道",12528.726040465182,1275,994,"{'bay_window': '', 'flat_roof': '', 'roof': '', 'ac_platform': '', 'plant_room': '', 'garden': '', 'yard': ''}",10.5,9.4437,10563,9500.704225352112,6060501180061,1892101,ASP,HRB,淺水灣/壽臣山,1989/05,1989,37,27,16.0,3,blank,HONG KONG PARKVIEW,陽明山莊,True
3955,2006-05-22,"PARKVIEW SUITE(Block 5,HONG KONG PARKVIEW),TAI TAM RESERVOIR RD|陽明山莊,5座(陽明居),大潭水塘道",11671.322383032842,1312,1051,"{'bay_window': '', 'flat_roof': '', 'roof': '', 'ac_platform': '', 'plant_room': '', 'garden': '', 'yard': ''}",10.28,9.3019,9781,8850.523311132254,6061402400045,1898815,ASP,HRB,淺水灣/壽臣山,1989/11,1989,37,39,11.0,5,blank,HONG KONG PARKVIEW,陽明山莊,True
3961,2006-05-29,"PARKVIEW SUITE(Block 5,HONG KONG PARKVIEW),TAI TAM RESERVOIR RD|陽明山莊,5座(陽明居),大潭水塘道",11951.614320701938,1309,1048,"{'bay_window': '', 'flat_roof': '', 'roof': '', 'ac_platform': '', 'plant_room': '', 'garden': '', 'yard': ''}",10.5,9.4981,10019,9063.07251908397,6061602480120,1901196,ASP,HRB,淺水灣/壽臣山,1989/11,1989,37,41,8.0,5,blank,HONG KONG PARKVIEW,陽明山莊,True
3964,2006-06-12,"PARK PLACE(Block C),TAI TAM RESERVOIR RD|雅柏苑C座,大潭水塘道",19141.903019699028,2288,2075,"{'bay_window': '', 'flat_roof': '', 'roof': '', 'ac_platform': '', 'plant_room': '', 'garden': '', 'yard': ''}",32.0,30.4578,15422,14678.4578313253,6062700820034,1907123,ASP,HRB,淺水灣/壽臣山,1985/01,1985,41,2,8.0,C,blank,PARK PLACE,雅柏苑,True
3973,2006-06-06,"RUBY COURT(Block 2),SOUTH BAY RD|嘉麟閣2座,南灣道",15658.08836675331,1780,1517,"{'bay_window': '50', 'flat_roof': '', 'roof': '', 'ac_platform': '', 'plant_room': '', 'garden': '', 'yard': ''}",19.5,18.2146,12854,12006.987475280159,6070300520017,1910695,ASP,HRB,淺水灣/壽臣山,1987/05,1987,39,A,15.0,2,blank,RUBY COURT,嘉麟閣,True
3974,2006-06-12,"REPULSE BAY GARDEN(Block 7),BELLEVIEW DR|淺水灣新村7座,麗景道",10597.607773054444,2288,2110,"{'bay_window': '', 'flat_roof': '', 'roof': '', 'ac_platform': '', 'plant_room': '', 'garden': '', 'yard': ''}",18.0,17.1469,8531,8126.4928909952605,6070601570033,1913155,ASP,HRB,淺水灣/壽臣山,1973/11,1973,53,whole floor,1.0,7,blank,REPULSE BAY GARDEN,淺水灣新村,True
3979,2006-07-05,"37 REPULSE BAY RD(Block 3),REPULSE BAY RD|淺水灣道 37號3座,淺水灣道",12981.843461444112,1220,882,"{'bay_window': '56', 'flat_roof': '', 'roof': '', 'ac_platform': '', 'plant_room': '', 'garden': '', 'yard': ''}",10.0,8.8662,11338,10052.380952380952,6071801780234,1919436,PRO-ASP,HRB,淺水灣/壽臣山,1994/02,1994,32,A,8.0,3,blank,37 REPULSE BAY RD,淺水灣道 37號,True
3983,2006-07-10,"37 REPULSE BAY RD(Block 2),REPULSE BAY RD|淺水灣道 37號2座,淺水灣道",16613.237631017357,1635,1236,"{'bay_window': '32', 'flat_roof': '', 'roof': '', 'ac_platform': '', 'plant_room': '', 'garden': '', 'yard': ''}",17.3,15.9003,13997,12864.320388349515,6072000220135,1922486,ASP,HRB,淺水灣/壽臣山,1994/02,1994,32,A,21.0,2,blank,37 REPULSE BAY RD,淺水灣道 37號,True
3984,2006-07-06,"PARKVIEW RISE(Block 6,HONG KONG PARKVIEW),TAI TAM RESERVOIR RD|陽明山莊,6座(凌雲閣),大潭水塘道",14648.2472977597,2722,2199,"{'bay_window': '', 'flat_roof': '', 'roof': '', 'ac_platform': '', 'plant_room': '', 'garden': '', 'yard': ''}",26.131,24.9427,11883,11342.74670304684,6072000300030,1922491,ASP,HRB,淺水灣/壽臣山,1989/11,1989,37,43,11.0,6,blank,HONG KONG PARKVIEW,陽明山莊,True
3993,2006-06-30,"TWIN BROOK,REPULSE BAY RD|雙溪,淺水灣道",14223.412126733137,2700,2440,"{'bay_window': '', 'flat_roof': '', 'roof': '', 'ac_platform': '', 'plant_room': '', 'garden': '', 'yard': ''}",27.75,26.6127,11373,10906.844262295082,6072901650019,1929868,PRO-ASP,HRB,淺水灣/壽臣山,1974/04,1974,52,B,8.0,blank,blank,blank,,True
3995,2006-07-12,"37 REPULSE BAY RD(Block 3),REPULSE BAY RD|淺水灣道 37號3座,淺水灣道",12176.975609291463,1220,882,"{'bay_window': '56', 'flat_roof': '', 'roof': '', 'ac_platform': '', 'plant_room': '', 'garden': '', 'yard': ''}",9.38,8.316500000000001,10635,9429.138321995466,6080101230158,1930698,ASP,HRB,淺水灣/壽臣山,1994/02,1994,32,A,7.0,3,blank,37 REPULSE BAY RD,淺水灣道 37號,True
4006,2006-07-31,"SOUTH BAY TOWERS,SOUTH BAY RD|南灣大廈,南灣道",12698.46303404183,2738,2161,"{'bay_window': '', 'flat_roof': '', 'roof': '', 'ac_platform': '', 'plant_room': '', 'garden': '', 'yard': ''}",22.28,21.249,10310,9832.947709393799,6081401100027,1939555,PRO-ASP,HRB,淺水灣/壽臣山,1984/11,1984,42,C,16.0,blank,blank,blank,,True
4007,2006-08-11,"TWIN BROOK,REPULSE BAY RD|雙溪,淺水灣道",14657.35094470473,2700,2440,"{'bay_window': '', 'flat_roof': '', 'roof': '', 'ac_platform': '', 'plant_room': '', 'garden': '', 'yard': ''}",28.5,27.332,11680,11201.639344262296,6081500220017,1940533,ASP,HRB,淺水灣/壽臣山,1974/04,1974,52,B,9.0,blank,blank,blank,,True
4011,2006-08-08,"37 REPULSE BAY RD(Block 3),REPULSE BAY RD|淺水灣道 37號3座,淺水灣道",12338.03242937328,1220,882,"{'bay_window': '56', 'flat_roof': '', 'roof': '', 'ac_platform': '', 'plant_room': '', 'garden': '', 'yard': ''}",9.38,8.316500000000001,10635,9429.138321995466,6082201910012,1945405,ASP,HRB,淺水灣/壽臣山,1994/02,1994,32,A,16.0,3,blank,37 REPULSE BAY RD,淺水灣道 37號,True
4013,2006-08-02,"RIDGE COURT,REPULSE BAY RD|冠園,淺水灣道",12652.573651279878,0,1880,"{'bay_window': '', 'flat_roof': '', 'roof': '', 'ac_platform': '', 'plant_room': '', 'garden': '', 'yard': ''}",19.2,18.1787,10213,9669.521276595744,6082400670016,1947052,ASP,HRB,淺水灣/壽臣山,1962/08,1962,64,D,1.0,blank,blank,blank,,True
4014,2006-08-14,"TWIN BROOK,REPULSE BAY RD|雙溪,淺水灣道",14657.35094470473,2700,2440,"{'bay_window': '', 'flat_roof': '', 'roof': '', 'ac_platform': '', 'plant_room': '', 'garden': '', 'yard': ''}",28.5,27.332,11680,11201.639344262296,6082401430014,1947082,ASP,HRB,淺水灣/壽臣山,1974/04,1974,52,B,16.0,blank,blank,blank,,True
4016,2006-08-08,"37 REPULSE BAY RD(Block 1),REPULSE BAY RD|淺水灣道 37號1座,淺水灣道",18146.94306147409,1745,1289,"{'bay_window': '44', 'flat_roof': '', 'roof': '', 'ac_platform': '', 'plant_room': '', 'garden': '', 'yard': ''}",19.38,17.8765,15035,13868.502715283164,6082402290142,1947114,ASP,HRB,淺水灣/壽臣山,1994/02,1994,32,B,19.0,1,blank,37 REPULSE BAY RD,淺水灣道 37號,True
4017,2006-08-11,"37 REPULSE BAY RD(Block 2),REPULSE BAY RD|淺水灣道 37號2座,淺水灣道",14964.863145932319,1635,1236,"{'bay_window': '32', 'flat_roof': '', 'roof': '', 'ac_platform': '', 'plant_room': '', 'garden': '', 'yard': ''}",15.38,14.1357,12443,11436.650485436894,6083000220018,1950058,PRO-ASP,HRB,淺水灣/壽臣山,1994/02,1994,32,A,1.0,2,blank,37 REPULSE BAY RD,淺水灣道 37號,True
4022,2006-08-23,"GROSVENOR PLACE,REPULSE BAY RD|GROSVENOR PLACE,淺水灣道",28497.899189728287,2809,2191,"{'bay_window': '', 'flat_roof': '', 'roof': '', 'ac_platform': '', 'plant_room': '', 'garden': '', 'yard': ''}",50.0,47.7179,22821,21779.050661798265,6090200470027,1953493,PRO-ASP,HRB,淺水灣/壽臣山,2003/09,2003,23,whole floor,12.0,blank,blank,blank,,True
4033,2006-09-12,"PINE CREST,REPULSE BAY RD|松苑,淺水灣道",19275.178695932485,2250,1862,"{'bay_window': '', 'flat_roof': '', 'roof': '', 'ac_platform': '', 'plant_room': '', 'garden': '', 'yard': ''}",28.8,27.2533,15467,14636.573576799141,6091601610026,1963953,ASP,HRB,淺水灣/壽臣山,1982/11,1982,44,B,8.0,blank,blank,blank,,True
4034,2006-09-05,"SOUTH BAY TOWERS,SOUTH BAY RD|南灣大廈,南灣道",11336.772998334718,1433,1145,"{'bay_window': '', 'flat_roof': '', 'roof': '', 'ac_platform': '', 'plant_room': '', 'garden': '', 'yard': ''}",10.8,9.8568,9432,8608.558951965066,6092002040223,1965970,ASP,HRB,淺水灣/壽臣山,1984/11,1984,42,D,11.0,blank,blank,blank,,True
4040,2006-09-29,"SOUTH BAY TOWERS,SOUTH BAY RD|南灣大廈,南灣道",15576.205816240292,2738,2161,"{'bay_window': '', 'flat_roof': '', 'roof': '', 'ac_platform': '', 'plant_room': '', 'garden': '', 'yard': ''}",26.8,25.5598,12402,11827.76492364646,6100301470017,1974642,PRO-ASP,HRB,淺水灣/壽臣山,1984/11,1984,42,C,27.0,blank,blank,blank,,True
4041,2006-09-25,"SEA CLIFF MANSION(Block B),REPULSE BAY RD|海峰園B座,淺水灣道",16474.104440037576,0,1941,"{'bay_window': '', 'flat_roof': '', 'roof': '', 'ac_platform': '', 'plant_room': '', 'garden': '', 'yard': ''}",25.6,24.2811,13189,12509.582689335393,6100400720016,1976074,ASP,HRB,淺水灣/壽臣山,1964/05,1964,62,B2,8.0,B,blank,SEA CLIFF MANSION,海峰園,True
4043,2006-09-22,"GRAND GARDEN(Block 1),SOUTH BAY RD|華景園1座,南灣道",13326.743363853097,3061,2663,"{'bay_window': '85', 'flat_roof': '', 'roof': '', 'ac_platform': '', 'plant_room': '', 'garden': '', 'yard': ''}",28.0,26.9486,10514,10119.639504318438,6101302200039,1982237,ASP,HRB,淺水灣/壽臣山,1986/12,1986,40,B,11.0,1,blank,GRAND GARDEN,華景園,True
4048,2006-10-11,"PARKVIEW SUITE(Block 4,HONG KONG PARKVIEW),TAI TAM RESERVOIR RD|陽明山莊,4座(陽明居),大潭水塘道",12460.079036850822,1903,1579,"{'bay_window': '', 'flat_roof': '', 'roof': '', 'ac_platform': '', 'plant_room': '', 'garden': '', 'yard': ''}",16.38,15.3426,10374,9716.656111462951,6101800410013,1984429,ASP,HRB,淺水灣/壽臣山,1989/11,1989,37,33,19.0,4,blank,HONG KONG PARKVIEW,陽明山莊,True
4053,2006-10-16,"SOUTH BAY TOWERS,SOUTH BAY RD|南灣大廈,南灣道",13582.621741709085,2738,2161,"{'bay_window': '', 'flat_roof': '', 'roof': '', 'ac_platform': '', 'plant_room': '', 'garden': '', 'yard': ''}",24.0,22.8894,11106,10592.040721888015,6102001530068,1987044,MEM-ASP,HRB,淺水灣/壽臣山,1984/11,1984,42,B,27.0,blank,blank,blank,,True
4061,2006-10-16,"SOUTH BAY TOWERS,SOUTH BAY RD|南灣大廈,南灣道",12265.687987996145,1433,1145,"{'bay_window': '', 'flat_roof': '', 'roof': '', 'ac_platform': '', 'plant_room': '', 'garden': '', 'yard': ''}",12.0,10.952,10480,9565.065502183406,6102702390081,1991553,ASP,HRB,淺水灣/壽臣山,1984/11,1984,42,D,27.0,blank,blank,blank,,True
4064,2006-11-02,"PARKVIEW SUITE(Block 3,HONG KONG PARKVIEW),TAI TAM RESERVOIR RD|陽明山莊,3座(陽明居),大潭水塘道",12195.48040410984,1235,1012,"{'bay_window': '', 'flat_roof': '', 'roof': '', 'ac_platform': '', 'plant_room': '', 'garden': '', 'yard': ''}",10.4,9.3723,10277,9261.166007905138,6110801760070,1998517,ASP,HRB,淺水灣/壽臣山,1989/05,1989,37,25,19.0,3,blank,HONG KONG PARKVIEW,陽明山莊,True
4065,2006-10-31,"PARKVIEW HEIGHTS(Block 13,HONG KONG PARKVIEW),TAI TAM RESERVOIR RD|陽明山莊,13座(摘星樓),大潭水塘道",12129.95510218279,2700,2327,"{'bay_window': '', 'flat_roof': '', 'roof': '', 'ac_platform': '', 'plant_room': '', 'garden': '', 'yard': ''}",23.0,22.0116,9884,9459.217877094972,6110802120057,1998543,ASP,HRB,淺水灣/壽臣山,1989/11,1989,37,73,3.0,13,blank,HONG KONG PARKVIEW,陽明山莊,True
4071,2006-10-31,"PARKVIEW SUITE(Block 5,HONG KONG PARKVIEW),TAI TAM RESERVOIR RD|陽明山莊,5座(陽明居),大潭水塘道",12805.31488387636,1299,1041,"{'bay_window': '', 'flat_roof': '', 'roof': '', 'ac_platform': '', 'plant_room': '', 'garden': '', 'yard': ''}",11.5,10.3953,11047,9985.878962536022,6111601230023,2003912,ASP,HRB,淺水灣/壽臣山,1989/11,1989,37,35,23.0,5,blank,HONG KONG PARKVIEW,陽明山莊,True
4074,2006-11-03,"REPULSE BAY GARDEN(Block 12),BELLEVIEW DR|淺水灣新村12座,麗景道",15552.980865508081,1728,1459,"{'bay_window': '', 'flat_roof': '', 'roof': '', 'ac_platform': '', 'plant_room': '', 'garden': '', 'yard': ''}",18.5,17.232,12680,11810.82933516107,6112001190016,2005305,ASP,HRB,淺水灣/壽臣山,1976/12,1976,50,whole floor,13.0,12,blank,REPULSE BAY GARDEN,淺水灣新村,True
4076,2006-10-23,"SOUTH BAY TOWERS,SOUTH BAY RD|南灣大廈,南灣道",11754.542991856495,1433,1145,"{'bay_window': '', 'flat_roof': '', 'roof': '', 'ac_platform': '', 'plant_room': '', 'garden': '', 'yard': ''}",11.5,10.4956,10044,9166.46288209607,6112102440018,2006726,PRO-ASP,HRB,淺水灣/壽臣山,1984/11,1984,42,D,20.0,blank,blank,blank,,True
4078,2006-11-15,"CELESTIAL GARDEN,REPULSE BAY RD|詩禮花園,淺水灣道",20701.313140524497,0,1962,"{'bay_window': '', 'flat_roof': '', 'roof': '', 'ac_platform': '', 'plant_room': '', 'garden': '', 'yard': ''}",32.5,30.8435,16565,15720.438328236494,6112501310031,2010566,ASP,HRB,淺水灣/壽臣山,1978/09,1978,48,B,12.0,blank,blank,blank,,True
4079,2006-11-03,"PARKVIEW RISE(Block 8,HONG KONG PARKVIEW),TAI TAM RESERVOIR RD|陽明山莊,8座(凌雲閣),大潭水塘道",12753.38833120564,2366,1939,"{'bay_window': '', 'flat_roof': '', 'roof': '', 'ac_platform': '', 'plant_room': '', 'garden': '', 'yard': ''}",19.8,18.7789,10211,9684.837545126355,6112800880018,2011313,PRO-ASP,HRB,淺水灣/壽臣山,1988/08,1988,38,53,17.0,8,blank,HONG KONG PARKVIEW,陽明山莊,True
4083,2006-11-24,"MING WAI GARDEN,REPULSE BAY RD|明慧園,淺水灣道",15317.927371134187,0,1630,"{'bay_window': '', 'flat_roof': '', 'roof': '', 'ac_platform': '', 'plant_room': '', 'garden': '', 'yard': ''}",20.2,18.9607,12393,11632.331288343557,6112901120033,2012200,ASP,HRB,淺水灣/壽臣山,1973/12,1973,53,A,18.0,blank,blank,blank,,True
4084,2006-11-21,"MANHATTAN TOWER,REPULSE BAY RD|MANHATTAN TOWER,淺水灣道",24336.586485979005,2243,1999,"{'bay_window': '', 'flat_roof': '', 'roof': '', 'ac_platform': '', 'plant_room': '', 'garden': '', 'yard': ''}",38.889,36.9436,19454,18481.04052026013,6112901560047,2012224,ASP,HRB,淺水灣/壽臣山,1978/07,1978,48,A,17.0,blank,blank,blank,,True
4086,2006-11-17,"37 REPULSE BAY RD(Block 1),REPULSE BAY RD|淺水灣道 37號1座,淺水灣道",18093.023554402076,1745,1289,"{'bay_window': '44', 'flat_roof': '', 'roof': '', 'ac_platform': '', 'plant_room': '', 'garden': '', 'yard': ''}",19.2,17.7105,14895,13739.720713731575,6120101140013,2013823,ASP,HRB,淺水灣/壽臣山,1994/02,1994,32,B,17.0,1,blank,37 REPULSE BAY RD,淺水灣道 37號,True
4090,2006-11-24,"PARKVIEW SUITE(Block 5,HONG KONG PARKVIEW),TAI TAM RESERVOIR RD|陽明山莊,5座(陽明居),大潭水塘道",11691.926318207703,1299,1041,"{'bay_window': '', 'flat_roof': '', 'roof': '', 'ac_platform': '', 'plant_room': '', 'garden': '', 'yard': ''}",10.225,9.2428,9822,8878.770413064361,6120200340050,2015072,ASP,HRB,淺水灣/壽臣山,1989/11,1989,37,35,5.0,5,blank,HONG KONG PARKVIEW,陽明山莊,True
4091,2006-11-10,"SOUTH BAY TOWERS,SOUTH BAY RD|南灣大廈,南灣道",12611.423714689436,1433,1145,"{'bay_window': '', 'flat_roof': '', 'roof': '', 'ac_platform': '', 'plant_room': '', 'garden': '', 'yard': ''}",12.015,10.9657,10493,9577.03056768559,6120200790117,2015100,ASP,HRB,淺水灣/壽臣山,1984/11,1984,42,D,26.0,blank,blank,blank,,True
4092,2006-11-05,"SOUTH BAY TOWERS,SOUTH BAY RD|南灣大廈,南灣道",11336.100866424473,1433,1145,"{'bay_window': '', 'flat_roof': '', 'roof': '', 'ac_platform': '', 'plant_room': '', 'garden': '', 'yard': ''}",10.8,9.8568,9432,8608.558951965066,6120501620010,2016044,PRO-ASP,HRB,淺水灣/壽臣山,1984/11,1984,42,D,8.0,blank,blank,blank,,True
4094,2006-11-21,"PARKVIEW SUITE(Block 5,HONG KONG PARKVIEW),TAI TAM RESERVOIR RD|陽明山莊,5座(陽明居),大潭水塘道",12430.09145122325,1263,1012,"{'bay_window': '', 'flat_roof': '', 'roof': '', 'ac_platform': '', 'plant_room': '', 'garden': '', 'yard': ''}",10.6,9.5526,10474,9439.328063241106,6120700680061,2017654,ASP,HRB,淺水灣/壽臣山,1989/11,1989,37,37,11.0,5,blank,HONG KONG PARKVIEW,陽明山莊,True
4096,2006-11-15,"SOUTH BAY TOWERS,SOUTH BAY RD|南灣大廈,南灣道",12595.667629360523,1433,1145,"{'bay_window': '', 'flat_roof': '', 'roof': '', 'ac_platform': '', 'plant_room': '', 'garden': '', 'yard': ''}",12.0,10.952,10480,9565.065502183406,6120800530029,2017949,PRO-ASP,HRB,淺水灣/壽臣山,1984/11,1984,42,A,10.0,blank,blank,blank,,True
4098,2006-11-21,"SOUTH BAY TOWERS,SOUTH BAY RD|南灣大廈,南灣道",13018.137336608854,2738,2161,"{'bay_window': '', 'flat_roof': '', 'roof': '', 'ac_platform': '', 'plant_room': '', 'garden': '', 'yard': ''}",22.4,21.3634,10366,9885.88616381305,6120801740010,2018607,ASP,HRB,淺水灣/壽臣山,1984/11,1984,42,B,6.0,blank,blank,blank,,True
4100,2006-11-15,"SPLENDOUR VILLA,SOUTH BAY RD|雅景閣,南灣道",20560.890819195873,0,1094,"{'bay_window': '', 'flat_roof': '', 'roof': '', 'ac_platform': '', 'plant_room': '', 'garden': '', 'yard': ''}",18.8,17.081500000000002,17185,15613.802559414995,6120900960152,2019828,PRO-ASP,HRB,淺水灣/壽臣山,1993/08,1993,33,H,1.0,blank,blank,blank,,True
4108,2006-12-06,"PARKVIEW SUITE(Block 3,HONG KONG PARKVIEW),TAI TAM RESERVOIR RD|陽明山莊,3座(陽明居),大潭水塘道",11862.915264217532,1235,1012,"{'bay_window': '', 'flat_roof': '', 'roof': '', 'ac_platform': '', 'plant_room': '', 'garden': '', 'yard': ''}",10.3,9.2822,10178,9172.134387351778,6121501330097,2023340,ASP,HRB,淺水灣/壽臣山,1989/05,1989,37,25,12.0,3,blank,HONG KONG PARKVIEW,陽明山莊,True
4119,2006-12-18,"MING WAI GARDEN,REPULSE BAY RD|明慧園,淺水灣道",15231.075858676562,0,1630,"{'bay_window': '', 'flat_roof': '', 'roof': '', 'ac_platform': '', 'plant_room': '', 'garden': '', 'yard': ''}",20.45,19.1954,12546,11776.319018404907,7010200780079,2031404,ASP,HRB,淺水灣/壽臣山,1973/12,1973,53,B,12.0,blank,blank,blank,,True
4121,2006-12-05,"PARKVIEW CRESCENT(Block 10,HONG KONG PARKVIEW),TAI TAM RESERVOIR RD|陽明山莊,10座(環翠軒),大潭水塘道",13481.035650295064,2771,2342,"{'bay_window': '', 'flat_roof': '', 'roof': '', 'ac_platform': '', 'plant_room': '', 'garden': '', 'yard': ''}",25.5,24.4112,10888,10423.22801024765,7010201710038,2031437,ASP,HRB,淺水灣/壽臣山,1989/11,1989,37,61,17.0,10,blank,HONG KONG PARKVIEW,陽明山莊,True
4128,2006-12-20,"SEA CLIFF MANSION(Block A),REPULSE BAY RD|海峰園A座,淺水灣道",14220.215546722788,0,1941,"{'bay_window': '', 'flat_roof': '', 'roof': '', 'ac_platform': '', 'plant_room': '', 'garden': '', 'yard': ''}",22.5,21.3408,11592,10994.744976816075,7010600770038,2036175,ASP,HRB,淺水灣/壽臣山,1964/05,1964,62,A1,4.0,A,blank,SEA CLIFF MANSION,海峰園,True
4130,2006-12-13,"RIDGE COURT,REPULSE BAY RD|冠園,淺水灣道",14720.898671913961,0,1880,"{'bay_window': '', 'flat_roof': '', 'roof': '', 'ac_platform': '', 'plant_room': '', 'garden': '', 'yard': ''}",22.6,21.3979,12021,11381.86170212766,7010800680107,2035625,PRO-ASP,HRB,淺水灣/壽臣山,1962/08,1962,64,D,4.0,blank,blank,blank,,True
4132,2006-12-22,"REPULSE BAY GARDEN(Block 5),BELLEVIEW DR|淺水灣新村5座,麗景道",14306.023922093109,2288,2110,"{'bay_window': '', 'flat_roof': '', 'roof': '', 'ac_platform': '', 'plant_room': '', 'garden': '', 'yard': ''}",24.5,23.3389,11611,11061.090047393365,7011101290018,2038985,ASP,HRB,淺水灣/壽臣山,1973/11,1973,53,whole floor,8.0,5,blank,REPULSE BAY GARDEN,淺水灣新村,True
4133,2006-12-21,"37 REPULSE BAY RD(Block 2),REPULSE BAY RD|淺水灣道 37號2座,淺水灣道",17005.736802266358,1680,1255,"{'bay_window': '44', 'flat_roof': '', 'roof': '', 'ac_platform': '', 'plant_room': '', 'garden': '', 'yard': ''}",17.93,16.5013,14287,13148.446215139442,7011102370173,2039036,ASP,HRB,淺水灣/壽臣山,1994/02,1994,32,B,5.0,2,blank,37 REPULSE BAY RD,淺水灣道 37號,True
4142,2006-12-28,"PARKVIEW SUITE(Block 3,HONG KONG PARKVIEW),TAI TAM RESERVOIR RD|陽明山莊,3座(陽明居),大潭水塘道",11609.610034275503,1235,1012,"{'bay_window': '', 'flat_roof': '', 'roof': '', 'ac_platform': '', 'plant_room': '', 'garden': '', 'yard': ''}",10.08,9.084,9960,8976.284584980238,7011200340097,2040091,ASP,HRB,淺水灣/壽臣山,1989/05,1989,37,25,3.0,3,blank,HONG KONG PARKVIEW,陽明山莊,True
4146,2007-01-03,"REPULSE BAY GARDEN(Block 11),BELLEVIEW DR|淺水灣新村11座,麗景道",15945.055696813333,1728,1459,"{'bay_window': '', 'flat_roof': '', 'roof': '', 'ac_platform': '', 'plant_room': '', 'garden': '', 'yard': ''}",20.0,18.6292,13708,12768.471555860178,7011601990037,2041856,ASP,HRB,淺水灣/壽臣山,1976/12,1976,50,whole floor,18.0,11,blank,REPULSE BAY GARDEN,淺水灣新村,True
4147,2007-01-12,"PARKVIEW RISE(Block 7,HONG KONG PARKVIEW),TAI TAM RESERVOIR RD|陽明山莊,7座(凌雲閣),大潭水塘道",12449.06066588782,2092,1649,"{'bay_window': '', 'flat_roof': '', 'roof': '', 'ac_platform': '', 'plant_room': '', 'garden': '', 'yard': ''}",17.5,16.4388,10612,9968.9508793208,7011602320027,2042469,ASP,HRB,淺水灣/壽臣山,1988/00,1988,38,49,2.0,7,blank,HONG KONG PARKVIEW,陽明山莊,True
4148,2007-01-10,"PARKVIEW SUITE(Block 3,HONG KONG PARKVIEW),TAI TAM RESERVOIR RD|陽明山莊,3座(陽明居),大潭水塘道",10230.769302590426,1235,1012,"{'bay_window': '', 'flat_roof': '', 'roof': '', 'ac_platform': '', 'plant_room': '', 'garden': '', 'yard': ''}",9.2,8.290899999999999,9091,8192.588932806324,7011801190010,2044622,ASP,HRB,淺水灣/壽臣山,1989/05,1989,37,25,17.0,3,blank,HONG KONG PARKVIEW,陽明山莊,True
4151,2007-01-04,"PARKVIEW HEIGHTS(Block 13,HONG KONG PARKVIEW),TAI TAM RESERVOIR RD|陽明山莊,13座(摘星樓),大潭水塘道",14313.676949756984,2700,2327,"{'bay_window': '', 'flat_roof': '', 'roof': '', 'ac_platform': '', 'plant_room': '', 'garden': '', 'yard': ''}",27.87,26.6723,11977,11462.097120756338,7012000390015,2047083,ASP,HRB,淺水灣/壽臣山,1989/11,1989,37,73,18.0,13,blank,HONG KONG PARKVIEW,陽明山莊,True
4155,2007-01-18,"37 REPULSE BAY RD(Block 2),REPULSE BAY RD|淺水灣道 37號2座,淺水灣道",16139.111344461242,1635,1236,"{'bay_window': '32', 'flat_roof': '', 'roof': '', 'ac_platform': '', 'plant_room': '', 'garden': '', 'yard': ''}",17.38,15.9739,14061,12923.867313915858,7012402360112,2050336,ASP,HRB,淺水灣/壽臣山,1994/02,1994,32,A,14.0,2,blank,37 REPULSE BAY RD,淺水灣道 37號,True
4156,2006-12-20,"37 REPULSE BAY RD(Block 3),REPULSE BAY RD|淺水灣道 37號3座,淺水灣道",11805.252709144752,1220,882,"{'bay_window': '44', 'flat_roof': '25', 'roof': '', 'ac_platform': '', 'plant_room': '', 'garden': '', 'yard': ''}",9.08,8.0505,10295,9127.551020408164,7012700050019,2053797,ASP,HRB,淺水灣/壽臣山,1994/02,1994,32,A,1.0,3,blank,37 REPULSE BAY RD,淺水灣道 37號,True
4160,2007-01-18,"PARKVIEW SUITE(Block 5,HONG KONG PARKVIEW),TAI TAM RESERVOIR RD|陽明山莊,5座(陽明居),大潭水塘道",12452.086676035458,1309,1048,"{'bay_window': '', 'flat_roof': '', 'roof': '', 'ac_platform': '', 'plant_room': '', 'garden': '', 'yard': ''}",10.45,10.45,9971,9971.374045801527,7012901660118,2052833,ASP,HRB,淺水灣/壽臣山,1989/11,1989,37,41,7.0,5,blank,HONG KONG PARKVIEW,陽明山莊,False
4165,2007-01-19,"PARKVIEW SUITE(Block 3,HONG KONG PARKVIEW),TAI TAM RESERVOIR RD|陽明山莊,3座(陽明居),大潭水塘道",10480.280437467209,1290,1091,"{'bay_window': '', 'flat_roof': '', 'roof': '', 'ac_platform': '', 'plant_room': '', 'garden': '', 'yard': ''}",10.08,9.1561,9239,8392.392300641613,7020201650011,2057779,ASP,HRB,淺水灣/壽臣山,1989/05,1989,37,21,2.0,3,blank,HONG KONG PARKVIEW,陽明山莊,True
4171,2007-02-01,"GROSVENOR PLACE,REPULSE BAY RD|GROSVENOR PLACE,淺水灣道",32556.84722403297,2809,2191,"{'bay_window': '', 'flat_roof': '', 'roof': '', 'ac_platform': '', 'plant_room': '', 'garden': '', 'yard': ''}",58.989,56.2967,26923,25694.52304883615,7021200960026,2063417,ASP,HRB,淺水灣/壽臣山,2003/09,2003,23,whole floor,26.0,blank,blank,blank,,True
4176,2007-02-02,"SEA CLIFF MANSION(Block A),REPULSE BAY RD|海峰園A座,淺水灣道",13931.149132329141,0,1941,"{'bay_window': '', 'flat_roof': '', 'roof': '', 'ac_platform': '', 'plant_room': '', 'garden': '', 'yard': ''}",22.5,21.3408,11592,10994.744976816075,7021500720034,2067367,ASP,HRB,淺水灣/壽臣山,1964/05,1964,62,A2,4.0,A,blank,SEA CLIFF MANSION,海峰園,True
4179,2007-02-06,"37 REPULSE BAY RD(Block 3),REPULSE BAY RD|淺水灣道 37號3座,淺水灣道",16030.985400550151,1765,1289,"{'bay_window': '56', 'flat_roof': '', 'roof': '', 'ac_platform': '', 'plant_room': '', 'garden': '', 'yard': ''}",17.68,16.3084,13716,12651.978277734677,7022100880029,2069539,ASP,HRB,淺水灣/壽臣山,1994/02,1994,32,B,1.0,3,blank,37 REPULSE BAY RD,淺水灣道 37號,True
4181,2007-02-14,"MONTE VERDE,REPULSE BAY RD|南山別墅,淺水灣道",21471.91669987197,2215,1960,"{'bay_window': '', 'flat_roof': '', 'roof': '', 'ac_platform': '', 'plant_room': '', 'garden': '', 'yard': ''}",35.0,33.2143,17857,16946.071428571428,7022301510199,2071451,ASP,HRB,淺水灣/壽臣山,1974/05,1974,52,A,6.0,blank,blank,blank,,True
4186,2007-02-14,"MING WAI GARDEN,REPULSE BAY RD|明慧園,淺水灣道",15760.527729396508,0,1630,"{'bay_window': '', 'flat_roof': '', 'roof': '', 'ac_platform': '', 'plant_room': '', 'garden': '', 'yard': ''}",21.6,20.274800000000003,13252,12438.527607361966,7022801460044,2075176,ASP,HRB,淺水灣/壽臣山,1973/12,1973,53,A,7.0,blank,blank,blank,,True
4187,2007-01-29,"PARKVIEW HEIGHTS(Block 14,HONG KONG PARKVIEW),TAI TAM RESERVOIR RD|陽明山莊,14座(摘星樓),大潭水塘道",13808.300155115188,2045,1655,"{'bay_window': '', 'flat_roof': '', 'roof': '', 'ac_platform': '', 'plant_room': '', 'garden': '', 'yard': ''}",18.3,18.3,11057,11057.401812688822,7022802960014,2074572,ASP,HRB,淺水灣/壽臣山,1988/00,1988,38,79,2.0,14,blank,HONG KONG PARKVIEW,陽明山莊,False
4188,2007-02-15,"37 REPULSE BAY RD(Block 3),REPULSE BAY RD|淺水灣道 37號3座,淺水灣道",16774.51863231882,1740,1289,"{'bay_window': '44', 'flat_roof': '', 'roof': '', 'ac_platform': '', 'plant_room': '', 'garden': '', 'yard': ''}",18.5,17.064799999999998,14352,13238.789759503492,7030101800038,2076154,ASP,HRB,淺水灣/壽臣山,1994/02,1994,32,B,14.0,3,blank,37 REPULSE BAY RD,淺水灣道 37號,True
4196,2007-02-16,"PARKVIEW RISE(Block 6,HONG KONG PARKVIEW),TAI TAM RESERVOIR RD|陽明山莊,6座(凌雲閣),大潭水塘道",15433.585681244534,2583,2087,"{'bay_window': '', 'flat_roof': '', 'roof': '', 'ac_platform': '', 'plant_room': '', 'garden': '', 'yard': ''}",26.7,25.4207,12793,12180.498322951606,7030901890026,2081591,PRO-ASP,HRB,淺水灣/壽臣山,1989/11,1989,37,45,18.0,6,blank,HONG KONG PARKVIEW,陽明山莊,True
4198,2007-02-22,"SPLENDOUR VILLA,SOUTH BAY RD|雅景閣,南灣道",26661.419711107977,0,3937,"{'bay_window': '', 'flat_roof': '', 'roof': '', 'ac_platform': '', 'plant_room': '', 'garden': '', 'yard': ''}",85.0,82.8413,21587,21041.732283464567,7030902330114,2081669,ASP,HRB,淺水灣/壽臣山,1993/08,1993,33,D,0.0,blank,blank,blank,,True
4200,2007-02-13,"37 REPULSE BAY RD(Block 2),REPULSE BAY RD|淺水灣道 37號2座,淺水灣道",16709.787026352406,1635,1236,"{'bay_window': '32', 'flat_roof': '', 'roof': '', 'ac_platform': '', 'plant_room': '', 'garden': '', 'yard': ''}",16.3,16.3,13188,13187.702265372169,7031301410032,2083620,PRO-ASP,HRB,淺水灣/壽臣山,1994/02,1994,32,A,15.0,2,blank,37 REPULSE BAY RD,淺水灣道 37號,False
4201,2007-02-15,"PARKVIEW TERR(Block 11,HONG KONG PARKVIEW),TAI TAM RESERVOIR RD|陽明山莊,11座(涵碧苑),大潭水塘道",17352.103620886675,2490,2049,"{'bay_window': '', 'flat_roof': '', 'roof': '', 'ac_platform': '', 'plant_room': '', 'garden': '', 'yard': ''}",29.5,28.0603,14397,13694.631527574427,7031400920181,2084971,PRO-ASP,HRB,淺水灣/壽臣山,1989/11,1989,37,67,6.0,11,blank,HONG KONG PARKVIEW,陽明山莊,True
4202,2007-03-01,"MING WAI GARDEN,REPULSE BAY RD|明慧園,淺水灣道",16747.88174775923,0,1630,"{'bay_window': '', 'flat_roof': '', 'roof': '', 'ac_platform': '', 'plant_room': '', 'garden': '', 'yard': ''}",23.0,21.589,14110,13244.78527607362,7031500200031,2085637,ASP,HRB,淺水灣/壽臣山,1973/12,1973,53,A,9.0,blank,blank,blank,,True
4203,2007-02-22,"PARKVIEW HEIGHTS(Block 13,HONG KONG PARKVIEW),TAI TAM RESERVOIR RD|陽明山莊,13座(摘星樓),大潭水塘道",14851.60334175345,2700,2327,"{'bay_window': '', 'flat_roof': '', 'roof': '', 'ac_platform': '', 'plant_room': '', 'garden': '', 'yard': ''}",28.5,27.2752,12248,11721.186076493339,7031500900016,2085669,PRO-ASP,HRB,淺水灣/壽臣山,1989/11,1989,37,73,19.0,13,blank,HONG KONG PARKVIEW,陽明山莊,True
4205,2007-03-01,"PARKVIEW SUITE(Block 3,HONG KONG PARKVIEW),TAI TAM RESERVOIR RD|陽明山莊,3座(陽明居),大潭水塘道",12086.008804919047,1290,1091,"{'bay_window': '', 'flat_roof': '', 'roof': '', 'ac_platform': '', 'plant_room': '', 'garden': '', 'yard': ''}",11.48,10.4278,10522,9558.020164986252,7032002220122,2088273,ASP,HRB,淺水灣/壽臣山,1989/05,1989,37,21,21.0,3,blank,HONG KONG PARKVIEW,陽明山莊,True
4206,2007-03-10,"PARKVIEW SUITE(Block 3,HONG KONG PARKVIEW),TAI TAM RESERVOIR RD|陽明山莊,3座(陽明居),大潭水塘道",11879.571764350881,1235,1012,"{'bay_window': '', 'flat_roof': '', 'roof': '', 'ac_platform': '', 'plant_room': '', 'garden': '', 'yard': ''}",10.55,9.5075,10425,9394.762845849802,7032400670077,2092229,PRO-ASP,HRB,淺水灣/壽臣山,1989/05,1989,37,25,16.0,3,blank,HONG KONG PARKVIEW,陽明山莊,True
4214,2007-03-15,"PARKVIEW HEIGHTS(Block 13,HONG KONG PARKVIEW),TAI TAM RESERVOIR RD|陽明山莊,13座(摘星樓),大潭水塘道",13978.87675038712,2700,2327,"{'bay_window': '', 'flat_roof': '', 'roof': '', 'ac_platform': '', 'plant_room': '', 'garden': '', 'yard': ''}",26.88,25.7249,11551,11054.963472281908,7040201720012,2096874,ASP,HRB,淺水灣/壽臣山,1989/11,1989,37,73,7.0,13,blank,HONG KONG PARKVIEW,陽明山莊,True
4215,2007-03-19,"PARKVIEW SUITE(Block 3,HONG KONG PARKVIEW),TAI TAM RESERVOIR RD|陽明山莊,3座(陽明居),大潭水塘道",11841.924259908055,1275,994,"{'bay_window': '', 'flat_roof': '', 'roof': '', 'ac_platform': '', 'plant_room': '', 'garden': '', 'yard': ''}",10.35,9.3088,10412,9364.989939637828,7040300270014,2098548,ASP,HRB,淺水灣/壽臣山,1989/05,1989,37,27,8.0,3,blank,HONG KONG PARKVIEW,陽明山莊,True
4219,2007-03-30,"PINE CREST,REPULSE BAY RD|松苑,淺水灣道",23134.71098773821,2250,1862,"{'bay_window': '', 'flat_roof': '', 'roof': '', 'ac_platform': '', 'plant_room': '', 'garden': '', 'yard': ''}",36.0,34.0666,19334,18295.703544575725,7041100930023,2101260,ASP,HRB,淺水灣/壽臣山,1982/11,1982,44,B,6.0,blank,blank,blank,,True
4231,2007-03-22,"THE BEACHSIDE(Block A),REPULSE BAY RD|THE BEACHSIDEA座,淺水灣道",12613.14357314078,969,721,"{'bay_window': '8', 'flat_roof': '', 'roof': '', 'ac_platform': '', 'plant_room': '210', 'garden': '', 'yard': ''}",8.35,7.1919,11581,9974.8959778086,7042100720019,2112245,PRO-ASP,HRB,淺水灣/壽臣山,1993/12,1993,33,C,1.0,A,blank,THE BEACHSIDE,THE BEACHSIDE,True
4232,2007-04-04,"PINE CREST,REPULSE BAY RD|松苑,淺水灣道",21298.431487325335,2250,1862,"{'bay_window': '', 'flat_roof': '', 'roof': '', 'ac_platform': '', 'plant_room': '', 'garden': '', 'yard': ''}",33.99,32.164500000000004,18255,17274.167561761547,7042101580173,2112315,PRO-ASP,HRB,淺水灣/壽臣山,1982/11,1982,44,A,5.0,blank,blank,blank,,True
4236,2007-04-18,"PARKVIEW CRESCENT(Block 10,HONG KONG PARKVIEW),TAI TAM RESERVOIR RD|陽明山莊,10座(環翠軒),大潭水塘道",13103.430493878539,2771,2342,"{'bay_window': '', 'flat_roof': '', 'roof': '', 'ac_platform': '', 'plant_room': '', 'garden': '', 'yard': ''}",26.0,24.8898,11102,10627.583262169086,7042600280017,2115826,ASP,HRB,淺水灣/壽臣山,1989/11,1989,37,61,15.0,10,blank,HONG KONG PARKVIEW,陽明山莊,True
4239,2007-04-10,"PARKVIEW SUITE(Block 4,HONG KONG PARKVIEW),TAI TAM RESERVOIR RD|陽明山莊,4座(陽明居),大潭水塘道",12346.040630179969,1903,1579,"{'bay_window': '', 'flat_roof': '', 'roof': '', 'ac_platform': '', 'plant_room': '', 'garden': '', 'yard': ''}",16.88,15.811,10690,10013.299556681444,7042702220018,2117485,ASP,HRB,淺水灣/壽臣山,1989/11,1989,37,33,20.0,4,blank,HONG KONG PARKVIEW,陽明山莊,True
4242,2007-03-30,"REPULSE BAY GARDEN(Block 12),BELLEVIEW DR|淺水灣新村12座,麗景道",16387.739307672287,1728,1459,"{'bay_window': '', 'flat_roof': '', 'roof': '', 'ac_platform': '', 'plant_room': '', 'garden': '', 'yard': ''}",20.3,18.9086,13914,12959.972583961617,7050301910509,2121312,PRO-ASP,HRB,淺水灣/壽臣山,1976/12,1976,50,whole floor,13.0,12,blank,REPULSE BAY GARDEN,淺水灣新村,True
4244,2007-04-17,"PARKVIEW RISE(Block 7,HONG KONG PARKVIEW),TAI TAM RESERVOIR RD|陽明山莊,7座(凌雲閣),大潭水塘道",12993.67887853663,2092,1649,"{'bay_window': '', 'flat_roof': '', 'roof': '', 'ac_platform': '', 'plant_room': '', 'garden': '', 'yard': ''}",18.5,17.3781,11219,10538.568829593692,7050302530108,2121361,ASP,HRB,淺水灣/壽臣山,1988/00,1988,38,49,21.0,7,blank,HONG KONG PARKVIEW,陽明山莊,True
4248,2007-04-19,"PARKVIEW SUITE(Block 3,HONG KONG PARKVIEW),TAI TAM RESERVOIR RD|陽明山莊,3座(陽明居),大潭水塘道",12271.839798974284,1275,994,"{'bay_window': '', 'flat_roof': '', 'roof': '', 'ac_platform': '', 'plant_room': '', 'garden': '', 'yard': ''}",11.0,9.8934,11066,9953.118712273641,7051000860015,2127307,PRO-ASP,HRB,淺水灣/壽臣山,1989/05,1989,37,27,10.0,3,blank,HONG KONG PARKVIEW,陽明山莊,True
4250,2007-05-03,"PARKVIEW SUITE(Block 5,HONG KONG PARKVIEW),TAI TAM RESERVOIR RD|陽明山莊,5座(陽明居),大潭水塘道",13766.730403828793,1309,1048,"{'bay_window': '', 'flat_roof': '', 'roof': '', 'ac_platform': '', 'plant_room': '', 'garden': '', 'yard': ''}",12.038,12.038,11487,11486.641221374046,7051002220069,2126781,ASP,HRB,淺水灣/壽臣山,1989/11,1989,37,41,23.0,5,blank,HONG KONG PARKVIEW,陽明山莊,False
4251,2007-04-17,"RIDGE COURT,REPULSE BAY RD|冠園,淺水灣道",12808.924822293528,0,1880,"{'bay_window': '', 'flat_roof': '', 'roof': '', 'ac_platform': '', 'plant_room': '', 'garden': '', 'yard': ''}",20.628,19.5308,10972,10388.72340425532,7051102390586,2128714,ASP,HRB,淺水灣/壽臣山,1962/08,1962,64,C,1.0,blank,blank,blank,,True
4252,2007-04-18,"RIDGE COURT,REPULSE BAY RD|冠園,淺水灣道",14406.007057903395,0,1880,"{'bay_window': '', 'flat_roof': '', 'roof': '', 'ac_platform': '', 'plant_room': '', 'garden': '', 'yard': ''}",23.2,21.966,12340,11684.04255319149,7051102590024,2128739,ASP,HRB,淺水灣/壽臣山,1962/08,1962,64,D,2.0,blank,blank,blank,,True
4256,2007-05-09,"GRAND GARDEN(Block 3),SOUTH BAY RD|華景園3座,南灣道",13377.39801849971,1657,1217,"{'bay_window': '', 'flat_roof': '', 'roof': '', 'ac_platform': '', 'plant_room': '', 'garden': '', 'yard': ''}",14.8,13.5839,12161,11161.79129005752,7051601010042,2132724,ASP,HRB,淺水灣/壽臣山,1986/12,1986,40,B,25.0,3,blank,GRAND GARDEN,華景園,True
4257,2007-05-04,"37 REPULSE BAY RD(Block 2),REPULSE BAY RD|淺水灣道 37號2座,淺水灣道",17138.25217736831,1680,1255,"{'bay_window': '44', 'flat_roof': '', 'roof': '', 'ac_platform': '', 'plant_room': '', 'garden': '', 'yard': ''}",19.5,17.9462,15538,14299.760956175298,7051601150020,2132734,ASP,HRB,淺水灣/壽臣山,1994/02,1994,32,B,12.0,2,blank,37 REPULSE BAY RD,淺水灣道 37號,True
4261,2007-04-24,"SOUTH BAY PALACE(Block 1),SOUTH BAY CLOSE|南灣御苑1座,南灣坊",17495.00501546678,0,1903,"{'bay_window': '', 'flat_roof': '', 'roof': '', 'ac_platform': '', 'plant_room': '', 'garden': '', 'yard': ''}",28.5,27.0024,14976,14189.385181292695,7051701580386,2133916,PRO-ASP,HRB,淺水灣/壽臣山,2000/01,2000,26,A,7.0,1,blank,SOUTH BAY PALACE,南灣御苑,True
4262,2007-04-30,"PARKVIEW RISE(Block 7,HONG KONG PARKVIEW),TAI TAM RESERVOIR RD|陽明山莊,7座(凌雲閣),大潭水塘道",13058.042609151657,1924,1517,"{'bay_window': '', 'flat_roof': '', 'roof': '', 'ac_platform': '', 'plant_room': '', 'garden': '', 'yard': ''}",17.2,16.0662,11338,10590.77125906394,7051701870053,2133945,ASP,HRB,淺水灣/壽臣山,1988/00,1988,38,51,22.0,7,blank,HONG KONG PARKVIEW,陽明山莊,True
4263,2007-05-11,"MANHATTAN TOWER,REPULSE BAY RD|MANHATTAN TOWER,淺水灣道",21016.66387159354,2243,1999,"{'bay_window': '', 'flat_roof': '', 'roof': '', 'ac_platform': '', 'plant_room': '', 'garden': '', 'yard': ''}",36.9,35.0541,18459,17535.817908954476,7051801040064,2135254,ASP,HRB,淺水灣/壽臣山,1978/07,1978,48,B,7.0,blank,blank,blank,,True
4264,2007-05-08,"SOUTH BAY PALACE(Block 1),SOUTH BAY CLOSE|南灣御苑1座,南灣坊",14619.17115629584,0,1903,"{'bay_window': '', 'flat_roof': '', 'roof': '', 'ac_platform': '', 'plant_room': '', 'garden': '', 'yard': ''}",24.5,23.2126,12874,12197.898055701524,7051801150018,2135268,ASP,HRB,淺水灣/壽臣山,2000/01,2000,26,A,5.0,1,blank,SOUTH BAY PALACE,南灣御苑,True
4269,2007-04-30,"PARKVIEW RISE(Block 8,HONG KONG PARKVIEW),TAI TAM RESERVOIR RD|陽明山莊,8座(凌雲閣),大潭水塘道",11820.432957396304,2366,1939,"{'bay_window': '', 'flat_roof': '', 'roof': '', 'ac_platform': '', 'plant_room': '', 'garden': '', 'yard': ''}",19.6,18.5892,10108,9587.003610108302,7051802170034,2135344,ASP,HRB,淺水灣/壽臣山,1988/08,1988,38,53,6.0,8,blank,HONG KONG PARKVIEW,陽明山莊,True
4270,2007-05-07,"PARKVIEW CRESCENT(Block 10,HONG KONG PARKVIEW),TAI TAM RESERVOIR RD|陽明山莊,10座(環翠軒),大潭水塘道",13765.955759618839,2771,2342,"{'bay_window': '', 'flat_roof': '', 'roof': '', 'ac_platform': '', 'plant_room': '', 'garden': '', 'yard': ''}",28.1,26.9002,11998,11485.99487617421,7051900470203,2136895,ASP,HRB,淺水灣/壽臣山,1989/11,1989,37,63,11.0,10,blank,HONG KONG PARKVIEW,陽明山莊,True
4271,2007-04-27,"PARKVIEW SUITE(Block 5,HONG KONG PARKVIEW),TAI TAM RESERVOIR RD|陽明山莊,5座(陽明居),大潭水塘道",14010.957672631663,1263,1012,"{'bay_window': '', 'flat_roof': '', 'roof': '', 'ac_platform': '', 'plant_room': '', 'garden': '', 'yard': ''}",11.5,11.5,11364,11363.636363636364,7051901500086,2136570,ASP,HRB,淺水灣/壽臣山,1989/11,1989,37,37,10.0,5,blank,HONG KONG PARKVIEW,陽明山莊,False
4276,2007-04-27,"37 REPULSE BAY RD(Block 2),REPULSE BAY RD|淺水灣道 37號2座,淺水灣道",16732.30280738355,1635,1236,"{'bay_window': '32', 'flat_roof': '', 'roof': '', 'ac_platform': '', 'plant_room': '', 'garden': '', 'yard': ''}",18.25,16.7735,14765,13570.792880258898,7052101110018,2136206,ASP,HRB,淺水灣/壽臣山,1994/02,1994,32,A,10.0,2,blank,37 REPULSE BAY RD,淺水灣道 37號,True
4277,2007-05-10,"SOUTH BAY PALACE(Block 1),SOUTH BAY CLOSE|南灣御苑1座,南灣坊",16636.02552465276,0,1903,"{'bay_window': '', 'flat_roof': '', 'roof': '', 'ac_platform': '', 'plant_room': '', 'garden': '', 'yard': ''}",27.88,26.415,14650,13880.714661061482,7052201560045,2138026,ASP,HRB,淺水灣/壽臣山,2000/01,2000,26,A,6.0,1,blank,SOUTH BAY PALACE,南灣御苑,True
4278,2007-05-11,"SOUTH BAY PALACE(Block 1),SOUTH BAY CLOSE|南灣御苑1座,南灣坊",16834.505696644555,0,1373,"{'bay_window': '', 'flat_roof': '', 'roof': '', 'ac_platform': '', 'plant_room': '', 'garden': '', 'yard': ''}",20.8,19.2856,15144,14046.321922796795,7052302590016,2139550,ASP,HRB,淺水灣/壽臣山,2000/01,2000,26,C,7.0,1,blank,SOUTH BAY PALACE,南灣御苑,True
4284,2007-05-21,"SEA CLIFF MANSION(Block A),REPULSE BAY RD|海峰園A座,淺水灣道",13399.727464089492,0,1941,"{'bay_window': '', 'flat_roof': '', 'roof': '', 'ac_platform': '', 'plant_room': '', 'garden': '', 'yard': ''}",22.88,21.7012,11788,11180.42246264812,7052801310257,2141887,ASP,HRB,淺水灣/壽臣山,1964/05,1964,62,A1,3.0,A,blank,SEA CLIFF MANSION,海峰園,True
4287,2007-05-08,"SOUTH BAY PALACE(Block 1),SOUTH BAY CLOSE|南灣御苑1座,南灣坊",14148.266314946624,0,1424,"{'bay_window': '', 'flat_roof': '', 'roof': '', 'ac_platform': '', 'plant_room': '', 'garden': '', 'yard': ''}",18.08,16.810299999999998,12697,11804.985955056178,7053101430132,2146179,ASP,HRB,淺水灣/壽臣山,2000/01,2000,26,B,2.0,1,blank,SOUTH BAY PALACE,南灣御苑,True
4288,2007-05-17,"PARKVIEW RISE(Block 6,HONG KONG PARKVIEW),TAI TAM RESERVOIR RD|陽明山莊,6座(凌雲閣),大潭水塘道",16127.308371017134,2722,2199,"{'bay_window': '', 'flat_roof': '', 'roof': '', 'ac_platform': '', 'plant_room': '', 'garden': '', 'yard': ''}",31.0,29.5903,14097,13456.252842201,7053101740035,2146196,ASP,HRB,淺水灣/壽臣山,1989/11,1989,37,43,5.0,6,blank,HONG KONG PARKVIEW,陽明山莊,True
4289,2007-05-18,"PARKVIEW RISE(Block 6,HONG KONG PARKVIEW),TAI TAM RESERVOIR RD|陽明山莊,6座(凌雲閣),大潭水塘道",15582.442215375448,2583,2087,"{'bay_window': '', 'flat_roof': '', 'roof': '', 'ac_platform': '', 'plant_room': '', 'garden': '', 'yard': ''}",28.5,27.1344,13656,13001.6291327264,7053101740052,2146197,ASP,HRB,淺水灣/壽臣山,1989/11,1989,37,45,5.0,6,blank,HONG KONG PARKVIEW,陽明山莊,True
4290,2007-05-11,"BAY VILLAS,SHOUSON HILL RD|南源,壽山村道",32825.13753782559,5443,4082,"{'bay_window': '', 'flat_roof': '', 'roof': '549', 'ac_platform': '', 'plant_room': '', 'garden': '', 'yard': '113'}",111.8,111.8,27389,27388.535031847136,7053101810394,2146207,ASP,HRB,淺水灣/壽臣山,2003/04,2003,23,whole floor,0.0,blank,blank,blank,,False
4292,2007-05-07,"RIDGE COURT,REPULSE BAY RD|冠園,淺水灣道",15240.638675739445,0,1880,"{'bay_window': '', 'flat_roof': '', 'roof': '', 'ac_platform': '', 'plant_room': '', 'garden': '', 'yard': ''}",25.25,23.9069,13431,12716.436170212766,7053101890019,2146223,ASP,HRB,淺水灣/壽臣山,1962/08,1962,64,D,8.0,blank,blank,blank,,True
4294,2007-05-16,"GROSVENOR PLACE,REPULSE BAY RD|GROSVENOR PLACE,淺水灣道",27146.307911710723,2809,2191,"{'bay_window': '', 'flat_roof': '', 'roof': '', 'ac_platform': '', 'plant_room': '', 'garden': '', 'yard': ''}",52.0,49.6267,23733,22650.251026928345,7060100690169,2147519,PRO-ASP,HRB,淺水灣/壽臣山,2003/09,2003,23,whole floor,8.0,blank,blank,blank,,True
4295,2007-05-18,"THE BEACHSIDE(Block A),REPULSE BAY RD|THE BEACHSIDEA座,淺水灣道",15600.374507362469,1161,886,"{'bay_window': '32', 'flat_roof': '', 'roof': '934', 'ac_platform': '', 'plant_room': '', 'garden': '', 'yard': ''}",13.0,11.5327,14673,13016.591422121895,7060101620049,2147570,PRO-ASP,HRB,淺水灣/壽臣山,1993/12,1993,33,B,4.0,A,blank,THE BEACHSIDE,THE BEACHSIDE,True
4296,2007-05-08,"SOUTH BAY PALACE(Block 1),SOUTH BAY CLOSE|南灣御苑1座,南灣坊",14130.85559012896,0,1373,"{'bay_window': '', 'flat_roof': '', 'roof': '', 'ac_platform': '', 'plant_room': '', 'garden': '', 'yard': ''}",17.46,16.1883,12717,11790.458849235252,7060101640045,2147571,ASP,HRB,淺水灣/壽臣山,2000/01,2000,26,C,5.0,1,blank,SOUTH BAY PALACE,南灣御苑,True
4297,2007-05-04,"PARKVIEW SUITE(Block 4,HONG KONG PARKVIEW),TAI TAM RESERVOIR RD|陽明山莊,4座(陽明居),大潭水塘道",12121.768238145045,1903,1579,"{'bay_window': '', 'flat_roof': '', 'roof': '', 'ac_platform': '', 'plant_room': '', 'garden': '', 'yard': ''}",17.05,15.9702,10798,10114.122862571248,7060102080124,2147605,ASP,HRB,淺水灣/壽臣山,1989/11,1989,37,33,22.0,4,blank,HONG KONG PARKVIEW,陽明山莊,True
4299,2007-05-04,"SOUTH BAY PALACE(Block 1),SOUTH BAY CLOSE|南灣御苑1座,南灣坊",15517.703155517565,0,1424,"{'bay_window': '', 'flat_roof': '', 'roof': '', 'ac_platform': '', 'plant_room': '', 'garden': '', 'yard': ''}",19.83,18.4374,13926,12947.612359550561,7060102510190,2147623,ASP,HRB,淺水灣/壽臣山,2000/01,2000,26,B,5.0,1,blank,SOUTH BAY PALACE,南灣御苑,True
4301,2007-05-11,"RUBY COURT(Block 2),SOUTH BAY RD|嘉麟閣2座,南灣道",13283.353052094992,1780,1517,"{'bay_window': '50', 'flat_roof': '', 'roof': '', 'ac_platform': '', 'plant_room': '', 'garden': '', 'yard': ''}",18.0,16.8134,11866,11083.32234673698,7060201420029,2148508,ASP,HRB,淺水灣/壽臣山,1987/05,1987,39,B,2.0,2,blank,RUBY COURT,嘉麟閣,True
4302,2007-05-08,"GRAND GARDEN(Block 3),SOUTH BAY RD|華景園3座,南灣道",12970.6764303225,1657,1217,"{'bay_window': '', 'flat_roof': '', 'roof': '', 'ac_platform': '', 'plant_room': '', 'garden': '', 'yard': ''}",14.35,13.1709,11791,10822.432210353329,7060401680127,2149088,PRO-ASP,HRB,淺水灣/壽臣山,1986/12,1986,40,B,22.0,3,blank,GRAND GARDEN,華景園,True
4304,2007-05-09,"SOUTH BAY PALACE(Block 1),SOUTH BAY CLOSE|南灣御苑1座,南灣坊",17461.956588129156,0,1423,"{'bay_window': '', 'flat_roof': '', 'roof': '', 'ac_platform': '', 'plant_room': '', 'garden': '', 'yard': ''}",22.3,20.7329,15671,14569.852424455376,7060501870123,2150471,ASP,HRB,淺水灣/壽臣山,2000/01,2000,26,B,7.0,1,blank,SOUTH BAY PALACE,南灣御苑,True
4305,2007-05-16,"PARKVIEW RISE(Block 6,HONG KONG PARKVIEW),TAI TAM RESERVOIR RD|陽明山莊,6座(凌雲閣),大潭水塘道",14829.001410103447,2583,2087,"{'bay_window': '', 'flat_roof': '', 'roof': '', 'ac_platform': '', 'plant_room': '', 'garden': '', 'yard': ''}",27.122,25.8224,12996,12372.975563009104,7060502250324,2150508,ASP,HRB,淺水灣/壽臣山,1989/11,1989,37,45,11.0,6,blank,HONG KONG PARKVIEW,陽明山莊,True
4310,2007-05-08,"SOUTH BAY PALACE(Block 1),SOUTH BAY CLOSE|南灣御苑1座,南灣坊",15335.184687205467,0,1903,"{'bay_window': '', 'flat_roof': '', 'roof': '', 'ac_platform': '', 'plant_room': '', 'garden': '', 'yard': ''}",25.7,24.3495,13505,12795.32317393589,7060700720028,2152774,ASP,HRB,淺水灣/壽臣山,2000/01,2000,26,A,3.0,1,blank,SOUTH BAY PALACE,南灣御苑,True
4312,2007-06-04,"REPULSE BAY GARDEN(Block 7),BELLEVIEW DR|淺水灣新村7座,麗景道",14482.597823753022,2288,2110,"{'bay_window': '', 'flat_roof': '', 'roof': '', 'ac_platform': '', 'plant_room': '', 'garden': '', 'yard': ''}",26.7,25.4346,12654,12054.312796208531,7060801090039,2154331,ASP,HRB,淺水灣/壽臣山,1973/11,1973,53,whole floor,17.0,7,blank,REPULSE BAY GARDEN,淺水灣新村,True
4314,2007-05-10,"SOUTH BAY PALACE(Block 1),SOUTH BAY CLOSE|南灣御苑1座,南灣坊",13677.64307106303,0,1373,"{'bay_window': '', 'flat_roof': '', 'roof': '', 'ac_platform': '', 'plant_room': '', 'garden': '', 'yard': ''}",16.9,15.669099999999998,12309,11412.308812818645,7060802110224,2154393,ASP,HRB,淺水灣/壽臣山,2000/01,2000,26,C,3.0,1,blank,SOUTH BAY PALACE,南灣御苑,True
4315,2007-05-10,"SOUTH BAY PALACE(Block 1),SOUTH BAY CLOSE|南灣御苑1座,南灣坊",13245.388903733052,0,1367,"{'bay_window': '', 'flat_roof': '', 'roof': '', 'ac_platform': '', 'plant_room': '', 'garden': '', 'yard': ''}",16.3,15.1076,11924,11051.64594001463,7060901510029,2156041,ASP,HRB,淺水灣/壽臣山,2000/01,2000,26,C,2.0,1,blank,SOUTH BAY PALACE,南灣御苑,True
4324,2007-05-16,"SOUTH BAY PALACE(Block 1),SOUTH BAY CLOSE|南灣御苑1座,南灣坊",14608.422171756405,0,1373,"{'bay_window': '', 'flat_roof': '', 'roof': '', 'ac_platform': '', 'plant_room': '', 'garden': '', 'yard': ''}",18.05,16.735400000000002,13146,12188.929351784414,7061401660017,2159973,ASP,HRB,淺水灣/壽臣山,2000/01,2000,26,C,6.0,1,blank,SOUTH BAY PALACE,南灣御苑,True
4338,2007-06-05,"PARKVIEW CRESCENT(Block 10,HONG KONG PARKVIEW),TAI TAM RESERVOIR RD|陽明山莊,10座(環翠軒),大潭水塘道",12817.605659537321,2771,2342,"{'bay_window': '', 'flat_roof': '', 'roof': '', 'ac_platform': '', 'plant_room': '', 'garden': '', 'yard': ''}",26.1,24.9856,11144,10668.488471391973,7062202720034,2167666,ASP,HRB,淺水灣/壽臣山,1989/11,1989,37,63,7.0,10,blank,HONG KONG PARKVIEW,陽明山莊,True
4339,2007-06-08,"PARKVIEW RISE(Block 7,HONG KONG PARKVIEW),TAI TAM RESERVOIR RD|陽明山莊,7座(凌雲閣),大潭水塘道",12798.416421470485,2092,1649,"{'bay_window': '', 'flat_roof': '', 'roof': '', 'ac_platform': '', 'plant_room': '', 'garden': '', 'yard': ''}",18.7,17.566,11340,10652.516676773803,7062501100011,2168594,ASP,HRB,淺水灣/壽臣山,1988/00,1988,38,49,18.0,7,blank,HONG KONG PARKVIEW,陽明山莊,True
4340,2007-05-31,"PARKVIEW SUITE(Block 5,HONG KONG PARKVIEW),TAI TAM RESERVOIR RD|陽明山莊,5座(陽明居),大潭水塘道",12413.844370623156,1309,1048,"{'bay_window': '', 'flat_roof': '', 'roof': '', 'ac_platform': '', 'plant_room': '', 'garden': '', 'yard': ''}",12.0,10.855,11450,10357.824427480917,7062501470117,2168611,ASP,HRB,淺水灣/壽臣山,1989/11,1989,37,41,16.0,5,blank,HONG KONG PARKVIEW,陽明山莊,True
4343,2007-05-21,"SOUTH BAY TOWERS,SOUTH BAY RD|南灣大廈,南灣道",11272.591587971532,1433,1145,"{'bay_window': '', 'flat_roof': '', 'roof': '', 'ac_platform': '', 'plant_room': '', 'garden': '', 'yard': ''}",11.8,10.7694,10306,9405.589519650655,7062600670057,2170723,PRO-ASP,HRB,淺水灣/壽臣山,1984/11,1984,42,D,19.0,blank,blank,blank,,True
4347,2007-06-19,"PARKVIEW SUITE(Block 5,HONG KONG PARKVIEW),TAI TAM RESERVOIR RD|陽明山莊,5座(陽明居),大潭水塘道",12323.102440439772,1312,1051,"{'bay_window': '', 'flat_roof': '', 'roof': '', 'ac_platform': '', 'plant_room': '', 'garden': '', 'yard': ''}",10.78,10.78,10257,10256.898192197907,7062901160127,2173923,PRO-ASP,HRB,淺水灣/壽臣山,1989/11,1989,37,39,18.0,5,blank,HONG KONG PARKVIEW,陽明山莊,False
4348,2007-06-04,"SEA CLIFF MANSION(Block B),REPULSE BAY RD|海峰園B座,淺水灣道",16732.153398131562,0,1941,"{'bay_window': '', 'flat_roof': '', 'roof': '', 'ac_platform': '', 'plant_room': '', 'garden': '', 'yard': ''}",28.5,27.0317,14683,13926.687274600721,7062902890038,2175555,ASP,HRB,淺水灣/壽臣山,1964/05,1964,62,B2,7.0,B,blank,SEA CLIFF MANSION,海峰園,True
4352,2007-06-05,"PARKVIEW SUITE(Block 4,HONG KONG PARKVIEW),TAI TAM RESERVOIR RD|陽明山莊,4座(陽明居),大潭水塘道",11411.048536980768,2105,1747,"{'bay_window': '', 'flat_roof': '', 'roof': '', 'ac_platform': '', 'plant_room': '', 'garden': '', 'yard': ''}",17.6,16.5926,10074,9497.767601602747,7070300860047,2176346,PRO-ASP,HRB,淺水灣/壽臣山,1989/11,1989,37,31,7.0,4,blank,HONG KONG PARKVIEW,陽明山莊,True
4354,2007-06-29,"PARKVIEW SUITE(Block 3,HONG KONG PARKVIEW),TAI TAM RESERVOIR RD|陽明山莊,3座(陽明居),大潭水塘道",13373.558657335565,1235,1012,"{'bay_window': '', 'flat_roof': '', 'roof': '', 'ac_platform': '', 'plant_room': '', 'garden': '', 'yard': ''}",12.5,11.2648,12352,11131.225296442688,7070602810047,2181795,ASP,HRB,淺水灣/壽臣山,1989/05,1989,37,25,22.0,3,blank,HONG KONG PARKVIEW,陽明山莊,True
4359,2007-07-05,"37 REPULSE BAY RD(Block 2),REPULSE BAY RD|淺水灣道 37號2座,淺水灣道",18257.20472778576,1680,1255,"{'bay_window': '44', 'flat_roof': '', 'roof': '', 'ac_platform': '', 'plant_room': '', 'garden': '', 'yard': ''}",21.0,19.3267,16733,15399.760956175298,7071201590010,2186963,ASP,HRB,淺水灣/壽臣山,1994/02,1994,32,B,19.0,2,blank,37 REPULSE BAY RD,淺水灣道 37號,True
4368,2007-07-13,"PARKVIEW SUITE(Block 5,HONG KONG PARKVIEW),TAI TAM RESERVOIR RD|陽明山莊,5座(陽明居),大潭水塘道",11972.709386793951,1309,1048,"{'bay_window': '', 'flat_roof': '', 'roof': '', 'ac_platform': '', 'plant_room': '', 'garden': '', 'yard': ''}",11.7,10.5836,11164,10098.854961832061,7072300590096,2196812,ASP,HRB,淺水灣/壽臣山,1989/11,1989,37,41,6.0,5,blank,HONG KONG PARKVIEW,陽明山莊,True
4375,2007-08-01,"PARKVIEW SUITE(Block 4,HONG KONG PARKVIEW),TAI TAM RESERVOIR RD|陽明山莊,4座(陽明居),大潭水塘道",12923.578008497896,1903,1579,"{'bay_window': '', 'flat_roof': '', 'roof': '', 'ac_platform': '', 'plant_room': '', 'garden': '', 'yard': ''}",18.48,17.3096,11704,10962.381253958201,7080600600281,2209754,ASP,HRB,淺水灣/壽臣山,1989/11,1989,37,33,6.0,4,blank,HONG KONG PARKVIEW,陽明山莊,True
4379,2007-07-23,"PARKVIEW RISE(Block 7,HONG KONG PARKVIEW),TAI TAM RESERVOIR RD|陽明山莊,7座(凌雲閣),大潭水塘道",14234.898134067762,1924,1517,"{'bay_window': '', 'flat_roof': '', 'roof': '', 'ac_platform': '', 'plant_room': '', 'garden': '', 'yard': ''}",19.5,18.2146,12854,12006.987475280159,7080701100020,2211002,ASP,HRB,淺水灣/壽臣山,1988/00,1988,38,51,5.0,7,blank,HONG KONG PARKVIEW,陽明山莊,True
4381,2007-07-27,"SEA CLIFF MANSION(Block B),REPULSE BAY RD|海峰園B座,淺水灣道",18538.453371934665,0,1941,"{'bay_window': '', 'flat_roof': '', 'roof': '', 'ac_platform': '', 'plant_room': '', 'garden': '', 'yard': ''}",32.0,30.3514,16486,15636.991241628028,7080802830026,2212332,ASP,HRB,淺水灣/壽臣山,1964/05,1964,62,B1,11.0,B,blank,SEA CLIFF MANSION,海峰園,True
4388,2007-08-10,"GROSVENOR PLACE,REPULSE BAY RD|GROSVENOR PLACE,淺水灣道",27215.91251374851,2809,2191,"{'bay_window': '', 'flat_roof': '', 'roof': '', 'ac_platform': '', 'plant_room': '', 'garden': '', 'yard': ''}",53.0,50.581,24190,23085.80556823368,7082100880021,2224020,ASP,HRB,淺水灣/壽臣山,2003/09,2003,23,whole floor,7.0,blank,blank,blank,,True
4389,2007-07-27,"REPULSE BAY GARDEN(Block 3),BELLEVIEW DR|淺水灣新村3座,麗景道",16508.47270238986,2810,2625,"{'bay_window': '', 'flat_roof': '', 'roof': '', 'ac_platform': '', 'plant_room': '', 'garden': '', 'yard': ''}",38.0,36.5524,14476,13924.72380952381,7082201520034,2225328,PRO-ASP,HRB,淺水灣/壽臣山,1973/11,1973,53,whole floor,19.0,3,blank,REPULSE BAY GARDEN,淺水灣新村,True
4392,2007-07-28,"37 REPULSE BAY RD(Block 1),REPULSE BAY RD|淺水灣道 37號1座,淺水灣道",18494.96625984254,1745,1289,"{'bay_window': '44', 'flat_roof': '', 'roof': '', 'ac_platform': '', 'plant_room': '', 'garden': '', 'yard': ''}",21.8,20.1088,16912,15600.310318076028,7082301190121,2226610,PRO-ASP,HRB,淺水灣/壽臣山,1994/02,1994,32,B,2.0,1,blank,37 REPULSE BAY RD,淺水灣道 37號,True
4394,2007-08-03,"RUBY COURT(Block 2),SOUTH BAY RD|嘉麟閣2座,南灣道",15534.235032224968,1780,1517,"{'bay_window': '50', 'flat_roof': '', 'roof': '', 'ac_platform': '', 'plant_room': '', 'garden': '', 'yard': ''}",21.4,19.9893,14107,13176.86222808174,7082400510016,2228109,ASP,HRB,淺水灣/壽臣山,1987/05,1987,39,B,11.0,2,blank,RUBY COURT,嘉麟閣,True
4398,2007-08-09,"SOUTH BAY TOWERS,SOUTH BAY RD|南灣大廈,南灣道",14565.15946460021,1433,1145,"{'bay_window': '', 'flat_roof': '', 'roof': '', 'ac_platform': '', 'plant_room': '', 'garden': '', 'yard': ''}",15.5,14.1463,13537,12354.847161572052,7082402060053,2228206,ASP,HRB,淺水灣/壽臣山,1984/11,1984,42,A,28.0,blank,blank,blank,,True
4400,2007-08-16,"37 REPULSE BAY RD(Block 3),REPULSE BAY RD|淺水灣道 37號3座,淺水灣道",12443.301887955635,1220,882,"{'bay_window': '56', 'flat_roof': '', 'roof': '', 'ac_platform': '', 'plant_room': '', 'garden': '', 'yard': ''}",10.5,9.3095,11905,10554.98866213152,7082702670047,2229850,ASP,HRB,淺水灣/壽臣山,1994/02,1994,32,A,2.0,3,blank,37 REPULSE BAY RD,淺水灣道 37號,True
4402,2007-08-09,"37 REPULSE BAY RD(Block 1),REPULSE BAY RD|淺水灣道 37號1座,淺水灣道",17615.03404549071,1745,1289,"{'bay_window': '44', 'flat_roof': '', 'roof': '', 'ac_platform': '', 'plant_room': '', 'garden': '', 'yard': ''}",20.88,19.2601,16199,14941.89294026377,7083101080020,2234814,ASP,HRB,淺水灣/壽臣山,1994/02,1994,32,B,7.0,1,blank,37 REPULSE BAY RD,淺水灣道 37號,True
4403,2007-08-07,"37 REPULSE BAY RD(Block 2),REPULSE BAY RD|淺水灣道 37號2座,淺水灣道",18584.691151218,1635,1236,"{'bay_window': '32', 'flat_roof': '', 'roof': '', 'ac_platform': '', 'plant_room': '', 'garden': '', 'yard': ''}",21.2,19.4848,17152,15764.401294498382,7083101910128,2233933,PRO-ASP,HRB,淺水灣/壽臣山,1994/02,1994,32,A,14.0,2,blank,37 REPULSE BAY RD,淺水灣道 37號,True
4405,2007-08-04,"PARKVIEW SUITE(Block 3,HONG KONG PARKVIEW),TAI TAM RESERVOIR RD|陽明山莊,3座(陽明居),大潭水塘道",13521.614912853853,1235,1012,"{'bay_window': '', 'flat_roof': '', 'roof': '', 'ac_platform': '', 'plant_room': '', 'garden': '', 'yard': ''}",12.88,11.6073,12727,11469.664031620554,7090301580010,2236098,PRO-ASP,HRB,淺水灣/壽臣山,1989/05,1989,37,25,23.0,3,blank,HONG KONG PARKVIEW,陽明山莊,True
4408,2007-08-07,"PARKVIEW HEIGHTS(Block 14,HONG KONG PARKVIEW),TAI TAM RESERVOIR RD|陽明山莊,14座(摘星樓),大潭水塘道",18005.968545317606,1785,1385,"{'bay_window': '', 'flat_roof': '', 'roof': '', 'ac_platform': '', 'plant_room': '', 'garden': '', 'yard': ''}",22.8,21.1538,16462,15273.501805054151,7090401670126,2237077,ASP,HRB,淺水灣/壽臣山,1988/00,1988,38,81,22.0,14,blank,HONG KONG PARKVIEW,陽明山莊,True
4409,2007-08-22,"3 REPULSE BAY RD,REPULSE BAY RD|淺水灣三號,淺水灣道",26525.575756383012,2078,1741,"{'bay_window': '', 'flat_roof': '', 'roof': '', 'ac_platform': '', 'plant_room': '', 'garden': '', 'yard': ''}",41.56,39.1729,23871,22500.22975301551,7090501320053,2238163,ASP,HRB,淺水灣/壽臣山,1997/07,1997,29,B,20.0,blank,blank,blank,,True
4410,2007-08-27,"GRAND GARDEN(Block 3),SOUTH BAY RD|華景園3座,南灣道",12891.884242182025,1657,1217,"{'bay_window': '', 'flat_roof': '', 'roof': '', 'ac_platform': '', 'plant_room': '', 'garden': '', 'yard': ''}",14.5,13.3085,11915,10935.497124075595,7090501590014,2238176,ASP,HRB,淺水灣/壽臣山,1986/12,1986,40,B,11.0,3,blank,GRAND GARDEN,華景園,True
4412,2007-08-06,"PARKVIEW RISE(Block 7,HONG KONG PARKVIEW),TAI TAM RESERVOIR RD|陽明山莊,7座(凌雲閣),大潭水塘道",13864.654279360579,1924,1517,"{'bay_window': '', 'flat_roof': '', 'roof': '', 'ac_platform': '', 'plant_room': '', 'garden': '', 'yard': ''}",19.1,17.8409,12591,11760.646011865523,7090601720011,2239248,ASP,HRB,淺水灣/壽臣山,1988/00,1988,38,51,7.0,7,blank,HONG KONG PARKVIEW,陽明山莊,True
4413,2007-08-17,"PARKVIEW RISE(Block 7,HONG KONG PARKVIEW),TAI TAM RESERVOIR RD|陽明山莊,7座(凌雲閣),大潭水塘道",13937.237989245858,1924,1517,"{'bay_window': '', 'flat_roof': '', 'roof': '', 'ac_platform': '', 'plant_room': '', 'garden': '', 'yard': ''}",19.2,17.9343,12657,11822.214897824653,7090602300023,2239285,ASP,HRB,淺水灣/壽臣山,1988/00,1988,38,51,16.0,7,blank,HONG KONG PARKVIEW,陽明山莊,True
4415,2007-08-11,"PARKVIEW RISE(Block 6,HONG KONG PARKVIEW),TAI TAM RESERVOIR RD|陽明山莊,6座(凌雲閣),大潭水塘道",13230.200152354635,2583,2087,"{'bay_window': '', 'flat_roof': '', 'roof': '', 'ac_platform': '', 'plant_room': '', 'garden': '', 'yard': ''}",24.6,23.4213,11787,11222.472448490656,7090702020205,2240755,ASP,HRB,淺水灣/壽臣山,1989/11,1989,37,45,1.0,6,blank,HONG KONG PARKVIEW,陽明山莊,True
4418,2007-09-06,"REPULSE BAY GARDEN(Block 4),BELLEVIEW DR|淺水灣新村4座,麗景道",17255.132617893498,2810,2625,"{'bay_window': '', 'flat_roof': '', 'roof': '', 'ac_platform': '', 'plant_room': '', 'garden': '', 'yard': ''}",40.95,39.39,15600,15005.714285714286,7091101750017,2243027,ASP,HRB,淺水灣/壽臣山,1973/11,1973,53,whole floor,17.0,4,blank,REPULSE BAY GARDEN,淺水灣新村,True
4419,2007-08-24,"GRAND GARDEN(Block 1),SOUTH BAY RD|華景園1座,南灣道",16182.454657557028,3054,2482,"{'bay_window': '', 'flat_roof': '', 'roof': '', 'ac_platform': '', 'plant_room': '', 'garden': '', 'yard': ''}",35.5,34.0697,14303,13726.712328767124,7091201740012,2244132,ASP,HRB,淺水灣/壽臣山,1986/12,1986,40,A,8.0,1,blank,GRAND GARDEN,華景園,True
4422,2007-09-10,"UNICORN GARDENS(Block K-L),SHOUSON HILL RD E|麒麟閣K-L座,壽臣山道東",12715.704945630408,1714,1657,"{'bay_window': '', 'flat_roof': '', 'roof': '', 'ac_platform': '', 'plant_room': '', 'garden': '', 'yard': ''}",19.5,18.3232,11768,11058.056729028365,7091702350014,2247886,ASP,HRB,淺水灣/壽臣山,9999,9999,-7973,K,3.0,K-L,blank,UNICORN GARDENS,麒麟閣,True
4425,2007-08-31,"PARKVIEW SUITE(Block 3,HONG KONG PARKVIEW),TAI TAM RESERVOIR RD|陽明山莊,3座(陽明居),大潭水塘道",14272.42864457943,1275,994,"{'bay_window': '', 'flat_roof': '', 'roof': '', 'ac_platform': '', 'plant_room': '', 'garden': '', 'yard': ''}",13.38,12.0339,13461,12106.539235412474,7091802190027,2249020,ASP,HRB,淺水灣/壽臣山,1989/05,1989,37,27,23.0,3,blank,HONG KONG PARKVIEW,陽明山莊,True
4427,2007-09-07,"SOUTH BAY GARDEN(Block B),SOUTH BAY CLOSE|南灣花園B座,南灣坊",11053.89694912313,1542,1296,"{'bay_window': '', 'flat_roof': '', 'roof': '', 'ac_platform': '', 'plant_room': '', 'garden': '', 'yard': ''}",13.5,12.4583,10417,9612.885802469136,7092500820010,2256517,ASP,HRB,淺水灣/壽臣山,1985/09,1985,41,2,4.0,B,blank,SOUTH BAY GARDEN,南灣花園,True
4428,2007-09-10,"37 REPULSE BAY RD(Block 2),REPULSE BAY RD|淺水灣道 37號2座,淺水灣道",20136.791023186634,1680,1255,"{'bay_window': '44', 'flat_roof': '', 'roof': '', 'ac_platform': '', 'plant_room': '', 'garden': '', 'yard': ''}",23.88,21.9772,19028,17511.71314741036,7092501420033,2256541,ASP,HRB,淺水灣/壽臣山,1994/02,1994,32,B,18.0,2,blank,37 REPULSE BAY RD,淺水灣道 37號,True
4429,2007-08-31,"SOUTH BAY TOWERS,SOUTH BAY RD|南灣大廈,南灣道",11276.279059280627,1433,1145,"{'bay_window': '', 'flat_roof': '', 'roof': '', 'ac_platform': '', 'plant_room': '', 'garden': '', 'yard': ''}",12.0,10.952,10480,9565.065502183406,7092502230058,2256578,PRO-ASP,HRB,淺水灣/壽臣山,1984/11,1984,42,D,16.0,blank,blank,blank,,True
4430,2007-09-06,"PARKVIEW SUITE(Block 4,HONG KONG PARKVIEW),TAI TAM RESERVOIR RD|陽明山莊,4座(陽明居),大潭水塘道",12895.044156121716,1857,1541,"{'bay_window': '', 'flat_roof': '', 'roof': '', 'ac_platform': '', 'plant_room': '', 'garden': '', 'yard': ''}",18.48,17.2808,11992,11214.016872160935,7092502760182,2256616,ASP,HRB,淺水灣/壽臣山,1989/11,1989,37,29,10.0,4,blank,HONG KONG PARKVIEW,陽明山莊,True
4432,2007-08-31,"PINE CREST,REPULSE BAY RD|松苑,淺水灣道",22467.52523406448,2250,1862,"{'bay_window': '', 'flat_roof': '', 'roof': '', 'ac_platform': '', 'plant_room': '', 'garden': '', 'yard': ''}",37.5,35.486,20140,19058.00214822771,7092701650116,2258015,PRO-ASP,HRB,淺水灣/壽臣山,1982/11,1982,44,A,18.0,blank,blank,blank,,True
4433,2007-09-04,"PARKVIEW HEIGHTS(Block 13,HONG KONG PARKVIEW),TAI TAM RESERVOIR RD|陽明山莊,13座(摘星樓),大潭水塘道",17157.58737207414,2700,2327,"{'bay_window': '', 'flat_roof': '', 'roof': '', 'ac_platform': '', 'plant_room': '', 'garden': '', 'yard': ''}",36.28,34.7209,15591,14920.885259991404,7092801810091,2259949,PRO-ASP,HRB,淺水灣/壽臣山,1989/11,1989,37,75,23.0,13,blank,HONG KONG PARKVIEW,陽明山莊,True
4434,2007-09-14,"PARKVIEW SUITE(Block 4,HONG KONG PARKVIEW),TAI TAM RESERVOIR RD|陽明山莊,4座(陽明居),大潭水塘道",12410.802566985349,2105,1747,"{'bay_window': '', 'flat_roof': '', 'roof': '', 'ac_platform': '', 'plant_room': '', 'garden': '', 'yard': ''}",20.0,18.8552,11448,10792.902117916428,7100200470025,2261285,ASP,HRB,淺水灣/壽臣山,1989/11,1989,37,31,1.0,4,blank,HONG KONG PARKVIEW,陽明山莊,True
4438,2007-09-07,"PARKVIEW RISE(Block 8,HONG KONG PARKVIEW),TAI TAM RESERVOIR RD|陽明山莊,8座(凌雲閣),大潭水塘道",11860.795418416155,2366,1939,"{'bay_window': '', 'flat_roof': '', 'roof': '', 'ac_platform': '', 'plant_room': '', 'garden': '', 'yard': ''}",20.0,20.0,10315,10314.595152140279,7100301990053,2261769,ASP,HRB,淺水灣/壽臣山,1988/08,1988,38,53,1.0,8,blank,HONG KONG PARKVIEW,陽明山莊,False
4439,2007-09-05,"PARKVIEW RISE(Block 7,HONG KONG PARKVIEW),TAI TAM RESERVOIR RD|陽明山莊,7座(凌雲閣),大潭水塘道",12085.568963983676,2092,1649,"{'bay_window': '', 'flat_roof': '', 'roof': '', 'ac_platform': '', 'plant_room': '', 'garden': '', 'yard': ''}",18.45,17.3311,11189,10510.06670709521,7100302040017,2262482,PRO-ASP,HRB,淺水灣/壽臣山,1988/00,1988,38,49,5.0,7,blank,HONG KONG PARKVIEW,陽明山莊,True
4441,2007-09-21,"PARKVIEW SUITE(Block 3,HONG KONG PARKVIEW),TAI TAM RESERVOIR RD|陽明山莊,3座(陽明居),大潭水塘道",13800.326539341244,1235,1012,"{'bay_window': '', 'flat_roof': '', 'roof': '', 'ac_platform': '', 'plant_room': '', 'garden': '', 'yard': ''}",13.477,12.1453,13317,12001.284584980238,7100502720056,2264312,ASP,HRB,淺水灣/壽臣山,1989/05,1989,37,25,23.0,3,blank,HONG KONG PARKVIEW,陽明山莊,True
4442,2007-10-02,"PARKVIEW SUITE(Block 3,HONG KONG PARKVIEW),TAI TAM RESERVOIR RD|陽明山莊,3座(陽明居),大潭水塘道",12102.21529261184,1290,976,"{'bay_window': '', 'flat_roof': '', 'roof': '', 'ac_platform': '', 'plant_room': '', 'garden': '', 'yard': ''}",11.88,10.6628,12172,10925.0,7100800750048,2266484,ASP,HRB,淺水灣/壽臣山,1989/05,1989,37,21,12.0,3,blank,HONG KONG PARKVIEW,陽明山莊,True
4455,2007-10-03,"GRAND GARDEN(Block 3),SOUTH BAY RD|華景園3座,南灣道",12180.745694253726,1657,1217,"{'bay_window': '', 'flat_roof': '', 'roof': '', 'ac_platform': '', 'plant_room': '', 'garden': '', 'yard': ''}",14.58,13.382,11980,10995.891536565325,7101602240148,2272389,ASP,HRB,淺水灣/壽臣山,1986/12,1986,40,B,10.0,3,blank,GRAND GARDEN,華景園,True
4457,2007-10-04,"PARKVIEW RISE(Block 6,HONG KONG PARKVIEW),TAI TAM RESERVOIR RD|陽明山莊,6座(凌雲閣),大潭水塘道",13482.86086043422,2583,2087,"{'bay_window': '', 'flat_roof': '', 'roof': '', 'ac_platform': '', 'plant_room': '', 'garden': '', 'yard': ''}",26.68,25.4016,12784,12171.346430282703,7101700990105,2273782,ASP,HRB,淺水灣/壽臣山,1989/11,1989,37,45,3.0,6,blank,HONG KONG PARKVIEW,陽明山莊,True
4458,2007-09-28,"GRAND GARDEN(Block 1),SOUTH BAY RD|華景園1座,南灣道",15962.26287053145,3054,2482,"{'bay_window': '', 'flat_roof': '', 'roof': '', 'ac_platform': '', 'plant_room': '', 'garden': '', 'yard': ''}",35.9,34.4536,14464,13881.385979049153,7101702450101,2273902,ASP,HRB,淺水灣/壽臣山,1986/12,1986,40,A,5.0,1,blank,GRAND GARDEN,華景園,True
4459,2007-10-05,"GROSVENOR PLACE,REPULSE BAY RD|GROSVENOR PLACE,淺水灣道",26538.424824860078,2809,2191,"{'bay_window': '', 'flat_roof': '', 'roof': '', 'ac_platform': '', 'plant_room': '', 'garden': '', 'yard': ''}",55.0,52.4897,25103,23956.96029210406,7101800650031,2275488,ASP,HRB,淺水灣/壽臣山,2003/09,2003,23,whole floor,11.0,blank,blank,blank,,True
4460,2007-10-15,"PARKVIEW SUITE(Block 5,HONG KONG PARKVIEW),TAI TAM RESERVOIR RD|陽明山莊,5座(陽明居),大潭水塘道",8878.124978408918,1263,1012,"{'bay_window': '', 'flat_roof': '', 'roof': '', 'ac_platform': '', 'plant_room': '', 'garden': '', 'yard': ''}",9.0,8.1107,8893,8014.525691699605,7101802520072,2275652,ASP,HRB,淺水灣/壽臣山,1989/11,1989,37,37,1.0,5,blank,HONG KONG PARKVIEW,陽明山莊,True
4462,2007-10-12,"PARKVIEW SUITE(Block 4,HONG KONG PARKVIEW),TAI TAM RESERVOIR RD|陽明山莊,4座(陽明居),大潭水塘道",12419.616002661209,1903,1579,"{'bay_window': '', 'flat_roof': '', 'roof': '', 'ac_platform': '', 'plant_room': '', 'garden': '', 'yard': ''}",18.9,17.703,11970,11211.526282457251,7102400850044,2279856,ASP,HRB,淺水灣/壽臣山,1989/11,1989,37,33,1.0,4,blank,HONG KONG PARKVIEW,陽明山莊,True
4463,2007-10-12,"PARKVIEW HEIGHTS(Block 13,HONG KONG PARKVIEW),TAI TAM RESERVOIR RD|陽明山莊,13座(摘星樓),大潭水塘道",16038.015718420467,5400,4654,"{'bay_window': '', 'flat_roof': '', 'roof': '', 'ac_platform': '', 'plant_room': '', 'garden': '', 'yard': ''}",68.86,67.3804,14796,14477.95444778685,7102401120077,2279876,ASP,HRB,淺水灣/壽臣山,1989/11,1989,37,75,2223.0,13,blank,HONG KONG PARKVIEW,陽明山莊,True
4465,2007-10-18,"PARKVIEW RISE(Block 7,HONG KONG PARKVIEW),TAI TAM RESERVOIR RD|陽明山莊,7座(凌雲閣),大潭水塘道",13914.620289278468,1924,1517,"{'bay_window': '', 'flat_roof': '', 'roof': '', 'ac_platform': '', 'plant_room': '', 'garden': '', 'yard': ''}",20.4,19.0552,13448,12561.107448912328,7102502070037,2281255,ASP,HRB,淺水灣/壽臣山,1988/00,1988,38,51,20.0,7,blank,HONG KONG PARKVIEW,陽明山莊,True
4468,2007-10-10,"PARKVIEW HEIGHTS(Block 14,HONG KONG PARKVIEW),TAI TAM RESERVOIR RD|陽明山莊,14座(摘星樓),大潭水塘道",18795.830407612008,1785,1385,"{'bay_window': '', 'flat_roof': '', 'roof': '', 'ac_platform': '', 'plant_room': '', 'garden': '', 'yard': ''}",23.5,23.5,16968,16967.50902527076,7102602930219,2281968,ASP,HRB,淺水灣/壽臣山,1988/00,1988,38,81,21.0,14,blank,HONG KONG PARKVIEW,陽明山莊,False
4470,2007-10-17,"GRAND GARDEN(Block 3),SOUTH BAY RD|華景園3座,南灣道",12113.843526526356,1657,1217,"{'bay_window': '', 'flat_roof': '', 'roof': '', 'ac_platform': '', 'plant_room': '', 'garden': '', 'yard': ''}",14.5,13.3085,11915,10935.497124075595,7102901800019,2284475,ASP,HRB,淺水灣/壽臣山,1986/12,1986,40,B,3.0,3,blank,GRAND GARDEN,華景園,True
4473,2007-10-15,"PARKVIEW HEIGHTS(Block 14,HONG KONG PARKVIEW),TAI TAM RESERVOIR RD|陽明山莊,14座(摘星樓),大潭水塘道",19099.762984415946,1785,1385,"{'bay_window': '', 'flat_roof': '', 'roof': '', 'ac_platform': '', 'plant_room': '', 'garden': '', 'yard': ''}",23.88,23.88,17242,17241.87725631769,7102902160035,2283703,ASP,HRB,淺水灣/壽臣山,1988/00,1988,38,81,19.0,14,blank,HONG KONG PARKVIEW,陽明山莊,False
4477,2007-10-17,"PARKVIEW HEIGHTS(Block 14,HONG KONG PARKVIEW),TAI TAM RESERVOIR RD|陽明山莊,14座(摘星樓),大潭水塘道",13721.42739212249,2045,1655,"{'bay_window': '', 'flat_roof': '', 'roof': '', 'ac_platform': '', 'plant_room': '', 'garden': '', 'yard': ''}",20.5,20.5,12387,12386.706948640483,7103100750032,2286032,ASP,HRB,淺水灣/壽臣山,1988/00,1988,38,79,5.0,14,blank,HONG KONG PARKVIEW,陽明山莊,False
4478,2007-10-10,"PARKVIEW RISE(Block 6,HONG KONG PARKVIEW),TAI TAM RESERVOIR RD|陽明山莊,6座(凌雲閣),大潭水塘道",16108.32872964856,2722,2199,"{'bay_window': '', 'flat_roof': '', 'roof': '', 'ac_platform': '', 'plant_room': '', 'garden': '', 'yard': ''}",33.5,31.9766,15234,14541.427921782628,7110102270098,2288422,PRO-ASP,HRB,淺水灣/壽臣山,1989/11,1989,37,43,12.0,6,blank,HONG KONG PARKVIEW,陽明山莊,True
4479,2007-10-23,"PINE CREST,REPULSE BAY RD|松苑,淺水灣道",19704.164030010885,2250,1862,"{'bay_window': '', 'flat_roof': '', 'roof': '', 'ac_platform': '', 'plant_room': '', 'garden': '', 'yard': ''}",35.0,33.1203,18797,17787.4865735768,7110102520031,2288450,ASP,HRB,淺水灣/壽臣山,1982/11,1982,44,B,4.0,blank,blank,blank,,True
4481,2007-10-17,"CELESTIAL GARDEN,REPULSE BAY RD|詩禮花園,淺水灣道",17481.82031228821,0,2264,"{'bay_window': '', 'flat_roof': '', 'roof': '', 'ac_platform': '', 'plant_room': '', 'garden': '', 'yard': ''}",37.38,35.7289,16511,15781.31625441696,7110201400176,2289972,ASP,HRB,淺水灣/壽臣山,1978/09,1978,48,C,2.0,blank,blank,blank,,True
4484,2007-10-10,"PARKVIEW HEIGHTS(Block 14,HONG KONG PARKVIEW),TAI TAM RESERVOIR RD|陽明山莊,14座(摘星樓),大潭水塘道",13248.88816178037,1860,1505,"{'bay_window': '', 'flat_roof': '', 'roof': '', 'ac_platform': '', 'plant_room': '', 'garden': '', 'yard': ''}",18.0,18.0,11960,11960.132890365448,7110202620100,2289128,ASP,HRB,淺水灣/壽臣山,1988/00,1988,38,77,10.0,14,blank,HONG KONG PARKVIEW,陽明山莊,False
4487,2007-10-12,"SOUTH BAY GARDEN(Block B),SOUTH BAY CLOSE|南灣花園B座,南灣坊",10885.39510371432,1542,1296,"{'bay_window': '', 'flat_roof': '', 'roof': '', 'ac_platform': '', 'plant_room': '', 'garden': '', 'yard': ''}",13.8,12.7352,10648,9826.543209876543,7110501500134,2291453,ASP,HRB,淺水灣/壽臣山,1985/09,1985,41,2,7.0,B,blank,SOUTH BAY GARDEN,南灣花園,True
4488,2007-10-17,"RUBY COURT(Block 2),SOUTH BAY RD|嘉麟閣2座,南灣道",15006.017466130748,1780,1517,"{'bay_window': '50', 'flat_roof': '', 'roof': '', 'ac_platform': '', 'plant_room': '', 'garden': '', 'yard': ''}",22.0,20.5498,14502,13546.341463414634,7110600180061,2292697,PRO-ASP,HRB,淺水灣/壽臣山,1987/05,1987,39,B,9.0,2,blank,RUBY COURT,嘉麟閣,True
4490,2007-10-17,"SOUTH BAY TOWERS,SOUTH BAY RD|南灣大廈,南灣道",14422.283820042836,2738,2161,"{'bay_window': '', 'flat_roof': '', 'roof': '', 'ac_platform': '', 'plant_room': '', 'garden': '', 'yard': ''}",29.5,28.1349,13651,13019.389171679777,7110602160030,2292860,ASP,HRB,淺水灣/壽臣山,1984/11,1984,42,B,22.0,blank,blank,blank,,True
4491,2007-10-08,"PARKVIEW CRESCENT(Block 10,HONG KONG PARKVIEW),TAI TAM RESERVOIR RD|陽明山莊,10座(環翠軒),大潭水塘道",13439.064674890808,2771,2342,"{'bay_window': '', 'flat_roof': '', 'roof': '', 'ac_platform': '', 'plant_room': '', 'garden': '', 'yard': ''}",29.68,28.4127,12673,12131.810418445773,7110602160102,2292861,PRO-ASP,HRB,淺水灣/壽臣山,1989/11,1989,37,63,19.0,10,blank,HONG KONG PARKVIEW,陽明山莊,True
4494,2007-10-22,"THE BEACHSIDE(Block A),REPULSE BAY RD|THE BEACHSIDEA座,淺水灣道",10320.630861065489,929,688,"{'bay_window': '20', 'flat_roof': '', 'roof': '', 'ac_platform': '', 'plant_room': '', 'garden': '', 'yard': ''}",7.5,6.4099,10901,9316.71511627907,7110701900066,2294251,ASP,HRB,淺水灣/壽臣山,1993/12,1993,33,F,3.0,A,blank,THE BEACHSIDE,THE BEACHSIDE,True
4496,2007-10-23,"GROSVENOR PLACE,REPULSE BAY RD|GROSVENOR PLACE,淺水灣道",27262.231761826184,2809,2191,"{'bay_window': '', 'flat_roof': '', 'roof': '', 'ac_platform': '', 'plant_room': '', 'garden': '', 'yard': ''}",56.5,53.9213,25787,24610.36056595162,7110702300071,2294294,ASP,HRB,淺水灣/壽臣山,2003/09,2003,23,whole floor,17.0,blank,blank,blank,,True
4497,2007-10-08,"RUBY COURT(Block 2),SOUTH BAY RD|嘉麟閣2座,南灣道",13559.949067013546,1780,1517,"{'bay_window': '50', 'flat_roof': '', 'roof': '', 'ac_platform': '', 'plant_room': '', 'garden': '', 'yard': ''}",19.88,18.5695,13105,12240.936058009229,7110702740019,2294348,ASP,HRB,淺水灣/壽臣山,1987/05,1987,39,A,9.0,2,blank,RUBY COURT,嘉麟閣,True
4499,2007-11-04,"PARKVIEW RISE(Block 6,HONG KONG PARKVIEW),TAI TAM RESERVOIR RD|陽明山莊,6座(凌雲閣),大潭水塘道",14789.385251365655,2583,2087,"{'bay_window': '', 'flat_roof': '', 'roof': '', 'ac_platform': '', 'plant_room': '', 'garden': '', 'yard': ''}",30.8,29.3242,14758,14050.886439865837,7110800740166,2295598,PRO-ASP,HRB,淺水灣/壽臣山,1989/11,1989,37,45,3.0,6,blank,HONG KONG PARKVIEW,陽明山莊,True
4500,2007-10-23,"GRAND GARDEN(Block 3),SOUTH BAY RD|華景園3座,南灣道",14912.629721466681,1657,1217,"{'bay_window': '', 'flat_roof': '', 'roof': '', 'ac_platform': '', 'plant_room': '', 'garden': '', 'yard': ''}",17.85,16.383300000000002,14667,13462.0377978636,7110801060028,2295616,ASP,HRB,淺水灣/壽臣山,1986/12,1986,40,B,20.0,3,blank,GRAND GARDEN,華景園,True
4505,2007-10-17,"CELESTIAL GARDEN,REPULSE BAY RD|詩禮花園,淺水灣道",18041.38071589848,0,1970,"{'bay_window': '', 'flat_roof': '', 'roof': '', 'ac_platform': '', 'plant_room': '', 'garden': '', 'yard': ''}",33.8,32.0843,17157,16286.446700507615,7110902450296,2297511,ASP,HRB,淺水灣/壽臣山,1978/09,1978,48,A,9.0,blank,blank,blank,,True
4506,2007-10-26,"SOUTH BAY TOWERS,SOUTH BAY RD|南灣大廈,南灣道",11488.913630996025,2738,2161,"{'bay_window': '', 'flat_roof': '', 'roof': '', 'ac_platform': '', 'plant_room': '', 'garden': '', 'yard': ''}",23.5,22.4125,10875,10371.355853771402,7110903010022,2297585,ASP,HRB,淺水灣/壽臣山,1984/11,1984,42,C,5.0,blank,blank,blank,,True
4511,2007-10-26,"PARKVIEW SUITE(Block 4,HONG KONG PARKVIEW),TAI TAM RESERVOIR RD|陽明山莊,4座(陽明居),大潭水塘道",11477.653041647958,2105,1747,"{'bay_window': '', 'flat_roof': '', 'roof': '', 'ac_platform': '', 'plant_room': '', 'garden': '', 'yard': ''}",19.2,18.101,10990,10361.190612478535,7111300840109,2300400,ASP,HRB,淺水灣/壽臣山,1989/11,1989,37,31,20.0,4,blank,HONG KONG PARKVIEW,陽明山莊,True
4512,2007-10-16,"SPLENDOUR VILLA,SOUTH BAY RD|雅景閣,南灣道",19600.76652631915,0,1008,"{'bay_window': '', 'flat_roof': '', 'roof': '', 'ac_platform': '', 'plant_room': '', 'garden': '', 'yard': ''}",19.8,17.8357,19643,17694.146825396827,7111301860172,2300466,ASP,HRB,淺水灣/壽臣山,1993/08,1993,33,E,0.0,blank,blank,blank,,True
4513,2007-10-15,"REPULSE BAY GARDEN(Block 2),BELLEVIEW DR|淺水灣新村2座,麗景道",14103.391738721708,2288,2110,"{'bay_window': '', 'flat_roof': '', 'roof': '', 'ac_platform': '', 'plant_room': '', 'garden': '', 'yard': ''}",28.2,26.8635,13365,12731.516587677725,7111400840012,2302074,PRO-ASP,HRB,淺水灣/壽臣山,1973/11,1973,53,whole floor,9.0,2,blank,REPULSE BAY GARDEN,淺水灣新村,True
4516,2007-10-20,"3 REPULSE BAY RD,REPULSE BAY RD|淺水灣三號,淺水灣道",28307.161692311234,2078,1741,"{'bay_window': '', 'flat_roof': '', 'roof': '', 'ac_platform': '', 'plant_room': '', 'garden': '', 'yard': ''}",47.2,44.4889,27111,25553.647329121195,7111402330011,2302213,PRO-ASP,HRB,淺水灣/壽臣山,1997/07,1997,29,B,23.0,blank,blank,blank,,True
4517,2007-10-23,"RIDGE COURT,REPULSE BAY RD|冠園,淺水灣道",15777.07220460523,0,1880,"{'bay_window': '', 'flat_roof': '', 'roof': '', 'ac_platform': '', 'plant_room': '', 'garden': '', 'yard': ''}",28.28,26.7757,15043,14242.393617021276,7111402630012,2302245,ASP,HRB,淺水灣/壽臣山,1962/08,1962,64,B,11.0,blank,blank,blank,,True
4521,2007-10-18,"SEA CLIFF MANSION(Block B),REPULSE BAY RD|海峰園B座,淺水灣道",16986.307250083126,0,1941,"{'bay_window': '', 'flat_roof': '', 'roof': '', 'ac_platform': '', 'plant_room': '', 'garden': '', 'yard': ''}",31.38,29.7633,16167,15334.003091190109,7111501330017,2303702,ASP,HRB,淺水灣/壽臣山,1964/05,1964,62,B1,9.0,B,blank,SEA CLIFF MANSION,海峰園,True
4522,2007-11-13,"37 REPULSE BAY RD(Block 1),REPULSE BAY RD|淺水灣道 37號1座,淺水灣道",16929.13262198883,1225,882,"{'bay_window': '56', 'flat_roof': '', 'roof': '', 'ac_platform': '', 'plant_room': '', 'garden': '', 'yard': ''}",16.0,14.1859,18141,16083.786848072563,7111600450182,2305439,ASP,HRB,淺水灣/壽臣山,1994/02,1994,32,A,17.0,1,blank,37 REPULSE BAY RD,淺水灣道 37號,True
4524,2007-10-16,"PARKVIEW RISE(Block 7,HONG KONG PARKVIEW),TAI TAM RESERVOIR RD|陽明山莊,7座(凌雲閣),大潭水塘道",12941.078452198193,1860,1466,"{'bay_window': '', 'flat_roof': '', 'roof': '', 'ac_platform': '', 'plant_room': '', 'garden': '', 'yard': ''}",18.38,17.126199999999997,12538,11682.26466575716,7111601820070,2305531,PRO-ASP,HRB,淺水灣/壽臣山,1988/00,1988,38,47,6.0,7,blank,HONG KONG PARKVIEW,陽明山莊,True
4525,2007-11-01,"THE BEACHSIDE(Block A),REPULSE BAY RD|THE BEACHSIDEA座,淺水灣道",11113.828432614364,928,688,"{'bay_window': '23', 'flat_roof': '', 'roof': '', 'ac_platform': '', 'plant_room': '', 'garden': '', 'yard': ''}",8.5,7.2645,12355,10558.866279069767,7111900010046,2305836,ASP,HRB,淺水灣/壽臣山,1993/12,1993,33,E,3.0,A,blank,THE BEACHSIDE,THE BEACHSIDE,True
4526,2007-11-08,"GRAND GARDEN(Block 1),SOUTH BAY RD|華景園1座,南灣道",17232.598280310875,3061,2663,"{'bay_window': '85', 'flat_roof': '', 'roof': '', 'ac_platform': '', 'plant_room': '', 'garden': '', 'yard': ''}",45.3,43.5989,17011,16372.09913631243,7111902370046,2307281,ASP,HRB,淺水灣/壽臣山,1986/12,1986,40,B,27.0,1,blank,GRAND GARDEN,華景園,True
4527,2007-10-26,"PARKVIEW SUITE(Block 4,HONG KONG PARKVIEW),TAI TAM RESERVOIR RD|陽明山莊,4座(陽明居),大潭水塘道",12771.881856492162,1857,1541,"{'bay_window': '', 'flat_roof': '', 'roof': '', 'ac_platform': '', 'plant_room': '', 'garden': '', 'yard': ''}",19.0,17.767,12330,11529.526281635302,7111902640042,2307320,ASP,HRB,淺水灣/壽臣山,1989/11,1989,37,29,9.0,4,blank,HONG KONG PARKVIEW,陽明山莊,True
4530,2007-10-25,"PARKVIEW RISE(Block 8,HONG KONG PARKVIEW),TAI TAM RESERVOIR RD|陽明山莊,8座(凌雲閣),大潭水塘道",13004.08665362146,2366,1939,"{'bay_window': '', 'flat_roof': '', 'roof': '', 'ac_platform': '', 'plant_room': '', 'garden': '', 'yard': ''}",24.0,22.7622,12378,11739.143888602372,7112001560274,2308753,ASP,HRB,淺水灣/壽臣山,1988/08,1988,38,53,10.0,8,blank,HONG KONG PARKVIEW,陽明山莊,True
4531,2007-10-24,"PARKVIEW SUITE(Block 3,HONG KONG PARKVIEW),TAI TAM RESERVOIR RD|陽明山莊,3座(陽明居),大潭水塘道",12611.60065324171,1290,976,"{'bay_window': '', 'flat_roof': '', 'roof': '', 'ac_platform': '', 'plant_room': '', 'garden': '', 'yard': ''}",12.38,11.1116,12684,11384.83606557377,7112002540033,2308861,ASP,HRB,淺水灣/壽臣山,1989/05,1989,37,21,6.0,3,blank,HONG KONG PARKVIEW,陽明山莊,True
4532,2007-10-31,"SPLENDOUR VILLA,SOUTH BAY RD|雅景閣,南灣道",22275.26446277956,0,1284,"{'bay_window': '', 'flat_roof': '', 'roof': '', 'ac_platform': '', 'plant_room': '', 'garden': '', 'yard': ''}",28.0,25.8193,21807,20108.48909657321,7112101640014,2310395,ASP,HRB,淺水灣/壽臣山,1993/08,1993,33,F,1.0,blank,blank,blank,,True
4534,2007-10-31,"SPLENDOUR VILLA,SOUTH BAY RD|雅景閣,南灣道",24083.416673030333,0,1109,"{'bay_window': '', 'flat_roof': '', 'roof': '', 'ac_platform': '', 'plant_room': '', 'garden': '', 'yard': ''}",26.5,24.1105,23895,21740.757439134355,7112101710202,2309333,PRO-ASP,HRB,淺水灣/壽臣山,1993/08,1993,33,C,3.0,blank,blank,blank,,True
4537,2007-11-06,"PARKVIEW CRESCENT(Block 10,HONG KONG PARKVIEW),TAI TAM RESERVOIR RD|陽明山莊,10座(環翠軒),大潭水塘道",13165.25542535863,2771,2342,"{'bay_window': '', 'flat_roof': '', 'roof': '', 'ac_platform': '', 'plant_room': '', 'garden': '', 'yard': ''}",30.6,29.2934,13066,12507.856532877882,7112201390018,2311793,ASP,HRB,淺水灣/壽臣山,1989/11,1989,37,61,9.0,10,blank,HONG KONG PARKVIEW,陽明山莊,True
4538,2007-11-15,"SOUTH BAY TOWERS,SOUTH BAY RD|南灣大廈,南灣道",12165.190527572073,1433,1145,"{'bay_window': '', 'flat_roof': '', 'roof': '', 'ac_platform': '', 'plant_room': '', 'garden': '', 'yard': ''}",14.5,13.2336,12664,11557.729257641922,7112201480055,2311799,ASP,HRB,淺水灣/壽臣山,1984/11,1984,42,A,6.0,blank,blank,blank,,True
4544,2007-11-05,"PARKVIEW RISE(Block 7,HONG KONG PARKVIEW),TAI TAM RESERVOIR RD|陽明山莊,7座(凌雲閣),大潭水塘道",14906.370732184,1924,1517,"{'bay_window': '', 'flat_roof': '', 'roof': '1393', 'ac_platform': '', 'plant_room': '', 'garden': '', 'yard': ''}",23.0,21.4838,15162,14162.030323005933,7112301070379,2313673,PRO-ASP,HRB,淺水灣/壽臣山,1988/00,1988,38,51,23.0,7,blank,HONG KONG PARKVIEW,陽明山莊,True
4545,2007-11-03,"PARKVIEW TERR(Block 11,HONG KONG PARKVIEW),TAI TAM RESERVOIR RD|陽明山莊,11座(涵碧苑),大潭水塘道",14697.810926028726,2490,2049,"{'bay_window': '', 'flat_roof': '', 'roof': '', 'ac_platform': '', 'plant_room': '', 'garden': '', 'yard': ''}",30.08,28.612,14680,13963.884821864323,7112301070383,2313674,PRO-ASP,HRB,淺水灣/壽臣山,1989/11,1989,37,67,18.0,11,blank,HONG KONG PARKVIEW,陽明山莊,True
4548,2007-11-07,"REPULSE BAY GARDEN(Block 3),BELLEVIEW DR|淺水灣新村3座,麗景道",14270.893984861883,2810,2625,"{'bay_window': '', 'flat_roof': '', 'roof': '', 'ac_platform': '', 'plant_room': '', 'garden': '', 'yard': ''}",37.0,35.5905,14095,13558.285714285714,7112602130101,2315489,PRO-ASP,HRB,淺水灣/壽臣山,1973/11,1973,53,whole floor,2.0,3,blank,REPULSE BAY GARDEN,淺水灣新村,True
4552,2007-11-15,"PARKVIEW SUITE(Block 3,HONG KONG PARKVIEW),TAI TAM RESERVOIR RD|陽明山莊,3座(陽明居),大潭水塘道",12653.5882381749,1235,1012,"{'bay_window': '', 'flat_roof': '', 'roof': '', 'ac_platform': '', 'plant_room': '', 'garden': '', 'yard': ''}",13.5,12.166,13340,12021.739130434782,7112701140167,2316917,ASP,HRB,淺水灣/壽臣山,1989/05,1989,37,25,19.0,3,blank,HONG KONG PARKVIEW,陽明山莊,True
4554,2007-11-07,"SOUTH BAY GARDEN(Block B),SOUTH BAY CLOSE|南灣花園B座,南灣坊",10777.683117856452,1542,1296,"{'bay_window': '', 'flat_roof': '', 'roof': '', 'ac_platform': '', 'plant_room': '', 'garden': '', 'yard': ''}",14.38,13.2704,11096,10239.506172839507,7112801140019,2318747,ASP,HRB,淺水灣/壽臣山,1985/09,1985,41,2,6.0,B,blank,SOUTH BAY GARDEN,南灣花園,True
4559,2007-10-30,"GRAND GARDEN(Block 3),SOUTH BAY RD|華景園3座,南灣道",13283.49366978716,1657,1217,"{'bay_window': '', 'flat_roof': '', 'roof': '', 'ac_platform': '', 'plant_room': '', 'garden': '', 'yard': ''}",15.9,14.5935,13065,11991.372226787182,7112902160043,2320561,PRO-ASP,HRB,淺水灣/壽臣山,1986/12,1986,40,B,8.0,3,blank,GRAND GARDEN,華景園,True
4560,2007-11-02,"GROSVENOR PLACE,REPULSE BAY RD|GROSVENOR PLACE,淺水灣道",28242.061861187416,2809,2191,"{'bay_window': '', 'flat_roof': '', 'roof': '', 'ac_platform': '', 'plant_room': '', 'garden': '', 'yard': ''}",61.6,58.7885,28115,26831.811958010043,7112902240139,2320573,ASP,HRB,淺水灣/壽臣山,2003/09,2003,23,whole floor,25.0,blank,blank,blank,,True
4562,2007-11-13,"RUBY COURT(Block 2),SOUTH BAY RD|嘉麟閣2座,南灣道",14906.370732184,1780,1517,"{'bay_window': '50', 'flat_roof': '', 'roof': '', 'ac_platform': '', 'plant_room': '', 'garden': '', 'yard': ''}",23.0,21.4838,15162,14162.030323005933,7113000350015,2322481,ASP,HRB,淺水灣/壽臣山,1987/05,1987,39,A,5.0,2,blank,RUBY COURT,嘉麟閣,True
4564,2007-11-17,"33 ISLAND RD,ISLAND RD|香島道33號,香島道",43747.25174376035,6079,4812,"{'bay_window': '', 'flat_roof': '477', 'roof': '', 'ac_platform': '', 'plant_room': '2389', 'garden': '', 'yard': ''}",200.0,200.0,41563,41562.75976724854,7113001690045,2322578,ASP,HRB,淺水灣/壽臣山,2004/11,2004,22,6,0.0,blank,blank,blank,,False
4575,2007-11-05,"CELESTIAL GARDEN,REPULSE BAY RD|詩禮花園,淺水灣道",16990.277161282498,0,1970,"{'bay_window': '', 'flat_roof': '', 'roof': '', 'ac_platform': '', 'plant_room': '', 'garden': '', 'yard': ''}",33.5,31.7995,17005,16141.878172588833,7120301800081,2324417,ASP,HRB,淺水灣/壽臣山,1978/09,1978,48,A,3.0,blank,blank,blank,,True
4577,2007-11-17,"PARKVIEW SUITE(Block 4,HONG KONG PARKVIEW),TAI TAM RESERVOIR RD|陽明山莊,4座(陽明居),大潭水塘道",12212.153202439284,2105,1747,"{'bay_window': '', 'flat_roof': '', 'roof': '', 'ac_platform': '', 'plant_room': '', 'garden': '', 'yard': ''}",21.5,20.2693,12307,11602.346880366342,7120401350148,2325978,PRO-ASP,HRB,淺水灣/壽臣山,1989/11,1989,37,31,11.0,4,blank,HONG KONG PARKVIEW,陽明山莊,True
4581,2007-11-09,"SOUTH BAY GARDEN(Block B),SOUTH BAY CLOSE|南灣花園B座,南灣坊",10777.683117856452,1542,1296,"{'bay_window': '', 'flat_roof': '', 'roof': '', 'ac_platform': '', 'plant_room': '', 'garden': '', 'yard': ''}",14.38,13.2704,11096,10239.506172839507,7120502010594,2327532,ASP,HRB,淺水灣/壽臣山,1985/09,1985,41,2,8.0,B,blank,SOUTH BAY GARDEN,南灣花園,True
4583,2007-11-23,"SPLENDOUR VILLA,SOUTH BAY RD|雅景閣,南灣道",23877.689794475362,0,1169,"{'bay_window': '', 'flat_roof': '', 'roof': '', 'ac_platform': '', 'plant_room': '', 'garden': '', 'yard': ''}",29.0,26.5192,24808,22685.372112917023,7120502150092,2327544,ASP,HRB,淺水灣/壽臣山,1993/08,1993,33,H,2.0,blank,blank,blank,,True
4589,2007-11-13,"REPULSE BAY GARDEN(Block 2),BELLEVIEW DR|淺水灣新村2座,麗景道",13961.420296048453,2288,2110,"{'bay_window': '', 'flat_roof': '', 'roof': '', 'ac_platform': '', 'plant_room': '', 'garden': '', 'yard': ''}",29.38,27.9876,13924,13264.265402843603,7121002700045,2332877,PRO-ASP,HRB,淺水灣/壽臣山,1973/11,1973,53,whole floor,3.0,2,blank,REPULSE BAY GARDEN,淺水灣新村,True
4593,2007-11-24,"PARKVIEW SUITE(Block 5,HONG KONG PARKVIEW),TAI TAM RESERVOIR RD|陽明山莊,5座(陽明居),大潭水塘道",13478.474053701493,1263,1012,"{'bay_window': '', 'flat_roof': '', 'roof': '', 'ac_platform': '', 'plant_room': '', 'garden': '', 'yard': ''}",14.38,12.9591,14209,12805.434782608696,7121102770028,2334696,PRO-ASP,HRB,淺水灣/壽臣山,1989/11,1989,37,37,16.0,5,blank,HONG KONG PARKVIEW,陽明山莊,True
4596,2007-11-23,"PARKVIEW SUITE(Block 3,HONG KONG PARKVIEW),TAI TAM RESERVOIR RD|陽明山莊,3座(陽明居),大潭水塘道",12486.51889861334,1290,976,"{'bay_window': '', 'flat_roof': '', 'roof': '', 'ac_platform': '', 'plant_room': '', 'garden': '', 'yard': ''}",12.9,11.5783,13217,11863.012295081968,7121301990046,2337629,ASP,HRB,淺水灣/壽臣山,1989/05,1989,37,21,8.0,3,blank,HONG KONG PARKVIEW,陽明山莊,True
4597,2007-11-23,"GROSVENOR PLACE,REPULSE BAY RD|GROSVENOR PLACE,淺水灣道",28333.77043700242,2809,2191,"{'bay_window': '', 'flat_roof': '', 'roof': '', 'ac_platform': '', 'plant_room': '', 'garden': '', 'yard': ''}",61.8,58.9794,28206,26918.941122774988,7121302300012,2337644,ASP,HRB,淺水灣/壽臣山,2003/09,2003,23,whole floor,6.0,blank,blank,blank,,True
4598,2007-12-06,"PARK PLACE(Block C),TAI TAM RESERVOIR RD|雅柏苑C座,大潭水塘道",20962.258403517928,2288,2075,"{'bay_window': '', 'flat_roof': '', 'roof': '', 'ac_platform': '', 'plant_room': '', 'garden': '', 'yard': ''}",44.8,42.641,21590,20549.87951807229,7121400540075,2339491,ASP,HRB,淺水灣/壽臣山,1985/01,1985,41,2,8.0,C,blank,PARK PLACE,雅柏苑,True
4599,2007-11-17,"PARKVIEW SUITE(Block 4,HONG KONG PARKVIEW),TAI TAM RESERVOIR RD|陽明山莊,4座(陽明居),大潭水塘道",13604.57962323932,1857,1541,"{'bay_window': '', 'flat_roof': '', 'roof': '', 'ac_platform': '', 'plant_room': '', 'garden': '', 'yard': ''}",21.3,19.9178,13822,12925.243348475016,7121400930240,2339510,ASP,HRB,淺水灣/壽臣山,1989/11,1989,37,29,16.0,4,blank,HONG KONG PARKVIEW,陽明山莊,True
4601,2007-11-15,"PARKVIEW RISE(Block 7,HONG KONG PARKVIEW),TAI TAM RESERVOIR RD|陽明山莊,7座(凌雲閣),大潭水塘道",13640.75453249026,2092,1649,"{'bay_window': '', 'flat_roof': '', 'roof': '', 'ac_platform': '', 'plant_room': '', 'garden': '', 'yard': ''}",22.75,21.3704,13796,12959.61188599151,7121401740207,2339561,PRO-ASP,HRB,淺水灣/壽臣山,1988/00,1988,38,49,11.0,7,blank,HONG KONG PARKVIEW,陽明山莊,True
4605,2007-11-05,"PARKVIEW SUITE(Block 5,HONG KONG PARKVIEW),TAI TAM RESERVOIR RD|陽明山莊,5座(陽明居),大潭水塘道",10874.30523097185,1312,1051,"{'bay_window': '', 'flat_roof': '', 'roof': '', 'ac_platform': '', 'plant_room': '', 'garden': '', 'yard': ''}",12.0,10.8582,11418,10331.303520456708,7121700160012,2341174,ASP,HRB,淺水灣/壽臣山,1989/11,1989,37,39,1.0,5,blank,HONG KONG PARKVIEW,陽明山莊,True
4607,2007-11-23,"PARKVIEW SUITE(Block 4,HONG KONG PARKVIEW),TAI TAM RESERVOIR RD|陽明山莊,4座(陽明居),大潭水塘道",13732.307403895104,1857,1541,"{'bay_window': '', 'flat_roof': '', 'roof': '', 'ac_platform': '', 'plant_room': '', 'garden': '', 'yard': ''}",21.5,20.1048,13952,13046.593121349773,7121701120016,2341244,ASP,HRB,淺水灣/壽臣山,1989/11,1989,37,29,11.0,4,blank,HONG KONG PARKVIEW,陽明山莊,True
4613,2007-11-26,"37 REPULSE BAY RD(Block 3),REPULSE BAY RD|淺水灣道 37號3座,淺水灣道",13543.401567783985,1220,882,"{'bay_window': '56', 'flat_roof': '', 'roof': '', 'ac_platform': '', 'plant_room': '', 'garden': '', 'yard': ''}",12.8,11.3488,14512,12867.120181405895,7121802580182,2343017,ASP,HRB,淺水灣/壽臣山,1994/02,1994,32,A,11.0,3,blank,37 REPULSE BAY RD,淺水灣道 37號,True
4616,2007-12-12,"SOUTH BAY PALACE(Block 1),SOUTH BAY CLOSE|南灣御苑1座,南灣坊",13832.395017735225,0,1367,"{'bay_window': '', 'flat_roof': '', 'roof': '', 'ac_platform': '', 'plant_room': '', 'garden': '', 'yard': ''}",20.0,18.5369,14631,13560.277980980249,7122102990028,2347310,PRO-ASP,HRB,淺水灣/壽臣山,2000/01,2000,26,C,2.0,1,blank,SOUTH BAY PALACE,南灣御苑,True
4617,2007-12-04,"UNICORN GARDENS(Block K-L),SHOUSON HILL RD E|麒麟閣K-L座,壽臣山道東",13293.008704673452,1714,1657,"{'bay_window': '', 'flat_roof': '', 'roof': '', 'ac_platform': '', 'plant_room': '', 'garden': '', 'yard': ''}",22.98,21.5932,13868,13031.502715751358,7122400290049,2350819,PRO-ASP,HRB,淺水灣/壽臣山,9999,9999,-7973,L,2.0,K-L,blank,UNICORN GARDENS,麒麟閣,True
4620,2007-12-05,"SOUTH BAY TOWERS,SOUTH BAY RD|南灣大廈,南灣道",13181.619173098517,2738,2161,"{'bay_window': '107', 'flat_roof': '', 'roof': '', 'ac_platform': '', 'plant_room': '', 'garden': '', 'yard': ''}",29.28,27.9251,13549,12922.304488662656,7122701700178,2352792,ASP,HRB,淺水灣/壽臣山,1984/11,1984,42,C,7.0,blank,blank,blank,,True
4623,2007-12-17,"PARKVIEW SUITE(Block 5,HONG KONG PARKVIEW),TAI TAM RESERVOIR RD|陽明山莊,5座(陽明居),大潭水塘道",12295.061364826302,1312,1051,"{'bay_window': '', 'flat_roof': '', 'roof': '', 'ac_platform': '', 'plant_room': '', 'garden': '', 'yard': ''}",14.0,12.6679,13321,12053.187440532825,7122801620222,2355149,ASP,HRB,淺水灣/壽臣山,1989/11,1989,37,39,11.0,5,blank,HONG KONG PARKVIEW,陽明山莊,True
4626,2007-12-07,"TWIN BROOK,REPULSE BAY RD|雙溪,淺水灣道",21498.418264351683,5400,4880,"{'bay_window': '', 'flat_roof': '', 'roof': '', 'ac_platform': '', 'plant_room': '', 'garden': '', 'yard': ''}",105.0,102.8484,21516,21075.491803278688,7123100720361,2357026,PRO-ASP,HRB,淺水灣/壽臣山,1974/04,1974,52,B,1718.0,blank,blank,blank,,True
4627,2007-12-21,"PARKVIEW SUITE(Block 3,HONG KONG PARKVIEW),TAI TAM RESERVOIR RD|陽明山莊,3座(陽明居),大潭水塘道",11186.5661057147,1275,994,"{'bay_window': '', 'flat_roof': '', 'roof': '', 'ac_platform': '', 'plant_room': '', 'garden': '', 'yard': ''}",12.12,10.9007,12193,10966.498993963784,7123102960179,2357233,ASP,HRB,淺水灣/壽臣山,1989/05,1989,37,27,2.0,3,blank,HONG KONG PARKVIEW,陽明山莊,True
4629,2007-12-10,"SOUTH BAY PALACE(Block 1),SOUTH BAY CLOSE|南灣御苑1座,南灣坊",24967.205452298786,0,2838,"{'bay_window': '', 'flat_roof': '', 'roof': '', 'ac_platform': '', 'plant_room': '', 'garden': '', 'yard': ''}",72.0,69.463,25370,24476.03946441156,8010300310033,2359979,ASP,HRB,淺水灣/壽臣山,2000/01,2000,26,B,8.0,1,blank,SOUTH BAY PALACE,南灣御苑,True
4633,2007-12-08,"SEA CLIFF MANSION(Block B),REPULSE BAY RD|海峰園B座,淺水灣道",19041.20215803631,0,1941,"{'bay_window': '', 'flat_roof': '', 'roof': '', 'ac_platform': '', 'plant_room': '', 'garden': '', 'yard': ''}",38.2,36.2319,19681,18666.61514683153,8010301830167,2360076,ASP,HRB,淺水灣/壽臣山,1964/05,1964,62,B1,3.0,B,blank,SEA CLIFF MANSION,海峰園,True
4634,2007-12-27,"SOUTH BAY GARDEN(Block B),SOUTH BAY CLOSE|南灣花園B座,南灣坊",11026.09229828985,1542,1296,"{'bay_window': '', 'flat_roof': '', 'roof': '', 'ac_platform': '', 'plant_room': '', 'garden': '', 'yard': ''}",15.18,14.0087,11713,10809.182098765432,8010400190040,2362301,ASP,HRB,淺水灣/壽臣山,1985/09,1985,41,2,1.0,B,blank,SOUTH BAY GARDEN,南灣花園,True
4635,2007-12-12,"CELESTIAL GARDEN,REPULSE BAY RD|詩禮花園,淺水灣道",18864.408540795324,0,1970,"{'bay_window': '', 'flat_roof': '', 'roof': '', 'ac_platform': '', 'plant_room': '', 'garden': '', 'yard': ''}",38.38,36.4318,19482,18493.299492385788,8010401610262,2362413,ASP,HRB,淺水灣/壽臣山,1978/09,1978,48,A,5.0,blank,blank,blank,,True
4637,2007-12-19,"REPULSE BAY GARDEN(Block 11),BELLEVIEW DR|淺水灣新村11座,麗景道",16280.874051872392,1728,1459,"{'bay_window': '', 'flat_roof': '', 'roof': '', 'ac_platform': '', 'plant_room': '', 'garden': '', 'yard': ''}",25.0,23.2865,17135,15960.589444825222,8010402630043,2362509,ASP,HRB,淺水灣/壽臣山,1976/12,1976,50,whole floor,8.0,11,blank,REPULSE BAY GARDEN,淺水灣新村,True
4640,2007-12-10,"BAY VILLAS,SHOUSON HILL RD|南源,壽山村道",40033.015216884174,5443,4082,"{'bay_window': '', 'flat_roof': '', 'roof': '549', 'ac_platform': '', 'plant_room': '', 'garden': '', 'yard': '113'}",160.2,160.2,39245,39245.46790788829,8010802900051,2365105,PRO-ASP,HRB,淺水灣/壽臣山,2003/04,2003,23,whole floor,0.0,blank,blank,blank,,False
4641,2007-09-27,"37 REPULSE BAY RD(Block 2),REPULSE BAY RD|淺水灣道 37號2座,淺水灣道",19965.90796819752,1635,1236,"{'bay_window': '32', 'flat_roof': '', 'roof': '', 'ac_platform': '', 'plant_room': '', 'garden': '', 'yard': ''}",23.35,21.460800000000003,18892,17363.106796116506,8010802950010,2366089,ASP,HRB,淺水灣/壽臣山,1994/02,1994,32,A,20.0,2,blank,37 REPULSE BAY RD,淺水灣道 37號,True
4642,2007-12-14,"56 REPULSE BAY RD,REPULSE BAY RD|淺水灣道56號,淺水灣道",36223.635174353316,2813,2131,"{'bay_window': '', 'flat_roof': '', 'roof': '', 'ac_platform': '', 'plant_room': '', 'garden': '', 'yard': ''}",79.4,75.674,37260,35511.02768653214,8010803120099,2366111,PRO-ASP,HRB,淺水灣/壽臣山,1994/04,1994,32,35,0.0,blank,blank,blank,,True
4647,2007-12-19,"REPULSE BAY GARDEN(Block 3),BELLEVIEW DR|淺水灣新村3座,麗景道",16082.476887749084,2810,2625,"{'bay_window': '', 'flat_roof': '', 'roof': '', 'ac_platform': '', 'plant_room': '', 'garden': '', 'yard': ''}",43.025,41.386,16390,15766.095238095239,8011001660019,2369544,ASP,HRB,淺水灣/壽臣山,1973/11,1973,53,whole floor,17.0,3,blank,REPULSE BAY GARDEN,淺水灣新村,True
4649,2007-12-14,"SEA CLIFF MANSION(Block B),REPULSE BAY RD|海峰園B座,淺水灣道",18443.08855714701,0,1941,"{'bay_window': '', 'flat_roof': '', 'roof': '', 'ac_platform': '', 'plant_room': '', 'garden': '', 'yard': ''}",37.0,35.0938,19062,18080.26790314271,8011101360175,2371883,PRO-ASP,HRB,淺水灣/壽臣山,1964/05,1964,62,B1,7.0,B,blank,SEA CLIFF MANSION,海峰園,True
4652,2007-12-21,"REPULSE BAY GARDEN(Block 2),BELLEVIEW DR|淺水灣新村2座,麗景道",13815.964422887484,2288,2110,"{'bay_window': '', 'flat_roof': '', 'roof': '', 'ac_platform': '', 'plant_room': '', 'garden': '', 'yard': ''}",30.0,28.5782,14218,13544.170616113744,8011402280040,2373872,ASP,HRB,淺水灣/壽臣山,1973/11,1973,53,whole floor,1.0,2,blank,REPULSE BAY GARDEN,淺水灣新村,True
4654,2007-12-21,"THE BEACHSIDE(Block A),REPULSE BAY RD|THE BEACHSIDEA座,淺水灣道",12328.197883365494,917,677,"{'bay_window': '23', 'flat_roof': '', 'roof': '', 'ac_platform': '', 'plant_room': '', 'garden': '', 'yard': ''}",9.6,8.182,14180,12085.672082717872,8011601910024,2377803,ASP,HRB,淺水灣/壽臣山,1993/12,1993,33,D,3.0,A,blank,THE BEACHSIDE,THE BEACHSIDE,True
4663,2008-01-17,"37 REPULSE BAY RD(Block 3),REPULSE BAY RD|淺水灣道 37號3座,淺水灣道",14126.438519328445,1220,882,"{'bay_window': '56', 'flat_roof': '', 'roof': '', 'ac_platform': '', 'plant_room': '', 'garden': '', 'yard': ''}",14.5,12.856,16440,14575.963718820862,8012302830034,2387497,ASP,HRB,淺水灣/壽臣山,1994/02,1994,32,A,17.0,3,blank,37 REPULSE BAY RD,淺水灣道 37號,True
4667,2007-12-28,"RUBY COURT(Block 2),SOUTH BAY RD|嘉麟閣2座,南灣道",16958.66790943598,1780,1517,"{'bay_window': '50', 'flat_roof': '', 'roof': '', 'ac_platform': '', 'plant_room': '', 'garden': '', 'yard': ''}",27.0,25.2202,17798,16625.049439683586,8012402780108,2389077,PRO-ASP,HRB,淺水灣/壽臣山,1987/05,1987,39,A,19.0,2,blank,RUBY COURT,嘉麟閣,True
4673,2008-01-02,"GROSVENOR PLACE,REPULSE BAY RD|GROSVENOR PLACE,淺水灣道",23716.28321656506,2809,2191,"{'bay_window': '', 'flat_roof': '', 'roof': '', 'ac_platform': '', 'plant_room': '', 'garden': '', 'yard': ''}",56.18,53.6159,25641,24470.972158831584,8012801990112,2393417,ASP,HRB,淺水灣/壽臣山,2003/09,2003,23,whole floor,22.0,blank,blank,blank,,True
4681,2008-01-14,"SOUTH BAY TOWERS,SOUTH BAY RD|南灣大廈,南灣道",11433.038853526448,1433,1145,"{'bay_window': '', 'flat_roof': '', 'roof': '', 'ac_platform': '', 'plant_room': '', 'garden': '', 'yard': ''}",14.8,13.5074,12926,11796.855895196506,8013102890163,2398597,ASP,HRB,淺水灣/壽臣山,1984/11,1984,42,D,15.0,blank,blank,blank,,True
4683,2008-01-15,"PINE CREST,REPULSE BAY RD|松苑,淺水灣道",16992.671751277205,2250,1862,"{'bay_window': '', 'flat_roof': '', 'roof': '', 'ac_platform': '', 'plant_room': '', 'garden': '', 'yard': ''}",34.5,32.6472,18528,17533.404940923734,8020102650025,2400778,ASP,HRB,淺水灣/壽臣山,1982/11,1982,44,A,1.0,blank,blank,blank,,True
4686,2008-01-19,"GRAND GARDEN(Block 1),SOUTH BAY RD|華景園1座,南灣道",15411.824908549368,3061,2663,"{'bay_window': '', 'flat_roof': '', 'roof': '', 'ac_platform': '', 'plant_room': '', 'garden': '', 'yard': ''}",44.0,42.3477,16523,15902.253098009764,8020501560046,2404891,PRO-ASP,HRB,淺水灣/壽臣山,1986/12,1986,40,B,17.0,1,blank,GRAND GARDEN,華景園,True
4690,2008-01-17,"PARKVIEW CRESCENT(Block 10,HONG KONG PARKVIEW),TAI TAM RESERVOIR RD|陽明山莊,10座(環翠軒),大潭水塘道",13177.470058710584,2771,2342,"{'bay_window': '', 'flat_roof': '', 'roof': '', 'ac_platform': '', 'plant_room': '', 'garden': '', 'yard': ''}",33.264,31.8437,14203,13596.797608881297,8020502610119,2404971,PRO-ASP,HRB,淺水灣/壽臣山,1989/11,1989,37,63,5.0,10,blank,HONG KONG PARKVIEW,陽明山莊,True
4697,2008-01-24,"PARKVIEW RISE(Block 7,HONG KONG PARKVIEW),TAI TAM RESERVOIR RD|陽明山莊,7座(凌雲閣),大潭水塘道",14795.879252539382,2092,1649,"{'bay_window': '', 'flat_roof': '', 'roof': '', 'ac_platform': '', 'plant_room': '', 'garden': '', 'yard': ''}",26.8,25.1748,16252,15266.707095209218,8021201900057,2409109,ASP,HRB,淺水灣/壽臣山,1988/00,1988,38,49,7.0,7,blank,HONG KONG PARKVIEW,陽明山莊,True
4699,2008-01-28,"PARKVIEW RISE(Block 7,HONG KONG PARKVIEW),TAI TAM RESERVOIR RD|陽明山莊,7座(凌雲閣),大潭水塘道",14660.690974931287,1860,1466,"{'bay_window': '', 'flat_roof': '', 'roof': '', 'ac_platform': '', 'plant_room': '', 'garden': '', 'yard': ''}",23.8,22.1765,16235,15127.216916780355,8021400300026,2413661,ASP,HRB,淺水灣/壽臣山,1988/00,1988,38,47,12.0,7,blank,HONG KONG PARKVIEW,陽明山莊,True
4700,2008-01-25,"SOUTH BAY TOWERS,SOUTH BAY RD|南灣大廈,南灣道",12823.550441883444,1433,1145,"{'bay_window': '', 'flat_roof': '', 'roof': '', 'ac_platform': '', 'plant_room': '', 'garden': '', 'yard': ''}",16.6,15.150200000000002,14498,13231.61572052402,8021402310041,2413790,ASP,HRB,淺水灣/壽臣山,1984/11,1984,42,D,25.0,blank,blank,blank,,True
4701,2008-01-28,"PARKVIEW SUITE(Block 3,HONG KONG PARKVIEW),TAI TAM RESERVOIR RD|陽明山莊,3座(陽明居),大潭水塘道",13808.612241388468,1235,1012,"{'bay_window': '', 'flat_roof': '', 'roof': '', 'ac_platform': '', 'plant_room': '', 'garden': '', 'yard': ''}",16.0,14.419,15810,14248.02371541502,8021402800122,2412617,ASP,HRB,淺水灣/壽臣山,1989/05,1989,37,25,3.0,3,blank,HONG KONG PARKVIEW,陽明山莊,True
4703,2008-02-05,"PARKVIEW RISE(Block 7,HONG KONG PARKVIEW),TAI TAM RESERVOIR RD|陽明山莊,7座(凌雲閣),大潭水塘道",14570.119233127656,2092,1649,"{'bay_window': '', 'flat_roof': '', 'roof': '', 'ac_platform': '', 'plant_room': '', 'garden': '', 'yard': ''}",27.1,25.4566,16434,15437.598544572467,8021802160018,2417685,PRO-ASP,HRB,淺水灣/壽臣山,1988/00,1988,38,49,19.0,7,blank,HONG KONG PARKVIEW,陽明山莊,True
4704,2008-01-22,"RUBY COURT(Block 2),SOUTH BAY RD|嘉麟閣2座,南灣道",16589.69081652524,1780,1517,"{'bay_window': '50', 'flat_roof': '', 'roof': '', 'ac_platform': '', 'plant_room': '', 'garden': '', 'yard': ''}",27.8,25.9674,18326,17117.600527356626,8021802390390,2417699,PRO-ASP,HRB,淺水灣/壽臣山,1987/05,1987,39,B,7.0,2,blank,RUBY COURT,嘉麟閣,True
4705,2008-02-01,"TWIN BROOK,REPULSE BAY RD|雙溪,淺水灣道",19215.376460627882,2700,2440,"{'bay_window': '', 'flat_roof': '', 'roof': '', 'ac_platform': '', 'plant_room': '', 'garden': '', 'yard': ''}",51.8,49.677,21230,20359.426229508197,8021901310013,2419183,ASP,HRB,淺水灣/壽臣山,1974/04,1974,52,B,8.0,blank,blank,blank,,True
4710,2008-01-28,"SOUTH BAY PALACE(Block 1),SOUTH BAY CLOSE|南灣御苑1座,南灣坊",16788.595479732445,0,1905,"{'bay_window': '', 'flat_roof': '', 'roof': '', 'ac_platform': '', 'plant_room': '', 'garden': '', 'yard': ''}",33.0,33.0,17323,17322.834645669293,8022102030090,2422459,ASP,HRB,淺水灣/壽臣山,2000/01,2000,26,A,9.0,1,blank,SOUTH BAY PALACE,南灣御苑,False
4711,2008-01-18,"RUBY COURT(Block 2),SOUTH BAY RD|嘉麟閣2座,南灣道",14620.450038747818,1780,1517,"{'bay_window': '50', 'flat_roof': '', 'roof': '', 'ac_platform': '', 'plant_room': '', 'garden': '', 'yard': ''}",24.5,22.885,16150,15085.69545154911,8022102400016,2422482,ASP,HRB,淺水灣/壽臣山,1987/05,1987,39,B,1.0,2,blank,RUBY COURT,嘉麟閣,True
4712,2008-02-13,"3 REPULSE BAY RD,REPULSE BAY RD|淺水灣三號,淺水灣道",27336.857248604356,2078,1741,"{'bay_window': '9', 'flat_roof': '', 'roof': '', 'ac_platform': '', 'plant_room': '', 'garden': '20', 'yard': ''}",53.5,50.4271,30729,28964.445720850086,8022200540023,2424317,ASP,HRB,淺水灣/壽臣山,1997/07,1997,29,B,15.0,blank,blank,blank,,True
4714,2008-02-14,"SOUTH BAY PALACE(Block 1),SOUTH BAY CLOSE|南灣御苑1座,南灣坊",16349.418953629498,0,1905,"{'bay_window': '', 'flat_roof': '', 'roof': '', 'ac_platform': '', 'plant_room': '', 'garden': '', 'yard': ''}",33.0,33.0,17321,17322.834645669293,8022501470056,2426112,ASP,HRB,淺水灣/壽臣山,2000/01,2000,26,A,8.0,1,blank,SOUTH BAY PALACE,南灣御苑,False
4719,2008-02-15,"PARKVIEW SUITE(Block 3,HONG KONG PARKVIEW),TAI TAM RESERVOIR RD|陽明山莊,3座(陽明居),大潭水塘道",11955.684567330107,1275,994,"{'bay_window': '', 'flat_roof': '', 'roof': '', 'ac_platform': '', 'plant_room': '', 'garden': '', 'yard': ''}",14.0,12.5915,14085,12667.505030181086,8022700390019,2429361,ASP,HRB,淺水灣/壽臣山,1989/05,1989,37,27,1.0,3,blank,HONG KONG PARKVIEW,陽明山莊,True
4726,2008-02-06,"GRAND GARDEN(Block 2),SOUTH BAY RD|華景園2座,南灣道",14370.160639105829,1820,1395,"{'bay_window': '46', 'flat_roof': '', 'roof': '', 'ac_platform': '', 'plant_room': '', 'garden': '', 'yard': ''}",22.88,21.2399,16401,15225.73476702509,8030302240508,2434469,ASP,HRB,淺水灣/壽臣山,1986/12,1986,40,A,13.0,2,blank,GRAND GARDEN,華景園,True
4731,2008-02-29,"SOUTH BAY TOWERS,SOUTH BAY RD|南灣大廈,南灣道",11133.959499773875,1433,1145,"{'bay_window': '', 'flat_roof': '', 'roof': '', 'ac_platform': '', 'plant_room': '', 'garden': '', 'yard': ''}",14.8,13.5074,12926,11796.855895196506,8031100290026,2440957,ASP,HRB,淺水灣/壽臣山,1984/11,1984,42,D,6.0,blank,blank,blank,,True
4736,2008-03-04,"PARKVIEW RISE(Block 7,HONG KONG PARKVIEW),TAI TAM RESERVOIR RD|陽明山莊,7座(凌雲閣),大潭水塘道",15451.144569233797,1860,1466,"{'bay_window': '', 'flat_roof': '', 'roof': '', 'ac_platform': '', 'plant_room': '', 'garden': '', 'yard': ''}",25.75,23.9935,17565,16366.643929058662,8031202840093,2442272,ASP,HRB,淺水灣/壽臣山,1988/00,1988,38,47,5.0,7,blank,HONG KONG PARKVIEW,陽明山莊,True
4738,2008-03-03,"GROSVENOR PLACE,REPULSE BAY RD|GROSVENOR PLACE,淺水灣道",27962.709458668338,2809,2191,"{'bay_window': '', 'flat_roof': '', 'roof': '', 'ac_platform': '', 'plant_room': '', 'garden': '', 'yard': ''}",68.0,64.8964,31036,29619.534459151073,8031301640070,2443426,ASP,HRB,淺水灣/壽臣山,2003/09,2003,23,whole floor,10.0,blank,blank,blank,,True
4741,2008-02-26,"PARKVIEW SUITE(Block 3,HONG KONG PARKVIEW),TAI TAM RESERVOIR RD|陽明山莊,3座(陽明居),大潭水塘道",13195.210386242334,1235,1012,"{'bay_window': '', 'flat_roof': '', 'roof': '', 'ac_platform': '', 'plant_room': '', 'garden': '', 'yard': ''}",15.7,14.1486,15514,13980.830039525692,8031701430015,2446569,ASP,HRB,淺水灣/壽臣山,1989/05,1989,37,25,10.0,3,blank,HONG KONG PARKVIEW,陽明山莊,True
4744,2008-03-12,"MONTE VERDE,REPULSE BAY RD|南山別墅,淺水灣道",22854.51527058417,2215,1960,"{'bay_window': '', 'flat_roof': '', 'roof': '', 'ac_platform': '', 'plant_room': '', 'garden': '', 'yard': ''}",50.0,47.449,25510,24208.673469387755,8031902350011,2449755,ASP,HRB,淺水灣/壽臣山,1974/05,1974,52,B,20.0,blank,blank,blank,,True
4746,2008-02-26,"SOUTH BAY PALACE(Block 1),SOUTH BAY CLOSE|南灣御苑1座,南灣坊",13447.845797177008,0,1373,"{'bay_window': '', 'flat_roof': '', 'roof': '', 'ac_platform': '', 'plant_room': '', 'garden': '', 'yard': ''}",21.1,19.5632,15368,14248.506919155136,8032000400015,2450058,PRO-ASP,HRB,淺水灣/壽臣山,2000/01,2000,26,C,3.0,1,blank,SOUTH BAY PALACE,南灣御苑,True
4747,2008-03-07,"PARKVIEW SUITE(Block 5,HONG KONG PARKVIEW),TAI TAM RESERVOIR RD|陽明山莊,5座(陽明居),大潭水塘道",12296.489865695943,1299,1041,"{'bay_window': '', 'flat_roof': '', 'roof': '', 'ac_platform': '', 'plant_room': '', 'garden': '', 'yard': ''}",15.0,13.5591,14409,13025.07204610951,8032601210012,2455738,ASP,HRB,淺水灣/壽臣山,1989/11,1989,37,35,20.0,5,blank,HONG KONG PARKVIEW,陽明山莊,True
4748,2008-03-04,"REPULSE BAY GARDEN(Block 7),BELLEVIEW DR|淺水灣新村7座,麗景道",14653.380517897602,2288,2110,"{'bay_window': '', 'flat_roof': '', 'roof': '', 'ac_platform': '', 'plant_room': '', 'garden': '', 'yard': ''}",34.38,32.750600000000006,16294,15521.611374407586,8032601560698,2455758,ASP,HRB,淺水灣/壽臣山,1973/11,1973,53,whole floor,13.0,7,blank,REPULSE BAY GARDEN,淺水灣新村,True
4752,2008-03-19,"PARKVIEW SUITE(Block 4,HONG KONG PARKVIEW),TAI TAM RESERVOIR RD|陽明山莊,4座(陽明居),大潭水塘道",11717.568507407463,2105,1747,"{'bay_window': '', 'flat_roof': '', 'roof': '', 'ac_platform': '', 'plant_room': '', 'garden': '', 'yard': ''}",23.0,21.6835,13165,12411.848883800802,8040702970283,2467503,ASP,HRB,淺水灣/壽臣山,1989/11,1989,37,31,18.0,4,blank,HONG KONG PARKVIEW,陽明山莊,True
4753,2008-03-15,"37 REPULSE BAY RD(Block 1),REPULSE BAY RD|淺水灣道 37號1座,淺水灣道",17082.190239640076,1225,882,"{'bay_window': '56', 'flat_roof': '', 'roof': '', 'ac_platform': '', 'plant_room': '', 'garden': '', 'yard': ''}",18.0,15.9592,20408,18094.331065759638,8040901490030,2471853,ASP,HRB,淺水灣/壽臣山,1994/02,1994,32,A,2.0,1,blank,37 REPULSE BAY RD,淺水灣道 37號,True
4754,2008-03-20,"PARKVIEW SUITE(Block 3,HONG KONG PARKVIEW),TAI TAM RESERVOIR RD|陽明山莊,3座(陽明居),大潭水塘道",12544.616989900896,1290,1091,"{'bay_window': '', 'flat_roof': '', 'roof': '', 'ac_platform': '', 'plant_room': '', 'garden': '', 'yard': ''}",15.96,14.4971,14629,13287.901008249313,8040901750249,2470818,ASP,HRB,淺水灣/壽臣山,1989/05,1989,37,21,20.0,3,blank,HONG KONG PARKVIEW,陽明山莊,True
4757,2008-04-09,"PARKVIEW SUITE(Block 4,HONG KONG PARKVIEW),TAI TAM RESERVOIR RD|陽明山莊,4座(陽明居),大潭水塘道",12725.356591599857,2105,1747,"{'bay_window': '', 'flat_roof': '', 'roof': '', 'ac_platform': '', 'plant_room': '', 'garden': '', 'yard': ''}",24.5,23.0976,14024,13221.293646250715,8042202680312,2484000,ASP,HRB,淺水灣/壽臣山,1989/11,1989,37,31,19.0,4,blank,HONG KONG PARKVIEW,陽明山莊,True
4758,2008-04-14,"SOUTH BAY PALACE(Block 1),SOUTH BAY CLOSE|南灣御苑1座,南灣坊",16653.63715838932,0,1424,"{'bay_window': '', 'flat_roof': '', 'roof': '', 'ac_platform': '', 'plant_room': '', 'garden': '', 'yard': ''}",26.5,24.639,18610,17302.66853932584,8042301500099,2484295,ASP,HRB,淺水灣/壽臣山,2000/01,2000,26,B,3.0,1,blank,SOUTH BAY PALACE,南灣御苑,True
4759,2008-04-19,"SOUTH BAY PALACE(Block 1),SOUTH BAY CLOSE|南灣御苑1座,南灣坊",14558.020695338726,0,1903,"{'bay_window': '', 'flat_roof': '', 'roof': '', 'ac_platform': '', 'plant_room': '', 'garden': '', 'yard': ''}",30.38,28.7836,15964,15125.380977404098,8042500420143,2486800,ASP,HRB,淺水灣/壽臣山,2000/01,2000,26,A,2.0,1,blank,SOUTH BAY PALACE,南灣御苑,True
4764,2008-04-26,"PARKVIEW RISE(Block 6,HONG KONG PARKVIEW),TAI TAM RESERVOIR RD|陽明山莊,6座(凌雲閣),大潭水塘道",14413.751101648186,2722,2199,"{'bay_window': '', 'flat_roof': '', 'roof': '', 'ac_platform': '', 'plant_room': '', 'garden': '', 'yard': ''}",34.5,32.9311,15689,14975.488858572078,8050502510023,2493908,ASP,HRB,淺水灣/壽臣山,1989/11,1989,37,43,7.0,6,blank,HONG KONG PARKVIEW,陽明山莊,True
4767,2008-05-14,"PARKVIEW SUITE(Block 4,HONG KONG PARKVIEW),TAI TAM RESERVOIR RD|陽明山莊,4座(陽明居),大潭水塘道",12217.780970826649,2105,1747,"{'bay_window': '', 'flat_roof': '', 'roof': '', 'ac_platform': '', 'plant_room': '', 'garden': '', 'yard': ''}",23.5,22.1548,13452,12681.625643961077,8051901890025,2505941,ASP,HRB,淺水灣/壽臣山,1989/11,1989,37,31,7.0,4,blank,HONG KONG PARKVIEW,陽明山莊,True
4768,2007-04-22,"THE BEACHSIDE(Block A),REPULSE BAY RD|THE BEACHSIDEA座,淺水灣道",13600.778740859747,929,688,"{'bay_window': '20', 'flat_roof': '', 'roof': '', 'ac_platform': '', 'plant_room': '', 'garden': '', 'yard': ''}",8.88,7.589300000000001,12907,11030.959302325582,8052001730062,2507378,PRO-ASP,HRB,淺水灣/壽臣山,1993/12,1993,33,F,3.0,A,blank,THE BEACHSIDE,THE BEACHSIDE,True
4770,2008-05-20,"PARKVIEW SUITE(Block 5,HONG KONG PARKVIEW),TAI TAM RESERVOIR RD|陽明山莊,5座(陽明居),大潭水塘道",14155.857423150934,1263,1012,"{'bay_window': '', 'flat_roof': '', 'roof': '', 'ac_platform': '', 'plant_room': '', 'garden': '', 'yard': ''}",16.5,14.8696,16304,14693.280632411068,8052602630202,2514236,ASP,HRB,淺水灣/壽臣山,1989/11,1989,37,37,23.0,5,blank,HONG KONG PARKVIEW,陽明山莊,True
4771,2008-05-20,"PARKVIEW SUITE(Block 5,HONG KONG PARKVIEW),TAI TAM RESERVOIR RD|陽明山莊,5座(陽明居),大潭水塘道",12889.471572947903,1309,1048,"{'bay_window': '', 'flat_roof': '', 'roof': '', 'ac_platform': '', 'plant_room': '', 'garden': '', 'yard': ''}",15.5,14.021,14790,13378.81679389313,8052602630220,2514237,ASP,HRB,淺水灣/壽臣山,1989/11,1989,37,41,22.0,5,blank,HONG KONG PARKVIEW,陽明山莊,True
4772,2008-05-22,"PARKVIEW SUITE(Block 5,HONG KONG PARKVIEW),TAI TAM RESERVOIR RD|陽明山莊,5座(陽明居),大潭水塘道",12265.820084816683,1309,1048,"{'bay_window': '', 'flat_roof': '', 'roof': '', 'ac_platform': '', 'plant_room': '', 'garden': '', 'yard': ''}",14.75,13.3426,14074,12731.488549618321,8052602970047,2514260,ASP,HRB,淺水灣/壽臣山,1989/11,1989,37,41,9.0,5,blank,HONG KONG PARKVIEW,陽明山莊,True
4773,2008-05-13,"37 REPULSE BAY RD(Block 1),REPULSE BAY RD|淺水灣道 37號1座,淺水灣道",17432.510624562485,1225,882,"{'bay_window': '56', 'flat_roof': '', 'roof': '', 'ac_platform': '', 'plant_room': '', 'garden': '', 'yard': ''}",18.0,15.9592,20408,18094.331065759638,8052701010065,2515704,ASP,HRB,淺水灣/壽臣山,1994/02,1994,32,A,11.0,1,blank,37 REPULSE BAY RD,淺水灣道 37號,True
4775,2008-05-11,"PARKVIEW SUITE(Block 4,HONG KONG PARKVIEW),TAI TAM RESERVOIR RD|陽明山莊,4座(陽明居),大潭水塘道",15274.873285439171,2105,1747,"{'bay_window': '', 'flat_roof': '', 'roof': '', 'ac_platform': '', 'plant_room': '', 'garden': '', 'yard': ''}",29.38,27.6983,16817,15854.779622209502,8052800390013,2517161,PRO-ASP,HRB,淺水灣/壽臣山,1989/11,1989,37,31,17.0,4,blank,HONG KONG PARKVIEW,陽明山莊,True
4776,2008-04-30,"PARKVIEW SUITE(Block 5,HONG KONG PARKVIEW),TAI TAM RESERVOIR RD|陽明山莊,5座(陽明居),大潭水塘道",13043.110621692296,1309,1048,"{'bay_window': '', 'flat_roof': '', 'roof': '', 'ac_platform': '', 'plant_room': '', 'garden': '', 'yard': ''}",15.7,14.201899999999998,14981,13551.431297709922,8052801790447,2517213,PRO-ASP,HRB,淺水灣/壽臣山,1989/11,1989,37,41,21.0,5,blank,HONG KONG PARKVIEW,陽明山莊,True
4778,2008-05-16,"SOUTH BAY TOWERS,SOUTH BAY RD|南灣大廈,南灣道",12286.893918355358,1433,1145,"{'bay_window': '', 'flat_roof': '', 'roof': '', 'ac_platform': '', 'plant_room': '', 'garden': '', 'yard': ''}",16.0,14.6026,13974,12753.362445414847,8053002510122,2520207,PRO-ASP,HRB,淺水灣/壽臣山,1984/11,1984,42,A,15.0,blank,blank,blank,,True
4779,2008-05-07,"THE BEACHSIDE(Block A),REPULSE BAY RD|THE BEACHSIDEA座,淺水灣道",10890.750777174513,929,688,"{'bay_window': '20', 'flat_roof': '', 'roof': '', 'ac_platform': '', 'plant_room': '', 'garden': '', 'yard': ''}",9.1,7.777299999999999,13227,11304.215116279069,8060201540012,2520549,ASP,HRB,淺水灣/壽臣山,1993/12,1993,33,F,2.0,A,blank,THE BEACHSIDE,THE BEACHSIDE,True
4781,2008-05-20,"SOUTH BAY TOWERS,SOUTH BAY RD|南灣大廈,南灣道",16157.345143788245,2738,2161,"{'bay_window': '107', 'flat_roof': '', 'roof': '', 'ac_platform': '', 'plant_room': '', 'garden': '', 'yard': ''}",38.0,36.2416,17584,16770.75428042573,8060400320027,2524219,ASP,HRB,淺水灣/壽臣山,1984/11,1984,42,B,19.0,blank,blank,blank,,True
4785,2008-05-15,"SOUTH BAY TOWERS,SOUTH BAY RD|南灣大廈,南灣道",16871.64303321304,2738,2161,"{'bay_window': '', 'flat_roof': '', 'roof': '', 'ac_platform': '', 'plant_room': '', 'garden': '', 'yard': ''}",39.68,37.8438,18362,17512.1702915317,8061001540069,2528716,ASP,HRB,淺水灣/壽臣山,1984/11,1984,42,B,11.0,blank,blank,blank,,True
4795,2008-06-17,"SOUTH BAY PALACE(Block 1),SOUTH BAY CLOSE|南灣御苑1座,南灣坊",14304.509838680062,0,1373,"{'bay_window': '', 'flat_roof': '', 'roof': '', 'ac_platform': '', 'plant_room': '', 'garden': '', 'yard': ''}",21.0,21.0,15290,15294.974508375819,8062301360115,2542331,ASP,HRB,淺水灣/壽臣山,2000/01,2000,26,C,8.0,1,blank,SOUTH BAY PALACE,南灣御苑,False
4797,2008-06-13,"PARKVIEW CRESCENT(Block 10,HONG KONG PARKVIEW),TAI TAM RESERVOIR RD|陽明山莊,10座(環翠軒),大潭水塘道",12806.512436989942,2771,2342,"{'bay_window': '', 'flat_roof': '', 'roof': '', 'ac_platform': '', 'plant_room': '', 'garden': '', 'yard': ''}",33.5,32.0696,14304,13693.2536293766,8062500230071,2544323,PRO-ASP,HRB,淺水灣/壽臣山,1989/11,1989,37,63,10.0,10,blank,HONG KONG PARKVIEW,陽明山莊,True
4798,2008-06-16,"PARKVIEW RISE(Block 7,HONG KONG PARKVIEW),TAI TAM RESERVOIR RD|陽明山莊,7座(凌雲閣),大潭水塘道",13463.792615607199,1924,1517,"{'bay_window': '', 'flat_roof': '', 'roof': '', 'ac_platform': '', 'plant_room': '', 'garden': '', 'yard': ''}",23.38,21.8388,15412,14396.044825313118,8062602430015,2546187,ASP,HRB,淺水灣/壽臣山,1988/00,1988,38,51,19.0,7,blank,HONG KONG PARKVIEW,陽明山莊,True
4807,2008-07-02,"SOUTH BAY TOWERS,SOUTH BAY RD|南灣大廈,南灣道",16767.328667130994,2737,2115,"{'bay_window': '', 'flat_roof': '', 'roof': '', 'ac_platform': '', 'plant_room': '', 'garden': '', 'yard': ''}",40.0,38.1087,18913,18018.297872340427,8072901820073,2573252,PRO-ASP,HRB,淺水灣/壽臣山,1984/11,1984,42,B,3.0,blank,blank,blank,,True
4809,2008-07-28,"THE BEACHSIDE(Block A),REPULSE BAY RD|THE BEACHSIDEA座,淺水灣道",11527.86754489949,969,721,"{'bay_window': '23', 'flat_roof': '', 'roof': '', 'ac_platform': '', 'plant_room': '', 'garden': '', 'yard': ''}",10.37,8.9317,14383,12387.933425797504,8081201140150,2583397,ASP,HRB,淺水灣/壽臣山,1993/12,1993,33,C,2.0,A,blank,THE BEACHSIDE,THE BEACHSIDE,True
4814,2008-09-16,"SOUTH BAY TOWERS,SOUTH BAY RD|南灣大廈,南灣道",12409.02649553758,1433,1145,"{'bay_window': '', 'flat_roof': '', 'roof': '', 'ac_platform': '', 'plant_room': '', 'garden': '', 'yard': ''}",16.0,14.6026,13974,12753.362445414847,8091901810067,2607514,ASP,HRB,淺水灣/壽臣山,1984/11,1984,42,A,17.0,blank,blank,blank,,True
4816,2008-09-12,"PARKVIEW TERR(Block 12,HONG KONG PARKVIEW),TAI TAM RESERVOIR RD|陽明山莊,12座(涵碧苑),大潭水塘道",12764.812210510605,2700,2308,"{'bay_window': '', 'flat_roof': '', 'roof': '', 'ac_platform': '', 'plant_room': '', 'garden': '', 'yard': ''}",31.65,30.2787,13713,13119.020797227036,8092501890122,2611085,ASP,HRB,淺水灣/壽臣山,1988/08,1988,38,69,15.0,12,blank,HONG KONG PARKVIEW,陽明山莊,True
4818,2008-09-09,"RIDGE COURT,REPULSE BAY RD|冠園,淺水灣道",14602.717233645511,0,1880,"{'bay_window': '', 'flat_roof': '', 'roof': '', 'ac_platform': '', 'plant_room': '', 'garden': '', 'yard': ''}",29.8,28.2149,15851,15007.925531914894,8100800130061,2617503,ASP,HRB,淺水灣/壽臣山,1962/08,1962,64,A,10.0,blank,blank,blank,,True
4819,2008-09-23,"PARKVIEW HEIGHTS(Block 14,HONG KONG PARKVIEW),TAI TAM RESERVOIR RD|陽明山莊,14座(摘星樓),大潭水塘道",12606.981657483711,1860,1505,"{'bay_window': '', 'flat_roof': '', 'roof': '', 'ac_platform': '', 'plant_room': '', 'garden': '', 'yard': ''}",19.5,19.5,12957,12956.810631229237,8101300990013,2619488,PRO-ASP,HRB,淺水灣/壽臣山,1988/00,1988,38,77,20.0,14,blank,HONG KONG PARKVIEW,陽明山莊,False
4821,2008-10-09,"PARKVIEW SUITE(Block 5,HONG KONG PARKVIEW),TAI TAM RESERVOIR RD|陽明山莊,5座(陽明居),大潭水塘道",13104.04687359711,1299,1041,"{'bay_window': '', 'flat_roof': '', 'roof': '', 'ac_platform': '', 'plant_room': '', 'garden': '', 'yard': ''}",13.662,12.3496,13124,11863.208453410183,8110302070212,2631186,PRO-ASP,HRB,淺水灣/壽臣山,1989/11,1989,37,35,5.0,5,blank,HONG KONG PARKVIEW,陽明山莊,True
4827,2008-11-06,"PARKVIEW SUITE(Block 5,HONG KONG PARKVIEW),TAI TAM RESERVOIR RD|陽明山莊,5座(陽明居),大潭水塘道",15673.612221207097,1299,1041,"{'bay_window': '', 'flat_roof': '', 'roof': '', 'ac_platform': '', 'plant_room': '', 'garden': '', 'yard': ''}",15.18,13.7218,14582,13181.364073006724,8112001900035,2639597,PRO-ASP,HRB,淺水灣/壽臣山,1989/11,1989,37,35,23.0,5,blank,HONG KONG PARKVIEW,陽明山莊,True
4841,2008-12-18,"37 REPULSE BAY RD(Block 1),REPULSE BAY RD|淺水灣道 37號1座,淺水灣道",17646.00766971954,1745,1289,"{'bay_window': '44', 'flat_roof': '', 'roof': '', 'ac_platform': '', 'plant_room': '', 'garden': '', 'yard': ''}",21.0,19.3708,16292,15027.7734678045,8123001600013,2656240,PRO-ASP,HRB,淺水灣/壽臣山,1994/02,1994,32,B,17.0,1,blank,37 REPULSE BAY RD,淺水灣道 37號,True
4842,2008-12-21,"BELGRAVIA,SOUTH BAY RD|BELGRAVIA,南灣道",20332.656365528834,2390,1900,"{'bay_window': '', 'flat_roof': '', 'roof': '', 'ac_platform': '', 'plant_room': '', 'garden': '', 'yard': ''}",32.9,32.9,17316,17315.78947368421,8123101820013,2656593,PRO-ASP,HRB,淺水灣/壽臣山,1989/04,1989,37,A,9.0,blank,blank,blank,,False
4843,2008-12-21,"BELGRAVIA,SOUTH BAY RD|BELGRAVIA,南灣道",22119.792832359384,2790,2222,"{'bay_window': '', 'flat_roof': '', 'roof': '', 'ac_platform': '', 'plant_room': '', 'garden': '', 'yard': ''}",43.83,41.8575,19725,18837.758775877588,9010600740017,2659147,PRO-ASP,HRB,淺水灣/壽臣山,1989/04,1989,37,B,15.0,blank,blank,blank,,True
4845,2008-12-20,"BELGRAVIA,SOUTH BAY RD|BELGRAVIA,南灣道",19438.14308821983,2390,1900,"{'bay_window': '', 'flat_roof': '', 'roof': '', 'ac_platform': '', 'plant_room': '', 'garden': '', 'yard': ''}",33.2,31.452600000000004,17474,16554.000000000004,9010800230015,2660531,PRO-ASP,HRB,淺水灣/壽臣山,1989/04,1989,37,A,12.0,blank,blank,blank,,True
4846,2008-12-31,"MING WAI GARDEN,REPULSE BAY RD|明慧園,淺水灣道",17073.7554773183,0,1630,"{'bay_window': '', 'flat_roof': '', 'roof': '', 'ac_platform': '', 'plant_room': '', 'garden': '', 'yard': ''}",25.25,23.7009,15491,14540.42944785276,9010802180128,2660524,ASP,HRB,淺水灣/壽臣山,1973/12,1973,53,A,7.0,blank,blank,blank,,True
4847,2008-12-22,"RIDGE COURT,REPULSE BAY RD|冠園,淺水灣道",15966.85516255742,0,1880,"{'bay_window': '', 'flat_roof': '', 'roof': '', 'ac_platform': '', 'plant_room': '', 'garden': '', 'yard': ''}",27.0,25.5638,14362,13597.765957446809,9010900720091,2661289,ASP,HRB,淺水灣/壽臣山,1962/08,1962,64,C,7.0,blank,blank,blank,,True
4851,2008-12-22,"BELGRAVIA,SOUTH BAY RD|BELGRAVIA,南灣道",18413.537891003703,2390,1900,"{'bay_window': '', 'flat_roof': '', 'roof': '', 'ac_platform': '', 'plant_room': '', 'garden': '', 'yard': ''}",31.45,29.7947,16553,15681.421052631578,9011201450025,2662227,PRO-ASP,HRB,淺水灣/壽臣山,1989/04,1989,37,A,3.0,blank,blank,blank,,True
4852,2008-12-22,"BELGRAVIA,SOUTH BAY RD|BELGRAVIA,南灣道",19656.982523193106,2790,2222,"{'bay_window': '', 'flat_roof': '', 'roof': '', 'ac_platform': '', 'plant_room': '', 'garden': '', 'yard': ''}",38.95,37.197100000000006,17529,16740.369036903692,9011201450031,2662228,PRO-ASP,HRB,淺水灣/壽臣山,1989/04,1989,37,B,8.0,blank,blank,blank,,True
4853,2008-12-22,"BELGRAVIA,SOUTH BAY RD|BELGRAVIA,南灣道",16803.488153512044,2390,1900,"{'bay_window': '', 'flat_roof': '', 'roof': '', 'ac_platform': '', 'plant_room': '', 'garden': '', 'yard': ''}",28.7,27.1895,15105,14310.263157894737,9011201620027,2662229,PRO-ASP,HRB,淺水灣/壽臣山,1989/04,1989,37,A,1.0,blank,blank,blank,,True
4857,2009-01-05,"BELGRAVIA,SOUTH BAY RD|BELGRAVIA,南灣道",18998.224981746964,2390,1900,"{'bay_window': '', 'flat_roof': '', 'roof': '', 'ac_platform': '', 'plant_room': '', 'garden': '', 'yard': ''}",33.0,31.2632,17368,16454.315789473683,9011401570070,2663971,ASP,HRB,淺水灣/壽臣山,1989/04,1989,37,A,10.0,blank,blank,blank,,True
4858,2009-01-05,"BELGRAVIA,SOUTH BAY RD|BELGRAVIA,南灣道",18807.42443472711,2790,2222,"{'bay_window': '', 'flat_roof': '', 'roof': '', 'ac_platform': '', 'plant_room': '', 'garden': '', 'yard': ''}",37.9,36.1943,17057,16289.063906390638,9011401900096,2663974,ASP,HRB,淺水灣/壽臣山,1989/04,1989,37,B,6.0,blank,blank,blank,,True
4860,2009-01-05,"PARKVIEW SUITE(Block 3,HONG KONG PARKVIEW),TAI TAM RESERVOIR RD|陽明山莊,3座(陽明居),大潭水塘道",10656.045881514476,1275,994,"{'bay_window': '', 'flat_roof': '', 'roof': '', 'ac_platform': '', 'plant_room': '', 'garden': '', 'yard': ''}",10.2,9.1738,10262,9229.17505030181,9011500170058,2664625,PRO-ASP,HRB,淺水灣/壽臣山,1989/05,1989,37,27,21.0,3,blank,HONG KONG PARKVIEW,陽明山莊,True
4861,2009-01-06,"BELGRAVIA,SOUTH BAY RD|BELGRAVIA,南灣道",18683.39020247039,2790,2222,"{'bay_window': '', 'flat_roof': '', 'roof': '', 'ac_platform': '', 'plant_room': '', 'garden': '', 'yard': ''}",37.65,35.9556,16944,16181.638163816382,9011502090138,2664715,ASP,HRB,淺水灣/壽臣山,1989/04,1989,37,B,5.0,blank,blank,blank,,True
4862,2009-01-05,"BELGRAVIA,SOUTH BAY RD|BELGRAVIA,南灣道",18311.183580914094,2790,2222,"{'bay_window': '', 'flat_roof': '', 'roof': '', 'ac_platform': '', 'plant_room': '', 'garden': '', 'yard': ''}",36.9,35.2393,16607,15859.27092709271,9011502100033,2664716,PRO-ASP,HRB,淺水灣/壽臣山,1989/04,1989,37,B,1.0,blank,blank,blank,,True
4863,2009-01-05,"BELGRAVIA,SOUTH BAY RD|BELGRAVIA,南灣道",19263.662450465046,2390,1900,"{'bay_window': '', 'flat_roof': '', 'roof': '', 'ac_platform': '', 'plant_room': '', 'garden': '', 'yard': ''}",31.7,31.7,16684,16684.21052631579,9011502210022,2664301,ASP,HRB,淺水灣/壽臣山,1989/04,1989,37,A,7.0,blank,blank,blank,,False
4864,2008-12-29,"BELGRAVIA,SOUTH BAY RD|BELGRAVIA,南灣道",19631.72238827375,2790,2222,"{'bay_window': '', 'flat_roof': '', 'roof': '', 'ac_platform': '', 'plant_room': '', 'garden': '', 'yard': ''}",38.9,37.1493,17507,16718.85688568857,9011601120117,2665555,ASP,HRB,淺水灣/壽臣山,1989/04,1989,37,B,10.0,blank,blank,blank,,True
4865,2009-01-06,"BELGRAVIA,SOUTH BAY RD|BELGRAVIA,南灣道",19084.577235192108,2390,1900,"{'bay_window': '', 'flat_roof': '', 'roof': '', 'ac_platform': '', 'plant_room': '', 'garden': '', 'yard': ''}",33.15,31.4053,17447,16529.105263157893,9011602040018,2665557,ASP,HRB,淺水灣/壽臣山,1989/04,1989,37,A,11.0,blank,blank,blank,,True
4869,2009-01-05,"BELGRAVIA,SOUTH BAY RD|BELGRAVIA,南灣道",19861.747516198408,2390,1900,"{'bay_window': '', 'flat_roof': '', 'roof': '', 'ac_platform': '', 'plant_room': '', 'garden': '', 'yard': ''}",34.5,32.6842,18158,17202.210526315786,9012001420011,2666968,ASP,HRB,淺水灣/壽臣山,1989/04,1989,37,A,15.0,blank,blank,blank,,True
4870,2009-01-05,"BELGRAVIA,SOUTH BAY RD|BELGRAVIA,南灣道",18169.826727725707,2390,1900,"{'bay_window': '', 'flat_roof': '', 'roof': '', 'ac_platform': '', 'plant_room': '', 'garden': '', 'yard': ''}",29.9,29.9,15737,15736.842105263158,9012001630017,2666521,ASP,HRB,淺水灣/壽臣山,1989/04,1989,37,A,6.0,blank,blank,blank,,False
4871,2009-01-05,"BELGRAVIA,SOUTH BAY RD|BELGRAVIA,南灣道",17674.07607071973,2390,1900,"{'bay_window': '', 'flat_roof': '', 'roof': '', 'ac_platform': '', 'plant_room': '', 'garden': '', 'yard': ''}",30.7,29.0842,16158,15307.473684210527,9012001630022,2666977,ASP,HRB,淺水灣/壽臣山,1989/04,1989,37,A,2.0,blank,blank,blank,,True
4872,2009-01-05,"BELGRAVIA,SOUTH BAY RD|BELGRAVIA,南灣道",18911.87272830182,2390,1900,"{'bay_window': '', 'flat_roof': '', 'roof': '', 'ac_platform': '', 'plant_room': '', 'garden': '', 'yard': ''}",32.85,31.1211,17289,16379.526315789473,9012002020096,2666991,ASP,HRB,淺水灣/壽臣山,1989/04,1989,37,A,8.0,blank,blank,blank,,True
4873,2009-01-15,"37 REPULSE BAY RD(Block 2),REPULSE BAY RD|淺水灣道 37號2座,淺水灣道",16639.00737033573,1635,1236,"{'bay_window': '32', 'flat_roof': '', 'roof': '', 'ac_platform': '', 'plant_room': '', 'garden': '', 'yard': ''}",19.38,17.811999999999998,15680,14411.003236245951,9012100260109,2667708,ASP,HRB,淺水灣/壽臣山,1994/02,1994,32,A,19.0,2,blank,37 REPULSE BAY RD,淺水灣道 37號,True
4874,2008-12-23,"BELGRAVIA,SOUTH BAY RD|BELGRAVIA,南灣道",20504.04257052008,2790,2222,"{'bay_window': '', 'flat_roof': '', 'roof': '', 'ac_platform': '', 'plant_room': '', 'garden': '', 'yard': ''}",38.8,38.8,17462,17461.746174617463,9012101030011,2667199,PRO-ASP,HRB,淺水灣/壽臣山,1989/04,1989,37,B,7.0,blank,blank,blank,,False
4880,2009-01-08,"BELGRAVIA,SOUTH BAY RD|BELGRAVIA,南灣道",18708.176263964506,2790,2222,"{'bay_window': '', 'flat_roof': '', 'roof': '', 'ac_platform': '', 'plant_room': '', 'garden': '', 'yard': ''}",37.7,36.0033,16967,16203.105310531053,9012900760295,2670431,ASP,HRB,淺水灣/壽臣山,1989/04,1989,37,B,3.0,blank,blank,blank,,True
4881,2009-01-12,"BELGRAVIA,SOUTH BAY RD|BELGRAVIA,南灣道",21296.981521734953,2390,1900,"{'bay_window': '', 'flat_roof': '', 'roof': '', 'ac_platform': '', 'plant_room': '', 'garden': '', 'yard': ''}",36.993,35.046,19470,18445.263157894737,9012901720069,2670453,ASP,HRB,淺水灣/壽臣山,1989/04,1989,37,A,20.0,blank,blank,blank,,True
4882,2009-01-12,"BELGRAVIA,SOUTH BAY RD|BELGRAVIA,南灣道",20810.528468372264,2390,1900,"{'bay_window': '', 'flat_roof': '', 'roof': '', 'ac_platform': '', 'plant_room': '', 'garden': '', 'yard': ''}",36.148,34.2455,19025,18023.947368421053,9012901720073,2670454,ASP,HRB,淺水灣/壽臣山,1989/04,1989,37,A,17.0,blank,blank,blank,,True
4883,2009-01-12,"BELGRAVIA,SOUTH BAY RD|BELGRAVIA,南灣道",20673.495159773527,2390,1900,"{'bay_window': '', 'flat_roof': '', 'roof': '', 'ac_platform': '', 'plant_room': '', 'garden': '', 'yard': ''}",35.91,34.02,18900,17905.263157894737,9012901720087,2670455,ASP,HRB,淺水灣/壽臣山,1989/04,1989,37,A,16.0,blank,blank,blank,,True
4886,2009-01-13,"BELGRAVIA,SOUTH BAY RD|BELGRAVIA,南灣道",18608.928093201903,2790,2222,"{'bay_window': '', 'flat_roof': '', 'roof': '', 'ac_platform': '', 'plant_room': '', 'garden': '', 'yard': ''}",37.5,35.8123,16877,16117.146714671468,9020201140168,2671641,ASP,HRB,淺水灣/壽臣山,1989/04,1989,37,B,2.0,blank,blank,blank,,True
4887,2009-01-12,"BELGRAVIA,SOUTH BAY RD|BELGRAVIA,南灣道",24870.36052197059,2390,1900,"{'bay_window': '', 'flat_roof': '', 'roof': '', 'ac_platform': '', 'plant_room': '', 'garden': '', 'yard': ''}",43.2,40.926300000000005,22737,21540.157894736847,9020301550047,2672458,ASP,HRB,淺水灣/壽臣山,1989/04,1989,37,A,19.0,blank,blank,blank,,True
4888,2009-01-12,"BELGRAVIA,SOUTH BAY RD|BELGRAVIA,南灣道",25903.66864425322,2790,2222,"{'bay_window': '', 'flat_roof': '', 'roof': '', 'ac_platform': '', 'plant_room': '', 'garden': '', 'yard': ''}",52.2,49.8508,23492,22435.103510351037,9020301550054,2672459,ASP,HRB,淺水灣/壽臣山,1989/04,1989,37,B,19.0,blank,blank,blank,,True
4892,2009-02-03,"SEA CLIFF MANSION(Block A),REPULSE BAY RD|海峰園A座,淺水灣道",16030.000452765085,0,1941,"{'bay_window': '', 'flat_roof': '', 'roof': '', 'ac_platform': '', 'plant_room': '', 'garden': '', 'yard': ''}",28.6,27.1265,14735,13975.52807831015,9020601220018,2674176,ASP,HRB,淺水灣/壽臣山,1964/05,1964,62,A1,7.0,A,blank,SEA CLIFF MANSION,海峰園,True
4895,2009-01-19,"BELGRAVIA,SOUTH BAY RD|BELGRAVIA,南灣道",19576.62373933382,2790,2222,"{'bay_window': '', 'flat_roof': '', 'roof': '', 'ac_platform': '', 'plant_room': '', 'garden': '', 'yard': ''}",39.45,37.674600000000005,17754,16955.26552655266,9021201260010,2676917,ASP,HRB,淺水灣/壽臣山,1989/04,1989,37,B,7.0,blank,blank,blank,,True
4902,2009-02-20,"GRAND GARDEN(Block 1),SOUTH BAY RD|華景園1座,南灣道",9297.847289569463,3061,2663,"{'bay_window': '', 'flat_roof': '', 'roof': '', 'ac_platform': '', 'plant_room': '', 'garden': '', 'yard': ''}",22.429,21.5868,8422,8106.196019526849,9030301650025,2684786,ASP,HRB,淺水灣/壽臣山,1986/12,1986,40,B,9.0,1,blank,GRAND GARDEN,華景園,True
4904,2009-02-16,"RUBY COURT(Block 2),SOUTH BAY RD|嘉麟閣2座,南灣道",15890.820360879388,1780,1517,"{'bay_window': '50', 'flat_roof': '', 'roof': '', 'ac_platform': '', 'plant_room': '', 'garden': '', 'yard': ''}",22.5,21.0168,14832,13854.185893210284,9030602040017,2686914,ASP,HRB,淺水灣/壽臣山,1987/05,1987,39,B,12.0,2,blank,RUBY COURT,嘉麟閣,True
4907,2009-02-26,"GRAND GARDEN(Block 1),SOUTH BAY RD|華景園1座,南灣道",9765.866674788493,3061,2663,"{'bay_window': '', 'flat_roof': '', 'roof': '', 'ac_platform': '', 'plant_room': '', 'garden': '', 'yard': ''}",23.558,22.6734,8846,8514.232069095005,9031101810036,2689037,ASP,HRB,淺水灣/壽臣山,1986/12,1986,40,B,18.0,1,blank,GRAND GARDEN,華景園,True
4909,2009-03-06,"SEA CLIFF MANSION(Block B),REPULSE BAY RD|海峰園B座,淺水灣道",16595.981018597042,0,1941,"{'bay_window': '', 'flat_roof': '', 'roof': '', 'ac_platform': '', 'plant_room': '', 'garden': '', 'yard': ''}",30.0,28.4544,15456,14659.6599690881,9031300430054,2690538,PRO-ASP,HRB,淺水灣/壽臣山,1964/05,1964,62,B2,8.0,B,blank,SEA CLIFF MANSION,海峰園,True
4911,2009-02-26,"THE BEACHSIDE(Block A),REPULSE BAY RD|THE BEACHSIDEA座,淺水灣道",12678.122292465081,1135,864,"{'bay_window': '29', 'flat_roof': '', 'roof': '', 'ac_platform': '', 'plant_room': '', 'garden': '', 'yard': ''}",10.8,9.55,12500,11053.24074074074,9032400160032,2696502,PRO-ASP,HRB,淺水灣/壽臣山,1993/12,1993,33,A,2.0,A,blank,THE BEACHSIDE,THE BEACHSIDE,True
4915,2009-03-19,"GROSVENOR PLACE,REPULSE BAY RD|GROSVENOR PLACE,淺水灣道",23669.515176772387,2809,2191,"{'bay_window': '', 'flat_roof': '', 'roof': '', 'ac_platform': '', 'plant_room': '', 'garden': '', 'yard': ''}",48.0,45.8092,21908,20907.895937927886,9033000590025,2699787,ASP,HRB,淺水灣/壽臣山,2003/09,2003,23,whole floor,21.0,blank,blank,blank,,True
4921,2009-03-11,"GRAND GARDEN(Block 1),SOUTH BAY RD|華景園1座,南灣道",9631.43730660384,3061,2663,"{'bay_window': '', 'flat_roof': '', 'roof': '', 'ac_platform': '', 'plant_room': '', 'garden': '', 'yard': ''}",23.54,22.656,8840,8507.698084866692,9040701890145,2704714,ASP,HRB,淺水灣/壽臣山,1986/12,1986,40,B,24.0,1,blank,GRAND GARDEN,華景園,True
4926,2009-03-19,"3 REPULSE BAY RD,REPULSE BAY RD|淺水灣三號,淺水灣道",22983.796259019244,2078,1741,"{'bay_window': '', 'flat_roof': '', 'roof': '', 'ac_platform': '', 'plant_room': '', 'garden': '', 'yard': ''}",37.5,35.3461,21539,20302.18265364733,9041502420072,2708391,PRO-ASP,HRB,淺水灣/壽臣山,1997/07,1997,29,B,20.0,blank,blank,blank,,True
4928,2009-04-06,"PARKVIEW RISE(Block 7,HONG KONG PARKVIEW),TAI TAM RESERVOIR RD|陽明山莊,7座(凌雲閣),大潭水塘道",14046.235531657394,1924,1517,"{'bay_window': '', 'flat_roof': '', 'roof': '1393', 'ac_platform': '', 'plant_room': '', 'garden': '', 'yard': ''}",21.0,19.6157,13843,12930.586684245221,9041600500122,2709077,ASP,HRB,淺水灣/壽臣山,1988/00,1988,38,51,23.0,7,blank,HONG KONG PARKVIEW,陽明山莊,True
4935,2009-03-28,"RIDGE COURT,REPULSE BAY RD|冠園,淺水灣道",14111.017887070773,0,1880,"{'bay_window': '', 'flat_roof': '', 'roof': '', 'ac_platform': '', 'plant_room': '', 'garden': '', 'yard': ''}",24.75,23.4335,13165,12464.627659574468,9042301070027,2714613,PRO-ASP,HRB,淺水灣/壽臣山,1962/08,1962,64,C,2.0,blank,blank,blank,,True
4937,2009-03-27,"GRAND GARDEN(Block 3),SOUTH BAY RD|華景園3座,南灣道",13575.252514882928,1657,1217,"{'bay_window': '', 'flat_roof': '', 'roof': '', 'ac_platform': '', 'plant_room': '', 'garden': '', 'yard': ''}",15.9,14.5935,13065,11991.372226787182,9042401650075,2715941,ASP,HRB,淺水灣/壽臣山,1986/12,1986,40,B,26.0,3,blank,GRAND GARDEN,華景園,True
4941,2009-04-15,"PARKVIEW SUITE(Block 3,HONG KONG PARKVIEW),TAI TAM RESERVOIR RD|陽明山莊,3座(陽明居),大潭水塘道",11077.478129195699,1235,1012,"{'bay_window': '', 'flat_roof': '', 'roof': '', 'ac_platform': '', 'plant_room': '', 'garden': '', 'yard': ''}",10.32,10.32,10198,10197.628458498024,9043001630071,2720023,ASP,HRB,淺水灣/壽臣山,1989/05,1989,37,25,16.0,3,blank,HONG KONG PARKVIEW,陽明山莊,False
4942,2009-04-22,"SEA CLIFF MANSION(Block B),REPULSE BAY RD|海峰園B座,淺水灣道",16986.148219707935,0,1941,"{'bay_window': '', 'flat_roof': '', 'roof': '', 'ac_platform': '', 'plant_room': '', 'garden': '', 'yard': ''}",32.0,30.3514,16486,15636.991241628028,9050402030018,2721502,PRE-ASP,HRB,淺水灣/壽臣山,1964/05,1964,62,B1,3.0,B,blank,SEA CLIFF MANSION,海峰園,True
4945,2009-04-17,"GRAND GARDEN(Block 1),SOUTH BAY RD|華景園1座,南灣道",13860.96566999427,3054,2482,"{'bay_window': '', 'flat_roof': '', 'roof': '', 'ac_platform': '', 'plant_room': '', 'garden': '', 'yard': ''}",33.0,31.6704,13296,12760.032232070911,9050502450011,2722997,PRO-ASP,HRB,淺水灣/壽臣山,1986/12,1986,40,A,5.0,1,blank,GRAND GARDEN,華景園,True
4948,2009-04-28,"PARKVIEW SUITE(Block 5,HONG KONG PARKVIEW),TAI TAM RESERVOIR RD|陽明山莊,5座(陽明居),大潭水塘道",12345.038003783906,1312,1051,"{'bay_window': '', 'flat_roof': '', 'roof': '', 'ac_platform': '', 'plant_room': '', 'garden': '', 'yard': ''}",13.2,11.9441,12559,11364.509990485252,9050701540017,2725222,ASP,HRB,淺水灣/壽臣山,1989/11,1989,37,39,23.0,5,blank,HONG KONG PARKVIEW,陽明山莊,True
4951,2009-05-04,"GROSVENOR PLACE,REPULSE BAY RD|GROSVENOR PLACE,淺水灣道",23913.036740541695,2809,2191,"{'bay_window': '', 'flat_roof': '', 'roof': '', 'ac_platform': '', 'plant_room': '', 'garden': '', 'yard': ''}",53.0,50.581,24190,23085.80556823368,9050801880071,2726518,ASP,HRB,淺水灣/壽臣山,2003/09,2003,23,whole floor,20.0,blank,blank,blank,,True
4952,2009-04-15,"BELGRAVIA,SOUTH BAY RD|BELGRAVIA,南灣道",28165.06348536739,2390,1900,"{'bay_window': '', 'flat_roof': '', 'roof': '', 'ac_platform': '', 'plant_room': '', 'garden': '', 'yard': ''}",52.0,49.2632,27368,25928.0,9050801960032,2726525,ASP,HRB,淺水灣/壽臣山,1989/04,1989,37,A,27.0,blank,blank,blank,,True
4954,2009-04-15,"BELGRAVIA,SOUTH BAY RD|BELGRAVIA,南灣道",28479.255504980625,2790,2222,"{'bay_window': '', 'flat_roof': '', 'roof': '', 'ac_platform': '', 'plant_room': '', 'garden': '', 'yard': ''}",61.0,58.2547,27453,26217.236723672366,9051101530102,2728111,ASP,HRB,淺水灣/壽臣山,1989/04,1989,37,B,27.0,blank,blank,blank,,True
4955,2009-04-28,"3 REPULSE BAY RD,REPULSE BAY RD|淺水灣三號,淺水灣道",19990.452107471647,2161,1796,"{'bay_window': '', 'flat_roof': '', 'roof': '', 'ac_platform': '', 'plant_room': '', 'garden': '', 'yard': ''}",35.0,33.0512,19488,18402.672605790645,9051102660092,2728213,ASP,HRB,淺水灣/壽臣山,1997/07,1997,29,A,16.0,blank,blank,blank,,True
4963,2009-04-23,"3 REPULSE BAY RD,REPULSE BAY RD|淺水灣三號,淺水灣道",22834.799638750603,2161,1796,"{'bay_window': '', 'flat_roof': '', 'roof': '', 'ac_platform': '', 'plant_room': '', 'garden': '', 'yard': ''}",39.98,37.7539,22261,21021.10244988864,9051900470709,2736118,ASP,HRB,淺水灣/壽臣山,1997/07,1997,29,A,17.0,blank,blank,blank,,True
4972,2009-05-04,"37 REPULSE BAY RD(Block 1),REPULSE BAY RD|淺水灣道 37號1座,淺水灣道",20214.70723480397,0,1862,"{'bay_window': '', 'flat_roof': '', 'roof': '', 'ac_platform': '', 'plant_room': '', 'garden': '', 'yard': ''}",38.4,36.3377,20623,19515.413533834588,9052600540035,2741423,PRO-ASP,HRB,淺水灣/壽臣山,1994/02,1994,32,A,22.0,1,blank,37 REPULSE BAY RD,淺水灣道 37號,True
4973,2009-04-27,"SOUTH BAY PALACE(Block 1),SOUTH BAY CLOSE|南灣御苑1座,南灣坊",13520.730418214962,0,1903,"{'bay_window': '', 'flat_roof': '', 'roof': '', 'ac_platform': '', 'plant_room': '', 'garden': '', 'yard': ''}",25.0,23.6863,13137,12446.820809248555,9052601600041,2741598,PRO-ASP,HRB,淺水灣/壽臣山,2000/01,2000,26,A,7.0,1,blank,SOUTH BAY PALACE,南灣御苑,True
4975,2009-05-21,"PARKVIEW SUITE(Block 5,HONG KONG PARKVIEW),TAI TAM RESERVOIR RD|陽明山莊,5座(陽明居),大潭水塘道",10976.655646849067,1263,1012,"{'bay_window': '', 'flat_roof': '', 'roof': '', 'ac_platform': '', 'plant_room': '', 'garden': '', 'yard': ''}",11.9,10.7241,11759,10596.93675889328,9052602580220,2741821,ASP,HRB,淺水灣/壽臣山,1989/11,1989,37,37,6.0,5,blank,HONG KONG PARKVIEW,陽明山莊,True
4977,2009-05-06,"PARK PLACE(Block C),TAI TAM RESERVOIR RD|雅柏苑C座,大潭水塘道",21618.805884522117,2288,2075,"{'bay_window': '', 'flat_roof': '', 'roof': '', 'ac_platform': '', 'plant_room': '', 'garden': '', 'yard': ''}",45.5,43.3072,21928,20870.939759036144,9052902420045,2744809,ASP,HRB,淺水灣/壽臣山,1985/01,1985,41,1,6.0,C,blank,PARK PLACE,雅柏苑,True
4978,2009-05-12,"BELGRAVIA,SOUTH BAY RD|BELGRAVIA,南灣道",23149.979405324033,2790,2222,"{'bay_window': '', 'flat_roof': '', 'roof': '', 'ac_platform': '', 'plant_room': '', 'garden': '', 'yard': ''}",52.0,49.6598,23402,22349.144914491448,9060100270176,2745063,ASP,HRB,淺水灣/壽臣山,1989/04,1989,37,B,18.0,blank,blank,blank,,True
4982,2009-05-17,"PARKVIEW SUITE(Block 3,HONG KONG PARKVIEW),TAI TAM RESERVOIR RD|陽明山莊,3座(陽明居),大潭水塘道",10965.760499786213,1275,994,"{'bay_window': '', 'flat_roof': '', 'roof': '', 'ac_platform': '', 'plant_room': '', 'garden': '', 'yard': ''}",11.7,10.5229,11771,10586.418511066398,9060502290010,2750974,ASP,HRB,淺水灣/壽臣山,1989/05,1989,37,27,19.0,3,blank,HONG KONG PARKVIEW,陽明山莊,True
4983,2009-05-27,"PARKVIEW CRESCENT(Block 10,HONG KONG PARKVIEW),TAI TAM RESERVOIR RD|陽明山莊,10座(環翠軒),大潭水塘道",12490.322458023235,2771,2342,"{'bay_window': '', 'flat_roof': '', 'roof': '', 'ac_platform': '', 'plant_room': '', 'garden': '', 'yard': ''}",29.5,28.2404,12596,12058.240819812127,9060502420026,2750996,ASP,HRB,淺水灣/壽臣山,1989/11,1989,37,61,10.0,10,blank,HONG KONG PARKVIEW,陽明山莊,True
4985,2009-05-24,"TWIN BROOK,REPULSE BAY RD|雙溪,淺水灣道",18727.688874498108,2700,2440,"{'bay_window': '', 'flat_roof': '', 'roof': '', 'ac_platform': '', 'plant_room': '', 'garden': '', 'yard': ''}",46.0,44.1148,18852,18079.83606557377,9061001120048,2754726,ASP,HRB,淺水灣/壽臣山,1974/04,1974,52,A,4.0,blank,blank,blank,,True
4986,2009-05-25,"PARKVIEW CRESCENT(Block 10,HONG KONG PARKVIEW),TAI TAM RESERVOIR RD|陽明山莊,10座(環翠軒),大潭水塘道",13040.746896027298,2771,2342,"{'bay_window': '', 'flat_roof': '', 'roof': '', 'ac_platform': '', 'plant_room': '', 'garden': '', 'yard': ''}",30.8,29.4849,13151,12589.624252775406,9061101320044,2755936,ASP,HRB,淺水灣/壽臣山,1989/11,1989,37,63,17.0,10,blank,HONG KONG PARKVIEW,陽明山莊,True
4990,2009-06-01,"PARKVIEW SUITE(Block 4,HONG KONG PARKVIEW),TAI TAM RESERVOIR RD|陽明山莊,4座(陽明居),大潭水塘道",11244.595285861646,1857,1541,"{'bay_window': '', 'flat_roof': '', 'roof': '', 'ac_platform': '', 'plant_room': '', 'garden': '', 'yard': ''}",18.9,17.673499999999997,12265,11468.85139519792,9061501960313,2758895,ASP,HRB,淺水灣/壽臣山,1989/11,1989,37,29,11.0,4,blank,HONG KONG PARKVIEW,陽明山莊,True
4992,2009-06-03,"37 REPULSE BAY RD(Block 2),REPULSE BAY RD|淺水灣道 37號2座,淺水灣道",16535.119281064137,1635,1236,"{'bay_window': '32', 'flat_roof': '', 'roof': '', 'ac_platform': '', 'plant_room': '', 'garden': '', 'yard': ''}",22.68,20.845,18350,16864.886731391587,9061802730110,2763149,ASP,HRB,淺水灣/壽臣山,1994/02,1994,32,A,13.0,2,blank,37 REPULSE BAY RD,淺水灣道 37號,True
4993,2009-06-11,"SOUTH BAY TOWERS,SOUTH BAY RD|南灣大廈,南灣道",14214.33363372036,1433,1145,"{'bay_window': '', 'flat_roof': '', 'roof': '', 'ac_platform': '', 'plant_room': '', 'garden': '', 'yard': ''}",16.6,16.6,14498,14497.816593886464,9061900410075,2764571,ASP,HRB,淺水灣/壽臣山,1984/11,1984,42,D,26.0,blank,blank,blank,,False
4994,2009-06-02,"BELGRAVIA,SOUTH BAY RD|BELGRAVIA,南灣道",21827.863253295483,2790,2222,"{'bay_window': '', 'flat_roof': '', 'roof': '', 'ac_platform': '', 'plant_room': '', 'garden': '', 'yard': ''}",51.8,49.4688,23312,22263.186318631862,9062201670029,2766281,ASP,HRB,淺水灣/壽臣山,1989/04,1989,37,B,17.0,blank,blank,blank,,True
4997,2009-06-04,"PARKVIEW CRESCENT(Block 10,HONG KONG PARKVIEW),TAI TAM RESERVOIR RD|陽明山莊,10座(環翠軒),大潭水塘道",13425.502685776042,2771,2342,"{'bay_window': '', 'flat_roof': '', 'roof': '', 'ac_platform': '', 'plant_room': '', 'garden': '', 'yard': ''}",33.5,32.0696,14304,13693.2536293766,9062301240015,2767943,PRO-ASP,HRB,淺水灣/壽臣山,1989/11,1989,37,61,8.0,10,blank,HONG KONG PARKVIEW,陽明山莊,True
5000,2009-06-18,"PARKVIEW SUITE(Block 5,HONG KONG PARKVIEW),TAI TAM RESERVOIR RD|陽明山莊,5座(陽明居),大潭水塘道",11636.253482707441,1309,1048,"{'bay_window': '', 'flat_roof': '', 'roof': '', 'ac_platform': '', 'plant_room': '', 'garden': '', 'yard': ''}",13.75,12.438,13120,11868.320610687022,9062302730025,2767177,ASP,HRB,淺水灣/壽臣山,1989/11,1989,37,41,21.0,5,blank,HONG KONG PARKVIEW,陽明山莊,True
5001,2009-06-19,"PARKVIEW HEIGHTS(Block 13,HONG KONG PARKVIEW),TAI TAM RESERVOIR RD|陽明山莊,13座(摘星樓),大潭水塘道",10685.560784180405,2700,2327,"{'bay_window': '', 'flat_roof': '', 'roof': '', 'ac_platform': '', 'plant_room': '', 'garden': '', 'yard': ''}",26.5,25.3612,11388,10898.667812634292,9062402110104,2768831,ASP,HRB,淺水灣/壽臣山,1989/11,1989,37,73,7.0,13,blank,HONG KONG PARKVIEW,陽明山莊,True
5002,2009-06-09,"GRAND GARDEN(Block 3),SOUTH BAY RD|華景園3座,南灣道",14270.934645590247,1657,1217,"{'bay_window': '', 'flat_roof': '', 'roof': '', 'ac_platform': '', 'plant_room': '', 'garden': '', 'yard': ''}",19.3,17.714100000000002,15859,14555.546425636814,9062500860011,2771410,ASP,HRB,淺水灣/壽臣山,1986/12,1986,40,B,22.0,3,blank,GRAND GARDEN,華景園,True
5007,2009-06-12,"GRAND GARDEN(Block 1),SOUTH BAY RD|華景園1座,南灣道",17596.64465800568,3054,2482,"{'bay_window': '', 'flat_roof': '', 'roof': '', 'ac_platform': '', 'plant_room': '', 'garden': '', 'yard': ''}",46.416,44.5459,18701,17947.58259468171,9062900070042,2775289,ASP,HRB,淺水灣/壽臣山,1986/12,1986,40,A,20.0,1,blank,GRAND GARDEN,華景園,True
5008,2009-06-10,"BELGRAVIA,SOUTH BAY RD|BELGRAVIA,南灣道",21912.141058323694,2790,2222,"{'bay_window': '', 'flat_roof': '', 'roof': '', 'ac_platform': '', 'plant_room': '', 'garden': '', 'yard': ''}",52.0,49.6598,23402,22349.144914491448,9062900850069,2775375,ASP,HRB,淺水灣/壽臣山,1989/04,1989,37,B,16.0,blank,blank,blank,,True
5011,2009-06-08,"PARKVIEW RISE(Block 6,HONG KONG PARKVIEW),TAI TAM RESERVOIR RD|陽明山莊,6座(凌雲閣),大潭水塘道",15159.24566919064,2722,2199,"{'bay_window': '', 'flat_roof': '', 'roof': '', 'ac_platform': '', 'plant_room': '', 'garden': '', 'yard': ''}",34.0,34.0,15462,15461.573442473851,9062902410157,2774694,ASP,HRB,淺水灣/壽臣山,1989/11,1989,37,43,8.0,6,blank,HONG KONG PARKVIEW,陽明山莊,False
5014,2009-06-19,"REPULSE BAY GARDEN(Block 11),BELLEVIEW DR|淺水灣新村11座,麗景道",14709.587195547425,1728,1459,"{'bay_window': '', 'flat_roof': '', 'roof': '', 'ac_platform': '', 'plant_room': '', 'garden': '', 'yard': ''}",23.5,21.8893,16107,15002.947224126114,9063001910057,2776968,ASP,HRB,淺水灣/壽臣山,1976/12,1976,50,whole floor,12.0,11,blank,REPULSE BAY GARDEN,淺水灣新村,True
5015,2009-06-04,"PARKVIEW RISE(Block 7,HONG KONG PARKVIEW),TAI TAM RESERVOIR RD|陽明山莊,7座(凌雲閣),大潭水塘道",13398.142596580754,1860,1466,"{'bay_window': '', 'flat_roof': '', 'roof': '', 'ac_platform': '', 'plant_room': '', 'garden': '', 'yard': ''}",21.5,20.0334,14666,13665.347885402456,9063001980014,2776005,PRO-ASP,HRB,淺水灣/壽臣山,1988/00,1988,38,47,6.0,7,blank,HONG KONG PARKVIEW,陽明山莊,True
5016,2009-06-19,"RUBY COURT(Block 2),SOUTH BAY RD|嘉麟閣2座,南灣道",15454.797027412502,1780,1517,"{'bay_window': '50', 'flat_roof': '', 'roof': '', 'ac_platform': '', 'plant_room': '', 'garden': '', 'yard': ''}",25.6,23.9125,16875,15763.019116677653,9070300590032,2779481,ASP,HRB,淺水灣/壽臣山,1987/05,1987,39,A,14.0,2,blank,RUBY COURT,嘉麟閣,True
5021,2009-06-08,"THE BEACHSIDE(Block A),REPULSE BAY RD|THE BEACHSIDEA座,淺水灣道",11874.80327140038,929,688,"{'bay_window': '20', 'flat_roof': '', 'roof': '722', 'ac_platform': '', 'plant_room': '', 'garden': '', 'yard': ''}",9.75,8.3328,14172,12111.627906976746,9070700850015,2782460,ASP,HRB,淺水灣/壽臣山,1993/12,1993,33,F,4.0,A,blank,THE BEACHSIDE,THE BEACHSIDE,True
5024,2009-06-26,"RIDGE COURT,REPULSE BAY RD|冠園,淺水灣道",15060.127705036752,0,1880,"{'bay_window': '', 'flat_roof': '', 'roof': '', 'ac_platform': '', 'plant_room': '', 'garden': '', 'yard': ''}",30.5,28.8777,16223,15360.478723404256,9070802130010,2783968,ASP,HRB,淺水灣/壽臣山,1962/08,1962,64,A,11.0,blank,blank,blank,,True
5027,2009-07-02,"GRAND GARDEN(Block 3),SOUTH BAY RD|華景園3座,南灣道",13450.077627376257,1657,1217,"{'bay_window': '', 'flat_roof': '', 'roof': '', 'ac_platform': '', 'plant_room': '', 'garden': '', 'yard': ''}",18.5,16.9799,15201,13952.25965488907,9071003060069,2786937,ASP,HRB,淺水灣/壽臣山,1986/12,1986,40,B,12.0,3,blank,GRAND GARDEN,華景園,True
5029,2009-07-07,"SEA CLIFF MANSION(Block A),REPULSE BAY RD|海峰園A座,淺水灣道",14979.95543947099,0,1941,"{'bay_window': '', 'flat_roof': '', 'roof': '', 'ac_platform': '', 'plant_room': '', 'garden': '', 'yard': ''}",31.8,30.1617,16383,15539.258114374034,9071300180063,2788249,ASP,HRB,淺水灣/壽臣山,1964/05,1964,62,A2,2.0,A,blank,SEA CLIFF MANSION,海峰園,True
5032,2009-06-16,"BELGRAVIA,SOUTH BAY RD|BELGRAVIA,南灣道",21412.280873704847,2390,1900,"{'bay_window': '', 'flat_roof': '', 'roof': '', 'ac_platform': '', 'plant_room': '', 'garden': '', 'yard': ''}",43.8,41.4947,23053,21839.315789473683,9071401030013,2789727,PRO-ASP,HRB,淺水灣/壽臣山,1989/04,1989,37,A,11.0,blank,blank,blank,,True
5037,2009-06-22,"37 REPULSE BAY RD(Block 2),REPULSE BAY RD|淺水灣道 37號2座,淺水灣道",17255.54602436256,1680,1255,"{'bay_window': '44', 'flat_roof': '', 'roof': '', 'ac_platform': '', 'plant_room': '', 'garden': '', 'yard': ''}",24.0,22.0876,19124,17599.6812749004,9071503000013,2791195,PRO-ASP,HRB,淺水灣/壽臣山,1994/02,1994,32,B,5.0,2,blank,37 REPULSE BAY RD,淺水灣道 37號,True
5038,2009-07-08,"PARKVIEW SUITE(Block 3,HONG KONG PARKVIEW),TAI TAM RESERVOIR RD|陽明山莊,3座(陽明居),大潭水塘道",12430.357402741703,1235,1012,"{'bay_window': '', 'flat_roof': '', 'roof': '', 'ac_platform': '', 'plant_room': '', 'garden': '', 'yard': ''}",14.48,13.0492,14308,12894.466403162056,9071600560076,2792358,ASP,HRB,淺水灣/壽臣山,1989/05,1989,37,25,23.0,3,blank,HONG KONG PARKVIEW,陽明山莊,True
5044,2009-07-07,"RIDGE COURT,REPULSE BAY RD|冠園,淺水灣道",15414.4738258497,0,1880,"{'bay_window': '', 'flat_roof': '', 'roof': '', 'ac_platform': '', 'plant_room': '', 'garden': '', 'yard': ''}",31.75,30.0612,16888,15990.0,9071701850027,2794011,ASP,HRB,淺水灣/壽臣山,1962/08,1962,64,D,9.0,blank,blank,blank,,True
5045,2009-06-24,"37 REPULSE BAY RD(Block 1),REPULSE BAY RD|淺水灣道 37號1座,淺水灣道",16137.20632382881,1745,1289,"{'bay_window': '44', 'flat_roof': '', 'roof': '', 'ac_platform': '', 'plant_room': '', 'garden': '', 'yard': ''}",23.0,21.2157,17843,16459.038013964313,9072103160011,2797088,PRO-ASP,HRB,淺水灣/壽臣山,1994/02,1994,32,B,4.0,1,blank,37 REPULSE BAY RD,淺水灣道 37號,True
5046,2009-06-24,"RIDGE COURT,REPULSE BAY RD|冠園,淺水灣道",13825.651680609857,0,1880,"{'bay_window': '', 'flat_roof': '', 'roof': '', 'ac_platform': '', 'plant_room': '', 'garden': '', 'yard': ''}",28.0,26.5106,14894,14101.382978723404,9072201380034,2798355,ASP,HRB,淺水灣/壽臣山,1962/08,1962,64,D,1.0,blank,blank,blank,,True
5051,2009-07-16,"BELGRAVIA,SOUTH BAY RD|BELGRAVIA,南灣道",30204.052380189114,2790,2222,"{'bay_window': '', 'flat_roof': '', 'roof': '', 'ac_platform': '', 'plant_room': '', 'garden': '', 'yard': ''}",72.9,69.6192,32808,31331.773177317733,9072801720050,2804306,ASP,HRB,淺水灣/壽臣山,1989/04,1989,37,B,22.0,blank,blank,blank,,True
5052,2009-07-16,"BELGRAVIA,SOUTH BAY RD|BELGRAVIA,南灣道",29586.688685446723,2790,2222,"{'bay_window': '', 'flat_roof': '', 'roof': '', 'ac_platform': '', 'plant_room': '', 'garden': '', 'yard': ''}",71.41,68.19619999999999,32138,30691.359135913586,9072801720064,2804307,ASP,HRB,淺水灣/壽臣山,1989/04,1989,37,B,20.0,blank,blank,blank,,True
5053,2009-07-16,"BELGRAVIA,SOUTH BAY RD|BELGRAVIA,南灣道",29801.417537742953,2390,1900,"{'bay_window': '', 'flat_roof': '', 'roof': '', 'ac_platform': '', 'plant_room': '', 'garden': '', 'yard': ''}",62.0,58.7368,32632,30914.105263157893,9072801720072,2804308,ASP,HRB,淺水灣/壽臣山,1989/04,1989,37,A,22.0,blank,blank,blank,,True
5054,2009-07-16,"BELGRAVIA,SOUTH BAY RD|BELGRAVIA,南灣道",30133.086723745982,2390,1900,"{'bay_window': '', 'flat_roof': '', 'roof': '', 'ac_platform': '', 'plant_room': '', 'garden': '', 'yard': ''}",62.69,59.3905,32995,31258.157894736843,9072801720085,2804309,ASP,HRB,淺水灣/壽臣山,1989/04,1989,37,A,25.0,blank,blank,blank,,True
5060,2009-07-15,"SOUTH BAY TOWERS,SOUTH BAY RD|南灣大廈,南灣道",13831.102657702348,1433,1145,"{'bay_window': '', 'flat_roof': '', 'roof': '', 'ac_platform': '', 'plant_room': '', 'garden': '', 'yard': ''}",18.0,16.4279,15721,14347.51091703057,9080302030116,2810026,ASP,HRB,淺水灣/壽臣山,1984/11,1984,42,A,28.0,blank,blank,blank,,True
5061,2009-07-23,"BELGRAVIA,SOUTH BAY RD|BELGRAVIA,南灣道",19409.370062398622,2390,1900,"{'bay_window': '', 'flat_roof': '', 'roof': '', 'ac_platform': '', 'plant_room': '', 'garden': '', 'yard': ''}",40.38,38.2547,21253,20134.052631578947,9080401790040,2811393,ASP,HRB,淺水灣/壽臣山,1989/04,1989,37,A,9.0,blank,blank,blank,,True
5063,2009-07-12,"PARKVIEW SUITE(Block 3,HONG KONG PARKVIEW),TAI TAM RESERVOIR RD|陽明山莊,3座(陽明居),大潭水塘道",9872.118748969586,1235,1012,"{'bay_window': '', 'flat_roof': '', 'roof': '', 'ac_platform': '', 'plant_room': '', 'garden': '', 'yard': ''}",11.5,10.3636,11364,10240.711462450592,9080500490141,2812698,PRO-ASP,HRB,淺水灣/壽臣山,1989/05,1989,37,25,1.0,3,blank,HONG KONG PARKVIEW,陽明山莊,True
5066,2009-07-25,"37 REPULSE BAY RD(Block 1),REPULSE BAY RD|淺水灣道 37號1座,淺水灣道",17246.30423402752,1745,1289,"{'bay_window': '44', 'flat_roof': '', 'roof': '', 'ac_platform': '', 'plant_room': '', 'garden': '', 'yard': ''}",25.0,23.0605,19395,17890.22498060512,9081101430012,2818713,PRE-ASP,HRB,淺水灣/壽臣山,1994/02,1994,32,B,3.0,1,blank,37 REPULSE BAY RD,淺水灣道 37號,True
5068,2009-07-27,"CELESTIAL GARDEN,REPULSE BAY RD|詩禮花園,淺水灣道",17093.626048616785,0,2264,"{'bay_window': '', 'flat_roof': '', 'roof': '', 'ac_platform': '', 'plant_room': '', 'garden': '', 'yard': ''}",42.0,40.1449,18551,17731.84628975265,9081201860109,2820254,PRO-ASP,HRB,淺水灣/壽臣山,1978/09,1978,48,C,11.0,blank,blank,blank,,True
5069,2009-08-10,"PARKVIEW SUITE(Block 5,HONG KONG PARKVIEW),TAI TAM RESERVOIR RD|陽明山莊,5座(陽明居),大潭水塘道",11385.069343740557,1309,1048,"{'bay_window': '', 'flat_roof': '', 'roof': '', 'ac_platform': '', 'plant_room': '', 'garden': '', 'yard': ''}",13.8,12.4832,13168,11911.45038167939,9081300680424,2821649,PRE-ASP,HRB,淺水灣/壽臣山,1989/11,1989,37,41,6.0,5,blank,HONG KONG PARKVIEW,陽明山莊,True
5071,2009-07-22,"37 REPULSE BAY RD(Block 2),REPULSE BAY RD|淺水灣道 37號2座,淺水灣道",17849.878423272283,1680,1255,"{'bay_window': '44', 'flat_roof': '', 'roof': '', 'ac_platform': '', 'plant_room': '', 'garden': '', 'yard': ''}",25.25,23.238,20120,18516.33466135458,9081403030011,2823511,PRO-ASP,HRB,淺水灣/壽臣山,1994/02,1994,32,B,6.0,2,blank,37 REPULSE BAY RD,淺水灣道 37號,True
5072,2009-07-20,"PARKVIEW SUITE(Block 3,HONG KONG PARKVIEW),TAI TAM RESERVOIR RD|陽明山莊,3座(陽明居),大潭水塘道",11460.253796470655,1235,1012,"{'bay_window': '', 'flat_roof': '', 'roof': '', 'ac_platform': '', 'plant_room': '', 'garden': '', 'yard': ''}",13.35,12.0308,13192,11888.142292490118,9081700320043,2823999,ASP,HRB,淺水灣/壽臣山,1989/05,1989,37,25,6.0,3,blank,HONG KONG PARKVIEW,陽明山莊,True
5075,2009-07-30,"37 REPULSE BAY RD(Block 2),REPULSE BAY RD|淺水灣道 37號2座,淺水灣道",16523.128808661186,1635,1236,"{'bay_window': '32', 'flat_roof': '', 'roof': '', 'ac_platform': '', 'plant_room': '', 'garden': '', 'yard': ''}",23.05,21.1851,18649,17140.04854368932,9081901430409,2827879,ASP,HRB,淺水灣/壽臣山,1994/02,1994,32,A,3.0,2,blank,37 REPULSE BAY RD,淺水灣道 37號,True
5079,2009-08-01,"PARKVIEW RISE(Block 6,HONG KONG PARKVIEW),TAI TAM RESERVOIR RD|陽明山莊,6座(凌雲閣),大潭水塘道",14738.049917575294,2583,2087,"{'bay_window': '', 'flat_roof': '', 'roof': '', 'ac_platform': '', 'plant_room': '', 'garden': '', 'yard': ''}",33.8,32.1804,16196,15419.453761379971,9081902910015,2827978,PRO-ASP,HRB,淺水灣/壽臣山,1989/11,1989,37,45,8.0,6,blank,HONG KONG PARKVIEW,陽明山莊,True
5084,2009-08-07,"THE BEACHSIDE(Block A),REPULSE BAY RD|THE BEACHSIDEA座,淺水灣道",13637.644231896471,1161,886,"{'bay_window': '32', 'flat_roof': '', 'roof': '', 'ac_platform': '', 'plant_room': '', 'garden': '', 'yard': ''}",14.25,12.6416,16084,14268.171557562076,9082102840081,2831088,PRO-ASP,HRB,淺水灣/壽臣山,1993/12,1993,33,B,2.0,A,blank,THE BEACHSIDE,THE BEACHSIDE,True
5086,2009-07-07,"GRAND GARDEN(Block 1),SOUTH BAY RD|華景園1座,南灣道",13866.57088977417,3061,2663,"{'bay_window': '', 'flat_roof': '', 'roof': '', 'ac_platform': '', 'plant_room': '', 'garden': '', 'yard': ''}",39.8,38.3054,14946,14384.303417198647,9082401070259,2832588,PRE-ASP,HRB,淺水灣/壽臣山,1986/12,1986,40,B,6.0,1,blank,GRAND GARDEN,華景園,True
5087,2009-08-18,"PARKVIEW HEIGHTS(Block 14,HONG KONG PARKVIEW),TAI TAM RESERVOIR RD|陽明山莊,14座(摘星樓),大潭水塘道",16775.51448338562,1785,1385,"{'bay_window': '', 'flat_roof': '', 'roof': '', 'ac_platform': '', 'plant_room': '', 'garden': '', 'yard': ''}",26.2,24.3083,18917,17551.119133574008,9082500950337,2834175,ASP,HRB,淺水灣/壽臣山,1988/00,1988,38,81,15.0,14,blank,HONG KONG PARKVIEW,陽明山莊,True
5088,2009-07-30,"REPULSE BAY GARDEN(Block 4),BELLEVIEW DR|淺水灣新村4座,麗景道",17662.52006430225,2810,2625,"{'bay_window': '', 'flat_roof': '', 'roof': '', 'ac_platform': '', 'plant_room': '', 'garden': '', 'yard': ''}",50.0,48.0952,19048,18321.980952380953,9082501720019,2834219,PRO-ASP,HRB,淺水灣/壽臣山,1973/11,1973,53,whole floor,17.0,4,blank,REPULSE BAY GARDEN,淺水灣新村,True
5093,2009-08-21,"THE BEACHSIDE(Block A),REPULSE BAY RD|THE BEACHSIDEA座,淺水灣道",14355.47175941703,1161,886,"{'bay_window': '32', 'flat_roof': '', 'roof': '', 'ac_platform': '', 'plant_room': '', 'garden': '', 'yard': ''}",15.0,13.307,16930,15019.187358916479,9083100210040,2840141,ASP,HRB,淺水灣/壽臣山,1993/12,1993,33,B,3.0,A,blank,THE BEACHSIDE,THE BEACHSIDE,True
5096,2009-08-26,"37 REPULSE BAY RD(Block 3),REPULSE BAY RD|淺水灣道 37號3座,淺水灣道",16757.64956142985,1740,1289,"{'bay_window': '44', 'flat_roof': '', 'roof': '', 'ac_platform': '', 'plant_room': '', 'garden': '', 'yard': ''}",24.5,22.5993,19007,17532.428238944918,9083102440053,2840328,ASP,HRB,淺水灣/壽臣山,1994/02,1994,32,B,11.0,3,blank,37 REPULSE BAY RD,淺水灣道 37號,True
5099,2009-08-20,"PARKVIEW SUITE(Block 4,HONG KONG PARKVIEW),TAI TAM RESERVOIR RD|陽明山莊,4座(陽明居),大潭水塘道",13040.767416569997,1903,1579,"{'bay_window': '', 'flat_roof': '', 'roof': '', 'ac_platform': '', 'plant_room': '', 'garden': '', 'yard': ''}",23.0,21.5434,14566,13643.698543381888,9090202320014,2842930,ASP,HRB,淺水灣/壽臣山,1989/11,1989,37,33,6.0,4,blank,HONG KONG PARKVIEW,陽明山莊,True
5102,2009-08-28,"THE BEACHSIDE(Block A),REPULSE BAY RD|THE BEACHSIDEA座,淺水灣道",16704.529160416187,1135,864,"{'bay_window': '29', 'flat_roof': '', 'roof': '', 'ac_platform': '', 'plant_room': '', 'garden': '', 'yard': ''}",15.1,15.1,17477,17476.85185185185,9090700720125,2846315,ASP,HRB,淺水灣/壽臣山,1993/12,1993,33,A,3.0,A,blank,THE BEACHSIDE,THE BEACHSIDE,False
5103,2009-08-21,"PARKVIEW SUITE(Block 3,HONG KONG PARKVIEW),TAI TAM RESERVOIR RD|陽明山莊,3座(陽明居),大潭水塘道",12745.06427969801,1290,976,"{'bay_window': '', 'flat_roof': '', 'roof': '', 'ac_platform': '', 'plant_room': '', 'garden': '', 'yard': ''}",14.5,13.0143,14857,13334.323770491803,9090801260013,2847804,ASP,HRB,淺水灣/壽臣山,1989/05,1989,37,21,10.0,3,blank,HONG KONG PARKVIEW,陽明山莊,True
5104,2009-09-02,"PARKVIEW SUITE(Block 4,HONG KONG PARKVIEW),TAI TAM RESERVOIR RD|陽明山莊,4座(陽明居),大潭水塘道",12958.404553569013,1903,1579,"{'bay_window': '', 'flat_roof': '', 'roof': '', 'ac_platform': '', 'plant_room': '', 'garden': '', 'yard': ''}",23.6,22.105400000000003,14946,13999.620012666246,9090801360043,2848731,ASP,HRB,淺水灣/壽臣山,1989/11,1989,37,33,10.0,4,blank,HONG KONG PARKVIEW,陽明山莊,True
5106,2009-08-21,"THE BEACHSIDE(Block A),REPULSE BAY RD|THE BEACHSIDEA座,淺水灣道",17608.01187335075,1135,864,"{'bay_window': '11', 'flat_roof': '', 'roof': '', 'ac_platform': '', 'plant_room': '386', 'garden': '', 'yard': ''}",18.0,15.9167,20833,18422.10648148148,9091000730181,2851629,ASP,HRB,淺水灣/壽臣山,1993/12,1993,33,A,1.0,A,blank,THE BEACHSIDE,THE BEACHSIDE,True
5108,2009-09-07,"TWIN BROOK,REPULSE BAY RD|雙溪,淺水灣道",20373.20579964107,2700,2440,"{'bay_window': '', 'flat_roof': '', 'roof': '', 'ac_platform': '', 'plant_room': '', 'garden': '', 'yard': ''}",56.0,53.7049,22951,22010.20491803279,9091002180022,2851722,ASP,HRB,淺水灣/壽臣山,1974/04,1974,52,B,6.0,blank,blank,blank,,True
5110,2009-09-02,"PARKVIEW RISE(Block 7,HONG KONG PARKVIEW),TAI TAM RESERVOIR RD|陽明山莊,7座(凌雲閣),大潭水塘道",15178.8051469097,1860,1466,"{'bay_window': '', 'flat_roof': '', 'roof': '', 'ac_platform': '', 'plant_room': '', 'garden': '', 'yard': ''}",25.8,24.0401,17599,16398.431105047748,9091002490076,2850961,ASP,HRB,淺水灣/壽臣山,1988/00,1988,38,47,12.0,7,blank,HONG KONG PARKVIEW,陽明山莊,True
5115,2009-09-01,"PARKVIEW SUITE(Block 4,HONG KONG PARKVIEW),TAI TAM RESERVOIR RD|陽明山莊,4座(陽明居),大潭水塘道",13986.269406216701,2105,1747,"{'bay_window': '', 'flat_roof': '', 'roof': '', 'ac_platform': '', 'plant_room': '', 'garden': '', 'yard': ''}",28.0,26.3973,16027,15110.074413279908,9091702590345,2858784,PRO-ASP,HRB,淺水灣/壽臣山,1989/11,1989,37,31,23.0,4,blank,HONG KONG PARKVIEW,陽明山莊,True
5116,2009-08-30,"PARKVIEW CRESCENT(Block 10,HONG KONG PARKVIEW),TAI TAM RESERVOIR RD|陽明山莊,10座(環翠軒),大潭水塘道",13674.187885290092,2771,2342,"{'bay_window': '', 'flat_roof': '', 'roof': '', 'ac_platform': '', 'plant_room': '', 'garden': '', 'yard': ''}",35.0,33.5056,14944,14306.404782237403,9091800520035,2860343,PRO-ASP,HRB,淺水灣/壽臣山,1989/11,1989,37,63,22.0,10,blank,HONG KONG PARKVIEW,陽明山莊,True
5117,2009-09-11,"PARKVIEW SUITE(Block 5,HONG KONG PARKVIEW),TAI TAM RESERVOIR RD|陽明山莊,5座(陽明居),大潭水塘道",11568.816615047348,1309,1048,"{'bay_window': '', 'flat_roof': '', 'roof': '', 'ac_platform': '', 'plant_room': '', 'garden': '', 'yard': ''}",14.48,13.0983,13817,12498.37786259542,9092101080056,2860986,ASP,HRB,淺水灣/壽臣山,1989/11,1989,37,41,22.0,5,blank,HONG KONG PARKVIEW,陽明山莊,True
5118,2009-09-09,"PARKVIEW HEIGHTS(Block 13,HONG KONG PARKVIEW),TAI TAM RESERVOIR RD|陽明山莊,13座(摘星樓),大潭水塘道",12728.841578503538,2700,2327,"{'bay_window': '', 'flat_roof': '', 'roof': '', 'ac_platform': '', 'plant_room': '', 'garden': '', 'yard': ''}",32.0,32.0,13752,13751.611516974646,9092101420162,2861052,ASP,HRB,淺水灣/壽臣山,1988/12,1988,38,75,6.0,13,blank,HONG KONG PARKVIEW,陽明山莊,False
5119,2009-09-08,"PARKVIEW HEIGHTS(Block 14,HONG KONG PARKVIEW),TAI TAM RESERVOIR RD|陽明山莊,14座(摘星樓),大潭水塘道",17911.019509593032,1785,1385,"{'bay_window': '', 'flat_roof': '', 'roof': '', 'ac_platform': '', 'plant_room': '', 'garden': '', 'yard': ''}",26.8,26.8,19350,19350.180505415163,9092102670084,2861298,ASP,HRB,淺水灣/壽臣山,1988/00,1988,38,81,12.0,14,blank,HONG KONG PARKVIEW,陽明山莊,False
5120,2009-09-01,"GRAND GARDEN(Block 3),SOUTH BAY RD|華景園3座,南灣道",14869.180274284972,1657,1217,"{'bay_window': '', 'flat_roof': '', 'roof': '', 'ac_platform': '', 'plant_room': '', 'garden': '', 'yard': ''}",21.3,19.5498,17502,16063.92769104355,9092201450023,2863440,PRO-ASP,HRB,淺水灣/壽臣山,1986/12,1986,40,B,25.0,3,blank,GRAND GARDEN,華景園,True
5121,2009-09-15,"REPULSE BAY GARDEN(Block 2),BELLEVIEW DR|淺水灣新村2座,麗景道",14751.662065377772,2288,2110,"{'bay_window': '', 'flat_roof': '', 'roof': '', 'ac_platform': '', 'plant_room': '', 'garden': '', 'yard': ''}",35.3,33.626999999999995,16730,15936.966824644545,9092300720117,2864963,ASP,HRB,淺水灣/壽臣山,1973/11,1973,53,whole floor,18.0,2,blank,REPULSE BAY GARDEN,淺水灣新村,True
5128,2009-09-12,"RIDGE COURT,REPULSE BAY RD|冠園,淺水灣道",16082.692932930775,0,1880,"{'bay_window': '', 'flat_roof': '', 'roof': '', 'ac_platform': '', 'plant_room': '', 'garden': '', 'yard': ''}",34.5,32.6649,18351,17374.946808510642,9092800900034,2868477,PRO-ASP,HRB,淺水灣/壽臣山,1962/08,1962,64,C,11.0,blank,blank,blank,,True
5129,2009-09-04,"MING WAI GARDEN,REPULSE BAY RD|明慧園,淺水灣道",18815.977829446554,0,1630,"{'bay_window': '', 'flat_roof': '', 'roof': '', 'ac_platform': '', 'plant_room': '', 'garden': '', 'yard': ''}",35.3,33.1344,21656,20327.852760736198,9092802870068,2868968,PRO-ASP,HRB,淺水灣/壽臣山,1973/12,1973,53,B,12.0,blank,blank,blank,,True
5131,2009-09-09,"THE BEACHSIDE(Block A),REPULSE BAY RD|THE BEACHSIDEA座,淺水灣道",11591.426562406146,950,706,"{'bay_window': '9', 'flat_roof': '', 'roof': '', 'ac_platform': '', 'plant_room': '695', 'garden': '', 'yard': ''}",10.3,8.8411,14589,12522.804532577904,9092901900025,2870106,ASP,HRB,淺水灣/壽臣山,1993/12,1993,33,F,1.0,A,blank,THE BEACHSIDE,THE BEACHSIDE,True
5133,2009-09-22,"SOUTH BAY TOWERS,SOUTH BAY RD|南灣大廈,南灣道",14003.757856005419,2738,2161,"{'bay_window': '107', 'flat_roof': '', 'roof': '', 'ac_platform': '', 'plant_room': '', 'garden': '', 'yard': ''}",34.28,32.6937,15863,15128.968070337807,9093001100018,2871485,ASP,HRB,淺水灣/壽臣山,1984/11,1984,42,C,7.0,blank,blank,blank,,True
5136,2009-09-18,"TWIN BROOK,REPULSE BAY RD|雙溪,淺水灣道",18117.600736339846,2700,2440,"{'bay_window': '', 'flat_roof': '', 'roof': '', 'ac_platform': '', 'plant_room': '', 'garden': '', 'yard': ''}",49.8,47.759,20410,19573.360655737706,9100202510230,2873865,MEM-ASP,HRB,淺水灣/壽臣山,1974/04,1974,52,A,20.0,blank,blank,blank,,True
5139,2009-09-28,"THE BEACHSIDE(Block A),REPULSE BAY RD|THE BEACHSIDEA座,淺水灣道",11268.4135272745,929,688,"{'bay_window': '20', 'flat_roof': '', 'roof': '', 'ac_platform': '', 'plant_room': '', 'garden': '', 'yard': ''}",9.8,8.3756,14244,12173.837209302326,9100600130019,2875052,ASP,HRB,淺水灣/壽臣山,1993/12,1993,33,F,2.0,A,blank,THE BEACHSIDE,THE BEACHSIDE,True
5144,2009-09-25,"PARKVIEW SUITE(Block 5,HONG KONG PARKVIEW),TAI TAM RESERVOIR RD|陽明山莊,5座(陽明居),大潭水塘道",12003.788237508987,1299,1041,"{'bay_window': '', 'flat_roof': '', 'roof': '', 'ac_platform': '', 'plant_room': '', 'garden': '', 'yard': ''}",13.5,13.5,12968,12968.299711815562,9100703140018,2876895,ASP,HRB,淺水灣/壽臣山,1989/11,1989,37,35,8.0,5,blank,HONG KONG PARKVIEW,陽明山莊,False
5146,2009-10-06,"PARKVIEW SUITE(Block 5,HONG KONG PARKVIEW),TAI TAM RESERVOIR RD|陽明山莊,5座(陽明居),大潭水塘道",11298.39447735721,1263,1012,"{'bay_window': '', 'flat_roof': '', 'roof': '', 'ac_platform': '', 'plant_room': '', 'garden': '', 'yard': ''}",13.88,12.508500000000002,13715,12360.17786561265,9100900500055,2880347,ASP,HRB,淺水灣/壽臣山,1989/11,1989,37,37,3.0,5,blank,HONG KONG PARKVIEW,陽明山莊,True
5147,2009-09-22,"RUBY COURT(Block 2),SOUTH BAY RD|嘉麟閣2座,南灣道",15388.568844553663,1780,1517,"{'bay_window': '50', 'flat_roof': '', 'roof': '', 'ac_platform': '', 'plant_room': '', 'garden': '', 'yard': ''}",27.0,25.2202,17798,16625.049439683586,9100902660023,2880476,ASP,HRB,淺水灣/壽臣山,1987/05,1987,39,A,9.0,2,blank,RUBY COURT,嘉麟閣,True
5150,2009-09-28,"CELESTIAL GARDEN,REPULSE BAY RD|詩禮花園,淺水灣道",18267.421090759082,0,1962,"{'bay_window': '', 'flat_roof': '', 'roof': '', 'ac_platform': '', 'plant_room': '', 'garden': '', 'yard': ''}",40.8,38.7205,20795,19735.219164118247,9101402580114,2884609,PRO-ASP,HRB,淺水灣/壽臣山,1978/09,1978,48,B,7.0,blank,blank,blank,,True
5151,2009-09-19,"GRAND GARDEN(Block 3),SOUTH BAY RD|華景園3座,南灣道",15288.031494095341,1657,1217,"{'bay_window': '', 'flat_roof': '', 'roof': '', 'ac_platform': '', 'plant_room': '', 'garden': '', 'yard': ''}",21.9,20.1005,17995,16516.4338537387,9101402580121,2884610,PRO-ASP,HRB,淺水灣/壽臣山,1986/12,1986,40,B,24.0,3,blank,GRAND GARDEN,華景園,True
5153,2009-10-07,"37 REPULSE BAY RD(Block 1),REPULSE BAY RD|淺水灣道 37號1座,淺水灣道",15529.171788162183,1225,882,"{'bay_window': '56', 'flat_roof': '', 'roof': '', 'ac_platform': '', 'plant_room': '', 'garden': '', 'yard': ''}",16.9,14.983899999999998,19161,16988.548752834464,9101902200017,2888121,ASP,HRB,淺水灣/壽臣山,1994/02,1994,32,A,17.0,1,blank,37 REPULSE BAY RD,淺水灣道 37號,True
5154,2009-10-06,"RUBY COURT(Block 2),SOUTH BAY RD|嘉麟閣2座,南灣道",16322.556598780975,1780,1517,"{'bay_window': '50', 'flat_roof': '', 'roof': '', 'ac_platform': '', 'plant_room': '', 'garden': '', 'yard': ''}",29.0,27.0883,19117,17856.4930784443,9102100750017,2890876,ASP,HRB,淺水灣/壽臣山,1987/05,1987,39,A,19.0,2,blank,RUBY COURT,嘉麟閣,True
5156,2009-10-04,"PARK PLACE(Block C),TAI TAM RESERVOIR RD|雅柏苑C座,大潭水塘道",23899.987319544016,2288,2075,"{'bay_window': '', 'flat_roof': '', 'roof': '', 'ac_platform': '', 'plant_room': '', 'garden': '', 'yard': ''}",57.0,54.253,27470,26146.024096385543,9102301940183,2894939,PRE-ASP,HRB,淺水灣/壽臣山,1985/01,1985,41,2,10.0,C,blank,PARK PLACE,雅柏苑,True
5157,2009-10-12,"37 REPULSE BAY RD(Block 3),REPULSE BAY RD|淺水灣道 37號3座,淺水灣道",17498.103346572818,1740,1289,"{'bay_window': '44', 'flat_roof': '', 'roof': '', 'ac_platform': '', 'plant_room': '', 'garden': '', 'yard': ''}",26.75,24.6747,20753,19142.513576415826,9102302300324,2893766,PRO-ASP,HRB,淺水灣/壽臣山,1994/02,1994,32,B,11.0,3,blank,37 REPULSE BAY RD,淺水灣道 37號,True
5161,2009-10-16,"PARKVIEW RISE(Block 7,HONG KONG PARKVIEW),TAI TAM RESERVOIR RD|陽明山莊,7座(凌雲閣),大潭水塘道",14475.92820919653,2092,1649,"{'bay_window': '', 'flat_roof': '', 'roof': '', 'ac_platform': '', 'plant_room': '', 'garden': '', 'yard': ''}",27.8,26.1141,16859,15836.32504548211,9102702930010,2896727,ASP,HRB,淺水灣/壽臣山,1988/00,1988,38,49,15.0,7,blank,HONG KONG PARKVIEW,陽明山莊,True
5165,2009-10-27,"GRAND GARDEN(Block 1),SOUTH BAY RD|華景園1座,南灣道",14800.501575834809,3061,2663,"{'bay_window': '85', 'flat_roof': '', 'roof': '', 'ac_platform': '', 'plant_room': '', 'garden': '', 'yard': ''}",44.8,43.1177,16823,16191.400675929402,9110301260028,2903327,ASP,HRB,淺水灣/壽臣山,1986/12,1986,40,B,12.0,1,blank,GRAND GARDEN,華景園,True
5169,2009-10-08,"37 REPULSE BAY RD(Block 1),REPULSE BAY RD|淺水灣道 37號1座,淺水灣道",14131.495544092517,1225,882,"{'bay_window': '56', 'flat_roof': '', 'roof': '', 'ac_platform': '', 'plant_room': '', 'garden': '', 'yard': ''}",15.379,13.6353,17437,15459.52380952381,9110500260044,2906213,ASP,HRB,淺水灣/壽臣山,1994/02,1994,32,A,1.0,1,blank,37 REPULSE BAY RD,淺水灣道 37號,True
5174,2009-10-09,"GRAND GARDEN(Block 3),SOUTH BAY RD|華景園3座,南灣道",11901.26288527545,1657,1274,"{'bay_window': '40', 'flat_roof': '', 'roof': '', 'ac_platform': '', 'plant_room': '', 'garden': '', 'yard': ''}",18.0,16.5871,14129,13019.701726844583,9110601440107,2908799,ASP,HRB,淺水灣/壽臣山,1986/12,1986,40,A,6.0,3,blank,GRAND GARDEN,華景園,True
5177,2009-10-28,"SOUTH BAY TOWERS,SOUTH BAY RD|南灣大廈,南灣道",11657.803098601915,1433,1145,"{'bay_window': '', 'flat_roof': '', 'roof': '', 'ac_platform': '', 'plant_room': '', 'garden': '', 'yard': ''}",16.0,14.6026,13974,12753.362445414847,9111001920015,2911463,ASP,HRB,淺水灣/壽臣山,1984/11,1984,42,D,16.0,blank,blank,blank,,True
5178,2009-10-23,"3 REPULSE BAY RD,REPULSE BAY RD|淺水灣三號,淺水灣道",25239.037283802965,2078,1741,"{'bay_window': '', 'flat_roof': '', 'roof': '', 'ac_platform': '', 'plant_room': '', 'garden': '', 'yard': ''}",51.0,48.0706,29294,27610.913268236647,9111100680188,2912796,ASP,HRB,淺水灣/壽臣山,1997/07,1997,29,B,6.0,blank,blank,blank,,True
5179,2009-10-14,"PARK PLACE(Block C),TAI TAM RESERVOIR RD|雅柏苑C座,大潭水塘道",21384.21772920888,2288,2075,"{'bay_window': '', 'flat_roof': '', 'roof': '', 'ac_platform': '', 'plant_room': '', 'garden': '', 'yard': ''}",51.0,48.5422,24578,23393.831325301206,9111100920017,2912808,PRE-ASP,HRB,淺水灣/壽臣山,1985/01,1985,41,1,2.0,C,blank,PARK PLACE,雅柏苑,True
5180,2009-10-15,"GRAND GARDEN(Block 3),SOUTH BAY RD|華景園3座,南灣道",14477.124285710614,1657,1217,"{'bay_window': '', 'flat_roof': '', 'roof': '', 'ac_platform': '', 'plant_room': '', 'garden': '', 'yard': ''}",21.0,19.2744,17256,15837.633525061627,9111101410013,2912838,PRE-ASP,HRB,淺水灣/壽臣山,1986/12,1986,40,B,19.0,3,blank,GRAND GARDEN,華景園,True
5181,2009-11-05,"PARKVIEW TERR(Block 11,HONG KONG PARKVIEW),TAI TAM RESERVOIR RD|陽明山莊,11座(涵碧苑),大潭水塘道",15200.771748022858,2490,2049,"{'bay_window': '', 'flat_roof': '', 'roof': '', 'ac_platform': '', 'plant_room': '', 'garden': '', 'yard': ''}",36.2,34.4333,17667,16804.92923377257,9111102470138,2912888,ASP,HRB,淺水灣/壽臣山,1989/11,1989,37,67,18.0,11,blank,HONG KONG PARKVIEW,陽明山莊,True
5184,2009-11-06,"GRAND GARDEN(Block 1),SOUTH BAY RD|華景園1座,南灣道",15299.640801741276,3061,2663,"{'bay_window': '85', 'flat_roof': '', 'roof': '', 'ac_platform': '', 'plant_room': '', 'garden': '', 'yard': ''}",46.8,45.0426,17574,16914.232069095007,9111201180017,2914007,ASP,HRB,淺水灣/壽臣山,1986/12,1986,40,B,11.0,1,blank,GRAND GARDEN,華景園,True
5186,2009-10-23,"PARKVIEW CRESCENT(Block 10,HONG KONG PARKVIEW),TAI TAM RESERVOIR RD|陽明山莊,10座(環翠軒),大潭水塘道",13593.027657892548,2771,2342,"{'bay_window': '', 'flat_roof': '', 'roof': '', 'ac_platform': '', 'plant_room': '', 'garden': '', 'yard': ''}",36.38,34.8266,15534,14870.452604611442,9111302360112,2915714,ASP,HRB,淺水灣/壽臣山,1989/11,1989,37,61,2.0,10,blank,HONG KONG PARKVIEW,陽明山莊,True
5187,2009-10-23,"BELGRAVIA,SOUTH BAY RD|BELGRAVIA,南灣道",21215.018066405635,2790,2222,"{'bay_window': '', 'flat_roof': '', 'roof': '', 'ac_platform': '', 'plant_room': '', 'garden': '', 'yard': ''}",54.0,51.5698,24302,23208.73087308731,9111302430074,2914535,ASP,HRB,淺水灣/壽臣山,1989/04,1989,37,B,9.0,blank,blank,blank,,True
5190,2009-10-28,"3 REPULSE BAY RD,REPULSE BAY RD|淺水灣三號,淺水灣道",25953.671242149812,2161,1796,"{'bay_window': '', 'flat_roof': '', 'roof': '', 'ac_platform': '', 'plant_room': '', 'garden': '', 'yard': ''}",54.0,50.9933,30067,28392.70601336303,9111602550094,2916901,ASP,HRB,淺水灣/壽臣山,1997/07,1997,29,A,9.0,blank,blank,blank,,True
5191,2009-10-23,"3 REPULSE BAY RD,REPULSE BAY RD|淺水灣三號,淺水灣道",26434.284415918955,2161,1796,"{'bay_window': '', 'flat_roof': '', 'roof': '', 'ac_platform': '', 'plant_room': '', 'garden': '', 'yard': ''}",55.0,51.9376,30624,28918.4855233853,9111902190180,2921014,ASP,HRB,淺水灣/壽臣山,1997/07,1997,29,A,11.0,blank,blank,blank,,True
5192,2009-11-16,"PARKVIEW RISE(Block 7,HONG KONG PARKVIEW),TAI TAM RESERVOIR RD|陽明山莊,7座(凌雲閣),大潭水塘道",14787.509949233967,1924,1517,"{'bay_window': '', 'flat_roof': '', 'roof': '', 'ac_platform': '', 'plant_room': '', 'garden': '', 'yard': ''}",24.8,24.8,16348,16348.055372445617,9112301720262,2922884,ASP,HRB,淺水灣/壽臣山,1988/00,1988,38,51,15.0,7,blank,HONG KONG PARKVIEW,陽明山莊,False
5193,2009-11-04,"PARKVIEW SUITE(Block 3,HONG KONG PARKVIEW),TAI TAM RESERVOIR RD|陽明山莊,3座(陽明居),大潭水塘道",11447.754900674869,1290,1051,"{'bay_window': '', 'flat_roof': '', 'roof': '', 'ac_platform': '', 'plant_room': '', 'garden': '', 'yard': ''}",14.7,13.3013,13987,12655.851569933397,9112402450094,2924957,ASP,HRB,淺水灣/壽臣山,1989/05,1989,37,23,7.0,3,blank,HONG KONG PARKVIEW,陽明山莊,True
5194,2009-11-09,"THE BEACHSIDE(Block A),REPULSE BAY RD|THE BEACHSIDEA座,淺水灣道",14944.041672448635,1161,886,"{'bay_window': '32', 'flat_roof': '', 'roof': '', 'ac_platform': '', 'plant_room': '', 'garden': '', 'yard': ''}",16.5,14.6377,18623,16521.106094808125,9112500990109,2925238,PRO-ASP,HRB,淺水灣/壽臣山,1993/12,1993,33,B,3.0,A,blank,THE BEACHSIDE,THE BEACHSIDE,True
5195,2009-11-04,"PARKVIEW HEIGHTS(Block 13,HONG KONG PARKVIEW),TAI TAM RESERVOIR RD|陽明山莊,13座(摘星樓),大潭水塘道",11346.351843237566,2700,2327,"{'bay_window': '', 'flat_roof': '', 'roof': '', 'ac_platform': '', 'plant_room': '', 'garden': '', 'yard': ''}",30.5,29.1893,13107,12543.747314138376,9113002700057,2929976,PRO-ASP,HRB,淺水灣/壽臣山,1989/11,1989,37,73,7.0,13,blank,HONG KONG PARKVIEW,陽明山莊,True
5196,2009-11-03,"SOUTH BAY PALACE(Block 1),SOUTH BAY CLOSE|南灣御苑1座,南灣坊",12521.884752298423,0,1373,"{'bay_window': '', 'flat_roof': '', 'roof': '', 'ac_platform': '', 'plant_room': '', 'garden': '', 'yard': ''}",20.5,19.0069,14931,13843.335761107064,9120101510027,2930870,ASP,HRB,淺水灣/壽臣山,2000/01,2000,26,C,6.0,1,blank,SOUTH BAY PALACE,南灣御苑,True
5199,2009-12-08,"SOUTH BAY PALACE(Block 1),SOUTH BAY CLOSE|南灣御苑1座,南灣坊",12704.433919951709,0,1905,"{'bay_window': '', 'flat_roof': '', 'roof': '', 'ac_platform': '', 'plant_room': '', 'garden': '', 'yard': ''}",28.0,26.5302,14698,13926.614173228347,9121101880038,2941196,ASP,HRB,淺水灣/壽臣山,2000/01,2000,26,A,3.0,1,blank,SOUTH BAY PALACE,南灣御苑,True
5203,2009-11-27,"PARKVIEW SUITE(Block 3,HONG KONG PARKVIEW),TAI TAM RESERVOIR RD|陽明山莊,3座(陽明居),大潭水塘道",11376.48672910438,1275,994,"{'bay_window': '', 'flat_roof': '', 'roof': '', 'ac_platform': '', 'plant_room': '', 'garden': '', 'yard': ''}",13.9,12.5016,13984,12577.062374245474,9121802300035,2947815,PRO-ASP,HRB,淺水灣/壽臣山,1989/05,1989,37,27,6.0,3,blank,HONG KONG PARKVIEW,陽明山莊,True
5204,2009-11-27,"BELGRAVIA,SOUTH BAY RD|BELGRAVIA,南灣道",23325.837370111756,2790,2222,"{'bay_window': '', 'flat_roof': '', 'roof': '', 'ac_platform': '', 'plant_room': '', 'garden': '', 'yard': ''}",60.0,57.2997,27003,25787.44374437444,9121803130071,2947881,ASP,HRB,淺水灣/壽臣山,1989/04,1989,37,B,11.0,blank,blank,blank,,True
5210,2009-12-15,"PARKVIEW SUITE(Block 3,HONG KONG PARKVIEW),TAI TAM RESERVOIR RD|陽明山莊,3座(陽明居),大潭水塘道",11325.25257849595,1290,976,"{'bay_window': '', 'flat_roof': '', 'roof': '', 'ac_platform': '', 'plant_room': '', 'garden': '', 'yard': ''}",13.5,12.1168,13832,12414.754098360656,10010500290154,2961692,ASP,HRB,淺水灣/壽臣山,1989/05,1989,37,21,7.0,3,blank,HONG KONG PARKVIEW,陽明山莊,True
5212,2009-12-09,"SEA CLIFF MANSION(Block A),REPULSE BAY RD|海峰園A座,淺水灣道",12481.58659629617,0,1941,"{'bay_window': '', 'flat_roof': '', 'roof': '', 'ac_platform': '', 'plant_room': '', 'garden': '', 'yard': ''}",28.0,26.5574,14426,13682.328696548171,10010502450117,2961808,ASP,HRB,淺水灣/壽臣山,1964/05,1964,62,A2,5.0,A,blank,SEA CLIFF MANSION,海峰園,True
5213,2009-12-07,"THE BEACHSIDE(Block A),REPULSE BAY RD|THE BEACHSIDEA座,淺水灣道",14711.758705850005,969,721,"{'bay_window': '8', 'flat_roof': '', 'roof': '', 'ac_platform': '', 'plant_room': '210', 'garden': '', 'yard': ''}",13.5,11.6276,18724,16127.045769764216,10010600770017,2963179,PRO-ASP,HRB,淺水灣/壽臣山,1993/12,1993,33,C,1.0,A,blank,THE BEACHSIDE,THE BEACHSIDE,True
5216,2009-12-30,"PARKVIEW CORNER(Block 18,HONG KONG PARKVIEW),TAI TAM RESERVOIR RD|陽明山莊,18座(眺景台),大潭水塘道",14069.48091698751,2570,2067,"{'bay_window': '', 'flat_roof': '', 'roof': '', 'ac_platform': '', 'plant_room': '', 'garden': '', 'yard': ''}",33.5,31.8793,16207,15422.980164489598,10010702670151,2964644,ASP,HRB,淺水灣/壽臣山,1989/11,1989,37,95,7.0,18,blank,HONG KONG PARKVIEW,陽明山莊,True
5218,2009-12-15,"PARKVIEW RISE(Block 6,HONG KONG PARKVIEW),TAI TAM RESERVOIR RD|陽明山莊,6座(凌雲閣),大潭水塘道",14981.82738945459,2583,2087,"{'bay_window': '', 'flat_roof': '', 'roof': '', 'ac_platform': '', 'plant_room': '', 'garden': '', 'yard': ''}",36.0,34.275,17250,16423.095352180164,10011100230012,2967859,PRE-ASP,HRB,淺水灣/壽臣山,1989/11,1989,37,45,7.0,6,blank,HONG KONG PARKVIEW,陽明山莊,True
5219,2010-01-06,"PARKVIEW CORNER(Block 18,HONG KONG PARKVIEW),TAI TAM RESERVOIR RD|陽明山莊,18座(眺景台),大潭水塘道",13767.857059852378,2708,2171,"{'bay_window': '', 'flat_roof': '', 'roof': '', 'ac_platform': '', 'plant_room': '', 'garden': '', 'yard': ''}",35.0,33.3878,16122,15378.995854444956,10011100790026,2967894,ASP,HRB,淺水灣/壽臣山,1989/11,1989,37,97,6.0,18,blank,HONG KONG PARKVIEW,陽明山莊,True
5220,2009-12-15,"PARKVIEW SUITE(Block 5,HONG KONG PARKVIEW),TAI TAM RESERVOIR RD|陽明山莊,5座(陽明居),大潭水塘道",11716.382782771716,1309,1048,"{'bay_window': '', 'flat_roof': '', 'roof': '', 'ac_platform': '', 'plant_room': '', 'garden': '', 'yard': ''}",13.46,13.46,12844,12843.511450381679,10011301780016,2969573,ASP,HRB,淺水灣/壽臣山,1989/11,1989,37,41,3.0,5,blank,HONG KONG PARKVIEW,陽明山莊,False
5221,2009-12-23,"MONTE VERDE,REPULSE BAY RD|南山別墅,淺水灣道",21995.815542405624,2215,1960,"{'bay_window': '', 'flat_roof': '', 'roof': '', 'ac_platform': '', 'plant_room': '', 'garden': '', 'yard': ''}",49.8,47.2592,25408,24111.836734693876,10011401410024,2972248,ASP,HRB,淺水灣/壽臣山,1974/05,1974,52,B,2.0,blank,blank,blank,,True
5223,2009-12-14,"GRAND GARDEN(Block 2),SOUTH BAY RD|華景園2座,南灣道",12791.588415142938,1463,1124,"{'bay_window': '33', 'flat_roof': '', 'roof': '', 'ac_platform': '', 'plant_room': '', 'garden': '', 'yard': ''}",17.3,15.7609,15391,14022.153024911033,10011402340014,2972275,PRE-ASP,HRB,淺水灣/壽臣山,1986/12,1986,40,B,14.0,2,blank,GRAND GARDEN,華景園,True
5225,2010-01-04,"REPULSE BAY GARDEN(Block 11),BELLEVIEW DR|淺水灣新村11座,麗景道",15717.343052608447,1728,1459,"{'bay_window': '', 'flat_roof': '', 'roof': '', 'ac_platform': '', 'plant_room': '', 'garden': '', 'yard': ''}",27.5,25.6151,18849,17556.614119259768,10011901960010,2975675,ASP,HRB,淺水灣/壽臣山,1976/12,1976,50,whole floor,8.0,11,blank,REPULSE BAY GARDEN,淺水灣新村,True
5226,2010-01-06,"PARKVIEW CRESCENT(Block 10,HONG KONG PARKVIEW),TAI TAM RESERVOIR RD|陽明山莊,10座(環翠軒),大潭水塘道",13539.495645849092,2771,2342,"{'bay_window': '', 'flat_roof': '', 'roof': '', 'ac_platform': '', 'plant_room': '', 'garden': '', 'yard': ''}",37.0,35.4202,15798,15123.911187019641,10012101690215,2978382,ASP,HRB,淺水灣/壽臣山,1989/11,1989,37,61,9.0,10,blank,HONG KONG PARKVIEW,陽明山莊,True
5229,2009-12-28,"PARKVIEW SUITE(Block 5,HONG KONG PARKVIEW),TAI TAM RESERVOIR RD|陽明山莊,5座(陽明居),大潭水塘道",10979.706164929596,1312,1051,"{'bay_window': '', 'flat_roof': '', 'roof': '', 'ac_platform': '', 'plant_room': '', 'garden': '', 'yard': ''}",13.98,12.6498,13302,12035.965746907706,10012901200085,2986519,PRE-ASP,HRB,淺水灣/壽臣山,1989/11,1989,37,39,1.0,5,blank,HONG KONG PARKVIEW,陽明山莊,True
5231,2010-01-08,"GRAND GARDEN(Block 3),SOUTH BAY RD|華景園3座,南灣道",12173.75721510463,1657,1274,"{'bay_window': '40', 'flat_roof': '', 'roof': '', 'ac_platform': '', 'plant_room': '', 'garden': '', 'yard': ''}",18.8,17.3243,14757,13598.351648351649,10012903380010,2987755,PRO-ASP,HRB,淺水灣/壽臣山,1986/12,1986,40,A,7.0,3,blank,GRAND GARDEN,華景園,True
5237,2010-01-19,"PARKVIEW SUITE(Block 4,HONG KONG PARKVIEW),TAI TAM RESERVOIR RD|陽明山莊,4座(陽明居),大潭水塘道",13309.529852758917,1857,1541,"{'bay_window': '', 'flat_roof': '', 'roof': '', 'ac_platform': '', 'plant_room': '', 'garden': '', 'yard': ''}",24.5,22.9101,15899,14867.034393251135,10020401770018,2992500,ASP,HRB,淺水灣/壽臣山,1989/11,1989,37,29,16.0,4,blank,HONG KONG PARKVIEW,陽明山莊,True
5238,2010-01-20,"PARKVIEW SUITE(Block 5,HONG KONG PARKVIEW),TAI TAM RESERVOIR RD|陽明山莊,5座(陽明居),大潭水塘道",11271.825373173488,1299,1041,"{'bay_window': '', 'flat_roof': '', 'roof': '', 'ac_platform': '', 'plant_room': '', 'garden': '', 'yard': ''}",14.5,13.1071,13929,12590.874159462055,10020503300468,2994302,ASP,HRB,淺水灣/壽臣山,1989/11,1989,37,35,5.0,5,blank,HONG KONG PARKVIEW,陽明山莊,True
5240,2010-01-11,"CELESTIAL GARDEN,REPULSE BAY RD|詩禮花園,淺水灣道",18117.429998735737,0,1970,"{'bay_window': '', 'flat_roof': '', 'roof': '', 'ac_platform': '', 'plant_room': '', 'garden': '', 'yard': ''}",42.0,39.868,21320,20237.56345177665,10021003000476,2999610,MEM-ASP,HRB,淺水灣/壽臣山,1978/09,1978,48,A,11.0,blank,blank,blank,,True
5241,2010-01-20,"37 REPULSE BAY RD(Block 1),REPULSE BAY RD|淺水灣道 37號1座,淺水灣道",15118.758238207116,1225,882,"{'bay_window': '56', 'flat_roof': '', 'roof': '', 'ac_platform': '', 'plant_room': '', 'garden': '', 'yard': ''}",16.8,14.8952,19048,16887.98185941043,10021200790013,3003344,MEM-ASP,HRB,淺水灣/壽臣山,1994/02,1994,32,A,13.0,1,blank,37 REPULSE BAY RD,淺水灣道 37號,True
5242,2010-02-05,"37 REPULSE BAY RD(Block 2),REPULSE BAY RD|淺水灣道 37號2座,淺水灣道",15660.54756722768,1680,1255,"{'bay_window': '44', 'flat_roof': '', 'roof': '', 'ac_platform': '', 'plant_room': '', 'garden': '', 'yard': ''}",25.0,23.008,19920,18333.067729083665,10021200870029,3003354,ASP,HRB,淺水灣/壽臣山,1994/02,1994,32,B,1.0,2,blank,37 REPULSE BAY RD,淺水灣道 37號,True
5243,2010-02-02,"37 REPULSE BAY RD(Block 2),REPULSE BAY RD|淺水灣道 37號2座,淺水灣道",16775.531180313377,1680,1255,"{'bay_window': '44', 'flat_roof': '', 'roof': '', 'ac_platform': '', 'plant_room': '', 'garden': '', 'yard': ''}",26.78,24.6461,21339,19638.326693227093,10021202910027,3003538,ASP,HRB,淺水灣/壽臣山,1994/02,1994,32,B,2.0,2,blank,37 REPULSE BAY RD,淺水灣道 37號,True
5249,2010-02-24,"PARKVIEW SUITE(Block 4,HONG KONG PARKVIEW),TAI TAM RESERVOIR RD|陽明山莊,4座(陽明居),大潭水塘道",13114.473511597675,1857,1541,"{'bay_window': '', 'flat_roof': '', 'roof': '', 'ac_platform': '', 'plant_room': '', 'garden': '', 'yard': ''}",25.3,23.6582,16418,15352.498377676833,10030302990168,3021578,ASP,HRB,淺水灣/壽臣山,1989/11,1989,37,29,19.0,4,blank,HONG KONG PARKVIEW,陽明山莊,True
5254,2010-03-12,"PARKVIEW CRESCENT(Block 10,HONG KONG PARKVIEW),TAI TAM RESERVOIR RD|陽明山莊,10座(環翠軒),大潭水塘道",12896.907347882563,2771,2342,"{'bay_window': '', 'flat_roof': '', 'roof': '', 'ac_platform': '', 'plant_room': '', 'garden': '', 'yard': ''}",38.3,36.6646,16354,15655.251921434672,10031700720012,3034247,ASP,HRB,淺水灣/壽臣山,1989/11,1989,37,61,21.0,10,blank,HONG KONG PARKVIEW,陽明山莊,True
5261,2010-03-23,"PARKVIEW CRESCENT(Block 10,HONG KONG PARKVIEW),TAI TAM RESERVOIR RD|陽明山莊,10座(環翠軒),大潭水塘道",11846.32468297088,2771,2342,"{'bay_window': '', 'flat_roof': '', 'roof': '', 'ac_platform': '', 'plant_room': '', 'garden': '', 'yard': ''}",35.18,33.6779,15021,14379.97438087105,10032900770036,3045297,ASP,HRB,淺水灣/壽臣山,1989/11,1989,37,63,5.0,10,blank,HONG KONG PARKVIEW,陽明山莊,True
5264,2010-03-11,"RUBY COURT(Block 2),SOUTH BAY RD|嘉麟閣2座,南灣道",15663.955763878017,1780,1517,"{'bay_window': '50', 'flat_roof': '', 'roof': '', 'ac_platform': '', 'plant_room': '', 'garden': '', 'yard': ''}",30.88,28.8444,20356,19014.106789716545,10033002250127,3046924,PRO-ASP,HRB,淺水灣/壽臣山,1987/05,1987,39,A,16.0,2,blank,RUBY COURT,嘉麟閣,True
5266,2010-03-29,"MING WAI GARDEN,REPULSE BAY RD|明慧園,淺水灣道",18548.90082687879,0,1630,"{'bay_window': '', 'flat_roof': '', 'roof': '', 'ac_platform': '', 'plant_room': '', 'garden': '', 'yard': ''}",39.1,36.7012,23988,22516.0736196319,10040101250138,3050474,PRE-ASP,HRB,淺水灣/壽臣山,1973/12,1973,53,A,18.0,blank,blank,blank,,True
5267,2010-03-30,"SPLENDOUR VILLA,SOUTH BAY RD|雅景閣,南灣道",20613.32033156875,0,1008,"{'bay_window': '', 'flat_roof': '', 'roof': '', 'ac_platform': '', 'plant_room': '', 'garden': '', 'yard': ''}",28.0,25.2222,27778,25022.02380952381,10040801780026,3052921,ASP,HRB,淺水灣/壽臣山,1993/08,1993,33,E,0.0,blank,blank,blank,,True
5269,2010-03-19,"GRAND GARDEN(Block 3),SOUTH BAY RD|華景園3座,南灣道",14289.769767382317,1657,1217,"{'bay_window': '', 'flat_roof': '', 'roof': '', 'ac_platform': '', 'plant_room': '', 'garden': '', 'yard': ''}",23.0,21.1101,18899,17346.014790468365,10041201950116,3056336,PRO-ASP,HRB,淺水灣/壽臣山,1986/12,1986,40,B,20.0,3,blank,GRAND GARDEN,華景園,True
5271,2010-03-31,"REPULSE BAY GARDEN(Block 5),BELLEVIEW DR|淺水灣新村5座,麗景道",13389.324733241028,2288,2110,"{'bay_window': '', 'flat_roof': '', 'roof': '', 'ac_platform': '', 'plant_room': '', 'garden': '', 'yard': ''}",36.0,34.2938,17062,16252.985781990521,10041400890015,3059507,PRE-ASP,HRB,淺水灣/壽臣山,1973/11,1973,53,whole floor,7.0,5,blank,REPULSE BAY GARDEN,淺水灣新村,True
5272,2010-03-23,"REPULSE BAY GARDEN(Block 12),BELLEVIEW DR|淺水灣新村12座,麗景道",15978.017782535406,1728,1459,"{'bay_window': '', 'flat_roof': '', 'roof': '', 'ac_platform': '', 'plant_room': '', 'garden': '', 'yard': ''}",30.38,28.2978,20822,19395.339273474983,10041402270016,3059624,PRO-ASP,HRB,淺水灣/壽臣山,1976/12,1976,50,whole floor,13.0,12,blank,REPULSE BAY GARDEN,淺水灣新村,True
5273,2010-03-29,"PARKVIEW SUITE(Block 3,HONG KONG PARKVIEW),TAI TAM RESERVOIR RD|陽明山莊,3座(陽明居),大潭水塘道",11031.970223369746,1275,994,"{'bay_window': '', 'flat_roof': '', 'roof': '', 'ac_platform': '', 'plant_room': '', 'garden': '', 'yard': ''}",14.8,13.3111,14889,13391.448692152917,10041501770019,3061128,PRE-ASP,HRB,淺水灣/壽臣山,1989/05,1989,37,27,7.0,3,blank,HONG KONG PARKVIEW,陽明山莊,True
5274,2010-03-29,"TWIN BROOK,REPULSE BAY RD|雙溪,淺水灣道",19842.440124742323,5400,4880,"{'bay_window': '', 'flat_roof': '', 'roof': '', 'ac_platform': '', 'plant_room': '', 'garden': '', 'yard': ''}",120.0,117.541,24590,24086.27049180328,10041600670038,3062945,PRE-ASP,HRB,淺水灣/壽臣山,1974/04,1974,52,B,1718.0,blank,blank,blank,,True
5275,2010-03-26,"SPLENDOUR VILLA,SOUTH BAY RD|雅景閣,南灣道",21959.704582141603,0,1272,"{'bay_window': '', 'flat_roof': '', 'roof': '', 'ac_platform': '', 'plant_room': '', 'garden': '', 'yard': ''}",36.8,33.9069,28931,26656.367924528302,10041601970133,3063023,PRO-ASP,HRB,淺水灣/壽臣山,1993/08,1993,33,F,3.0,blank,blank,blank,,True
5278,2010-04-01,"THE BEACHSIDE(Block A),REPULSE BAY RD|THE BEACHSIDEA座,淺水灣道",11159.723714210113,929,688,"{'bay_window': '20', 'flat_roof': '', 'roof': '', 'ac_platform': '', 'plant_room': '', 'garden': '', 'yard': ''}",10.6,9.0593,15407,13167.587209302326,10042302170099,3071731,ASP,HRB,淺水灣/壽臣山,1993/12,1993,33,F,3.0,A,blank,THE BEACHSIDE,THE BEACHSIDE,True
5280,2010-04-02,"SEA CLIFF MANSION(Block A),REPULSE BAY RD|海峰園A座,淺水灣道",15778.837424062966,0,1941,"{'bay_window': '', 'flat_roof': '', 'roof': '', 'ac_platform': '', 'plant_room': '', 'garden': '', 'yard': ''}",38.1,36.1371,19629,18617.774343122102,10042602000115,3073640,PRE-ASP,HRB,淺水灣/壽臣山,1964/05,1964,62,A2,1.0,A,blank,SEA CLIFF MANSION,海峰園,True
5282,2010-04-18,"VILLA HELVETIA,REPULSE BAY RD|雲濤別墅,淺水灣道",16156.006378112266,0,1070,"{'bay_window': '', 'flat_roof': '', 'roof': '', 'ac_platform': '', 'plant_room': '', 'garden': '', 'yard': ''}",22.5,20.3972,21028,19062.803738317758,10042800070010,3076524,ASP,HRB,淺水灣/壽臣山,1969/00,1969,57,whole floor,2.0,blank,blank,blank,,True
5284,2010-04-26,"37 REPULSE BAY RD(Block 1),REPULSE BAY RD|淺水灣道 37號1座,淺水灣道",14866.58012498155,1225,882,"{'bay_window': '56', 'flat_roof': '', 'roof': '', 'ac_platform': '', 'plant_room': '', 'garden': '', 'yard': ''}",17.45,15.4715,19785,17541.38321995465,10043000840025,3080029,ASP,HRB,淺水灣/壽臣山,1994/02,1994,32,A,19.0,1,blank,37 REPULSE BAY RD,淺水灣道 37號,True
5289,2010-04-06,"MING WAI GARDEN,REPULSE BAY RD|明慧園,淺水灣道",18243.24785273654,0,1630,"{'bay_window': '', 'flat_roof': '', 'roof': '', 'ac_platform': '', 'plant_room': '', 'garden': '', 'yard': ''}",37.38,35.0867,22933,21525.58282208589,10043002170031,3080169,PRO-ASP,HRB,淺水灣/壽臣山,1973/12,1973,53,A,6.0,blank,blank,blank,,True
5297,2010-04-19,"CELESTIAL GARDEN,REPULSE BAY RD|詩禮花園,淺水灣道",19267.568504060437,0,1962,"{'bay_window': '', 'flat_roof': '', 'roof': '', 'ac_platform': '', 'plant_room': '', 'garden': '', 'yard': ''}",47.0,44.6045,23955,22734.199796126402,10051002170076,3088370,PRO-ASP,HRB,淺水灣/壽臣山,1978/09,1978,48,B,12.0,blank,blank,blank,,True
5300,2010-04-29,"GROSVENOR PLACE,REPULSE BAY RD|GROSVENOR PLACE,淺水灣道",26579.623708270894,2809,2191,"{'bay_window': '', 'flat_roof': '', 'roof': '', 'ac_platform': '', 'plant_room': '', 'garden': '', 'yard': ''}",72.0,68.7138,32862,31361.84390689183,10051201210099,3091642,ASP,HRB,淺水灣/壽臣山,2003/09,2003,23,whole floor,27.0,blank,blank,blank,,True
5301,2010-04-26,"GRAND GARDEN(Block 1),SOUTH BAY RD|華景園1座,南灣道",19170.837132493914,3054,2482,"{'bay_window': '', 'flat_roof': '', 'roof': '', 'ac_platform': '', 'plant_room': '', 'garden': '', 'yard': ''}",58.5,56.143,23570,22620.064464141822,10051202180032,3091708,ASP,HRB,淺水灣/壽臣山,1986/12,1986,40,A,22.0,1,blank,GRAND GARDEN,華景園,True
5304,2010-05-04,"PINE CREST,REPULSE BAY RD|松苑,淺水灣道",23451.034628500634,2250,1862,"{'bay_window': '', 'flat_roof': '', 'roof': '', 'ac_platform': '', 'plant_room': '', 'garden': '', 'yard': ''}",55.0,52.0462,29538,27951.772287862514,10051701590027,3096256,ASP,HRB,淺水灣/壽臣山,1982/11,1982,44,B,14.0,blank,blank,blank,,True
5306,2010-05-03,"GROSVENOR PLACE,REPULSE BAY RD|GROSVENOR PLACE,淺水灣道",25142.618040439836,2809,2191,"{'bay_window': '', 'flat_roof': '', 'roof': '', 'ac_platform': '', 'plant_room': '', 'garden': '', 'yard': ''}",68.8,65.6599,31401,29968.00547695116,10051903160039,3099430,ASP,HRB,淺水灣/壽臣山,2003/09,2003,23,whole floor,17.0,blank,blank,blank,,True
5307,2010-04-27,"37 REPULSE BAY RD(Block 2),REPULSE BAY RD|淺水灣道 37號2座,淺水灣道",19536.653771044534,1635,1236,"{'bay_window': '32', 'flat_roof': '', 'roof': '', 'ac_platform': '', 'plant_room': '', 'garden': '', 'yard': ''}",31.0,28.4919,25081,23051.699029126212,10052401850012,3102793,PRO-ASP,HRB,淺水灣/壽臣山,1994/02,1994,32,A,16.0,2,blank,37 REPULSE BAY RD,淺水灣道 37號,True
5308,2010-05-07,"PARKVIEW RISE(Block 7,HONG KONG PARKVIEW),TAI TAM RESERVOIR RD|陽明山莊,7座(凌雲閣),大潭水塘道",13586.47608389723,1924,1517,"{'bay_window': '', 'flat_roof': '', 'roof': '', 'ac_platform': '', 'plant_room': '', 'garden': '', 'yard': ''}",26.3,24.5663,17337,16194.001318391562,10052500990011,3104024,PRO-ASP,HRB,淺水灣/壽臣山,1988/00,1988,38,51,21.0,7,blank,HONG KONG PARKVIEW,陽明山莊,True
5309,2010-05-20,"GRAND GARDEN(Block 3),SOUTH BAY RD|華景園3座,南灣道",12865.203312825299,1657,1274,"{'bay_window': '40', 'flat_roof': '', 'roof': '', 'ac_platform': '', 'plant_room': '', 'garden': '', 'yard': ''}",21.2,19.5359,16641,15334.301412872841,10060201190026,3112645,ASP,HRB,淺水灣/壽臣山,1986/12,1986,40,A,10.0,3,blank,GRAND GARDEN,華景園,True
5311,2010-05-26,"PARKVIEW HEIGHTS(Block 13,HONG KONG PARKVIEW),TAI TAM RESERVOIR RD|陽明山莊,13座(摘星樓),大潭水塘道",15527.1885937933,2700,2327,"{'bay_window': '', 'flat_roof': '', 'roof': '', 'ac_platform': '', 'plant_room': '', 'garden': '', 'yard': ''}",45.0,43.0662,19338,18507.17662226042,10060403130016,3115262,ASP,HRB,淺水灣/壽臣山,1988/12,1988,38,75,23.0,13,blank,HONG KONG PARKVIEW,陽明山莊,True
5312,2010-05-26,"PARKVIEW HEIGHTS(Block 13,HONG KONG PARKVIEW),TAI TAM RESERVOIR RD|陽明山莊,13座(摘星樓),大潭水塘道",15527.1885937933,2700,2327,"{'bay_window': '', 'flat_roof': '', 'roof': '', 'ac_platform': '', 'plant_room': '', 'garden': '', 'yard': ''}",45.0,43.0662,19338,18507.17662226042,10060403130029,3115263,ASP,HRB,淺水灣/壽臣山,1988/12,1988,38,75,22.0,13,blank,HONG KONG PARKVIEW,陽明山莊,True
5313,2010-05-18,"PARKVIEW SUITE(Block 3,HONG KONG PARKVIEW),TAI TAM RESERVOIR RD|陽明山莊,3座(陽明居),大潭水塘道",11990.498063701134,1290,1051,"{'bay_window': '', 'flat_roof': '', 'roof': '', 'ac_platform': '', 'plant_room': '', 'garden': '', 'yard': ''}",16.6,15.020600000000002,15794,14291.722169362514,10060701320015,3116510,PRO-ASP,HRB,淺水灣/壽臣山,1989/05,1989,37,23,9.0,3,blank,HONG KONG PARKVIEW,陽明山莊,True
5314,2010-05-25,"GRAND GARDEN(Block 1),SOUTH BAY RD|華景園1座,南灣道",16070.711792490445,3061,2663,"{'bay_window': '', 'flat_roof': '', 'roof': '', 'ac_platform': '', 'plant_room': '', 'garden': '', 'yard': ''}",53.0,51.0098,19902,19155.013143071723,10060702380107,3116593,ASP,HRB,淺水灣/壽臣山,1986/12,1986,40,B,16.0,1,blank,GRAND GARDEN,華景園,True
5315,2010-04-24,"PARKVIEW SUITE(Block 3,HONG KONG PARKVIEW),TAI TAM RESERVOIR RD|陽明山莊,3座(陽明居),大潭水塘道",12158.362514069004,1290,976,"{'bay_window': '', 'flat_roof': '', 'roof': '', 'ac_platform': '', 'plant_room': '', 'garden': '', 'yard': ''}",15.6,14.0016,15984,14345.901639344262,10061002520022,3120072,PRO-ASP,HRB,淺水灣/壽臣山,1989/05,1989,37,21,8.0,3,blank,HONG KONG PARKVIEW,陽明山莊,True
5317,2010-05-28,"GRAND GARDEN(Block 3),SOUTH BAY RD|華景園3座,南灣道",13160.987689096066,1657,1217,"{'bay_window': '', 'flat_roof': '', 'roof': '', 'ac_platform': '', 'plant_room': '', 'garden': '', 'yard': ''}",20.8,19.0909,17091,15686.852917009039,10061103280097,3121836,ASP,HRB,淺水灣/壽臣山,1986/12,1986,40,B,7.0,3,blank,GRAND GARDEN,華景園,True
5318,2010-05-20,"SOUTH BAY PALACE(Block 1),SOUTH BAY CLOSE|南灣御苑1座,南灣坊",13594.220969285228,0,1423,"{'bay_window': '', 'flat_roof': '', 'roof': '', 'ac_platform': '', 'plant_room': '', 'garden': '', 'yard': ''}",24.8,23.0572,17428,16203.232607167954,10061500220112,3124602,ASP,HRB,淺水灣/壽臣山,2000/01,2000,26,B,7.0,1,blank,SOUTH BAY PALACE,南灣御苑,True
5327,2010-06-14,"MING WAI GARDEN,REPULSE BAY RD|明慧園,淺水灣道",19499.776607887037,0,1630,"{'bay_window': '', 'flat_roof': '', 'roof': '', 'ac_platform': '', 'plant_room': '', 'garden': '', 'yard': ''}",40.08,37.6211,24589,23080.42944785276,10070700500324,3144735,ASP,HRB,淺水灣/壽臣山,1973/12,1973,53,A,16.0,blank,blank,blank,,True
5328,2010-06-22,"SOUTH BAY TOWERS,SOUTH BAY RD|南灣大廈,南灣道",15318.9640966799,2738,2090,"{'bay_window': '107', 'flat_roof': '', 'roof': '', 'ac_platform': '', 'plant_room': '', 'garden': '', 'yard': ''}",39.8,37.8957,19043,18131.913875598086,10071200940031,3149133,ASP,HRB,淺水灣/壽臣山,1984/11,1984,42,B,9.0,blank,blank,blank,,True
5329,2010-06-29,"PARKVIEW RISE(Block 8,HONG KONG PARKVIEW),TAI TAM RESERVOIR RD|陽明山莊,8座(凌雲閣),大潭水塘道",12544.280805066988,2366,1915,"{'bay_window': '', 'flat_roof': '', 'roof': '', 'ac_platform': '', 'plant_room': '', 'garden': '', 'yard': ''}",30.0,28.4334,15666,14847.728459530026,10071403180466,3152511,PRO-ASP,HRB,淺水灣/壽臣山,1988/08,1988,38,53,12.0,8,blank,HONG KONG PARKVIEW,陽明山莊,True
5330,2010-07-09,"PARKVIEW HEIGHTS(Block 13,HONG KONG PARKVIEW),TAI TAM RESERVOIR RD|陽明山莊,13座(摘星樓),大潭水塘道",11180.407770847985,2700,2327,"{'bay_window': '', 'flat_roof': '', 'roof': '', 'ac_platform': '', 'plant_room': '', 'garden': '', 'yard': ''}",34.0,32.5389,14611,13983.197249677696,10071601400016,3155601,ASP,HRB,淺水灣/壽臣山,1988/12,1988,38,75,2.0,13,blank,HONG KONG PARKVIEW,陽明山莊,True
5333,2010-07-08,"PARKVIEW HEIGHTS(Block 14,HONG KONG PARKVIEW),TAI TAM RESERVOIR RD|陽明山莊,14座(摘星樓),大潭水塘道",18358.13275273799,1785,1385,"{'bay_window': '', 'flat_roof': '', 'roof': '', 'ac_platform': '', 'plant_room': '', 'garden': '', 'yard': ''}",31.8,31.8,22960,22960.28880866426,10071901190026,3156115,PRE-ASP,HRB,淺水灣/壽臣山,1988/00,1988,38,81,21.0,14,blank,HONG KONG PARKVIEW,陽明山莊,False
5334,2010-06-29,"PARKVIEW RISE(Block 7,HONG KONG PARKVIEW),TAI TAM RESERVOIR RD|陽明山莊,7座(凌雲閣),大潭水塘道",11165.65248121497,2092,1649,"{'bay_window': '', 'flat_roof': '', 'roof': '', 'ac_platform': '', 'plant_room': '', 'garden': '', 'yard': ''}",23.2,21.7931,14069,13215.949060036386,10072102770011,3160507,ASP,HRB,淺水灣/壽臣山,1988/00,1988,38,49,1.0,7,blank,HONG KONG PARKVIEW,陽明山莊,True
5335,2010-07-15,"THE BEACHSIDE(Block A),REPULSE BAY RD|THE BEACHSIDEA座,淺水灣道",10428.914509273094,928,688,"{'bay_window': '23', 'flat_roof': '', 'roof': '', 'ac_platform': '', 'plant_room': '', 'garden': '', 'yard': ''}",10.5,8.9738,15262,13043.313953488372,10072200400036,3162115,ASP,HRB,淺水灣/壽臣山,1993/12,1993,33,E,3.0,A,blank,THE BEACHSIDE,THE BEACHSIDE,True
5336,2010-07-13,"RUBY COURT(Block 2),SOUTH BAY RD|嘉麟閣2座,南灣道",12308.061585429774,1780,1517,"{'bay_window': '50', 'flat_roof': '', 'roof': '', 'ac_platform': '', 'plant_room': '', 'garden': '', 'yard': ''}",25.0,23.352,16480,15393.53988134476,10072201460055,3162175,ASP,HRB,淺水灣/壽臣山,1987/05,1987,39,A,13.0,2,blank,RUBY COURT,嘉麟閣,True
5344,2010-07-14,"PARKVIEW SUITE(Block 3,HONG KONG PARKVIEW),TAI TAM RESERVOIR RD|陽明山莊,3座(陽明居),大潭水塘道",10181.751082810682,1235,1012,"{'bay_window': '', 'flat_roof': '', 'roof': '', 'ac_platform': '', 'plant_room': '', 'garden': '', 'yard': ''}",14.3,12.887,14130,12734.189723320158,10080400600040,3176607,PRO-ASP,HRB,淺水灣/壽臣山,1989/05,1989,37,25,5.0,3,blank,HONG KONG PARKVIEW,陽明山莊,True
5345,2010-07-26,"MONTE VERDE,REPULSE BAY RD|南山別墅,淺水灣道",23227.549706656933,2215,1960,"{'bay_window': '', 'flat_roof': '', 'roof': '', 'ac_platform': '', 'plant_room': '', 'garden': '', 'yard': ''}",60.0,56.9388,30612,29050.408163265307,10080603180071,3180035,ASP,HRB,淺水灣/壽臣山,1974/05,1974,52,A,15.0,blank,blank,blank,,True
5346,2010-07-21,"GRAND GARDEN(Block 3),SOUTH BAY RD|華景園3座,南灣道",13748.558913672852,1657,1217,"{'bay_window': '', 'flat_roof': '', 'roof': '', 'ac_platform': '', 'plant_room': '', 'garden': '', 'yard': ''}",22.8,20.9265,18735,17195.152013147082,10080900180110,3181374,PRO-ASP,HRB,淺水灣/壽臣山,1986/12,1986,40,B,12.0,3,blank,GRAND GARDEN,華景園,True
5347,2010-07-27,"PARKVIEW RISE(Block 8,HONG KONG PARKVIEW),TAI TAM RESERVOIR RD|陽明山莊,8座(凌雲閣),大潭水塘道",12188.21988389879,2366,1915,"{'bay_window': '', 'flat_roof': '', 'roof': '', 'ac_platform': '', 'plant_room': '', 'garden': '', 'yard': ''}",30.8,29.1916,16084,15243.655352480419,10081102180449,3184512,ASP,HRB,淺水灣/壽臣山,1988/08,1988,38,55,16.0,8,blank,HONG KONG PARKVIEW,陽明山莊,True
5350,2010-07-15,"GRAND GARDEN(Block 2),SOUTH BAY RD|華景園2座,南灣道",14568.215823547524,1820,1395,"{'bay_window': '46', 'flat_roof': '', 'roof': '', 'ac_platform': '', 'plant_room': '', 'garden': '', 'yard': ''}",27.38,25.4173,19627,18220.286738351253,10081301050012,3187768,PRO-ASP,HRB,淺水灣/壽臣山,1986/12,1986,40,A,15.0,2,blank,GRAND GARDEN,華景園,True
5351,2010-07-17,"REPULSE BAY GARDEN(Block 3),BELLEVIEW DR|淺水灣新村3座,麗景道",16114.503482420105,2810,2625,"{'bay_window': '', 'flat_roof': '', 'roof': '', 'ac_platform': '', 'plant_room': '', 'garden': '', 'yard': ''}",55.0,52.9048,20952,20154.209523809524,10081301990015,3187840,PRO-ASP,HRB,淺水灣/壽臣山,1973/11,1973,53,whole floor,16.0,3,blank,REPULSE BAY GARDEN,淺水灣新村,True
5352,2010-08-09,"PARKVIEW RISE(Block 6,HONG KONG PARKVIEW),TAI TAM RESERVOIR RD|陽明山莊,6座(凌雲閣),大潭水塘道",13997.90108210891,2583,2087,"{'bay_window': '', 'flat_roof': '', 'roof': '', 'ac_platform': '', 'plant_room': '', 'garden': '', 'yard': ''}",39.0,37.1313,18687,17791.710589362723,10081302900015,3187926,ASP,HRB,淺水灣/壽臣山,1989/11,1989,37,45,8.0,6,blank,HONG KONG PARKVIEW,陽明山莊,True
5353,2010-07-17,"GRAND GARDEN(Block 2),SOUTH BAY RD|華景園2座,南灣道",14445.845859848492,1820,1395,"{'bay_window': '46', 'flat_roof': '', 'roof': '', 'ac_platform': '', 'plant_room': '', 'garden': '', 'yard': ''}",27.15,25.2038,19462,18067.240143369174,10081601900018,3189591,PRO-ASP,HRB,淺水灣/壽臣山,1986/12,1986,40,A,13.0,2,blank,GRAND GARDEN,華景園,True
5354,2010-07-21,"SEA CLIFF MANSION(Block A),REPULSE BAY RD|海峰園A座,淺水灣道",17581.920641235272,0,1941,"{'bay_window': '', 'flat_roof': '', 'roof': '', 'ac_platform': '', 'plant_room': '', 'garden': '', 'yard': ''}",45.0,42.6816,23184,21989.48995363215,10081701990033,3190794,ASP,HRB,淺水灣/壽臣山,1964/05,1964,62,A1,9.0,A,blank,SEA CLIFF MANSION,海峰園,True
5355,2010-07-20,"BAY VILLAS,SHOUSON HILL RD|南源,壽山村道",42104.27511093578,4869,3798,"{'bay_window': '', 'flat_roof': '', 'roof': '549', 'ac_platform': '', 'plant_room': '', 'garden': '', 'yard': '113'}",200.0,200.0,52659,52659.294365455506,10081802840536,3192457,PRE-ASP,HRB,淺水灣/壽臣山,2003/04,2003,23,whole floor,0.0,blank,blank,blank,,False
5356,2010-08-02,"PARKVIEW SUITE(Block 4,HONG KONG PARKVIEW),TAI TAM RESERVOIR RD|陽明山莊,4座(陽明居),大潭水塘道",12601.250103522165,1903,1579,"{'bay_window': '', 'flat_roof': '', 'roof': '', 'ac_platform': '', 'plant_room': '', 'garden': '', 'yard': ''}",27.0,25.2901,17099,16016.529449018366,10081901660102,3194027,ASP,HRB,淺水灣/壽臣山,1989/11,1989,37,33,19.0,4,blank,HONG KONG PARKVIEW,陽明山莊,True
5361,2010-07-27,"MANHATTAN TOWER,REPULSE BAY RD|MANHATTAN TOWER,淺水灣道",23938.167952702228,2243,1999,"{'bay_window': '', 'flat_roof': '', 'roof': '', 'ac_platform': '', 'plant_room': '', 'garden': '', 'yard': ''}",63.0,59.8484,31516,29939.169584792395,10082502640030,3200394,PRO-ASP,HRB,淺水灣/壽臣山,1978/07,1978,48,A,16.0,blank,blank,blank,,True
5363,2010-08-10,"GRAND GARDEN(Block 3),SOUTH BAY RD|華景園3座,南灣道",16246.154590742666,1657,1217,"{'bay_window': '', 'flat_roof': '', 'roof': '', 'ac_platform': '', 'plant_room': '', 'garden': '', 'yard': ''}",27.38,25.1302,22498,20649.301561216103,10082601050025,3202041,PRO-ASP,HRB,淺水灣/壽臣山,1986/12,1986,40,B,27.0,3,blank,GRAND GARDEN,華景園,True
5374,2010-08-11,"PARKVIEW HEIGHTS(Block 14,HONG KONG PARKVIEW),TAI TAM RESERVOIR RD|陽明山莊,14座(摘星樓),大潭水塘道",15600.562418407568,1785,1385,"{'bay_window': '', 'flat_roof': '', 'roof': '', 'ac_platform': '', 'plant_room': '', 'garden': '', 'yard': ''}",29.6,27.4628,21372,19828.736462093864,10090301820148,3211853,ASP,HRB,淺水灣/壽臣山,1988/00,1988,38,81,8.0,14,blank,HONG KONG PARKVIEW,陽明山莊,True
5377,2010-08-16,"GRAND GARDEN(Block 1),SOUTH BAY RD|華景園1座,南灣道",17188.254889679512,3054,2482,"{'bay_window': '', 'flat_roof': '', 'roof': '', 'ac_platform': '', 'plant_room': '', 'garden': '', 'yard': ''}",56.5,54.2236,22764,21846.736502820306,10090602480061,3213587,ASP,HRB,淺水灣/壽臣山,1986/12,1986,40,A,21.0,1,blank,GRAND GARDEN,華景園,True
5378,2010-08-26,"GRAND GARDEN(Block 3),SOUTH BAY RD|華景園3座,南灣道",14240.5817983709,1657,1217,"{'bay_window': '', 'flat_roof': '', 'roof': '', 'ac_platform': '', 'plant_room': '', 'garden': '', 'yard': ''}",24.0,22.0279,19721,18100.164338537386,10090603030027,3213686,ASP,HRB,淺水灣/壽臣山,1986/12,1986,40,B,13.0,3,blank,GRAND GARDEN,華景園,True
5381,2010-08-11,"37 REPULSE BAY RD(Block 1),REPULSE BAY RD|淺水灣道 37號1座,淺水灣道",17076.286798307792,1745,1289,"{'bay_window': '44', 'flat_roof': '', 'roof': '', 'ac_platform': '', 'plant_room': '', 'garden': '', 'yard': ''}",30.33,27.977,23530,21704.4220325834,10090901390026,3218222,PRO-ASP,HRB,淺水灣/壽臣山,1994/02,1994,32,B,2.0,1,blank,37 REPULSE BAY RD,淺水灣道 37號,True
5385,2010-08-31,"PARKVIEW CORNER(Block 18,HONG KONG PARKVIEW),TAI TAM RESERVOIR RD|陽明山莊,18座(眺景台),大潭水塘道",15583.099613127399,2708,2171,"{'bay_window': '', 'flat_roof': '', 'roof': '', 'ac_platform': '', 'plant_room': '', 'garden': '', 'yard': ''}",43.0,43.0,19807,19806.5407646246,10091401070026,3221862,ASP,HRB,淺水灣/壽臣山,1989/11,1989,37,97,22.0,18,blank,HONG KONG PARKVIEW,陽明山莊,False
5386,2010-08-27,"PARKVIEW RISE(Block 8,HONG KONG PARKVIEW),TAI TAM RESERVOIR RD|陽明山莊,8座(凌雲閣),大潭水塘道",12849.870456570316,2366,1915,"{'bay_window': '', 'flat_roof': '', 'roof': '', 'ac_platform': '', 'plant_room': '', 'garden': '', 'yard': ''}",33.0,31.2768,17232,16332.532637075718,10091401850064,3222911,ASP,HRB,淺水灣/壽臣山,1988/08,1988,38,55,9.0,8,blank,HONG KONG PARKVIEW,陽明山莊,True
5390,2010-09-24,"SOUTH BAY TOWERS,SOUTH BAY RD|南灣大廈,南灣道",12709.735375147297,1433,1145,"{'bay_window': '', 'flat_roof': '', 'roof': '', 'ac_platform': '', 'plant_room': '', 'garden': '', 'yard': ''}",20.3,18.5271,17729,16180.873362445414,10093000520010,3242412,ASP,HRB,淺水灣/壽臣山,1984/11,1984,42,A,17.0,blank,blank,blank,,True
5394,2010-09-17,"RIDGE COURT,REPULSE BAY RD|冠園,淺水灣道",15301.213455017085,0,1880,"{'bay_window': '', 'flat_roof': '', 'roof': '', 'ac_platform': '', 'plant_room': '', 'garden': '', 'yard': ''}",38.68,36.6226,20574,19480.106382978724,10101101550073,3251717,PRO-ASP,HRB,淺水灣/壽臣山,1962/08,1962,64,A,8.0,blank,blank,blank,,True
5396,2010-09-24,"THE BEACHSIDE(Block A),REPULSE BAY RD|THE BEACHSIDEA座,淺水灣道",14544.106854729802,969,721,"{'bay_window': '23', 'flat_roof': '', 'roof': '', 'ac_platform': '', 'plant_room': '', 'garden': '', 'yard': ''}",15.5,13.3502,21498,18516.22746185853,10101901150011,3259647,ASP,HRB,淺水灣/壽臣山,1993/12,1993,33,C,2.0,A,blank,THE BEACHSIDE,THE BEACHSIDE,True
5397,2010-10-05,"PARKVIEW CORNER(Block 18,HONG KONG PARKVIEW),TAI TAM RESERVOIR RD|陽明山莊,18座(眺景台),大潭水塘道",11414.199795304958,2708,2171,"{'bay_window': '', 'flat_roof': '', 'roof': '', 'ac_platform': '', 'plant_room': '', 'garden': '', 'yard': ''}",33.5,31.9569,15431,14719.89866421004,10101901390021,3260862,ASP,HRB,淺水灣/壽臣山,1989/11,1989,37,97,3.0,18,blank,HONG KONG PARKVIEW,陽明山莊,True
5399,2010-09-30,"PARKVIEW HEIGHTS(Block 13,HONG KONG PARKVIEW),TAI TAM RESERVOIR RD|陽明山莊,13座(摘星樓),大潭水塘道",13044.520100889486,2700,2327,"{'bay_window': '', 'flat_roof': '', 'roof': '', 'ac_platform': '', 'plant_room': '', 'garden': '', 'yard': ''}",40.38,38.6447,17353,16607.09067468844,10101902630030,3260943,PRO-ASP,HRB,淺水灣/壽臣山,1988/12,1988,38,73,17.0,13,blank,HONG KONG PARKVIEW,陽明山莊,True
5402,2010-09-24,"SEA CLIFF MANSION(Block B),REPULSE BAY RD|海峰園B座,淺水灣道",22819.77578085116,0,1973,"{'bay_window': '', 'flat_roof': '', 'roof': '', 'ac_platform': '', 'plant_room': '', 'garden': '', 'yard': ''}",60.38,57.319700000000005,30603,29052.052711606695,10102102550120,3264131,ASP,HRB,淺水灣/壽臣山,1964/05,1964,62,B1,12.0,B,blank,SEA CLIFF MANSION,海峰園,True
5403,2010-10-05,"PARKVIEW SUITE(Block 4,HONG KONG PARKVIEW),TAI TAM RESERVOIR RD|陽明山莊,4座(陽明居),大潭水塘道",12364.443503176699,1903,1579,"{'bay_window': '', 'flat_roof': '', 'roof': '', 'ac_platform': '', 'plant_room': '', 'garden': '', 'yard': ''}",26.88,25.1777,17023,15945.345155161494,10102201520034,3265869,ASP,HRB,淺水灣/壽臣山,1989/11,1989,37,33,10.0,4,blank,HONG KONG PARKVIEW,陽明山莊,True
5404,2010-10-04,"PARKVIEW CORNER(Block 18,HONG KONG PARKVIEW),TAI TAM RESERVOIR RD|陽明山莊,18座(眺景台),大潭水塘道",12737.627950318709,2570,2067,"{'bay_window': '', 'flat_roof': '', 'roof': '', 'ac_platform': '', 'plant_room': '', 'garden': '', 'yard': ''}",35.68,33.9538,17262,16426.60861151427,10102700140108,3271799,PRO-ASP,HRB,淺水灣/壽臣山,1989/11,1989,37,95,8.0,18,blank,HONG KONG PARKVIEW,陽明山莊,True
5408,2010-10-09,"PARKVIEW HEIGHTS(Block 14,HONG KONG PARKVIEW),TAI TAM RESERVOIR RD|陽明山莊,14座(摘星樓),大潭水塘道",17026.289246837427,1785,1441,"{'bay_window': '', 'flat_roof': '', 'roof': '', 'ac_platform': '', 'plant_room': '', 'garden': '', 'yard': ''}",34.0,31.6405,23595,21957.321304649548,10110201260015,3278586,PRE-ASP,HRB,淺水灣/壽臣山,1988/00,1988,38,81,15.0,14,blank,HONG KONG PARKVIEW,陽明山莊,True
5409,2010-10-08,"REPULSE BAY GARDEN(Block 7),BELLEVIEW DR|淺水灣新村7座,麗景道",12883.068502821394,2288,2110,"{'bay_window': '', 'flat_roof': '', 'roof': '', 'ac_platform': '', 'plant_room': '', 'garden': '', 'yard': ''}",36.8,35.055899999999994,17441,16614.17061611374,10110202650037,3278381,PRO-ASP,HRB,淺水灣/壽臣山,1973/11,1973,53,whole floor,10.0,7,blank,REPULSE BAY GARDEN,淺水灣新村,True
5413,2010-10-18,"PARKVIEW SUITE(Block 3,HONG KONG PARKVIEW),TAI TAM RESERVOIR RD|陽明山莊,3座(陽明居),大潭水塘道",12036.987182997244,1290,976,"{'bay_window': '', 'flat_roof': '', 'roof': '', 'ac_platform': '', 'plant_room': '', 'garden': '', 'yard': ''}",16.88,15.1505,17295,15523.053278688525,10110800880092,3285192,PRE-ASP,HRB,淺水灣/壽臣山,1989/05,1989,37,21,17.0,3,blank,HONG KONG PARKVIEW,陽明山莊,True
5416,2010-10-14,"PARKVIEW CRESCENT(Block 10,HONG KONG PARKVIEW),TAI TAM RESERVOIR RD|陽明山莊,10座(環翠軒),大潭水塘道",13629.230259394193,2771,2342,"{'bay_window': '', 'flat_roof': '', 'roof': '', 'ac_platform': '', 'plant_room': '', 'garden': '', 'yard': ''}",43.0,41.164,18360,17576.430401366353,10110901960253,3287041,PRE-ASP,HRB,淺水灣/壽臣山,1989/11,1989,37,61,15.0,10,blank,HONG KONG PARKVIEW,陽明山莊,True
5417,2010-11-01,"PARKVIEW HEIGHTS(Block 13,HONG KONG PARKVIEW),TAI TAM RESERVOIR RD|陽明山莊,13座(摘星樓),大潭水塘道",12120.90640954256,2700,2327,"{'bay_window': '', 'flat_roof': '', 'roof': '', 'ac_platform': '', 'plant_room': '', 'garden': '', 'yard': ''}",36.9,36.9,15857,15857.327030511387,10111000240024,3287074,PRO-ASP,HRB,淺水灣/壽臣山,1988/12,1988,38,75,6.0,13,blank,HONG KONG PARKVIEW,陽明山莊,False
5420,2010-10-21,"CELESTIAL GARDEN,REPULSE BAY RD|詩禮花園,淺水灣道",19642.471658223396,0,2264,"{'bay_window': '', 'flat_roof': '', 'roof': '', 'ac_platform': '', 'plant_room': '', 'garden': '', 'yard': ''}",60.0,57.3498,26502,25331.18374558304,10111601150019,3295541,PRO-ASP,HRB,淺水灣/壽臣山,1978/09,1978,48,C,11.0,blank,blank,blank,,True
5427,2010-11-19,"PARKVIEW SUITE(Block 5,HONG KONG PARKVIEW),TAI TAM RESERVOIR RD|陽明山莊,5座(陽明居),大潭水塘道",11571.483419661296,1263,1012,"{'bay_window': '', 'flat_roof': '', 'roof': '', 'ac_platform': '', 'plant_room': '', 'garden': '', 'yard': ''}",17.0,15.3202,16798,15138.537549407114,10112502010035,3308457,ASP,HRB,淺水灣/壽臣山,1989/05,1989,37,37,17.0,5,blank,HONG KONG PARKVIEW,陽明山莊,True
5428,2010-11-04,"PARKVIEW CRESCENT(Block 10,HONG KONG PARKVIEW),TAI TAM RESERVOIR RD|陽明山莊,10座(環翠軒),大潭水塘道",13434.94193560374,2771,2342,"{'bay_window': '', 'flat_roof': '', 'roof': '', 'ac_platform': '', 'plant_room': '', 'garden': '', 'yard': ''}",43.0,41.164,18360,17576.430401366353,10113002620013,3314291,PRO-ASP,HRB,淺水灣/壽臣山,1988/08,1988,38,63,7.0,10,blank,HONG KONG PARKVIEW,陽明山莊,True
5431,2010-11-12,"RIDGE COURT,REPULSE BAY RD|冠園,淺水灣道",14820.737619216734,0,1880,"{'bay_window': '', 'flat_roof': '', 'roof': '', 'ac_platform': '', 'plant_room': '', 'garden': '', 'yard': ''}",38.5,36.4521,20479,19389.41489361702,10120102150070,3315670,ASP,HRB,淺水灣/壽臣山,1962/08,1962,64,C,5.0,blank,blank,blank,,True
5433,2010-11-19,"PARKVIEW RISE(Block 7,HONG KONG PARKVIEW),TAI TAM RESERVOIR RD|陽明山莊,7座(凌雲閣),大潭水塘道",12613.609249444322,1924,1517,"{'bay_window': '', 'flat_roof': '', 'roof': '', 'ac_platform': '', 'plant_room': '', 'garden': '', 'yard': ''}",26.8,25.0334,17666,16501.911667765326,10120303030335,3319197,ASP,HRB,淺水灣/壽臣山,1988/12,1988,38,51,9.0,7,blank,HONG KONG PARKVIEW,陽明山莊,True
5436,2010-12-01,"PARKVIEW CORNER(Block 18,HONG KONG PARKVIEW),TAI TAM RESERVOIR RD|陽明山莊,18座(眺景台),大潭水塘道",15582.51757056918,2708,2171,"{'bay_window': '', 'flat_roof': '', 'roof': '', 'ac_platform': '', 'plant_room': '', 'garden': '', 'yard': ''}",46.6,44.4535,21465,20476.047904191615,10120800470029,3323713,ASP,HRB,淺水灣/壽臣山,1989/05,1989,37,97,17.0,18,blank,HONG KONG PARKVIEW,陽明山莊,True
5440,2010-11-20,"TWIN BROOK,REPULSE BAY RD|雙溪,淺水灣道",15622.303739261957,2700,2440,"{'bay_window': '', 'flat_roof': '', 'roof': '', 'ac_platform': '', 'plant_room': '', 'garden': '', 'yard': ''}",52.0,49.8689,21311,20438.073770491803,10121403180122,3330436,PRO-ASP,HRB,淺水灣/壽臣山,1974/04,1974,52,A,12.0,blank,blank,blank,,True
5442,2010-11-18,"BELGRAVIA,SOUTH BAY RD|BELGRAVIA,南灣道",25624.57685873559,2790,2222,"{'bay_window': '', 'flat_roof': '', 'roof': '', 'ac_platform': '', 'plant_room': '', 'garden': '', 'yard': ''}",78.0,74.4896,35104,33523.67236723672,10121502240049,3331774,ASP,HRB,淺水灣/壽臣山,1989/04,1989,37,B,23.0,blank,blank,blank,,True
5443,2010-11-18,"PARKVIEW SUITE(Block 3,HONG KONG PARKVIEW),TAI TAM RESERVOIR RD|陽明山莊,3座(陽明居),大潭水塘道",9869.772466508146,1235,1012,"{'bay_window': '', 'flat_roof': '', 'roof': '', 'ac_platform': '', 'plant_room': '', 'garden': '', 'yard': ''}",14.5,13.0672,14328,12912.252964426878,10121502620238,3331793,PRO-ASP,HRB,淺水灣/壽臣山,1989/05,1989,37,25,1.0,3,blank,HONG KONG PARKVIEW,陽明山莊,True
5447,2010-11-25,"PARKVIEW HEIGHTS(Block 13,HONG KONG PARKVIEW),TAI TAM RESERVOIR RD|陽明山莊,13座(摘星樓),大潭水塘道",11457.377115578443,2700,2327,"{'bay_window': '', 'flat_roof': '', 'roof': '', 'ac_platform': '', 'plant_room': '', 'garden': '', 'yard': ''}",34.88,34.88,14989,14989.256553502364,10122301760040,3339404,ASP,HRB,淺水灣/壽臣山,1988/08,1988,38,73,1.0,13,blank,HONG KONG PARKVIEW,陽明山莊,False
5448,2010-11-30,"SOUTH BAY GARDEN(Block B),SOUTH BAY CLOSE|南灣花園B座,南灣坊",10776.828053933392,1542,1296,"{'bay_window': '', 'flat_roof': '', 'roof': '', 'ac_platform': '', 'plant_room': '', 'garden': '', 'yard': ''}",19.8,18.2722,15278,14098.91975308642,10122302810056,3340340,PRO-ASP,HRB,淺水灣/壽臣山,1985/09,1985,41,2,5.0,B,blank,SOUTH BAY GARDEN,南灣花園,True
5449,2010-12-03,"RUBY COURT(Block 2),SOUTH BAY RD|嘉麟閣2座,南灣道",14901.085945561621,1780,1517,"{'bay_window': '50', 'flat_roof': '', 'roof': '', 'ac_platform': '', 'plant_room': '', 'garden': '', 'yard': ''}",31.8,29.7038,20962,19580.61964403428,10122901420013,3344490,PRO-ASP,HRB,淺水灣/壽臣山,1987/05,1987,39,B,11.0,2,blank,RUBY COURT,嘉麟閣,True
5451,2010-12-09,"SOUTH BAY TOWERS,SOUTH BAY RD|南灣大廈,南灣道",10190.781088633292,1433,1145,"{'bay_window': '', 'flat_roof': '', 'roof': '', 'ac_platform': '', 'plant_room': '', 'garden': '', 'yard': ''}",16.8,15.3328,14672,13391.091703056769,11010500990041,3349971,PRO-ASP,HRB,淺水灣/壽臣山,1984/11,1984,42,D,7.0,blank,blank,blank,,True
5461,2010-12-29,"SOUTH BAY PALACE(Block 1),SOUTH BAY CLOSE|南灣御苑1座,南灣坊",12238.056248031762,0,1903,"{'bay_window': '', 'flat_roof': '', 'roof': '', 'ac_platform': '', 'plant_room': '', 'garden': '', 'yard': ''}",32.3,30.6027,16973,16081.292695743563,11011900650135,3363904,ASP,HRB,淺水灣/壽臣山,2000/01,2000,26,A,2.0,1,blank,SOUTH BAY PALACE,南灣御苑,True
5462,2011-01-05,"GROSVENOR PLACE,REPULSE BAY RD|GROSVENOR PLACE,淺水灣道",26072.020998829776,2809,2191,"{'bay_window': '', 'flat_roof': '', 'roof': '', 'ac_platform': '', 'plant_room': '', 'garden': '', 'yard': ''}",81.0,77.3031,36969,35282.10862619808,11012701630011,3372554,ASP,HRB,淺水灣/壽臣山,2003/09,2003,23,whole floor,25.0,blank,blank,blank,,True
5465,2011-01-11,"PARKVIEW SUITE(Block 3,HONG KONG PARKVIEW),TAI TAM RESERVOIR RD|陽明山莊,3座(陽明居),大潭水塘道",11502.514354426115,1290,1051,"{'bay_window': '', 'flat_roof': '', 'roof': '', 'ac_platform': '', 'plant_room': '', 'garden': '', 'yard': ''}",18.08,16.359699999999997,17203,15565.842055185534,11020202880030,3379649,PRO-ASP,HRB,淺水灣/壽臣山,1989/05,1989,37,23,15.0,3,blank,HONG KONG PARKVIEW,陽明山莊,True
5467,2011-01-17,"37 REPULSE BAY RD(Block 2),REPULSE BAY RD|淺水灣道 37號2座,淺水灣道",17611.59378059222,1680,1255,"{'bay_window': '44', 'flat_roof': '', 'roof': '', 'ac_platform': '', 'plant_room': '', 'garden': '', 'yard': ''}",32.5,29.9104,25896,23832.988047808765,11020700930039,3380157,ASP,HRB,淺水灣/壽臣山,1994/02,1994,32,B,13.0,2,blank,37 REPULSE BAY RD,淺水灣道 37號,True
5468,2011-01-17,"PARKVIEW SUITE(Block 3,HONG KONG PARKVIEW),TAI TAM RESERVOIR RD|陽明山莊,3座(陽明居),大潭水塘道",11055.099573673977,1235,1012,"{'bay_window': '', 'flat_roof': '', 'roof': '', 'ac_platform': '', 'plant_room': '', 'garden': '', 'yard': ''}",16.8,15.1399,16601,14960.375494071146,11020701450010,3380190,PRO-ASP,HRB,淺水灣/壽臣山,1989/05,1989,37,25,12.0,3,blank,HONG KONG PARKVIEW,陽明山莊,True
5471,2011-01-14,"SEA CLIFF MANSION(Block B),REPULSE BAY RD|海峰園B座,淺水灣道",16068.79200671344,0,1941,"{'bay_window': '', 'flat_roof': '', 'roof': '', 'ac_platform': '', 'plant_room': '', 'garden': '', 'yard': ''}",44.5,42.2074,22926,21745.182895414735,11020901950011,3382740,PRO-ASP,HRB,淺水灣/壽臣山,1964/05,1964,62,B1,7.0,B,blank,SEA CLIFF MANSION,海峰園,True
5474,2011-01-29,"37 REPULSE BAY RD(Block 3),REPULSE BAY RD|淺水灣道 37號3座,淺水灣道",13133.273295218665,1220,882,"{'bay_window': '56', 'flat_roof': '', 'roof': '', 'ac_platform': '', 'plant_room': '', 'garden': '', 'yard': ''}",17.68,15.6755,20045,17772.67573696145,11021102580064,3385778,ASP,HRB,淺水灣/壽臣山,1994/02,1994,32,A,5.0,3,blank,37 REPULSE BAY RD,淺水灣道 37號,True
5475,2011-01-28,"SOUTH BAY GARDEN(Block B),SOUTH BAY CLOSE|南灣花園B座,南灣坊",12154.958262105336,1542,1296,"{'bay_window': '', 'flat_roof': '', 'roof': '741', 'ac_platform': '', 'plant_room': '', 'garden': '', 'yard': ''}",23.1,21.3176,17824,16448.765432098764,11021401380031,3387112,ASP,HRB,淺水灣/壽臣山,1985/09,1985,41,2,10.0,B,blank,SOUTH BAY GARDEN,南灣花園,True
5476,2011-01-29,"37 REPULSE BAY RD(Block 1),REPULSE BAY RD|淺水灣道 37號1座,淺水灣道",13890.915414504574,1225,882,"{'bay_window': '56', 'flat_roof': '', 'roof': '', 'ac_platform': '', 'plant_room': '', 'garden': '', 'yard': ''}",18.7,16.5798,21202,18797.95918367347,11021402200501,3387169,ASP,HRB,淺水灣/壽臣山,1994/02,1994,32,A,2.0,1,blank,37 REPULSE BAY RD,淺水灣道 37號,True
5479,2011-01-19,"37 REPULSE BAY RD(Block 3),REPULSE BAY RD|淺水灣道 37號3座,淺水灣道",13133.273295218665,1220,882,"{'bay_window': '56', 'flat_roof': '', 'roof': '', 'ac_platform': '', 'plant_room': '', 'garden': '', 'yard': ''}",17.68,15.6755,20045,17772.67573696145,11021702190046,3391452,PRO-ASP,HRB,淺水灣/壽臣山,1994/02,1994,32,A,14.0,3,blank,37 REPULSE BAY RD,淺水灣道 37號,True
5480,2011-02-01,"PARKVIEW SUITE(Block 4,HONG KONG PARKVIEW),TAI TAM RESERVOIR RD|陽明山莊,4座(陽明居),大潭水塘道",10307.494930740559,2105,1747,"{'bay_window': '', 'flat_roof': '', 'roof': '', 'ac_platform': '', 'plant_room': '', 'garden': '', 'yard': ''}",27.0,25.4545,15455,14570.406410990268,11021702190222,3391454,ASP,HRB,淺水灣/壽臣山,1989/05,1989,37,31,1.0,4,blank,HONG KONG PARKVIEW,陽明山莊,True
5483,2011-01-26,"BELGRAVIA,SOUTH BAY RD|BELGRAVIA,南灣道",24318.080601349033,2390,1900,"{'bay_window': '', 'flat_roof': '', 'roof': '', 'ac_platform': '', 'plant_room': '', 'garden': '', 'yard': ''}",66.0,62.5263,34737,32908.57894736842,11021803040146,3393246,ASP,HRB,淺水灣/壽臣山,1989/04,1989,37,A,21.0,blank,blank,blank,,True
5484,2011-01-28,"PARKVIEW SUITE(Block 3,HONG KONG PARKVIEW),TAI TAM RESERVOIR RD|陽明山莊,3座(陽明居),大潭水塘道",11386.72904033447,1275,994,"{'bay_window': '', 'flat_roof': '', 'roof': '', 'ac_platform': '', 'plant_room': '', 'garden': '', 'yard': ''}",17.03,15.3167,17133,15409.154929577464,11021803470369,3393308,ASP,HRB,淺水灣/壽臣山,1989/05,1989,37,27,8.0,3,blank,HONG KONG PARKVIEW,陽明山莊,True
5487,2011-01-27,"37 REPULSE BAY RD(Block 3),REPULSE BAY RD|淺水灣道 37號3座,淺水灣道",13222.417518918788,1220,882,"{'bay_window': '56', 'flat_roof': '', 'roof': '', 'ac_platform': '', 'plant_room': '', 'garden': '', 'yard': ''}",17.8,15.7819,20181,17893.310657596372,11022202140028,3396017,PRO-ASP,HRB,淺水灣/壽臣山,1994/02,1994,32,A,8.0,3,blank,37 REPULSE BAY RD,淺水灣道 37號,True
5491,2011-01-28,"PARKVIEW RISE(Block 8,HONG KONG PARKVIEW),TAI TAM RESERVOIR RD|陽明山莊,8座(凌雲閣),大潭水塘道",12288.477948979798,2366,1915,"{'bay_window': '', 'flat_roof': '', 'roof': '', 'ac_platform': '', 'plant_room': '', 'garden': '', 'yard': ''}",33.6,31.8454,17546,16629.451697127937,11022400400021,3399058,PRE-ASP,HRB,淺水灣/壽臣山,1988/08,1988,38,53,6.0,8,blank,HONG KONG PARKVIEW,陽明山莊,True
5492,2011-01-31,"RUBY COURT(Block 2),SOUTH BAY RD|嘉麟閣2座,南灣道",15188.158584174173,1780,1517,"{'bay_window': '50', 'flat_roof': '', 'roof': '', 'ac_platform': '', 'plant_room': '', 'garden': '', 'yard': ''}",33.38,31.1796,22004,20553.46077785102,11022401730015,3399150,ASP,HRB,淺水灣/壽臣山,1987/05,1987,39,A,12.0,2,blank,RUBY COURT,嘉麟閣,True
5493,2011-02-02,"THE BEACHSIDE(Block A),REPULSE BAY RD|THE BEACHSIDEA座,淺水灣道",13373.319421441147,1161,886,"{'bay_window': '32', 'flat_roof': '', 'roof': '', 'ac_platform': '', 'plant_room': '', 'garden': '', 'yard': ''}",18.88,16.7491,21309,18904.17607223476,11022501530075,3399479,ASP,HRB,淺水灣/壽臣山,1993/12,1993,33,B,2.0,A,blank,THE BEACHSIDE,THE BEACHSIDE,True
5496,2011-02-18,"PARKVIEW RISE(Block 8,HONG KONG PARKVIEW),TAI TAM RESERVOIR RD|陽明山莊,8座(凌雲閣),大潭水塘道",11554.070120915116,2366,1915,"{'bay_window': '', 'flat_roof': '', 'roof': '', 'ac_platform': '', 'plant_room': '', 'garden': '', 'yard': ''}",33.0,31.2768,17232,16332.532637075718,11030302580039,3405441,ASP,HRB,淺水灣/壽臣山,1988/08,1988,38,53,8.0,8,blank,HONG KONG PARKVIEW,陽明山莊,True
5497,2011-02-22,"GRAND GARDEN(Block 3),SOUTH BAY RD|華景園3座,南灣道",12792.374197912883,1657,1274,"{'bay_window': '40', 'flat_roof': '', 'roof': '', 'ac_platform': '', 'plant_room': '', 'garden': '', 'yard': ''}",25.0,23.0377,19623,18082.967032967033,11030400020018,3405530,ASP,HRB,淺水灣/壽臣山,1986/12,1986,40,A,7.0,3,blank,GRAND GARDEN,華景園,True
5498,2011-02-15,"BELGRAVIA,SOUTH BAY RD|BELGRAVIA,南灣道",23107.479603591575,2790,2222,"{'bay_window': '', 'flat_roof': '', 'roof': '', 'ac_platform': '', 'plant_room': '', 'garden': '', 'yard': ''}",76.0,72.5797,34203,32664.131413141313,11030700850127,3407893,ASP,HRB,淺水灣/壽臣山,1989/04,1989,37,B,21.0,blank,blank,blank,,True
5501,2011-02-11,"3 REPULSE BAY RD,REPULSE BAY RD|淺水灣三號,淺水灣道",21945.55089051872,2161,1796,"{'bay_window': '', 'flat_roof': '', 'roof': '', 'ac_platform': '', 'plant_room': '', 'garden': '', 'yard': ''}",59.0,55.7149,32851,31021.659242761692,11030800120013,3409160,PRO-ASP,HRB,淺水灣/壽臣山,1997/07,1997,29,A,10.0,blank,blank,blank,,True
5503,2011-03-02,"PARKVIEW SUITE(Block 5,HONG KONG PARKVIEW),TAI TAM RESERVOIR RD|陽明山莊,5座(陽明居),大潭水塘道",11551.595881897663,1309,1048,"{'bay_window': '', 'flat_roof': '', 'roof': '', 'ac_platform': '', 'plant_room': '', 'garden': '', 'yard': ''}",17.6,17.6,16794,16793.893129770993,11030802820221,3408489,ASP,HRB,淺水灣/壽臣山,1989/05,1989,37,41,7.0,5,blank,HONG KONG PARKVIEW,陽明山莊,False
5504,2011-02-21,"SOUTH BAY TOWERS,SOUTH BAY RD|南灣大廈,南灣道",10927.982101429276,1433,1145,"{'bay_window': '', 'flat_roof': '', 'roof': '', 'ac_platform': '', 'plant_room': '', 'garden': '', 'yard': ''}",19.38,17.6874,16926,15447.510917030568,11030802850030,3409026,ASP,HRB,淺水灣/壽臣山,1984/11,1984,42,D,19.0,blank,blank,blank,,True
5505,2011-03-02,"37 REPULSE BAY RD(Block 3),REPULSE BAY RD|淺水灣道 37號3座,淺水灣道",12570.562845211449,1220,882,"{'bay_window': '56', 'flat_roof': '', 'roof': '', 'ac_platform': '', 'plant_room': '', 'garden': '', 'yard': ''}",18.18,16.1188,20612,18275.28344671202,11030900850127,3410459,ASP,HRB,淺水灣/壽臣山,1994/02,1994,32,A,4.0,3,blank,37 REPULSE BAY RD,淺水灣道 37號,True
5506,2011-02-14,"GRAND GARDEN(Block 1),SOUTH BAY RD|華景園1座,南灣道",18567.84243687456,3054,2482,"{'bay_window': '', 'flat_roof': '', 'roof': '', 'ac_platform': '', 'plant_room': '', 'garden': '', 'yard': ''}",67.88,65.1451,27349,26247.018533440772,11031000430065,3411730,ASP,HRB,淺水灣/壽臣山,1986/12,1986,40,A,23.0,1,blank,GRAND GARDEN,華景園,True
5508,2011-02-21,"3 REPULSE BAY RD,REPULSE BAY RD|淺水灣三號,淺水灣道",24128.655655959712,2078,1741,"{'bay_window': '', 'flat_roof': '', 'roof': '', 'ac_platform': '', 'plant_room': '', 'garden': '', 'yard': ''}",63.0,59.3814,36186,34107.639287765654,11031002110031,3411809,ASP,HRB,淺水灣/壽臣山,1997/07,1997,29,B,23.0,blank,blank,blank,,True
5514,2011-03-18,"GRAND GARDEN(Block 3),SOUTH BAY RD|華景園3座,南灣道",13124.501370897338,1657,1217,"{'bay_window': '', 'flat_roof': '', 'roof': '', 'ac_platform': '', 'plant_room': '', 'garden': '', 'yard': ''}",25.3,23.2211,20789,19080.608052588334,11032500020016,3427063,ASP,HRB,淺水灣/壽臣山,1986/12,1986,40,B,15.0,3,blank,GRAND GARDEN,華景園,True
5519,2011-03-17,"RUBY COURT(Block 2),SOUTH BAY RD|嘉麟閣2座,南灣道",13468.43185777229,1780,1517,"{'bay_window': '50', 'flat_roof': '', 'roof': '', 'ac_platform': '', 'plant_room': '', 'garden': '', 'yard': ''}",31.8,29.7038,20962,19580.61964403428,11033100180017,3434052,ASP,HRB,淺水灣/壽臣山,1987/05,1987,39,B,3.0,2,blank,RUBY COURT,嘉麟閣,True
5520,2011-03-22,"CELESTIAL GARDEN,REPULSE BAY RD|詩禮花園,淺水灣道",15670.296870448383,0,1970,"{'bay_window': '', 'flat_roof': '', 'roof': '', 'ac_platform': '', 'plant_room': '', 'garden': '', 'yard': ''}",47.28,44.88,24000,22781.725888324872,11040802310098,3441679,ASP,HRB,淺水灣/壽臣山,1978/09,1978,48,A,4.0,blank,blank,blank,,True
5522,2011-03-31,"PARKVIEW SUITE(Block 4,HONG KONG PARKVIEW),TAI TAM RESERVOIR RD|陽明山莊,4座(陽明居),大潭水塘道",11136.170822786185,1857,1541,"{'bay_window': '', 'flat_roof': '', 'roof': '', 'ac_platform': '', 'plant_room': '', 'garden': '', 'yard': ''}",26.68,24.9487,17313,16189.941596365996,11041901260101,3451891,PRO-ASP,HRB,淺水灣/壽臣山,1989/05,1989,37,29,21.0,4,blank,HONG KONG PARKVIEW,陽明山莊,True
5523,2011-04-04,"GROSVENOR PLACE,REPULSE BAY RD|GROSVENOR PLACE,淺水灣道",24370.44681228415,2809,2191,"{'bay_window': '', 'flat_roof': '', 'roof': '', 'ac_platform': '', 'plant_room': '', 'garden': '', 'yard': ''}",83.0,79.2118,37882,36153.26335006846,11041902350135,3451953,ASP,HRB,淺水灣/壽臣山,2003/09,2003,23,whole floor,10.0,blank,blank,blank,,True
5524,2011-04-08,"SOUTH BAY TOWERS,SOUTH BAY RD|南灣大廈,南灣道",14802.113145741574,2738,2090,"{'bay_window': '107', 'flat_roof': '', 'roof': '', 'ac_platform': '', 'plant_room': '', 'garden': '', 'yard': ''}",48.2,45.893800000000006,23062,21958.755980861246,11042000860014,3453257,ASP,HRB,淺水灣/壽臣山,1984/11,1984,42,B,25.0,blank,blank,blank,,True
5527,2011-04-11,"PARKVIEW SUITE(Block 5,HONG KONG PARKVIEW),TAI TAM RESERVOIR RD|陽明山莊,5座(陽明居),大潭水塘道",11296.947894013574,1299,1041,"{'bay_window': '', 'flat_roof': '', 'roof': '', 'ac_platform': '', 'plant_room': '', 'garden': '', 'yard': ''}",19.3,17.446,18540,16758.885686839578,11042901920019,3461868,ASP,HRB,淺水灣/壽臣山,1989/05,1989,37,35,9.0,5,blank,HONG KONG PARKVIEW,陽明山莊,True
5528,2011-04-15,"SOUTH BAY TOWERS,SOUTH BAY RD|南灣大廈,南灣道",13496.932244032141,2738,2090,"{'bay_window': '107', 'flat_roof': '', 'roof': '', 'ac_platform': '', 'plant_room': '', 'garden': '', 'yard': ''}",43.95,41.847100000000005,21029,20022.53588516747,11042903160043,3461440,ASP,HRB,淺水灣/壽臣山,1984/11,1984,42,C,22.0,blank,blank,blank,,True
5531,2011-04-15,"BELGRAVIA,SOUTH BAY RD|BELGRAVIA,南灣道",24802.641833910042,2790,2222,"{'bay_window': '', 'flat_roof': '', 'roof': '', 'ac_platform': '', 'plant_room': '', 'garden': '', 'yard': ''}",85.61,81.7572,38528,36794.41944194419,11050501400011,3465771,ASP,HRB,淺水灣/壽臣山,1989/04,1989,37,B,25.0,blank,blank,blank,,True
5537,2011-04-21,"BELGRAVIA,SOUTH BAY RD|BELGRAVIA,南灣道",26048.533188214686,2390,1900,"{'bay_window': '', 'flat_roof': '', 'roof': '', 'ac_platform': '', 'plant_room': '', 'garden': '', 'yard': ''}",77.5,73.4211,40789,38642.68421052631,11051800750069,3478806,ASP,HRB,淺水灣/壽臣山,1989/04,1989,37,A,23.0,blank,blank,blank,,True
5538,2011-04-21,"SOUTH BAY TOWERS,SOUTH BAY RD|南灣大廈,南灣道",12898.091366229508,2738,2090,"{'bay_window': '107', 'flat_roof': '', 'roof': '', 'ac_platform': '', 'plant_room': '', 'garden': '', 'yard': ''}",42.0,39.9904,20096,19134.162679425837,11052002030016,3481647,PRO-ASP,HRB,淺水灣/壽臣山,1984/11,1984,42,B,4.0,blank,blank,blank,,True
5540,2011-04-27,"37 REPULSE BAY RD(Block 2),REPULSE BAY RD|淺水灣道 37號2座,淺水灣道",15373.428106110532,1680,1255,"{'bay_window': '44', 'flat_roof': '', 'roof': '', 'ac_platform': '', 'plant_room': '', 'garden': '', 'yard': ''}",31.1,28.6219,24781,22806.294820717132,11052401040016,3483274,ASP,HRB,淺水灣/壽臣山,1994/02,1994,32,B,2.0,2,blank,37 REPULSE BAY RD,淺水灣道 37號,True
5543,2011-05-24,"BELGRAVIA,SOUTH BAY RD|BELGRAVIA,南灣道",26728.47901965908,2390,1900,"{'bay_window': '', 'flat_roof': '', 'roof': '', 'ac_platform': '', 'plant_room': '', 'garden': '', 'yard': ''}",81.2,76.9263,42737,40487.52631578947,11060701010104,3497161,ASP,HRB,淺水灣/壽臣山,1989/04,1989,37,A,28.0,blank,blank,blank,,True
5544,2011-05-24,"BELGRAVIA,SOUTH BAY RD|BELGRAVIA,南灣道",28032.860970075773,2790,2222,"{'bay_window': '', 'flat_roof': '', 'roof': '', 'ac_platform': '', 'plant_room': '', 'garden': '', 'yard': ''}",98.8,94.3536,44464,42463.36633663366,11060701010117,3497162,ASP,HRB,淺水灣/壽臣山,1989/04,1989,37,B,28.0,blank,blank,blank,,True
5545,2011-05-26,"GRAND GARDEN(Block 3),SOUTH BAY RD|華景園3座,南灣道",13343.214145061504,1657,1217,"{'bay_window': '', 'flat_roof': '', 'roof': '', 'ac_platform': '', 'plant_room': '', 'garden': '', 'yard': ''}",26.8,24.5979,22021,20211.91454396056,11060900330169,3499689,ASP,HRB,淺水灣/壽臣山,1986/12,1986,40,B,24.0,3,blank,GRAND GARDEN,華景園,True
5547,2011-05-26,"GRAND GARDEN(Block 3),SOUTH BAY RD|華景園3座,南灣道",13442.754341404234,1657,1217,"{'bay_window': '', 'flat_roof': '', 'roof': '', 'ac_platform': '', 'plant_room': '', 'garden': '', 'yard': ''}",27.0,24.7814,22186,20362.695152013148,11060901280016,3499736,ASP,HRB,淺水灣/壽臣山,1986/12,1986,40,B,23.0,3,blank,GRAND GARDEN,華景園,True
5548,2011-05-26,"GRAND GARDEN(Block 1),SOUTH BAY RD|華景園1座,南灣道",17613.286601535176,3054,2482,"{'bay_window': '', 'flat_roof': '', 'roof': '', 'ac_platform': '', 'plant_room': '', 'garden': '', 'yard': ''}",69.0,66.22,27800,26680.09669621273,11061002720096,3501366,ASP,HRB,淺水灣/壽臣山,1986/12,1986,40,A,16.0,1,blank,GRAND GARDEN,華景園,True
5549,2011-05-27,"PARKVIEW SUITE(Block 3,HONG KONG PARKVIEW),TAI TAM RESERVOIR RD|陽明山莊,3座(陽明居),大潭水塘道",10931.255957999956,1275,994,"{'bay_window': '', 'flat_roof': '', 'roof': '', 'ac_platform': '', 'plant_room': '', 'garden': '', 'yard': ''}",18.3,16.459,18410,16558.35010060362,11061003050279,3501392,ASP,HRB,淺水灣/壽臣山,1989/05,1989,37,27,12.0,3,blank,HONG KONG PARKVIEW,陽明山莊,True
5554,2011-05-19,"GRAND GARDEN(Block 1),SOUTH BAY RD|華景園1座,南灣道",15315.899079757768,3054,2482,"{'bay_window': '', 'flat_roof': '', 'roof': '', 'ac_platform': '', 'plant_room': '', 'garden': '', 'yard': ''}",60.0,57.5826,24174,23200.080580177277,11061500720071,3505355,ASP,HRB,淺水灣/壽臣山,1986/12,1986,40,A,7.0,1,blank,GRAND GARDEN,華景園,True
5555,2011-05-31,"GRAND GARDEN(Block 3),SOUTH BAY RD|華景園3座,南灣道",13965.570914892629,1657,1217,"{'bay_window': '', 'flat_roof': '', 'roof': '', 'ac_platform': '', 'plant_room': '', 'garden': '', 'yard': ''}",28.05,25.7452,23048,21154.642563681184,11061600840049,3505622,ASP,HRB,淺水灣/壽臣山,1986/12,1986,40,B,26.0,3,blank,GRAND GARDEN,華景園,True
5556,2011-05-31,"PINE CREST,REPULSE BAY RD|松苑,淺水灣道",19224.473975571535,2250,1862,"{'bay_window': '', 'flat_roof': '', 'roof': '', 'ac_platform': '', 'plant_room': '', 'garden': '', 'yard': ''}",57.3,54.2227,30773,29120.676691729324,11061700370016,3507959,ASP,HRB,淺水灣/壽臣山,1982/11,1982,44,A,1.0,blank,blank,blank,,True
5557,2011-05-27,"BAY VILLAS,SHOUSON HILL RD|南源,壽山村道",43142.09014108691,4610,3596,"{'bay_window': '', 'flat_roof': '', 'roof': '549', 'ac_platform': '', 'plant_room': '', 'garden': '', 'yard': '113'}",235.0,235.0,65350,65350.3893214683,11062001360011,3509354,ASP,HRB,淺水灣/壽臣山,2003/04,2003,23,69,0.0,blank,blank,blank,,False
5558,2011-06-08,"PARKVIEW HEIGHTS(Block 13,HONG KONG PARKVIEW),TAI TAM RESERVOIR RD|陽明山莊,13座(摘星樓),大潭水塘道",12571.206791158778,2700,2327,"{'bay_window': '', 'flat_roof': '', 'roof': '', 'ac_platform': '', 'plant_room': '', 'garden': '', 'yard': ''}",46.0,44.0232,19768,18918.435754189944,11062002310148,3509412,ASP,HRB,淺水灣/壽臣山,1988/08,1988,38,73,16.0,13,blank,HONG KONG PARKVIEW,陽明山莊,True
5559,2011-06-07,"GRAND GARDEN(Block 1),SOUTH BAY RD|華景園1座,南灣道",18191.288063826225,3054,2482,"{'bay_window': '84', 'flat_roof': '', 'roof': '', 'ac_platform': '', 'plant_room': '', 'garden': '', 'yard': ''}",70.8,67.94749999999999,28525,27376.107977437543,11062103030296,3510469,ASP,HRB,淺水灣/壽臣山,1986/12,1986,40,A,15.0,1,blank,GRAND GARDEN,華景園,True
5561,2011-06-03,"PARKVIEW RISE(Block 8,HONG KONG PARKVIEW),TAI TAM RESERVOIR RD|陽明山莊,8座(凌雲閣),大潭水塘道",12497.26064828695,2366,1915,"{'bay_window': '', 'flat_roof': '', 'roof': '', 'ac_platform': '', 'plant_room': '', 'garden': '', 'yard': ''}",38.0,36.0157,19843,18807.154046997388,11062300890013,3513135,ASP,HRB,淺水灣/壽臣山,1988/08,1988,38,55,20.0,8,blank,HONG KONG PARKVIEW,陽明山莊,True
5562,2011-05-26,"PARKVIEW SUITE(Block 3,HONG KONG PARKVIEW),TAI TAM RESERVOIR RD|陽明山莊,3座(陽明居),大潭水塘道",10798.95524779418,1290,1051,"{'bay_window': '', 'flat_roof': '', 'roof': '', 'ac_platform': '', 'plant_room': '', 'garden': '', 'yard': ''}",19.0,17.1922,18078,16357.944814462417,11062401310390,3514600,PRE-ASP,HRB,淺水灣/壽臣山,1989/05,1989,37,23,20.0,3,blank,HONG KONG PARKVIEW,陽明山莊,True
5564,2011-06-15,"GRAND GARDEN(Block 1),SOUTH BAY RD|華景園1座,南灣道",19064.876833865823,3054,2482,"{'bay_window': '', 'flat_roof': '', 'roof': '', 'ac_platform': '', 'plant_room': '', 'garden': '', 'yard': ''}",74.2,71.2105,29895,28690.773569701854,11062800170017,3517182,ASP,HRB,淺水灣/壽臣山,1986/12,1986,40,A,19.0,1,blank,GRAND GARDEN,華景園,True
5566,2011-06-21,"PARKVIEW HEIGHTS(Block 14,HONG KONG PARKVIEW),TAI TAM RESERVOIR RD|陽明山莊,14座(摘星樓),大潭水塘道",15955.259200733777,1785,1441,"{'bay_window': '', 'flat_roof': '', 'roof': '', 'ac_platform': '', 'plant_room': '', 'garden': '', 'yard': ''}",34.6,34.6,24011,24011.103400416378,11062900410048,3517535,ASP,HRB,淺水灣/壽臣山,1988/12,1988,38,81,6.0,14,blank,HONG KONG PARKVIEW,陽明山莊,False
5567,2011-06-22,"PARKVIEW SUITE(Block 4,HONG KONG PARKVIEW),TAI TAM RESERVOIR RD|陽明山莊,4座(陽明居),大潭水塘道",10839.980450184261,1903,1579,"{'bay_window': '', 'flat_roof': '', 'roof': '', 'ac_platform': '', 'plant_room': '', 'garden': '', 'yard': ''}",27.5,25.7584,17416,16313.109563014566,11070500430145,3522259,ASP,HRB,淺水灣/壽臣山,1989/05,1989,37,33,12.0,4,blank,HONG KONG PARKVIEW,陽明山莊,True
5569,2011-06-28,"37 REPULSE BAY RD(Block 3),REPULSE BAY RD|淺水灣道 37號3座,淺水灣道",13025.534306296535,1220,882,"{'bay_window': '44', 'flat_roof': '25', 'roof': '', 'ac_platform': '', 'plant_room': '', 'garden': '', 'yard': ''}",19.5,17.2891,22109,19602.15419501134,11070700320059,3524489,ASP,HRB,淺水灣/壽臣山,1994/02,1994,32,A,1.0,3,blank,37 REPULSE BAY RD,淺水灣道 37號,True
5570,2011-06-01,"VILLA HELVETIA,REPULSE BAY RD|雲濤別墅,淺水灣道",17392.45117624883,0,1105,"{'bay_window': '', 'flat_roof': '', 'roof': '', 'ac_platform': '', 'plant_room': '', 'garden': '', 'yard': ''}",31.8,28.9222,28778,26173.93665158371,11070701180026,3524524,PRO-ASP,HRB,淺水灣/壽臣山,1964/07,1964,62,whole floor,3.0,blank,blank,blank,,True
5573,2011-06-15,"BELGRAVIA,SOUTH BAY RD|BELGRAVIA,南灣道",27930.89503438789,2390,1900,"{'bay_window': '', 'flat_roof': '', 'roof': '', 'ac_platform': '', 'plant_room': '', 'garden': '', 'yard': ''}",84.3,79.86319999999999,44368,42033.263157894726,11070802980137,3525824,ASP,HRB,淺水灣/壽臣山,1989/04,1989,37,A,26.0,blank,blank,blank,,True
5574,2011-06-29,"3 REPULSE BAY RD,REPULSE BAY RD|淺水灣三號,淺水灣道",22500.44595182159,2161,1796,"{'bay_window': '', 'flat_roof': '', 'roof': '', 'ac_platform': '', 'plant_room': '', 'garden': '', 'yard': ''}",64.4,60.8143,35857,33860.96881959911,11071302840042,3529044,ASP,HRB,淺水灣/壽臣山,1997/07,1997,29,A,11.0,blank,blank,blank,,True
5580,2011-06-28,"GRAND GARDEN(Block 3),SOUTH BAY RD|華景園3座,南灣道",14178.936823003482,1657,1274,"{'bay_window': '40', 'flat_roof': '', 'roof': '', 'ac_platform': '', 'plant_room': '', 'garden': '', 'yard': ''}",29.5,27.1845,23155,21337.91208791209,11072001990037,3534309,ASP,HRB,淺水灣/壽臣山,1986/12,1986,40,A,27.0,3,blank,GRAND GARDEN,華景園,True
5581,2011-07-18,"BELGRAVIA,SOUTH BAY RD|BELGRAVIA,南灣道",22280.85690602396,2790,2222,"{'bay_window': '', 'flat_roof': '', 'roof': '', 'ac_platform': '', 'plant_room': '', 'garden': '', 'yard': ''}",78.0,74.4896,35104,33523.67236723672,11072600490027,3538716,ASP,HRB,淺水灣/壽臣山,1989/04,1989,37,B,17.0,blank,blank,blank,,True
5582,2011-07-07,"PARKVIEW RISE(Block 8,HONG KONG PARKVIEW),TAI TAM RESERVOIR RD|陽明山莊,8座(凌雲閣),大潭水塘道",11512.962974024842,2366,1915,"{'bay_window': '', 'flat_roof': '', 'roof': '', 'ac_platform': '', 'plant_room': '', 'garden': '', 'yard': ''}",35.0,33.1723,18277,17322.349869451697,11072600740075,3538724,ASP,HRB,淺水灣/壽臣山,1988/08,1988,38,53,18.0,8,blank,HONG KONG PARKVIEW,陽明山莊,True
5583,2011-06-30,"PARK PLACE(Block C),TAI TAM RESERVOIR RD|雅柏苑C座,大潭水塘道",19812.360052714164,2288,2075,"{'bay_window': '', 'flat_roof': '', 'roof': '', 'ac_platform': '', 'plant_room': '', 'garden': '', 'yard': ''}",65.0,61.8675,31325,29815.66265060241,11072802910073,3540806,PRE-ASP,HRB,淺水灣/壽臣山,1985/01,1985,41,2,3.0,C,blank,PARK PLACE,雅柏苑,True
5585,2011-05-27,"BAY VILLAS,SHOUSON HILL RD|南源,壽山村道",43142.09014108691,4610,3596,"{'bay_window': '', 'flat_roof': '', 'roof': '549', 'ac_platform': '', 'plant_room': '', 'garden': '', 'yard': '113'}",235.0,235.0,65350,65350.3893214683,11082200730088,3557334,ASP,HRB,淺水灣/壽臣山,2003/04,2003,23,whole floor,0.0,blank,blank,blank,,False
5586,2011-08-12,"RIDGE COURT,REPULSE BAY RD|冠園,淺水灣道",14752.696852751806,0,1880,"{'bay_window': '', 'flat_roof': '', 'roof': '', 'ac_platform': '', 'plant_room': '', 'garden': '', 'yard': ''}",44.48,42.114,23660,22401.063829787236,11082401150153,3559301,ASP,HRB,淺水灣/壽臣山,1962/08,1962,64,C,7.0,blank,blank,blank,,True
5587,2011-01-19,"PARKVIEW SUITE(Block 3,HONG KONG PARKVIEW),TAI TAM RESERVOIR RD|陽明山莊,3座(陽明居),大潭水塘道",12035.287960649408,1275,994,"{'bay_window': '', 'flat_roof': '', 'roof': '', 'ac_platform': '', 'plant_room': '', 'garden': '', 'yard': ''}",18.0,16.1891,18109,16286.82092555332,11090202200011,3565778,MEM-ASP,HRB,淺水灣/壽臣山,1989/05,1989,37,27,23.0,3,blank,HONG KONG PARKVIEW,陽明山莊,True
5590,2011-08-25,"3 REPULSE BAY RD,REPULSE BAY RD|淺水灣三號,淺水灣道",19156.393230836584,2161,1796,"{'bay_window': '', 'flat_roof': '', 'roof': '', 'ac_platform': '', 'plant_room': '', 'garden': '', 'yard': ''}",55.322,52.2417,30803,29087.806236080178,11090900420102,3569950,MEM-ASP,HRB,淺水灣/壽臣山,1997/07,1997,29,A,19.0,blank,blank,blank,,True
5591,2011-09-06,"PARKVIEW SUITE(Block 3,HONG KONG PARKVIEW),TAI TAM RESERVOIR RD|陽明山莊,3座(陽明居),大潭水塘道",11584.395491491532,1235,1012,"{'bay_window': '', 'flat_roof': '', 'roof': '', 'ac_platform': '', 'plant_room': '', 'garden': '', 'yard': ''}",19.0,17.1225,18775,16919.466403162056,11091601100076,3573225,ASP,HRB,淺水灣/壽臣山,1989/05,1989,37,25,19.0,3,blank,HONG KONG PARKVIEW,陽明山莊,True
5593,2011-09-12,"PARKVIEW RISE(Block 7,HONG KONG PARKVIEW),TAI TAM RESERVOIR RD|陽明山莊,7座(凌雲閣),大潭水塘道",12282.028486637264,2092,1649,"{'bay_window': '', 'flat_roof': '', 'roof': '', 'ac_platform': '', 'plant_room': '', 'garden': '', 'yard': ''}",31.49,29.5804,19096,17938.386901152215,11092002270092,3574952,ASP,HRB,淺水灣/壽臣山,1988/12,1988,38,49,7.0,7,blank,HONG KONG PARKVIEW,陽明山莊,True
5597,2011-10-27,"BELGRAVIA,SOUTH BAY RD|BELGRAVIA,南灣道",27119.841865770035,2390,1900,"{'bay_window': '', 'flat_roof': '', 'roof': '', 'ac_platform': '', 'plant_room': '', 'garden': '', 'yard': ''}",81.0,76.7368,42632,40387.78947368421,11111001940017,3604351,ASP,HRB,淺水灣/壽臣山,1989/04,1989,37,A,18.0,blank,blank,blank,,True
5599,2011-11-08,"CELESTIAL GARDEN,REPULSE BAY RD|詩禮花園,淺水灣道",16755.12700235988,0,1962,"{'bay_window': '', 'flat_roof': '', 'roof': '', 'ac_platform': '', 'plant_room': '', 'garden': '', 'yard': ''}",52.0,49.3496,26504,25152.70132517839,11112801760131,3614774,ASP,HRB,淺水灣/壽臣山,1978/09,1978,48,B,15.0,blank,blank,blank,,True
5601,2011-11-22,"CELESTIAL GARDEN,REPULSE BAY RD|詩禮花園,淺水灣道",16129.019215696997,0,1970,"{'bay_window': '', 'flat_roof': '', 'roof': '', 'ac_platform': '', 'plant_room': '', 'garden': '', 'yard': ''}",50.25,47.6992,25508,24212.79187817259,11122000590022,3627358,ASP,HRB,淺水灣/壽臣山,1978/09,1978,48,A,17.0,blank,blank,blank,,True
5602,2011-12-01,"THE BEACHSIDE(Block A),REPULSE BAY RD|THE BEACHSIDEA座,淺水灣道",13505.12584652819,917,677,"{'bay_window': '9', 'flat_roof': '', 'roof': '', 'ac_platform': '', 'plant_room': '312', 'garden': '', 'yard': ''}",13.0,13.0,19202,19202.363367799113,11122200420012,3628948,ASP,HRB,淺水灣/壽臣山,1993/12,1993,33,D,1.0,A,blank,THE BEACHSIDE,THE BEACHSIDE,False
5604,2011-12-23,"PARKVIEW RISE(Block 6,HONG KONG PARKVIEW),TAI TAM RESERVOIR RD|陽明山莊,6座(凌雲閣),大潭水塘道",13585.212135675562,2722,2199,"{'bay_window': '', 'flat_roof': '', 'roof': '', 'ac_platform': '', 'plant_room': '', 'garden': '', 'yard': ''}",44.5,42.4764,20236,19316.2346521146,12010600920054,3634227,ASP,HRB,淺水灣/壽臣山,1988/12,1988,38,43,7.0,6,blank,HONG KONG PARKVIEW,陽明山莊,True
5605,2011-12-15,"33 ISLAND RD,ISLAND RD|香島道33號,香島道",43846.97006569915,6079,4812,"{'bay_window': '', 'flat_roof': '477', 'roof': '', 'ac_platform': '', 'plant_room': '2600', 'garden': '643', 'yard': ''}",300.0,300.0,62344,62344.13965087282,12010601400018,3634240,ASP,HRB,淺水灣/壽臣山,2004/11,2004,22,5,0.0,blank,blank,blank,,False
5609,2012-01-12,"PARKVIEW SUITE(Block 4,HONG KONG PARKVIEW),TAI TAM RESERVOIR RD|陽明山莊,4座(陽明居),大潭水塘道",11938.351689769072,1857,1541,"{'bay_window': '', 'flat_roof': '', 'roof': '', 'ac_platform': '', 'plant_room': '', 'garden': '', 'yard': ''}",28.0,26.183,18170,16990.91499026606,12020102160028,3644466,ASP,HRB,淺水灣/壽臣山,1989/05,1989,37,29,11.0,4,blank,HONG KONG PARKVIEW,陽明山莊,True
5610,2012-01-12,"PARKVIEW SUITE(Block 3,HONG KONG PARKVIEW),TAI TAM RESERVOIR RD|陽明山莊,3座(陽明居),大潭水塘道",11443.633037357751,1275,994,"{'bay_window': '', 'flat_roof': '', 'roof': '', 'ac_platform': '', 'plant_room': '', 'garden': '', 'yard': ''}",18.0,16.1891,18109,16286.82092555332,12020302130015,3645733,ASP,HRB,淺水灣/壽臣山,1989/05,1989,37,27,5.0,3,blank,HONG KONG PARKVIEW,陽明山莊,True
5612,2012-01-18,"PARKVIEW SUITE(Block 5,HONG KONG PARKVIEW),TAI TAM RESERVOIR RD|陽明山莊,5座(陽明居),大潭水塘道",12068.09788192263,1309,1048,"{'bay_window': '', 'flat_roof': '', 'roof': '', 'ac_platform': '', 'plant_room': '', 'garden': '', 'yard': ''}",18.0,18.0,17176,17175.57251908397,12020901170029,3647916,PRO-ASP,HRB,淺水灣/壽臣山,1989/05,1989,37,41,3.0,5,blank,HONG KONG PARKVIEW,陽明山莊,False
5616,2012-02-10,"REPULSE BAY GARDEN(Block 2),BELLEVIEW DR|淺水灣新村2座,麗景道",3562.712451857886,2288,2110,"{'bay_window': '', 'flat_roof': '', 'roof': '', 'ac_platform': '', 'plant_room': '', 'garden': '', 'yard': ''}",11.476,10.9321,5439,5181.090047393365,12022201530018,3653194,MEM-ASP,HRB,淺水灣/壽臣山,1973/11,1973,53,whole floor,11.0,2,blank,REPULSE BAY GARDEN,淺水灣新村,True
5620,2012-03-02,"GRAND GARDEN(Block 2),SOUTH BAY RD|華景園2座,南灣道",12218.971319422375,1820,1395,"{'bay_window': '46', 'flat_roof': '', 'roof': '', 'ac_platform': '', 'plant_room': '', 'garden': '', 'yard': ''}",27.845,25.8489,19961,18529.677419354837,12031200290378,3663787,ASP,HRB,淺水灣/壽臣山,1986/12,1986,40,A,25.0,2,blank,GRAND GARDEN,華景園,True
5622,2012-03-06,"PARKVIEW CRESCENT(Block 10,HONG KONG PARKVIEW),TAI TAM RESERVOIR RD|陽明山莊,10座(環翠軒),大潭水塘道",12399.003217527988,2771,2342,"{'bay_window': '', 'flat_roof': '', 'roof': '', 'ac_platform': '', 'plant_room': '', 'garden': '', 'yard': ''}",46.0,44.0359,19641,18802.69000853971,12031601490050,3668343,ASP,HRB,淺水灣/壽臣山,1988/08,1988,38,63,17.0,10,blank,HONG KONG PARKVIEW,陽明山莊,True
5623,2012-02-24,"CELESTIAL GARDEN,REPULSE BAY RD|詩禮花園,淺水灣道",16649.62668657119,0,1970,"{'bay_window': '', 'flat_roof': '', 'roof': '', 'ac_platform': '', 'plant_room': '', 'garden': '', 'yard': ''}",50.25,47.6992,25508,24212.79187817259,12032102670011,3671670,PRO-ASP,HRB,淺水灣/壽臣山,1978/09,1978,48,A,16.0,blank,blank,blank,,True
5624,2012-03-08,"CELESTIAL GARDEN,REPULSE BAY RD|詩禮花園,淺水灣道",16426.89353979831,0,1962,"{'bay_window': '', 'flat_roof': '', 'roof': '', 'ac_platform': '', 'plant_room': '', 'garden': '', 'yard': ''}",51.5,48.8751,26249,24910.85626911315,12032301580012,3673929,ASP,HRB,淺水灣/壽臣山,1978/09,1978,48,B,14.0,blank,blank,blank,,True
5626,2012-03-12,"SOUTH BAY GARDEN(Block B),SOUTH BAY CLOSE|南灣花園B座,南灣坊",10330.261235044167,1542,1296,"{'bay_window': '', 'flat_roof': '', 'roof': '', 'ac_platform': '', 'plant_room': '', 'garden': '', 'yard': ''}",22.0,20.3025,16975,15665.50925925926,12032601320011,3675178,ASP,HRB,淺水灣/壽臣山,1985/09,1985,41,2,4.0,B,blank,SOUTH BAY GARDEN,南灣花園,True
5627,2012-02-28,"CELESTIAL GARDEN,REPULSE BAY RD|詩禮花園,淺水灣道",16564.216042632015,0,1962,"{'bay_window': '', 'flat_roof': '', 'roof': '', 'ac_platform': '', 'plant_room': '', 'garden': '', 'yard': ''}",49.8,47.2618,25382,24088.583078491334,12032702030205,3676328,PRO-ASP,HRB,淺水灣/壽臣山,1978/09,1978,48,B,5.0,blank,blank,blank,,True
5628,2012-03-12,"CELESTIAL GARDEN,REPULSE BAY RD|詩禮花園,淺水灣道",16982.49040222859,0,2264,"{'bay_window': '', 'flat_roof': '', 'roof': '', 'ac_platform': '', 'plant_room': '', 'garden': '', 'yard': ''}",61.0,58.3057,26943,25753.40106007067,12032901850058,3678385,PRO-ASP,HRB,淺水灣/壽臣山,1978/09,1978,48,C,18.0,blank,blank,blank,,True
5629,2012-03-13,"CELESTIAL GARDEN,REPULSE BAY RD|詩禮花園,淺水灣道",16999.26057436987,0,1970,"{'bay_window': '', 'flat_roof': '', 'roof': '', 'ac_platform': '', 'plant_room': '', 'garden': '', 'yard': ''}",53.5,50.7843,27157,25778.832487309646,12033000290019,3679646,PRO-ASP,HRB,淺水灣/壽臣山,1978/09,1978,48,A,19.0,blank,blank,blank,,True
5632,2012-04-03,"THE BEACHSIDE(Block A),REPULSE BAY RD|THE BEACHSIDEA座,淺水灣道",9414.377478557126,929,688,"{'bay_window': '20', 'flat_roof': '', 'roof': '', 'ac_platform': '', 'plant_room': '', 'garden': '', 'yard': ''}",12.0,10.2558,17442,14906.686046511628,12041600610037,3688498,ASP,HRB,淺水灣/壽臣山,1993/12,1993,33,F,3.0,A,blank,THE BEACHSIDE,THE BEACHSIDE,True
5634,2012-03-30,"PARKVIEW SUITE(Block 5,HONG KONG PARKVIEW),TAI TAM RESERVOIR RD|陽明山莊,5座(陽明居),大潭水塘道",11924.422733590001,1263,1012,"{'bay_window': '', 'flat_roof': '', 'roof': '', 'ac_platform': '', 'plant_room': '', 'garden': '', 'yard': ''}",18.3,18.3,18083,18083.003952569168,12041701540011,3688966,ASP,HRB,淺水灣/壽臣山,1989/05,1989,37,37,11.0,5,blank,HONG KONG PARKVIEW,陽明山莊,False
5635,2012-04-02,"GRAND GARDEN(Block 3),SOUTH BAY RD|華景園3座,南灣道",11431.23152759936,1657,1217,"{'bay_window': '', 'flat_roof': '', 'roof': '', 'ac_platform': '', 'plant_room': '', 'garden': '', 'yard': ''}",24.0,22.0279,19721,18100.164338537386,12041902000072,3691730,ASP,HRB,淺水灣/壽臣山,1986/12,1986,40,B,11.0,3,blank,GRAND GARDEN,華景園,True
5636,2012-03-30,"PARKVIEW HEIGHTS(Block 14,HONG KONG PARKVIEW),TAI TAM RESERVOIR RD|陽明山莊,14座(摘星樓),大潭水塘道",15721.49314902888,3905,3160,"{'bay_window': '', 'flat_roof': '', 'roof': '', 'ac_platform': '', 'plant_room': '', 'garden': '', 'yard': ''}",77.8,75.338,24620,23841.13924050633,12041902390018,3691759,ASP,HRB,淺水灣/壽臣山,1988/12,1988,38,7779,21.0,14,blank,HONG KONG PARKVIEW,陽明山莊,True
5638,2012-04-11,"CELESTIAL GARDEN,REPULSE BAY RD|詩禮花園,淺水灣道",16585.02529327277,0,1970,"{'bay_window': '', 'flat_roof': '', 'roof': '', 'ac_platform': '', 'plant_room': '', 'garden': '', 'yard': ''}",54.5,51.7335,27665,26260.65989847716,12042001600014,3693053,ASP,HRB,淺水灣/壽臣山,1978/09,1978,48,A,18.0,blank,blank,blank,,True
5639,2012-03-28,"PARKVIEW CRESCENT(Block 10,HONG KONG PARKVIEW),TAI TAM RESERVOIR RD|陽明山莊,10座(環翠軒),大潭水塘道",11051.288536990116,2771,2342,"{'bay_window': '', 'flat_roof': '', 'roof': '', 'ac_platform': '', 'plant_room': '', 'garden': '', 'yard': ''}",41.0,39.2494,17506,16758.923996584115,12042002410019,3693152,ASP,HRB,淺水灣/壽臣山,1988/08,1988,38,63,18.0,10,blank,HONG KONG PARKVIEW,陽明山莊,True
5641,2012-04-20,"SOUTH BAY TOWERS,SOUTH BAY RD|南灣大廈,南灣道",14961.484485716817,2738,2090,"{'bay_window': '107', 'flat_roof': '', 'roof': '', 'ac_platform': '', 'plant_room': '', 'garden': '', 'yard': ''}",52.0,49.512,24880,23689.952153110047,12050300510078,3701918,ASP,HRB,淺水灣/壽臣山,1984/11,1984,42,B,23.0,blank,blank,blank,,True
5643,2012-04-30,"PARKVIEW SUITE(Block 3,HONG KONG PARKVIEW),TAI TAM RESERVOIR RD|陽明山莊,3座(陽明居),大潭水塘道",9341.350944527976,1290,1051,"{'bay_window': '', 'flat_roof': '', 'roof': '', 'ac_platform': '', 'plant_room': '', 'garden': '', 'yard': ''}",17.18,15.5454,16346,14791.056137012369,12050801080027,3705280,ASP,HRB,淺水灣/壽臣山,1989/05,1989,37,23,1.0,3,blank,HONG KONG PARKVIEW,陽明山莊,True
5644,2012-04-27,"SOUTH BAY TOWERS,SOUTH BAY RD|南灣大廈,南灣道",14673.749683501203,2738,2090,"{'bay_window': '107', 'flat_roof': '', 'roof': '', 'ac_platform': '', 'plant_room': '', 'garden': '', 'yard': ''}",51.0,48.5598,24402,23234.354066985645,12051401650064,3710611,ASP,HRB,淺水灣/壽臣山,1984/11,1984,42,B,19.0,blank,blank,blank,,True
5645,2012-04-19,"CELESTIAL GARDEN,REPULSE BAY RD|詩禮花園,淺水灣道",16632.6055213409,0,2264,"{'bay_window': '', 'flat_roof': '', 'roof': '', 'ac_platform': '', 'plant_room': '', 'garden': '', 'yard': ''}",62.38,59.6247,27553,26335.99823321555,12051502400355,3711865,PRO-ASP,HRB,淺水灣/壽臣山,1978/09,1978,48,C,19.0,blank,blank,blank,,True
5647,2012-05-08,"REPULSE BAY GARDEN(Block 5),BELLEVIEW DR|淺水灣新村5座,麗景道",12170.917151693726,2288,2110,"{'bay_window': '', 'flat_roof': '', 'roof': '', 'ac_platform': '', 'plant_room': '', 'garden': '', 'yard': ''}",43.0,40.9621,20379,19413.317535545022,12051700650018,3714203,ASP,HRB,淺水灣/壽臣山,1973/11,1973,53,whole floor,9.0,5,blank,REPULSE BAY GARDEN,淺水灣新村,True
5649,2012-05-17,"SEA CLIFF MANSION(Block B),REPULSE BAY RD|海峰園B座,淺水灣道",14705.06830113326,0,1941,"{'bay_window': '', 'flat_roof': '', 'roof': '', 'ac_platform': '', 'plant_room': '', 'garden': '', 'yard': ''}",48.0,45.527,24730,23455.435342606903,12052500410200,3722048,ASP,HRB,淺水灣/壽臣山,1964/05,1964,62,B2,4.0,B,blank,SEA CLIFF MANSION,海峰園,True
5650,2012-05-14,"CELESTIAL GARDEN,REPULSE BAY RD|詩禮花園,淺水灣道",19172.369719578077,0,1962,"{'bay_window': '', 'flat_roof': '', 'roof': '', 'ac_platform': '', 'plant_room': '', 'garden': '', 'yard': ''}",60.0,60.0,30581,30581.03975535168,12052801350012,3722588,ASP,HRB,淺水灣/壽臣山,1978/09,1978,48,B,20.0,blank,blank,blank,,False
5651,2012-05-14,"CELESTIAL GARDEN,REPULSE BAY RD|詩禮花園,淺水灣道",18801.703904999566,0,1962,"{'bay_window': '', 'flat_roof': '', 'roof': '', 'ac_platform': '', 'plant_room': '', 'garden': '', 'yard': ''}",62.0,58.84,31600,29989.80632008155,12052801350025,3723474,ASP,HRB,淺水灣/壽臣山,1978/09,1978,48,B,19.0,blank,blank,blank,,True
5653,2012-05-29,"CELESTIAL GARDEN,REPULSE BAY RD|詩禮花園,淺水灣道",16696.282389807555,0,2264,"{'bay_window': '', 'flat_roof': '', 'roof': '', 'ac_platform': '', 'plant_room': '', 'garden': '', 'yard': ''}",63.08,60.2938,27862,26631.5371024735,12060701000016,3732103,ASP,HRB,淺水灣/壽臣山,1978/09,1978,48,C,20.0,blank,blank,blank,,True
5655,2012-05-22,"TWIN BROOK,REPULSE BAY RD|雙溪,淺水灣道",20698.51376469164,2700,2440,"{'bay_window': '', 'flat_roof': '', 'roof': '', 'ac_platform': '', 'plant_room': '', 'garden': '', 'yard': ''}",84.0,80.5574,34426,33015.32786885246,12061401940102,3737431,PRO-ASP,HRB,淺水灣/壽臣山,1974/04,1974,52,B,6.0,blank,blank,blank,,True
5657,2012-06-09,"PARKVIEW CORNER(Block 18,HONG KONG PARKVIEW),TAI TAM RESERVOIR RD|陽明山莊,18座(眺景台),大潭水塘道",12515.53791665036,2570,2067,"{'bay_window': '', 'flat_roof': '', 'roof': '', 'ac_platform': '', 'plant_room': '', 'garden': '', 'yard': ''}",43.5,41.3955,21045,20026.850507982585,12061900880094,3740497,ASP,HRB,淺水灣/壽臣山,1989/05,1989,37,95,11.0,18,blank,HONG KONG PARKVIEW,陽明山莊,True
5658,2012-06-06,"PARKVIEW CORNER(Block 18,HONG KONG PARKVIEW),TAI TAM RESERVOIR RD|陽明山莊,18座(眺景台),大潭水塘道",12495.402036536607,2570,2067,"{'bay_window': '', 'flat_roof': '', 'roof': '', 'ac_platform': '', 'plant_room': '', 'garden': '', 'yard': ''}",43.43,41.3289,21011,19994.629898403484,12061900880104,3740498,ASP,HRB,淺水灣/壽臣山,1989/05,1989,37,95,10.0,18,blank,HONG KONG PARKVIEW,陽明山莊,True
5659,2012-06-01,"RUBY COURT(Block 2),SOUTH BAY RD|嘉麟閣2座,南灣道",12236.67133724994,1780,1517,"{'bay_window': '50', 'flat_roof': '', 'roof': '', 'ac_platform': '', 'plant_room': '', 'garden': '', 'yard': ''}",31.8,29.7038,20962,19580.61964403428,12062002080024,3741530,ASP,HRB,淺水灣/壽臣山,1987/05,1987,39,B,7.0,2,blank,RUBY COURT,嘉麟閣,True
5664,2012-06-12,"37 REPULSE BAY RD(Block 2),REPULSE BAY RD|淺水灣道 37號2座,淺水灣道",16636.49410491657,1635,1236,"{'bay_window': '32', 'flat_roof': '', 'roof': '', 'ac_platform': '', 'plant_room': '', 'garden': '', 'yard': ''}",35.8,32.9036,28964,26621.035598705497,12070502470099,3752124,ASP,HRB,淺水灣/壽臣山,1994/02,1994,32,A,18.0,2,blank,37 REPULSE BAY RD,淺水灣道 37號,True
5665,2012-06-20,"PARKVIEW SUITE(Block 3,HONG KONG PARKVIEW),TAI TAM RESERVOIR RD|陽明山莊,3座(陽明居),大潭水塘道",11091.687281853676,1290,976,"{'bay_window': '', 'flat_roof': '', 'roof': '', 'ac_platform': '', 'plant_room': '', 'garden': '', 'yard': ''}",19.3,17.3225,19775,17748.463114754097,12070600640017,3753246,ASP,HRB,淺水灣/壽臣山,1989/05,1989,37,21,12.0,3,blank,HONG KONG PARKVIEW,陽明山莊,True
5669,2012-06-27,"CELESTIAL GARDEN,REPULSE BAY RD|詩禮花園,淺水灣道",18204.987595743758,0,2264,"{'bay_window': '', 'flat_roof': '', 'roof': '', 'ac_platform': '', 'plant_room': '', 'garden': '', 'yard': ''}",69.0,65.9523,30477,29130.874558303884,12071302020045,3758426,PRO-ASP,HRB,淺水灣/壽臣山,1978/09,1978,48,C,17.0,blank,blank,blank,,True
5670,2012-06-27,"PARKVIEW SUITE(Block 5,HONG KONG PARKVIEW),TAI TAM RESERVOIR RD|陽明山莊,5座(陽明居),大潭水塘道",10805.842665609998,1299,1041,"{'bay_window': '', 'flat_roof': '', 'roof': '', 'ac_platform': '', 'plant_room': '', 'garden': '', 'yard': ''}",18.0,18.0,17291,17291.06628242075,12071602250019,3758650,PRE-ASP,HRB,淺水灣/壽臣山,1989/05,1989,37,35,8.0,5,blank,HONG KONG PARKVIEW,陽明山莊,False
5674,2012-06-20,"PARKVIEW RISE(Block 6,HONG KONG PARKVIEW),TAI TAM RESERVOIR RD|陽明山莊,6座(凌雲閣),大潭水塘道",12717.045784461801,2722,2199,"{'bay_window': '', 'flat_roof': '', 'roof': '', 'ac_platform': '', 'plant_room': '', 'garden': '', 'yard': ''}",46.88,44.7481,21319,20349.295134151886,12071900720168,3762175,PRE-ASP,HRB,淺水灣/壽臣山,1988/12,1988,38,43,12.0,6,blank,HONG KONG PARKVIEW,陽明山莊,True
5676,2012-07-03,"PARKVIEW SUITE(Block 4,HONG KONG PARKVIEW),TAI TAM RESERVOIR RD|陽明山莊,4座(陽明居),大潭水塘道",13484.464279878306,1857,1541,"{'bay_window': '', 'flat_roof': '', 'roof': '', 'ac_platform': '', 'plant_room': '', 'garden': '', 'yard': ''}",36.0,33.6639,23361,21845.489941596366,12072001540013,3763268,ASP,HRB,淺水灣/壽臣山,1989/05,1989,37,29,23.0,4,blank,HONG KONG PARKVIEW,陽明山莊,True
5680,2012-07-20,"PARKVIEW SUITE(Block 4,HONG KONG PARKVIEW),TAI TAM RESERVOIR RD|陽明山莊,4座(陽明居),大潭水塘道",9660.008600961213,2105,1747,"{'bay_window': '', 'flat_roof': '', 'roof': '', 'ac_platform': '', 'plant_room': '', 'garden': '', 'yard': ''}",29.0,27.34,16600,15649.685174585004,12080700640060,3774789,ASP,HRB,淺水灣/壽臣山,1989/05,1989,37,31,16.0,4,blank,HONG KONG PARKVIEW,陽明山莊,True
5681,2012-08-02,"REPULSE BAY GARDEN(Block 12),BELLEVIEW DR|淺水灣新村12座,麗景道",14758.08677218452,1728,1459,"{'bay_window': '', 'flat_roof': '', 'roof': '', 'ac_platform': '', 'plant_room': '', 'garden': '', 'yard': ''}",37.62,35.0415,25785,24017.477724468816,12080900600017,3776717,ASP,HRB,淺水灣/壽臣山,1976/12,1976,50,whole floor,19.0,12,blank,REPULSE BAY GARDEN,淺水灣新村,True
5684,2012-07-23,"PINE CREST,REPULSE BAY RD|松苑,淺水灣道",21708.24818906654,2250,1862,"{'bay_window': '', 'flat_roof': '', 'roof': '', 'ac_platform': '', 'plant_room': '', 'garden': '', 'yard': ''}",69.2,65.4836,37164,35168.42105263157,12081501610033,3780509,PRE-ASP,HRB,淺水灣/壽臣山,1982/11,1982,44,B,10.0,blank,blank,blank,,True
5686,2012-07-23,"SOUTH BAY PALACE(Block 1),SOUTH BAY CLOSE|南灣御苑1座,南灣坊",11985.457448260639,0,1903,"{'bay_window': '', 'flat_roof': '', 'roof': '', 'ac_platform': '', 'plant_room': '', 'garden': '', 'yard': ''}",39.0,36.9506,20494,19417.025748817658,12081701180145,3782511,ASP,HRB,淺水灣/壽臣山,2000/01,2000,26,A,7.0,1,blank,SOUTH BAY PALACE,南灣御苑,True
5687,2012-07-23,"PARKVIEW RISE(Block 7,HONG KONG PARKVIEW),TAI TAM RESERVOIR RD|陽明山莊,7座(凌雲閣),大潭水塘道",11769.978889937782,1860,1466,"{'bay_window': '', 'flat_roof': '', 'roof': '', 'ac_platform': '', 'plant_room': '', 'garden': '', 'yard': ''}",30.0,27.9536,20464,19067.93997271487,12081701960155,3782540,PRO-ASP,HRB,淺水灣/壽臣山,1988/12,1988,38,47,3.0,7,blank,HONG KONG PARKVIEW,陽明山莊,True
5688,2012-08-13,"37 REPULSE BAY RD(Block 3),REPULSE BAY RD|淺水灣道 37號3座,淺水灣道",16732.346981677932,1740,1289,"{'bay_window': '44', 'flat_roof': '', 'roof': '', 'ac_platform': '', 'plant_room': '', 'garden': '', 'yard': ''}",35.1,35.1,27230,27230.411171450738,12082201830028,3784715,ASP,HRB,淺水灣/壽臣山,1994/02,1994,32,B,16.0,3,blank,37 REPULSE BAY RD,淺水灣道 37號,False
5689,2012-08-21,"PARKVIEW SUITE(Block 3,HONG KONG PARKVIEW),TAI TAM RESERVOIR RD|陽明山莊,3座(陽明居),大潭水塘道",10396.55188531871,1235,1012,"{'bay_window': '', 'flat_roof': '', 'roof': '', 'ac_platform': '', 'plant_room': '', 'garden': '', 'yard': ''}",19.0,17.1225,18775,16919.466403162056,12082700820043,3788437,ASP,HRB,淺水灣/壽臣山,1989/05,1989,37,25,6.0,3,blank,HONG KONG PARKVIEW,陽明山莊,True
5692,2012-08-20,"RUBY COURT(Block 2),SOUTH BAY RD|嘉麟閣2座,南灣道",12743.039798919608,1780,1517,"{'bay_window': '50', 'flat_roof': '', 'roof': '', 'ac_platform': '', 'plant_room': '', 'garden': '', 'yard': ''}",33.68,31.4598,22202,20738.16743572841,12091002110044,3798120,ASP,HRB,淺水灣/壽臣山,1987/05,1987,39,B,8.0,2,blank,RUBY COURT,嘉麟閣,True
5693,2012-08-18,"PARKVIEW RISE(Block 6,HONG KONG PARKVIEW),TAI TAM RESERVOIR RD|陽明山莊,6座(凌雲閣),大潭水塘道",12930.866112750622,2722,2199,"{'bay_window': '', 'flat_roof': '', 'roof': '', 'ac_platform': '', 'plant_room': '', 'garden': '', 'yard': ''}",48.48,46.2754,22046,21043.838108231015,12091301180012,3801284,PRE-ASP,HRB,淺水灣/壽臣山,1988/12,1988,38,43,8.0,6,blank,HONG KONG PARKVIEW,陽明山莊,True
5695,2012-09-05,"SOUTH BAY PALACE(Block 1),SOUTH BAY CLOSE|南灣御苑1座,南灣坊",11163.837245557525,0,1905,"{'bay_window': '', 'flat_roof': '', 'roof': '', 'ac_platform': '', 'plant_room': '', 'garden': '', 'yard': ''}",37.68,35.702,19780,18741.207349081364,12091901270018,3805956,ASP,HRB,淺水灣/壽臣山,2000/01,2000,26,A,3.0,1,blank,SOUTH BAY PALACE,南灣御苑,True
5696,2012-08-22,"PARKVIEW SUITE(Block 5,HONG KONG PARKVIEW),TAI TAM RESERVOIR RD|陽明山莊,5座(陽明居),大潭水塘道",10210.246077166621,1312,1051,"{'bay_window': '', 'flat_roof': '', 'roof': '', 'ac_platform': '', 'plant_room': '', 'garden': '', 'yard': ''}",19.3,17.4637,18363,16616.2702188392,12092001950078,3807129,PRO-ASP,HRB,淺水灣/壽臣山,1989/05,1989,37,39,9.0,5,blank,HONG KONG PARKVIEW,陽明山莊,True
5697,2012-08-31,"SPLENDOUR VILLA,SOUTH BAY RD|雅景閣,南灣道",20697.0573583915,0,1272,"{'bay_window': '', 'flat_roof': '', 'roof': '', 'ac_platform': '', 'plant_room': '', 'garden': '', 'yard': ''}",46.5,42.8443,36557,33682.625786163524,12092002200016,3806882,PRO-ASP,HRB,淺水灣/壽臣山,1993/08,1993,33,F,3.0,blank,blank,blank,,True
5700,2012-09-17,"RIDGE COURT,REPULSE BAY RD|冠園,淺水灣道",14549.961776591177,0,1880,"{'bay_window': '', 'flat_roof': '', 'roof': '', 'ac_platform': '', 'plant_room': '', 'garden': '', 'yard': ''}",48.5,45.9202,25798,24425.63829787234,12100400670068,3816281,PRO-ASP,HRB,淺水灣/壽臣山,1962/08,1962,64,D,7.0,blank,blank,blank,,True
5701,2012-09-21,"37 REPULSE BAY RD(Block 3),REPULSE BAY RD|淺水灣道 37號3座,淺水灣道",13507.573559454982,1220,882,"{'bay_window': '56', 'flat_roof': '', 'roof': '', 'ac_platform': '', 'plant_room': '', 'garden': '', 'yard': ''}",20.0,20.0,22676,22675.736961451246,12100402430024,3815789,ASP,HRB,淺水灣/壽臣山,1994/02,1994,32,A,3.0,3,blank,37 REPULSE BAY RD,淺水灣道 37號,False
5702,2012-09-24,"SOUTH BAY GARDEN(Block B),SOUTH BAY CLOSE|南灣花園B座,南灣坊",9874.61128186381,1542,1296,"{'bay_window': '', 'flat_roof': '', 'roof': '', 'ac_platform': '', 'plant_room': '', 'garden': '', 'yard': ''}",23.28,21.4837,17963,16576.929012345678,12100901220067,3820168,ASP,HRB,淺水灣/壽臣山,1985/09,1985,41,2,3.0,B,blank,SOUTH BAY GARDEN,南灣花園,True
5705,2012-10-04,"PARKVIEW SUITE(Block 5,HONG KONG PARKVIEW),TAI TAM RESERVOIR RD|陽明山莊,5座(陽明居),大潭水塘道",9656.943154483064,1312,1051,"{'bay_window': '', 'flat_roof': '', 'roof': '', 'ac_platform': '', 'plant_room': '', 'garden': '', 'yard': ''}",17.5,17.5,16651,16650.80875356803,12101700380180,3827284,ASP,HRB,淺水灣/壽臣山,1989/05,1989,37,39,18.0,5,blank,HONG KONG PARKVIEW,陽明山莊,False
5706,2012-09-19,"PARKVIEW RISE(Block 6,HONG KONG PARKVIEW),TAI TAM RESERVOIR RD|陽明山莊,6座(凌雲閣),大潭水塘道",14040.344877836615,2722,2199,"{'bay_window': '', 'flat_roof': '', 'roof': '', 'ac_platform': '', 'plant_room': '', 'garden': '', 'yard': ''}",54.3,51.8307,24693,23570.12278308322,12101800980018,3829759,PRE-ASP,HRB,淺水灣/壽臣山,1988/12,1988,38,43,18.0,6,blank,HONG KONG PARKVIEW,陽明山莊,True
5707,2012-09-21,"PARKVIEW SUITE(Block 3,HONG KONG PARKVIEW),TAI TAM RESERVOIR RD|陽明山莊,3座(陽明居),大潭水塘道",9701.798538039773,1275,994,"{'bay_window': '', 'flat_roof': '', 'roof': '', 'ac_platform': '', 'plant_room': '', 'garden': '', 'yard': ''}",18.0,16.1891,18109,16286.82092555332,12101902290534,3831513,ASP,HRB,淺水灣/壽臣山,1989/05,1989,37,27,19.0,3,blank,HONG KONG PARKVIEW,陽明山莊,True
5708,2012-09-28,"REPULSE BAY GARDEN(Block 3),BELLEVIEW DR|淺水灣新村3座,麗景道",3274.2423144471963,2810,2625,"{'bay_window': '', 'flat_roof': '', 'roof': '', 'ac_platform': '', 'plant_room': '', 'garden': '', 'yard': ''}",15.0,14.4286,5714,5496.609523809524,12102502160017,3835674,ASP,HRB,淺水灣/壽臣山,1973/11,1973,53,whole floor,15.0,3,blank,REPULSE BAY GARDEN,淺水灣新村,True
5711,2012-10-05,"RUBY COURT(Block 2),SOUTH BAY RD|嘉麟閣2座,南灣道",13391.650379915605,1780,1517,"{'bay_window': '50', 'flat_roof': '', 'roof': '', 'ac_platform': '', 'plant_room': '', 'garden': '', 'yard': ''}",37.5,35.028,24720,23090.309822017138,12102902290038,3838159,PRE-ASP,HRB,淺水灣/壽臣山,1987/05,1987,39,A,10.0,2,blank,RUBY COURT,嘉麟閣,True
5712,2012-10-10,"PARKVIEW SUITE(Block 3,HONG KONG PARKVIEW),TAI TAM RESERVOIR RD|陽明山莊,3座(陽明居),大潭水塘道",11409.214713287154,1290,976,"{'bay_window': '', 'flat_roof': '', 'roof': '', 'ac_platform': '', 'plant_room': '', 'garden': '', 'yard': ''}",19.2,19.2,19672,19672.131147540982,12110201470012,3842048,PRE-ASP,HRB,淺水灣/壽臣山,1989/05,1989,37,21,11.0,3,blank,HONG KONG PARKVIEW,陽明山莊,False
5717,2012-10-13,"37 REPULSE BAY RD(Block 1),REPULSE BAY RD|淺水灣道 37號1座,淺水灣道",16186.203051902203,1745,1289,"{'bay_window': '44', 'flat_roof': '', 'roof': '', 'ac_platform': '', 'plant_room': '', 'garden': '', 'yard': ''}",39.0,35.9744,30256,27908.76648564779,12110601630012,3845551,PRO-ASP,HRB,淺水灣/壽臣山,1994/02,1994,32,B,3.0,1,blank,37 REPULSE BAY RD,淺水灣道 37號,True
5718,2012-10-14,"MING WAI GARDEN,REPULSE BAY RD|明慧園,淺水灣道",17032.996299767605,0,1630,"{'bay_window': '', 'flat_roof': '', 'roof': '', 'ac_platform': '', 'plant_room': '', 'garden': '', 'yard': ''}",51.0,47.8712,31288,29368.83435582822,12110601730032,3845558,PRO-ASP,HRB,淺水灣/壽臣山,1973/12,1973,53,B,18.0,blank,blank,blank,,True
5719,2012-10-22,"PARKVIEW RISE(Block 8,HONG KONG PARKVIEW),TAI TAM RESERVOIR RD|陽明山莊,8座(凌雲閣),大潭水塘道",11338.094792484968,2366,1915,"{'bay_window': '', 'flat_roof': '', 'roof': '', 'ac_platform': '', 'plant_room': '', 'garden': '', 'yard': ''}",39.5,37.4373,20627,19549.503916449084,12110601840067,3845570,ASP,HRB,淺水灣/壽臣山,1988/08,1988,38,53,15.0,8,blank,HONG KONG PARKVIEW,陽明山莊,True
5720,2012-10-24,"PARKVIEW SUITE(Block 5,HONG KONG PARKVIEW),TAI TAM RESERVOIR RD|陽明山莊,5座(陽明居),大潭水塘道",10329.226002058875,1263,1012,"{'bay_window': '', 'flat_roof': '', 'roof': '', 'ac_platform': '', 'plant_room': '', 'garden': '', 'yard': ''}",20.0,18.0237,19763,17809.980237154152,12110602120070,3845286,ASP,HRB,淺水灣/壽臣山,1989/05,1989,37,37,7.0,5,blank,HONG KONG PARKVIEW,陽明山莊,True
5721,2012-11-01,"PARKVIEW SUITE(Block 3,HONG KONG PARKVIEW),TAI TAM RESERVOIR RD|陽明山莊,3座(陽明居),大潭水塘道",9755.034072978513,1275,994,"{'bay_window': '', 'flat_roof': '', 'roof': '', 'ac_platform': '', 'plant_room': '', 'garden': '', 'yard': ''}",18.93,17.0256,19044,17128.37022132797,12110700050026,3846749,ASP,HRB,淺水灣/壽臣山,1989/05,1989,37,27,1.0,3,blank,HONG KONG PARKVIEW,陽明山莊,True
5723,2012-10-15,"PINE CREST,REPULSE BAY RD|松苑,淺水灣道",16358.504380497703,2250,1862,"{'bay_window': '', 'flat_roof': '', 'roof': '', 'ac_platform': '', 'plant_room': '', 'garden': '', 'yard': ''}",55.5,52.5193,29807,28205.853920515576,12110901060012,3849339,PRE-ASP,HRB,淺水灣/壽臣山,1982/11,1982,44,B,2.0,blank,blank,blank,,True
5724,2012-10-18,"CELESTIAL GARDEN,REPULSE BAY RD|詩禮花園,淺水灣道",15090.630947581141,0,1970,"{'bay_window': '', 'flat_roof': '', 'roof': '', 'ac_platform': '', 'plant_room': '', 'garden': '', 'yard': ''}",54.0,51.2589,27411,26019.746192893403,12110901420303,3849364,PRO-ASP,HRB,淺水灣/壽臣山,1978/09,1978,48,A,20.0,blank,blank,blank,,True
5731,2012-11-07,"REPULSE BAY GARDEN(Block 5),BELLEVIEW DR|淺水灣新村5座,麗景道",5142.486334318055,2288,2110,"{'bay_window': '', 'flat_roof': '', 'roof': '', 'ac_platform': '', 'plant_room': '', 'garden': '', 'yard': ''}",20.0,19.0521,9479,9029.431279620852,12111901800027,3856531,MEM-ASP,HRB,淺水灣/壽臣山,1973/11,1973,53,whole floor,14.0,5,blank,REPULSE BAY GARDEN,淺水灣新村,True
5735,2012-11-09,"SOUTH BAY TOWERS,SOUTH BAY RD|南灣大廈,南灣道",10441.108239967492,1433,1145,"{'bay_window': '', 'flat_roof': '', 'roof': '', 'ac_platform': '', 'plant_room': '', 'garden': '', 'yard': ''}",23.0,20.9913,20087,18333.01310043668,12120701850017,3874080,ASP,HRB,淺水灣/壽臣山,1984/11,1984,42,D,23.0,blank,blank,blank,,True
5736,2012-11-09,"SOUTH BAY TOWERS,SOUTH BAY RD|南灣大廈,南灣道",13751.465872287952,2738,2090,"{'bay_window': '107', 'flat_roof': '', 'roof': '', 'ac_platform': '', 'plant_room': '', 'garden': '', 'yard': ''}",53.0,50.4641,25359,24145.502392344497,12120701850029,3874081,ASP,HRB,淺水灣/壽臣山,1984/11,1984,42,C,23.0,blank,blank,blank,,True
5738,2012-12-06,"PARKVIEW RISE(Block 7,HONG KONG PARKVIEW),TAI TAM RESERVOIR RD|陽明山莊,7座(凌雲閣),大潭水塘道",11328.24385984916,1924,1517,"{'bay_window': '', 'flat_roof': '', 'roof': '', 'ac_platform': '', 'plant_room': '', 'garden': '', 'yard': ''}",31.8,29.7038,20962,19580.61964403428,12121800720052,3882452,ASP,HRB,淺水灣/壽臣山,1988/12,1988,38,51,6.0,7,blank,HONG KONG PARKVIEW,陽明山莊,True
5739,2012-12-06,"PARKVIEW CORNER(Block 18,HONG KONG PARKVIEW),TAI TAM RESERVOIR RD|陽明山莊,18座(眺景台),大潭水塘道",10787.334677505243,2570,2067,"{'bay_window': '', 'flat_roof': '', 'roof': '', 'ac_platform': '', 'plant_room': '', 'garden': '', 'yard': ''}",40.5,38.5406,19594,18645.67005321722,12122801680021,3889403,PRE-ASP,HRB,淺水灣/壽臣山,1989/05,1989,37,95,19.0,18,blank,HONG KONG PARKVIEW,陽明山莊,True
5741,2012-12-13,"PINE CREST,REPULSE BAY RD|松苑,淺水灣道",18082.47300702234,2250,1862,"{'bay_window': '', 'flat_roof': '', 'roof': '', 'ac_platform': '', 'plant_room': '', 'garden': '', 'yard': ''}",61.5,58.1971,33029,31255.15574650913,13010300840033,3893435,ASP,HRB,淺水灣/壽臣山,1982/11,1982,44,B,7.0,blank,blank,blank,,True
5743,2013-01-11,"PARKVIEW CRESCENT(Block 10,HONG KONG PARKVIEW),TAI TAM RESERVOIR RD|陽明山莊,10座(環翠軒),大潭水塘道",10909.959384783984,2771,2342,"{'bay_window': '', 'flat_roof': '', 'roof': '', 'ac_platform': '', 'plant_room': '', 'garden': '', 'yard': ''}",47.5,45.4718,20282,19415.798462852264,13012100600102,3908098,ASP,HRB,淺水灣/壽臣山,1988/08,1988,38,63,12.0,10,blank,HONG KONG PARKVIEW,陽明山莊,True
5744,2013-01-07,"PARKVIEW SUITE(Block 5,HONG KONG PARKVIEW),TAI TAM RESERVOIR RD|陽明山莊,5座(陽明居),大潭水塘道",9270.621228226611,1299,1041,"{'bay_window': '', 'flat_roof': '', 'roof': '', 'ac_platform': '', 'plant_room': '', 'garden': '', 'yard': ''}",19.0,17.1748,18252,16498.366954851106,13012401580015,3911349,ASP,HRB,淺水灣/壽臣山,1989/05,1989,37,35,19.0,5,blank,HONG KONG PARKVIEW,陽明山莊,True
5745,2013-01-22,"PARKVIEW SUITE(Block 3,HONG KONG PARKVIEW),TAI TAM RESERVOIR RD|陽明山莊,3座(陽明居),大潭水塘道",10066.920549333106,1275,994,"{'bay_window': '', 'flat_roof': '', 'roof': '', 'ac_platform': '', 'plant_room': '', 'garden': '', 'yard': ''}",19.8,17.808,19920,17915.49295774648,13012801620011,3913655,ASP,HRB,淺水灣/壽臣山,1989/05,1989,37,27,21.0,3,blank,HONG KONG PARKVIEW,陽明山莊,True
5746,2013-01-17,"PARKVIEW RISE(Block 6,HONG KONG PARKVIEW),TAI TAM RESERVOIR RD|陽明山莊,6座(凌雲閣),大潭水塘道",11535.420028612945,2583,2087,"{'bay_window': '', 'flat_roof': '', 'roof': '', 'ac_platform': '', 'plant_room': '', 'garden': '', 'yard': ''}",45.0,42.8438,21562,20528.893148059415,13013100210201,3916702,ASP,HRB,淺水灣/壽臣山,1988/12,1988,38,45,6.0,6,blank,HONG KONG PARKVIEW,陽明山莊,True
5748,2013-02-05,"GRAND GARDEN(Block 2),SOUTH BAY RD|華景園2座,南灣道",12152.011491509884,1463,1124,"{'bay_window': '33', 'flat_roof': '', 'roof': '', 'ac_platform': '', 'plant_room': '', 'garden': '', 'yard': ''}",27.28,24.853,24270,22111.20996441281,13020801820055,3924414,ASP,HRB,淺水灣/壽臣山,1986/12,1986,40,B,26.0,2,blank,GRAND GARDEN,華景園,True
5749,2013-01-23,"RIDGE COURT,REPULSE BAY RD|冠園,淺水灣道",11461.110492317315,0,1880,"{'bay_window': '', 'flat_roof': '', 'roof': '', 'ac_platform': '', 'plant_room': '', 'garden': '', 'yard': ''}",40.5,38.3457,21543,20396.64893617021,13020801900044,3924426,ASP,HRB,淺水灣/壽臣山,1962/08,1962,64,D,1.0,blank,blank,blank,,True
5750,2013-01-31,"PARKVIEW HEIGHTS(Block 13,HONG KONG PARKVIEW),TAI TAM RESERVOIR RD|陽明山莊,13座(摘星樓),大潭水塘道",10399.394372690816,2700,2327,"{'bay_window': '', 'flat_roof': '', 'roof': '', 'ac_platform': '', 'plant_room': '', 'garden': '', 'yard': ''}",45.0,43.0662,19338,18507.17662226042,13021400840018,3925627,ASP,HRB,淺水灣/壽臣山,1988/08,1988,38,73,3.0,13,blank,HONG KONG PARKVIEW,陽明山莊,True
5752,2013-01-31,"RUBY COURT(Block 2),SOUTH BAY RD|嘉麟閣2座,南灣道",11244.748125053826,1780,1517,"{'bay_window': '50', 'flat_roof': '', 'roof': '', 'ac_platform': '', 'plant_room': '', 'garden': '', 'yard': ''}",32.5,30.3576,21424,20011.601845748188,13022101970147,3931796,ASP,HRB,淺水灣/壽臣山,1987/05,1987,39,B,1.0,2,blank,RUBY COURT,嘉麟閣,True
5754,2013-02-06,"THE BEACHSIDE(Block A),REPULSE BAY RD|THE BEACHSIDEA座,淺水灣道",10240.672431618666,929,688,"{'bay_window': '20', 'flat_roof': '', 'roof': '', 'ac_platform': '', 'plant_room': '', 'garden': '', 'yard': ''}",15.0,12.8198,21802,18633.43023255814,13022501140014,3934574,ASP,HRB,淺水灣/壽臣山,1993/12,1993,33,F,2.0,A,blank,THE BEACHSIDE,THE BEACHSIDE,True
5755,2013-02-06,"REPULSE BAY GARDEN(Block 7),BELLEVIEW DR|淺水灣新村7座,麗景道",12406.1356245649,2288,2110,"{'bay_window': '', 'flat_roof': '', 'roof': '', 'ac_platform': '', 'plant_room': '', 'garden': '', 'yard': ''}",50.0,47.6303,23697,22573.6018957346,13022501140045,3934575,ASP,HRB,淺水灣/壽臣山,1973/11,1973,53,whole floor,8.0,7,blank,REPULSE BAY GARDEN,淺水灣新村,True
5756,2013-02-06,"PARKVIEW RISE(Block 7,HONG KONG PARKVIEW),TAI TAM RESERVOIR RD|陽明山莊,7座(凌雲閣),大潭水塘道",10331.416961620826,2092,1649,"{'bay_window': '', 'flat_roof': '', 'roof': '', 'ac_platform': '', 'plant_room': '', 'garden': '', 'yard': ''}",33.0,30.9988,20012,18798.544572468163,13022802310019,3938536,PRE-ASP,HRB,淺水灣/壽臣山,1988/12,1988,38,49,11.0,7,blank,HONG KONG PARKVIEW,陽明山莊,True
5757,2013-02-06,"PARKVIEW HEIGHTS(Block 13,HONG KONG PARKVIEW),TAI TAM RESERVOIR RD|陽明山莊,13座(摘星樓),大潭水塘道",11301.420143683608,2700,2327,"{'bay_window': '', 'flat_roof': '', 'roof': '', 'ac_platform': '', 'plant_room': '', 'garden': '', 'yard': ''}",50.0,47.8513,21487,20563.515255694027,13022802310021,3938537,PRE-ASP,HRB,淺水灣/壽臣山,1988/08,1988,38,75,15.0,13,blank,HONG KONG PARKVIEW,陽明山莊,True
5758,2013-02-18,"SOUTH BAY TOWERS,SOUTH BAY RD|南灣大廈,南灣道",10776.445529963765,1433,1145,"{'bay_window': '', 'flat_roof': '', 'roof': '', 'ac_platform': '', 'plant_room': '', 'garden': '', 'yard': ''}",24.6,22.451500000000003,21485,19608.296943231446,13030602230110,3942339,ASP,HRB,淺水灣/壽臣山,1984/11,1984,42,D,15.0,blank,blank,blank,,True
5762,2013-03-12,"THE BEACHSIDE(Block A),REPULSE BAY RD|THE BEACHSIDEA座,淺水灣道",12334.498915074533,1161,886,"{'bay_window': '', 'flat_roof': '', 'roof': '', 'ac_platform': '', 'plant_room': '243', 'garden': '', 'yard': ''}",22.8,20.2266,25734,22829.119638826185,13032600860201,3955027,ASP,HRB,淺水灣/壽臣山,1993/12,1993,33,B,1.0,A,blank,THE BEACHSIDE,THE BEACHSIDE,True
5763,2013-03-15,"PARKVIEW HEIGHTS(Block 13,HONG KONG PARKVIEW),TAI TAM RESERVOIR RD|陽明山莊,13座(摘星樓),大潭水塘道",10266.009555168872,2700,2327,"{'bay_window': '', 'flat_roof': '', 'roof': '', 'ac_platform': '', 'plant_room': '', 'garden': '', 'yard': ''}",46.2,44.2146,19854,19000.68758057585,13032601740013,3955043,ASP,HRB,淺水灣/壽臣山,1988/08,1988,38,73,8.0,13,blank,HONG KONG PARKVIEW,陽明山莊,True
5764,2013-03-08,"GROSVENOR PLACE,REPULSE BAY RD|GROSVENOR PLACE,淺水灣道",25908.94253476253,2809,2191,"{'bay_window': '', 'flat_roof': '', 'roof': '', 'ac_platform': '', 'plant_room': '', 'garden': '', 'yard': ''}",110.09,105.0654,50246,47953.172067549065,13032702300044,3955961,ASP,HRB,淺水灣/壽臣山,2003/09,2003,23,whole floor,23.0,blank,blank,blank,,True
5768,2013-05-21,"PARKVIEW SUITE(Block 3,HONG KONG PARKVIEW),TAI TAM RESERVOIR RD|陽明山莊,3座(陽明居),大潭水塘道",9699.333768537319,1235,1012,"{'bay_window': '', 'flat_roof': '', 'roof': '', 'ac_platform': '', 'plant_room': '', 'garden': '', 'yard': ''}",19.8,17.843500000000002,19565,17631.916996047436,13052701100018,3984149,ASP,HRB,淺水灣/壽臣山,1989/05,1989,37,25,3.0,3,blank,HONG KONG PARKVIEW,陽明山莊,True
5769,2013-05-08,"GRAND GARDEN(Block 2),SOUTH BAY RD|華景園2座,南灣道",12885.650714507376,1820,1395,"{'bay_window': '46', 'flat_roof': '', 'roof': '', 'ac_platform': '', 'plant_room': '', 'garden': '', 'yard': ''}",35.2,32.676700000000004,25233,23424.157706093192,13053100430108,3986615,PRE-ASP,HRB,淺水灣/壽臣山,1986/12,1986,40,A,23.0,2,blank,GRAND GARDEN,華景園,True
5770,2013-05-27,"THE BEACHSIDE(Block A),REPULSE BAY RD|THE BEACHSIDEA座,淺水灣道",13725.90933205445,1135,864,"{'bay_window': '11', 'flat_roof': '', 'roof': '', 'ac_platform': '', 'plant_room': '386', 'garden': '', 'yard': ''}",24.38,21.5582,28218,24951.62037037037,13053100660054,3986627,ASP,HRB,淺水灣/壽臣山,1993/12,1993,33,A,1.0,A,blank,THE BEACHSIDE,THE BEACHSIDE,True
5771,2013-06-03,"3 REPULSE BAY RD,REPULSE BAY RD|淺水灣三號,淺水灣道",18858.601412931683,2078,1741,"{'bay_window': '', 'flat_roof': '', 'roof': '', 'ac_platform': '', 'plant_room': '', 'garden': '', 'yard': ''}",63.28,59.6453,36347,34259.21883974727,13061902260554,3994529,ASP,HRB,淺水灣/壽臣山,1997/07,1997,29,B,16.0,blank,blank,blank,,True
5774,2013-06-05,"PARKVIEW SUITE(Block 3,HONG KONG PARKVIEW),TAI TAM RESERVOIR RD|陽明山莊,3座(陽明居),大潭水塘道",9705.80492012197,1235,1012,"{'bay_window': '', 'flat_roof': '', 'roof': '', 'ac_platform': '', 'plant_room': '', 'garden': '', 'yard': ''}",19.8,17.843500000000002,19565,17631.916996047436,13062602510161,3998356,ASP,HRB,淺水灣/壽臣山,1989/05,1989,37,25,9.0,3,blank,HONG KONG PARKVIEW,陽明山莊,True
5775,2013-06-13,"37 REPULSE BAY RD(Block 2),REPULSE BAY RD|淺水灣道 37號2座,淺水灣道",14160.754703979517,1680,1255,"{'bay_window': '44', 'flat_roof': '', 'roof': '', 'ac_platform': '', 'plant_room': '', 'garden': '', 'yard': ''}",35.08,32.2848,27952,25724.940239043823,13062802160019,3999971,ASP,HRB,淺水灣/壽臣山,1994/02,1994,32,B,15.0,2,blank,37 REPULSE BAY RD,淺水灣道 37號,True
5779,2013-07-09,"37 REPULSE BAY RD(Block 1),REPULSE BAY RD|淺水灣道 37號1座,淺水灣道",14897.26205837275,1745,1289,"{'bay_window': '44', 'flat_roof': '', 'roof': '', 'ac_platform': '', 'plant_room': '', 'garden': '', 'yard': ''}",37.5,34.5908,29092,26835.376260667184,13080201530043,4015413,PRO-ASP,HRB,淺水灣/壽臣山,1994/02,1994,32,B,2.0,1,blank,37 REPULSE BAY RD,淺水灣道 37號,True
5781,2013-08-05,"PARKVIEW RISE(Block 8,HONG KONG PARKVIEW),TAI TAM RESERVOIR RD|陽明山莊,8座(凌雲閣),大潭水塘道",9145.903093451469,2366,1915,"{'bay_window': '', 'flat_roof': '', 'roof': '', 'ac_platform': '', 'plant_room': '', 'garden': '', 'yard': ''}",33.6,31.8454,17546,16629.451697127937,13081501830015,4019998,ASP,HRB,淺水灣/壽臣山,1988/08,1988,38,53,9.0,8,blank,HONG KONG PARKVIEW,陽明山莊,True
5782,2013-08-01,"MANHATTAN TOWER,REPULSE BAY RD|MANHATTAN TOWER,淺水灣道",17511.473037879663,2243,1999,"{'bay_window': '', 'flat_roof': '', 'roof': '', 'ac_platform': '', 'plant_room': '', 'garden': '', 'yard': ''}",67.0,63.6483,33517,31840.07003501751,13082800530014,4025655,ASP,HRB,淺水灣/壽臣山,1978/07,1978,48,A,9.0,blank,blank,blank,,True
5784,2013-09-02,"PARKVIEW SUITE(Block 4,HONG KONG PARKVIEW),TAI TAM RESERVOIR RD|陽明山莊,4座(陽明居),大潭水塘道",11157.448336559566,1903,1579,"{'bay_window': '', 'flat_roof': '', 'roof': '', 'ac_platform': '', 'plant_room': '', 'garden': '', 'yard': ''}",34.0,31.8467,21533,20168.90436985434,13091700290014,4034624,ASP,HRB,淺水灣/壽臣山,1989/05,1989,37,33,22.0,4,blank,HONG KONG PARKVIEW,陽明山莊,True
5785,2013-09-10,"3 REPULSE BAY RD,REPULSE BAY RD|淺水灣三號,淺水灣道",19617.1067861359,2078,1741,"{'bay_window': '9', 'flat_roof': '', 'roof': '', 'ac_platform': '', 'plant_room': '', 'garden': '20', 'yard': ''}",65.5,61.7378,37622,35461.114302125214,13101000560020,4045363,PRE-ASP,HRB,淺水灣/壽臣山,1997/07,1997,29,B,15.0,blank,blank,blank,,True
5787,2013-09-18,"TWIN BROOK,REPULSE BAY RD|雙溪,淺水灣道",16046.306521477018,2700,2440,"{'bay_window': '', 'flat_roof': '', 'roof': '', 'ac_platform': '', 'plant_room': '', 'garden': '', 'yard': ''}",73.8,70.77539999999999,30246,29006.31147540983,13101500890013,4046613,PRE-ASP,HRB,淺水灣/壽臣山,1974/04,1974,52,A,2.0,blank,blank,blank,,True
5790,2013-10-15,"PINE CREST,REPULSE BAY RD|松苑,淺水灣道",18312.36641086398,2250,1862,"{'bay_window': '', 'flat_roof': '', 'roof': '', 'ac_platform': '', 'plant_room': '', 'garden': '', 'yard': ''}",66.88,63.2882,35918,33989.36627282492,13102801560010,4051985,ASP,HRB,淺水灣/壽臣山,1982/11,1982,44,A,17.0,blank,blank,blank,,True
5791,2013-10-06,"BELGRAVIA,SOUTH BAY RD|BELGRAVIA,南灣道",16162.71024621637,2790,2222,"{'bay_window': '', 'flat_roof': '', 'roof': '', 'ac_platform': '', 'plant_room': '', 'garden': '', 'yard': ''}",69.8,66.6587,31413,29999.414941494146,13103000390032,4053105,PRO-ASP,HRB,淺水灣/壽臣山,1989/04,1989,37,B,12.0,blank,blank,blank,,True
5794,2013-11-13,"GRAND GARDEN(Block 2),SOUTH BAY RD|華景園2座,南灣道",12006.964851731964,1820,1395,"{'bay_window': '46', 'flat_roof': '', 'roof': '', 'ac_platform': '', 'plant_room': '', 'garden': '', 'yard': ''}",32.8,30.448699999999995,23513,21827.025089605733,13121001680091,4069750,PRO-ASP,HRB,淺水灣/壽臣山,1986/12,1986,40,A,20.0,2,blank,GRAND GARDEN,華景園,True
5795,2013-11-29,"RUBY COURT(Block 2),SOUTH BAY RD|嘉麟閣2座,南灣道",12758.788313178817,1780,1517,"{'bay_window': '50', 'flat_roof': '', 'roof': '', 'ac_platform': '', 'plant_room': '', 'garden': '', 'yard': ''}",37.668,35.1849,24831,23193.737640079104,13121301740104,4071386,ASP,HRB,淺水灣/壽臣山,1987/05,1987,39,A,19.0,2,blank,RUBY COURT,嘉麟閣,True
5796,2013-11-28,"REPULSE BAY GARDEN(Block 7),BELLEVIEW DR|淺水灣新村7座,麗景道",3377.617102534464,2288,2110,"{'bay_window': '', 'flat_roof': '', 'roof': '', 'ac_platform': '', 'plant_room': '', 'garden': '', 'yard': ''}",13.6,12.9555,6445,6140.047393364929,13121901230011,4073746,MEM-ASP,HRB,淺水灣/壽臣山,1973/11,1973,53,whole floor,19.0,7,blank,REPULSE BAY GARDEN,淺水灣新村,True
5797,2013-11-26,"SEA CLIFF MANSION(Block A),REPULSE BAY RD|海峰園A座,淺水灣道",13709.186655953301,0,1941,"{'bay_window': '', 'flat_roof': '', 'roof': '', 'ac_platform': '', 'plant_room': '', 'garden': '', 'yard': ''}",51.0,48.3725,26275,24921.432251416794,13122001980122,4074535,PRE-ASP,HRB,淺水灣/壽臣山,1964/05,1964,62,A1,1.0,A,blank,SEA CLIFF MANSION,海峰園,True
5800,2013-12-02,"PARKVIEW HEIGHTS(Block 13,HONG KONG PARKVIEW),TAI TAM RESERVOIR RD|陽明山莊,13座(摘星樓),大潭水塘道",10661.544415524735,2700,2327,"{'bay_window': '', 'flat_roof': '', 'roof': '', 'ac_platform': '', 'plant_room': '', 'garden': '', 'yard': ''}",48.0,45.9373,20627,19740.99699183498,13122302220018,4075547,ASP,HRB,淺水灣/壽臣山,1988/08,1988,38,75,16.0,13,blank,HONG KONG PARKVIEW,陽明山莊,True
5801,2013-12-10,"PARKVIEW RISE(Block 7,HONG KONG PARKVIEW),TAI TAM RESERVOIR RD|陽明山莊,7座(凌雲閣),大潭水塘道",10475.13887280285,1924,1517,"{'bay_window': '', 'flat_roof': '', 'roof': '', 'ac_platform': '', 'plant_room': '', 'garden': '', 'yard': ''}",31.5,29.4235,20765,19395.847066578775,13123000910015,4077946,ASP,HRB,淺水灣/壽臣山,1988/12,1988,38,51,1.0,7,blank,HONG KONG PARKVIEW,陽明山莊,True
5802,2013-12-18,"RUBY COURT(Block 2),SOUTH BAY RD|嘉麟閣2座,南灣道",11971.602540889226,1780,1517,"{'bay_window': '50', 'flat_roof': '', 'roof': '', 'ac_platform': '', 'plant_room': '', 'garden': '', 'yard': ''}",36.0,33.6269,23731,22166.710613052077,13123001710071,4078011,ASP,HRB,淺水灣/壽臣山,1987/05,1987,39,B,12.0,2,blank,RUBY COURT,嘉麟閣,True
5803,2013-12-12,"PARKVIEW SUITE(Block 3,HONG KONG PARKVIEW),TAI TAM RESERVOIR RD|陽明山莊,3座(陽明居),大潭水塘道",9968.903627568237,1235,1012,"{'bay_window': '', 'flat_roof': '', 'roof': '', 'ac_platform': '', 'plant_room': '', 'garden': '', 'yard': ''}",18.68,18.68,18458,18458.498023715416,14010300150011,4079605,PRE-ASP,HRB,淺水灣/壽臣山,1989/05,1989,37,25,16.0,3,blank,HONG KONG PARKVIEW,陽明山莊,False
5806,2013-12-30,"PARKVIEW SUITE(Block 5,HONG KONG PARKVIEW),TAI TAM RESERVOIR RD|陽明山莊,5座(陽明居),大潭水塘道",9522.490999920445,1263,1012,"{'bay_window': '', 'flat_roof': '', 'roof': '', 'ac_platform': '', 'plant_room': '', 'garden': '', 'yard': ''}",19.8,17.843500000000002,19565,17631.916996047436,14011002000017,4083903,ASP,HRB,淺水灣/壽臣山,1989/05,1989,37,37,5.0,5,blank,HONG KONG PARKVIEW,陽明山莊,True
5808,2014-01-07,"PARKVIEW RISE(Block 7,HONG KONG PARKVIEW),TAI TAM RESERVOIR RD|陽明山莊,7座(凌雲閣),大潭水塘道",10916.309314644725,2092,1649,"{'bay_window': '', 'flat_roof': '', 'roof': '', 'ac_platform': '', 'plant_room': '', 'garden': '', 'yard': ''}",32.5,32.5,19709,19708.914493632503,14012200620020,4088356,ASP,HRB,淺水灣/壽臣山,1988/12,1988,38,49,16.0,7,blank,HONG KONG PARKVIEW,陽明山莊,False
5809,2014-01-10,"56 REPULSE BAY RD,REPULSE BAY RD|淺水灣道56號,淺水灣道",22864.296951992954,2671,2131,"{'bay_window': '', 'flat_roof': '', 'roof': '', 'ac_platform': '', 'plant_room': '', 'garden': '', 'yard': ''}",92.3,87.9687,43313,41280.47864852182,14012300410013,4089372,ASP,HRB,淺水灣/壽臣山,1994/04,1994,32,31,0.0,blank,blank,blank,,True
5812,2014-02-06,"SPLENDOUR VILLA,SOUTH BAY RD|雅景閣,南灣道",13353.341078029633,0,1018,"{'bay_window': '', 'flat_roof': '', 'roof': '', 'ac_platform': '', 'plant_room': '', 'garden': '', 'yard': ''}",27.0,24.3477,26523,23917.190569744598,14021402550040,4097431,ASP,HRB,淺水灣/壽臣山,1993/08,1993,33,A,0.0,blank,blank,blank,,True
5813,2014-01-27,"SEA CLIFF MANSION(Block B),REPULSE BAY RD|海峰園B座,淺水灣道",14074.062188813381,0,1941,"{'bay_window': '', 'flat_roof': '', 'roof': '', 'ac_platform': '', 'plant_room': '', 'garden': '', 'yard': ''}",52.0,49.321,26790,25410.09788768676,14021901860027,4099456,PRE-ASP,HRB,淺水灣/壽臣山,1964/05,1964,62,B1,6.0,B,blank,SEA CLIFF MANSION,海峰園,True
5814,2014-01-28,"PARKVIEW SUITE(Block 3,HONG KONG PARKVIEW),TAI TAM RESERVOIR RD|陽明山莊,3座(陽明居),大潭水塘道",8853.435093047668,1235,1012,"{'bay_window': '', 'flat_roof': '', 'roof': '', 'ac_platform': '', 'plant_room': '', 'garden': '', 'yard': ''}",17.95,16.176299999999998,17737,15984.486166007904,14022502240010,4102132,PRO-ASP,HRB,淺水灣/壽臣山,1989/05,1989,37,25,6.0,3,blank,HONG KONG PARKVIEW,陽明山莊,True
5818,2014-03-27,"37 REPULSE BAY RD(Block 2),REPULSE BAY RD|淺水灣道 37號2座,淺水灣道",14533.756905007382,1635,1236,"{'bay_window': '32', 'flat_roof': '', 'roof': '', 'ac_platform': '', 'plant_room': '', 'garden': '', 'yard': ''}",35.92,33.0139,29061,26710.275080906147,14040202070015,4116660,ASP,HRB,淺水灣/壽臣山,1994/02,1994,32,A,9.0,2,blank,37 REPULSE BAY RD,淺水灣道 37號,True
5819,2014-03-18,"PARKVIEW TERR(Block 12,HONG KONG PARKVIEW),TAI TAM RESERVOIR RD|陽明山莊,12座(涵碧苑),大潭水塘道",11231.983223724576,2700,2308,"{'bay_window': '', 'flat_roof': '', 'roof': '', 'ac_platform': '', 'plant_room': '', 'garden': '', 'yard': ''}",49.8,47.6423,21577,20642.24436741768,14041001550021,4120475,PRE-ASP,HRB,淺水灣/壽臣山,1988/08,1988,38,69,15.0,12,blank,HONG KONG PARKVIEW,陽明山莊,True
5820,2014-03-27,"PARKVIEW RISE(Block 6,HONG KONG PARKVIEW),TAI TAM RESERVOIR RD|陽明山莊,6座(凌雲閣),大潭水塘道",12470.830011027103,2722,2199,"{'bay_window': '', 'flat_roof': '', 'roof': '', 'ac_platform': '', 'plant_room': '', 'garden': '', 'yard': ''}",52.8,50.3989,24011,22919.008640291042,14041100620036,4121207,ASP,HRB,淺水灣/壽臣山,1988/12,1988,38,43,9.0,6,blank,HONG KONG PARKVIEW,陽明山莊,True
5825,2014-03-31,"PARKVIEW HEIGHTS(Block 13,HONG KONG PARKVIEW),TAI TAM RESERVOIR RD|陽明山莊,13座(摘星樓),大潭水塘道",10522.420702974916,2700,2327,"{'bay_window': '', 'flat_roof': '', 'roof': '', 'ac_platform': '', 'plant_room': '', 'garden': '', 'yard': ''}",45.0,45.0,19338,19338.203695745597,14042900330202,4127464,ASP,HRB,淺水灣/壽臣山,1988/08,1988,38,73,10.0,13,blank,HONG KONG PARKVIEW,陽明山莊,False
5827,2014-04-22,"RUBY COURT(Block 2),SOUTH BAY RD|嘉麟閣2座,南灣道",11400.056205272693,1780,1517,"{'bay_window': '50', 'flat_roof': '', 'roof': '', 'ac_platform': '', 'plant_room': '', 'garden': '', 'yard': ''}",33.0,30.8247,21753,20319.51219512195,14051401780026,4134692,ASP,HRB,淺水灣/壽臣山,1987/05,1987,39,B,3.0,2,blank,RUBY COURT,嘉麟閣,True
5829,2014-04-24,"SOUTH BAY TOWERS,SOUTH BAY RD|南灣大廈,南灣道",10172.72635809658,2738,2090,"{'bay_window': '107', 'flat_roof': '', 'roof': '', 'ac_platform': '', 'plant_room': '', 'garden': '', 'yard': ''}",39.8,37.8957,19043,18131.913875598086,14051502310015,4135381,ASP,HRB,淺水灣/壽臣山,1984/11,1984,42,C,7.0,blank,blank,blank,,True
5830,2014-04-23,"SOUTH BAY TOWERS,SOUTH BAY RD|南灣大廈,南灣道",10990.636567974865,2738,2090,"{'bay_window': '107', 'flat_roof': '', 'roof': '', 'ac_platform': '', 'plant_room': '', 'garden': '', 'yard': ''}",43.0,40.9426,20574,19589.76076555024,14052002520018,4137832,ASP,HRB,淺水灣/壽臣山,1984/11,1984,42,C,8.0,blank,blank,blank,,True
5832,2014-05-15,"PARKVIEW SUITE(Block 3,HONG KONG PARKVIEW),TAI TAM RESERVOIR RD|陽明山莊,3座(陽明居),大潭水塘道",9719.345290215944,1275,994,"{'bay_window': '', 'flat_roof': '', 'roof': '', 'ac_platform': '', 'plant_room': '', 'garden': '', 'yard': ''}",19.5,17.5382,19618,17644.064386317907,14052302360067,4140398,ASP,HRB,淺水灣/壽臣山,1989/05,1989,37,27,16.0,3,blank,HONG KONG PARKVIEW,陽明山莊,True
5833,2014-05-13,"PARKVIEW RISE(Block 8,HONG KONG PARKVIEW),TAI TAM RESERVOIR RD|陽明山莊,8座(凌雲閣),大潭水塘道",9814.764746044299,2366,1915,"{'bay_window': '', 'flat_roof': '', 'roof': '', 'ac_platform': '', 'plant_room': '', 'garden': '', 'yard': ''}",36.0,34.1201,18799,17817.28459530026,14052602210084,4141378,ASP,HRB,淺水灣/壽臣山,1988/08,1988,38,53,1.0,8,blank,HONG KONG PARKVIEW,陽明山莊,True
5835,2014-05-12,"PARKVIEW HEIGHTS(Block 13,HONG KONG PARKVIEW),TAI TAM RESERVOIR RD|陽明山莊,13座(摘星樓),大潭水塘道",11033.035276305032,2700,2327,"{'bay_window': '', 'flat_roof': '', 'roof': '', 'ac_platform': '', 'plant_room': '', 'garden': '', 'yard': ''}",48.7,46.607200000000006,20928,20028.87838418565,14052802140028,4143035,PRO-ASP,HRB,淺水灣/壽臣山,1988/08,1988,38,75,12.0,13,blank,HONG KONG PARKVIEW,陽明山莊,True
5836,2014-05-15,"BELGRAVIA,SOUTH BAY RD|BELGRAVIA,南灣道",18111.622016164725,2790,2222,"{'bay_window': '', 'flat_roof': '', 'roof': '', 'ac_platform': '', 'plant_room': '', 'garden': '', 'yard': ''}",76.5,73.0572,34428,32879.02790279028,14060900610115,4147731,PRO-ASP,HRB,淺水灣/壽臣山,1989/04,1989,37,B,26.0,blank,blank,blank,,True
5838,2014-06-13,"PARKVIEW HEIGHTS(Block 14,HONG KONG PARKVIEW),TAI TAM RESERVOIR RD|陽明山莊,14座(摘星樓),大潭水塘道",13471.365900413852,1785,1441,"{'bay_window': '', 'flat_roof': '', 'roof': '', 'ac_platform': '', 'plant_room': '', 'garden': '', 'yard': ''}",35.5,35.5,24636,24635.669673837612,14062301890011,4154586,PRO-ASP,HRB,淺水灣/壽臣山,1988/12,1988,38,81,10.0,14,blank,HONG KONG PARKVIEW,陽明山莊,False
5841,2014-06-20,"PARKVIEW SUITE(Block 5,HONG KONG PARKVIEW),TAI TAM RESERVOIR RD|陽明山莊,5座(陽明居),大潭水塘道",9392.008620711065,1309,1048,"{'bay_window': '', 'flat_roof': '', 'roof': '', 'ac_platform': '', 'plant_room': '', 'garden': '', 'yard': ''}",18.0,18.0,17176,17175.57251908397,14071100450091,4165663,ASP,HRB,淺水灣/壽臣山,1989/05,1989,37,41,7.0,5,blank,HONG KONG PARKVIEW,陽明山莊,False
5842,2014-06-22,"TWIN BROOK,REPULSE BAY RD|雙溪,淺水灣道",15603.432511325376,2700,2440,"{'bay_window': '', 'flat_roof': '', 'roof': '', 'ac_platform': '', 'plant_room': '', 'garden': '', 'yard': ''}",72.6,69.6246,29754,28534.67213114754,14072102250019,4171510,PRO-ASP,HRB,淺水灣/壽臣山,1974/04,1974,52,B,12.0,blank,blank,blank,,True
5847,2014-07-18,"MANHATTAN TOWER,REPULSE BAY RD|MANHATTAN TOWER,淺水灣道",20109.881878857403,2243,1999,"{'bay_window': '', 'flat_roof': '', 'roof': '', 'ac_platform': '', 'plant_room': '', 'garden': '', 'yard': ''}",78.18,74.269,39110,37153.07653826913,14081501810184,4185909,ASP,HRB,淺水灣/壽臣山,1978/07,1978,48,A,19.0,blank,blank,blank,,True
5850,2014-08-04,"REPULSE BAY GARDEN(Block 2),BELLEVIEW DR|淺水灣新村2座,麗景道",11938.155509723878,2288,2110,"{'bay_window': '', 'flat_roof': '', 'roof': '', 'ac_platform': '', 'plant_room': '', 'garden': '', 'yard': ''}",50.5,48.1066,23934,22799.336492890994,14082902130127,4194727,ASP,HRB,淺水灣/壽臣山,1973/11,1973,53,whole floor,9.0,2,blank,REPULSE BAY GARDEN,淺水灣新村,True
5853,2014-08-06,"MONTE VERDE,REPULSE BAY RD|南山別墅,淺水灣道",16833.85550036037,2215,1960,"{'bay_window': '', 'flat_roof': '', 'roof': '', 'ac_platform': '', 'plant_room': '', 'garden': '', 'yard': ''}",66.4,63.01220000000001,33878,32149.081632653066,14090402160030,4197906,ASP,HRB,淺水灣/壽臣山,1974/05,1974,52,A,4.0,blank,blank,blank,,True
5857,2014-08-22,"SOUTH BAY PALACE(Block 1),SOUTH BAY CLOSE|南灣御苑1座,南灣坊",9531.806466668484,0,1424,"{'bay_window': '', 'flat_roof': '', 'roof': '', 'ac_platform': '', 'plant_room': '', 'garden': '', 'yard': ''}",27.88,25.9221,19579,18203.72191011236,14091600340024,4203539,ASP,HRB,淺水灣/壽臣山,2000/01,2000,26,B,5.0,1,blank,SOUTH BAY PALACE,南灣御苑,True
5858,2014-09-08,"PARKVIEW SUITE(Block 5,HONG KONG PARKVIEW),TAI TAM RESERVOIR RD|陽明山莊,5座(陽明居),大潭水塘道",9836.048313309962,1299,1041,"{'bay_window': '', 'flat_roof': '', 'roof': '', 'ac_platform': '', 'plant_room': '', 'garden': '', 'yard': ''}",22.0,19.8866,21134,19103.36215177714,14091600550092,4203538,ASP,HRB,淺水灣/壽臣山,1989/05,1989,37,35,16.0,5,blank,HONG KONG PARKVIEW,陽明山莊,True
5860,2014-09-10,"PARKVIEW RISE(Block 7,HONG KONG PARKVIEW),TAI TAM RESERVOIR RD|陽明山莊,7座(凌雲閣),大潭水塘道",9620.431976553906,2092,1649,"{'bay_window': '', 'flat_roof': '', 'roof': '', 'ac_platform': '', 'plant_room': '', 'garden': '', 'yard': ''}",32.8,30.8109,19891,18684.596725288055,14092901970017,4213044,ASP,HRB,淺水灣/壽臣山,1988/12,1988,38,49,12.0,7,blank,HONG KONG PARKVIEW,陽明山莊,True
5861,2014-09-11,"RIDGE COURT,REPULSE BAY RD|冠園,淺水灣道",11565.127436172603,0,1880,"{'bay_window': '', 'flat_roof': '', 'roof': '', 'ac_platform': '', 'plant_room': '', 'garden': '', 'yard': ''}",44.6,42.2277,23723,22461.542553191488,14093000480017,4214059,ASP,HRB,淺水灣/壽臣山,1962/08,1962,64,B,7.0,blank,blank,blank,,True
5863,2014-09-15,"SOUTH BAY TOWERS,SOUTH BAY RD|南灣大廈,南灣道",11466.887140961284,1433,1145,"{'bay_window': '', 'flat_roof': '', 'roof': '', 'ac_platform': '', 'plant_room': '', 'garden': '', 'yard': ''}",25.5,25.5,22271,22270.7423580786,14100801850019,4217236,ASP,HRB,淺水灣/壽臣山,1984/11,1984,42,A,22.0,blank,blank,blank,,False
5864,2014-09-17,"PARKVIEW SUITE(Block 3,HONG KONG PARKVIEW),TAI TAM RESERVOIR RD|陽明山莊,3座(陽明居),大潭水塘道",9087.414464631043,1290,1051,"{'bay_window': '', 'flat_roof': '', 'roof': '', 'ac_platform': '', 'plant_room': '', 'garden': '', 'yard': ''}",20.5,18.5495,19505,17649.381541389153,14100901530087,4218798,PRO-ASP,HRB,淺水灣/壽臣山,1989/05,1989,37,23,22.0,3,blank,HONG KONG PARKVIEW,陽明山莊,True
5865,2014-09-12,"PARKVIEW SUITE(Block 4,HONG KONG PARKVIEW),TAI TAM RESERVOIR RD|陽明山莊,4座(陽明居),大潭水塘道",7779.961493998259,2105,1747,"{'bay_window': '', 'flat_roof': '', 'roof': '', 'ac_platform': '', 'plant_room': '', 'garden': '', 'yard': ''}",28.0,26.3973,16027,15110.074413279908,14100901830019,4218799,ASP,HRB,淺水灣/壽臣山,1989/05,1989,37,31,7.0,4,blank,HONG KONG PARKVIEW,陽明山莊,True
5866,2014-09-15,"SOUTH BAY PALACE(Block 1),SOUTH BAY CLOSE|南灣御苑1座,南灣坊",9170.823515436077,0,1380,"{'bay_window': '', 'flat_roof': '', 'roof': '', 'ac_platform': '', 'plant_room': '', 'garden': '', 'yard': ''}",26.5,24.5797,19203,17811.376811594204,14101001910032,4219931,PRO-ASP,HRB,淺水灣/壽臣山,2000/01,2000,26,C,9.0,1,blank,SOUTH BAY PALACE,南灣御苑,True
5867,2014-09-11,"PARKVIEW SUITE(Block 3,HONG KONG PARKVIEW),TAI TAM RESERVOIR RD|陽明山莊,3座(陽明居),大潭水塘道",8621.959736317829,1290,1051,"{'bay_window': '', 'flat_roof': '', 'roof': '', 'ac_platform': '', 'plant_room': '', 'garden': '', 'yard': ''}",19.45,17.5994,18506,16745.3853472883,14101002320012,4219930,ASP,HRB,淺水灣/壽臣山,1989/05,1989,37,23,15.0,3,blank,HONG KONG PARKVIEW,陽明山莊,True
5869,2014-10-08,"37 REPULSE BAY RD(Block 2),REPULSE BAY RD|淺水灣道 37號2座,淺水灣道",14734.544854366202,1680,1255,"{'bay_window': '44', 'flat_roof': '', 'roof': '', 'ac_platform': '', 'plant_room': '', 'garden': '', 'yard': ''}",39.5,36.3526,31474,28966.215139442233,14101700950015,4224853,ASP,HRB,淺水灣/壽臣山,1994/02,1994,32,B,11.0,2,blank,37 REPULSE BAY RD,淺水灣道 37號,True
5871,2014-09-26,"GRAND GARDEN(Block 3),SOUTH BAY RD|華景園3座,南灣道",10872.804026083226,1657,1217,"{'bay_window': '', 'flat_roof': '', 'roof': '', 'ac_platform': '', 'plant_room': '', 'garden': '', 'yard': ''}",28.0,25.6993,23007,21116.926869350864,14102001910133,4225854,ASP,HRB,淺水灣/壽臣山,1986/12,1986,40,B,17.0,3,blank,GRAND GARDEN,華景園,True
5874,2014-09-26,"PARKVIEW RISE(Block 6,HONG KONG PARKVIEW),TAI TAM RESERVOIR RD|陽明山莊,6座(凌雲閣),大潭水塘道",12684.050502884846,2583,2087,"{'bay_window': '', 'flat_roof': '', 'roof': '', 'ac_platform': '', 'plant_room': '', 'garden': '', 'yard': ''}",54.0,51.4126,25874,24634.69094393867,14102201910057,4227757,ASP,HRB,淺水灣/壽臣山,1988/12,1988,38,45,7.0,6,blank,HONG KONG PARKVIEW,陽明山莊,True
5875,2014-10-16,"PARKVIEW SUITE(Block 4,HONG KONG PARKVIEW),TAI TAM RESERVOIR RD|陽明山莊,4座(陽明居),大潭水塘道",9837.085737851583,1903,1579,"{'bay_window': '', 'flat_roof': '', 'roof': '', 'ac_platform': '', 'plant_room': '', 'garden': '', 'yard': ''}",32.6,30.535400000000003,20646,19338.442051931605,14102701530048,4230485,ASP,HRB,淺水灣/壽臣山,1989/05,1989,37,33,21.0,4,blank,HONG KONG PARKVIEW,陽明山莊,True
5876,2014-10-06,"37 REPULSE BAY RD(Block 2),REPULSE BAY RD|淺水灣道 37號2座,淺水灣道",14063.571620502986,1635,1236,"{'bay_window': '32', 'flat_roof': '', 'roof': '', 'ac_platform': '', 'plant_room': '', 'garden': '', 'yard': ''}",37.18,34.1719,30081,27647.168284789645,14103101690278,4234048,PRO-ASP,HRB,淺水灣/壽臣山,1994/02,1994,32,A,6.0,2,blank,37 REPULSE BAY RD,淺水灣道 37號,True
5879,2014-11-03,"GRAND GARDEN(Block 2),SOUTH BAY RD|華景園2座,南灣道",9672.102702513792,1463,1124,"{'bay_window': '33', 'flat_roof': '', 'roof': '', 'ac_platform': '', 'plant_room': '', 'garden': '', 'yard': ''}",23.5,21.4093,20907,19047.419928825624,14111100710043,4239552,ASP,HRB,淺水灣/壽臣山,1986/12,1986,40,B,7.0,2,blank,GRAND GARDEN,華景園,True
5881,2014-11-17,"PARKVIEW SUITE(Block 3,HONG KONG PARKVIEW),TAI TAM RESERVOIR RD|陽明山莊,3座(陽明居),大潭水塘道",9806.39573104838,1290,976,"{'bay_window': '', 'flat_roof': '', 'roof': '', 'ac_platform': '', 'plant_room': '', 'garden': '', 'yard': ''}",21.0,18.8484,21516,19311.885245901638,14112501580071,4247792,ASP,HRB,淺水灣/壽臣山,1989/05,1989,37,21,17.0,3,blank,HONG KONG PARKVIEW,陽明山莊,True
5882,2014-11-04,"PARK PLACE(Block C),TAI TAM RESERVOIR RD|雅柏苑C座,大潭水塘道",15838.885161191158,2288,2075,"{'bay_window': '', 'flat_roof': '', 'roof': '', 'ac_platform': '', 'plant_room': '', 'garden': '', 'yard': ''}",68.0,64.7229,32771,31191.759036144576,14112502220014,4247793,ASP,HRB,淺水灣/壽臣山,1985/01,1985,41,2,2.0,C,blank,PARK PLACE,雅柏苑,True
5883,2014-11-18,"PARKVIEW SUITE(Block 3,HONG KONG PARKVIEW),TAI TAM RESERVOIR RD|陽明山莊,3座(陽明居),大潭水塘道",10179.954873197994,1290,976,"{'bay_window': '', 'flat_roof': '', 'roof': '', 'ac_platform': '', 'plant_room': '', 'garden': '', 'yard': ''}",21.8,19.5664,22336,20047.54098360656,14112601920044,4248786,ASP,HRB,淺水灣/壽臣山,1989/05,1989,37,21,18.0,3,blank,HONG KONG PARKVIEW,陽明山莊,True
5886,2014-11-25,"PARKVIEW RISE(Block 7,HONG KONG PARKVIEW),TAI TAM RESERVOIR RD|陽明山莊,7座(凌雲閣),大潭水塘道",10650.788704100181,1860,1466,"{'bay_window': '', 'flat_roof': '', 'roof': '', 'ac_platform': '', 'plant_room': '', 'garden': '', 'yard': ''}",33.0,30.749,22510,20974.761255115962,14121001170023,4257494,ASP,HRB,淺水灣/壽臣山,1988/12,1988,38,47,12.0,7,blank,HONG KONG PARKVIEW,陽明山莊,True
5889,2014-12-05,"PINE CREST,REPULSE BAY RD|松苑,淺水灣道",18181.95409778637,2250,1862,"{'bay_window': '', 'flat_roof': '', 'roof': '', 'ac_platform': '', 'plant_room': '', 'garden': '', 'yard': ''}",71.68,67.83040000000001,38496,36428.78625134265,15010201490010,4270116,ASP,HRB,淺水灣/壽臣山,1982/11,1982,44,B,1.0,blank,blank,blank,,True
5890,2014-12-11,"TWIN BROOK,REPULSE BAY RD|雙溪,淺水灣道",14320.393134171749,2700,2440,"{'bay_window': '', 'flat_roof': '', 'roof': '', 'ac_platform': '', 'plant_room': '', 'garden': '', 'yard': ''}",73.0,70.0082,29918,28691.885245901638,15010601910035,4271828,MEM-ASP,HRB,淺水灣/壽臣山,1974/04,1974,52,A,8.0,blank,blank,blank,,True
5891,2014-12-11,"TWIN BROOK,REPULSE BAY RD|雙溪,淺水灣道",14516.559540616576,2700,2440,"{'bay_window': '', 'flat_roof': '', 'roof': '', 'ac_platform': '', 'plant_room': '', 'garden': '', 'yard': ''}",74.0,70.9672,30328,29084.918032786885,15010601910067,4271829,MEM-ASP,HRB,淺水灣/壽臣山,1974/04,1974,52,A,17.0,blank,blank,blank,,True
5893,2015-01-23,"37 REPULSE BAY RD(Block 2),REPULSE BAY RD|淺水灣道 37號2座,淺水灣道",12774.92511143197,1635,1236,"{'bay_window': '32', 'flat_roof': '', 'roof': '', 'ac_platform': '', 'plant_room': '', 'garden': '', 'yard': ''}",34.5,31.7087,27913,25654.288025889968,15013000480010,4288257,ASP,HRB,淺水灣/壽臣山,1994/02,1994,32,A,1.0,2,blank,37 REPULSE BAY RD,淺水灣道 37號,True
5895,2015-02-03,"PARKVIEW TERR(Block 11,HONG KONG PARKVIEW),TAI TAM RESERVOIR RD|陽明山莊,11座(涵碧苑),大潭水塘道",10899.869449645228,2490,2049,"{'bay_window': '', 'flat_roof': '', 'roof': '', 'ac_platform': '', 'plant_room': '', 'garden': '', 'yard': ''}",48.0,45.6574,23426,22282.772083943386,15022401160121,4303846,ASP,HRB,淺水灣/壽臣山,1988/08,1988,38,67,17.0,11,blank,HONG KONG PARKVIEW,陽明山莊,True
5896,2015-02-03,"GRAND GARDEN(Block 2),SOUTH BAY RD|華景園2座,南灣道",11230.33662554288,1820,1395,"{'bay_window': '46', 'flat_roof': '', 'roof': '', 'ac_platform': '', 'plant_room': '', 'garden': '', 'yard': ''}",34.5,32.0269,24731,22958.351254480283,15022600520347,4306024,ASP,HRB,淺水灣/壽臣山,1986/12,1986,40,A,13.0,2,blank,GRAND GARDEN,華景園,True
5899,2015-02-06,"GRAND GARDEN(Block 3),SOUTH BAY RD|華景園3座,南灣道",11731.43012024661,1657,1217,"{'bay_window': '', 'flat_roof': '', 'roof': '', 'ac_platform': '', 'plant_room': '', 'garden': '', 'yard': ''}",31.8,29.187,26130,23982.744453574363,15030602600015,4312026,PRO-ASP,HRB,淺水灣/壽臣山,1986/12,1986,40,B,24.0,3,blank,GRAND GARDEN,華景園,True
5901,2015-02-27,"GRAND GARDEN(Block 3),SOUTH BAY RD|華景園3座,南灣道",9793.707748831763,1657,1274,"{'bay_window': '40', 'flat_roof': '', 'roof': '', 'ac_platform': '', 'plant_room': '', 'garden': '', 'yard': ''}",27.68,25.5073,21727,20021.428571428572,15030901370030,4312851,ASP,HRB,淺水灣/壽臣山,1986/12,1986,40,A,7.0,3,blank,GRAND GARDEN,華景園,True
5902,2015-02-12,"GRAND GARDEN(Block 2),SOUTH BAY RD|華景園2座,南灣道",11852.079906058638,1820,1395,"{'bay_window': '46', 'flat_roof': '', 'roof': '', 'ac_platform': '', 'plant_room': '', 'garden': '', 'yard': ''}",33.8,33.8,24229,24229.390681003584,15031002050039,4313065,PRO-ASP,HRB,淺水灣/壽臣山,1986/12,1986,40,A,15.0,2,blank,GRAND GARDEN,華景園,False
5903,2015-03-02,"PARKVIEW RISE(Block 7,HONG KONG PARKVIEW),TAI TAM RESERVOIR RD|陽明山莊,7座(凌雲閣),大潭水塘道",9129.908778972978,2092,1649,"{'bay_window': '', 'flat_roof': '', 'roof': '', 'ac_platform': '', 'plant_room': '', 'garden': '', 'yard': ''}",33.08,31.0739,20061,18844.08732565191,15031300440058,4315690,ASP,HRB,淺水灣/壽臣山,1988/12,1988,38,49,2.0,7,blank,HONG KONG PARKVIEW,陽明山莊,True
5904,2015-02-17,"RIDGE COURT,REPULSE BAY RD|冠園,淺水灣道",11135.106196805687,0,1880,"{'bay_window': '', 'flat_roof': '', 'roof': '', 'ac_platform': '', 'plant_room': '', 'garden': '', 'yard': ''}",45.2,42.7957,24043,22763.67021276596,15031302300028,4315810,ASP,HRB,淺水灣/壽臣山,1962/08,1962,64,B,8.0,blank,blank,blank,,True
5905,2015-02-26,"GRAND GARDEN(Block 2),SOUTH BAY RD|華景園2座,南灣道",10922.962813864113,1463,1124,"{'bay_window': '33', 'flat_roof': '', 'roof': '', 'ac_platform': '', 'plant_room': '', 'garden': '', 'yard': ''}",27.55,25.0989,24511,22329.982206405693,15031600600088,4316344,ASP,HRB,淺水灣/壽臣山,1986/12,1986,40,B,15.0,2,blank,GRAND GARDEN,華景園,True
5908,2015-04-13,"GRAND GARDEN(Block 3),SOUTH BAY RD|華景園3座,南灣道",10243.90721979707,1657,1217,"{'bay_window': '', 'flat_roof': '', 'roof': '', 'ac_platform': '', 'plant_room': '', 'garden': '', 'yard': ''}",28.0,25.6993,23007,21116.926869350864,15042401380046,4337170,ASP,HRB,淺水灣/壽臣山,1986/12,1986,40,B,10.0,3,blank,GRAND GARDEN,華景園,True
5910,2015-04-15,"PARKVIEW RISE(Block 8,HONG KONG PARKVIEW),TAI TAM RESERVOIR RD|陽明山莊,8座(凌雲閣),大潭水塘道",9814.883976159312,2366,1915,"{'bay_window': '', 'flat_roof': '', 'roof': '', 'ac_platform': '', 'plant_room': '', 'garden': '', 'yard': ''}",40.88,38.7453,21347,20232.532637075718,15042901170017,4340667,ASP,HRB,淺水灣/壽臣山,1988/08,1988,38,53,2.0,8,blank,HONG KONG PARKVIEW,陽明山莊,True
5911,2015-03-09,"GRAND GARDEN(Block 3),SOUTH BAY RD|華景園3座,南灣道",9812.476720809585,1657,1274,"{'bay_window': '40', 'flat_roof': '', 'roof': '', 'ac_platform': '', 'plant_room': '', 'garden': '', 'yard': ''}",28.0,25.8022,21978,20252.904238618525,15050500660072,4343200,ASP,HRB,淺水灣/壽臣山,1986/12,1986,40,A,8.0,3,blank,GRAND GARDEN,華景園,True
5912,2015-04-15,"RIDGE COURT,REPULSE BAY RD|冠園,淺水灣道",11189.338283236348,0,1880,"{'bay_window': '', 'flat_roof': '', 'roof': '', 'ac_platform': '', 'plant_room': '', 'garden': '', 'yard': ''}",45.8,43.3638,24362,23065.85106382979,15050701410074,4344863,PRE-ASP,HRB,淺水灣/壽臣山,1962/08,1962,64,C,1.0,blank,blank,blank,,True
5913,2015-04-19,"PARKVIEW SUITE(Block 4,HONG KONG PARKVIEW),TAI TAM RESERVOIR RD|陽明山莊,4座(陽明居),大潭水塘道",9461.741411622606,1903,1579,"{'bay_window': '', 'flat_roof': '', 'roof': '', 'ac_platform': '', 'plant_room': '', 'garden': '', 'yard': ''}",32.88,30.797700000000003,20823,19504.55984800507,15051501930061,4350425,PRO-ASP,HRB,淺水灣/壽臣山,1989/05,1989,37,33,10.0,4,blank,HONG KONG PARKVIEW,陽明山莊,True
5914,2015-05-06,"PARKVIEW HEIGHTS(Block 14,HONG KONG PARKVIEW),TAI TAM RESERVOIR RD|陽明山莊,14座(摘星樓),大潭水塘道",12141.927769465556,1785,1441,"{'bay_window': '', 'flat_roof': '', 'roof': '', 'ac_platform': '', 'plant_room': '', 'garden': '', 'yard': ''}",36.0,36.0,24983,24982.65093684941,15051502650070,4349834,ASP,HRB,淺水灣/壽臣山,1988/12,1988,38,81,3.0,14,blank,HONG KONG PARKVIEW,陽明山莊,False
5919,2015-05-11,"PARKVIEW HEIGHTS(Block 13,HONG KONG PARKVIEW),TAI TAM RESERVOIR RD|陽明山莊,13座(摘星樓),大潭水塘道",9126.766767210205,8100,6981,"{'bay_window': '', 'flat_roof': '', 'roof': '', 'ac_platform': '', 'plant_room': '', 'garden': '', 'yard': ''}",133.0,131.0948,19052,18778.79959891133,15060302510026,4360985,ASP,HRB,淺水灣/壽臣山,1988/08,1988,38,75,192021.0,13,blank,HONG KONG PARKVIEW,陽明山莊,True
5921,2015-05-27,"PARKVIEW SUITE(Block 4,HONG KONG PARKVIEW),TAI TAM RESERVOIR RD|陽明山莊,4座(陽明居),大潭水塘道",10115.848563972671,1857,1541,"{'bay_window': '', 'flat_roof': '', 'roof': '', 'ac_platform': '', 'plant_room': '', 'garden': '', 'yard': ''}",34.3,32.0742,22258,20813.88708630759,15061000500387,4364585,ASP,HRB,淺水灣/壽臣山,1989/05,1989,37,29,6.0,4,blank,HONG KONG PARKVIEW,陽明山莊,True
5922,2015-05-22,"SOUTH BAY GARDEN(Block B),SOUTH BAY CLOSE|南灣花園B座,南灣坊",8478.850983133329,1542,1296,"{'bay_window': '', 'flat_roof': '', 'roof': '', 'ac_platform': '', 'plant_room': '', 'garden': '', 'yard': ''}",24.5,22.6096,18904,17445.679012345678,15061600290017,4367758,ASP,HRB,淺水灣/壽臣山,1985/09,1985,41,2,1.0,B,blank,SOUTH BAY GARDEN,南灣花園,True
5924,2015-06-03,"REPULSE BAY GARDEN(Block 11),BELLEVIEW DR|淺水灣新村11座,麗景道",13216.325875126126,1728,1459,"{'bay_window': '', 'flat_roof': '', 'roof': '', 'ac_platform': '', 'plant_room': '', 'garden': '', 'yard': ''}",42.8,39.8665,29335,27324.537354352295,15062400760013,4372681,ASP,HRB,淺水灣/壽臣山,1976/12,1976,50,whole floor,18.0,11,blank,REPULSE BAY GARDEN,淺水灣新村,True
5925,2015-06-12,"PARKVIEW HEIGHTS(Block 14,HONG KONG PARKVIEW),TAI TAM RESERVOIR RD|陽明山莊,14座(摘星樓),大潭水塘道",11101.013082902746,1860,1505,"{'bay_window': '', 'flat_roof': '', 'roof': '', 'ac_platform': '', 'plant_room': '', 'garden': '', 'yard': ''}",37.0,34.5415,24585,22951.162790697676,15062401580014,4372680,ASP,HRB,淺水灣/壽臣山,1988/12,1988,38,77,8.0,14,blank,HONG KONG PARKVIEW,陽明山莊,True
5926,2015-06-12,"PARKVIEW TERR(Block 11,HONG KONG PARKVIEW),TAI TAM RESERVOIR RD|陽明山莊,11座(涵碧苑),大潭水塘道",11761.289078508067,2620,2157,"{'bay_window': '', 'flat_roof': '', 'roof': '', 'ac_platform': '', 'plant_room': '', 'garden': '', 'yard': ''}",55.0,52.4502,25498,24316.27260083449,15062602670034,4374617,ASP,HRB,淺水灣/壽臣山,1988/08,1988,38,65,12.0,11,blank,HONG KONG PARKVIEW,陽明山莊,True
5927,2015-06-03,"PARKVIEW CORNER(Block 18,HONG KONG PARKVIEW),TAI TAM RESERVOIR RD|陽明山莊,18座(眺景台),大潭水塘道",9753.38964198008,2570,2067,"{'bay_window': '', 'flat_roof': '', 'roof': '', 'ac_platform': '', 'plant_room': '', 'garden': '', 'yard': ''}",43.8,41.681,21190,20164.973391388485,15062901580013,4375546,PRO-ASP,HRB,淺水灣/壽臣山,1989/05,1989,37,95,12.0,18,blank,HONG KONG PARKVIEW,陽明山莊,True
5929,2015-06-22,"PARKVIEW SUITE(Block 4,HONG KONG PARKVIEW),TAI TAM RESERVOIR RD|陽明山莊,4座(陽明居),大潭水塘道",8483.001129285487,2105,1747,"{'bay_window': '', 'flat_roof': '', 'roof': '', 'ac_platform': '', 'plant_room': '', 'garden': '', 'yard': ''}",32.5,30.6397,18603,17538.465941614195,15062901700098,4375547,ASP,HRB,淺水灣/壽臣山,1989/05,1989,37,31,1.0,4,blank,HONG KONG PARKVIEW,陽明山莊,True
5930,2015-06-18,"PARKVIEW SUITE(Block 5,HONG KONG PARKVIEW),TAI TAM RESERVOIR RD|陽明山莊,5座(陽明居),大潭水塘道",11577.67818222459,1263,1012,"{'bay_window': '', 'flat_roof': '', 'roof': '', 'ac_platform': '', 'plant_room': '', 'garden': '', 'yard': ''}",26.88,24.2239,26561,23936.660079051384,15070201680026,4377297,ASP,HRB,淺水灣/壽臣山,1989/05,1989,37,37,23.0,5,blank,HONG KONG PARKVIEW,陽明山莊,True
5931,2015-06-19,"SOUTH BAY PALACE(Block 1),SOUTH BAY CLOSE|南灣御苑1座,南灣坊",7963.031732656222,0,1373,"{'bay_window': '', 'flat_roof': '', 'roof': '', 'ac_platform': '', 'plant_room': '', 'garden': '', 'yard': ''}",24.38,22.6043,17757,16463.43772760379,15071000500280,4381462,ASP,HRB,淺水灣/壽臣山,2000/01,2000,26,C,5.0,1,blank,SOUTH BAY PALACE,南灣御苑,True
5933,2015-06-16,"PARKVIEW SUITE(Block 5,HONG KONG PARKVIEW),TAI TAM RESERVOIR RD|陽明山莊,5座(陽明居),大潭水塘道",11243.368601583763,1312,1051,"{'bay_window': '', 'flat_roof': '', 'roof': '', 'ac_platform': '', 'plant_room': '', 'garden': '', 'yard': ''}",27.0,24.431,25690,23245.48049476689,15071402050020,4383190,ASP,HRB,淺水灣/壽臣山,1989/05,1989,37,39,23.0,5,blank,HONG KONG PARKVIEW,陽明山莊,True
5937,2015-06-29,"PARKVIEW CORNER(Block 17,HONG KONG PARKVIEW),TAI TAM RESERVOIR RD|陽明山莊,17座(眺景台),大潭水塘道",16928.79186317624,2645,2188,"{'bay_window': '', 'flat_roof': '', 'roof': '', 'ac_platform': '', 'plant_room': '', 'garden': '', 'yard': ''}",76.58,76.58,35000,35000.0,15072001470045,4386092,PRO-ASP,HRB,淺水灣/壽臣山,1989/11,1989,37,91,17.0,17,blank,HONG KONG PARKVIEW,陽明山莊,False
5938,2015-06-29,"PARKVIEW CORNER(Block 17,HONG KONG PARKVIEW),TAI TAM RESERVOIR RD|陽明山莊,17座(眺景台),大潭水塘道",16928.79186317624,3225,2626,"{'bay_window': '', 'flat_roof': '', 'roof': '', 'ac_platform': '', 'plant_room': '', 'garden': '', 'yard': ''}",91.91,91.91,35000,35000.0,15072001470052,4386093,PRO-ASP,HRB,淺水灣/壽臣山,1989/11,1989,37,93,17.0,17,blank,HONG KONG PARKVIEW,陽明山莊,False
5939,2015-07-16,"SOUTH BAY TOWERS,SOUTH BAY RD|南灣大廈,南灣道",9469.765312806603,1433,1145,"{'bay_window': '', 'flat_roof': '', 'roof': '', 'ac_platform': '', 'plant_room': '', 'garden': '', 'yard': ''}",25.15,22.9535,21965,20046.724890829693,15080300080017,4394095,PRO-ASP,HRB,淺水灣/壽臣山,1984/11,1984,42,D,19.0,blank,blank,blank,,True
5940,2015-07-09,"PARKVIEW RISE(Block 7,HONG KONG PARKVIEW),TAI TAM RESERVOIR RD|陽明山莊,7座(凌雲閣),大潭水塘道",10208.406495582345,1860,1466,"{'bay_window': '', 'flat_roof': '', 'roof': '', 'ac_platform': '', 'plant_room': '', 'garden': '', 'yard': ''}",34.0,31.6808,23192,21610.36834924966,15080301770079,4394096,PRO-ASP,HRB,淺水灣/壽臣山,1988/12,1988,38,47,1.0,7,blank,HONG KONG PARKVIEW,陽明山莊,True
5941,2015-07-06,"PARKVIEW SUITE(Block 3,HONG KONG PARKVIEW),TAI TAM RESERVOIR RD|陽明山莊,3座(陽明居),大潭水塘道",8625.439732439641,1275,994,"{'bay_window': '', 'flat_roof': '', 'roof': '', 'ac_platform': '', 'plant_room': '', 'garden': '', 'yard': ''}",20.18,18.1498,20302,18259.356136820927,15080501350025,4395459,PRO-ASP,HRB,淺水灣/壽臣山,1989/05,1989,37,27,6.0,3,blank,HONG KONG PARKVIEW,陽明山莊,True
5943,2015-07-21,"PARKVIEW SUITE(Block 3,HONG KONG PARKVIEW),TAI TAM RESERVOIR RD|陽明山莊,3座(陽明居),大潭水塘道",9069.336001419946,1290,1051,"{'bay_window': '', 'flat_roof': '', 'roof': '', 'ac_platform': '', 'plant_room': '', 'garden': '', 'yard': ''}",22.3,20.1782,21218,19199.048525214082,15080702660022,4396997,PRO-ASP,HRB,淺水灣/壽臣山,1989/05,1989,37,23,16.0,3,blank,HONG KONG PARKVIEW,陽明山莊,True
5945,2015-07-30,"PARKVIEW TERR(Block 12,HONG KONG PARKVIEW),TAI TAM RESERVOIR RD|陽明山莊,12座(涵碧苑),大潭水塘道",9790.233471157488,2700,2308,"{'bay_window': '', 'flat_roof': '', 'roof': '', 'ac_platform': '', 'plant_room': '', 'garden': '', 'yard': ''}",50.0,47.8336,21664,20725.12998266898,15081200520010,4399143,ASP,HRB,淺水灣/壽臣山,1989/11,1989,37,69,20.0,12,blank,HONG KONG PARKVIEW,陽明山莊,True
5948,2015-07-17,"SEA CLIFF MANSION(Block B),REPULSE BAY RD|海峰園B座,淺水灣道",13734.590060942537,0,1941,"{'bay_window': '', 'flat_roof': '', 'roof': '', 'ac_platform': '', 'plant_room': '', 'garden': '', 'yard': ''}",59.5,56.4346,30654,29075.012879958784,15081202380040,4399159,PRO-ASP,HRB,淺水灣/壽臣山,1964/05,1964,62,B1,3.0,B,blank,SEA CLIFF MANSION,海峰園,True
5951,2015-07-28,"RIDGE COURT,REPULSE BAY RD|冠園,淺水灣道",11014.904679773437,0,1880,"{'bay_window': '', 'flat_roof': '', 'roof': '', 'ac_platform': '', 'plant_room': '', 'garden': '', 'yard': ''}",46.3,43.8372,24628,23317.659574468085,15082100770396,4404599,PRE-ASP,HRB,淺水灣/壽臣山,1962/08,1962,64,B,9.0,blank,blank,blank,,True
5958,2015-09-25,"PARKVIEW CORNER(Block 18,HONG KONG PARKVIEW),TAI TAM RESERVOIR RD|陽明山莊,18座(眺景台),大潭水塘道",11652.675118996574,2708,2171,"{'bay_window': '', 'flat_roof': '', 'roof': '', 'ac_platform': '', 'plant_room': '', 'garden': '', 'yard': ''}",55.65,53.0867,25633,24452.648549055735,15101201050021,4427308,PRO-ASP,HRB,淺水灣/壽臣山,1989/05,1989,37,97,19.0,18,blank,HONG KONG PARKVIEW,陽明山莊,True
5959,2015-09-19,"PARKVIEW HEIGHTS(Block 14,HONG KONG PARKVIEW),TAI TAM RESERVOIR RD|陽明山莊,14座(摘星樓),大潭水塘道",11574.541487810318,1785,1441,"{'bay_window': '', 'flat_roof': '', 'roof': '', 'ac_platform': '', 'plant_room': '', 'garden': '', 'yard': ''}",35.0,35.0,24289,24288.688410825816,15101502380043,4428933,PRO-ASP,HRB,淺水灣/壽臣山,1988/12,1988,38,81,6.0,14,blank,HONG KONG PARKVIEW,陽明山莊,False
5960,2015-09-23,"PARKVIEW CORNER(Block 18,HONG KONG PARKVIEW),TAI TAM RESERVOIR RD|陽明山莊,18座(眺景台),大潭水塘道",15313.638694771176,2570,2067,"{'bay_window': '', 'flat_roof': '', 'roof': '', 'ac_platform': '', 'plant_room': '', 'garden': '', 'yard': ''}",69.8,66.42309999999999,33769,32135.02660861151,15102000310017,4431400,ASP,HRB,淺水灣/壽臣山,1989/05,1989,37,95,23.0,18,blank,HONG KONG PARKVIEW,陽明山莊,True
5964,2015-10-05,"PARKVIEW SUITE(Block 4,HONG KONG PARKVIEW),TAI TAM RESERVOIR RD|陽明山莊,4座(陽明居),大潭水塘道",6897.303949754602,2105,1747,"{'bay_window': '', 'flat_roof': '', 'roof': '', 'ac_platform': '', 'plant_room': '', 'garden': '', 'yard': ''}",25.686,24.2157,14703,13861.305094447625,15110301950060,4436468,ASP,HRB,淺水灣/壽臣山,1989/05,1989,37,31,19.0,4,blank,HONG KONG PARKVIEW,陽明山莊,True
5965,2015-10-23,"PARKVIEW HEIGHTS(Block 13,HONG KONG PARKVIEW),TAI TAM RESERVOIR RD|陽明山莊,13座(摘星樓),大潭水塘道",10539.244526476838,2700,2327,"{'bay_window': '', 'flat_roof': '', 'roof': '', 'ac_platform': '', 'plant_room': '', 'garden': '', 'yard': ''}",51.5,49.2868,22132,21180.40395358831,15110901110030,4438495,PRO-ASP,HRB,淺水灣/壽臣山,1988/08,1988,38,73,18.0,13,blank,HONG KONG PARKVIEW,陽明山莊,True
5967,2015-11-02,"BELGRAVIA,SOUTH BAY RD|BELGRAVIA,南灣道",17892.329711915605,2390,1900,"{'bay_window': '', 'flat_roof': '', 'roof': '', 'ac_platform': '', 'plant_room': '', 'garden': '', 'yard': ''}",75.0,71.0526,39474,37396.10526315789,15112000910076,4443337,PRO-ASP,HRB,淺水灣/壽臣山,1989/04,1989,37,A,17.0,blank,blank,blank,,True
5969,2015-11-06,"PARKVIEW SUITE(Block 4,HONG KONG PARKVIEW),TAI TAM RESERVOIR RD|陽明山莊,4座(陽明居),大潭水塘道",8174.054929820391,1903,1579,"{'bay_window': '', 'flat_roof': '', 'roof': '', 'ac_platform': '', 'plant_room': '', 'garden': '', 'yard': ''}",28.8,26.9761,18239,17084.293856871438,15120200370018,4447906,ASP,HRB,淺水灣/壽臣山,1989/05,1989,37,33,7.0,4,blank,HONG KONG PARKVIEW,陽明山莊,True
5970,2015-11-19,"SEA CLIFF MANSION(Block A),REPULSE BAY RD|海峰園A座,淺水灣道",14682.608312058594,0,1941,"{'bay_window': '', 'flat_roof': '', 'roof': '', 'ac_platform': '', 'plant_room': '', 'garden': '', 'yard': ''}",62.8,59.5646,32354,30687.583719732098,15120801120010,4450163,PRO-ASP,HRB,淺水灣/壽臣山,1964/05,1964,62,A2,4.0,A,blank,SEA CLIFF MANSION,海峰園,True
5972,2015-11-26,"PARKVIEW SUITE(Block 4,HONG KONG PARKVIEW),TAI TAM RESERVOIR RD|陽明山莊,4座(陽明居),大潭水塘道",8798.439388225717,1903,1579,"{'bay_window': '', 'flat_roof': '', 'roof': '', 'ac_platform': '', 'plant_room': '', 'garden': '', 'yard': ''}",31.0,29.0367,19633,18389.29702343255,15122201660020,4456262,MEM-ASP,HRB,淺水灣/壽臣山,1989/05,1989,37,33,20.0,4,blank,HONG KONG PARKVIEW,陽明山莊,True
5973,2015-12-14,"MING WAI GARDEN,REPULSE BAY RD|明慧園,淺水灣道",14274.549019119497,0,1630,"{'bay_window': '', 'flat_roof': '', 'roof': '', 'ac_platform': '', 'plant_room': '', 'garden': '', 'yard': ''}",51.0,47.8712,31288,29368.83435582822,16011302260025,4464938,ASP,HRB,淺水灣/壽臣山,1973/12,1973,53,A,13.0,blank,blank,blank,,True
5974,2015-12-17,"MING WAI GARDEN,REPULSE BAY RD|明慧園,淺水灣道",14274.549019119497,0,1630,"{'bay_window': '', 'flat_roof': '', 'roof': '', 'ac_platform': '', 'plant_room': '', 'garden': '', 'yard': ''}",51.0,47.8712,31288,29368.83435582822,16011502130087,4466100,ASP,HRB,淺水灣/壽臣山,1973/12,1973,53,B,13.0,blank,blank,blank,,True
5975,2015-12-28,"PARKVIEW CRESCENT(Block 10,HONG KONG PARKVIEW),TAI TAM RESERVOIR RD|陽明山莊,10座(環翠軒),大潭水塘道",10231.622874767374,2771,2342,"{'bay_window': '', 'flat_roof': '', 'roof': '', 'ac_platform': '', 'plant_room': '', 'garden': '', 'yard': ''}",51.5,49.301,21990,21050.811272416737,16012200660149,4468646,PRO-ASP,HRB,淺水灣/壽臣山,1988/08,1988,38,61,20.0,10,blank,HONG KONG PARKVIEW,陽明山莊,True
5978,2016-02-16,"37 REPULSE BAY RD(Block 1),REPULSE BAY RD|淺水灣道 37號1座,淺水灣道",11384.72980151352,1225,882,"{'bay_window': '56', 'flat_roof': '', 'roof': '', 'ac_platform': '', 'plant_room': '', 'garden': '', 'yard': ''}",19.38,19.38,21973,21972.789115646257,16030301230024,4480993,PRE-ASP,HRB,淺水灣/壽臣山,1994/02,1994,32,A,10.0,1,blank,37 REPULSE BAY RD,淺水灣道 37號,False
5982,2016-03-31,"SOUTH BAY TOWERS,SOUTH BAY RD|南灣大廈,南灣道",12753.526402206597,2699,2175,"{'bay_window': '', 'flat_roof': '', 'roof': '1060', 'ac_platform': '', 'plant_room': '', 'garden': '', 'yard': ''}",56.0,53.4253,25747,24563.35632183908,16042000490061,4497413,ASP,HRB,淺水灣/壽臣山,1984/11,1984,42,D,29.0,blank,blank,blank,,True
5984,2016-04-15,"PARKVIEW SUITE(Block 3,HONG KONG PARKVIEW),TAI TAM RESERVOIR RD|陽明山莊,3座(陽明居),大潭水塘道",10140.340482728043,1290,1051,"{'bay_window': '', 'flat_roof': '', 'roof': '', 'ac_platform': '', 'plant_room': '', 'garden': '', 'yard': ''}",22.8,20.6306,21694,19629.495718363465,16042502030016,4499046,ASP,HRB,淺水灣/壽臣山,1989/05,1989,37,23,6.0,3,blank,HONG KONG PARKVIEW,陽明山莊,True
5987,2016-04-29,"37 REPULSE BAY RD(Block 2),REPULSE BAY RD|淺水灣道 37號2座,淺水灣道",16133.686191278583,1635,1236,"{'bay_window': '32', 'flat_roof': '', 'roof': '', 'ac_platform': '', 'plant_room': '', 'garden': '', 'yard': ''}",42.0,38.6019,33981,31231.31067961165,16051200150030,4505817,ASP,HRB,淺水灣/壽臣山,1994/02,1994,32,A,3.0,2,blank,37 REPULSE BAY RD,淺水灣道 37號,True
5988,2016-05-10,"RIDGE COURT,REPULSE BAY RD|冠園,淺水灣道",12045.04146269493,0,1880,"{'bay_window': '', 'flat_roof': '', 'roof': '', 'ac_platform': '', 'plant_room': '', 'garden': '', 'yard': ''}",46.5,44.0266,24734,23418.40425531915,16051301890018,4506397,ASP,HRB,淺水灣/壽臣山,1962/08,1962,64,A,11.0,blank,blank,blank,,True
5989,2016-05-20,"SOUTH BAY PALACE(Block 1),SOUTH BAY CLOSE|南灣御苑1座,南灣坊",7170.1219763102645,0,1903,"{'bay_window': '', 'flat_roof': '', 'roof': '', 'ac_platform': '', 'plant_room': '', 'garden': '', 'yard': ''}",28.0,26.5286,14714,13940.409879138202,16052601830012,4512364,MEM-ASP,HRB,淺水灣/壽臣山,2000/01,2000,26,A,2.0,1,blank,SOUTH BAY PALACE,南灣御苑,True
5990,2016-05-11,"SOUTH BAY GARDEN(Block C),SOUTH BAY CLOSE|南灣花園C座,南灣坊",7901.969435368518,1027,850,"{'bay_window': '', 'flat_roof': '', 'roof': '', 'ac_platform': '', 'plant_room': '', 'garden': '', 'yard': ''}",14.8,13.058800000000002,17412,15363.294117647061,16060300850055,4515644,MEM-ASP,HRB,淺水灣/壽臣山,1985/09,1985,41,1,2.0,C,blank,SOUTH BAY GARDEN,南灣花園,True
5991,2016-05-23,"RIDGE COURT,REPULSE BAY RD|冠園,淺水灣道",11526.979870072308,0,1880,"{'bay_window': '', 'flat_roof': '', 'roof': '', 'ac_platform': '', 'plant_room': '', 'garden': '', 'yard': ''}",44.5,42.133,23670,22411.17021276596,16060701980019,4516937,ASP,HRB,淺水灣/壽臣山,1962/08,1962,64,B,3.0,blank,blank,blank,,True
5992,2016-05-19,"PARKVIEW RISE(Block 7,HONG KONG PARKVIEW),TAI TAM RESERVOIR RD|陽明山莊,7座(凌雲閣),大潭水塘道",11173.232314467543,1924,1517,"{'bay_window': '', 'flat_roof': '', 'roof': '', 'ac_platform': '', 'plant_room': '', 'garden': '', 'yard': ''}",35.28,32.9544,23256,21723.40145023072,16061300210014,4518745,PRE-ASP,HRB,淺水灣/壽臣山,1988/12,1988,38,51,19.0,7,blank,HONG KONG PARKVIEW,陽明山莊,True
5993,2016-06-13,"REPULSE BAY GARDEN(Block 11),BELLEVIEW DR|淺水灣新村11座,麗景道",12442.38407641399,1728,1459,"{'bay_window': '', 'flat_roof': '', 'roof': '', 'ac_platform': '', 'plant_room': '', 'garden': '', 'yard': ''}",37.5,34.9297,25703,23940.849897189855,16061600770015,4520634,ASP,HRB,淺水灣/壽臣山,1976/12,1976,50,whole floor,16.0,11,blank,REPULSE BAY GARDEN,淺水灣新村,True
5997,2016-06-21,"PARKVIEW RISE(Block 8,HONG KONG PARKVIEW),TAI TAM RESERVOIR RD|陽明山莊,8座(凌雲閣),大潭水塘道",10931.814919311888,2366,1915,"{'bay_window': '', 'flat_roof': '', 'roof': '', 'ac_platform': '', 'plant_room': '', 'garden': '', 'yard': ''}",42.5,40.2807,22193,21034.30809399478,16070802170076,4529849,ASP,HRB,淺水灣/壽臣山,1988/08,1988,38,53,8.0,8,blank,HONG KONG PARKVIEW,陽明山莊,True
5998,2016-06-18,"MING WAI GARDEN,REPULSE BAY RD|明慧園,淺水灣道",15263.381145658053,0,1630,"{'bay_window': '', 'flat_roof': '', 'roof': '', 'ac_platform': '', 'plant_room': '', 'garden': '', 'yard': ''}",51.0,47.8712,31288,29368.83435582822,16071501810013,4532971,PRO-ASP,HRB,淺水灣/壽臣山,1973/12,1973,53,B,14.0,blank,blank,blank,,True
6000,2016-07-07,"REPULSE BAY GARDEN(Block 3),BELLEVIEW DR|淺水灣新村3座,麗景道",13124.355976548268,2810,2625,"{'bay_window': '', 'flat_roof': '', 'roof': '', 'ac_platform': '', 'plant_room': '', 'garden': '', 'yard': ''}",70.38,67.6989,26811,25790.057142857142,16072100850013,4535402,PRO-ASP,HRB,淺水灣/壽臣山,1973/11,1973,53,whole floor,17.0,3,blank,REPULSE BAY GARDEN,淺水灣新村,True
6001,2016-07-04,"SOUTH BAY TOWERS,SOUTH BAY RD|南灣大廈,南灣道",10942.786875856664,2738,2090,"{'bay_window': '107', 'flat_roof': '', 'roof': '', 'ac_platform': '', 'plant_room': '', 'garden': '', 'yard': ''}",47.2,44.9416,22584,21503.157894736843,16072200530014,4536136,PRO-ASP,HRB,淺水灣/壽臣山,1984/11,1984,42,C,26.0,blank,blank,blank,,True
6002,2016-06-23,"PARKVIEW SUITE(Block 3,HONG KONG PARKVIEW),TAI TAM RESERVOIR RD|陽明山莊,3座(陽明居),大潭水塘道",8793.275938831035,1235,1012,"{'bay_window': '', 'flat_roof': '', 'roof': '', 'ac_platform': '', 'plant_room': '', 'garden': '', 'yard': ''}",19.0,17.1225,18775,16919.466403162056,16080100300019,4540021,PRE-ASP,HRB,淺水灣/壽臣山,1989/05,1989,37,25,2.0,3,blank,HONG KONG PARKVIEW,陽明山莊,True
6004,2016-07-22,"PINE CREST,REPULSE BAY RD|松苑,淺水灣道",19138.332670927946,2250,1862,"{'bay_window': '', 'flat_roof': '', 'roof': '', 'ac_platform': '', 'plant_room': '', 'garden': '', 'yard': ''}",74.0,70.0258,39742,37607.8410311493,16080101660048,4540022,ASP,HRB,淺水灣/壽臣山,1982/11,1982,44,A,18.0,blank,blank,blank,,True
6007,2016-07-26,"37 REPULSE BAY RD(Block 1),REPULSE BAY RD|淺水灣道 37號1座,淺水灣道",9208.061880169867,1225,882,"{'bay_window': '56', 'flat_roof': '', 'roof': '', 'ac_platform': '', 'plant_room': '', 'garden': '', 'yard': ''}",18.0,15.9592,20408,18094.331065759638,16080302230198,4540871,ASP,HRB,淺水灣/壽臣山,1994/02,1994,32,A,1.0,1,blank,37 REPULSE BAY RD,淺水灣道 37號,True
6009,2016-07-29,"PARKVIEW SUITE(Block 5,HONG KONG PARKVIEW),TAI TAM RESERVOIR RD|陽明山莊,5座(陽明居),大潭水塘道",9487.778223696201,1309,1048,"{'bay_window': '', 'flat_roof': '', 'roof': '', 'ac_platform': '', 'plant_room': '', 'garden': '', 'yard': ''}",21.6,19.5389,20611,18643.98854961832,16080800430077,4542858,ASP,HRB,淺水灣/壽臣山,1989/05,1989,37,41,5.0,5,blank,HONG KONG PARKVIEW,陽明山莊,True
6011,2016-08-03,"REPULSE BAY GARDEN(Block 7),BELLEVIEW DR|淺水灣新村7座,麗景道",11337.541217707712,2288,2110,"{'bay_window': '', 'flat_roof': '', 'roof': '', 'ac_platform': '', 'plant_room': '', 'garden': '', 'yard': ''}",50.0,47.6303,23697,22573.6018957346,16080801560023,4542860,ASP,HRB,淺水灣/壽臣山,1973/11,1973,53,whole floor,11.0,7,blank,REPULSE BAY GARDEN,淺水灣新村,True
6013,2016-08-09,"37 REPULSE BAY RD(Block 2),REPULSE BAY RD|淺水灣道 37號2座,淺水灣道",15685.856149524752,1635,1236,"{'bay_window': '32', 'flat_roof': '', 'roof': '', 'ac_platform': '', 'plant_room': '', 'garden': '', 'yard': ''}",42.0,38.6019,33981,31231.31067961165,16081601580048,4546729,ASP,HRB,淺水灣/壽臣山,1994/02,1994,32,A,4.0,2,blank,37 REPULSE BAY RD,淺水灣道 37號,True
6014,2016-08-17,"37 REPULSE BAY RD(Block 1),REPULSE BAY RD|淺水灣道 37號1座,淺水灣道",10549.480942044442,1225,882,"{'bay_window': '56', 'flat_roof': '', 'roof': '', 'ac_platform': '', 'plant_room': '', 'garden': '', 'yard': ''}",20.895,18.526,23690,21004.53514739229,16082302340072,4550400,ASP,HRB,淺水灣/壽臣山,1994/02,1994,32,A,5.0,1,blank,37 REPULSE BAY RD,淺水灣道 37號,True
6015,2016-08-05,"GRAND GARDEN(Block 3),SOUTH BAY RD|華景園3座,南灣道",11399.881119578491,1657,1274,"{'bay_window': '40', 'flat_roof': '', 'roof': '', 'ac_platform': '', 'plant_room': '', 'garden': '', 'yard': ''}",31.38,28.9169,24631,22697.723704866563,16082900150062,4553192,PRO-ASP,HRB,淺水灣/壽臣山,1986/12,1986,40,A,13.0,3,blank,GRAND GARDEN,華景園,True
6017,2016-08-30,"PARKVIEW CRESCENT(Block 10,HONG KONG PARKVIEW),TAI TAM RESERVOIR RD|陽明山莊,10座(環翠軒),大潭水塘道",11085.972206443523,2771,2342,"{'bay_window': '', 'flat_roof': '', 'roof': '', 'ac_platform': '', 'plant_room': '', 'garden': '', 'yard': ''}",54.0,51.6943,23057,22072.71562766866,16090800200154,4557866,ASP,HRB,淺水灣/壽臣山,1988/08,1988,38,63,8.0,10,blank,HONG KONG PARKVIEW,陽明山莊,True
6018,2016-08-11,"SOUTH BAY GARDEN(Block C),SOUTH BAY CLOSE|南灣花園C座,南灣坊",8341.803671406966,1027,850,"{'bay_window': '', 'flat_roof': '', 'roof': '', 'ac_platform': '', 'plant_room': '', 'garden': '', 'yard': ''}",16.0,14.1176,18824,16608.941176470587,16090801680120,4557865,PRE-ASP,HRB,淺水灣/壽臣山,1985/09,1985,41,2,4.0,C,blank,SOUTH BAY GARDEN,南灣花園,True
6020,2016-09-08,"37 REPULSE BAY RD(Block 1),REPULSE BAY RD|淺水灣道 37號1座,淺水灣道",10052.48026987568,1225,882,"{'bay_window': '56', 'flat_roof': '', 'roof': '', 'ac_platform': '', 'plant_room': '', 'garden': '', 'yard': ''}",20.8,18.4417,23583,20908.956916099774,16091500320111,4561702,ASP,HRB,淺水灣/壽臣山,1994/02,1994,32,A,3.0,1,blank,37 REPULSE BAY RD,淺水灣道 37號,True
6023,2016-09-04,"SOUTH BAY TOWERS,SOUTH BAY RD|南灣大廈,南灣道",10539.2351963764,1433,1145,"{'bay_window': '', 'flat_roof': '', 'roof': '', 'ac_platform': '', 'plant_room': '', 'garden': '', 'yard': ''}",25.1,25.1,21921,21921.397379912665,16092101840013,4563951,PRE-ASP,HRB,淺水灣/壽臣山,1984/11,1984,42,A,10.0,blank,blank,blank,,False
6025,2016-10-06,"REPULSE BAY GARDEN(Block 2),BELLEVIEW DR|淺水灣新村2座,麗景道",10998.613777533776,2288,2110,"{'bay_window': '', 'flat_roof': '', 'roof': '', 'ac_platform': '', 'plant_room': '', 'garden': '', 'yard': ''}",52.0,49.5355,24645,23476.540284360188,16101401380066,4579183,ASP,HRB,淺水灣/壽臣山,1973/11,1973,53,whole floor,15.0,2,blank,REPULSE BAY GARDEN,淺水灣新村,True
6029,2016-10-27,"RIDGE COURT,REPULSE BAY RD|冠園,淺水灣道",10169.156519769189,0,1880,"{'bay_window': '', 'flat_roof': '', 'roof': '', 'ac_platform': '', 'plant_room': '', 'garden': '', 'yard': ''}",43.1,40.8074,22926,21706.063829787236,16110100870083,4589525,ASP,HRB,淺水灣/壽臣山,1962/08,1962,64,A,1.0,blank,blank,blank,,True
6030,2016-10-19,"REPULSE BAY GARDEN(Block 7),BELLEVIEW DR|淺水灣新村7座,麗景道",9979.140164477556,2288,2110,"{'bay_window': '', 'flat_roof': '', 'roof': '', 'ac_platform': '', 'plant_room': '', 'garden': '', 'yard': ''}",47.18,44.944,22360,21300.47393364929,16110101220036,4589472,ASP,HRB,淺水灣/壽臣山,1973/11,1973,53,whole floor,6.0,7,blank,REPULSE BAY GARDEN,淺水灣新村,True
6031,2016-10-14,"PARKVIEW SUITE(Block 4,HONG KONG PARKVIEW),TAI TAM RESERVOIR RD|陽明山莊,4座(陽明居),大潭水塘道",10782.982868008574,1903,1579,"{'bay_window': '', 'flat_roof': '', 'roof': '', 'ac_platform': '', 'plant_room': '', 'garden': '', 'yard': ''}",38.8,36.3427,24573,23016.276124129196,16110301760056,4590860,ASP,HRB,淺水灣/壽臣山,1989/05,1989,37,33,23.0,4,blank,HONG KONG PARKVIEW,陽明山莊,True
6032,2016-10-07,"PARKVIEW HEIGHTS(Block 13,HONG KONG PARKVIEW),TAI TAM RESERVOIR RD|陽明山莊,13座(摘星樓),大潭水塘道",10597.261505201399,2700,2327,"{'bay_window': '', 'flat_roof': '', 'roof': '', 'ac_platform': '', 'plant_room': '', 'garden': '', 'yard': ''}",55.0,52.6364,23636,22619.853889127633,16110301900021,4590861,PRO-ASP,HRB,淺水灣/壽臣山,1988/08,1988,38,73,20.0,13,blank,HONG KONG PARKVIEW,陽明山莊,True
6033,2016-10-08,"PARKVIEW HEIGHTS(Block 14,HONG KONG PARKVIEW),TAI TAM RESERVOIR RD|陽明山莊,14座(摘星樓),大潭水塘道",10452.762109383428,2045,1655,"{'bay_window': '', 'flat_roof': '', 'roof': '', 'ac_platform': '', 'plant_room': '', 'garden': '', 'yard': ''}",39.3,36.9254,23746,22311.41993957704,16110302380093,4590862,PRO-ASP,HRB,淺水灣/壽臣山,1988/12,1988,38,79,8.0,14,blank,HONG KONG PARKVIEW,陽明山莊,True
6035,2016-10-24,"CELESTIAL GARDEN,REPULSE BAY RD|詩禮花園,淺水灣道",16497.453114046835,0,1962,"{'bay_window': '', 'flat_roof': '', 'roof': '', 'ac_platform': '', 'plant_room': '', 'garden': '', 'yard': ''}",72.8,69.0895,37105,35213.8124362895,16111001470090,4594959,ASP,HRB,淺水灣/壽臣山,1978/09,1978,48,B,17.0,blank,blank,blank,,True
6036,2016-10-26,"RUBY COURT(Block 2),SOUTH BAY RD|嘉麟閣2座,南灣道",10875.356480903822,1780,1517,"{'bay_window': '50', 'flat_roof': '', 'roof': '', 'ac_platform': '', 'plant_room': '', 'garden': '', 'yard': ''}",37.7,35.214800000000004,24852,23213.447593935405,16111601210012,4598198,ASP,HRB,淺水灣/壽臣山,1987/05,1987,39,A,14.0,2,blank,RUBY COURT,嘉麟閣,True
6041,2016-11-10,"GROSVENOR PLACE,REPULSE BAY RD|GROSVENOR PLACE,淺水灣道",19660.54467225846,2719,2121,"{'bay_window': '', 'flat_roof': '', 'roof': '', 'ac_platform': '', 'plant_room': '', 'garden': '', 'yard': ''}",92.5,88.1388,43612,41555.30410183875,16120901060021,4612341,PRE-ASP,HRB,淺水灣/壽臣山,2003/09,2003,23,whole floor,5.0,blank,blank,blank,,True
6042,2016-11-16,"PARKVIEW TERR(Block 11,HONG KONG PARKVIEW),TAI TAM RESERVOIR RD|陽明山莊,11座(涵碧苑),大潭水塘道",11776.372391110857,2620,2157,"{'bay_window': '', 'flat_roof': '', 'roof': '', 'ac_platform': '', 'plant_room': '', 'garden': '', 'yard': ''}",56.3,53.6899,26101,24891.006026889198,16121300790070,4613887,ASP,HRB,淺水灣/壽臣山,1988/08,1988,38,65,15.0,11,blank,HONG KONG PARKVIEW,陽明山莊,True
6044,2016-12-21,"PARKVIEW SUITE(Block 5,HONG KONG PARKVIEW),TAI TAM RESERVOIR RD|陽明山莊,5座(陽明居),大潭水塘道",8834.121389373435,1309,1048,"{'bay_window': '', 'flat_roof': '', 'roof': '', 'ac_platform': '', 'plant_room': '', 'garden': '', 'yard': ''}",20.0,20.0,19084,19083.969465648854,17010600460018,4626573,ASP,HRB,淺水灣/壽臣山,1989/05,1989,37,41,3.0,5,blank,HONG KONG PARKVIEW,陽明山莊,False
6047,2017-01-10,"37 REPULSE BAY RD(Block 1),REPULSE BAY RD|淺水灣道 37號1座,淺水灣道",11108.257727831418,1225,882,"{'bay_window': '56', 'flat_roof': '', 'roof': '', 'ac_platform': '', 'plant_room': '', 'garden': '', 'yard': ''}",21.0,21.0,23810,23809.52380952381,17012501880119,4638249,ASP,HRB,淺水灣/壽臣山,1994/02,1994,32,A,10.0,1,blank,37 REPULSE BAY RD,淺水灣道 37號,False
6050,2017-03-02,"SEA CLIFF MANSION(Block B),REPULSE BAY RD|海峰園B座,淺水灣道",12005.604780801688,0,1941,"{'bay_window': '', 'flat_roof': '', 'roof': '', 'ac_platform': '', 'plant_room': '', 'garden': '', 'yard': ''}",53.8,51.0282,27718,26289.64451313756,17031301570013,4661525,ASP,HRB,淺水灣/壽臣山,1964/05,1964,62,B2,9.0,B,blank,SEA CLIFF MANSION,海峰園,True
6051,2017-02-24,"SPLENDOUR VILLA,SOUTH BAY RD|雅景閣,南灣道",9280.101281451485,0,604,"{'bay_window': '', 'flat_roof': '', 'roof': '', 'ac_platform': '', 'plant_room': '', 'garden': '', 'yard': ''}",14.28,11.9158,23642,19728.145695364237,17031601450026,4663858,ASP,HRB,淺水灣/壽臣山,1993/08,1993,33,B,2.0,blank,blank,blank,,True
6054,2017-02-23,"REPULSE BAY GARDEN(Block 11),BELLEVIEW DR|淺水灣新村11座,麗景道",12012.554152573859,1728,1459,"{'bay_window': '', 'flat_roof': '', 'roof': '', 'ac_platform': '', 'plant_room': '', 'garden': '', 'yard': ''}",40.0,37.2584,27416,25536.943111720357,17032100620016,4666326,ASP,HRB,淺水灣/壽臣山,1976/12,1976,50,whole floor,10.0,11,blank,REPULSE BAY GARDEN,淺水灣新村,True
6055,2017-03-10,"PARKVIEW SUITE(Block 3,HONG KONG PARKVIEW),TAI TAM RESERVOIR RD|陽明山莊,3座(陽明居),大潭水塘道",9223.087634015641,1235,1012,"{'bay_window': '', 'flat_roof': '', 'roof': '', 'ac_platform': '', 'plant_room': '', 'garden': '', 'yard': ''}",22.68,20.4389,22411,20196.541501976284,17032101040016,4666325,ASP,HRB,淺水灣/壽臣山,1989/05,1989,37,25,12.0,3,blank,HONG KONG PARKVIEW,陽明山莊,True
6057,2017-03-10,"PINE CREST,REPULSE BAY RD|松苑,淺水灣道",15967.392296187436,2250,1862,"{'bay_window': '', 'flat_roof': '', 'roof': '', 'ac_platform': '', 'plant_room': '', 'garden': '', 'yard': ''}",68.8,65.105,36950,34965.09129967777,17032800970018,4670418,ASP,HRB,淺水灣/壽臣山,1982/11,1982,44,B,15.0,blank,blank,blank,,True
6060,2017-03-10,"37 REPULSE BAY RD(Block 2),REPULSE BAY RD|淺水灣道 37號2座,淺水灣道",15070.517828795017,1635,1236,"{'bay_window': '32', 'flat_roof': '', 'roof': '', 'ac_platform': '', 'plant_room': '', 'garden': '', 'yard': ''}",44.38,40.7894,35906,33001.132686084144,17040501950014,4674814,PRE-ASP,HRB,淺水灣/壽臣山,1994/02,1994,32,A,18.0,2,blank,37 REPULSE BAY RD,淺水灣道 37號,True
6061,2017-03-13,"MING WAI GARDEN,REPULSE BAY RD|明慧園,淺水灣道",14642.470900308794,0,1630,"{'bay_window': '', 'flat_roof': '', 'roof': '', 'ac_platform': '', 'plant_room': '', 'garden': '', 'yard': ''}",55.68,52.264,34160,32063.803680981597,17040700540089,4677008,PRO-ASP,HRB,淺水灣/壽臣山,1973/12,1973,53,A,7.0,blank,blank,blank,,True
6063,2017-03-10,"PARKVIEW SUITE(Block 3,HONG KONG PARKVIEW),TAI TAM RESERVOIR RD|陽明山莊,3座(陽明居),大潭水塘道",8729.04124160552,1275,994,"{'bay_window': '', 'flat_roof': '', 'roof': '', 'ac_platform': '', 'plant_room': '', 'garden': '', 'yard': ''}",19.0,19.0,19115,19114.688128772636,17040700630196,4676028,ASP,HRB,淺水灣/壽臣山,1989/05,1989,37,27,8.0,3,blank,HONG KONG PARKVIEW,陽明山莊,False
6064,2017-04-03,"REPULSE BAY GARDEN(Block 12),BELLEVIEW DR|淺水灣新村12座,麗景道",11458.12927211126,1728,1459,"{'bay_window': '', 'flat_roof': '', 'roof': '', 'ac_platform': '', 'plant_room': '', 'garden': '', 'yard': ''}",40.0,37.2584,27416,25536.943111720357,17042401650257,4686857,PRO-ASP,HRB,淺水灣/壽臣山,1976/12,1976,50,whole floor,13.0,12,blank,REPULSE BAY GARDEN,淺水灣新村,True
6066,2017-03-29,"PINE CREST,REPULSE BAY RD|松苑,淺水灣道",16710.076534745374,2250,1862,"{'bay_window': '', 'flat_roof': '', 'roof': '', 'ac_platform': '', 'plant_room': '', 'garden': '', 'yard': ''}",72.0,68.1332,38668,36591.40708915145,17042602120308,4688951,ASP,HRB,淺水灣/壽臣山,1982/11,1982,44,B,4.0,blank,blank,blank,,True
6068,2017-03-30,"GROSVENOR PLACE,REPULSE BAY RD|GROSVENOR PLACE,淺水灣道",19493.727192481598,2809,2191,"{'bay_window': '', 'flat_roof': '', 'roof': '', 'ac_platform': '', 'plant_room': '', 'garden': '', 'yard': ''}",98.0,93.5272,44728,42686.99224098585,17042701930212,4690144,PRO-ASP,HRB,淺水灣/壽臣山,2003/09,2003,23,whole floor,6.0,blank,blank,blank,,True
6069,2017-04-07,"PARKVIEW SUITE(Block 3,HONG KONG PARKVIEW),TAI TAM RESERVOIR RD|陽明山莊,3座(陽明居),大潭水塘道",8884.798090874201,1290,1051,"{'bay_window': '', 'flat_roof': '', 'roof': '', 'ac_platform': '', 'plant_room': '', 'garden': '', 'yard': ''}",23.0,20.8116,21884,19801.712654614654,17042802240191,4691302,ASP,HRB,淺水灣/壽臣山,1989/05,1989,37,23,9.0,3,blank,HONG KONG PARKVIEW,陽明山莊,True
6071,2017-04-26,"PARKVIEW RISE(Block 7,HONG KONG PARKVIEW),TAI TAM RESERVOIR RD|陽明山莊,7座(凌雲閣),大潭水塘道",11195.114848063718,2092,1649,"{'bay_window': '', 'flat_roof': '', 'roof': '1650', 'ac_platform': '', 'plant_room': '', 'garden': '', 'yard': ''}",43.8,41.1438,26562,24950.758035172832,17050900590026,4696299,PRO-ASP,HRB,淺水灣/壽臣山,1988/12,1988,38,49,23.0,7,blank,HONG KONG PARKVIEW,陽明山莊,True
6075,2017-05-05,"PARKVIEW HEIGHTS(Block 14,HONG KONG PARKVIEW),TAI TAM RESERVOIR RD|陽明山莊,14座(摘星樓),大潭水塘道",10169.518689035125,1860,1505,"{'bay_window': '', 'flat_roof': '', 'roof': '', 'ac_platform': '', 'plant_room': '', 'garden': '', 'yard': ''}",36.8,34.3548,24452,22827.109634551496,17051201160058,4698763,ASP,HRB,淺水灣/壽臣山,1988/12,1988,38,77,22.0,14,blank,HONG KONG PARKVIEW,陽明山莊,True
6078,2017-05-23,"SOUTH BAY TOWERS,SOUTH BAY RD|南灣大廈,南灣道",9296.591727860188,1433,1145,"{'bay_window': '', 'flat_roof': '', 'roof': '', 'ac_platform': '', 'plant_room': '', 'garden': '', 'yard': ''}",26.18,23.8935,22865,20867.68558951965,17060901700013,4715795,ASP,HRB,淺水灣/壽臣山,1984/11,1984,42,D,26.0,blank,blank,blank,,True
6079,2017-05-31,"PARKVIEW SUITE(Block 5,HONG KONG PARKVIEW),TAI TAM RESERVOIR RD|陽明山莊,5座(陽明居),大潭水塘道",9062.63437267982,1312,1051,"{'bay_window': '', 'flat_roof': '', 'roof': '', 'ac_platform': '', 'plant_room': '', 'garden': '', 'yard': ''}",21.38,21.38,20343,20342.530922930542,17061300210171,4716909,ASP,HRB,淺水灣/壽臣山,1989/05,1989,37,39,16.0,5,blank,HONG KONG PARKVIEW,陽明山莊,False
6080,2017-05-23,"PARKVIEW SUITE(Block 3,HONG KONG PARKVIEW),TAI TAM RESERVOIR RD|陽明山莊,3座(陽明居),大潭水塘道",9322.91779606906,1235,1012,"{'bay_window': '', 'flat_roof': '', 'roof': '', 'ac_platform': '', 'plant_room': '', 'garden': '', 'yard': ''}",23.5,21.1779,23221,20926.778656126484,17061400660156,4718353,PRE-ASP,HRB,淺水灣/壽臣山,1989/05,1989,37,25,17.0,3,blank,HONG KONG PARKVIEW,陽明山莊,True
6082,2017-05-25,"37 REPULSE BAY RD(Block 1),REPULSE BAY RD|淺水灣道 37號1座,淺水灣道",12091.585896204084,1225,882,"{'bay_window': '56', 'flat_roof': '', 'roof': '', 'ac_platform': '', 'plant_room': '', 'garden': '', 'yard': ''}",27.0,23.9388,30612,27141.496598639456,17061402440011,4718355,ASP,HRB,淺水灣/壽臣山,1994/02,1994,32,A,18.0,1,blank,37 REPULSE BAY RD,淺水灣道 37號,True
6086,2017-06-23,"GRAND GARDEN(Block 3),SOUTH BAY RD|華景園3座,南灣道",11496.133520307198,1657,1217,"{'bay_window': '', 'flat_roof': '', 'roof': '', 'ac_platform': '', 'plant_room': '', 'garden': '', 'yard': ''}",35.0,32.1241,28759,26396.138044371404,17070601590052,4732849,ASP,HRB,淺水灣/壽臣山,1986/12,1986,40,B,13.0,3,blank,GRAND GARDEN,華景園,True
6087,2017-06-23,"GRAND GARDEN(Block 3),SOUTH BAY RD|華景園3座,南灣道",10839.198312683391,1657,1217,"{'bay_window': '', 'flat_roof': '', 'roof': '', 'ac_platform': '', 'plant_room': '', 'garden': '', 'yard': ''}",33.0,30.2884,27116,24887.756778964667,17070601590079,4732850,ASP,HRB,淺水灣/壽臣山,1986/12,1986,40,B,7.0,3,blank,GRAND GARDEN,華景園,True
6088,2017-06-09,"56 REPULSE BAY RD,REPULSE BAY RD|淺水灣道56號,淺水灣道",30367.141404519163,3265,2621,"{'bay_window': '', 'flat_roof': '', 'roof': '879', 'ac_platform': '', 'plant_room': '', 'garden': '', 'yard': ''}",190.0,182.7509,72491,69725.63906905761,17070601780013,4732943,PRE-ASP,HRB,淺水灣/壽臣山,1994/04,1994,32,8,0.0,blank,blank,blank,,True
6089,2017-06-20,"PARKVIEW CORNER(Block 17,HONG KONG PARKVIEW),TAI TAM RESERVOIR RD|陽明山莊,17座(眺景台),大潭水塘道",15243.315993210239,3225,2626,"{'bay_window': '', 'flat_roof': '', 'roof': '', 'ac_platform': '', 'plant_room': '', 'garden': '', 'yard': ''}",91.91,91.91,35000,35000.0,17070602230229,4732423,ASP,HRB,淺水灣/壽臣山,1989/11,1989,37,93,18.0,17,blank,HONG KONG PARKVIEW,陽明山莊,False
6090,2017-06-20,"PARKVIEW CORNER(Block 17,HONG KONG PARKVIEW),TAI TAM RESERVOIR RD|陽明山莊,17座(眺景台),大潭水塘道",15243.315993210239,2645,2188,"{'bay_window': '', 'flat_roof': '', 'roof': '', 'ac_platform': '', 'plant_room': '', 'garden': '', 'yard': ''}",76.58,76.58,35000,35000.0,17070602230242,4732424,ASP,HRB,淺水灣/壽臣山,1989/11,1989,37,91,18.0,17,blank,HONG KONG PARKVIEW,陽明山莊,False
6091,2017-06-20,"PARKVIEW CORNER(Block 17,HONG KONG PARKVIEW),TAI TAM RESERVOIR RD|陽明山莊,17座(眺景台),大潭水塘道",16224.636806040306,2645,2188,"{'bay_window': '', 'flat_roof': '', 'roof': '', 'ac_platform': '', 'plant_room': '', 'garden': '', 'yard': ''}",81.51,81.51,37253,37253.19926873857,17070602230267,4732425,ASP,HRB,淺水灣/壽臣山,1989/11,1989,37,91,19.0,17,blank,HONG KONG PARKVIEW,陽明山莊,False
6095,2017-07-27,"PARKVIEW SUITE(Block 5,HONG KONG PARKVIEW),TAI TAM RESERVOIR RD|陽明山莊,5座(陽明居),大潭水塘道",9209.961677489839,1299,1041,"{'bay_window': '', 'flat_roof': '', 'roof': '', 'ac_platform': '', 'plant_room': '', 'garden': '', 'yard': ''}",24.28,21.9476,23324,21083.189241114313,17080901320010,4751510,ASP,HRB,淺水灣/壽臣山,1989/05,1989,37,35,10.0,5,blank,HONG KONG PARKVIEW,陽明山莊,True
6098,2017-08-21,"RIDGE COURT,REPULSE BAY RD|冠園,淺水灣道",9521.942070880996,0,1880,"{'bay_window': '', 'flat_roof': '', 'roof': '', 'ac_platform': '', 'plant_room': '', 'garden': '', 'yard': ''}",43.5,41.1862,23138,21907.55319148936,17083000610136,4761585,ASP,HRB,淺水灣/壽臣山,1962/08,1962,64,D,2.0,blank,blank,blank,,True
6099,2017-08-18,"PARKVIEW TERR(Block 11,HONG KONG PARKVIEW),TAI TAM RESERVOIR RD|陽明山莊,11座(涵碧苑),大潭水塘道",11702.750943990379,2490,2049,"{'bay_window': '', 'flat_roof': '', 'roof': '', 'ac_platform': '', 'plant_room': '', 'garden': '', 'yard': ''}",58.0,55.1694,28306,26925.036603221084,17090100440067,4762843,ASP,HRB,淺水灣/壽臣山,1988/08,1988,38,67,8.0,11,blank,HONG KONG PARKVIEW,陽明山莊,True
6101,2017-08-28,"GRAND GARDEN(Block 2),SOUTH BAY RD|華景園2座,南灣道",9751.370469040445,1463,1124,"{'bay_window': '33', 'flat_roof': '', 'roof': '', 'ac_platform': '', 'plant_room': '', 'garden': '', 'yard': ''}",27.68,25.2174,24626,22435.40925266904,17090400800017,4763647,ASP,HRB,淺水灣/壽臣山,1986/12,1986,40,B,23.0,2,blank,GRAND GARDEN,華景園,True
6102,2017-08-18,"PARKVIEW RISE(Block 7,HONG KONG PARKVIEW),TAI TAM RESERVOIR RD|陽明山莊,7座(凌雲閣),大潭水塘道",10437.45272188808,1924,1517,"{'bay_window': '', 'flat_roof': '', 'roof': '', 'ac_platform': '', 'plant_room': '', 'garden': '', 'yard': ''}",39.0,36.4291,25709,24013.909030982202,17090801820023,4766375,PRE-ASP,HRB,淺水灣/壽臣山,1988/12,1988,38,51,15.0,7,blank,HONG KONG PARKVIEW,陽明山莊,True
6104,2017-08-31,"SEA CLIFF MANSION(Block A),REPULSE BAY RD|海峰園A座,淺水灣道",13168.196158126653,0,1941,"{'bay_window': '', 'flat_roof': '', 'roof': '', 'ac_platform': '', 'plant_room': '', 'garden': '', 'yard': ''}",62.0,58.8058,31942,30296.651210716125,17091401000115,4769225,ASP,HRB,淺水灣/壽臣山,1964/05,1964,62,A2,3.0,A,blank,SEA CLIFF MANSION,海峰園,True
6105,2017-09-06,"BELGRAVIA,SOUTH BAY RD|BELGRAVIA,南灣道",15268.64899083329,2790,2222,"{'bay_window': '', 'flat_roof': '', 'roof': '', 'ac_platform': '', 'plant_room': '', 'garden': '', 'yard': ''}",77.78,77.78,35005,35004.500450045,17100300450013,5226903,PRO-ASP,HRB,淺水灣/壽臣山,1989/04,1989,37,B,6.0,blank,blank,blank,,False
6106,2017-09-27,"RIDGE COURT,REPULSE BAY RD|冠園,淺水灣道",11322.405374217109,0,1880,"{'bay_window': '', 'flat_roof': '', 'roof': '', 'ac_platform': '', 'plant_room': '', 'garden': '', 'yard': ''}",48.8,48.8,25957,25957.44680851064,17100600300013,5228352,ASP,HRB,淺水灣/壽臣山,1962/08,1962,64,A,8.0,blank,blank,blank,,False
6107,2016-12-20,"MONTE VERDE,REPULSE BAY RD|南山別墅,淺水灣道",18894.202481761964,2215,1960,"{'bay_window': '', 'flat_roof': '', 'roof': '', 'ac_platform': '', 'plant_room': '', 'garden': '', 'yard': ''}",80.0,80.0,40816,40816.32653061225,17101201070033,5231235,ASP,HRB,淺水灣/壽臣山,1974/05,1974,52,A,10.0,blank,blank,blank,,False
6108,2017-09-27,"PARKVIEW SUITE(Block 4,HONG KONG PARKVIEW),TAI TAM RESERVOIR RD|陽明山莊,4座(陽明居),大潭水塘道",9057.82793950199,1857,1541,"{'bay_window': '', 'flat_roof': '', 'roof': '', 'ac_platform': '', 'plant_room': '', 'garden': '', 'yard': ''}",32.0,32.0,20766,20765.736534717715,17101201300018,5230842,ASP,HRB,淺水灣/壽臣山,1989/05,1989,37,29,5.0,4,blank,HONG KONG PARKVIEW,陽明山莊,False
6109,2017-09-22,"PARKVIEW RISE(Block 8,HONG KONG PARKVIEW),TAI TAM RESERVOIR RD|陽明山莊,8座(凌雲閣),大潭水塘道",10773.804471781046,2366,1915,"{'bay_window': '', 'flat_roof': '', 'roof': '', 'ac_platform': '', 'plant_room': '', 'garden': '', 'yard': ''}",47.3,47.3,24700,24699.738903394256,17101302050147,5232091,ASP,HRB,淺水灣/壽臣山,1988/08,1988,38,53,22.0,8,blank,HONG KONG PARKVIEW,陽明山莊,False
6110,2017-09-20,"REPULSE BAY GARDEN(Block 12),BELLEVIEW DR|淺水灣新村12座,麗景道",11922.754040617074,1728,1459,"{'bay_window': '', 'flat_roof': '', 'roof': '', 'ac_platform': '', 'plant_room': '', 'garden': '', 'yard': ''}",39.88,39.88,27334,27333.790267306373,17101802220303,5234442,PRE-ASP,HRB,淺水灣/壽臣山,1976/12,1976,50,whole floor,4.0,12,blank,REPULSE BAY GARDEN,淺水灣新村,False
6113,2017-10-11,"PARKVIEW SUITE(Block 5,HONG KONG PARKVIEW),TAI TAM RESERVOIR RD|陽明山莊,5座(陽明居),大潭水塘道",10156.394061064635,1312,1051,"{'bay_window': '', 'flat_roof': '', 'roof': '', 'ac_platform': '', 'plant_room': '', 'garden': '', 'yard': ''}",24.5,24.5,23311,23311.132254995242,17102601950021,5239122,PRO-ASP,HRB,淺水灣/壽臣山,1989/05,1989,37,39,18.0,5,blank,HONG KONG PARKVIEW,陽明山莊,False
6114,2017-10-06,"PARKVIEW RISE(Block 8,HONG KONG PARKVIEW),TAI TAM RESERVOIR RD|陽明山莊,8座(凌雲閣),大潭水塘道",9965.096455016514,2366,1915,"{'bay_window': '', 'flat_roof': '', 'roof': '', 'ac_platform': '', 'plant_room': '', 'garden': '', 'yard': ''}",43.8,43.8,22872,22872.062663185377,17102701620056,5239796,PRO-ASP,HRB,淺水灣/壽臣山,1988/08,1988,38,55,3.0,8,blank,HONG KONG PARKVIEW,陽明山莊,False
6115,2017-10-10,"PARKVIEW CRESCENT(Block 10,HONG KONG PARKVIEW),TAI TAM RESERVOIR RD|陽明山莊,10座(環翠軒),大潭水塘道",11161.961858706773,2771,2342,"{'bay_window': '', 'flat_roof': '', 'roof': '', 'ac_platform': '', 'plant_room': '', 'garden': '', 'yard': ''}",60.0,60.0,25619,25619.12894961571,17110101780102,5241925,ASP,HRB,淺水灣/壽臣山,1988/08,1988,38,63,11.0,10,blank,HONG KONG PARKVIEW,陽明山莊,False
6118,2017-10-30,"SOUTH BAY GARDEN(Block B),SOUTH BAY CLOSE|南灣花園B座,南灣坊",9749.204289090107,1542,1296,"{'bay_window': '', 'flat_roof': '', 'roof': '', 'ac_platform': '', 'plant_room': '', 'garden': '', 'yard': ''}",29.0,29.0,22377,22376.543209876545,17110701240179,5244572,ASP,HRB,淺水灣/壽臣山,1985/09,1985,41,1,3.0,B,blank,SOUTH BAY GARDEN,南灣花園,False
6121,2017-11-21,"PARKVIEW RISE(Block 7,HONG KONG PARKVIEW),TAI TAM RESERVOIR RD|陽明山莊,7座(凌雲閣),大潭水塘道",12176.401152950839,1924,1517,"{'bay_window': '', 'flat_roof': '', 'roof': '', 'ac_platform': '', 'plant_room': '', 'garden': '', 'yard': ''}",42.5,42.5,28016,28015.820698747528,17112900260026,5256464,ASP,HRB,淺水灣/壽臣山,1988/12,1988,38,51,9.0,7,blank,HONG KONG PARKVIEW,陽明山莊,False
6122,2017-11-09,"PARKVIEW HEIGHTS(Block 14,HONG KONG PARKVIEW),TAI TAM RESERVOIR RD|陽明山莊,14座(摘星樓),大潭水塘道",12215.370408385843,1785,1441,"{'bay_window': '', 'flat_roof': '', 'roof': '', 'ac_platform': '', 'plant_room': '', 'garden': '', 'yard': ''}",40.5,40.5,28105,28105.482303955585,17113000300178,5257274,PRE-ASP,HRB,淺水灣/壽臣山,1988/12,1988,38,81,7.0,14,blank,HONG KONG PARKVIEW,陽明山莊,False
6123,2017-11-21,"PARKVIEW SUITE(Block 3,HONG KONG PARKVIEW),TAI TAM RESERVOIR RD|陽明山莊,3座(陽明居),大潭水塘道",10153.145914122528,1290,976,"{'bay_window': '', 'flat_roof': '', 'roof': '', 'ac_platform': '', 'plant_room': '', 'garden': '', 'yard': ''}",22.8,22.8,23361,23360.655737704918,17120600800018,5260559,ASP,HRB,淺水灣/壽臣山,1989/05,1989,37,21,21.0,3,blank,HONG KONG PARKVIEW,陽明山莊,False
6124,2017-11-21,"PARKVIEW RISE(Block 6,HONG KONG PARKVIEW),TAI TAM RESERVOIR RD|陽明山莊,6座(凌雲閣),大潭水塘道",12945.882737728172,2722,2199,"{'bay_window': '', 'flat_roof': '', 'roof': '', 'ac_platform': '', 'plant_room': '', 'garden': '', 'yard': ''}",65.5,65.5,29786,29786.2664847658,17120700240010,5261172,ASP,HRB,淺水灣/壽臣山,1988/12,1988,38,43,17.0,6,blank,HONG KONG PARKVIEW,陽明山莊,False
6125,2017-11-16,"SOUTH BAY TOWERS,SOUTH BAY RD|南灣大廈,南灣道",8464.76634458339,1433,1145,"{'bay_window': '', 'flat_roof': '', 'roof': '', 'ac_platform': '', 'plant_room': '', 'garden': '', 'yard': ''}",22.3,22.3,19476,19475.98253275109,17120802160199,5262845,ASP,HRB,淺水灣/壽臣山,1984/11,1984,42,A,4.0,blank,blank,blank,,False
6126,2017-11-09,"BELGRAVIA,SOUTH BAY RD|BELGRAVIA,南灣道",17156.285339653023,2390,1900,"{'bay_window': '', 'flat_roof': '', 'roof': '', 'ac_platform': '', 'plant_room': '', 'garden': '', 'yard': ''}",75.0,75.0,39474,39473.68421052631,17120802360015,5262852,PRO-ASP,HRB,淺水灣/壽臣山,1989/04,1989,37,A,12.0,blank,blank,blank,,False
6127,2017-12-06,"GRAND GARDEN(Block 2),SOUTH BAY RD|華景園2座,南灣道",10863.864708875784,1463,1124,"{'bay_window': '33', 'flat_roof': '', 'roof': '', 'ac_platform': '', 'plant_room': '', 'garden': '', 'yard': ''}",28.8,28.8,25623,25622.775800711745,17121301800031,5265124,ASP,HRB,淺水灣/壽臣山,1986/12,1986,40,B,12.0,2,blank,GRAND GARDEN,華景園,False
6128,2017-12-04,"PARKVIEW SUITE(Block 4,HONG KONG PARKVIEW),TAI TAM RESERVOIR RD|陽明山莊,4座(陽明居),大潭水塘道",11036.156842347244,1903,1579,"{'bay_window': '', 'flat_roof': '', 'roof': '', 'ac_platform': '', 'plant_room': '', 'garden': '', 'yard': ''}",41.1,41.1,26029,26029.132362254593,17121401790026,5266071,ASP,HRB,淺水灣/壽臣山,1989/05,1989,37,33,12.0,4,blank,HONG KONG PARKVIEW,陽明山莊,False
6131,2017-12-15,"PARKVIEW RISE(Block 7,HONG KONG PARKVIEW),TAI TAM RESERVOIR RD|陽明山莊,7座(凌雲閣),大潭水塘道",12378.498567597704,1860,1466,"{'bay_window': '', 'flat_roof': '', 'roof': '', 'ac_platform': '', 'plant_room': '', 'garden': '', 'yard': ''}",42.8,42.8,29195,29195.088676671214,18010401980258,5278126,ASP,HRB,淺水灣/壽臣山,1988/12,1988,38,47,12.0,7,blank,HONG KONG PARKVIEW,陽明山莊,False
6135,2017-12-20,"PARKVIEW TERR(Block 11,HONG KONG PARKVIEW),TAI TAM RESERVOIR RD|陽明山莊,11座(涵碧苑),大潭水塘道",12776.779020992133,2620,2157,"{'bay_window': '', 'flat_roof': '', 'roof': '', 'ac_platform': '', 'plant_room': '', 'garden': '', 'yard': ''}",65.0,65.0,30134,30134.44598980065,18011500270011,5283944,PRO-ASP,HRB,淺水灣/壽臣山,1988/08,1988,38,65,3.0,11,blank,HONG KONG PARKVIEW,陽明山莊,False
6137,2017-12-29,"GRAND GARDEN(Block 1),SOUTH BAY RD|華景園1座,南灣道",13851.266604795434,39709,32447,"{'bay_window': '84', 'flat_roof': '', 'roof': '1865', 'ac_platform': '', 'plant_room': '', 'garden': '', 'yard': ''}",1060.0,1060.0,32669,32668.659660369216,18011900600017,5287360,MEM-ASP,HRB,淺水灣/壽臣山,1986/12,1986,40,A,29.0,1,blank,GRAND GARDEN,華景園,False
6138,2017-12-31,"PARKVIEW SUITE(Block 3,HONG KONG PARKVIEW),TAI TAM RESERVOIR RD|陽明山莊,3座(陽明居),大潭水塘道",9552.400145040814,1235,1012,"{'bay_window': '', 'flat_roof': '', 'roof': '', 'ac_platform': '', 'plant_room': '', 'garden': '', 'yard': ''}",22.8,22.8,22530,22529.644268774704,18012502180013,5290731,PRO-ASP,HRB,淺水灣/壽臣山,1989/05,1989,37,25,16.0,3,blank,HONG KONG PARKVIEW,陽明山莊,False
6139,2018-01-02,"THE BEACHSIDE(Block A),REPULSE BAY RD|THE BEACHSIDEA座,淺水灣道",9249.990970914547,917,677,"{'bay_window': '23', 'flat_roof': '', 'roof': '', 'ac_platform': '', 'plant_room': '', 'garden': '', 'yard': ''}",15.0,15.0,22157,22156.573116691285,18013002280068,5293227,ASP,HRB,淺水灣/壽臣山,1993/12,1993,33,D,3.0,A,blank,THE BEACHSIDE,THE BEACHSIDE,False
6141,2018-01-11,"REPULSE BAY GARDEN(Block 2),BELLEVIEW DR|淺水灣新村2座,麗景道",13157.637235578462,2288,2110,"{'bay_window': '', 'flat_roof': '', 'roof': '', 'ac_platform': '', 'plant_room': '', 'garden': '', 'yard': ''}",66.5,66.5,31517,31516.587677725118,18020100510110,5294069,ASP,HRB,淺水灣/壽臣山,1973/11,1973,53,whole floor,11.0,2,blank,REPULSE BAY GARDEN,淺水灣新村,False
6142,2018-01-22,"PARKVIEW SUITE(Block 5,HONG KONG PARKVIEW),TAI TAM RESERVOIR RD|陽明山莊,5座(陽明居),大潭水塘道",11353.30475752613,1309,1048,"{'bay_window': '', 'flat_roof': '', 'roof': '', 'ac_platform': '', 'plant_room': '', 'garden': '', 'yard': ''}",28.5,28.5,27195,27194.65648854962,18020701970047,5297797,ASP,HRB,淺水灣/壽臣山,1989/05,1989,37,41,22.0,5,blank,HONG KONG PARKVIEW,陽明山莊,False
6144,2018-01-26,"TWIN BROOK,REPULSE BAY RD|雙溪,淺水灣道",15878.03914596418,2700,2440,"{'bay_window': '', 'flat_roof': '', 'roof': '', 'ac_platform': '', 'plant_room': '', 'garden': '', 'yard': ''}",92.8,92.8,38033,38032.7868852459,18021200600800,5300346,ASP,HRB,淺水灣/壽臣山,1974/04,1974,52,B,4.0,blank,blank,blank,,False
6145,2018-01-17,"37 REPULSE BAY RD(Block 3),REPULSE BAY RD|淺水灣道 37號3座,淺水灣道",11066.610890800295,1220,882,"{'bay_window': '56', 'flat_roof': '', 'roof': '', 'ac_platform': '', 'plant_room': '', 'garden': '', 'yard': ''}",23.38,23.38,26508,26507.93650793651,18021502240011,5304481,ASP,HRB,淺水灣/壽臣山,1994/02,1994,32,A,19.0,3,blank,37 REPULSE BAY RD,淺水灣道 37號,False
6146,2018-03-02,"PARKVIEW CRESCENT(Block 10,HONG KONG PARKVIEW),TAI TAM RESERVOIR RD|陽明山莊,10座(環翠軒),大潭水塘道",11168.858371244734,2771,2342,"{'bay_window': '', 'flat_roof': '', 'roof': '', 'ac_platform': '', 'plant_room': '', 'garden': '', 'yard': ''}",65.0,65.0,27754,27754.056362083687,18032300340042,5323266,PRE-ASP,HRB,淺水灣/壽臣山,1988/08,1988,38,61,3.0,10,blank,HONG KONG PARKVIEW,陽明山莊,False
6147,2018-03-22,"PARKVIEW CRESCENT(Block 10,HONG KONG PARKVIEW),TAI TAM RESERVOIR RD|陽明山莊,10座(環翠軒),大潭水塘道",11684.344142225262,2771,2342,"{'bay_window': '', 'flat_roof': '', 'roof': '', 'ac_platform': '', 'plant_room': '', 'garden': '', 'yard': ''}",68.0,68.0,29035,29035.012809564476,18032801400025,5326467,ASP,HRB,淺水灣/壽臣山,1988/08,1988,38,61,11.0,10,blank,HONG KONG PARKVIEW,陽明山莊,False
6149,2018-03-21,"SEA CLIFF MANSION(Block A),REPULSE BAY RD|海峰園A座,淺水灣道",13227.490590005467,0,1941,"{'bay_window': '', 'flat_roof': '', 'roof': '', 'ac_platform': '', 'plant_room': '', 'garden': '', 'yard': ''}",63.8,63.8,32870,32869.65481710459,18041601520016,5337140,PRO-ASP,HRB,淺水灣/壽臣山,1964/05,1964,62,A1,2.0,A,blank,SEA CLIFF MANSION,海峰園,False
6150,2018-03-23,"PARKVIEW SUITE(Block 4,HONG KONG PARKVIEW),TAI TAM RESERVOIR RD|陽明山莊,4座(陽明居),大潭水塘道",10675.557555703163,1857,1541,"{'bay_window': '', 'flat_roof': '', 'roof': '', 'ac_platform': '', 'plant_room': '', 'garden': '', 'yard': ''}",40.88,40.88,26528,26528.228423101882,18041901700012,5340377,ASP,HRB,淺水灣/壽臣山,1989/05,1989,37,29,2.0,4,blank,HONG KONG PARKVIEW,陽明山莊,False
6152,2018-04-20,"PARKVIEW RISE(Block 8,HONG KONG PARKVIEW),TAI TAM RESERVOIR RD|陽明山莊,8座(凌雲閣),大潭水塘道",11827.891425414955,2366,1915,"{'bay_window': '', 'flat_roof': '', 'roof': '', 'ac_platform': '', 'plant_room': '', 'garden': '', 'yard': ''}",57.38,57.38,29963,29963.446475195822,18042402200237,5343821,ASP,HRB,淺水灣/壽臣山,1988/08,1988,38,53,9.0,8,blank,HONG KONG PARKVIEW,陽明山莊,False
6153,2018-05-02,"PARKVIEW RISE(Block 6,HONG KONG PARKVIEW),TAI TAM RESERVOIR RD|陽明山莊,6座(凌雲閣),大潭水塘道",12893.830322960643,2583,2087,"{'bay_window': '', 'flat_roof': '', 'roof': '', 'ac_platform': '', 'plant_room': '', 'garden': '', 'yard': ''}",68.0,68.0,32583,32582.654528030667,18051400280128,5354959,ASP,HRB,淺水灣/壽臣山,1988/12,1988,38,45,10.0,6,blank,HONG KONG PARKVIEW,陽明山莊,False
6154,2018-05-07,"37 REPULSE BAY RD(Block 1),REPULSE BAY RD|淺水灣道 37號1座,淺水灣道",13146.027074192221,1225,882,"{'bay_window': '56', 'flat_roof': '', 'roof': '', 'ac_platform': '', 'plant_room': '', 'garden': '', 'yard': ''}",29.3,29.3,33220,33219.95464852608,18052100260015,5360527,ASP,HRB,淺水灣/壽臣山,1994/02,1994,32,A,19.0,1,blank,37 REPULSE BAY RD,淺水灣道 37號,False
6155,2018-05-03,"MONTE VERDE,REPULSE BAY RD|南山別墅,淺水灣道",19988.242530896365,2215,1960,"{'bay_window': '', 'flat_roof': '', 'roof': '', 'ac_platform': '', 'plant_room': '', 'garden': '', 'yard': ''}",99.0,99.0,50510,50510.204081632655,18052400400045,5361507,ASP,HRB,淺水灣/壽臣山,1974/05,1974,52,A,17.0,blank,blank,blank,,False
6156,2018-04-23,"37 REPULSE BAY RD(Block 2),REPULSE BAY RD|淺水灣道 37號2座,淺水灣道",14627.24618549461,1635,1236,"{'bay_window': '32', 'flat_roof': '', 'roof': '', 'ac_platform': '', 'plant_room': '', 'garden': '', 'yard': ''}",45.8,45.8,37055,37055.016181229774,18052500620015,5362593,ASP,HRB,淺水灣/壽臣山,1994/02,1994,32,A,7.0,2,blank,37 REPULSE BAY RD,淺水灣道 37號,False
6158,2018-05-18,"PARKVIEW RISE(Block 7,HONG KONG PARKVIEW),TAI TAM RESERVOIR RD|陽明山莊,7座(凌雲閣),大潭水塘道",13361.85380646551,1860,1466,"{'bay_window': '', 'flat_roof': '', 'roof': '', 'ac_platform': '', 'plant_room': '', 'garden': '', 'yard': ''}",49.5,49.5,33765,33765.34788540246,18060700170014,5370640,ASP,HRB,淺水灣/壽臣山,1988/12,1988,38,47,22.0,7,blank,HONG KONG PARKVIEW,陽明山莊,False
6159,2018-05-23,"BELGRAVIA,SOUTH BAY RD|BELGRAVIA,南灣道",11807.690498163092,2790,2222,"{'bay_window': '', 'flat_roof': '', 'roof': '', 'ac_platform': '', 'plant_room': '', 'garden': '', 'yard': ''}",66.3,66.3,29838,29837.98379837984,18061301360010,5374660,MEM-ASP,HRB,淺水灣/壽臣山,1989/04,1989,37,B,22.0,blank,blank,blank,,False
6161,2018-05-29,"PARKVIEW RISE(Block 8,HONG KONG PARKVIEW),TAI TAM RESERVOIR RD|陽明山莊,8座(凌雲閣),大潭水塘道",10187.640896038472,2366,1915,"{'bay_window': '', 'flat_roof': '', 'roof': '', 'ac_platform': '', 'plant_room': '', 'garden': '', 'yard': ''}",49.3,49.3,25744,25744.12532637076,18061402090041,5375747,ASP,HRB,淺水灣/壽臣山,1988/08,1988,38,55,21.0,8,blank,HONG KONG PARKVIEW,陽明山莊,False
6162,2018-05-21,"PARKVIEW RISE(Block 7,HONG KONG PARKVIEW),TAI TAM RESERVOIR RD|陽明山莊,7座(凌雲閣),大潭水塘道",10871.088555863218,2092,1649,"{'bay_window': '', 'flat_roof': '', 'roof': '', 'ac_platform': '', 'plant_room': '', 'garden': '', 'yard': ''}",45.3,45.3,27471,27471.194663432383,18061900590025,5377346,PRO-ASP,HRB,淺水灣/壽臣山,1988/12,1988,38,49,8.0,7,blank,HONG KONG PARKVIEW,陽明山莊,False
6163,2018-06-05,"GRAND GARDEN(Block 1),SOUTH BAY RD|華景園1座,南灣道",11655.441275031737,3061,2663,"{'bay_window': '85', 'flat_roof': '', 'roof': '', 'ac_platform': '', 'plant_room': '', 'garden': '', 'yard': ''}",80.0,80.0,30041,30041.306796845663,18062601200040,5382388,ASP,HRB,淺水灣/壽臣山,1986/12,1986,40,B,12.0,1,blank,GRAND GARDEN,華景園,False
6165,2018-06-19,"PARKVIEW CORNER(Block 17,HONG KONG PARKVIEW),TAI TAM RESERVOIR RD|陽明山莊,17座(眺景台),大潭水塘道",14743.25905481952,3225,2626,"{'bay_window': '', 'flat_roof': '', 'roof': '', 'ac_platform': '', 'plant_room': '', 'garden': '', 'yard': ''}",99.788,99.788,38000,38000.0,18070401930228,5388157,ASP,HRB,淺水灣/壽臣山,1989/11,1989,37,93,9.0,17,blank,HONG KONG PARKVIEW,陽明山莊,False
6166,2018-06-19,"PARKVIEW CORNER(Block 17,HONG KONG PARKVIEW),TAI TAM RESERVOIR RD|陽明山莊,17座(眺景台),大潭水塘道",12182.374958917188,2645,2188,"{'bay_window': '', 'flat_roof': '', 'roof': '', 'ac_platform': '', 'plant_room': '', 'garden': '', 'yard': ''}",68.702,68.702,31399,31399.45155393053,18070401930248,5388159,ASP,HRB,淺水灣/壽臣山,1989/11,1989,37,91,9.0,17,blank,HONG KONG PARKVIEW,陽明山莊,False
6167,2018-06-15,"SOUTH BAY PALACE(Block 1),SOUTH BAY CLOSE|南灣御苑1座,南灣坊",8590.560394146807,0,1905,"{'bay_window': '', 'flat_roof': '', 'roof': '', 'ac_platform': '', 'plant_room': '', 'garden': '', 'yard': ''}",42.18,42.18,22142,22141.732283464567,18071001140014,5392744,ASP,HRB,淺水灣/壽臣山,2000/01,2000,26,A,3.0,1,blank,SOUTH BAY PALACE,南灣御苑,False
6171,2018-06-14,"GRAND GARDEN(Block 1),SOUTH BAY RD|華景園1座,南灣道",12505.41503441157,3054,2482,"{'bay_window': '84', 'flat_roof': '', 'roof': '', 'ac_platform': '', 'plant_room': '', 'garden': '', 'yard': ''}",80.0,80.0,32232,32232.070910556,18071301740010,5395212,PRO-ASP,HRB,淺水灣/壽臣山,1986/12,1986,40,A,15.0,1,blank,GRAND GARDEN,華景園,False
6174,2018-07-05,"REPULSE BAY GARDEN(Block 4),BELLEVIEW DR|淺水灣新村4座,麗景道",12228.000943783361,2810,2625,"{'bay_window': '', 'flat_roof': '', 'roof': '', 'ac_platform': '', 'plant_room': '', 'garden': '', 'yard': ''}",85.0,85.0,32381,32380.95238095238,18072502460017,5403138,MEM-ASP,HRB,淺水灣/壽臣山,1973/11,1973,53,whole floor,12.0,4,blank,REPULSE BAY GARDEN,淺水灣新村,False
6175,2018-07-13,"SOUTH BAY TOWERS,SOUTH BAY RD|南灣大廈,南灣道",11744.456296273773,2738,2090,"{'bay_window': '107', 'flat_roof': '', 'roof': '', 'ac_platform': '', 'plant_room': '', 'garden': '', 'yard': ''}",65.0,65.0,31100,31100.47846889952,18080200120359,5407206,ASP,HRB,淺水灣/壽臣山,1984/11,1984,42,B,25.0,blank,blank,blank,,False
6176,2018-07-25,"PARKVIEW HEIGHTS(Block 14,HONG KONG PARKVIEW),TAI TAM RESERVOIR RD|陽明山莊,14座(摘星樓),大潭水塘道",11742.895571184568,1860,1505,"{'bay_window': '', 'flat_roof': '', 'roof': '', 'ac_platform': '', 'plant_room': '', 'garden': '', 'yard': ''}",46.8,46.8,31096,31096.345514950168,18080801270015,5410611,ASP,HRB,淺水灣/壽臣山,1988/12,1988,38,77,18.0,14,blank,HONG KONG PARKVIEW,陽明山莊,False
6178,2018-07-24,"PINE CREST,REPULSE BAY RD|松苑,淺水灣道",15210.638060323177,2250,1862,"{'bay_window': '', 'flat_roof': '', 'roof': '', 'ac_platform': '', 'plant_room': '', 'garden': '', 'yard': ''}",75.0,75.0,40279,40279.26960257787,18082102350044,5418251,ASP,HRB,淺水灣/壽臣山,1982/11,1982,44,B,11.0,blank,blank,blank,,False
6179,2018-08-04,"SOUTH BAY TOWERS,SOUTH BAY RD|南灣大廈,南灣道",9149.67127147123,1433,1145,"{'bay_window': '', 'flat_roof': '', 'roof': '', 'ac_platform': '', 'plant_room': '', 'garden': '', 'yard': ''}",27.5,27.5,24017,24017.4672489083,18082200730017,5418457,PRO-ASP,HRB,淺水灣/壽臣山,1984/11,1984,42,A,20.0,blank,blank,blank,,False
6180,2018-08-15,"PARKVIEW RISE(Block 8,HONG KONG PARKVIEW),TAI TAM RESERVOIR RD|陽明山莊,8座(凌雲閣),大潭水塘道",10543.51390665524,2366,1915,"{'bay_window': '', 'flat_roof': '', 'roof': '', 'ac_platform': '', 'plant_room': '', 'garden': '', 'yard': ''}",53.0,53.0,27676,27676.240208877283,18082402350065,5420343,ASP,HRB,淺水灣/壽臣山,1988/08,1988,38,55,15.0,8,blank,HONG KONG PARKVIEW,陽明山莊,False
6184,2018-09-04,"PARKVIEW SUITE(Block 5,HONG KONG PARKVIEW),TAI TAM RESERVOIR RD|陽明山莊,5座(陽明居),大潭水塘道",10682.05192699499,1309,1048,"{'bay_window': '', 'flat_roof': '', 'roof': '', 'ac_platform': '', 'plant_room': '', 'garden': '', 'yard': ''}",28.487,28.487,27182,27182.251908396946,18100200670018,5438329,ASP,HRB,淺水灣/壽臣山,1989/05,1989,37,41,12.0,5,blank,HONG KONG PARKVIEW,陽明山莊,False
6185,2018-09-04,"PARKVIEW SUITE(Block 5,HONG KONG PARKVIEW),TAI TAM RESERVOIR RD|陽明山莊,5座(陽明居),大潭水塘道",9448.292827782418,1299,1041,"{'bay_window': '', 'flat_roof': '', 'roof': '', 'ac_platform': '', 'plant_room': '', 'garden': '', 'yard': ''}",25.0285,25.0285,24043,24042.74735830932,18100200670029,5438330,ASP,HRB,淺水灣/壽臣山,1989/05,1989,37,35,11.0,5,blank,HONG KONG PARKVIEW,陽明山莊,False
6186,2018-09-12,"CELESTIAL GARDEN,REPULSE BAY RD|詩禮花園,淺水灣道",17585.906700423642,0,1962,"{'bay_window': '', 'flat_roof': '', 'roof': '', 'ac_platform': '', 'plant_room': '', 'garden': '', 'yard': ''}",87.8,87.8,44750,44750.254841997965,18101000790057,5442794,PRE-ASP,HRB,淺水灣/壽臣山,1978/09,1978,48,B,6.0,blank,blank,blank,,False
6189,2018-10-19,"8 DEEP WATER BAY DR(Block 2),DEEP WATER BAY DR|深水灣徑8號2座,深水灣徑",26300.184047173036,0,4214,"{'bay_window': '', 'flat_roof': '', 'roof': '', 'ac_platform': '', 'plant_room': '', 'garden': '73', 'yard': ''}",287.7,287.7,68272,68272.42524916944,18110800510114,5457237,ASP,HRB,淺水灣/壽臣山,2018/01,2018,8,C,6.0,2,blank,8 DEEP WATER BAY DR,深水灣徑8號,False
6190,2018-10-19,"PARKVIEW SUITE(Block 5,HONG KONG PARKVIEW),TAI TAM RESERVOIR RD|陽明山莊,5座(陽明居),大潭水塘道",10658.374501099908,1263,1012,"{'bay_window': '', 'flat_roof': '', 'roof': '', 'ac_platform': '', 'plant_room': '', 'garden': '', 'yard': ''}",28.0,28.0,27668,27667.98418972332,18110901270092,5457953,ASP,HRB,淺水灣/壽臣山,1989/05,1989,37,37,8.0,5,blank,HONG KONG PARKVIEW,陽明山莊,False
6191,2018-11-05,"37 REPULSE BAY RD(Block 1),REPULSE BAY RD|淺水灣道 37號1座,淺水灣道",12708.820737826274,1225,882,"{'bay_window': '56', 'flat_roof': '', 'roof': '', 'ac_platform': '', 'plant_room': '', 'garden': '', 'yard': ''}",27.0,27.0,30612,30612.244897959183,18111300910040,5459413,ASP,HRB,淺水灣/壽臣山,1994/02,1994,32,A,8.0,1,blank,37 REPULSE BAY RD,淺水灣道 37號,False
6192,2018-10-26,"8 DEEP WATER BAY DR(Block 1),DEEP WATER BAY DR|深水灣徑8號1座,深水灣徑",26387.85132733028,0,3641,"{'bay_window': '', 'flat_roof': '', 'roof': '', 'ac_platform': '', 'plant_room': '', 'garden': '74', 'yard': ''}",249.4085,249.4085,68500,68500.0,18111400480210,5459559,ASP,HRB,淺水灣/壽臣山,2018/01,2018,8,B,10.0,1,blank,8 DEEP WATER BAY DR,深水灣徑8號,False
6193,2018-10-26,"8 DEEP WATER BAY DR(Block 2),DEEP WATER BAY DR|深水灣徑8號2座,深水灣徑",28506.58391565607,0,4214,"{'bay_window': '', 'flat_roof': '', 'roof': '', 'ac_platform': '', 'plant_room': '', 'garden': '73', 'yard': ''}",311.836,311.836,74000,74000.0,18111600580149,5460848,ASP,HRB,淺水灣/壽臣山,2018/01,2018,8,C,10.0,2,blank,8 DEEP WATER BAY DR,深水灣徑8號,False
6194,2018-03-29,"SOUTH BAY TOWERS,SOUTH BAY RD|南灣大廈,南灣道",10647.831333762759,2738,2090,"{'bay_window': '107', 'flat_roof': '', 'roof': '', 'ac_platform': '', 'plant_room': '', 'garden': '', 'yard': ''}",55.3,55.3,26459,26459.33014354067,18112302060017,5464539,MEM-ASP,HRB,淺水灣/壽臣山,1984/11,1984,42,C,10.0,blank,blank,blank,,False
6195,2018-11-05,"REPULSE BAY GARDEN(Block 4),BELLEVIEW DR|淺水灣新村4座,麗景道",15340.958721749405,2810,2625,"{'bay_window': '', 'flat_roof': '', 'roof': '', 'ac_platform': '', 'plant_room': '', 'garden': '', 'yard': ''}",97.0,97.0,36952,36952.380952380954,18112302200015,5464555,ASP,HRB,淺水灣/壽臣山,1973/11,1973,53,whole floor,19.0,4,blank,REPULSE BAY GARDEN,淺水灣新村,False
6196,2018-11-13,"REPULSE BAY GARDEN(Block 2),BELLEVIEW DR|淺水灣新村2座,麗景道",11018.326731309731,2288,2110,"{'bay_window': '', 'flat_roof': '', 'roof': '', 'ac_platform': '', 'plant_room': '', 'garden': '', 'yard': ''}",56.0,56.0,26540,26540.284360189573,18112802150510,5466615,ASP,HRB,淺水灣/壽臣山,1973/11,1973,53,whole floor,7.0,2,blank,REPULSE BAY GARDEN,淺水灣新村,False
6197,2018-07-06,"PARKVIEW SUITE(Block 5,HONG KONG PARKVIEW),TAI TAM RESERVOIR RD|陽明山莊,5座(陽明居),大潭水塘道",9328.790536337865,1263,1012,"{'bay_window': '', 'flat_roof': '', 'roof': '', 'ac_platform': '', 'plant_room': '', 'garden': '', 'yard': ''}",25.0,25.0,24704,24703.557312252964,18121400990011,5473513,ASP,HRB,淺水灣/壽臣山,1989/05,1989,37,37,9.0,5,blank,HONG KONG PARKVIEW,陽明山莊,False
6199,2018-11-26,"PARKVIEW TERR(Block 11,HONG KONG PARKVIEW),TAI TAM RESERVOIR RD|陽明山莊,11座(涵碧苑),大潭水塘道",13534.57362585097,2490,2049,"{'bay_window': '', 'flat_roof': '', 'roof': '', 'ac_platform': '', 'plant_room': '', 'garden': '', 'yard': ''}",66.8,66.8,32601,32601.268911664225,19011801960029,5487266,ASP,HRB,淺水灣/壽臣山,1988/08,1988,38,67,16.0,11,blank,HONG KONG PARKVIEW,陽明山莊,False
6201,2019-01-18,"37 REPULSE BAY RD(Block 3),REPULSE BAY RD|淺水灣道 37號3座,淺水灣道",14432.198469627576,1740,1289,"{'bay_window': '44', 'flat_roof': '', 'roof': '', 'ac_platform': '', 'plant_room': '', 'garden': '', 'yard': ''}",45.3,45.3,35144,35143.522110162914,19012500090015,5489776,ASP,HRB,淺水灣/壽臣山,1994/02,1994,32,B,16.0,3,blank,37 REPULSE BAY RD,淺水灣道 37號,False
6202,2019-01-11,"37 REPULSE BAY RD(Block 3),REPULSE BAY RD|淺水灣道 37號3座,淺水灣道",13269.772668966116,1220,882,"{'bay_window': '56', 'flat_roof': '', 'roof': '', 'ac_platform': '', 'plant_room': '', 'garden': '', 'yard': ''}",28.5,28.5,32313,32312.92517006803,19012900080018,5491801,ASP,HRB,淺水灣/壽臣山,1994/02,1994,32,A,16.0,3,blank,37 REPULSE BAY RD,淺水灣道 37號,False
6203,2019-02-14,"8 DEEP WATER BAY DR(Block 2),DEEP WATER BAY DR|深水灣徑8號2座,深水灣徑",27899.424849726358,0,4214,"{'bay_window': '', 'flat_roof': '', 'roof': '', 'ac_platform': '', 'plant_room': '', 'garden': '73', 'yard': ''}",292.0302,292.0302,69300,69300.0,19022700490087,5504258,ASP,HRB,淺水灣/壽臣山,2018/01,2018,8,C,7.0,2,blank,8 DEEP WATER BAY DR,深水灣徑8號,False
6204,2019-02-14,"8 DEEP WATER BAY DR(Block 1),DEEP WATER BAY DR|深水灣徑8號1座,深水灣徑",25282.5956791171,0,3641,"{'bay_window': '', 'flat_roof': '', 'roof': '', 'ac_platform': '', 'plant_room': '', 'garden': '74', 'yard': ''}",228.6548,228.6548,62800,62800.0,19022700490098,5504259,ASP,HRB,淺水灣/壽臣山,2018/01,2018,8,B,7.0,1,blank,8 DEEP WATER BAY DR,深水灣徑8號,False
6206,2019-02-15,"SOUTH BAY TOWERS,SOUTH BAY RD|南灣大廈,南灣道",8649.512609605326,1433,1145,"{'bay_window': '', 'flat_roof': '', 'roof': '', 'ac_platform': '', 'plant_room': '', 'garden': '', 'yard': ''}",24.6,24.6,21485,21484.71615720524,19031201430056,5509021,ASP,HRB,淺水灣/壽臣山,1984/11,1984,42,D,16.0,blank,blank,blank,,False
6207,2019-02-19,"PARKVIEW SUITE(Block 5,HONG KONG PARKVIEW),TAI TAM RESERVOIR RD|陽明山莊,5座(陽明居),大潭水塘道",11655.988856620728,1263,1012,"{'bay_window': '', 'flat_roof': '', 'roof': '', 'ac_platform': '', 'plant_room': '', 'garden': '', 'yard': ''}",29.3,29.3,28953,28952.569169960476,19031402110020,5510351,PRO-ASP,HRB,淺水灣/壽臣山,1989/05,1989,37,37,11.0,5,blank,HONG KONG PARKVIEW,陽明山莊,False
6210,2019-03-25,"8 DEEP WATER BAY DR(Block 1),DEEP WATER BAY DR|深水灣徑8號1座,深水灣徑",24129.637723234307,0,3641,"{'bay_window': '', 'flat_roof': '', 'roof': '', 'ac_platform': '', 'plant_room': '', 'garden': '74', 'yard': ''}",221.3728,221.3728,60800,60800.0,19040201040035,5519340,ASP,HRB,淺水灣/壽臣山,2018/01,2018,8,B,5.0,1,blank,8 DEEP WATER BAY DR,深水灣徑8號,False
6211,2019-03-22,"PARKVIEW SUITE(Block 3,HONG KONG PARKVIEW),TAI TAM RESERVOIR RD|陽明山莊,3座(陽明居),大潭水塘道",11818.23302657616,1275,994,"{'bay_window': '', 'flat_roof': '', 'roof': '', 'ac_platform': '', 'plant_room': '', 'garden': '', 'yard': ''}",29.6,29.6,29779,29778.67203219316,19040201650204,5519532,ASP,HRB,淺水灣/壽臣山,1989/05,1989,37,27,19.0,3,blank,HONG KONG PARKVIEW,陽明山莊,False
6213,2019-03-21,"PARK PLACE(Block C),TAI TAM RESERVOIR RD|雅柏苑C座,大潭水塘道",14727.188527972748,2288,2075,"{'bay_window': '', 'flat_roof': '', 'roof': '', 'ac_platform': '', 'plant_room': '', 'garden': '', 'yard': ''}",77.0,77.0,37108,37108.43373493976,19040901500011,5522729,ASP,HRB,淺水灣/壽臣山,1985/01,1985,41,1,1.0,C,blank,PARK PLACE,雅柏苑,False
6214,2019-03-26,"GRAND GARDEN(Block 1),SOUTH BAY RD|華景園1座,南灣道",13636.318925010002,3061,2663,"{'bay_window': '85', 'flat_roof': '', 'roof': '', 'ac_platform': '', 'plant_room': '', 'garden': '', 'yard': ''}",91.5,91.5,34360,34359.74464889223,19041200420089,5524893,ASP,HRB,淺水灣/壽臣山,1986/12,1986,40,B,26.0,1,blank,GRAND GARDEN,華景園,False
6215,2019-04-02,"SPLENDOUR VILLA,SOUTH BAY RD|雅景閣,南灣道",15971.916288425024,0,1152,"{'bay_window': '', 'flat_roof': '', 'roof': '', 'ac_platform': '', 'plant_room': '', 'garden': '', 'yard': ''}",47.5,47.5,41233,41232.63888888889,19041501760116,5526795,ASP,HRB,淺水灣/壽臣山,1993/08,1993,33,G,2.0,blank,blank,blank,,False
6216,2019-04-10,"REPULSE BAY GARDEN(Block 7),BELLEVIEW DR|淺水灣新村7座,麗景道",9179.170648174422,2288,2110,"{'bay_window': '', 'flat_roof': '', 'roof': '', 'ac_platform': '', 'plant_room': '', 'garden': '', 'yard': ''}",50.0,50.0,23697,23696.682464454978,19041602160012,5527602,ASP,HRB,淺水灣/壽臣山,1973/11,1973,53,whole floor,2.0,7,blank,REPULSE BAY GARDEN,淺水灣新村,False
6217,2019-03-25,"PARKVIEW RISE(Block 8,HONG KONG PARKVIEW),TAI TAM RESERVOIR RD|陽明山莊,8座(凌雲閣),大潭水塘道",10362.115966072175,2366,1915,"{'bay_window': '', 'flat_roof': '', 'roof': '', 'ac_platform': '', 'plant_room': '', 'garden': '', 'yard': ''}",50.0,50.0,26110,26109.660574412534,19041801750079,5529267,ASP,HRB,淺水灣/壽臣山,1988/08,1988,38,55,16.0,8,blank,HONG KONG PARKVIEW,陽明山莊,False
6218,2019-03-28,"PARKVIEW SUITE(Block 5,HONG KONG PARKVIEW),TAI TAM RESERVOIR RD|陽明山莊,5座(陽明居),大潭水塘道",8685.050384883898,1312,1051,"{'bay_window': '', 'flat_roof': '', 'roof': '', 'ac_platform': '', 'plant_room': '', 'garden': '', 'yard': ''}",23.0,23.0,21884,21883.92007611798,19042300640012,5529989,PRE-ASP,HRB,淺水灣/壽臣山,1989/05,1989,37,39,2.0,5,blank,HONG KONG PARKVIEW,陽明山莊,False
6224,2019-04-23,"PARKVIEW CORNER(Block 18,HONG KONG PARKVIEW),TAI TAM RESERVOIR RD|陽明山莊,18座(眺景台),大潭水塘道",10869.345949913746,2570,2067,"{'bay_window': '', 'flat_roof': '', 'roof': '', 'ac_platform': '', 'plant_room': '', 'garden': '', 'yard': ''}",58.0,58.0,28060,28059.99032414127,19050202230056,5535758,ASP,HRB,淺水灣/壽臣山,1989/05,1989,37,95,17.0,18,blank,HONG KONG PARKVIEW,陽明山莊,False
6225,2019-04-12,"GRAND GARDEN(Block 2),SOUTH BAY RD|華景園2座,南灣道",12162.30240807145,1820,1395,"{'bay_window': '46', 'flat_roof': '', 'roof': '', 'ac_platform': '', 'plant_room': '', 'garden': '', 'yard': ''}",43.8,43.8,31398,31397.84946236559,19050601510010,5537321,ASP,HRB,淺水灣/壽臣山,1986/12,1986,40,A,11.0,2,blank,GRAND GARDEN,華景園,False
6227,2019-04-10,"SOUTH BAY GARDEN(Block C),SOUTH BAY CLOSE|南灣花園C座,南灣坊",8658.657677301471,1027,850,"{'bay_window': '', 'flat_roof': '', 'roof': '', 'ac_platform': '', 'plant_room': '', 'garden': '', 'yard': ''}",19.0,19.0,22353,22352.941176470587,19050900550031,5540140,ASP,HRB,淺水灣/壽臣山,1985/09,1985,41,1,3.0,C,blank,SOUTH BAY GARDEN,南灣花園,False
6228,2019-04-10,"SOUTH BAY GARDEN(Block B),SOUTH BAY CLOSE|南灣花園B座,南灣坊",8966.689846133348,1542,1296,"{'bay_window': '', 'flat_roof': '', 'roof': '', 'ac_platform': '', 'plant_room': '', 'garden': '', 'yard': ''}",30.0,30.0,23148,23148.14814814815,19050901050016,5540350,PRE-ASP,HRB,淺水灣/壽臣山,1985/09,1985,41,2,5.0,B,blank,SOUTH BAY GARDEN,南灣花園,False
6229,2019-04-16,"PARKVIEW SUITE(Block 3,HONG KONG PARKVIEW),TAI TAM RESERVOIR RD|陽明山莊,3座(陽明居),大潭水塘道",10983.213929893649,1290,1051,"{'bay_window': '', 'flat_roof': '', 'roof': '', 'ac_platform': '', 'plant_room': '', 'garden': '', 'yard': ''}",29.8,29.8,28354,28353.94862036156,19050902160041,5540825,PRE-ASP,HRB,淺水灣/壽臣山,1989/05,1989,37,23,15.0,3,blank,HONG KONG PARKVIEW,陽明山莊,False
6230,2019-04-18,"PARKVIEW SUITE(Block 3,HONG KONG PARKVIEW),TAI TAM RESERVOIR RD|陽明山莊,3座(陽明居),大潭水塘道",10947.158733888016,1235,1012,"{'bay_window': '', 'flat_roof': '', 'roof': '', 'ac_platform': '', 'plant_room': '', 'garden': '', 'yard': ''}",28.6,28.6,28261,28260.869565217392,19051002210024,5541775,ASP,HRB,淺水灣/壽臣山,1989/05,1989,37,25,15.0,3,blank,HONG KONG PARKVIEW,陽明山莊,False
6231,2019-04-16,"PARKVIEW HEIGHTS(Block 13,HONG KONG PARKVIEW),TAI TAM RESERVOIR RD|陽明山莊,13座(摘星樓),大潭水塘道",11153.067078061176,2700,2327,"{'bay_window': '', 'flat_roof': '', 'roof': '', 'ac_platform': '', 'plant_room': '', 'garden': '', 'yard': ''}",67.0,67.0,28792,28792.436613665664,19051401470016,5542712,PRO-ASP,HRB,淺水灣/壽臣山,1988/08,1988,38,75,18.0,13,blank,HONG KONG PARKVIEW,陽明山莊,False
6232,2019-05-08,"RIDGE COURT,REPULSE BAY RD|冠園,淺水灣道",10807.156367945096,0,1880,"{'bay_window': '', 'flat_roof': '', 'roof': '', 'ac_platform': '', 'plant_room': '', 'garden': '', 'yard': ''}",53.98,53.98,28713,28712.76595744681,19051502240029,5544119,ASP,HRB,淺水灣/壽臣山,1962/08,1962,64,D,4.0,blank,blank,blank,,False
6233,2019-04-29,"GRAND GARDEN(Block 1),SOUTH BAY RD|華景園1座,南灣道",14051.473049453994,3061,2663,"{'bay_window': '85', 'flat_roof': '', 'roof': '', 'ac_platform': '', 'plant_room': '', 'garden': '', 'yard': ''}",96.6,96.6,36275,36274.87795719114,19051502260039,5544124,ASP,HRB,淺水灣/壽臣山,1986/12,1986,40,B,27.0,1,blank,GRAND GARDEN,華景園,False
6234,2019-04-26,"8 DEEP WATER BAY DR(Block 1),DEEP WATER BAY DR|深水灣徑8號1座,深水灣徑",24326.270884965925,0,3641,"{'bay_window': '', 'flat_roof': '', 'roof': '', 'ac_platform': '', 'plant_room': '', 'garden': '74', 'yard': ''}",228.6548,228.6548,62800,62800.0,19051600460263,5544516,ASP,HRB,淺水灣/壽臣山,2018/01,2018,8,B,6.0,1,blank,8 DEEP WATER BAY DR,深水灣徑8號,False
6235,2019-04-23,"8 DEEP WATER BAY DR(Block 1),DEEP WATER BAY DR|深水灣徑8號1座,深水灣徑",30988.880108236845,0,7568,"{'bay_window': '', 'flat_roof': '', 'roof': '', 'ac_platform': '', 'plant_room': '2983', 'garden': '', 'yard': ''}",605.44,605.44,80000,80000.0,19051601450276,5544772,ASP,HRB,淺水灣/壽臣山,2018/01,2018,8,B,0.0,1,blank,8 DEEP WATER BAY DR,深水灣徑8號,False
6236,2019-04-30,"PARKVIEW CORNER(Block 18,HONG KONG PARKVIEW),TAI TAM RESERVOIR RD|陽明山莊,18座(眺景台),大潭水塘道",9278.107816837379,2708,2171,"{'bay_window': '', 'flat_roof': '', 'roof': '', 'ac_platform': '', 'plant_room': '', 'garden': '', 'yard': ''}",52.0,52.0,23952,23952.095808383234,19052101820254,5547949,ASP,HRB,淺水灣/壽臣山,1989/05,1989,37,97,1.0,18,blank,HONG KONG PARKVIEW,陽明山莊,False
6237,2019-04-24,"RUBY COURT(Block 2),SOUTH BAY RD|嘉麟閣2座,南灣道",9077.806343440321,1780,1517,"{'bay_window': '50', 'flat_roof': '', 'roof': '', 'ac_platform': '', 'plant_room': '', 'garden': '', 'yard': ''}",35.5509,35.5509,23435,23435.003295978906,19052102310341,5548404,ASP,HRB,淺水灣/壽臣山,1987/05,1987,39,B,4.0,2,blank,RUBY COURT,嘉麟閣,False
6238,2019-04-26,"REPULSE BAY GARDEN(Block 4),BELLEVIEW DR|淺水灣新村4座,麗景道",13989.265877432636,2810,2625,"{'bay_window': '', 'flat_roof': '', 'roof': '', 'ac_platform': '', 'plant_room': '', 'garden': '', 'yard': ''}",94.8,94.8,36114,36114.28571428572,19052201550159,5549071,ASP,HRB,淺水灣/壽臣山,1973/11,1973,53,whole floor,14.0,4,blank,REPULSE BAY GARDEN,淺水灣新村,False
6239,2019-05-15,"SOUTH BAY GARDEN(Block B),SOUTH BAY CLOSE|南灣花園B座,南灣坊",7167.646167854574,1542,1296,"{'bay_window': '', 'flat_roof': '', 'roof': '', 'ac_platform': '', 'plant_room': '', 'garden': '', 'yard': ''}",24.68,24.68,19043,19043.20987654321,19052201630072,5549086,ASP,HRB,淺水灣/壽臣山,1985/09,1985,41,1,6.0,B,blank,SOUTH BAY GARDEN,南灣花園,False
6245,2019-05-17,"PARKVIEW TERR(Block 11,HONG KONG PARKVIEW),TAI TAM RESERVOIR RD|陽明山莊,11座(涵碧苑),大潭水塘道",12766.717559797069,2490,2049,"{'bay_window': '', 'flat_roof': '', 'roof': '', 'ac_platform': '', 'plant_room': '', 'garden': '', 'yard': ''}",69.5,69.5,33919,33918.98487066862,19060502000056,5560489,ASP,HRB,淺水灣/壽臣山,1988/08,1988,38,67,10.0,11,blank,HONG KONG PARKVIEW,陽明山莊,False
6247,2019-05-16,"SOUTH BAY PALACE(Block 1),SOUTH BAY CLOSE|南灣御苑1座,南灣坊",9137.75672442314,0,1903,"{'bay_window': '', 'flat_roof': '', 'roof': '', 'ac_platform': '', 'plant_room': '', 'garden': '', 'yard': ''}",46.2,46.2,24277,24277.456647398845,19061001290013,5562495,PRO-ASP,HRB,淺水灣/壽臣山,2000/01,2000,26,A,6.0,1,blank,SOUTH BAY PALACE,南灣御苑,False
6250,2019-05-24,"PARKVIEW RISE(Block 8,HONG KONG PARKVIEW),TAI TAM RESERVOIR RD|陽明山莊,8座(凌雲閣),大潭水塘道",9670.139268382443,2366,1915,"{'bay_window': '', 'flat_roof': '', 'roof': '', 'ac_platform': '', 'plant_room': '', 'garden': '', 'yard': ''}",49.2,49.2,25692,25691.906005221932,19061802510022,5567262,PRO-ASP,HRB,淺水灣/壽臣山,1988/08,1988,38,55,10.0,8,blank,HONG KONG PARKVIEW,陽明山莊,False
6253,2019-06-12,"8 DEEP WATER BAY DR(Block 1),DEEP WATER BAY DR|深水灣徑8號1座,深水灣徑",25609.07751812182,0,3641,"{'bay_window': '', 'flat_roof': '', 'roof': '', 'ac_platform': '', 'plant_room': '', 'garden': '74', 'yard': ''}",244.6752,244.6752,67200,67200.0,19062502540385,5571439,ASP,HRB,淺水灣/壽臣山,2018/01,2018,8,B,8.0,1,blank,8 DEEP WATER BAY DR,深水灣徑8號,False
6255,2019-06-05,"RUBY COURT(Block 2),SOUTH BAY RD|嘉麟閣2座,南灣道",8415.576804716005,1780,1517,"{'bay_window': '50', 'flat_roof': '', 'roof': '', 'ac_platform': '', 'plant_room': '', 'garden': '', 'yard': ''}",33.5,33.5,22083,22083.05866842452,19062802350036,5574419,ASP,HRB,淺水灣/壽臣山,1987/05,1987,39,A,2.0,2,blank,RUBY COURT,嘉麟閣,False
6258,2019-07-19,"REPULSE BAY GARDEN(Block 4),BELLEVIEW DR|淺水灣新村4座,麗景道",13411.163748674682,2810,2625,"{'bay_window': '', 'flat_roof': '', 'roof': '', 'ac_platform': '', 'plant_room': '', 'garden': '', 'yard': ''}",92.8,92.8,35352,35352.380952380954,19073001480049,5589650,ASP,HRB,淺水灣/壽臣山,1973/11,1973,53,whole floor,10.0,4,blank,REPULSE BAY GARDEN,淺水灣新村,False
6259,2019-07-18,"PARKVIEW CORNER(Block 17,HONG KONG PARKVIEW),TAI TAM RESERVOIR RD|陽明山莊,17座(眺景台),大潭水塘道",15601.876307996265,3225,2626,"{'bay_window': '', 'flat_roof': '', 'roof': '', 'ac_platform': '', 'plant_room': '', 'garden': '', 'yard': ''}",108.0,108.0,41127,41127.18964204113,19080600600203,5592704,PRO-ASP,HRB,淺水灣/壽臣山,1989/11,1989,37,93,15.0,17,blank,HONG KONG PARKVIEW,陽明山莊,False
6260,2019-07-18,"PARKVIEW CORNER(Block 17,HONG KONG PARKVIEW),TAI TAM RESERVOIR RD|陽明山莊,17座(眺景台),大潭水塘道",15604.253193478897,2645,2188,"{'bay_window': '', 'flat_roof': '', 'roof': '', 'ac_platform': '', 'plant_room': '', 'garden': '', 'yard': ''}",90.0,90.0,41133,41133.45521023766,19080600600213,5592705,PRO-ASP,HRB,淺水灣/壽臣山,1989/11,1989,37,91,15.0,17,blank,HONG KONG PARKVIEW,陽明山莊,False
6261,2019-07-31,"3 REPULSE BAY RD,REPULSE BAY RD|淺水灣三號,淺水灣道",16052.95752930722,2161,1796,"{'bay_window': '', 'flat_roof': '', 'roof': '', 'ac_platform': '', 'plant_room': '', 'garden': '', 'yard': ''}",76.0,76.0,42316,42316.2583518931,19081400850118,5598125,ASP,HRB,淺水灣/壽臣山,1997/07,1997,29,A,11.0,blank,blank,blank,,False
6263,2019-07-25,"PINE CREST,REPULSE BAY RD|松苑,淺水灣道",14424.520252435215,2250,1862,"{'bay_window': '', 'flat_roof': '', 'roof': '', 'ac_platform': '', 'plant_room': '', 'garden': '', 'yard': ''}",70.8,70.8,38024,38023.63050483351,19082000180256,5601359,ASP,HRB,淺水灣/壽臣山,1982/11,1982,44,A,7.0,blank,blank,blank,,False
6264,2019-09-04,"PARKVIEW SUITE(Block 5,HONG KONG PARKVIEW),TAI TAM RESERVOIR RD|陽明山莊,5座(陽明居),大潭水塘道",10775.393745900039,1263,1012,"{'bay_window': '', 'flat_roof': '', 'roof': '', 'ac_platform': '', 'plant_room': '', 'garden': '', 'yard': ''}",27.8,27.8,27470,27470.355731225296,19091202000014,5611246,ASP,HRB,淺水灣/壽臣山,1989/05,1989,37,37,16.0,5,blank,HONG KONG PARKVIEW,陽明山莊,False
6267,2019-11-05,"PARKVIEW SUITE(Block 5,HONG KONG PARKVIEW),TAI TAM RESERVOIR RD|陽明山莊,5座(陽明居),大潭水塘道",9897.70855230071,1309,1048,"{'bay_window': '', 'flat_roof': '', 'roof': '', 'ac_platform': '', 'plant_room': '', 'garden': '', 'yard': ''}",27.2,27.2,25954,25954.198473282442,19111501560025,5640280,ASP,HRB,淺水灣/壽臣山,1989/05,1989,37,41,9.0,5,blank,HONG KONG PARKVIEW,陽明山莊,False
6270,2019-11-22,"RUBY COURT(Block 2),SOUTH BAY RD|嘉麟閣2座,南灣道",11060.993465326552,1780,1517,"{'bay_window': '50', 'flat_roof': '', 'roof': '', 'ac_platform': '', 'plant_room': '', 'garden': '', 'yard': ''}",44.0,44.0,29005,29004.61437046803,19121000660217,5651478,ASP,HRB,淺水灣/壽臣山,1987/05,1987,39,A,17.0,2,blank,RUBY COURT,嘉麟閣,False
6272,2019-12-13,"PARKVIEW SUITE(Block 5,HONG KONG PARKVIEW),TAI TAM RESERVOIR RD|陽明山莊,5座(陽明居),大潭水塘道",11544.673818495596,1263,1012,"{'bay_window': '', 'flat_roof': '', 'roof': '', 'ac_platform': '', 'plant_room': '', 'garden': '', 'yard': ''}",29.0,29.0,28656,28656.12648221344,19122302030065,5655991,ASP,HRB,淺水灣/壽臣山,1989/05,1989,37,37,23.0,5,blank,HONG KONG PARKVIEW,陽明山莊,False
6274,2020-01-20,"PARKVIEW CORNER(Block 18,HONG KONG PARKVIEW),TAI TAM RESERVOIR RD|陽明山莊,18座(眺景台),大潭水塘道",9711.747520384328,2570,2067,"{'bay_window': '', 'flat_roof': '', 'roof': '', 'ac_platform': '', 'plant_room': '', 'garden': '', 'yard': ''}",51.08,51.08,24712,24712.14320270924,20020300840107,5667914,ASP,HRB,淺水灣/壽臣山,1989/05,1989,37,95,5.0,18,blank,HONG KONG PARKVIEW,陽明山莊,False
6280,2019-07-02,"MING WAI GARDEN,REPULSE BAY RD|明慧園,淺水灣道",13964.051528561075,0,1630,"{'bay_window': '', 'flat_roof': '', 'roof': '', 'ac_platform': '', 'plant_room': '', 'garden': '', 'yard': ''}",60.0,60.0,36810,36809.815950920245,20031300390016,5684429,MEM-ASP,HRB,淺水灣/壽臣山,1973/12,1973,53,A,6.0,blank,blank,blank,,False
6281,2020-03-12,"PARKVIEW SUITE(Block 3,HONG KONG PARKVIEW),TAI TAM RESERVOIR RD|陽明山莊,3座(陽明居),大潭水塘道",10821.829856748636,1275,994,"{'bay_window': '', 'flat_roof': '', 'roof': '', 'ac_platform': '', 'plant_room': '', 'garden': '', 'yard': ''}",27.5,27.5,27666,27665.99597585513,20032301260013,5687240,ASP,HRB,淺水灣/壽臣山,1989/05,1989,37,27,16.0,3,blank,HONG KONG PARKVIEW,陽明山莊,False
6282,2020-03-16,"PARKVIEW SUITE(Block 3,HONG KONG PARKVIEW),TAI TAM RESERVOIR RD|陽明山莊,3座(陽明居),大潭水塘道",10126.868508563903,1235,1012,"{'bay_window': '', 'flat_roof': '', 'roof': '', 'ac_platform': '', 'plant_room': '', 'garden': '', 'yard': ''}",26.2,26.2,25889,25889.328063241108,20040201150016,5691666,ASP,HRB,淺水灣/壽臣山,1989/05,1989,37,25,8.0,3,blank,HONG KONG PARKVIEW,陽明山莊,False
6283,2020-03-16,"GRAND GARDEN(Block 1),SOUTH BAY RD|華景園1座,南灣道",13679.566662902162,3054,2482,"{'bay_window': '84', 'flat_roof': '', 'roof': '', 'ac_platform': '', 'plant_room': '', 'garden': '', 'yard': ''}",86.8,86.8,34972,34971.796937953266,20040800170077,5694044,PRO-ASP,HRB,淺水灣/壽臣山,1986/12,1986,40,A,24.0,1,blank,GRAND GARDEN,華景園,False
6285,2020-03-15,"RUBY COURT(Block 2),SOUTH BAY RD|嘉麟閣2座,南灣道",9153.710317135236,1780,1517,"{'bay_window': '50', 'flat_roof': '', 'roof': '', 'ac_platform': '', 'plant_room': '', 'garden': '', 'yard': ''}",35.5,35.5,23401,23401.450230718525,20041401600013,5695794,PRO-ASP,HRB,淺水灣/壽臣山,1987/05,1987,39,B,2.0,2,blank,RUBY COURT,嘉麟閣,False
6286,2020-03-23,"PARKVIEW RISE(Block 8,HONG KONG PARKVIEW),TAI TAM RESERVOIR RD|陽明山莊,8座(凌雲閣),大潭水塘道",9232.600603235474,2366,1915,"{'bay_window': '', 'flat_roof': '', 'roof': '', 'ac_platform': '', 'plant_room': '', 'garden': '', 'yard': ''}",45.2,45.2,23603,23603.13315926893,20041702000018,5697513,MEM-ASP,HRB,淺水灣/壽臣山,1988/08,1988,38,55,22.0,8,blank,HONG KONG PARKVIEW,陽明山莊,False
6287,2020-03-27,"REPULSE BAY GARDEN(Block 5),BELLEVIEW DR|淺水灣新村5座,麗景道",8898.425611808549,2288,2110,"{'bay_window': '', 'flat_roof': '', 'roof': '', 'ac_platform': '', 'plant_room': '', 'garden': '', 'yard': ''}",48.0,48.0,22749,22748.81516587678,20042101140019,5698337,PRO-ASP,HRB,淺水灣/壽臣山,1973/11,1973,53,whole floor,1.0,5,blank,REPULSE BAY GARDEN,淺水灣新村,False
6289,2020-05-05,"PARKVIEW SUITE(Block 4,HONG KONG PARKVIEW),TAI TAM RESERVOIR RD|陽明山莊,4座(陽明居),大潭水塘道",9128.93011203324,2105,1747,"{'bay_window': '', 'flat_roof': '', 'roof': '', 'ac_platform': '', 'plant_room': '', 'garden': '', 'yard': ''}",41.0,41.0,23469,23468.803663423012,20051901370012,5708484,ASP,HRB,淺水灣/壽臣山,1989/05,1989,37,31,16.0,4,blank,HONG KONG PARKVIEW,陽明山莊,False
6291,2020-05-14,"THE BEACHSIDE(Block A),REPULSE BAY RD|THE BEACHSIDEA座,淺水灣道",9004.201053366121,1135,864,"{'bay_window': '29', 'flat_roof': '', 'roof': '', 'ac_platform': '', 'plant_room': '', 'garden': '', 'yard': ''}",20.0,20.0,23148,23148.14814814815,20052100240087,5710204,ASP,HRB,淺水灣/壽臣山,1993/12,1993,33,A,2.0,A,blank,THE BEACHSIDE,THE BEACHSIDE,False
6293,2020-05-11,"VILLA HELVETIA,REPULSE BAY RD|雲濤別墅,淺水灣道",13104.723843230604,0,1870,"{'bay_window': '', 'flat_roof': '', 'roof': '', 'ac_platform': '', 'plant_room': '', 'garden': '', 'yard': ''}",63.0,63.0,33690,33689.83957219251,20052800520021,5714031,ASP,HRB,淺水灣/壽臣山,1964/07,1964,62,whole floor,1.0,blank,blank,blank,,False
6295,2020-05-14,"SPLENDOUR VILLA,SOUTH BAY RD|雅景閣,南灣道",12457.820042477484,0,1046,"{'bay_window': '', 'flat_roof': '', 'roof': '', 'ac_platform': '', 'plant_room': '', 'garden': '', 'yard': ''}",33.5,33.5,32027,32026.76864244742,20060102030076,5715582,ASP,HRB,淺水灣/壽臣山,1993/08,1993,33,E,1.0,blank,blank,blank,,False
6297,2020-05-28,"PARKVIEW SUITE(Block 5,HONG KONG PARKVIEW),TAI TAM RESERVOIR RD|陽明山莊,5座(陽明居),大潭水塘道",10518.259239976009,1263,1012,"{'bay_window': '', 'flat_roof': '', 'roof': '', 'ac_platform': '', 'plant_room': '', 'garden': '', 'yard': ''}",27.365,27.365,27041,27040.513833992096,20060400560197,5717369,ASP,HRB,淺水灣/壽臣山,1989/05,1989,37,37,6.0,5,blank,HONG KONG PARKVIEW,陽明山莊,False
6298,2020-05-10,"PARKVIEW SUITE(Block 4,HONG KONG PARKVIEW),TAI TAM RESERVOIR RD|陽明山莊,4座(陽明居),大潭水塘道",8015.645952029187,2105,1747,"{'bay_window': '', 'flat_roof': '', 'roof': '', 'ac_platform': '', 'plant_room': '', 'garden': '', 'yard': ''}",36.0,36.0,20607,20606.754436176303,20060502080023,5718618,ASP,HRB,淺水灣/壽臣山,1989/05,1989,37,31,10.0,4,blank,HONG KONG PARKVIEW,陽明山莊,False
6299,2020-05-10,"PARKVIEW RISE(Block 7,HONG KONG PARKVIEW),TAI TAM RESERVOIR RD|陽明山莊,7座(凌雲閣),大潭水塘道",8492.015450694355,2092,1649,"{'bay_window': '', 'flat_roof': '', 'roof': '', 'ac_platform': '', 'plant_room': '', 'garden': '', 'yard': ''}",36.0,36.0,21831,21831.41297756216,20060502080039,5718619,ASP,HRB,淺水灣/壽臣山,1988/12,1988,38,49,12.0,7,blank,HONG KONG PARKVIEW,陽明山莊,False
6302,2020-05-26,"GRAND GARDEN(Block 2),SOUTH BAY RD|華景園2座,南灣道",11153.590982234162,1820,1395,"{'bay_window': '46', 'flat_roof': '', 'roof': '', 'ac_platform': '', 'plant_room': '', 'garden': '', 'yard': ''}",40.0,40.0,28674,28673.83512544803,20061002190025,5721036,ASP,HRB,淺水灣/壽臣山,1986/12,1986,40,A,15.0,2,blank,GRAND GARDEN,華景園,False
6304,2020-06-15,"RIDGE COURT,REPULSE BAY RD|冠園,淺水灣道",10467.84534757347,0,1880,"{'bay_window': '', 'flat_roof': '', 'roof': '', 'ac_platform': '', 'plant_room': '', 'garden': '', 'yard': ''}",50.0,50.0,26596,26595.744680851065,20062200900012,5727680,ASP,HRB,淺水灣/壽臣山,1962/08,1962,64,D,5.0,blank,blank,blank,,False
6306,2020-05-29,"RUBY COURT(Block 2),SOUTH BAY RD|嘉麟閣2座,南灣道",9461.711809591208,1780,1517,"{'bay_window': '50', 'flat_roof': '', 'roof': '', 'ac_platform': '', 'plant_room': '', 'garden': '', 'yard': ''}",36.9,36.9,24324,24324.324324324323,20062601900012,5730135,PRO-ASP,HRB,淺水灣/壽臣山,1987/05,1987,39,B,6.0,2,blank,RUBY COURT,嘉麟閣,False
6307,2020-06-22,"3 REPULSE BAY RD,REPULSE BAY RD|淺水灣三號,淺水灣道",18085.743139288337,2078,1741,"{'bay_window': '', 'flat_roof': '', 'roof': '', 'ac_platform': '', 'plant_room': '', 'garden': '', 'yard': ''}",80.0,80.0,45951,45950.60310166571,20070901010082,5736435,MEM-ASP,HRB,淺水灣/壽臣山,1997/07,1997,29,B,8.0,blank,blank,blank,,False
6308,2020-07-02,"SOUTH BAY TOWERS,SOUTH BAY RD|南灣大廈,南灣道",9727.824141036206,1433,1145,"{'bay_window': '', 'flat_roof': '', 'roof': '', 'ac_platform': '', 'plant_room': '', 'garden': '', 'yard': ''}",28.38,28.38,24786,24786.026200873363,20071301030157,5737659,ASP,HRB,淺水灣/壽臣山,1984/11,1984,42,D,19.0,blank,blank,blank,,False
6311,2020-07-03,"PARKVIEW SUITE(Block 5,HONG KONG PARKVIEW),TAI TAM RESERVOIR RD|陽明山莊,5座(陽明居),大潭水塘道",9538.467363454507,1299,1041,"{'bay_window': '', 'flat_roof': '', 'roof': '', 'ac_platform': '', 'plant_room': '', 'garden': '', 'yard': ''}",25.3,25.3,24304,24303.55427473583,20071502330015,5739570,ASP,HRB,淺水灣/壽臣山,1989/05,1989,37,35,12.0,5,blank,HONG KONG PARKVIEW,陽明山莊,False
6312,2020-07-02,"8 DEEP WATER BAY DR(Block 2),DEEP WATER BAY DR|深水灣徑8號2座,深水灣徑",23972.991355908158,0,2865,"{'bay_window': '', 'flat_roof': '', 'roof': '', 'ac_platform': '', 'plant_room': '', 'garden': '84', 'yard': ''}",175.0,175.0,61082,61082.024432809776,20072000760244,5741682,ASP,HRB,淺水灣/壽臣山,2018/01,2018,8,D,6.0,2,blank,8 DEEP WATER BAY DR,深水灣徑8號,False
6314,2020-07-20,"SOUTH BAY PALACE(Block 1),SOUTH BAY CLOSE|南灣御苑1座,南灣坊",7717.951290547396,0,1373,"{'bay_window': '', 'flat_roof': '', 'roof': '', 'ac_platform': '', 'plant_room': '', 'garden': '', 'yard': ''}",27.0,27.0,19665,19664.967225054625,20073101220036,5749049,ASP,HRB,淺水灣/壽臣山,2000/01,2000,26,C,5.0,1,blank,SOUTH BAY PALACE,南灣御苑,False
6315,2020-07-13,"PARKVIEW RISE(Block 7,HONG KONG PARKVIEW),TAI TAM RESERVOIR RD|陽明山莊,7座(凌雲閣),大潭水塘道",10607.354476397973,1924,1517,"{'bay_window': '', 'flat_roof': '', 'roof': '', 'ac_platform': '', 'plant_room': '', 'garden': '', 'yard': ''}",41.0,41.0,27027,27027.027027027027,20080501710018,5750912,PRO-ASP,HRB,淺水灣/壽臣山,1988/12,1988,38,51,6.0,7,blank,HONG KONG PARKVIEW,陽明山莊,False
6316,2020-07-22,"THE BEACHSIDE(Block A),REPULSE BAY RD|THE BEACHSIDEA座,淺水灣道",11952.054512711878,950,706,"{'bay_window': '9', 'flat_roof': '', 'roof': '', 'ac_platform': '', 'plant_room': '695', 'garden': '', 'yard': ''}",21.5,21.5,30453,30453.257790368272,20080701560255,5752781,ASP,HRB,淺水灣/壽臣山,1993/12,1993,33,F,1.0,A,blank,THE BEACHSIDE,THE BEACHSIDE,False
6318,2020-08-03,"PINE CREST,REPULSE BAY RD|松苑,淺水灣道",16320.329228498638,2250,1862,"{'bay_window': '', 'flat_roof': '', 'roof': '', 'ac_platform': '', 'plant_room': '', 'garden': '', 'yard': ''}",75.0,75.0,40279,40279.26960257787,20082801250015,5764270,MEM-ASP,HRB,淺水灣/壽臣山,1982/11,1982,44,A,8.0,blank,blank,blank,,False
6319,2020-08-31,"8 DEEP WATER BAY DR(Block 2),DEEP WATER BAY DR|深水灣徑8號2座,深水灣徑",25399.726180403573,0,2865,"{'bay_window': '', 'flat_roof': '', 'roof': '', 'ac_platform': '', 'plant_room': '', 'garden': '84', 'yard': ''}",179.6,179.6,62688,62687.60907504363,20090801180059,5769231,ASP,HRB,淺水灣/壽臣山,2018/01,2018,8,D,8.0,2,blank,8 DEEP WATER BAY DR,深水灣徑8號,False
6320,2020-08-28,"RUBY COURT(Block 2),SOUTH BAY RD|嘉麟閣2座,南灣道",11484.978949760245,1780,1517,"{'bay_window': '50', 'flat_roof': '', 'roof': '', 'ac_platform': '', 'plant_room': '', 'garden': '', 'yard': ''}",43.0,43.0,28345,28345.418589321027,20092200580043,5778347,PRE-ASP,HRB,淺水灣/壽臣山,1987/05,1987,39,A,16.0,2,blank,RUBY COURT,嘉麟閣,False
6321,2020-09-30,"PARKVIEW TERR(Block 11,HONG KONG PARKVIEW),TAI TAM RESERVOIR RD|陽明山莊,11座(涵碧苑),大潭水塘道",11630.89589777963,2490,2049,"{'bay_window': '', 'flat_roof': '', 'roof': '', 'ac_platform': '', 'plant_room': '', 'garden': '', 'yard': ''}",60.5,60.5,29527,29526.598340653978,20101402450056,5789337,ASP,HRB,淺水灣/壽臣山,1988/08,1988,38,67,9.0,11,blank,HONG KONG PARKVIEW,陽明山莊,False
6323,2020-09-23,"SOUTH BAY GARDEN(Block B),SOUTH BAY CLOSE|南灣花園B座,南灣坊",9726.23434121027,1542,1296,"{'bay_window': '', 'flat_roof': '', 'roof': '', 'ac_platform': '', 'plant_room': '', 'garden': '', 'yard': ''}",32.0,32.0,24691,24691.35802469136,20101901940076,5791821,PRO-ASP,HRB,淺水灣/壽臣山,1985/09,1985,41,2,1.0,B,blank,SOUTH BAY GARDEN,南灣花園,False
6325,2020-10-30,"PARKVIEW HEIGHTS(Block 13,HONG KONG PARKVIEW),TAI TAM RESERVOIR RD|陽明山莊,13座(摘星樓),大潭水塘道",10441.087267963634,2700,2327,"{'bay_window': '', 'flat_roof': '', 'roof': '', 'ac_platform': '', 'plant_room': '', 'garden': '', 'yard': ''}",61.38,61.38,26377,26377.309840996993,20111100230178,5803089,ASP,HRB,淺水灣/壽臣山,1988/08,1988,38,73,9.0,13,blank,HONG KONG PARKVIEW,陽明山莊,False
6326,2020-11-04,"GRAND GARDEN(Block 2),SOUTH BAY RD|華景園2座,南灣道",11287.459286526891,1463,1124,"{'bay_window': '33', 'flat_roof': '', 'roof': '', 'ac_platform': '', 'plant_room': '', 'garden': '', 'yard': ''}",31.5,31.5,28025,28024.91103202847,20111101830010,5803548,ASP,HRB,淺水灣/壽臣山,1986/12,1986,40,B,18.0,2,blank,GRAND GARDEN,華景園,False
6329,2020-10-19,"8 DEEP WATER BAY DR(Block 2),DEEP WATER BAY DR|深水灣徑8號2座,深水灣徑",24145.99241488488,0,2865,"{'bay_window': '', 'flat_roof': '', 'roof': '', 'ac_platform': '', 'plant_room': '', 'garden': '84', 'yard': ''}",174.765,174.765,61000,61000.0,20111600550019,5805283,ASP,HRB,淺水灣/壽臣山,2018/01,2018,8,D,5.0,2,blank,8 DEEP WATER BAY DR,深水灣徑8號,False
6331,2020-11-17,"PARKVIEW SUITE(Block 5,HONG KONG PARKVIEW),TAI TAM RESERVOIR RD|陽明山莊,5座(陽明居),大潭水塘道",10830.07989302146,1309,1048,"{'bay_window': '', 'flat_roof': '', 'roof': '', 'ac_platform': '', 'plant_room': '', 'garden': '', 'yard': ''}",28.18,28.18,26889,26889.31297709924,20112400290043,5809790,ASP,HRB,淺水灣/壽臣山,1989/05,1989,37,41,23.0,5,blank,HONG KONG PARKVIEW,陽明山莊,False
6332,2020-11-06,"PINE CREST,REPULSE BAY RD|松苑,淺水灣道",16331.242561731626,2250,1862,"{'bay_window': '', 'flat_roof': '', 'roof': '', 'ac_platform': '', 'plant_room': '', 'garden': '', 'yard': ''}",75.5,75.5,40548,40547.79806659506,20112500100047,5811259,ASP,HRB,淺水灣/壽臣山,1982/11,1982,44,B,16.0,blank,blank,blank,,False
6333,2020-11-16,"8 DEEP WATER BAY DR(Block 2),DEEP WATER BAY DR|深水灣徑8號2座,深水灣徑",25374.208476112453,0,2865,"{'bay_window': '', 'flat_roof': '', 'roof': '', 'ac_platform': '', 'plant_room': '', 'garden': '84', 'yard': ''}",180.495,180.495,63000,63000.0,20112700660189,5812290,ASP,HRB,淺水灣/壽臣山,2018/01,2018,8,D,7.0,2,blank,8 DEEP WATER BAY DR,深水灣徑8號,False
6334,2020-11-25,"SOUTH BAY TOWERS,SOUTH BAY RD|南灣大廈,南灣道",9919.632342501853,1433,1145,"{'bay_window': '', 'flat_roof': '', 'roof': '', 'ac_platform': '', 'plant_room': '', 'garden': '', 'yard': ''}",28.2,28.2,24629,24628.82096069869,20113001600018,5813465,ASP,HRB,淺水灣/壽臣山,1984/11,1984,42,A,7.0,blank,blank,blank,,False
6335,2020-11-16,"RIDGE COURT,REPULSE BAY RD|冠園,淺水灣道",10883.230248113074,0,1880,"{'bay_window': '', 'flat_roof': '', 'roof': '', 'ac_platform': '', 'plant_room': '', 'garden': '', 'yard': ''}",50.8,50.8,27021,27021.27659574468,20120201720015,5815420,ASP,HRB,淺水灣/壽臣山,1962/08,1962,64,C,4.0,blank,blank,blank,,False
6337,2020-11-18,"PARKVIEW SUITE(Block 5,HONG KONG PARKVIEW),TAI TAM RESERVOIR RD|陽明山莊,5座(陽明居),大潭水塘道",10415.016504644484,1309,1048,"{'bay_window': '', 'flat_roof': '', 'roof': '', 'ac_platform': '', 'plant_room': '', 'garden': '', 'yard': ''}",27.1,27.1,25859,25858.778625954197,20121401660033,5822417,PRE-ASP,HRB,淺水灣/壽臣山,1989/05,1989,37,41,11.0,5,blank,HONG KONG PARKVIEW,陽明山莊,False
6340,2020-12-30,"SOUTH BAY TOWERS,SOUTH BAY RD|南灣大廈,南灣道",11049.100737964756,2738,2090,"{'bay_window': '107', 'flat_roof': '', 'roof': '', 'ac_platform': '', 'plant_room': '', 'garden': '', 'yard': ''}",58.0,58.0,27751,27751.196172248805,21011300650030,5839120,ASP,HRB,淺水灣/壽臣山,1984/11,1984,42,C,21.0,blank,blank,blank,,False
6341,2020-11-09,"BELGRAVIA,SOUTH BAY RD|BELGRAVIA,南灣道",13219.472119803988,2790,2222,"{'bay_window': '', 'flat_roof': '', 'roof': '', 'ac_platform': '', 'plant_room': '', 'garden': '', 'yard': ''}",72.93,72.93,32822,32821.78217821782,21011500440016,5840962,PRO-ASP,HRB,淺水灣/壽臣山,1989/04,1989,37,B,28.0,blank,blank,blank,,False
6342,2020-12-21,"PARKVIEW RISE(Block 7,HONG KONG PARKVIEW),TAI TAM RESERVOIR RD|陽明山莊,7座(凌雲閣),大潭水塘道",11385.423580194396,1924,1517,"{'bay_window': '', 'flat_roof': '', 'roof': '', 'ac_platform': '', 'plant_room': '', 'garden': '', 'yard': ''}",43.38,43.38,28596,28595.912986156887,21011900160013,5842604,PRE-ASP,HRB,淺水灣/壽臣山,1988/12,1988,38,51,21.0,7,blank,HONG KONG PARKVIEW,陽明山莊,False
6344,2021-01-20,"37 REPULSE BAY RD(Block 3),REPULSE BAY RD|淺水灣道 37號3座,淺水灣道",10702.399869207624,1220,882,"{'bay_window': '56', 'flat_roof': '', 'roof': '', 'ac_platform': '', 'plant_room': '', 'garden': '', 'yard': ''}",23.6,23.6,26757,26757.36961451247,21012501130026,5847200,PRO-ASP,HRB,淺水灣/壽臣山,1994/02,1994,32,A,21.0,3,blank,37 REPULSE BAY RD,淺水灣道 37號,False
6345,2021-01-07,"PINE CREST,REPULSE BAY RD|松苑,淺水灣道",15122.748789317464,2250,1862,"{'bay_window': '', 'flat_roof': '', 'roof': '', 'ac_platform': '', 'plant_room': '', 'garden': '', 'yard': ''}",70.4,70.4,37809,37808.80773361976,21012601070018,5847650,MEM-ASP,HRB,淺水灣/壽臣山,1982/11,1982,44,A,17.0,blank,blank,blank,,False
6347,2021-01-14,"PARKVIEW SUITE(Block 4,HONG KONG PARKVIEW),TAI TAM RESERVOIR RD|陽明山莊,4座(陽明居),大潭水塘道",8471.231974710197,2105,1747,"{'bay_window': '', 'flat_roof': '', 'roof': '', 'ac_platform': '', 'plant_room': '', 'garden': '', 'yard': ''}",37.0,37.0,21179,21179.164281625643,21020301650084,5853123,PRO-ASP,HRB,淺水灣/壽臣山,1989/05,1989,37,31,1.0,4,blank,HONG KONG PARKVIEW,陽明山莊,False
6348,2021-01-19,"8 DEEP WATER BAY DR(Block 2),DEEP WATER BAY DR|深水灣徑8號2座,深水灣徑",25998.668834816657,0,2865,"{'bay_window': '', 'flat_roof': '', 'roof': '', 'ac_platform': '', 'plant_room': '', 'garden': '84', 'yard': ''}",186.225,186.225,65000,65000.0,21020501710150,5854966,ASP,HRB,淺水灣/壽臣山,2018/01,2018,8,D,9.0,2,blank,8 DEEP WATER BAY DR,深水灣徑8號,False
6351,2021-02-08,"37 REPULSE BAY RD(Block 3),REPULSE BAY RD|淺水灣道 37號3座,淺水灣道",10625.151271708914,1220,882,"{'bay_window': '56', 'flat_roof': '', 'roof': '', 'ac_platform': '', 'plant_room': '', 'garden': '', 'yard': ''}",23.38,23.38,26508,26507.93650793651,21022401240041,5864990,ASP,HRB,淺水灣/壽臣山,1994/02,1994,32,A,17.0,3,blank,37 REPULSE BAY RD,淺水灣道 37號,False
6352,2021-02-19,"PARKVIEW SUITE(Block 5,HONG KONG PARKVIEW),TAI TAM RESERVOIR RD|陽明山莊,5座(陽明居),大潭水塘道",9370.526687778663,1309,1048,"{'bay_window': '', 'flat_roof': '', 'roof': '', 'ac_platform': '', 'plant_room': '', 'garden': '', 'yard': ''}",24.5,24.5,23378,23377.862595419847,21030100900024,5867440,ASP,HRB,淺水灣/壽臣山,1989/05,1989,37,41,3.0,5,blank,HONG KONG PARKVIEW,陽明山莊,False
6353,2021-02-08,"PARKVIEW SUITE(Block 5,HONG KONG PARKVIEW),TAI TAM RESERVOIR RD|陽明山莊,5座(陽明居),大潭水塘道",10781.185089932253,1299,1041,"{'bay_window': '', 'flat_roof': '', 'roof': '', 'ac_platform': '', 'plant_room': '', 'garden': '', 'yard': ''}",28.0,28.0,26897,26897.214217098943,21030302000061,5869443,ASP,HRB,淺水灣/壽臣山,1989/05,1989,37,35,16.0,5,blank,HONG KONG PARKVIEW,陽明山莊,False
6354,2021-03-10,"PINE CREST,REPULSE BAY RD|松苑,淺水灣道",14543.146198899154,2250,1862,"{'bay_window': '', 'flat_roof': '', 'roof': '', 'ac_platform': '', 'plant_room': '', 'garden': '', 'yard': ''}",68.8,68.8,36950,36949.516648764766,21031601890025,5875691,ASP,HRB,淺水灣/壽臣山,1982/11,1982,44,A,4.0,blank,blank,blank,,False
6355,2021-02-24,"MONTE VERDE,REPULSE BAY RD|南山別墅,淺水灣道",16360.36979390594,2215,1960,"{'bay_window': '', 'flat_roof': '', 'roof': '', 'ac_platform': '', 'plant_room': '', 'garden': '', 'yard': ''}",80.0,80.0,40816,40816.32653061225,21031700810010,5876181,MEM-ASP,HRB,淺水灣/壽臣山,1974/05,1974,52,B,18.0,blank,blank,blank,,False
6356,2021-03-08,"8 DEEP WATER BAY DR(Block 1),DEEP WATER BAY DR|深水灣徑8號1座,深水灣徑",27158.057228810547,0,3641,"{'bay_window': '', 'flat_roof': '', 'roof': '', 'ac_platform': '', 'plant_room': '', 'garden': '74', 'yard': ''}",251.229,251.229,69000,69000.0,21031701990112,5876572,ASP,HRB,淺水灣/壽臣山,2018/01,2018,8,B,9.0,1,blank,8 DEEP WATER BAY DR,深水灣徑8號,False
6357,2021-03-05,"GRAND GARDEN(Block 1),SOUTH BAY RD|華景園1座,南灣道",12369.223416408126,3054,2482,"{'bay_window': '84', 'flat_roof': '', 'roof': '', 'ac_platform': '', 'plant_room': '', 'garden': '', 'yard': ''}",78.0,78.0,31426,31426.269137792104,21032401410227,5880480,ASP,HRB,淺水灣/壽臣山,1986/12,1986,40,A,6.0,1,blank,GRAND GARDEN,華景園,False
6359,2021-03-19,"PARKVIEW RISE(Block 7,HONG KONG PARKVIEW),TAI TAM RESERVOIR RD|陽明山莊,7座(凌雲閣),大潭水塘道",11623.637077858784,1924,1517,"{'bay_window': '', 'flat_roof': '', 'roof': '', 'ac_platform': '', 'plant_room': '', 'garden': '', 'yard': ''}",44.8,44.8,29532,29531.97099538563,21032901290216,5883165,ASP,HRB,淺水灣/壽臣山,1988/12,1988,38,51,16.0,7,blank,HONG KONG PARKVIEW,陽明山莊,False
6360,2021-03-03,"PARKVIEW RISE(Block 6,HONG KONG PARKVIEW),TAI TAM RESERVOIR RD|陽明山莊,6座(凌雲閣),大潭水塘道",10372.652983511316,2583,2087,"{'bay_window': '', 'flat_roof': '', 'roof': '', 'ac_platform': '', 'plant_room': '', 'garden': '', 'yard': ''}",55.0,55.0,26354,26353.61763296598,21032901340016,5883193,ASP,HRB,淺水灣/壽臣山,1988/12,1988,38,45,1.0,6,blank,HONG KONG PARKVIEW,陽明山莊,False
6361,2021-03-03,"37 REPULSE BAY RD(Block 3),REPULSE BAY RD|淺水灣道 37號3座,淺水灣道",10531.567757729945,1220,882,"{'bay_window': '56', 'flat_roof': '', 'roof': '', 'ac_platform': '', 'plant_room': '', 'garden': '', 'yard': ''}",23.6,23.6,26757,26757.36961451247,21033100930010,5885377,PRE-ASP,HRB,淺水灣/壽臣山,1994/02,1994,32,A,9.0,3,blank,37 REPULSE BAY RD,淺水灣道 37號,False
6363,2021-03-31,"PARKVIEW TERR(Block 11,HONG KONG PARKVIEW),TAI TAM RESERVOIR RD|陽明山莊,11座(涵碧苑),大潭水塘道",13101.587074295336,2620,2157,"{'bay_window': '', 'flat_roof': '', 'roof': '', 'ac_platform': '', 'plant_room': '', 'garden': '', 'yard': ''}",71.8,71.8,33287,33286.97264719518,21041501060367,5892279,ASP,HRB,淺水灣/壽臣山,1988/08,1988,38,65,15.0,11,blank,HONG KONG PARKVIEW,陽明山莊,False
6365,2021-03-25,"PINE CREST,REPULSE BAY RD|松苑,淺水灣道",15811.443832524083,2250,1862,"{'bay_window': '', 'flat_roof': '', 'roof': '', 'ac_platform': '', 'plant_room': '', 'garden': '', 'yard': ''}",74.8,74.8,40172,40171.858216971,21042201510012,5897426,MEM-ASP,HRB,淺水灣/壽臣山,1982/11,1982,44,A,9.0,blank,blank,blank,,False
6366,2021-04-12,"37 REPULSE BAY RD(Block 2),REPULSE BAY RD|淺水灣道 37號2座,淺水灣道",13293.104821289131,1635,1236,"{'bay_window': '32', 'flat_roof': '', 'roof': '', 'ac_platform': '', 'plant_room': '', 'garden': '', 'yard': ''}",42.08,42.08,34045,34045.307443365695,21042702060039,5900847,ASP,HRB,淺水灣/壽臣山,1994/02,1994,32,A,9.0,2,blank,37 REPULSE BAY RD,淺水灣道 37號,False
6368,2021-04-26,"PARKVIEW SUITE(Block 3,HONG KONG PARKVIEW),TAI TAM RESERVOIR RD|陽明山莊,3座(陽明居),大潭水塘道",11201.530935785231,1290,976,"{'bay_window': '', 'flat_roof': '', 'roof': '', 'ac_platform': '', 'plant_room': '', 'garden': '', 'yard': ''}",28.0,28.0,28689,28688.524590163935,21050400430122,5904733,ASP,HRB,淺水灣/壽臣山,1989/05,1989,37,21,20.0,3,blank,HONG KONG PARKVIEW,陽明山莊,False
6369,2021-04-19,"3 REPULSE BAY RD,REPULSE BAY RD|淺水灣三號,淺水灣道",18828.371985406673,0,1659,"{'bay_window': '', 'flat_roof': '', 'roof': '', 'ac_platform': '', 'plant_room': '', 'garden': '', 'yard': ''}",80.0,80.0,48222,48221.82037371911,21050700390035,5907361,ASP,HRB,淺水灣/壽臣山,1997/07,1997,29,B,23.0,blank,blank,blank,,False
6372,2021-05-03,"PINE CREST,REPULSE BAY RD|松苑,淺水灣道",15090.621331134924,2250,1862,"{'bay_window': '', 'flat_roof': '', 'roof': '', 'ac_platform': '', 'plant_room': '', 'garden': '', 'yard': ''}",71.5,71.5,38400,38399.57035445757,21052002350047,5916073,ASP,HRB,淺水灣/壽臣山,1982/11,1982,44,B,7.0,blank,blank,blank,,False
6374,2021-05-05,"PARKVIEW CORNER(Block 17,HONG KONG PARKVIEW),TAI TAM RESERVOIR RD|陽明山莊,17座(眺景台),大潭水塘道",14548.508011943284,2645,2188,"{'bay_window': '', 'flat_roof': '', 'roof': '', 'ac_platform': '', 'plant_room': '', 'garden': '', 'yard': ''}",81.0,81.0,37020,37020.109689213896,21053102410213,5923492,MEM-ASP,HRB,淺水灣/壽臣山,1989/11,1989,37,91,18.0,17,blank,HONG KONG PARKVIEW,陽明山莊,False
6375,2021-05-05,"PARKVIEW CORNER(Block 17,HONG KONG PARKVIEW),TAI TAM RESERVOIR RD|陽明山莊,17座(眺景台),大潭水塘道",13768.095252471185,3225,2626,"{'bay_window': '', 'flat_roof': '', 'roof': '', 'ac_platform': '', 'plant_room': '', 'garden': '', 'yard': ''}",92.0,92.0,35034,35034.272658035035,21053102410234,5923494,MEM-ASP,HRB,淺水灣/壽臣山,1989/11,1989,37,93,18.0,17,blank,HONG KONG PARKVIEW,陽明山莊,False
6377,2021-05-18,"PARKVIEW RISE(Block 8,HONG KONG PARKVIEW),TAI TAM RESERVOIR RD|陽明山莊,8座(凌雲閣),大潭水塘道",11697.33246441362,2366,1915,"{'bay_window': '', 'flat_roof': '', 'roof': '', 'ac_platform': '', 'plant_room': '', 'garden': '', 'yard': ''}",57.0,57.0,29765,29765.013054830288,21060402290021,5927161,ASP,HRB,淺水灣/壽臣山,1988/08,1988,38,53,7.0,8,blank,HONG KONG PARKVIEW,陽明山莊,False
6379,2021-06-03,"PARKVIEW HEIGHTS(Block 14,HONG KONG PARKVIEW),TAI TAM RESERVOIR RD|陽明山莊,14座(摘星樓),大潭水塘道",12212.761310075331,1860,1505,"{'bay_window': '', 'flat_roof': '', 'roof': '', 'ac_platform': '', 'plant_room': '', 'garden': '', 'yard': ''}",48.5,48.5,32226,32225.913621262458,21061000210258,5930351,ASP,HRB,淺水灣/壽臣山,1988/12,1988,38,77,22.0,14,blank,HONG KONG PARKVIEW,陽明山莊,False
6381,2021-05-21,"SEA CLIFF MANSION(Block B),REPULSE BAY RD|海峰園B座,淺水灣道",11623.345740379691,0,1961,"{'bay_window': '', 'flat_roof': '', 'roof': '', 'ac_platform': '', 'plant_room': '', 'garden': '', 'yard': ''}",58.0,58.0,29577,29576.746557878632,21061802700035,5936578,ASP,HRB,淺水灣/壽臣山,1964/05,1964,62,whole floor,7.0,B,blank,SEA CLIFF MANSION,海峰園,False
6382,2021-06-03,"SPLENDOUR VILLA,SOUTH BAY RD|雅景閣,南灣道",13875.156438707723,0,1169,"{'bay_window': '', 'flat_roof': '', 'roof': '', 'ac_platform': '', 'plant_room': '', 'garden': '', 'yard': ''}",42.8,42.8,36612,36612.489307100084,21062100220013,5937628,ASP,HRB,淺水灣/壽臣山,1993/08,1993,33,H,2.0,blank,blank,blank,,False
6383,2021-06-10,"PARKVIEW CRESCENT(Block 10,HONG KONG PARKVIEW),TAI TAM RESERVOIR RD|陽明山莊,10座(環翠軒),大潭水塘道",12136.207777956572,2771,2342,"{'bay_window': '', 'flat_roof': '', 'roof': '', 'ac_platform': '', 'plant_room': '', 'garden': '', 'yard': ''}",75.0,75.0,32024,32023.911187019643,21062302290012,5939654,ASP,HRB,淺水灣/壽臣山,1988/08,1988,38,63,7.0,10,blank,HONG KONG PARKVIEW,陽明山莊,False
6384,2021-06-07,"RIDGE COURT,REPULSE BAY RD|冠園,淺水灣道",8829.27191049414,0,1880,"{'bay_window': '', 'flat_roof': '', 'roof': '', 'ac_platform': '', 'plant_room': '', 'garden': '', 'yard': ''}",43.8,43.8,23298,23297.872340425532,21062500490028,5942253,PRO-ASP,HRB,淺水灣/壽臣山,1962/08,1962,64,A,2.0,blank,blank,blank,,False
6387,2021-06-18,"PARKVIEW SUITE(Block 5,HONG KONG PARKVIEW),TAI TAM RESERVOIR RD|陽明山莊,5座(陽明居),大潭水塘道",10859.907244575157,1263,1012,"{'bay_window': '', 'flat_roof': '', 'roof': '', 'ac_platform': '', 'plant_room': '', 'garden': '', 'yard': ''}",29.0,29.0,28656,28656.12648221344,21070701900043,5949683,ASP,HRB,淺水灣/壽臣山,1989/05,1989,37,37,17.0,5,blank,HONG KONG PARKVIEW,陽明山莊,False
6389,2021-06-30,"GRAND GARDEN(Block 3),SOUTH BAY RD|華景園3座,南灣道",11868.944477000254,1657,1274,"{'bay_window': '40', 'flat_roof': '', 'roof': '', 'ac_platform': '', 'plant_room': '', 'garden': '', 'yard': ''}",39.9,39.9,31319,31318.68131868132,21071900810022,5958084,ASP,HRB,淺水灣/壽臣山,1986/12,1986,40,A,11.0,3,blank,GRAND GARDEN,華景園,False
6390,2021-07-08,"PARKVIEW SUITE(Block 3,HONG KONG PARKVIEW),TAI TAM RESERVOIR RD|陽明山莊,3座(陽明居),大潭水塘道",11138.178976299932,1235,1012,"{'bay_window': '', 'flat_roof': '', 'roof': '', 'ac_platform': '', 'plant_room': '', 'garden': '', 'yard': ''}",29.38,29.38,29032,29031.620553359684,21072301660139,5962493,ASP,HRB,淺水灣/壽臣山,1989/05,1989,37,25,22.0,3,blank,HONG KONG PARKVIEW,陽明山莊,False
6391,2021-07-08,"SEA CLIFF MANSION(Block A),REPULSE BAY RD|海峰園A座,淺水灣道",13085.049420986286,0,1941,"{'bay_window': '', 'flat_roof': '', 'roof': '', 'ac_platform': '', 'plant_room': '', 'garden': '', 'yard': ''}",66.2,66.2,34106,34106.13086038125,21072302450150,5963093,ASP,HRB,淺水灣/壽臣山,1964/05,1964,62,A2,9.0,A,blank,SEA CLIFF MANSION,海峰園,False
6392,2021-07-06,"UNICORN GARDENS(Block K-L),SHOUSON HILL RD E|麒麟閣K-L座,壽臣山道東",8103.795054348788,1714,1657,"{'bay_window': '', 'flat_roof': '', 'roof': '', 'ac_platform': '', 'plant_room': '', 'garden': '', 'yard': ''}",35.0,35.0,21123,21122.51056125528,21080301560056,5970244,MEM-ASP,HRB,淺水灣/壽臣山,1971/11,1971,55,K,1.0,K-L,blank,UNICORN GARDENS,麒麟閣,False
6393,2021-07-08,"SEA CLIFF MANSION(Block B),REPULSE BAY RD|海峰園B座,淺水灣道",15217.147783860293,0,1961,"{'bay_window': '', 'flat_roof': '', 'roof': '', 'ac_platform': '', 'plant_room': '', 'garden': '', 'yard': ''}",77.78,77.78,39663,39663.43702192759,21080402100129,5971211,PRO-ASP,HRB,淺水灣/壽臣山,1964/05,1964,62,B,12.0,B,blank,SEA CLIFF MANSION,海峰園,False
6394,2021-07-20,"GRAND GARDEN(Block 1),SOUTH BAY RD|華景園1座,南灣道",11525.55198116491,3061,2663,"{'bay_window': '85', 'flat_roof': '', 'roof': '', 'ac_platform': '', 'plant_room': '', 'garden': '', 'yard': ''}",80.0,80.0,30041,30041.306796845663,21080900510014,5973367,ASP,HRB,淺水灣/壽臣山,1986/12,1986,40,B,11.0,1,blank,GRAND GARDEN,華景園,False
6396,2021-08-02,"SOUTH BAY PALACE(Block 1),SOUTH BAY CLOSE|南灣御苑1座,南灣坊",9495.946050256,0,1424,"{'bay_window': '', 'flat_roof': '', 'roof': '', 'ac_platform': '', 'plant_room': '', 'garden': '', 'yard': ''}",34.9,34.9,24508,24508.426966292136,21081202630028,5976836,ASP,HRB,淺水灣/壽臣山,2000/01,2000,26,B,3.0,1,blank,SOUTH BAY PALACE,南灣御苑,False
6397,2021-07-26,"37 REPULSE BAY RD(Block 1),REPULSE BAY RD|淺水灣道 37號1座,淺水灣道",16518.970552601233,1745,1289,"{'bay_window': '44', 'flat_roof': '', 'roof': '', 'ac_platform': '', 'plant_room': '', 'garden': '', 'yard': ''}",55.5,55.5,43057,43056.6330488751,21081302030116,5977932,ASP,HRB,淺水灣/壽臣山,1994/02,1994,32,B,3.0,1,blank,37 REPULSE BAY RD,淺水灣道 37號,False
6398,2021-08-06,"3 REPULSE BAY RD,REPULSE BAY RD|淺水灣三號,淺水灣道",18142.589615378714,0,1770,"{'bay_window': '28', 'flat_roof': '', 'roof': '', 'ac_platform': '', 'plant_room': '', 'garden': '20', 'yard': ''}",82.88,82.88,46825,46824.858757062146,21082002200014,5982485,ASP,HRB,淺水灣/壽臣山,1997/07,1997,29,A,12.0,blank,blank,blank,,False
6399,2021-08-02,"8 DEEP WATER BAY DR(Block 2),DEEP WATER BAY DR|深水灣徑8號2座,深水灣徑",31771.422017085744,0,4214,"{'bay_window': '', 'flat_roof': '', 'roof': '', 'ac_platform': '', 'plant_room': '', 'garden': '73', 'yard': ''}",345.548,345.548,82000,82000.0,21082301850264,5983497,ASP,HRB,淺水灣/壽臣山,2018/01,2018,8,C,8.0,2,blank,8 DEEP WATER BAY DR,深水灣徑8號,False
6400,2021-07-30,"PARKVIEW CRESCENT(Block 10,HONG KONG PARKVIEW),TAI TAM RESERVOIR RD|陽明山莊,10座(環翠軒),大潭水塘道",11712.836049304622,2771,2342,"{'bay_window': '', 'flat_roof': '', 'roof': '', 'ac_platform': '', 'plant_room': '', 'garden': '', 'yard': ''}",71.5,71.5,30529,30529.46199829206,21082602390136,5986402,ASP,HRB,淺水灣/壽臣山,1988/08,1988,38,61,12.0,10,blank,HONG KONG PARKVIEW,陽明山莊,False
6401,2021-08-17,"PARKVIEW SUITE(Block 5,HONG KONG PARKVIEW),TAI TAM RESERVOIR RD|陽明山莊,5座(陽明居),大潭水塘道",10049.30056068643,1299,1041,"{'bay_window': '', 'flat_roof': '', 'roof': '', 'ac_platform': '', 'plant_room': '', 'garden': '', 'yard': ''}",27.0,27.0,25937,25936.599423631123,21083101520014,5988941,ASP,HRB,淺水灣/壽臣山,1989/05,1989,37,35,22.0,5,blank,HONG KONG PARKVIEW,陽明山莊,False
6402,2021-08-17,"PARKVIEW SUITE(Block 5,HONG KONG PARKVIEW),TAI TAM RESERVOIR RD|陽明山莊,5座(陽明居),大潭水塘道",10337.274588611239,1263,1012,"{'bay_window': '', 'flat_roof': '', 'roof': '', 'ac_platform': '', 'plant_room': '', 'garden': '', 'yard': ''}",27.0,27.0,26680,26679.8418972332,21083101520038,5988943,ASP,HRB,淺水灣/壽臣山,1989/05,1989,37,37,22.0,5,blank,HONG KONG PARKVIEW,陽明山莊,False
6403,2021-08-20,"BELGRAVIA,SOUTH BAY RD|BELGRAVIA,南灣道",15049.620955461669,2390,1900,"{'bay_window': '', 'flat_roof': '', 'roof': '', 'ac_platform': '', 'plant_room': '', 'garden': '', 'yard': ''}",73.8,73.8,38842,38842.10526315789,21090300430015,5991032,ASP,HRB,淺水灣/壽臣山,1989/04,1989,37,A,11.0,blank,blank,blank,,False
6404,2021-08-17,"PARKVIEW SUITE(Block 3,HONG KONG PARKVIEW),TAI TAM RESERVOIR RD|陽明山莊,3座(陽明居),大潭水塘道",11909.519448627703,1290,976,"{'bay_window': '', 'flat_roof': '', 'roof': '', 'ac_platform': '', 'plant_room': '', 'garden': '', 'yard': ''}",30.0,30.0,30738,30737.70491803279,21090302640018,5991751,PRO-ASP,HRB,淺水灣/壽臣山,1989/05,1989,37,21,22.0,3,blank,HONG KONG PARKVIEW,陽明山莊,False
6405,2021-08-24,"SEA CLIFF MANSION(Block B),REPULSE BAY RD|海峰園B座,淺水灣道",13435.508869055304,0,1961,"{'bay_window': '', 'flat_roof': '', 'roof': '', 'ac_platform': '', 'plant_room': '', 'garden': '', 'yard': ''}",68.0,68.0,34676,34676.18561958185,21090900930110,5995293,ASP,HRB,淺水灣/壽臣山,1964/05,1964,62,whole floor,11.0,B,blank,SEA CLIFF MANSION,海峰園,False
6406,2021-07-09,"VILLA HELVETIA,REPULSE BAY RD|雲濤別墅,淺水灣道",12846.427174843433,0,1105,"{'bay_window': '', 'flat_roof': '', 'roof': '', 'ac_platform': '', 'plant_room': '', 'garden': '', 'yard': ''}",37.0,37.0,33484,33484.1628959276,21092100820013,6003322,MEM-ASP,HRB,淺水灣/壽臣山,1964/07,1964,62,whole floor,2.0,blank,blank,blank,,False
6407,2021-09-13,"SEA CLIFF MANSION(Block B),REPULSE BAY RD|海峰園B座,淺水灣道",15235.395625512076,0,1961,"{'bay_window': '', 'flat_roof': '', 'roof': '', 'ac_platform': '', 'plant_room': '', 'garden': '', 'yard': ''}",77.78,77.78,39663,39663.43702192759,21092101930012,6003377,ASP,HRB,淺水灣/壽臣山,1964/05,1964,62,whole floor,12.0,B,blank,SEA CLIFF MANSION,海峰園,False
6408,2021-09-01,"RUBY COURT(Block 2),SOUTH BAY RD|嘉麟閣2座,南灣道",11136.097774000185,1780,1517,"{'bay_window': '50', 'flat_roof': '', 'roof': '', 'ac_platform': '', 'plant_room': '', 'garden': '', 'yard': ''}",43.98,43.98,28991,28991.43045484509,21092700280013,6006324,PRO-ASP,HRB,淺水灣/壽臣山,1987/05,1987,39,A,15.0,2,blank,RUBY COURT,嘉麟閣,False
6409,2021-09-24,"PARKVIEW SUITE(Block 3,HONG KONG PARKVIEW),TAI TAM RESERVOIR RD|陽明山莊,3座(陽明居),大潭水塘道",11265.404109111261,1235,1012,"{'bay_window': '', 'flat_roof': '', 'roof': '', 'ac_platform': '', 'plant_room': '', 'garden': '', 'yard': ''}",29.68,29.68,29328,29328.06324110672,21092902420043,6008623,ASP,HRB,淺水灣/壽臣山,1989/05,1989,37,25,19.0,3,blank,HONG KONG PARKVIEW,陽明山莊,False
6411,2021-09-09,"33 ISLAND RD,ISLAND RD|香島道33號,香島道",40311.51781374843,6079,4812,"{'bay_window': '', 'flat_roof': '477', 'roof': '', 'ac_platform': '', 'plant_room': '2600', 'garden': '643', 'yard': ''}",505.0,505.0,104946,104945.96841230258,21100602210374,6012915,PRE-ASP,HRB,淺水灣/壽臣山,2004/09,2004,22,5,0.0,blank,blank,blank,,False
6412,2021-09-20,"THE BEACHSIDE(Block A),REPULSE BAY RD|THE BEACHSIDEA座,淺水灣道",11724.497749582393,929,688,"{'bay_window': '20', 'flat_roof': '', 'roof': '722', 'ac_platform': '', 'plant_room': '', 'garden': '', 'yard': ''}",21.0,21.0,30523,30523.25581395349,21101102180065,6016139,ASP,HRB,淺水灣/壽臣山,1993/12,1993,33,F,4.0,A,blank,THE BEACHSIDE,THE BEACHSIDE,False
6414,2021-09-24,"3 REPULSE BAY RD,REPULSE BAY RD|淺水灣三號,淺水灣道",20941.6490694193,0,1715,"{'bay_window': '28', 'flat_roof': '', 'roof': '', 'ac_platform': '', 'plant_room': '', 'garden': '20', 'yard': ''}",93.5,93.5,54519,54518.950437317784,21101502600110,6018410,MEM-ASP,HRB,淺水灣/壽臣山,1997/07,1997,29,B,19.0,blank,blank,blank,,False
6415,2021-09-24,"3 REPULSE BAY RD,REPULSE BAY RD|淺水灣三號,淺水灣道",19037.862790381183,0,1715,"{'bay_window': '9', 'flat_roof': '', 'roof': '', 'ac_platform': '', 'plant_room': '', 'garden': '20', 'yard': ''}",85.0,85.0,49563,49562.68221574344,21101502600126,6018411,MEM-ASP,HRB,淺水灣/壽臣山,1997/07,1997,29,B,7.0,blank,blank,blank,,False
6416,2021-09-24,"3 REPULSE BAY RD,REPULSE BAY RD|淺水灣三號,淺水灣道",19217.042675467124,0,1715,"{'bay_window': '9', 'flat_roof': '', 'roof': '', 'ac_platform': '', 'plant_room': '', 'garden': '20', 'yard': ''}",85.8,85.8,50029,50029.15451895044,21101502600132,6018412,MEM-ASP,HRB,淺水灣/壽臣山,1997/07,1997,29,B,3.0,blank,blank,blank,,False
6417,2021-09-24,"3 REPULSE BAY RD,REPULSE BAY RD|淺水灣三號,淺水灣道",17937.02194500388,0,1771,"{'bay_window': '28', 'flat_roof': '', 'roof': '', 'ac_platform': '', 'plant_room': '', 'garden': '20', 'yard': ''}",82.7,82.7,46697,46696.78147939018,21101502600146,6018413,MEM-ASP,HRB,淺水灣/壽臣山,1997/07,1997,29,A,2.0,blank,blank,blank,,False
6420,2021-10-08,"PARKVIEW RISE(Block 6,HONG KONG PARKVIEW),TAI TAM RESERVOIR RD|陽明山莊,6座(凌雲閣),大潭水塘道",11069.54395207457,2722,2199,"{'bay_window': '', 'flat_roof': '', 'roof': '', 'ac_platform': '', 'plant_room': '', 'garden': '', 'yard': ''}",63.0,63.0,28649,28649.3860845839,21101900220029,6019390,ASP,HRB,淺水灣/壽臣山,1988/12,1988,38,43,3.0,6,blank,HONG KONG PARKVIEW,陽明山莊,False
6422,2021-10-12,"PINE CREST,REPULSE BAY RD|松苑,淺水灣道",16393.127759009312,2250,1862,"{'bay_window': '', 'flat_roof': '', 'roof': '', 'ac_platform': '', 'plant_room': '', 'garden': '', 'yard': ''}",79.0,79.0,42428,42427.49731471536,21110201140091,6028649,ASP,HRB,淺水灣/壽臣山,1982/11,1982,44,B,11.0,blank,blank,blank,,False
6423,2021-10-28,"MANHATTAN TOWER,REPULSE BAY RD|MANHATTAN TOWER,淺水灣道",17395.78871622381,2243,1999,"{'bay_window': '', 'flat_roof': '', 'roof': '', 'ac_platform': '', 'plant_room': '', 'garden': '', 'yard': ''}",90.0,90.0,45023,45022.51125562781,21111701120012,6037905,PRE-ASP,HRB,淺水灣/壽臣山,1978/07,1978,48,B,17.0,blank,blank,blank,,False
6424,2021-11-01,"TWIN BROOK,REPULSE BAY RD|雙溪,淺水灣道",19798.225530351334,2700,2440,"{'bay_window': '', 'flat_roof': '', 'roof': '', 'ac_platform': '', 'plant_room': '', 'garden': '', 'yard': ''}",123.0,123.0,50410,50409.83606557377,21111800330056,6038029,PRE-ASP,HRB,淺水灣/壽臣山,1974/04,1974,52,A,6.0,blank,blank,blank,,False
6426,2021-11-08,"PARK PLACE(Block C),TAI TAM RESERVOIR RD|雅柏苑C座,大潭水塘道",20214.5526002755,2288,2075,"{'bay_window': '', 'flat_roof': '', 'roof': '', 'ac_platform': '', 'plant_room': '', 'garden': '', 'yard': ''}",106.8,106.8,51470,51469.87951807229,21112300600173,6040489,ASP,HRB,淺水灣/壽臣山,1985/01,1985,41,1,6.0,C,blank,PARK PLACE,雅柏苑,False
6427,2021-11-12,"RIDGE COURT,REPULSE BAY RD|冠園,淺水灣道",8832.590814879522,0,1880,"{'bay_window': '', 'flat_roof': '', 'roof': '', 'ac_platform': '', 'plant_room': '', 'garden': '', 'yard': ''}",42.28,42.28,22489,22489.36170212766,21112500740022,6042628,ASP,HRB,淺水灣/壽臣山,1962/08,1962,64,A,3.0,blank,blank,blank,,False
6430,2021-12-06,"REPULSE BAY GARDEN(Block 12),BELLEVIEW DR|淺水灣新村12座,麗景道",11390.789352961756,1728,1459,"{'bay_window': '', 'flat_roof': '', 'roof': '', 'ac_platform': '', 'plant_room': '', 'garden': '', 'yard': ''}",43.0,43.0,29472,29472.241261137766,21123002140051,6062553,ASP,HRB,淺水灣/壽臣山,1976/12,1976,50,whole floor,4.0,12,blank,REPULSE BAY GARDEN,淺水灣新村,False
6431,2021-12-17,"8 DEEP WATER BAY DR(Block 1),DEEP WATER BAY DR|深水灣徑8號1座,深水灣徑",41741.150230811385,0,3641,"{'bay_window': '', 'flat_roof': '', 'roof': '', 'ac_platform': '', 'plant_room': '', 'garden': '74', 'yard': ''}",393.228,393.228,108000,108000.0,22010601350014,6066651,ASP,HRB,淺水灣/壽臣山,2018/01,2018,8,B,16.0,1,blank,8 DEEP WATER BAY DR,深水灣徑8號,False
6432,2021-12-13,"PARKVIEW CRESCENT(Block 10,HONG KONG PARKVIEW),TAI TAM RESERVOIR RD|陽明山莊,10座(環翠軒),大潭水塘道",11551.857055368937,2771,2342,"{'bay_window': '', 'flat_roof': '', 'roof': '', 'ac_platform': '', 'plant_room': '', 'garden': '', 'yard': ''}",70.0,70.0,29889,29888.983774551667,22011000470125,6068677,MEM-ASP,HRB,淺水灣/壽臣山,1988/08,1988,38,61,16.0,10,blank,HONG KONG PARKVIEW,陽明山莊,False
6433,2021-12-13,"PARKVIEW CRESCENT(Block 10,HONG KONG PARKVIEW),TAI TAM RESERVOIR RD|陽明山莊,10座(環翠軒),大潭水塘道",11551.857055368937,2771,2342,"{'bay_window': '', 'flat_roof': '', 'roof': '', 'ac_platform': '', 'plant_room': '', 'garden': '', 'yard': ''}",70.0,70.0,29889,29888.983774551667,22011000470138,6068678,MEM-ASP,HRB,淺水灣/壽臣山,1988/08,1988,38,63,16.0,10,blank,HONG KONG PARKVIEW,陽明山莊,False
6434,2022-01-06,"PARKVIEW RISE(Block 7,HONG KONG PARKVIEW),TAI TAM RESERVOIR RD|陽明山莊,7座(凌雲閣),大潭水塘道",14164.095349415857,1860,1466,"{'bay_window': '', 'flat_roof': '', 'roof': '', 'ac_platform': '', 'plant_room': '', 'garden': '', 'yard': ''}",51.88,51.88,35389,35388.81309686221,22012800130018,6083238,ASP,HRB,淺水灣/壽臣山,1988/12,1988,38,47,15.0,7,blank,HONG KONG PARKVIEW,陽明山莊,False
6436,2022-01-27,"PARKVIEW RISE(Block 8,HONG KONG PARKVIEW),TAI TAM RESERVOIR RD|陽明山莊,8座(凌雲閣),大潭水塘道",12097.136711514038,2366,1915,"{'bay_window': '', 'flat_roof': '', 'roof': '', 'ac_platform': '', 'plant_room': '', 'garden': '', 'yard': ''}",57.88,57.88,30225,30224.543080939948,22021400270063,6088912,ASP,HRB,淺水灣/壽臣山,1988/08,1988,38,55,7.0,8,blank,HONG KONG PARKVIEW,陽明山莊,False
6437,2022-01-17,"REPULSE BAY GARDEN(Block 11),BELLEVIEW DR|淺水灣新村11座,麗景道",14758.758566649405,1728,1459,"{'bay_window': '', 'flat_roof': '', 'roof': '', 'ac_platform': '', 'plant_room': '', 'garden': '', 'yard': ''}",53.8,53.8,36875,36874.571624400276,22021601060017,6090396,PRO-ASP,HRB,淺水灣/壽臣山,1976/12,1976,50,whole floor,12.0,11,blank,REPULSE BAY GARDEN,淺水灣新村,False
6439,2022-02-18,"PARKVIEW TERR(Block 12,HONG KONG PARKVIEW),TAI TAM RESERVOIR RD|陽明山莊,12座(涵碧苑),大潭水塘道",12231.105237121868,2700,2308,"{'bay_window': '', 'flat_roof': '', 'roof': '', 'ac_platform': '', 'plant_room': '', 'garden': '', 'yard': ''}",71.0,71.0,30763,30762.56499133449,22022501550197,6094905,ASP,HRB,淺水灣/壽臣山,1989/11,1989,37,71,2.0,12,blank,HONG KONG PARKVIEW,陽明山莊,False
6440,2022-02-22,"3 REPULSE BAY RD,REPULSE BAY RD|淺水灣三號,淺水灣道",20025.90879844792,0,1715,"{'bay_window': '9', 'flat_roof': '', 'roof': '', 'ac_platform': '', 'plant_room': '', 'garden': '20', 'yard': ''}",86.38,86.38,50367,50367.34693877551,22030200090013,6096110,ASP,HRB,淺水灣/壽臣山,1997/07,1997,29,B,15.0,blank,blank,blank,,False
6441,2022-04-20,"PARKVIEW SUITE(Block 3,HONG KONG PARKVIEW),TAI TAM RESERVOIR RD|陽明山莊,3座(陽明居),大潭水塘道",11510.806094576235,1235,1012,"{'bay_window': '', 'flat_roof': '', 'roof': '', 'ac_platform': '', 'plant_room': '', 'garden': '', 'yard': ''}",29.0,29.0,28656,28656.12648221344,22042500530017,6115301,ASP,HRB,淺水灣/壽臣山,1989/05,1989,37,25,10.0,3,blank,HONG KONG PARKVIEW,陽明山莊,False
6442,2022-05-11,"37 REPULSE BAY RD(Block 2),REPULSE BAY RD|淺水灣道 37號2座,淺水灣道",17504.669659590334,1680,1255,"{'bay_window': '44', 'flat_roof': '', 'roof': '', 'ac_platform': '', 'plant_room': '', 'garden': '', 'yard': ''}",54.7,54.7,43586,43585.657370517925,22052500160104,6131134,ASP,HRB,淺水灣/壽臣山,1994/02,1994,32,B,18.0,2,blank,37 REPULSE BAY RD,淺水灣道 37號,False
6444,2022-08-01,"PARKVIEW SUITE(Block 4,HONG KONG PARKVIEW),TAI TAM RESERVOIR RD|陽明山莊,4座(陽明居),大潭水塘道",9964.286244213265,2105,1747,"{'bay_window': '', 'flat_roof': '', 'roof': '', 'ac_platform': '', 'plant_room': '', 'garden': '', 'yard': ''}",41.6,41.6,23812,23812.249570692617,22082200930019,6170549,ASP,HRB,淺水灣/壽臣山,1989/05,1989,37,31,5.0,4,blank,HONG KONG PARKVIEW,陽明山莊,False
6445,2022-08-22,"PARKVIEW CORNER(Block 17,HONG KONG PARKVIEW),TAI TAM RESERVOIR RD|陽明山莊,17座(眺景台),大潭水塘道",13385.368557086385,3225,2626,"{'bay_window': '', 'flat_roof': '', 'roof': '', 'ac_platform': '', 'plant_room': '', 'garden': '', 'yard': ''}",84.0,84.0,31988,31987.81416603199,22090501060050,6177535,ASP,HRB,淺水灣/壽臣山,1989/11,1989,37,93,15.0,17,blank,HONG KONG PARKVIEW,陽明山莊,False
6447,2022-09-22,"GRAND GARDEN(Block 3),SOUTH BAY RD|華景園3座,南灣道",13865.802000887415,1657,1217,"{'bay_window': '', 'flat_roof': '', 'roof': '', 'ac_platform': '', 'plant_room': '', 'garden': '', 'yard': ''}",38.5,38.5,31635,31635.168447000822,22101001260018,6189874,ASP,HRB,淺水灣/壽臣山,1986/12,1986,40,B,25.0,3,blank,GRAND GARDEN,華景園,False
6448,2022-09-27,"GRAND GARDEN(Block 3),SOUTH BAY RD|華景園3座,南灣道",11697.26508578604,1657,1274,"{'bay_window': '40', 'flat_roof': '', 'roof': '', 'ac_platform': '', 'plant_room': '', 'garden': '', 'yard': ''}",34.0,34.0,26688,26687.598116169545,22101300470017,6191517,ASP,HRB,淺水灣/壽臣山,1986/12,1986,40,A,9.0,3,blank,GRAND GARDEN,華景園,False
6449,2022-10-06,"SOUTH BAY TOWERS,SOUTH BAY RD|南灣大廈,南灣道",10145.698854428736,1433,1145,"{'bay_window': '', 'flat_roof': '', 'roof': '', 'ac_platform': '', 'plant_room': '', 'garden': '', 'yard': ''}",26.0,26.0,22707,22707.423580786028,22101402050012,6192479,ASP,HRB,淺水灣/壽臣山,1984/11,1984,42,A,22.0,blank,blank,blank,,False
6450,2022-10-11,"BELGRAVIA,SOUTH BAY RD|BELGRAVIA,南灣道",14579.821086556594,2390,1900,"{'bay_window': '', 'flat_roof': '', 'roof': '', 'ac_platform': '', 'plant_room': '', 'garden': '', 'yard': ''}",62.0,62.0,32632,32631.57894736842,22103101010065,6198834,ASP,HRB,淺水灣/壽臣山,1989/04,1989,37,A,15.0,blank,blank,blank,,False
6451,2022-10-28,"GRAND GARDEN(Block 1),SOUTH BAY RD|華景園1座,南灣道",13086.922855787721,3061,2663,"{'bay_window': '85', 'flat_roof': '', 'roof': '', 'ac_platform': '', 'plant_room': '', 'garden': '', 'yard': ''}",78.0,78.0,29290,29290.27412692452,22111000350012,6202298,MEM-ASP,HRB,淺水灣/壽臣山,1986/12,1986,40,B,8.0,1,blank,GRAND GARDEN,華景園,False
6452,2022-10-20,"SOUTH BAY PALACE(Block 1),SOUTH BAY CLOSE|南灣御苑1座,南灣坊",9599.875148620835,0,1373,"{'bay_window': '', 'flat_roof': '', 'roof': '', 'ac_platform': '', 'plant_room': '', 'garden': '', 'yard': ''}",29.5,29.5,21486,21485.797523670793,22111001540089,6202447,PRO-ASP,HRB,淺水灣/壽臣山,2000/01,2000,26,C,6.0,1,blank,SOUTH BAY PALACE,南灣御苑,False
6453,2022-10-18,"REPULSE BAY GARDEN(Block 5),BELLEVIEW DR|淺水灣新村5座,麗景道",13128.748845714472,2288,2110,"{'bay_window': '', 'flat_roof': '', 'roof': '', 'ac_platform': '', 'plant_room': '', 'garden': '', 'yard': ''}",62.0,62.0,29384,29383.88625592417,22111600580035,6204222,ASP,HRB,淺水灣/壽臣山,1973/11,1973,53,whole floor,17.0,5,blank,REPULSE BAY GARDEN,淺水灣新村,False
6454,2022-10-19,"SOUTH BAY GARDEN(Block B),SOUTH BAY CLOSE|南灣花園B座,南灣坊",10342.61501809197,1542,1296,"{'bay_window': '', 'flat_roof': '', 'roof': '', 'ac_platform': '', 'plant_room': '', 'garden': '', 'yard': ''}",30.0,30.0,23148,23148.14814814815,22111600810019,6204247,PRO-ASP,HRB,淺水灣/壽臣山,1985/09,1985,41,2,6.0,B,blank,SOUTH BAY GARDEN,南灣花園,False
6456,2022-10-29,"37 REPULSE BAY RD(Block 2),REPULSE BAY RD|淺水灣道 37號2座,淺水灣道",18797.451761037057,1635,1236,"{'bay_window': '32', 'flat_roof': '', 'roof': '', 'ac_platform': '', 'plant_room': '', 'garden': '', 'yard': ''}",52.0,52.0,42071,42071.19741100324,22112301910019,6206822,PRO-ASP,HRB,淺水灣/壽臣山,1994/02,1994,32,A,16.0,2,blank,37 REPULSE BAY RD,淺水灣道 37號,False
6457,2022-11-04,"PARKVIEW TERR(Block 11,HONG KONG PARKVIEW),TAI TAM RESERVOIR RD|陽明山莊,11座(涵碧苑),大潭水塘道",9001.973529347564,2490,2049,"{'bay_window': '', 'flat_roof': '', 'roof': '', 'ac_platform': '', 'plant_room': '', 'garden': '', 'yard': ''}",40.0,40.0,19522,19521.717911176183,22112901370035,6208405,MEM-ASP,HRB,淺水灣/壽臣山,1988/08,1988,38,67,8.0,11,blank,HONG KONG PARKVIEW,陽明山莊,False
6458,2022-11-21,"GRAND GARDEN(Block 3),SOUTH BAY RD|華景園3座,南灣道",12306.347878640649,1657,1274,"{'bay_window': '40', 'flat_roof': '', 'roof': '', 'ac_platform': '', 'plant_room': '', 'garden': '', 'yard': ''}",34.0,34.0,26688,26687.598116169545,22121201120178,6212662,PRO-ASP,HRB,淺水灣/壽臣山,1986/12,1986,40,A,12.0,3,blank,GRAND GARDEN,華景園,False
6459,2021-12-17,"VILLA HELVETIA,REPULSE BAY RD|雲濤別墅,淺水灣道",17520.97664009367,0,1875,"{'bay_window': '', 'flat_roof': '', 'roof': '', 'ac_platform': '', 'plant_room': '', 'garden': '', 'yard': ''}",85.0,85.0,45333,45333.333333333336,22121201780011,6212907,MEM-ASP,HRB,淺水灣/壽臣山,1964/07,1964,62,whole floor,3.0,blank,blank,blank,,False
6460,2022-12-01,"56 REPULSE BAY RD,REPULSE BAY RD|淺水灣道56號,淺水灣道",34046.01703045276,6422,5148,"{'bay_window': '', 'flat_roof': '', 'roof': '', 'ac_platform': '', 'plant_room': '', 'garden': '', 'yard': ''}",372.6,372.6,72378,72377.62237762238,22122001030015,6215705,ASP,HRB,淺水灣/壽臣山,1994/04,1994,32,19,0.0,blank,blank,blank,,False
6461,2022-12-05,"PARKVIEW RISE(Block 7,HONG KONG PARKVIEW),TAI TAM RESERVOIR RD|陽明山莊,7座(凌雲閣),大潭水塘道",18289.544312976283,1860,1466,"{'bay_window': '', 'flat_roof': '', 'roof': '1347', 'ac_platform': '', 'plant_room': '', 'garden': '', 'yard': ''}",57.0,57.0,38881,38881.30968622101,22122102120015,6216451,MEM-ASP,HRB,淺水灣/壽臣山,1988/12,1988,38,47,23.0,7,blank,HONG KONG PARKVIEW,陽明山莊,False
6462,2022-12-13,"RUBY COURT(Block 2),SOUTH BAY RD|嘉麟閣2座,南灣道",17240.553737558796,1780,1517,"{'bay_window': '50', 'flat_roof': '', 'roof': '', 'ac_platform': '', 'plant_room': '', 'garden': '', 'yard': ''}",55.6,55.6,36651,36651.285431773234,23010600570171,6221608,ASP,HRB,淺水灣/壽臣山,1987/05,1987,39,B,17.0,2,blank,RUBY COURT,嘉麟閣,False
6463,2022-01-24,"56 REPULSE BAY RD,REPULSE BAY RD|淺水灣道56號,淺水灣道",29636.01415030468,3201,2566,"{'bay_window': '', 'flat_roof': '', 'roof': '', 'ac_platform': '', 'plant_room': '', 'garden': '', 'yard': ''}",190.0,190.0,74045,74045.2065471551,23011601660017,6225373,ASP,HRB,淺水灣/壽臣山,1994/04,1994,32,7,0.0,blank,blank,blank,,False
6464,2022-01-24,"56 REPULSE BAY RD,REPULSE BAY RD|淺水灣道56號,淺水灣道",29543.905326216707,3211,2574,"{'bay_window': '', 'flat_roof': '', 'roof': '', 'ac_platform': '', 'plant_room': '', 'garden': '', 'yard': ''}",190.0,190.0,73815,73815.07381507382,23011601660030,6225375,ASP,HRB,淺水灣/壽臣山,1994/04,1994,32,6,0.0,blank,blank,blank,,False
6465,2022-12-29,"GROSVENOR PLACE,REPULSE BAY RD|GROSVENOR PLACE,淺水灣道",19751.83502349914,2809,2191,"{'bay_window': '', 'flat_roof': '', 'roof': '', 'ac_platform': '', 'plant_room': '', 'garden': '', 'yard': ''}",92.0,92.0,41990,41989.95892286627,23013000080015,6230507,MEM-ASP,HRB,淺水灣/壽臣山,2003/09,2003,23,whole floor,6.0,blank,blank,blank,,False
6466,2023-01-10,"SOUTH BAY GARDEN(Block C),SOUTH BAY CLOSE|南灣花園C座,南灣坊",10021.257828401129,1027,850,"{'bay_window': '', 'flat_roof': '', 'roof': '', 'ac_platform': '', 'plant_room': '', 'garden': '', 'yard': ''}",18.8,18.8,22118,22117.647058823528,23020600450014,6233657,PRO-ASP,HRB,淺水灣/壽臣山,1985/09,1985,41,1,5.0,C,blank,SOUTH BAY GARDEN,南灣花園,False
6469,2023-03-07,"PARKVIEW SUITE(Block 5,HONG KONG PARKVIEW),TAI TAM RESERVOIR RD|陽明山莊,5座(陽明居),大潭水塘道",10985.110642576159,1312,1051,"{'bay_window': '', 'flat_roof': '', 'roof': '', 'ac_platform': '', 'plant_room': '', 'garden': '', 'yard': ''}",26.3,26.3,25024,25023.786869647953,23031001780022,6250631,ASP,HRB,淺水灣/壽臣山,1989/05,1989,37,39,18.0,5,blank,HONG KONG PARKVIEW,陽明山莊,False
6470,2023-02-15,"SEA CLIFF MANSION(Block A),REPULSE BAY RD|海峰園A座,淺水灣道",14248.497815789859,0,1941,"{'bay_window': '', 'flat_roof': '', 'roof': '', 'ac_platform': '', 'plant_room': '', 'garden': '', 'yard': ''}",62.0,62.0,31942,31942.29778464709,23031302240027,6251613,PRO-ASP,HRB,淺水灣/壽臣山,1964/05,1964,62,A2,2.0,A,blank,SEA CLIFF MANSION,海峰園,False
6471,2023-03-01,"MING WAI GARDEN,REPULSE BAY RD|明慧園,淺水灣道",16105.157733182092,0,1630,"{'bay_window': '', 'flat_roof': '', 'roof': '', 'ac_platform': '', 'plant_room': '', 'garden': '', 'yard': ''}",59.8,59.8,36687,36687.11656441718,23032201000012,6257412,PRO-ASP,HRB,淺水灣/壽臣山,1973/12,1973,53,B,11.0,blank,blank,blank,,False
6473,2023-03-04,"THE BEACHSIDE(Block A),REPULSE BAY RD|THE BEACHSIDEA座,淺水灣道",11088.62670549391,1161,886,"{'bay_window': '32', 'flat_roof': '', 'roof': '', 'ac_platform': '', 'plant_room': '', 'garden': '', 'yard': ''}",22.38,22.38,25260,25259.593679458238,23032702050019,6259816,PRO-ASP,HRB,淺水灣/壽臣山,1993/12,1993,33,B,2.0,A,blank,THE BEACHSIDE,THE BEACHSIDE,False
6475,2023-03-08,"REPULSE BAY GARDEN(Block 11),BELLEVIEW DR|淺水灣新村11座,麗景道",16789.211885905315,1728,1459,"{'bay_window': '', 'flat_roof': '', 'roof': '', 'ac_platform': '', 'plant_room': '', 'garden': '', 'yard': ''}",55.8,55.8,38245,38245.37354352296,23032801080025,6260199,ASP,HRB,淺水灣/壽臣山,1976/12,1976,50,whole floor,20.0,11,blank,REPULSE BAY GARDEN,淺水灣新村,False
6479,2022-11-14,"CELESTIAL GARDEN,REPULSE BAY RD|詩禮花園,淺水灣道",17719.95149361843,0,2264,"{'bay_window': '', 'flat_roof': '', 'roof': '', 'ac_platform': '', 'plant_room': '', 'garden': '', 'yard': ''}",87.0,87.0,38428,38427.56183745583,23041400990010,6267283,ASP,HRB,淺水灣/壽臣山,1978/09,1978,48,C,4.0,blank,blank,blank,,False
6482,2023-04-13,"PARK PLACE(Block C),TAI TAM RESERVOIR RD|雅柏苑C座,大潭水塘道",19367.59698247343,2288,2075,"{'bay_window': '', 'flat_roof': '', 'roof': '', 'ac_platform': '', 'plant_room': '', 'garden': '', 'yard': ''}",93.0,93.0,44819,44819.27710843374,23050301070049,6277038,ASP,HRB,淺水灣/壽臣山,1985/01,1985,41,1,5.0,C,blank,PARK PLACE,雅柏苑,False
6483,2023-04-11,"PARKVIEW RISE(Block 7,HONG KONG PARKVIEW),TAI TAM RESERVOIR RD|陽明山莊,7座(凌雲閣),大潭水塘道",14148.75280152528,1860,1466,"{'bay_window': '', 'flat_roof': '', 'roof': '', 'ac_platform': '', 'plant_room': '', 'garden': '', 'yard': ''}",48.0,48.0,32742,32742.155525238744,23050400190011,6277424,ASP,HRB,淺水灣/壽臣山,1988/12,1988,38,47,6.0,7,blank,HONG KONG PARKVIEW,陽明山莊,False
6484,2023-04-17,"PARKVIEW SUITE(Block 4,HONG KONG PARKVIEW),TAI TAM RESERVOIR RD|陽明山莊,4座(陽明居),大潭水塘道",10017.815064932269,2105,1747,"{'bay_window': '', 'flat_roof': '', 'roof': '', 'ac_platform': '', 'plant_room': '', 'garden': '', 'yard': ''}",40.5,40.5,23183,23182.59874069834,23050401360051,6277781,ASP,HRB,淺水灣/壽臣山,1989/05,1989,37,31,8.0,4,blank,HONG KONG PARKVIEW,陽明山莊,False
6485,2023-04-18,"MANHATTAN TOWER,REPULSE BAY RD|MANHATTAN TOWER,淺水灣道",21543.904338027543,0,2423,"{'bay_window': '', 'flat_roof': '1135', 'roof': '941', 'ac_platform': '', 'plant_room': '', 'garden': '', 'yard': ''}",120.8,120.8,49856,49855.550969872056,23050500960015,6278892,ASP,HRB,淺水灣/壽臣山,1978/07,1978,48,A,20.0,blank,blank,blank,,False
6486,2023-04-13,"REPULSE BAY GARDEN(Block 12),BELLEVIEW DR|淺水灣新村12座,麗景道",18659.334464862804,1728,1459,"{'bay_window': '', 'flat_roof': '', 'roof': '', 'ac_platform': '', 'plant_room': '', 'garden': '', 'yard': ''}",63.0,63.0,43180,43180.26045236464,23050501940014,6278755,MEM-ASP,HRB,淺水灣/壽臣山,1976/12,1976,50,whole floor,12.0,12,blank,REPULSE BAY GARDEN,淺水灣新村,False
6487,2023-04-14,"PARKVIEW RISE(Block 8,HONG KONG PARKVIEW),TAI TAM RESERVOIR RD|陽明山莊,8座(凌雲閣),大潭水塘道",11959.636588042982,2366,1915,"{'bay_window': '', 'flat_roof': '', 'roof': '', 'ac_platform': '', 'plant_room': '', 'garden': '', 'yard': ''}",53.0,53.0,27676,27676.240208877283,23051000520083,6280807,PRO-ASP,HRB,淺水灣/壽臣山,1988/08,1988,38,55,12.0,8,blank,HONG KONG PARKVIEW,陽明山莊,False
6488,2023-04-12,"GRAND GARDEN(Block 2),SOUTH BAY RD|華景園2座,南灣道",10578.580426826185,1820,1395,"{'bay_window': '46', 'flat_roof': '', 'roof': '', 'ac_platform': '', 'plant_room': '', 'garden': '', 'yard': ''}",34.15,34.15,24480,24480.286738351253,23051001260030,6281051,ASP,HRB,淺水灣/壽臣山,1986/12,1986,40,A,9.0,2,blank,GRAND GARDEN,華景園,False
6489,2023-04-20,"37 REPULSE BAY RD(Block 3),REPULSE BAY RD|淺水灣道 37號3座,淺水灣道",20047.450900257892,1740,1289,"{'bay_window': '44', 'flat_roof': '', 'roof': '', 'ac_platform': '', 'plant_room': '', 'garden': '', 'yard': ''}",59.8,59.8,46393,46392.55236617533,23051701100042,6285200,MEM-ASP,HRB,淺水灣/壽臣山,1994/02,1994,32,B,19.0,3,blank,37 REPULSE BAY RD,淺水灣道 37號,False
6490,2023-04-29,"RUBY COURT(Block 2),SOUTH BAY RD|嘉麟閣2座,南灣道",11394.238413005964,1780,1517,"{'bay_window': '50', 'flat_roof': '', 'roof': '', 'ac_platform': '', 'plant_room': '', 'garden': '', 'yard': ''}",40.0,40.0,26368,26367.831245880025,23052201780022,6287353,PRO-ASP,HRB,淺水灣/壽臣山,1987/05,1987,39,B,2.0,2,blank,RUBY COURT,嘉麟閣,False
6492,2023-05-16,"PARKVIEW RISE(Block 7,HONG KONG PARKVIEW),TAI TAM RESERVOIR RD|陽明山莊,7座(凌雲閣),大潭水塘道",13529.814588689382,1860,1466,"{'bay_window': '', 'flat_roof': '', 'roof': '', 'ac_platform': '', 'plant_room': '', 'garden': '', 'yard': ''}",44.0,44.0,30014,30013.642564802183,23060101820043,6292080,ASP,HRB,淺水灣/壽臣山,1988/12,1988,38,47,10.0,7,blank,HONG KONG PARKVIEW,陽明山莊,False
6493,2023-05-19,"PARKVIEW SUITE(Block 3,HONG KONG PARKVIEW),TAI TAM RESERVOIR RD|陽明山莊,3座(陽明居),大潭水塘道",11136.087510677908,1235,1012,"{'bay_window': '', 'flat_roof': '', 'roof': '', 'ac_platform': '', 'plant_room': '', 'garden': '', 'yard': ''}",25.0,25.0,24704,24703.557312252964,23060200980040,6292479,ASP,HRB,淺水灣/壽臣山,1989/05,1989,37,25,5.0,3,blank,HONG KONG PARKVIEW,陽明山莊,False
6494,2023-05-16,"SPLENDOUR VILLA,SOUTH BAY RD|雅景閣,南灣道",14244.256470907265,0,2152,"{'bay_window': '', 'flat_roof': '', 'roof': '', 'ac_platform': '', 'plant_room': '', 'garden': '', 'yard': ''}",68.0,68.0,31599,31598.513011152416,23060600300025,6294002,ASP,HRB,淺水灣/壽臣山,1993/08,1993,33,C,2.0,blank,blank,blank,,False
6495,2023-05-29,"PARKVIEW SUITE(Block 4,HONG KONG PARKVIEW),TAI TAM RESERVOIR RD|陽明山莊,4座(陽明居),大潭水塘道",14041.44287913537,1857,1541,"{'bay_window': '', 'flat_roof': '', 'roof': '', 'ac_platform': '', 'plant_room': '', 'garden': '', 'yard': ''}",48.0,48.0,31149,31148.604802076574,23061301350077,6297197,ASP,HRB,淺水灣/壽臣山,1989/05,1989,37,29,6.0,4,blank,HONG KONG PARKVIEW,陽明山莊,False
6496,2023-05-29,"RIDGE COURT,REPULSE BAY RD|冠園,淺水灣道",15988.616319032913,0,1880,"{'bay_window': '', 'flat_roof': '', 'roof': '', 'ac_platform': '', 'plant_room': '', 'garden': '', 'yard': ''}",66.68,66.68,35468,35468.08510638298,23061600650018,6299393,PRE-ASP,HRB,淺水灣/壽臣山,1962/08,1962,64,D,12.0,blank,blank,blank,,False
6498,2023-06-01,"PINE CREST,REPULSE BAY RD|松苑,淺水灣道",20618.12438273092,2250,1862,"{'bay_window': '', 'flat_roof': '', 'roof': '', 'ac_platform': '', 'plant_room': '', 'garden': '', 'yard': ''}",83.8,83.8,45005,45005.37056928034,23061901740031,6300658,ASP,HRB,淺水灣/壽臣山,1982/11,1982,44,B,14.0,blank,blank,blank,,False
6499,2023-05-21,"PARKVIEW SUITE(Block 5,HONG KONG PARKVIEW),TAI TAM RESERVOIR RD|陽明山莊,5座(陽明居),大潭水塘道",9526.757054283686,1299,1041,"{'bay_window': '', 'flat_roof': '', 'roof': '', 'ac_platform': '', 'plant_room': '', 'garden': '', 'yard': ''}",22.0,22.0,21134,21133.525456292027,23061901950022,6300710,PRO-ASP,HRB,淺水灣/壽臣山,1989/05,1989,37,35,1.0,5,blank,HONG KONG PARKVIEW,陽明山莊,False
6500,2023-06-16,"BAY VILLAS,SHOUSON HILL RD|南源,壽山村道",30155.731066096974,4869,3798,"{'bay_window': '', 'flat_roof': '', 'roof': '572', 'ac_platform': '', 'plant_room': '', 'garden': '', 'yard': ''}",250.0,250.0,65824,65824.11795681938,23062300250058,6302439,ASP,HRB,淺水灣/壽臣山,2003/04,2003,23,71,0.0,blank,blank,blank,,False
6503,2023-07-18,"REPULSE BAY GARDEN(Block 2),BELLEVIEW DR|淺水灣新村2座,麗景道",14473.235643909797,2288,2110,"{'bay_window': '', 'flat_roof': '', 'roof': '', 'ac_platform': '', 'plant_room': '', 'garden': '', 'yard': ''}",64.8,64.8,30711,30710.90047393365,23072601590032,6318614,ASP,HRB,淺水灣/壽臣山,1973/11,1973,53,whole floor,8.0,2,blank,REPULSE BAY GARDEN,淺水灣新村,False
6504,2023-08-03,"SPLENDOUR VILLA,SOUTH BAY RD|雅景閣,南灣道",14346.491875049018,0,1046,"{'bay_window': '', 'flat_roof': '', 'roof': '', 'ac_platform': '', 'plant_room': '', 'garden': '', 'yard': ''}",32.0,32.0,30593,30592.734225621414,23081401970043,6327646,ASP,HRB,淺水灣/壽臣山,1993/08,1993,33,E,1.0,blank,blank,blank,,False
6505,2023-08-28,"REPULSE BAY GARDEN(Block 3),BELLEVIEW DR|淺水灣新村3座,麗景道",14291.838572667879,2810,2625,"{'bay_window': '', 'flat_roof': '', 'roof': '', 'ac_platform': '', 'plant_room': '', 'garden': '', 'yard': ''}",80.0,80.0,30476,30476.190476190477,23092701470010,6344229,PRO-ASP,HRB,淺水灣/壽臣山,1973/11,1973,53,whole floor,17.0,3,blank,REPULSE BAY GARDEN,淺水灣新村,False
6506,2023-09-21,"GRAND GARDEN(Block 3),SOUTH BAY RD|華景園3座,南灣道",14151.083953516783,1657,1217,"{'bay_window': '', 'flat_roof': '', 'roof': '', 'ac_platform': '', 'plant_room': '', 'garden': '', 'yard': ''}",35.0,35.0,28759,28759.24404272802,23092900690016,6344986,ASP,HRB,淺水灣/壽臣山,1986/12,1986,40,B,23.0,3,blank,GRAND GARDEN,華景園,False
6509,2023-09-29,"PARKVIEW SUITE(Block 4,HONG KONG PARKVIEW),TAI TAM RESERVOIR RD|陽明山莊,4座(陽明居),大潭水塘道",15581.17178271051,1903,1579,"{'bay_window': '', 'flat_roof': '', 'roof': '', 'ac_platform': '', 'plant_room': '', 'garden': '', 'yard': ''}",50.0,50.0,31666,31665.611146295123,23100501520045,6346303,ASP,HRB,淺水灣/壽臣山,1989/05,1989,37,33,22.0,4,blank,HONG KONG PARKVIEW,陽明山莊,False
6512,2023-11-13,"REPULSE BAY GARDEN(Block 5),BELLEVIEW DR|淺水灣新村5座,麗景道",12760.482154671445,2288,2110,"{'bay_window': '', 'flat_roof': '', 'roof': '', 'ac_platform': '', 'plant_room': '', 'garden': '', 'yard': ''}",53.4,53.4,25308,25308.056872037916,23120100740019,6362464,PRE-ASP,HRB,淺水灣/壽臣山,1973/11,1973,53,whole floor,12.0,5,blank,REPULSE BAY GARDEN,淺水灣新村,False
6515,2023-12-22,"GRAND GARDEN(Block 3),SOUTH BAY RD|華景園3座,南灣道",11637.88096163849,1657,1217,"{'bay_window': '', 'flat_roof': '', 'roof': '', 'ac_platform': '', 'plant_room': '', 'garden': '', 'yard': ''}",28.0,28.0,23007,23007.395234182415,24011601860014,6375618,PRE-ASP,HRB,淺水灣/壽臣山,1986/12,1986,40,B,2.0,3,blank,GRAND GARDEN,華景園,False
6517,2024-02-02,"PARKVIEW CORNER(Block 18,HONG KONG PARKVIEW),TAI TAM RESERVOIR RD|陽明山莊,18座(眺景台),大潭水塘道",12270.519765786872,2570,2067,"{'bay_window': '', 'flat_roof': '', 'roof': '', 'ac_platform': '', 'plant_room': '', 'garden': '', 'yard': ''}",50.68,50.68,24519,24518.62602805999,24022000590023,6384701,ASP,HRB,淺水灣/壽臣山,1989/05,1989,37,95,21.0,18,blank,HONG KONG PARKVIEW,陽明山莊,False
6518,2024-01-30,"PARKVIEW TERR(Block 11,HONG KONG PARKVIEW),TAI TAM RESERVOIR RD|陽明山莊,11座(涵碧苑),大潭水塘道",15107.809718837738,2620,2157,"{'bay_window': '', 'flat_roof': '', 'roof': '', 'ac_platform': '', 'plant_room': '', 'garden': '', 'yard': ''}",61.8,61.8,28651,28650.904033379695,24022701690108,6387229,PRO-ASP,HRB,淺水灣/壽臣山,1988/08,1988,38,65,15.0,11,blank,HONG KONG PARKVIEW,陽明山莊,False
6519,2024-02-08,"PARK PLACE(Block C),TAI TAM RESERVOIR RD|雅柏苑C座,大潭水塘道",15194.60022651489,2288,2075,"{'bay_window': '', 'flat_roof': '', 'roof': '', 'ac_platform': '', 'plant_room': '', 'garden': '', 'yard': ''}",63.0,63.0,30361,30361.44578313253,24022800490016,6387457,ASP,HRB,淺水灣/壽臣山,1985/01,1985,41,1,2.0,C,blank,PARK PLACE,雅柏苑,False
6522,2024-03-15,"PARKVIEW CORNER(Block 17,HONG KONG PARKVIEW),TAI TAM RESERVOIR RD|陽明山莊,17座(眺景台),大潭水塘道",17806.80710722383,2645,2188,"{'bay_window': '', 'flat_roof': '', 'roof': '', 'ac_platform': '', 'plant_room': '', 'garden': '', 'yard': ''}",76.58,76.58,35000,35000.0,24040201680033,6400026,PRO-ASP,HRB,淺水灣/壽臣山,1989/11,1989,37,91,8.0,17,blank,HONG KONG PARKVIEW,陽明山莊,False
6525,2024-03-22,"GRAND GARDEN(Block 2),SOUTH BAY RD|華景園2座,南灣道",12327.088176634214,1820,1395,"{'bay_window': '46', 'flat_roof': '', 'roof': '', 'ac_platform': '', 'plant_room': '', 'garden': '', 'yard': ''}",33.8,33.8,24229,24229.390681003584,24041001660047,6404202,ASP,HRB,淺水灣/壽臣山,1986/12,1986,40,A,18.0,2,blank,GRAND GARDEN,華景園,False
6526,2024-03-20,"CELESTIAL GARDEN,REPULSE BAY RD|詩禮花園,淺水灣道",17633.069510575515,0,1962,"{'bay_window': '', 'flat_roof': '', 'roof': '', 'ac_platform': '', 'plant_room': '', 'garden': '', 'yard': ''}",68.0,68.0,34659,34658.511722731906,24041100370017,6404750,ASP,HRB,淺水灣/壽臣山,1978/09,1978,48,B,1.0,blank,blank,blank,,False
6527,2024-04-03,"SOUTH BAY PALACE(Block 1),SOUTH BAY CLOSE|南灣御苑1座,南灣坊",9292.037594453337,0,1373,"{'bay_window': '', 'flat_roof': '', 'roof': '', 'ac_platform': '', 'plant_room': '', 'garden': '', 'yard': ''}",25.0,25.0,18208,18208.30298616169,24041101240014,6404997,ASP,HRB,淺水灣/壽臣山,2000/01,2000,26,C,5.0,1,blank,SOUTH BAY PALACE,南灣御苑,False
6528,2024-03-05,"GROSVENOR PLACE,REPULSE BAY RD|GROSVENOR PLACE,淺水灣道",28329.275178735184,2809,2191,"{'bay_window': '', 'flat_roof': '', 'roof': '', 'ac_platform': '', 'plant_room': '', 'garden': '', 'yard': ''}",122.0,122.0,55682,55682.33683249658,24041501620093,6407028,PRO-ASP,HRB,淺水灣/壽臣山,2003/09,2003,23,whole floor,21.0,blank,blank,blank,,False
6530,2024-03-25,"PARKVIEW SUITE(Block 5,HONG KONG PARKVIEW),TAI TAM RESERVOIR RD|陽明山莊,5座(陽明居),大潭水塘道",11240.745532212108,1299,1041,"{'bay_window': '', 'flat_roof': '', 'roof': '', 'ac_platform': '', 'plant_room': '', 'garden': '', 'yard': ''}",23.0,23.0,22094,22094.140249759846,24042201110056,6411472,ASP,HRB,淺水灣/壽臣山,1989/05,1989,37,35,17.0,5,blank,HONG KONG PARKVIEW,陽明山莊,False
6532,2024-04-05,"PARKVIEW CORNER(Block 17,HONG KONG PARKVIEW),TAI TAM RESERVOIR RD|陽明山莊,17座(眺景台),大潭水塘道",12827.938189125112,2645,2188,"{'bay_window': '', 'flat_roof': '', 'roof': '', 'ac_platform': '', 'plant_room': '', 'garden': '', 'yard': ''}",55.0,55.0,25137,25137.11151736746,24042501800038,6413949,ASP,HRB,淺水灣/壽臣山,1989/11,1989,37,91,9.0,17,blank,HONG KONG PARKVIEW,陽明山莊,False
6533,2024-04-22,"PARKVIEW RISE(Block 6,HONG KONG PARKVIEW),TAI TAM RESERVOIR RD|陽明山莊,6座(凌雲閣),大潭水塘道",12666.271635268873,2583,2087,"{'bay_window': '', 'flat_roof': '', 'roof': '', 'ac_platform': '', 'plant_room': '', 'garden': '', 'yard': ''}",51.8,51.8,24820,24820.316243411595,24050601310030,6418308,ASP,HRB,淺水灣/壽臣山,1988/12,1988,38,45,3.0,6,blank,HONG KONG PARKVIEW,陽明山莊,False
6534,2024-05-02,"PARKVIEW SUITE(Block 3,HONG KONG PARKVIEW),TAI TAM RESERVOIR RD|陽明山莊,3座(陽明居),大潭水塘道",13697.625948956531,1235,1012,"{'bay_window': '', 'flat_roof': '', 'roof': '', 'ac_platform': '', 'plant_room': '', 'garden': '', 'yard': ''}",27.2,27.2,26877,26877.470355731224,24051001690043,6421159,ASP,HRB,淺水灣/壽臣山,1989/05,1989,37,25,12.0,3,blank,HONG KONG PARKVIEW,陽明山莊,False
6535,2024-05-07,"PARKVIEW CORNER(Block 17,HONG KONG PARKVIEW),TAI TAM RESERVOIR RD|陽明山莊,17座(眺景台),大潭水塘道",21659.37103178752,2645,2188,"{'bay_window': '', 'flat_roof': '', 'roof': '', 'ac_platform': '', 'plant_room': '', 'garden': '', 'yard': ''}",92.99,92.99,42500,42500.0,24052301090025,6426585,ASP,HRB,淺水灣/壽臣山,1989/11,1989,37,91,22.0,17,blank,HONG KONG PARKVIEW,陽明山莊,False
6536,2024-05-07,"PARKVIEW CORNER(Block 17,HONG KONG PARKVIEW),TAI TAM RESERVOIR RD|陽明山莊,17座(眺景台),大潭水塘道",21659.37103178752,3225,2626,"{'bay_window': '', 'flat_roof': '', 'roof': '', 'ac_platform': '', 'plant_room': '', 'garden': '', 'yard': ''}",111.605,111.605,42500,42500.0,24052301090032,6426586,ASP,HRB,淺水灣/壽臣山,1989/11,1989,37,93,22.0,17,blank,HONG KONG PARKVIEW,陽明山莊,False
6537,2024-05-09,"BELGRAVIA,SOUTH BAY RD|BELGRAVIA,南灣道",16898.33281736983,2390,1900,"{'bay_window': '', 'flat_roof': '', 'roof': '', 'ac_platform': '', 'plant_room': '', 'garden': '', 'yard': ''}",63.0,63.0,33158,33157.89473684211,24052301710032,6426775,ASP,HRB,淺水灣/壽臣山,1989/04,1989,37,A,26.0,blank,blank,blank,,False
6538,2024-05-09,"PARKVIEW HEIGHTS(Block 13,HONG KONG PARKVIEW),TAI TAM RESERVOIR RD|陽明山莊,13座(摘星樓),大潭水塘道",13972.728044976298,2700,2327,"{'bay_window': '', 'flat_roof': '', 'roof': '', 'ac_platform': '', 'plant_room': '', 'garden': '', 'yard': ''}",63.8,63.8,27417,27417.2754619682,24052700190045,6427828,ASP,HRB,淺水灣/壽臣山,1988/08,1988,38,75,16.0,13,blank,HONG KONG PARKVIEW,陽明山莊,False
6539,2024-05-09,"GROSVENOR PLACE,REPULSE BAY RD|GROSVENOR PLACE,淺水灣道",21818.12229475307,2809,2191,"{'bay_window': '', 'flat_roof': '', 'roof': '', 'ac_platform': '', 'plant_room': '', 'garden': '', 'yard': ''}",93.8,93.8,42812,42811.50159744409,24052701520061,6428333,ASP,HRB,淺水灣/壽臣山,2003/09,2003,23,whole floor,8.0,blank,blank,blank,,False
6540,2024-05-13,"BELGRAVIA,SOUTH BAY RD|BELGRAVIA,南灣道",11467.872627620858,2790,2222,"{'bay_window': '', 'flat_roof': '', 'roof': '', 'ac_platform': '', 'plant_room': '', 'garden': '', 'yard': ''}",50.0,50.0,22502,22502.2502250225,24052801620019,6428860,ASP,HRB,淺水灣/壽臣山,1989/04,1989,37,B,1.0,blank,blank,blank,,False
6541,2024-05-10,"PARKVIEW TERR(Block 11,HONG KONG PARKVIEW),TAI TAM RESERVOIR RD|陽明山莊,11座(涵碧苑),大潭水塘道",13182.288802971187,2490,2049,"{'bay_window': '', 'flat_roof': '', 'roof': '', 'ac_platform': '', 'plant_room': '', 'garden': '', 'yard': ''}",53.0,53.0,25866,25866.276232308443,24053001860010,6430251,ASP,HRB,淺水灣/壽臣山,1988/08,1988,38,67,2.0,11,blank,HONG KONG PARKVIEW,陽明山莊,False
6542,2024-06-03,"REPULSE BAY GARDEN(Block 4),BELLEVIEW DR|淺水灣新村4座,麗景道",13602.235620817752,2810,2625,"{'bay_window': '', 'flat_roof': '', 'roof': '', 'ac_platform': '', 'plant_room': '', 'garden': '', 'yard': ''}",68.0,68.0,25905,25904.761904761905,24062101420011,6440091,MEM-ASP,HRB,淺水灣/壽臣山,1973/11,1973,53,whole floor,18.0,4,blank,REPULSE BAY GARDEN,淺水灣新村,False
6543,2024-05-30,"REPULSE BAY GARDEN(Block 5),BELLEVIEW DR|淺水灣新村5座,麗景道",12801.189458430315,2288,2110,"{'bay_window': '', 'flat_roof': '', 'roof': '', 'ac_platform': '', 'plant_room': '', 'garden': '', 'yard': ''}",53.0,53.0,25118,25118.483412322275,24062801420014,6444063,PRE-ASP,HRB,淺水灣/壽臣山,1973/11,1973,53,whole floor,4.0,5,blank,REPULSE BAY GARDEN,淺水灣新村,False
6546,2024-06-18,"BELGRAVIA,SOUTH BAY RD|BELGRAVIA,南灣道",15142.902881464459,2790,2222,"{'bay_window': '', 'flat_roof': '', 'roof': '', 'ac_platform': '', 'plant_room': '', 'garden': '', 'yard': ''}",64.08,64.08,28839,28838.88388838884,24070901220127,6448274,ASP,HRB,淺水灣/壽臣山,1989/04,1989,37,B,18.0,blank,blank,blank,,False
6547,2024-06-25,"RIDGE COURT,REPULSE BAY RD|冠園,淺水灣道",11674.791172514297,0,1880,"{'bay_window': '', 'flat_roof': '', 'roof': '', 'ac_platform': '', 'plant_room': '', 'garden': '', 'yard': ''}",41.8,41.8,22234,22234.042553191488,24071101010011,6450053,MEM-ASP,HRB,淺水灣/壽臣山,1962/08,1962,64,A,4.0,blank,blank,blank,,False
6548,2024-06-25,"PARKVIEW CORNER(Block 18,HONG KONG PARKVIEW),TAI TAM RESERVOIR RD|陽明山莊,18座(眺景台),大潭水塘道",13060.644994519442,2708,2171,"{'bay_window': '', 'flat_roof': '', 'roof': '', 'ac_platform': '', 'plant_room': '', 'garden': '', 'yard': ''}",54.0,54.0,24873,24873.33026255182,24071501790033,6451426,ASP,HRB,淺水灣/壽臣山,1989/05,1989,37,97,16.0,18,blank,HONG KONG PARKVIEW,陽明山莊,False
6549,2024-07-04,"37 REPULSE BAY RD(Block 3),REPULSE BAY RD|淺水灣道 37號3座,淺水灣道",11846.508639468644,1220,882,"{'bay_window': '56', 'flat_roof': '', 'roof': '', 'ac_platform': '', 'plant_room': '', 'garden': '', 'yard': ''}",19.38,19.38,21973,21972.789115646257,24072401630020,6456395,PRO-ASP,HRB,淺水灣/壽臣山,1994/02,1994,32,A,19.0,3,blank,37 REPULSE BAY RD,淺水灣道 37號,False
6550,2024-07-08,"PARKVIEW TERR(Block 12,HONG KONG PARKVIEW),TAI TAM RESERVOIR RD|陽明山莊,12座(涵碧苑),大潭水塘道",14062.608124938137,2700,2308,"{'bay_window': '', 'flat_roof': '', 'roof': '', 'ac_platform': '', 'plant_room': '', 'garden': '', 'yard': ''}",60.2,60.2,26083,26083.18890814558,24073100240012,6459084,PRE-ASP,HRB,淺水灣/壽臣山,1989/11,1989,37,69,20.0,12,blank,HONG KONG PARKVIEW,陽明山莊,False
6552,2024-07-24,"REPULSE BAY GARDEN(Block 3),BELLEVIEW DR|淺水灣新村3座,麗景道",1668.7806287796388,2810,2625,"{'bay_window': '', 'flat_roof': '', 'roof': '', 'ac_platform': '', 'plant_room': '', 'garden': '', 'yard': ''}",8.125,8.125,3095,3095.2380952380954,24081901070011,6467421,ASP,HRB,淺水灣/壽臣山,1973/11,1973,53,whole floor,10.0,3,blank,REPULSE BAY GARDEN,淺水灣新村,False
6553,2024-08-09,"REPULSE BAY GARDEN(Block 7),BELLEVIEW DR|淺水灣新村7座,麗景道",4767.4971549862785,2288,2110,"{'bay_window': '', 'flat_roof': '', 'roof': '', 'ac_platform': '', 'plant_room': '', 'garden': '', 'yard': ''}",18.7915,18.7915,8906,8905.924170616114,24082001530017,6468137,MEM-ASP,HRB,淺水灣/壽臣山,1973/11,1973,53,whole floor,19.0,7,blank,REPULSE BAY GARDEN,淺水灣新村,False
6554,2024-08-19,"37 REPULSE BAY RD(Block 1),REPULSE BAY RD|淺水灣道 37號1座,淺水灣道",11228.315127816535,1225,882,"{'bay_window': '56', 'flat_roof': '', 'roof': '', 'ac_platform': '', 'plant_room': '', 'garden': '', 'yard': ''}",18.5,18.5,20975,20975.056689342404,24082301570184,6469967,ASP,HRB,淺水灣/壽臣山,1994/02,1994,32,A,1.0,1,blank,37 REPULSE BAY RD,淺水灣道 37號,False
6555,2024-08-15,"MONTE VERDE,REPULSE BAY RD|南山別墅,淺水灣道",16387.27072708359,2215,1960,"{'bay_window': '', 'flat_roof': '', 'roof': '', 'ac_platform': '', 'plant_room': '', 'garden': '', 'yard': ''}",60.0,60.0,30612,30612.244897959183,24090300040015,6473156,MEM-ASP,HRB,淺水灣/壽臣山,1974/05,1974,52,A,19.0,blank,blank,blank,,False
6556,2024-08-15,"MONTE VERDE,REPULSE BAY RD|南山別墅,淺水灣道",16387.27072708359,2215,1960,"{'bay_window': '', 'flat_roof': '', 'roof': '', 'ac_platform': '', 'plant_room': '', 'garden': '', 'yard': ''}",60.0,60.0,30612,30612.244897959183,24090300040028,6473157,MEM-ASP,HRB,淺水灣/壽臣山,1974/05,1974,52,B,19.0,blank,blank,blank,,False
6559,2024-08-16,"UNICORN GARDENS(Block K-L),SHOUSON HILL RD E|麒麟閣K-L座,壽臣山道東",10499.58906975684,1714,1657,"{'bay_window': '', 'flat_roof': '', 'roof': '', 'ac_platform': '', 'plant_room': '', 'garden': '', 'yard': ''}",32.5,32.5,19614,19613.759806879905,24090301840038,6473769,MEM-ASP,HRB,淺水灣/壽臣山,1971/11,1971,55,K,3.0,K-L,blank,UNICORN GARDENS,麒麟閣,False
6560,2024-09-03,"SOUTH BAY GARDEN(Block C),SOUTH BAY CLOSE|南灣花園C座,南灣坊",12272.443822510913,1027,850,"{'bay_window': '', 'flat_roof': '', 'roof': '624', 'ac_platform': '', 'plant_room': '', 'garden': '', 'yard': ''}",18.8,18.8,22118,22117.647058823528,24091100430019,6476474,ASP,HRB,淺水灣/壽臣山,1985/09,1985,41,1,10.0,C,blank,SOUTH BAY GARDEN,南灣花園,False
6561,2024-09-12,"REPULSE BAY GARDEN(Block 2),BELLEVIEW DR|淺水灣新村2座,麗景道",15778.325979329853,2288,2110,"{'bay_window': '', 'flat_roof': '', 'roof': '', 'ac_platform': '', 'plant_room': '', 'garden': '', 'yard': ''}",60.0,60.0,28436,28436.018957345972,24100200130010,6483778,ASP,HRB,淺水灣/壽臣山,1973/11,1973,53,whole floor,7.0,2,blank,REPULSE BAY GARDEN,淺水灣新村,False
6563,2024-09-09,"PINE CREST,REPULSE BAY RD|松苑,淺水灣道",15793.861388009824,2250,1862,"{'bay_window': '', 'flat_roof': '', 'roof': '', 'ac_platform': '', 'plant_room': '', 'garden': '', 'yard': ''}",53.0,53.0,28464,28464.017185821696,24100401420019,6485038,ASP,HRB,淺水灣/壽臣山,1982/11,1982,44,A,4.0,blank,blank,blank,,False
6564,2024-10-03,"PARKVIEW SUITE(Block 3,HONG KONG PARKVIEW),TAI TAM RESERVOIR RD|陽明山莊,3座(陽明居),大潭水塘道",10717.248444996954,1290,1051,"{'bay_window': '', 'flat_roof': '', 'roof': '', 'ac_platform': '', 'plant_room': '', 'garden': '', 'yard': ''}",20.5,20.5,19505,19505.23311132255,24101001810024,6487533,ASP,HRB,淺水灣/壽臣山,1989/05,1989,37,23,10.0,3,blank,HONG KONG PARKVIEW,陽明山莊,False
6565,2024-09-30,"PARKVIEW SUITE(Block 5,HONG KONG PARKVIEW),TAI TAM RESERVOIR RD|陽明山莊,5座(陽明居),大潭水塘道",9397.43684002015,1312,1051,"{'bay_window': '', 'flat_roof': '', 'roof': '', 'ac_platform': '', 'plant_room': '', 'garden': '', 'yard': ''}",17.8,17.8,16936,16936.251189343482,24101501680019,6488713,PRE-ASP,HRB,淺水灣/壽臣山,1989/05,1989,37,39,1.0,5,blank,HONG KONG PARKVIEW,陽明山莊,False
6569,2024-11-01,"GRAND GARDEN(Block 2),SOUTH BAY RD|華景園2座,南灣道",12922.567379110262,1820,1395,"{'bay_window': '46', 'flat_roof': '', 'roof': '', 'ac_platform': '', 'plant_room': '', 'garden': '', 'yard': ''}",33.5,33.5,24014,24014.336917562723,24110802080056,6500948,ASP,HRB,淺水灣/壽臣山,1986/12,1986,40,A,22.0,2,blank,GRAND GARDEN,華景園,False
6571,2024-10-28,"PARKVIEW HEIGHTS(Block 14,HONG KONG PARKVIEW),TAI TAM RESERVOIR RD|陽明山莊,14座(摘星樓),大潭水塘道",14794.486582449244,1785,1441,"{'bay_window': '', 'flat_roof': '', 'roof': '', 'ac_platform': '', 'plant_room': '', 'garden': '', 'yard': ''}",38.8,38.8,26926,26925.746009715476,24112500820015,6508230,ASP,HRB,淺水灣/壽臣山,1988/12,1988,38,81,16.0,14,blank,HONG KONG PARKVIEW,陽明山莊,False
6572,2024-11-20,"GRAND GARDEN(Block 2),SOUTH BAY RD|華景園2座,南灣道",12363.232373148772,1820,1395,"{'bay_window': '46', 'flat_roof': '', 'roof': '', 'ac_platform': '', 'plant_room': '', 'garden': '', 'yard': ''}",32.05,32.05,22975,22974.91039426523,24120401400018,6512869,ASP,HRB,淺水灣/壽臣山,1986/12,1986,40,A,19.0,2,blank,GRAND GARDEN,華景園,False
6573,2024-11-29,"PARKVIEW SUITE(Block 3,HONG KONG PARKVIEW),TAI TAM RESERVOIR RD|陽明山莊,3座(陽明居),大潭水塘道",11192.431010684304,1290,976,"{'bay_window': '', 'flat_roof': '', 'roof': '', 'ac_platform': '', 'plant_room': '', 'garden': '', 'yard': ''}",20.3,20.3,20799,20799.180327868853,24120600730022,6513980,ASP,HRB,淺水灣/壽臣山,1989/05,1989,37,21,5.0,3,blank,HONG KONG PARKVIEW,陽明山莊,False
6574,2024-12-05,"RIDGE COURT,REPULSE BAY RD|冠園,淺水灣道",14004.290009024286,0,1880,"{'bay_window': '', 'flat_roof': '', 'roof': '', 'ac_platform': '', 'plant_room': '', 'garden': '', 'yard': ''}",48.0,48.0,25532,25531.91489361702,24121200730010,6517108,ASP,HRB,淺水灣/壽臣山,1962/08,1962,64,B,8.0,blank,blank,blank,,False
6576,2024-12-18,"PARKVIEW SUITE(Block 5,HONG KONG PARKVIEW),TAI TAM RESERVOIR RD|陽明山莊,5座(陽明居),大潭水塘道",9747.622608746891,1299,1041,"{'bay_window': '', 'flat_roof': '', 'roof': '', 'ac_platform': '', 'plant_room': '', 'garden': '', 'yard': ''}",18.5,18.5,17771,17771.373679154658,25010802070064,6527604,ASP,HRB,淺水灣/壽臣山,1989/05,1989,37,35,1.0,5,blank,HONG KONG PARKVIEW,陽明山莊,False
6579,2025-01-10,"PARKVIEW HEIGHTS(Block 13,HONG KONG PARKVIEW),TAI TAM RESERVOIR RD|陽明山莊,13座(摘星樓),大潭水塘道",11861.169921161989,2700,2327,"{'bay_window': '', 'flat_roof': '', 'roof': '', 'ac_platform': '', 'plant_room': '', 'garden': '', 'yard': ''}",50.0,50.0,21487,21486.892995272883,25012001220030,6532948,ASP,HRB,淺水灣/壽臣山,1988/08,1988,38,73,3.0,13,blank,HONG KONG PARKVIEW,陽明山莊,False
6580,2025-01-22,"GRAND GARDEN(Block 1),SOUTH BAY RD|華景園1座,南灣道",14456.577408745823,3054,2482,"{'bay_window': '84', 'flat_roof': '', 'roof': '', 'ac_platform': '', 'plant_room': '', 'garden': '', 'yard': ''}",65.0,65.0,26189,26188.557614826754,25021001560048,6540888,ASP,HRB,淺水灣/壽臣山,1986/12,1986,40,A,17.0,1,blank,GRAND GARDEN,華景園,False
6581,2025-01-27,"PARKVIEW TERR(Block 11,HONG KONG PARKVIEW),TAI TAM RESERVOIR RD|陽明山莊,11座(涵碧苑),大潭水塘道",12931.62748183611,2490,2049,"{'bay_window': '', 'flat_roof': '', 'roof': '', 'ac_platform': '', 'plant_room': '', 'garden': '', 'yard': ''}",48.0,48.0,23426,23426.06149341142,25021200830013,6542025,ASP,HRB,淺水灣/壽臣山,1988/08,1988,38,67,8.0,11,blank,HONG KONG PARKVIEW,陽明山莊,False
6582,2025-01-21,"PARKVIEW CORNER(Block 17,HONG KONG PARKVIEW),TAI TAM RESERVOIR RD|陽明山莊,17座(眺景台),大潭水塘道",18768.640836449886,2645,2188,"{'bay_window': '', 'flat_roof': '', 'roof': '', 'ac_platform': '', 'plant_room': '', 'garden': '', 'yard': ''}",74.392,74.392,34000,34000.0,25021901650256,6545687,PRO-ASP,HRB,淺水灣/壽臣山,1989/11,1989,37,91,7.0,17,blank,HONG KONG PARKVIEW,陽明山莊,False
6583,2025-02-07,"PARKVIEW SUITE(Block 5,HONG KONG PARKVIEW),TAI TAM RESERVOIR RD|陽明山莊,5座(陽明居),大潭水塘道",10551.252148910828,1312,1051,"{'bay_window': '', 'flat_roof': '', 'roof': '', 'ac_platform': '', 'plant_room': '', 'garden': '', 'yard': ''}",20.0,20.0,19030,19029.495718363465,25022401800021,6547635,PRO-ASP,HRB,淺水灣/壽臣山,1989/05,1989,37,39,21.0,5,blank,HONG KONG PARKVIEW,陽明山莊,False
6585,2025-03-04,"PINE CREST,REPULSE BAY RD|松苑,淺水灣道",17232.751358128768,2250,1862,"{'bay_window': '', 'flat_roof': '', 'roof': '', 'ac_platform': '', 'plant_room': '', 'garden': '', 'yard': ''}",56.8,56.8,30505,30504.83351235231,25031000710054,6553121,ASP,HRB,淺水灣/壽臣山,1982/11,1982,44,B,7.0,blank,blank,blank,,False
6586,2025-01-27,"PARKVIEW TERR(Block 12,HONG KONG PARKVIEW),TAI TAM RESERVOIR RD|陽明山莊,12座(涵碧苑),大潭水塘道",14661.505801743016,2700,2308,"{'bay_window': '', 'flat_roof': '', 'roof': '', 'ac_platform': '', 'plant_room': '', 'garden': '', 'yard': ''}",61.3,61.3,26560,26559.792027729636,25031701250124,6556536,MEM-ASP,HRB,淺水灣/壽臣山,1989/11,1989,37,71,18.0,12,blank,HONG KONG PARKVIEW,陽明山莊,False
6587,2025-03-12,"PARKVIEW HEIGHTS(Block 14,HONG KONG PARKVIEW),TAI TAM RESERVOIR RD|陽明山莊,14座(摘星樓),大潭水塘道",11195.972121886443,2045,1655,"{'bay_window': '', 'flat_roof': '', 'roof': '', 'ac_platform': '', 'plant_room': '', 'garden': '', 'yard': ''}",32.8,32.8,19819,19818.731117824773,25031901460042,6557867,ASP,HRB,淺水灣/壽臣山,1988/12,1988,38,79,6.0,14,blank,HONG KONG PARKVIEW,陽明山莊,False
6588,2025-03-13,"BELGRAVIA,SOUTH BAY RD|BELGRAVIA,南灣道",16525.52497491732,2790,2222,"{'bay_window': '', 'flat_roof': '', 'roof': '', 'ac_platform': '', 'plant_room': '', 'garden': '', 'yard': ''}",65.0,65.0,29253,29252.925292529253,25032000530017,6558330,PRE-ASP,HRB,淺水灣/壽臣山,1989/04,1989,37,B,17.0,blank,blank,blank,,False
6589,2025-02-26,"PARKVIEW CRESCENT(Block 10,HONG KONG PARKVIEW),TAI TAM RESERVOIR RD|陽明山莊,10座(環翠軒),大潭水塘道",12902.870355754436,5542,4684,"{'bay_window': '', 'flat_roof': '', 'roof': '', 'ac_platform': '', 'plant_room': '', 'garden': '', 'yard': ''}",109.0,109.0,23271,23270.70879590094,25032100610059,6558930,PRE-ASP,HRB,淺水灣/壽臣山,1988/08,1988,38,61,16.0,10,blank,HONG KONG PARKVIEW,陽明山莊,False
6590,2025-01-27,"PARKVIEW TERR(Block 12,HONG KONG PARKVIEW),TAI TAM RESERVOIR RD|陽明山莊,12座(涵碧苑),大潭水塘道",13800.471203271976,2700,2308,"{'bay_window': '', 'flat_roof': '', 'roof': '', 'ac_platform': '', 'plant_room': '', 'garden': '', 'yard': ''}",57.7,57.7,25000,25000.0,25032101790079,6559187,MEM-ASP,HRB,淺水灣/壽臣山,1989/11,1989,37,71,20.0,12,blank,HONG KONG PARKVIEW,陽明山莊,False
6591,2025-01-27,"PARKVIEW TERR(Block 12,HONG KONG PARKVIEW),TAI TAM RESERVOIR RD|陽明山莊,12座(涵碧苑),大潭水塘道",20425.654085951937,5400,4616,"{'bay_window': '', 'flat_roof': '', 'roof': '', 'ac_platform': '', 'plant_room': '', 'garden': '', 'yard': ''}",170.8,170.8,37002,37001.733102253034,25032101790087,6559188,MEM-ASP,HRB,淺水灣/壽臣山,1989/11,1989,37,69,19.0,12,blank,HONG KONG PARKVIEW,陽明山莊,False
6592,2025-01-27,"PARKVIEW TERR(Block 12,HONG KONG PARKVIEW),TAI TAM RESERVOIR RD|陽明山莊,12座(涵碧苑),大潭水塘道",14326.659013448721,2700,2308,"{'bay_window': '', 'flat_roof': '', 'roof': '', 'ac_platform': '', 'plant_room': '', 'garden': '', 'yard': ''}",59.9,59.9,25953,25953.20623916811,25032101790099,6559189,MEM-ASP,HRB,淺水灣/壽臣山,1989/11,1989,37,69,9.0,12,blank,HONG KONG PARKVIEW,陽明山莊,False
6593,2025-01-27,"PARKVIEW TERR(Block 12,HONG KONG PARKVIEW),TAI TAM RESERVOIR RD|陽明山莊,12座(涵碧苑),大潭水塘道",14805.011568154856,2700,2308,"{'bay_window': '', 'flat_roof': '', 'roof': '', 'ac_platform': '', 'plant_room': '', 'garden': '', 'yard': ''}",61.9,61.9,26820,26819.757365684574,25032101790103,6559190,MEM-ASP,HRB,淺水灣/壽臣山,1989/11,1989,37,69,21.0,12,blank,HONG KONG PARKVIEW,陽明山莊,False
6594,2025-01-27,"PARKVIEW TERR(Block 12,HONG KONG PARKVIEW),TAI TAM RESERVOIR RD|陽明山莊,12座(涵碧苑),大潭水塘道",13800.471203271976,2700,2308,"{'bay_window': '', 'flat_roof': '', 'roof': '', 'ac_platform': '', 'plant_room': '', 'garden': '', 'yard': ''}",57.7,57.7,25000,25000.0,25032101790111,6559191,MEM-ASP,HRB,淺水灣/壽臣山,1989/11,1989,37,71,15.0,12,blank,HONG KONG PARKVIEW,陽明山莊,False
6595,2025-01-27,"PARKVIEW TERR(Block 12,HONG KONG PARKVIEW),TAI TAM RESERVOIR RD|陽明山莊,12座(涵碧苑),大潭水塘道",20760.50087424623,5400,4616,"{'bay_window': '', 'flat_roof': '', 'roof': '', 'ac_platform': '', 'plant_room': '', 'garden': '', 'yard': ''}",173.6,173.6,37608,37608.31889081456,25032101790126,6559192,MEM-ASP,HRB,淺水灣/壽臣山,1989/11,1989,37,69,22.0,12,blank,HONG KONG PARKVIEW,陽明山莊,False
6596,2025-01-27,"PARKVIEW TERR(Block 12,HONG KONG PARKVIEW),TAI TAM RESERVOIR RD|陽明山莊,12座(涵碧苑),大潭水塘道",14470.164779860565,2700,2308,"{'bay_window': '', 'flat_roof': '', 'roof': '', 'ac_platform': '', 'plant_room': '', 'garden': '', 'yard': ''}",60.5,60.5,26213,26213.171577123052,25032101790132,6559193,MEM-ASP,HRB,淺水灣/壽臣山,1989/11,1989,37,71,10.0,12,blank,HONG KONG PARKVIEW,陽明山莊,False
6597,2025-01-27,"PARKVIEW TERR(Block 12,HONG KONG PARKVIEW),TAI TAM RESERVOIR RD|陽明山莊,12座(涵碧苑),大潭水塘道",14565.835290801791,2700,2308,"{'bay_window': '', 'flat_roof': '', 'roof': '', 'ac_platform': '', 'plant_room': '', 'garden': '', 'yard': ''}",60.9,60.9,26386,26386.481802426344,25032101790143,6559194,MEM-ASP,HRB,淺水灣/壽臣山,1989/11,1989,37,71,17.0,12,blank,HONG KONG PARKVIEW,陽明山莊,False
6598,2025-01-27,"PARKVIEW TERR(Block 12,HONG KONG PARKVIEW),TAI TAM RESERVOIR RD|陽明山莊,12座(涵碧苑),大潭水塘道",14087.482736095657,2700,2308,"{'bay_window': '', 'flat_roof': '', 'roof': '', 'ac_platform': '', 'plant_room': '', 'garden': '', 'yard': ''}",58.9,58.9,25520,25519.93067590988,25032101790152,6559195,MEM-ASP,HRB,淺水灣/壽臣山,1989/11,1989,37,69,5.0,12,blank,HONG KONG PARKVIEW,陽明山莊,False
6599,2025-01-27,"PARKVIEW TERR(Block 12,HONG KONG PARKVIEW),TAI TAM RESERVOIR RD|陽明山莊,12座(涵碧苑),大潭水塘道",13848.306458742587,2700,2308,"{'bay_window': '', 'flat_roof': '', 'roof': '', 'ac_platform': '', 'plant_room': '', 'garden': '', 'yard': ''}",57.9,57.9,25087,25086.655112651646,25032101790169,6559196,MEM-ASP,HRB,淺水灣/壽臣山,1989/11,1989,37,69,1.0,12,blank,HONG KONG PARKVIEW,陽明山莊,False
6600,2025-01-27,"PARKVIEW TERR(Block 12,HONG KONG PARKVIEW),TAI TAM RESERVOIR RD|陽明山莊,12座(涵碧苑),大潭水塘道",13656.965436860137,2700,2308,"{'bay_window': '', 'flat_roof': '', 'roof': '', 'ac_platform': '', 'plant_room': '', 'garden': '', 'yard': ''}",57.1,57.1,24740,24740.034662045062,25032101790176,6559197,MEM-ASP,HRB,淺水灣/壽臣山,1989/11,1989,37,69,7.0,12,blank,HONG KONG PARKVIEW,陽明山莊,False
6601,2025-01-27,"PARKVIEW TERR(Block 12,HONG KONG PARKVIEW),TAI TAM RESERVOIR RD|陽明山莊,12座(涵碧苑),大潭水塘道",13633.047809124826,2700,2308,"{'bay_window': '', 'flat_roof': '', 'roof': '', 'ac_platform': '', 'plant_room': '', 'garden': '', 'yard': ''}",57.0,57.0,24697,24696.707105719237,25032101790185,6559198,MEM-ASP,HRB,淺水灣/壽臣山,1989/11,1989,37,71,5.0,12,blank,HONG KONG PARKVIEW,陽明山莊,False
6602,2025-01-27,"PARKVIEW TERR(Block 12,HONG KONG PARKVIEW),TAI TAM RESERVOIR RD|陽明山莊,12座(涵碧苑),大潭水塘道",13896.141714213201,2700,2308,"{'bay_window': '', 'flat_roof': '', 'roof': '', 'ac_platform': '', 'plant_room': '', 'garden': '', 'yard': ''}",58.1,58.1,25173,25173.310225303292,25032101790191,6559199,MEM-ASP,HRB,淺水灣/壽臣山,1989/11,1989,37,71,1.0,12,blank,HONG KONG PARKVIEW,陽明山莊,False
6603,2025-01-27,"PARKVIEW TERR(Block 12,HONG KONG PARKVIEW),TAI TAM RESERVOIR RD|陽明山莊,12座(涵碧苑),大潭水塘道",13585.212553654215,2700,2308,"{'bay_window': '', 'flat_roof': '', 'roof': '', 'ac_platform': '', 'plant_room': '', 'garden': '', 'yard': ''}",56.8,56.8,24610,24610.05199306759,25032101790204,6559200,MEM-ASP,HRB,淺水灣/壽臣山,1989/11,1989,37,69,3.0,12,blank,HONG KONG PARKVIEW,陽明山莊,False
6604,2025-01-27,"PARKVIEW TERR(Block 12,HONG KONG PARKVIEW),TAI TAM RESERVOIR RD|陽明山莊,12座(涵碧苑),大潭水塘道",13585.212553654215,2700,2308,"{'bay_window': '', 'flat_roof': '', 'roof': '', 'ac_platform': '', 'plant_room': '', 'garden': '', 'yard': ''}",56.8,56.8,24610,24610.05199306759,25032101790217,6559201,MEM-ASP,HRB,淺水灣/壽臣山,1989/11,1989,37,71,3.0,12,blank,HONG KONG PARKVIEW,陽明山莊,False
6605,2025-01-27,"PARKVIEW TERR(Block 12,HONG KONG PARKVIEW),TAI TAM RESERVOIR RD|陽明山莊,12座(涵碧苑),大潭水塘道",13967.894597419123,2700,2308,"{'bay_window': '', 'flat_roof': '', 'roof': '', 'ac_platform': '', 'plant_room': '', 'garden': '', 'yard': ''}",58.4,58.4,25303,25303.292894280763,25032101790224,6559202,MEM-ASP,HRB,淺水灣/壽臣山,1989/11,1989,37,69,2.0,12,blank,HONG KONG PARKVIEW,陽明山莊,False
6606,2025-01-27,"PARKVIEW TERR(Block 12,HONG KONG PARKVIEW),TAI TAM RESERVOIR RD|陽明山莊,12座(涵碧苑),大潭水塘道",14135.317991566271,2700,2308,"{'bay_window': '', 'flat_roof': '', 'roof': '', 'ac_platform': '', 'plant_room': '', 'garden': '', 'yard': ''}",59.1,59.1,25607,25606.585788561526,25032101790230,6559203,MEM-ASP,HRB,淺水灣/壽臣山,1989/11,1989,37,71,6.0,12,blank,HONG KONG PARKVIEW,陽明山莊,False
6607,2025-01-27,"PARKVIEW TERR(Block 12,HONG KONG PARKVIEW),TAI TAM RESERVOIR RD|陽明山莊,12座(涵碧苑),大潭水塘道",13656.965436860137,2700,2308,"{'bay_window': '', 'flat_roof': '', 'roof': '', 'ac_platform': '', 'plant_room': '', 'garden': '', 'yard': ''}",57.1,57.1,24740,24740.034662045062,25032101790244,6559204,MEM-ASP,HRB,淺水灣/壽臣山,1989/11,1989,37,69,8.0,12,blank,HONG KONG PARKVIEW,陽明山莊,False
6608,2025-03-07,"33 ISLAND RD,ISLAND RD|香島道33號,香島道",53812.45948447591,6389,5039,"{'bay_window': '', 'flat_roof': '417', 'roof': '', 'ac_platform': '', 'plant_room': '2247', 'garden': '694', 'yard': ''}",480.0,480.0,95257,95256.99543560231,25032102330135,6559362,PRE-ASP,HRB,淺水灣/壽臣山,2004/09,2004,22,8,0.0,blank,blank,blank,,False
6610,2025-03-14,"REPULSE BAY GARDEN(Block 3),BELLEVIEW DR|淺水灣新村3座,麗景道",15064.499074570784,2810,2625,"{'bay_window': '', 'flat_roof': '', 'roof': '', 'ac_platform': '', 'plant_room': '', 'garden': '', 'yard': ''}",70.0,70.0,26667,26666.666666666668,25033101920225,6563761,ASP,HRB,淺水灣/壽臣山,1973/11,1973,53,whole floor,16.0,3,blank,REPULSE BAY GARDEN,淺水灣新村,False
6614,2025-04-07,"37 REPULSE BAY RD(Block 2),REPULSE BAY RD|淺水灣道 37號2座,淺水灣道",17369.72915568262,1635,1236,"{'bay_window': '32', 'flat_roof': '', 'roof': '', 'ac_platform': '', 'plant_room': '', 'garden': '', 'yard': ''}",38.5,38.5,31149,31148.867313915856,25041401700031,6570476,ASP,HRB,淺水灣/壽臣山,1994/02,1994,32,A,6.0,2,blank,37 REPULSE BAY RD,淺水灣道 37號,False
6617,2025-04-06,"PARKVIEW CRESCENT(Block 10,HONG KONG PARKVIEW),TAI TAM RESERVOIR RD|陽明山莊,10座(環翠軒),大潭水塘道",16429.070295265858,5542,4684,"{'bay_window': '', 'flat_roof': '', 'roof': '2144', 'ac_platform': '', 'plant_room': '', 'garden': '', 'yard': ''}",138.0,138.0,29462,29461.99829205807,25042801570072,6576418,PRO-ASP,HRB,淺水灣/壽臣山,1988/08,1988,38,61,23.0,10,blank,HONG KONG PARKVIEW,陽明山莊,False
6618,2025-04-14,"SPLENDOUR VILLA,SOUTH BAY RD|雅景閣,南灣道",14576.986173563091,0,1052,"{'bay_window': '', 'flat_roof': '', 'roof': '', 'ac_platform': '', 'plant_room': '', 'garden': '', 'yard': ''}",27.5,27.5,26141,26140.684410646387,25050801920018,6580895,PRO-ASP,HRB,淺水灣/壽臣山,1993/08,1993,33,A,3.0,blank,blank,blank,,False
6621,2025-05-01,"37 REPULSE BAY RD(Block 1),REPULSE BAY RD|淺水灣道 37號1座,淺水灣道",17673.715960485646,1745,1289,"{'bay_window': '44', 'flat_roof': '', 'roof': '', 'ac_platform': '', 'plant_room': '', 'garden': '', 'yard': ''}",40.86,40.86,31699,31698.991466252908,25052101870044,6587790,PRO-ASP,HRB,淺水灣/壽臣山,1994/02,1994,32,B,15.0,1,blank,37 REPULSE BAY RD,淺水灣道 37號,False
6622,2025-04-30,"PARKVIEW CORNER(Block 17,HONG KONG PARKVIEW),TAI TAM RESERVOIR RD|陽明山莊,17座(眺景台),大潭水塘道",13104.445533920973,2645,2188,"{'bay_window': '', 'flat_roof': '', 'roof': '', 'ac_platform': '', 'plant_room': '', 'garden': '', 'yard': ''}",51.418,51.418,23500,23500.0,25052200410040,6587998,PRO-ASP,HRB,淺水灣/壽臣山,1989/11,1989,37,91,1.0,17,blank,HONG KONG PARKVIEW,陽明山莊,False
6625,2025-04-15,"REPULSE BAY GARDEN(Block 4),BELLEVIEW DR|淺水灣新村4座,麗景道",20752.555772380783,2810,2625,"{'bay_window': '', 'flat_roof': '', 'roof': '', 'ac_platform': '', 'plant_room': '', 'garden': '', 'yard': ''}",97.69,97.69,37215,37215.23809523809,25052900820060,6592237,ASP,HRB,淺水灣/壽臣山,1973/11,1973,53,whole floor,15.0,4,blank,REPULSE BAY GARDEN,淺水灣新村,False
6626,2025-05-29,"SOUTH BAY PALACE(Block 1),SOUTH BAY CLOSE|南灣御苑1座,南灣坊",12101.192037211726,0,1373,"{'bay_window': '', 'flat_roof': '', 'roof': '', 'ac_platform': '', 'plant_room': '', 'garden': '', 'yard': ''}",29.8,29.8,21704,21704.297159504735,25060201520010,6594105,ASP,HRB,淺水灣/壽臣山,2000/01,2000,26,C,5.0,1,blank,SOUTH BAY PALACE,南灣御苑,False
6628,2025-05-23,"PARKVIEW CORNER(Block 17,HONG KONG PARKVIEW),TAI TAM RESERVOIR RD|陽明山莊,17座(眺景台),大潭水塘道",13102.382942169628,2645,2188,"{'bay_window': '', 'flat_roof': '', 'roof': '', 'ac_platform': '', 'plant_room': '', 'garden': '', 'yard': ''}",51.418,51.418,23500,23500.0,25060500390055,6596190,ASP,HRB,淺水灣/壽臣山,1989/11,1989,37,91,3.0,17,blank,HONG KONG PARKVIEW,陽明山莊,False
6629,2025-05-23,"PARKVIEW CORNER(Block 17,HONG KONG PARKVIEW),TAI TAM RESERVOIR RD|陽明山莊,17座(眺景台),大潭水塘道",13102.382942169628,3225,2626,"{'bay_window': '', 'flat_roof': '', 'roof': '', 'ac_platform': '', 'plant_room': '', 'garden': '', 'yard': ''}",61.711,61.711,23500,23500.0,25060500390066,6596191,ASP,HRB,淺水灣/壽臣山,1989/11,1989,37,93,3.0,17,blank,HONG KONG PARKVIEW,陽明山莊,False
6630,2025-05-23,"PARKVIEW CORNER(Block 17,HONG KONG PARKVIEW),TAI TAM RESERVOIR RD|陽明山莊,17座(眺景台),大潭水塘道",13102.382942169628,2645,2188,"{'bay_window': '', 'flat_roof': '', 'roof': '', 'ac_platform': '', 'plant_room': '', 'garden': '', 'yard': ''}",51.418,51.418,23500,23500.0,25060500390077,6596192,ASP,HRB,淺水灣/壽臣山,1989/11,1989,37,91,2.0,17,blank,HONG KONG PARKVIEW,陽明山莊,False
6631,2025-05-23,"PARKVIEW CORNER(Block 17,HONG KONG PARKVIEW),TAI TAM RESERVOIR RD|陽明山莊,17座(眺景台),大潭水塘道",13102.382942169628,3225,2626,"{'bay_window': '', 'flat_roof': '', 'roof': '', 'ac_platform': '', 'plant_room': '', 'garden': '', 'yard': ''}",61.711,61.711,23500,23500.0,25060500390081,6596193,ASP,HRB,淺水灣/壽臣山,1989/11,1989,37,93,2.0,17,blank,HONG KONG PARKVIEW,陽明山莊,False
6632,2025-05-23,"8 DEEP WATER BAY DR(Block 1),DEEP WATER BAY DR|深水灣徑8號1座,深水灣徑",34935.96758476006,0,3407,"{'bay_window': '', 'flat_roof': '', 'roof': '', 'ac_platform': '', 'plant_room': '', 'garden': '79', 'yard': ''}",213.4826,213.4826,62660,62659.994129732906,25060500540088,6596237,ASP,HRB,淺水灣/壽臣山,2018/01,2018,8,A,7.0,1,blank,8 DEEP WATER BAY DR,深水灣徑8號,False
6634,2025-06-10,"PARKVIEW HEIGHTS(Block 14,HONG KONG PARKVIEW),TAI TAM RESERVOIR RD|陽明山莊,14座(摘星樓),大潭水塘道",10383.200551039943,2045,1655,"{'bay_window': '', 'flat_roof': '', 'roof': '', 'ac_platform': '', 'plant_room': '', 'garden': '', 'yard': ''}",30.82,30.82,18622,18622.356495468277,25062300440031,6607299,ASP,HRB,淺水灣/壽臣山,1988/12,1988,38,79,18.0,14,blank,HONG KONG PARKVIEW,陽明山莊,False
6635,2025-06-16,"RUBY COURT(Block 2),SOUTH BAY RD|嘉麟閣2座,南灣道",13415.408140724512,1780,1517,"{'bay_window': '50', 'flat_roof': '', 'roof': '', 'ac_platform': '', 'plant_room': '', 'garden': '', 'yard': ''}",36.5,36.5,24061,24060.646011865523,25062301630072,6607870,ASP,HRB,淺水灣/壽臣山,1987/05,1987,39,B,12.0,2,blank,RUBY COURT,嘉麟閣,False
6636,2025-06-02,"PARKVIEW HEIGHTS(Block 13,HONG KONG PARKVIEW),TAI TAM RESERVOIR RD|陽明山莊,13座(摘星樓),大潭水塘道",14975.462372534954,2700,2327,"{'bay_window': '', 'flat_roof': '', 'roof': '', 'ac_platform': '', 'plant_room': '', 'garden': '', 'yard': ''}",62.5,62.5,26859,26858.616244091103,25062400530048,6608083,PRE-ASP,HRB,淺水灣/壽臣山,1988/08,1988,38,75,9.0,13,blank,HONG KONG PARKVIEW,陽明山莊,False
6637,2025-06-02,"PARKVIEW HEIGHTS(Block 13,HONG KONG PARKVIEW),TAI TAM RESERVOIR RD|陽明山莊,13座(摘星樓),大潭水塘道",14136.836479672997,2700,2327,"{'bay_window': '', 'flat_roof': '', 'roof': '', 'ac_platform': '', 'plant_room': '', 'garden': '', 'yard': ''}",59.0,59.0,25355,25354.533734422002,25062400530055,6608084,PRE-ASP,HRB,淺水灣/壽臣山,1988/08,1988,38,73,9.0,13,blank,HONG KONG PARKVIEW,陽明山莊,False
6638,2025-06-09,"37 REPULSE BAY RD(Block 2),REPULSE BAY RD|淺水灣道 37號2座,淺水灣道",18495.326065714464,1635,1236,"{'bay_window': '32', 'flat_roof': '', 'roof': '', 'ac_platform': '', 'plant_room': '', 'garden': '', 'yard': ''}",41.0,41.0,33172,33171.52103559871,25062501250303,6609443,PRO-ASP,HRB,淺水灣/壽臣山,1994/02,1994,32,A,18.0,2,blank,37 REPULSE BAY RD,淺水灣道 37號,False
6639,2025-06-23,"PARKVIEW CORNER(Block 17,HONG KONG PARKVIEW),TAI TAM RESERVOIR RD|陽明山莊,17座(眺景台),大潭水塘道",16563.901726930708,2645,2188,"{'bay_window': '', 'flat_roof': '', 'roof': '', 'ac_platform': '', 'plant_room': '', 'garden': '', 'yard': ''}",65.0,65.0,29708,29707.495429616087,25063001450069,6611742,ASP,HRB,淺水灣/壽臣山,1989/11,1989,37,91,12.0,17,blank,HONG KONG PARKVIEW,陽明山莊,False
6643,2025-07-07,"PARKVIEW CORNER(Block 18,HONG KONG PARKVIEW),TAI TAM RESERVOIR RD|陽明山莊,18座(眺景台),大潭水塘道",11856.059825489372,2708,2171,"{'bay_window': '', 'flat_roof': '', 'roof': '', 'ac_platform': '', 'plant_room': '', 'garden': '', 'yard': ''}",47.2,47.2,21741,21741.133118378628,25071500210100,6619869,ASP,HRB,淺水灣/壽臣山,1989/05,1989,37,97,11.0,18,blank,HONG KONG PARKVIEW,陽明山莊,False
6645,2025-07-04,"REPULSE BAY GARDEN(Block 12),BELLEVIEW DR|淺水灣新村12座,麗景道",14905.895240235366,1728,1459,"{'bay_window': '', 'flat_roof': '', 'roof': '', 'ac_platform': '', 'plant_room': '', 'garden': '', 'yard': ''}",39.88,39.88,27334,27333.790267306373,25071800590103,6622142,ASP,HRB,淺水灣/壽臣山,1976/12,1976,50,whole floor,13.0,12,blank,REPULSE BAY GARDEN,淺水灣新村,False
6648,2025-07-18,"PARKVIEW RISE(Block 7,HONG KONG PARKVIEW),TAI TAM RESERVOIR RD|陽明山莊,7座(凌雲閣),大潭水塘道",10542.797477293136,2092,1649,"{'bay_window': '', 'flat_roof': '', 'roof': '', 'ac_platform': '', 'plant_room': '', 'garden': '', 'yard': ''}",31.88,31.88,19333,19332.929047907823,25081301340012,6636167,ASP,HRB,淺水灣/壽臣山,1988/12,1988,38,49,7.0,7,blank,HONG KONG PARKVIEW,陽明山莊,False
6649,2025-08-15,"PINE CREST,REPULSE BAY RD|松苑,淺水灣道",18638.47517764749,2250,1862,"{'bay_window': '', 'flat_roof': '', 'roof': '', 'ac_platform': '', 'plant_room': '', 'garden': '', 'yard': ''}",65.0,65.0,34909,34908.70032223416,25082501210016,6643384,ASP,HRB,淺水灣/壽臣山,1982/11,1982,44,B,11.0,blank,blank,blank,,False
6650,2025-08-07,"PARKVIEW SUITE(Block 3,HONG KONG PARKVIEW),TAI TAM RESERVOIR RD|陽明山莊,3座(陽明居),大潭水塘道",10383.005643429971,1290,976,"{'bay_window': '', 'flat_roof': '', 'roof': '', 'ac_platform': '', 'plant_room': '', 'garden': '', 'yard': ''}",18.98,18.98,19447,19446.72131147541,25090301810212,6649606,ASP,HRB,淺水灣/壽臣山,1989/05,1989,37,21,15.0,3,blank,HONG KONG PARKVIEW,陽明山莊,False
6651,2025-08-21,"SOUTH BAY TOWERS,SOUTH BAY RD|南灣大廈,南灣道",12123.961844813844,1433,1145,"{'bay_window': '', 'flat_roof': '', 'roof': '', 'ac_platform': '', 'plant_room': '', 'garden': '', 'yard': ''}",26.0,26.0,22707,22707.423580786028,25090900210019,6651598,PRO-ASP,HRB,淺水灣/壽臣山,1984/11,1984,42,A,12.0,blank,blank,blank,,False
6652,2025-08-20,"MING WAI GARDEN,REPULSE BAY RD|明慧園,淺水灣道",16377.93335572422,0,1630,"{'bay_window': '', 'flat_roof': '', 'roof': '', 'ac_platform': '', 'plant_room': '', 'garden': '', 'yard': ''}",50.0,50.0,30675,30674.84662576687,25091501490013,6655965,PRO-ASP,HRB,淺水灣/壽臣山,1973/12,1973,53,A,6.0,blank,blank,blank,,False
6655,2025-09-08,"GRAND GARDEN(Block 2),SOUTH BAY RD|華景園2座,南灣道",14039.903146294757,1463,1124,"{'bay_window': '33', 'flat_roof': '', 'roof': '', 'ac_platform': '', 'plant_room': '', 'garden': '', 'yard': ''}",28.8,28.8,25623,25622.775800711745,25091801620035,6658531,ASP,HRB,淺水灣/壽臣山,1986/12,1986,40,B,26.0,2,blank,GRAND GARDEN,華景園,False
6656,2025-09-08,"PARKVIEW HEIGHTS(Block 14,HONG KONG PARKVIEW),TAI TAM RESERVOIR RD|陽明山莊,14座(摘星樓),大潭水塘道",10958.924400302294,2045,1655,"{'bay_window': '', 'flat_roof': '', 'roof': '', 'ac_platform': '', 'plant_room': '', 'garden': '', 'yard': ''}",33.1,33.1,20000,20000.0,25091901470022,6659413,ASP,HRB,淺水灣/壽臣山,1988/12,1988,38,79,19.0,14,blank,HONG KONG PARKVIEW,陽明山莊,False
6658,2025-09-15,"TWIN BROOK,REPULSE BAY RD|雙溪,淺水灣道",18818.80870379779,2700,2440,"{'bay_window': '', 'flat_roof': '', 'roof': '', 'ac_platform': '', 'plant_room': '', 'garden': '', 'yard': ''}",83.8,83.8,34344,34344.262295081964,25100300350065,6665689,ASP,HRB,淺水灣/壽臣山,1974/04,1974,52,B,15.0,blank,blank,blank,,False
6659,2025-10-08,"TWIN BROOK,REPULSE BAY RD|雙溪,淺水灣道",19487.03534421281,2700,2440,"{'bay_window': '', 'flat_roof': '', 'roof': '', 'ac_platform': '', 'plant_room': '', 'garden': '', 'yard': ''}",89.0,89.0,36475,36475.40983606558,25101301580067,6671174,ASP,HRB,淺水灣/壽臣山,1974/04,1974,52,A,15.0,blank,blank,blank,,False
6661,2025-09-25,"PARKVIEW CORNER(Block 17,HONG KONG PARKVIEW),TAI TAM RESERVOIR RD|陽明山莊,17座(眺景台),大潭水塘道",14600.2123523223,2645,2188,"{'bay_window': '', 'flat_roof': '', 'roof': '', 'ac_platform': '', 'plant_room': '', 'garden': '', 'yard': ''}",58.3,58.3,26645,26645.338208409506,25101701660043,6674689,PRO-ASP,HRB,淺水灣/壽臣山,1989/11,1989,37,91,6.0,17,blank,HONG KONG PARKVIEW,陽明山莊,False
6662,2025-09-30,"SOUTH BAY GARDEN(Block C),SOUTH BAY CLOSE|南灣花園C座,南灣坊",7606.782819033358,1027,850,"{'bay_window': '', 'flat_roof': '', 'roof': '', 'ac_platform': '', 'plant_room': '', 'garden': '', 'yard': ''}",11.8,11.8,13882,13882.35294117647,25102000730028,6675412,MEM-ASP,HRB,淺水灣/壽臣山,1985/09,1985,41,1,1.0,C,blank,SOUTH BAY GARDEN,南灣花園,False
6664,2025-10-06,"BAY VILLAS,SHOUSON HILL RD|南源,壽山村道",28139.15502307758,5443,4082,"{'bay_window': '', 'flat_roof': '', 'roof': '', 'ac_platform': '', 'plant_room': '', 'garden': '', 'yard': ''}",215.0,215.0,52670,52670.2596766291,25103100730018,6682332,PRO-ASP,HRB,淺水灣/壽臣山,2003/04,2003,23,59,0.0,blank,blank,blank,,False
6665,2025-10-27,"REPULSE BAY GARDEN(Block 11),BELLEVIEW DR|淺水灣新村11座,麗景道",14573.819041418195,1728,1459,"{'bay_window': '', 'flat_roof': '', 'roof': '', 'ac_platform': '', 'plant_room': '', 'garden': '', 'yard': ''}",39.8,39.8,27279,27278.958190541467,25110301040018,6683141,ASP,HRB,淺水灣/壽臣山,1976/12,1976,50,whole floor,17.0,11,blank,REPULSE BAY GARDEN,淺水灣新村,False
6666,2025-10-15,"56 REPULSE BAY RD,REPULSE BAY RD|淺水灣道56號,淺水灣道",26401.954078845938,6485,5160,"{'bay_window': '', 'flat_roof': '', 'roof': '', 'ac_platform': '', 'plant_room': '', 'garden': '', 'yard': ''}",255.0,255.0,49419,49418.604651162794,25110401140011,6683853,PRO-ASP,HRB,淺水灣/壽臣山,1994/04,1994,32,27,0.0,blank,blank,blank,,False
6667,2025-11-05,"PARKVIEW HEIGHTS(Block 14,HONG KONG PARKVIEW),TAI TAM RESERVOIR RD|陽明山莊,14座(摘星樓),大潭水塘道",12926.555171673383,1785,1441,"{'bay_window': '', 'flat_roof': '', 'roof': '', 'ac_platform': '', 'plant_room': '', 'garden': '', 'yard': ''}",34.8,34.8,24150,24149.895905621095,25111401060018,6690358,ASP,HRB,淺水灣/壽臣山,1988/12,1988,38,81,11.0,14,blank,HONG KONG PARKVIEW,陽明山莊,False
6668,2025-10-31,"PARKVIEW CORNER(Block 17,HONG KONG PARKVIEW),TAI TAM RESERVOIR RD|陽明山莊,17座(眺景台),大潭水塘道",13917.881373750166,2645,2188,"{'bay_window': '', 'flat_roof': '', 'roof': '', 'ac_platform': '', 'plant_room': '', 'garden': '', 'yard': ''}",57.0,57.0,26051,26051.188299817186,25111401560050,6690507,ASP,HRB,淺水灣/壽臣山,1989/11,1989,37,91,5.0,17,blank,HONG KONG PARKVIEW,陽明山莊,False
6673,2025-11-26,"REPULSE BAY GARDEN(Block 7),BELLEVIEW DR|淺水灣新村7座,麗景道",13318.164938783852,2288,2110,"{'bay_window': '', 'flat_roof': '', 'roof': '', 'ac_platform': '', 'plant_room': '', 'garden': '', 'yard': ''}",52.5,52.5,24882,24881.516587677725,25120900810435,6704507,ASP,HRB,淺水灣/壽臣山,1973/11,1973,53,whole floor,16.0,7,blank,REPULSE BAY GARDEN,淺水灣新村,False
6674,2025-11-27,"PARKVIEW SUITE(Block 5,HONG KONG PARKVIEW),TAI TAM RESERVOIR RD|陽明山莊,5座(陽明居),大潭水塘道",9857.426950238001,1309,1048,"{'bay_window': '', 'flat_roof': '', 'roof': '', 'ac_platform': '', 'plant_room': '', 'garden': '', 'yard': ''}",19.3,19.3,18416,18416.030534351146,25121000850026,6705362,ASP,HRB,淺水灣/壽臣山,1989/05,1989,37,41,20.0,5,blank,HONG KONG PARKVIEW,陽明山莊,False
6675,2025-12-08,"GRAND GARDEN(Block 1),SOUTH BAY RD|華景園1座,南灣道",14915.070369812185,3061,2663,"{'bay_window': '85', 'flat_roof': '', 'roof': '', 'ac_platform': '', 'plant_room': '', 'garden': '', 'yard': ''}",75.0,75.0,28164,28163.725122042808,25121200360012,6707089,ASP,HRB,淺水灣/壽臣山,1986/12,1986,40,B,12.0,1,blank,GRAND GARDEN,華景園,False
6676,2025-12-04,"PARKVIEW SUITE(Block 3,HONG KONG PARKVIEW),TAI TAM RESERVOIR RD|陽明山莊,3座(陽明居),大潭水塘道",10926.603694382473,1235,1012,"{'bay_window': '', 'flat_roof': '', 'roof': '', 'ac_platform': '', 'plant_room': '', 'garden': '', 'yard': ''}",20.88,20.88,20632,20632.411067193676,25121500750045,6708072,ASP,HRB,淺水灣/壽臣山,1989/05,1989,37,25,20.0,3,blank,HONG KONG PARKVIEW,陽明山莊,False
6677,2025-12-04,"PARKVIEW CORNER(Block 17,HONG KONG PARKVIEW),TAI TAM RESERVOIR RD|陽明山莊,17座(眺景台),大潭水塘道",15006.50584081786,2645,2188,"{'bay_window': '', 'flat_roof': '', 'roof': '', 'ac_platform': '', 'plant_room': '', 'garden': '', 'yard': ''}",62.0,62.0,28336,28336.380255941498,25121701350167,6709701,ASP,HRB,淺水灣/壽臣山,1989/11,1989,37,91,10.0,17,blank,HONG KONG PARKVIEW,陽明山莊,False
6679,2026-01-02,"1 SOUTH BAY CLOSE,SOUTH BAY CLOSE|1 SOUTH BAY CLOSE,南灣坊",47139.22442825008,0,2859,"{'bay_window': '', 'flat_roof': '', 'roof': '', 'ac_platform': '', 'plant_room': '', 'garden': '', 'yard': ''}",260.0,260.0,90941,90940.88842252536,26011901870146,6729668,ASP,HRB,淺水灣/壽臣山,2024/04,2024,2,3A,3.0,blank,blank,blank,,False
6680,2026-01-02,"1 SOUTH BAY CLOSE,SOUTH BAY CLOSE|1 SOUTH BAY CLOSE,南灣坊",53255.15383576146,0,2920,"{'bay_window': '', 'flat_roof': '', 'roof': '', 'ac_platform': '', 'plant_room': '', 'garden': '', 'yard': ''}",300.0,300.0,102740,102739.72602739726,26011901870150,6729669,ASP,HRB,淺水灣/壽臣山,2024/04,2024,2,5A,5.0,blank,blank,blank,,False
6681,2026-01-02,"1 SOUTH BAY CLOSE,SOUTH BAY CLOSE|1 SOUTH BAY CLOSE,南灣坊",53255.15383576146,0,2920,"{'bay_window': '', 'flat_roof': '', 'roof': '', 'ac_platform': '', 'plant_room': '', 'garden': '', 'yard': ''}",300.0,300.0,102740,102739.72602739726,26011901870162,6729670,ASP,HRB,淺水灣/壽臣山,2024/04,2024,2,6A,6.0,blank,blank,blank,,False
6683,2026-01-08,"RIDGE COURT,REPULSE BAY RD|冠園,淺水灣道",11359.588700456465,0,1880,"{'bay_window': '', 'flat_roof': '', 'roof': '', 'ac_platform': '', 'plant_room': '', 'garden': '', 'yard': ''}",41.2,41.2,21915,21914.893617021276,26012700880071,6735353,PRE-ASP,HRB,淺水灣/壽臣山,1962/08,1962,64,D,2.0,blank,blank,blank,,False
6685,2025-12-26,"PARKVIEW RISE(Block 7,HONG KONG PARKVIEW),TAI TAM RESERVOIR RD|陽明山莊,7座(凌雲閣),大潭水塘道",10045.72530672854,2092,1649,"{'bay_window': '', 'flat_roof': '', 'roof': '', 'ac_platform': '', 'plant_room': '', 'garden': '', 'yard': ''}",31.28,31.28,18969,18969.072164948455,26020200850011,6738736,PRE-ASP,HRB,淺水灣/壽臣山,1988/12,1988,38,49,2.0,7,blank,HONG KONG PARKVIEW,陽明山莊,False
