,instr_date,final_address,time_adj_npsf,gfa,nfa,other_area,original_consid,consid,original_npsf,npsf,memo_no,MW_data_code,nat_instr,d_code,code_chinese,op_date,op_year,bldg_age,unit,floor,block,phase,est_name_en,est_name_ch,with_CPS,final_coords,lat,long
0,1995-11-01,"37 REPULSE BAY RD(Block 3),REPULSE BAY RD|淺水灣道 37號3座,淺水灣道",9297.052154195011,1220,882,"{'bay_window': '56', 'flat_roof': '', 'roof': '', 'ac_platform': '', 'plant_room': '', 'garden': '', 'yard': ''}",8.2,8.2,9297,9297.052154195011,6450778,4773698,ASP,HRB,淺水灣/壽臣山,1994/02,1994,32,A,23.0,3,blank,37 REPULSE BAY RD,淺水灣道 37號,False,POINT Z (22.246416 114.19145 0),22.246416,114.19145
1,1996-03-08,"37 REPULSE BAY RD(Block 3),REPULSE BAY RD|淺水灣道 37號3座,淺水灣道",9600.0,1220,882,"{'bay_window': '56', 'flat_roof': '', 'roof': '', 'ac_platform': '', 'plant_room': '', 'garden': '', 'yard': ''}",9.55,8.4672,10828,9600.0,6567411,4811522,ASP,HRB,淺水灣/壽臣山,1994/02,1994,32,A,8.0,3,blank,37 REPULSE BAY RD,淺水灣道 37號,True,POINT Z (22.246416 114.19145 0),22.246416,114.19145
2,1996-03-18,"37 REPULSE BAY RD(Block 3),REPULSE BAY RD|淺水灣道 37號3座,淺水灣道",9429.138321995466,1220,882,"{'bay_window': '56', 'flat_roof': '', 'roof': '', 'ac_platform': '', 'plant_room': '', 'garden': '', 'yard': ''}",9.38,8.316500000000001,10635,9429.138321995466,6567436,4811526,ASP,HRB,淺水灣/壽臣山,1994/02,1994,32,A,6.0,3,blank,37 REPULSE BAY RD,淺水灣道 37號,True,POINT Z (22.246416 114.19145 0),22.246416,114.19145
3,1996-04-03,"37 REPULSE BAY RD(Block 3),REPULSE BAY RD|淺水灣道 37號3座,淺水灣道",11592.862684251357,1740,1289,"{'bay_window': '44', 'flat_roof': '', 'roof': '', 'ac_platform': '', 'plant_room': '', 'garden': '', 'yard': ''}",16.2,14.9432,12568,11592.862684251357,6606465,4829375,ASP,HRB,淺水灣/壽臣山,1994/02,1994,32,B,14.0,3,blank,37 REPULSE BAY RD,淺水灣道 37號,True,POINT Z (22.246416 114.19145 0),22.246416,114.19145
4,1996-05-27,"37 REPULSE BAY RD(Block 3),REPULSE BAY RD|淺水灣道 37號3座,淺水灣道",10152.947845804989,1220,882,"{'bay_window': '56', 'flat_roof': '', 'roof': '', 'ac_platform': '', 'plant_room': '', 'garden': '', 'yard': ''}",10.1,8.9549,11451,10152.947845804989,6638410,4843141,SUB-ASP,HRB,淺水灣/壽臣山,1994/02,1994,32,A,13.0,3,blank,37 REPULSE BAY RD,淺水灣道 37號,True,POINT Z (22.246416 114.19145 0),22.246416,114.19145
5,1996-05-01,"37 REPULSE BAY RD(Block 3),REPULSE BAY RD|淺水灣道 37號3座,淺水灣道",10293.650793650791,1220,882,"{'bay_window': '56', 'flat_roof': '', 'roof': '', 'ac_platform': '', 'plant_room': '', 'garden': '', 'yard': ''}",10.24,9.079,11610,10293.650793650791,6649364,4849288,ASP,HRB,淺水灣/壽臣山,1994/02,1994,32,A,16.0,3,blank,37 REPULSE BAY RD,淺水灣道 37號,True,POINT Z (22.246416 114.19145 0),22.246416,114.19145
6,1996-06-01,"37 REPULSE BAY RD(Block 3),REPULSE BAY RD|淺水灣道 37號3座,淺水灣道",12143.310657596372,1220,882,"{'bay_window': '56', 'flat_roof': '', 'roof': '', 'ac_platform': '', 'plant_room': '', 'garden': '', 'yard': ''}",12.08,10.7104,13696,12143.310657596372,6664502,4847854,ASP,HRB,淺水灣/壽臣山,1994/02,1994,32,A,21.0,3,blank,37 REPULSE BAY RD,淺水灣道 37號,True,POINT Z (22.246416 114.19145 0),22.246416,114.19145
7,1996-07-25,"37 REPULSE BAY RD(Block 3),REPULSE BAY RD|淺水灣道 37號3座,淺水灣道",12165.32195500388,1740,1289,"{'bay_window': '44', 'flat_roof': '', 'roof': '', 'ac_platform': '', 'plant_room': '', 'garden': '', 'yard': ''}",17.0,15.6811,13189,12165.32195500388,6716107,4872062,SUB-ASP,HRB,淺水灣/壽臣山,1994/02,1994,32,B,14.0,3,blank,37 REPULSE BAY RD,淺水灣道 37號,True,POINT Z (22.246416 114.19145 0),22.246416,114.19145
8,1996-09-25,"37 REPULSE BAY RD(Block 3),REPULSE BAY RD|淺水灣道 37號3座,淺水灣道",11306.594259115593,1740,1289,"{'bay_window': '44', 'flat_roof': '', 'roof': '', 'ac_platform': '', 'plant_room': '', 'garden': '', 'yard': ''}",15.8,14.5742,12258,11306.594259115593,6780314,4886515,SUB-ASP,HRB,淺水灣/壽臣山,1994/02,1994,32,B,2.0,3,blank,37 REPULSE BAY RD,淺水灣道 37號,True,POINT Z (22.246416 114.19145 0),22.246416,114.19145
9,1996-11-11,"37 REPULSE BAY RD(Block 3),REPULSE BAY RD|淺水灣道 37號3座,淺水灣道",13068.14058956916,1220,882,"{'bay_window': '56', 'flat_roof': '', 'roof': '', 'ac_platform': '', 'plant_room': '', 'garden': '', 'yard': ''}",13.0,11.5261,14739,13068.14058956916,6840184,4912110,ASP,HRB,淺水灣/壽臣山,1994/02,1994,32,A,11.0,3,blank,37 REPULSE BAY RD,淺水灣道 37號,True,POINT Z (22.246416 114.19145 0),22.246416,114.19145
10,1996-11-28,"37 REPULSE BAY RD(Block 3),REPULSE BAY RD|淺水灣道 37號3座,淺水灣道",14374.943310657596,1220,882,"{'bay_window': '56', 'flat_roof': '', 'roof': '', 'ac_platform': '', 'plant_room': '', 'garden': '', 'yard': ''}",14.3,12.6787,16213,14374.943310657596,6856879,4923802,ASP,HRB,淺水灣/壽臣山,1994/02,1994,32,A,20.0,3,blank,37 REPULSE BAY RD,淺水灣道 37號,True,POINT Z (22.246416 114.19145 0),22.246416,114.19145
11,1996-12-16,"37 REPULSE BAY RD(Block 3),REPULSE BAY RD|淺水灣道 37號3座,淺水灣道",13626.07709750567,1220,882,"{'bay_window': '56', 'flat_roof': '', 'roof': '', 'ac_platform': '', 'plant_room': '', 'garden': '', 'yard': ''}",13.555,12.0182,15368,13626.07709750567,6874445,4930188,ASP,HRB,淺水灣/壽臣山,1994/02,1994,32,A,7.0,3,blank,37 REPULSE BAY RD,淺水灣道 37號,True,POINT Z (22.246416 114.19145 0),22.246416,114.19145
12,1996-11-16,"37 REPULSE BAY RD(Block 3),REPULSE BAY RD|淺水灣道 37號3座,淺水灣道",12737.858805275408,1740,1289,"{'bay_window': '', 'flat_roof': '', 'roof': '', 'ac_platform': '', 'plant_room': '', 'garden': '', 'yard': ''}",17.8,16.4191,13809,12737.858805275408,6874704,4930343,ASP,HRB,淺水灣/壽臣山,1994/02,1994,32,B,4.0,3,blank,37 REPULSE BAY RD,淺水灣道 37號,True,POINT Z (22.246416 114.19145 0),22.246416,114.19145
13,1996-12-20,"37 REPULSE BAY RD(Block 3),REPULSE BAY RD|淺水灣道 37號3座,淺水灣道",15460.544217687077,1220,882,"{'bay_window': '56', 'flat_roof': '', 'roof': '', 'ac_platform': '', 'plant_room': '', 'garden': '', 'yard': ''}",15.38,13.6362,17438,15460.544217687077,6879820,4935279,SUB-ASP,HRB,淺水灣/壽臣山,1994/02,1994,32,A,20.0,3,blank,37 REPULSE BAY RD,淺水灣道 37號,True,POINT Z (22.246416 114.19145 0),22.246416,114.19145
14,1996-12-16,"37 REPULSE BAY RD(Block 3),REPULSE BAY RD|淺水灣道 37號3座,淺水灣道",14172.33560090703,1220,882,"{'bay_window': '44', 'flat_roof': '25', 'roof': '', 'ac_platform': '', 'plant_room': '', 'garden': '', 'yard': ''}",12.5,12.5,14172,14172.33560090703,6882826,4936518,ASP,HRB,淺水灣/壽臣山,1994/02,1994,32,A,1.0,3,blank,37 REPULSE BAY RD,淺水灣道 37號,False,POINT Z (22.246416 114.19145 0),22.246416,114.19145
15,1997-02-04,"37 REPULSE BAY RD(Block 3),REPULSE BAY RD|淺水灣道 37號3座,淺水灣道",15504.5816507392,1220,882,"{'bay_window': '44', 'flat_roof': '25', 'roof': '', 'ac_platform': '', 'plant_room': '', 'garden': '', 'yard': ''}",14.0,14.0,15873,15873.015873015873,6952856,4978570,SUB-ASP,HRB,淺水灣/壽臣山,1994/02,1994,32,A,1.0,3,blank,37 REPULSE BAY RD,淺水灣道 37號,False,POINT Z (22.246416 114.19145 0),22.246416,114.19145
16,1997-02-14,"37 REPULSE BAY RD(Block 3),REPULSE BAY RD|淺水灣道 37號3座,淺水灣道",17824.46039371149,1740,1289,"{'bay_window': '', 'flat_roof': '', 'roof': '', 'ac_platform': '', 'plant_room': '', 'garden': '', 'yard': ''}",25.5,23.5217,19783,18248.021722265323,6965920,4983249,ASP,HRB,淺水灣/壽臣山,1994/02,1994,32,B,8.0,3,blank,37 REPULSE BAY RD,淺水灣道 37號,True,POINT Z (22.246416 114.19145 0),22.246416,114.19145
17,1997-05-20,"37 REPULSE BAY RD(Block 3),REPULSE BAY RD|淺水灣道 37號3座,淺水灣道",14109.25055954363,1740,1289,"{'bay_window': '44', 'flat_roof': '', 'roof': '', 'ac_platform': '', 'plant_room': '', 'garden': '', 'yard': ''}",23.0,21.2157,17843,16459.038013964313,7102197,5038937,ASP,HRB,淺水灣/壽臣山,1994/02,1994,32,B,2.0,3,blank,37 REPULSE BAY RD,淺水灣道 37號,True,POINT Z (22.246416 114.19145 0),22.246416,114.19145
18,1997-06-05,"37 REPULSE BAY RD(Block 3),REPULSE BAY RD|淺水灣道 37號3座,淺水灣道",14598.029137464562,1765,1289,"{'bay_window': '56', 'flat_roof': '', 'roof': '', 'ac_platform': '', 'plant_room': '', 'garden': '', 'yard': ''}",25.2,23.245,19550,18033.359193173,7135012,5058778,ASP,HRB,淺水灣/壽臣山,1994/02,1994,32,B,1.0,3,blank,37 REPULSE BAY RD,淺水灣道 37號,True,POINT Z (22.246416 114.19145 0),22.246416,114.19145
19,1997-06-06,"37 REPULSE BAY RD(Block 3),REPULSE BAY RD|淺水灣道 37號3座,淺水灣道",15054.247586623676,1220,882,"{'bay_window': '', 'flat_roof': '', 'roof': '', 'ac_platform': '', 'plant_room': '', 'garden': '', 'yard': ''}",18.5,16.4025,20975,18596.938775510203,7142186,5060035,ASP,HRB,淺水灣/壽臣山,1994/02,1994,32,A,22.0,3,blank,37 REPULSE BAY RD,淺水灣道 37號,True,POINT Z (22.246416 114.19145 0),22.246416,114.19145
20,1997-06-05,"37 REPULSE BAY RD(Block 3),REPULSE BAY RD|淺水灣道 37號3座,淺水灣道",15623.8355184791,1220,882,"{'bay_window': '56', 'flat_roof': '', 'roof': '', 'ac_platform': '', 'plant_room': '', 'garden': '', 'yard': ''}",19.2,17.0231,21769,19300.566893424035,7149492,5063750,SUB-ASP,HRB,淺水灣/壽臣山,1994/02,1994,32,A,11.0,3,blank,37 REPULSE BAY RD,淺水灣道 37號,True,POINT Z (22.246416 114.19145 0),22.246416,114.19145
21,1997-06-16,"37 REPULSE BAY RD(Block 3),REPULSE BAY RD|淺水灣道 37號3座,淺水灣道",15867.970855046207,1220,882,"{'bay_window': '56', 'flat_roof': '', 'roof': '', 'ac_platform': '', 'plant_room': '', 'garden': '', 'yard': ''}",19.5,17.2891,22109,19602.15419501134,7154847,5065065,ASP,HRB,淺水灣/壽臣山,1994/02,1994,32,A,2.0,3,blank,37 REPULSE BAY RD,淺水灣道 37號,True,POINT Z (22.246416 114.19145 0),22.246416,114.19145
22,1997-06-20,"37 REPULSE BAY RD(Block 3),REPULSE BAY RD|淺水灣道 37號3座,淺水灣道",16014.452056986467,1220,882,"{'bay_window': '56', 'flat_roof': '', 'roof': '', 'ac_platform': '', 'plant_room': '', 'garden': '', 'yard': ''}",19.68,17.4487,22313,19783.10657596372,7159966,5068715,ASP,HRB,淺水灣/壽臣山,1994/02,1994,32,A,5.0,3,blank,37 REPULSE BAY RD,淺水灣道 37號,True,POINT Z (22.246416 114.19145 0),22.246416,114.19145
23,1997-06-06,"37 REPULSE BAY RD(Block 3),REPULSE BAY RD|淺水灣道 37號3座,淺水灣道",14891.521288979517,1220,882,"{'bay_window': '56', 'flat_roof': '', 'roof': '', 'ac_platform': '', 'plant_room': '', 'garden': '', 'yard': ''}",18.3,16.2252,20748,18395.91836734694,7165134,5071464,ASP,HRB,淺水灣/壽臣山,1994/02,1994,32,A,13.0,3,blank,37 REPULSE BAY RD,淺水灣道 37號,True,POINT Z (22.246416 114.19145 0),22.246416,114.19145
24,1997-07-04,"37 REPULSE BAY RD(Block 3),REPULSE BAY RD|淺水灣道 37號3座,淺水灣道",17367.410409722273,1220,882,"{'bay_window': '', 'flat_roof': '', 'roof': '', 'ac_platform': '', 'plant_room': '', 'garden': '', 'yard': ''}",20.28,17.980700000000002,22993,20386.281179138325,7170497,5072818,SUB-ASP,HRB,淺水灣/壽臣山,1994/02,1994,32,A,22.0,3,blank,37 REPULSE BAY RD,淺水灣道 37號,True,POINT Z (22.246416 114.19145 0),22.246416,114.19145
25,1997-06-13,"37 REPULSE BAY RD(Block 3),REPULSE BAY RD|淺水灣道 37號3座,淺水灣道",15930.409374850871,1740,1289,"{'bay_window': '44', 'flat_roof': '', 'roof': '', 'ac_platform': '', 'plant_room': '', 'garden': '', 'yard': ''}",27.5,25.3666,21334,19679.28626842513,7175117,5074574,ASP,HRB,淺水灣/壽臣山,1994/02,1994,32,B,19.0,3,blank,37 REPULSE BAY RD,淺水灣道 37號,True,POINT Z (22.246416 114.19145 0),22.246416,114.19145
26,1997-06-12,"37 REPULSE BAY RD(Block 3),REPULSE BAY RD|淺水灣道 37號3座,淺水灣道",14810.11225005657,1220,882,"{'bay_window': '56', 'flat_roof': '', 'roof': '', 'ac_platform': '', 'plant_room': '', 'garden': '', 'yard': ''}",18.2,16.136499999999998,20635,18295.3514739229,7190297,5079594,ASP,HRB,淺水灣/壽臣山,1994/02,1994,32,A,14.0,3,blank,37 REPULSE BAY RD,淺水灣道 37號,True,POINT Z (22.246416 114.19145 0),22.246416,114.19145
27,1997-05-17,"37 REPULSE BAY RD(Block 3),REPULSE BAY RD|淺水灣道 37號3座,淺水灣道",17202.99958684577,1220,882,"{'bay_window': '56', 'flat_roof': '', 'roof': '', 'ac_platform': '', 'plant_room': '', 'garden': '', 'yard': ''}",17.7,17.7,20068,20068.027210884356,7200303,5053569,PRO-ASP,HRB,淺水灣/壽臣山,1994/02,1994,32,A,20.0,3,blank,37 REPULSE BAY RD,淺水灣道 37號,False,POINT Z (22.246416 114.19145 0),22.246416,114.19145
28,1997-11-20,"37 REPULSE BAY RD(Block 3),REPULSE BAY RD|淺水灣道 37號3座,淺水灣道",11301.80314660644,1220,882,"{'bay_window': '56', 'flat_roof': '', 'roof': '', 'ac_platform': '', 'plant_room': '', 'garden': '', 'yard': ''}",12.98,11.5083,14717,13047.959183673467,7379140,5147195,ASP,HRB,淺水灣/壽臣山,1994/02,1994,32,A,6.0,3,blank,37 REPULSE BAY RD,淺水灣道 37號,True,POINT Z (22.246416 114.19145 0),22.246416,114.19145
29,1997-12-12,"37 REPULSE BAY RD(Block 3),REPULSE BAY RD|淺水灣道 37號3座,淺水灣道",11616.84714026379,1220,882,"{'bay_window': '56', 'flat_roof': '', 'roof': '', 'ac_platform': '', 'plant_room': '', 'garden': '', 'yard': ''}",12.8,11.3488,14512,12867.120181405897,7387405,5150478,ASP,HRB,淺水灣/壽臣山,1994/02,1994,32,A,9.0,3,blank,37 REPULSE BAY RD,淺水灣道 37號,True,POINT Z (22.246416 114.19145 0),22.246416,114.19145
30,1997-12-23,"37 REPULSE BAY RD(Block 3),REPULSE BAY RD|淺水灣道 37號3座,淺水灣道",14213.684647012396,1740,1289,"{'bay_window': '44', 'flat_roof': '', 'roof': '', 'ac_platform': '', 'plant_room': '', 'garden': '', 'yard': ''}",22.0,20.2933,17067,15743.44453064391,7396977,5151288,ASP,HRB,淺水灣/壽臣山,1994/02,1994,32,B,23.0,3,blank,37 REPULSE BAY RD,淺水灣道 37號,True,POINT Z (22.246416 114.19145 0),22.246416,114.19145
31,1997-11-08,"37 REPULSE BAY RD(Block 3),REPULSE BAY RD|淺水灣道 37號3座,淺水灣道",12015.856574818908,1220,882,"{'bay_window': '56', 'flat_roof': '', 'roof': '', 'ac_platform': '', 'plant_room': '', 'garden': '', 'yard': ''}",13.8,12.2354,15646,13872.33560090703,7398700,5153399,PRO-ASP,HRB,淺水灣/壽臣山,1994/02,1994,32,A,8.0,3,blank,37 REPULSE BAY RD,淺水灣道 37號,True,POINT Z (22.246416 114.19145 0),22.246416,114.19145
32,1998-08-06,"37 REPULSE BAY RD(Block 3),REPULSE BAY RD|淺水灣道 37號3座,淺水灣道",13406.234625430134,1740,1289,"{'bay_window': '44', 'flat_roof': '', 'roof': '', 'ac_platform': '', 'plant_room': '', 'garden': '', 'yard': ''}",13.2,12.1759,10241,9446.00465477114,7559277,21219,ASP,HRB,淺水灣/壽臣山,1994/02,1994,32,B,13.0,3,blank,37 REPULSE BAY RD,淺水灣道 37號,True,POINT Z (22.246416 114.19145 0),22.246416,114.19145
33,1998-09-15,"37 REPULSE BAY RD(Block 3),REPULSE BAY RD|淺水灣道 37號3座,淺水灣道",10550.338749049264,1220,882,"{'bay_window': '56', 'flat_roof': '', 'roof': '', 'ac_platform': '', 'plant_room': '', 'garden': '', 'yard': ''}",7.03,6.2329,7971,7066.780045351474,7578134,36891,ASP,HRB,淺水灣/壽臣山,1994/02,1994,32,A,10.0,3,blank,37 REPULSE BAY RD,淺水灣道 37號,True,POINT Z (22.246416 114.19145 0),22.246416,114.19145
34,1998-08-24,"37 REPULSE BAY RD(Block 3),REPULSE BAY RD|淺水灣道 37號3座,淺水灣道",11413.531329513324,1220,882,"{'bay_window': '56', 'flat_roof': '', 'roof': '', 'ac_platform': '', 'plant_room': '', 'garden': '', 'yard': ''}",8.0,7.093,9070,8041.950113378684,7583126,40842,ASP,HRB,淺水灣/壽臣山,1994/02,1994,32,A,13.0,3,blank,37 REPULSE BAY RD,淺水灣道 37號,True,POINT Z (22.246416 114.19145 0),22.246416,114.19145
35,1998-12-01,"37 REPULSE BAY RD(Block 3),REPULSE BAY RD|淺水灣道 37號3座,淺水灣道",12941.51140277246,1740,1289,"{'bay_window': '44', 'flat_roof': '', 'roof': '', 'ac_platform': '', 'plant_room': '', 'garden': '', 'yard': ''}",13.2,12.1759,10241,9446.00465477114,7637888,100345,ASP,HRB,淺水灣/壽臣山,1994/02,1994,32,B,10.0,3,blank,37 REPULSE BAY RD,淺水灣道 37號,True,POINT Z (22.246416 114.19145 0),22.246416,114.19145
36,1999-01-02,"37 REPULSE BAY RD(Block 3),REPULSE BAY RD|淺水灣道 37號3座,淺水灣道",12999.167987152485,1220,882,"{'bay_window': '56', 'flat_roof': '', 'roof': '', 'ac_platform': '', 'plant_room': '', 'garden': '', 'yard': ''}",8.3,8.3,9410,9410.430839002269,7672394,130855,ASP,HRB,淺水灣/壽臣山,1994/02,1994,32,A,7.0,3,blank,37 REPULSE BAY RD,淺水灣道 37號,False,POINT Z (22.246416 114.19145 0),22.246416,114.19145
37,1999-03-22,"37 REPULSE BAY RD(Block 3),REPULSE BAY RD|淺水灣道 37號3座,淺水灣道",11360.943031247083,1220,882,"{'bay_window': '56', 'flat_roof': '', 'roof': '', 'ac_platform': '', 'plant_room': '', 'garden': '', 'yard': ''}",8.03,7.119599999999999,9104,8072.108843537414,7736645,183024,ASP,HRB,淺水灣/壽臣山,1994/02,1994,32,A,6.0,3,blank,37 REPULSE BAY RD,淺水灣道 37號,True,POINT Z (22.246416 114.19145 0),22.246416,114.19145
38,1999-05-10,"37 REPULSE BAY RD(Block 3),REPULSE BAY RD|淺水灣道 37號3座,淺水灣道",10683.57304912202,1220,882,"{'bay_window': '44', 'flat_roof': '25', 'roof': '', 'ac_platform': '', 'plant_room': '', 'garden': '', 'yard': ''}",7.83,6.9422,8878,7870.975056689343,7768631,219703,ASP,HRB,淺水灣/壽臣山,1994/02,1994,32,A,1.0,3,blank,37 REPULSE BAY RD,淺水灣道 37號,True,POINT Z (22.246416 114.19145 0),22.246416,114.19145
39,1999-08-25,"37 REPULSE BAY RD(Block 3),REPULSE BAY RD|淺水灣道 37號3座,淺水灣道",13513.532133407369,1740,1289,"{'bay_window': '44', 'flat_roof': '', 'roof': '', 'ac_platform': '', 'plant_room': '', 'garden': '', 'yard': ''}",13.9,12.8216,10784,9946.935608999223,7874265,294490,ASP,HRB,淺水灣/壽臣山,1994/02,1994,32,B,11.0,3,blank,37 REPULSE BAY RD,淺水灣道 37號,True,POINT Z (22.246416 114.19145 0),22.246416,114.19145
40,1999-08-25,"37 REPULSE BAY RD(Block 3),REPULSE BAY RD|淺水灣道 37號3座,淺水灣道",15711.265175780944,1220,882,"{'bay_window': '56', 'flat_roof': '', 'roof': '', 'ac_platform': '', 'plant_room': '', 'garden': '', 'yard': ''}",10.2,10.2,11565,11564.625850340137,7874849,294920,ASP,HRB,淺水灣/壽臣山,1994/02,1994,32,A,20.0,3,blank,37 REPULSE BAY RD,淺水灣道 37號,False,POINT Z (22.246416 114.19145 0),22.246416,114.19145
41,1995-09-27,"37 REPULSE BAY RD(Block 3),REPULSE BAY RD|淺水灣道 37號3座,淺水灣道",9183.673469387755,1220,882,"{'bay_window': '56', 'flat_roof': '', 'roof': '', 'ac_platform': '', 'plant_room': '', 'garden': '', 'yard': ''}",8.1,8.1,9184,9183.673469387755,7881342,4952412,ASP,HRB,淺水灣/壽臣山,1994/02,1994,32,A,12.0,3,blank,37 REPULSE BAY RD,淺水灣道 37號,False,POINT Z (22.246416 114.19145 0),22.246416,114.19145
42,2000-02-12,"37 REPULSE BAY RD(Block 3),REPULSE BAY RD|淺水灣道 37號3座,淺水灣道",13834.677142748007,1740,1289,"{'bay_window': '44', 'flat_roof': '', 'roof': '', 'ac_platform': '', 'plant_room': '', 'garden': '', 'yard': ''}",14.1,14.1,10939,10938.712179984484,8011631,394044,ASP,HRB,淺水灣/壽臣山,1994/02,1994,32,B,22.0,3,blank,37 REPULSE BAY RD,淺水灣道 37號,False,POINT Z (22.246416 114.19145 0),22.246416,114.19145
43,2000-06-26,"37 REPULSE BAY RD(Block 3),REPULSE BAY RD|淺水灣道 37號3座,淺水灣道",14690.550292495218,1220,882,"{'bay_window': '56', 'flat_roof': '', 'roof': '', 'ac_platform': '', 'plant_room': '', 'garden': '', 'yard': ''}",8.3,8.3,9410,9410.430839002269,8142920,492591,PRO-ASP,HRB,淺水灣/壽臣山,1994/02,1994,32,A,23.0,3,blank,37 REPULSE BAY RD,淺水灣道 37號,False,POINT Z (22.246416 114.19145 0),22.246416,114.19145
44,2001-07-30,"37 REPULSE BAY RD(Block 3),REPULSE BAY RD|淺水灣道 37號3座,淺水灣道",11743.55330298392,1220,882,"{'bay_window': '56', 'flat_roof': '', 'roof': '', 'ac_platform': '', 'plant_room': '', 'garden': '', 'yard': ''}",7.28,6.4546,8254,7318.140589569161,8474380,748044,ASP,HRB,淺水灣/壽臣山,1994/02,1994,32,A,11.0,3,blank,37 REPULSE BAY RD,淺水灣道 37號,True,POINT Z (22.246416 114.19145 0),22.246416,114.19145
45,2002-08-03,"37 REPULSE BAY RD(Block 3),REPULSE BAY RD|淺水灣道 37號3座,淺水灣道",12857.735554297931,1220,882,"{'bay_window': '44', 'flat_roof': '25', 'roof': '', 'ac_platform': '', 'plant_room': '', 'garden': '', 'yard': ''}",7.1,6.295,8050,7137.18820861678,8765380,970362,ASP,HRB,淺水灣/壽臣山,1994/02,1994,32,A,1.0,3,blank,37 REPULSE BAY RD,淺水灣道 37號,True,POINT Z (22.246416 114.19145 0),22.246416,114.19145
46,2002-10-22,"37 REPULSE BAY RD(Block 3),REPULSE BAY RD|淺水灣道 37號3座,淺水灣道",13078.62065136644,1220,882,"{'bay_window': '56', 'flat_roof': '', 'roof': '', 'ac_platform': '', 'plant_room': '', 'garden': '', 'yard': ''}",6.88,6.1,7800,6916.09977324263,8809166,1006489,ASP,HRB,淺水灣/壽臣山,1994/02,1994,32,A,7.0,3,blank,37 REPULSE BAY RD,淺水灣道 37號,True,POINT Z (22.246416 114.19145 0),22.246416,114.19145
47,2003-09-13,"37 REPULSE BAY RD(Block 3),REPULSE BAY RD|淺水灣道 37號3座,淺水灣道",16841.614660150804,1740,1289,"{'bay_window': '44', 'flat_roof': '', 'roof': '', 'ac_platform': '', 'plant_room': '', 'garden': '', 'yard': ''}",12.0,11.069,9310,8587.276958882854,9020445,1174973,PRO-ASP,HRB,淺水灣/壽臣山,1994/02,1994,32,B,20.0,3,blank,37 REPULSE BAY RD,淺水灣道 37號,True,POINT Z (22.246416 114.19145 0),22.246416,114.19145
48,2003-10-10,"37 REPULSE BAY RD(Block 3),REPULSE BAY RD|淺水灣道 37號3座,淺水灣道",12770.277864659382,1220,882,"{'bay_window': '56', 'flat_roof': '', 'roof': '', 'ac_platform': '', 'plant_room': '', 'garden': '', 'yard': ''}",6.8,6.029,7710,6835.600907029479,9030563,1182675,ASP,HRB,淺水灣/壽臣山,1994/02,1994,32,A,11.0,3,blank,37 REPULSE BAY RD,淺水灣道 37號,True,POINT Z (22.246416 114.19145 0),22.246416,114.19145
49,2004-02-16,"37 REPULSE BAY RD(Block 3),REPULSE BAY RD|淺水灣道 37號3座,淺水灣道",17423.2228871382,1740,1289,"{'bay_window': '44', 'flat_roof': '', 'roof': '', 'ac_platform': '', 'plant_room': '', 'garden': '', 'yard': ''}",15.8,14.5742,12258,11306.594259115593,9152432,1279798,ASP,HRB,淺水灣/壽臣山,1994/02,1994,32,B,19.0,3,blank,37 REPULSE BAY RD,淺水灣道 37號,True,POINT Z (22.246416 114.19145 0),22.246416,114.19145
50,2004-02-20,"37 REPULSE BAY RD(Block 3),REPULSE BAY RD|淺水灣道 37號3座,淺水灣道",17533.566060175683,1740,1289,"{'bay_window': '44', 'flat_roof': '', 'roof': '', 'ac_platform': '', 'plant_room': '', 'garden': '', 'yard': ''}",15.9,14.6665,12335,11378.200155159038,9153845,1278888,ASP,HRB,淺水灣/壽臣山,1994/02,1994,32,B,2.0,3,blank,37 REPULSE BAY RD,淺水灣道 37號,True,POINT Z (22.246416 114.19145 0),22.246416,114.19145
51,2004-03-26,"37 REPULSE BAY RD(Block 3),REPULSE BAY RD|淺水灣道 37號3座,淺水灣道",14438.425441479634,1220,882,"{'bay_window': '56', 'flat_roof': '', 'roof': '', 'ac_platform': '', 'plant_room': '', 'garden': '', 'yard': ''}",9.3,8.245600000000001,10544,9348.75283446712,9186781,1311036,ASP,HRB,淺水灣/壽臣山,1994/02,1994,32,A,2.0,3,blank,37 REPULSE BAY RD,淺水灣道 37號,True,POINT Z (22.246416 114.19145 0),22.246416,114.19145
52,2005-01-05,"37 REPULSE BAY RD(Block 3),REPULSE BAY RD|淺水灣道 37號3座,淺水灣道",15848.990503660045,1740,1289,"{'bay_window': '44', 'flat_roof': '', 'roof': '', 'ac_platform': '', 'plant_room': '', 'garden': '', 'yard': ''}",16.68,15.386,12940,11936.384794414274,9441725,1505794,ASP,HRB,淺水灣/壽臣山,1994/02,1994,32,B,3.0,3,blank,37 REPULSE BAY RD,淺水灣道 37號,True,POINT Z (22.246416 114.19145 0),22.246416,114.19145
53,2005-04-19,"37 REPULSE BAY RD(Block 3),REPULSE BAY RD|淺水灣道 37號3座,淺水灣道",16576.19721290392,1740,1289,"{'bay_window': '44', 'flat_roof': '', 'roof': '', 'ac_platform': '', 'plant_room': '', 'garden': '', 'yard': ''}",17.38,16.0317,13483,12437.31574864236,5051802650472,1617034,PRO-ASP,HRB,淺水灣/壽臣山,1994/02,1994,32,B,11.0,3,blank,37 REPULSE BAY RD,淺水灣道 37號,True,POINT Z (22.246416 114.19145 0),22.246416,114.19145
54,2005-05-06,"37 REPULSE BAY RD(Block 3),REPULSE BAY RD|淺水灣道 37號3座,淺水灣道",17805.490032103404,1740,1289,"{'bay_window': '44', 'flat_roof': '', 'roof': '', 'ac_platform': '', 'plant_room': '', 'garden': '', 'yard': ''}",18.8,17.3415,14585,13453.45228859581,5052502380371,1625156,ASP,HRB,淺水灣/壽臣山,1994/02,1994,32,B,20.0,3,blank,37 REPULSE BAY RD,淺水灣道 37號,True,POINT Z (22.246416 114.19145 0),22.246416,114.19145
55,2005-08-27,"37 REPULSE BAY RD(Block 3),REPULSE BAY RD|淺水灣道 37號3座,淺水灣道",18644.978424880563,1740,1289,"{'bay_window': '44', 'flat_roof': '', 'roof': '', 'ac_platform': '', 'plant_room': '', 'garden': '', 'yard': ''}",19.5,17.9872,15128,13954.383242823897,5092100820054,1728067,PRO-ASP,HRB,淺水灣/壽臣山,1994/02,1994,32,B,22.0,3,blank,37 REPULSE BAY RD,淺水灣道 37號,True,POINT Z (22.246416 114.19145 0),22.246416,114.19145
56,2005-12-29,"37 REPULSE BAY RD(Block 3),REPULSE BAY RD|淺水灣道 37號3座,淺水灣道",13821.68941842442,1220,882,"{'bay_window': '56', 'flat_roof': '', 'roof': '', 'ac_platform': '', 'plant_room': '', 'garden': '', 'yard': ''}",10.0,8.8662,11338,10052.380952380952,6011200950016,1800279,ASP,HRB,淺水灣/壽臣山,1994/02,1994,32,A,19.0,3,blank,37 REPULSE BAY RD,淺水灣道 37號,True,POINT Z (22.246416 114.19145 0),22.246416,114.19145
57,2006-07-05,"37 REPULSE BAY RD(Block 3),REPULSE BAY RD|淺水灣道 37號3座,淺水灣道",12989.16222889933,1220,882,"{'bay_window': '56', 'flat_roof': '', 'roof': '', 'ac_platform': '', 'plant_room': '', 'garden': '', 'yard': ''}",10.0,8.8662,11338,10052.380952380952,6071801780234,1919436,PRO-ASP,HRB,淺水灣/壽臣山,1994/02,1994,32,A,8.0,3,blank,37 REPULSE BAY RD,淺水灣道 37號,True,POINT Z (22.246416 114.19145 0),22.246416,114.19145
58,2006-07-12,"37 REPULSE BAY RD(Block 3),REPULSE BAY RD|淺水灣道 37號3座,淺水灣道",12183.840616796517,1220,882,"{'bay_window': '56', 'flat_roof': '', 'roof': '', 'ac_platform': '', 'plant_room': '', 'garden': '', 'yard': ''}",9.38,8.316500000000001,10635,9429.138321995466,6080101230158,1930698,ASP,HRB,淺水灣/壽臣山,1994/02,1994,32,A,7.0,3,blank,37 REPULSE BAY RD,淺水灣道 37號,True,POINT Z (22.246416 114.19145 0),22.246416,114.19145
59,2006-08-08,"37 REPULSE BAY RD(Block 3),REPULSE BAY RD|淺水灣道 37號3座,淺水灣道",12345.580003704266,1220,882,"{'bay_window': '56', 'flat_roof': '', 'roof': '', 'ac_platform': '', 'plant_room': '', 'garden': '', 'yard': ''}",9.38,8.316500000000001,10635,9429.138321995466,6082201910012,1945405,ASP,HRB,淺水灣/壽臣山,1994/02,1994,32,A,16.0,3,blank,37 REPULSE BAY RD,淺水灣道 37號,True,POINT Z (22.246416 114.19145 0),22.246416,114.19145
60,2006-12-20,"37 REPULSE BAY RD(Block 3),REPULSE BAY RD|淺水灣道 37號3座,淺水灣道",11810.014915839629,1220,882,"{'bay_window': '44', 'flat_roof': '25', 'roof': '', 'ac_platform': '', 'plant_room': '', 'garden': '', 'yard': ''}",9.08,8.0505,10295,9127.551020408164,7012700050019,2053797,ASP,HRB,淺水灣/壽臣山,1994/02,1994,32,A,1.0,3,blank,37 REPULSE BAY RD,淺水灣道 37號,True,POINT Z (22.246416 114.19145 0),22.246416,114.19145
61,2007-02-06,"37 REPULSE BAY RD(Block 3),REPULSE BAY RD|淺水灣道 37號3座,淺水灣道",16037.471664677296,1765,1289,"{'bay_window': '56', 'flat_roof': '', 'roof': '', 'ac_platform': '', 'plant_room': '', 'garden': '', 'yard': ''}",17.68,16.3084,13716,12651.978277734675,7022100880029,2069539,ASP,HRB,淺水灣/壽臣山,1994/02,1994,32,B,1.0,3,blank,37 REPULSE BAY RD,淺水灣道 37號,True,POINT Z (22.246416 114.19145 0),22.246416,114.19145
62,2007-02-15,"37 REPULSE BAY RD(Block 3),REPULSE BAY RD|淺水灣道 37號3座,淺水灣道",16781.305735902057,1740,1289,"{'bay_window': '44', 'flat_roof': '', 'roof': '', 'ac_platform': '', 'plant_room': '', 'garden': '', 'yard': ''}",18.5,17.064799999999998,14352,13238.789759503492,7030101800038,2076154,ASP,HRB,淺水灣/壽臣山,1994/02,1994,32,B,14.0,3,blank,37 REPULSE BAY RD,淺水灣道 37號,True,POINT Z (22.246416 114.19145 0),22.246416,114.19145
63,2007-08-16,"37 REPULSE BAY RD(Block 3),REPULSE BAY RD|淺水灣道 37號3座,淺水灣道",12446.162411818112,1220,882,"{'bay_window': '56', 'flat_roof': '', 'roof': '', 'ac_platform': '', 'plant_room': '', 'garden': '', 'yard': ''}",10.5,9.3095,11905,10554.98866213152,7082702670047,2229850,ASP,HRB,淺水灣/壽臣山,1994/02,1994,32,A,2.0,3,blank,37 REPULSE BAY RD,淺水灣道 37號,True,POINT Z (22.246416 114.19145 0),22.246416,114.19145
64,2007-11-26,"37 REPULSE BAY RD(Block 3),REPULSE BAY RD|淺水灣道 37號3座,淺水灣道",13549.40447956122,1220,882,"{'bay_window': '56', 'flat_roof': '', 'roof': '', 'ac_platform': '', 'plant_room': '', 'garden': '', 'yard': ''}",12.8,11.3488,14512,12867.120181405897,7121802580182,2343017,ASP,HRB,淺水灣/壽臣山,1994/02,1994,32,A,11.0,3,blank,37 REPULSE BAY RD,淺水灣道 37號,True,POINT Z (22.246416 114.19145 0),22.246416,114.19145
65,2008-01-17,"37 REPULSE BAY RD(Block 3),REPULSE BAY RD|淺水灣道 37號3座,淺水灣道",14131.276759734545,1220,882,"{'bay_window': '56', 'flat_roof': '', 'roof': '', 'ac_platform': '', 'plant_room': '', 'garden': '', 'yard': ''}",14.5,12.856,16440,14575.963718820862,8012302830034,2387497,ASP,HRB,淺水灣/壽臣山,1994/02,1994,32,A,17.0,3,blank,37 REPULSE BAY RD,淺水灣道 37號,True,POINT Z (22.246416 114.19145 0),22.246416,114.19145
66,2009-08-26,"37 REPULSE BAY RD(Block 3),REPULSE BAY RD|淺水灣道 37號3座,淺水灣道",16764.377674902866,1740,1289,"{'bay_window': '44', 'flat_roof': '', 'roof': '', 'ac_platform': '', 'plant_room': '', 'garden': '', 'yard': ''}",24.5,22.5993,19007,17532.428238944918,9083102440053,2840328,ASP,HRB,淺水灣/壽臣山,1994/02,1994,32,B,11.0,3,blank,37 REPULSE BAY RD,淺水灣道 37號,True,POINT Z (22.246416 114.19145 0),22.246416,114.19145
67,2009-10-12,"37 REPULSE BAY RD(Block 3),REPULSE BAY RD|淺水灣道 37號3座,淺水灣道",17511.72446262486,1740,1289,"{'bay_window': '44', 'flat_roof': '', 'roof': '', 'ac_platform': '', 'plant_room': '', 'garden': '', 'yard': ''}",26.75,24.6747,20753,19142.513576415826,9102302300324,2893766,PRO-ASP,HRB,淺水灣/壽臣山,1994/02,1994,32,B,11.0,3,blank,37 REPULSE BAY RD,淺水灣道 37號,True,POINT Z (22.246416 114.19145 0),22.246416,114.19145
68,2011-01-29,"37 REPULSE BAY RD(Block 3),REPULSE BAY RD|淺水灣道 37號3座,淺水灣道",13142.044164628249,1220,882,"{'bay_window': '56', 'flat_roof': '', 'roof': '', 'ac_platform': '', 'plant_room': '', 'garden': '', 'yard': ''}",17.68,15.6755,20045,17772.67573696145,11021102580064,3385778,ASP,HRB,淺水灣/壽臣山,1994/02,1994,32,A,5.0,3,blank,37 REPULSE BAY RD,淺水灣道 37號,True,POINT Z (22.246416 114.19145 0),22.246416,114.19145
69,2011-01-19,"37 REPULSE BAY RD(Block 3),REPULSE BAY RD|淺水灣道 37號3座,淺水灣道",13142.044164628249,1220,882,"{'bay_window': '56', 'flat_roof': '', 'roof': '', 'ac_platform': '', 'plant_room': '', 'garden': '', 'yard': ''}",17.68,15.6755,20045,17772.67573696145,11021702190046,3391452,PRO-ASP,HRB,淺水灣/壽臣山,1994/02,1994,32,A,14.0,3,blank,37 REPULSE BAY RD,淺水灣道 37號,True,POINT Z (22.246416 114.19145 0),22.246416,114.19145
70,2011-01-27,"37 REPULSE BAY RD(Block 3),REPULSE BAY RD|淺水灣道 37號3座,淺水灣道",13231.247922027787,1220,882,"{'bay_window': '56', 'flat_roof': '', 'roof': '', 'ac_platform': '', 'plant_room': '', 'garden': '', 'yard': ''}",17.8,15.7819,20181,17893.310657596372,11022202140028,3396017,PRO-ASP,HRB,淺水灣/壽臣山,1994/02,1994,32,A,8.0,3,blank,37 REPULSE BAY RD,淺水灣道 37號,True,POINT Z (22.246416 114.19145 0),22.246416,114.19145
71,2011-03-02,"37 REPULSE BAY RD(Block 3),REPULSE BAY RD|淺水灣道 37號3座,淺水灣道",12577.30627869821,1220,882,"{'bay_window': '56', 'flat_roof': '', 'roof': '', 'ac_platform': '', 'plant_room': '', 'garden': '', 'yard': ''}",18.18,16.1188,20612,18275.28344671202,11030900850127,3410459,ASP,HRB,淺水灣/壽臣山,1994/02,1994,32,A,4.0,3,blank,37 REPULSE BAY RD,淺水灣道 37號,True,POINT Z (22.246416 114.19145 0),22.246416,114.19145
72,2011-06-28,"37 REPULSE BAY RD(Block 3),REPULSE BAY RD|淺水灣道 37號3座,淺水灣道",13031.484447518744,1220,882,"{'bay_window': '44', 'flat_roof': '25', 'roof': '', 'ac_platform': '', 'plant_room': '', 'garden': '', 'yard': ''}",19.5,17.2891,22109,19602.15419501134,11070700320059,3524489,ASP,HRB,淺水灣/壽臣山,1994/02,1994,32,A,1.0,3,blank,37 REPULSE BAY RD,淺水灣道 37號,True,POINT Z (22.246416 114.19145 0),22.246416,114.19145
73,2012-08-13,"37 REPULSE BAY RD(Block 3),REPULSE BAY RD|淺水灣道 37號3座,淺水灣道",16738.79491249238,1740,1289,"{'bay_window': '44', 'flat_roof': '', 'roof': '', 'ac_platform': '', 'plant_room': '', 'garden': '', 'yard': ''}",35.1,35.1,27230,27230.411171450734,12082201830028,3784715,ASP,HRB,淺水灣/壽臣山,1994/02,1994,32,B,16.0,3,blank,37 REPULSE BAY RD,淺水灣道 37號,False,POINT Z (22.246416 114.19145 0),22.246416,114.19145
74,2012-09-21,"37 REPULSE BAY RD(Block 3),REPULSE BAY RD|淺水灣道 37號3座,淺水灣道",13513.894697447418,1220,882,"{'bay_window': '56', 'flat_roof': '', 'roof': '', 'ac_platform': '', 'plant_room': '', 'garden': '', 'yard': ''}",20.0,20.0,22676,22675.736961451246,12100402430024,3815789,ASP,HRB,淺水灣/壽臣山,1994/02,1994,32,A,3.0,3,blank,37 REPULSE BAY RD,淺水灣道 37號,False,POINT Z (22.246416 114.19145 0),22.246416,114.19145
75,2018-01-17,"37 REPULSE BAY RD(Block 3),REPULSE BAY RD|淺水灣道 37號3座,淺水灣道",11071.25070014521,1220,882,"{'bay_window': '56', 'flat_roof': '', 'roof': '', 'ac_platform': '', 'plant_room': '', 'garden': '', 'yard': ''}",23.38,23.38,26508,26507.93650793651,18021502240011,5304481,ASP,HRB,淺水灣/壽臣山,1994/02,1994,32,A,19.0,3,blank,37 REPULSE BAY RD,淺水灣道 37號,False,POINT Z (22.246416 114.19145 0),22.246416,114.19145
76,2019-01-18,"37 REPULSE BAY RD(Block 3),REPULSE BAY RD|淺水灣道 37號3座,淺水灣道",14438.394432038158,1740,1289,"{'bay_window': '44', 'flat_roof': '', 'roof': '', 'ac_platform': '', 'plant_room': '', 'garden': '', 'yard': ''}",45.3,45.3,35144,35143.522110162914,19012500090015,5489776,ASP,HRB,淺水灣/壽臣山,1994/02,1994,32,B,16.0,3,blank,37 REPULSE BAY RD,淺水灣道 37號,False,POINT Z (22.246416 114.19145 0),22.246416,114.19145
77,2019-01-11,"37 REPULSE BAY RD(Block 3),REPULSE BAY RD|淺水灣道 37號3座,淺水灣道",13275.469584292416,1220,882,"{'bay_window': '56', 'flat_roof': '', 'roof': '', 'ac_platform': '', 'plant_room': '', 'garden': '', 'yard': ''}",28.5,28.5,32313,32312.92517006803,19012900080018,5491801,ASP,HRB,淺水灣/壽臣山,1994/02,1994,32,A,16.0,3,blank,37 REPULSE BAY RD,淺水灣道 37號,False,POINT Z (22.246416 114.19145 0),22.246416,114.19145
78,2021-01-20,"37 REPULSE BAY RD(Block 3),REPULSE BAY RD|淺水灣道 37號3座,淺水灣道",10708.181416391955,1220,882,"{'bay_window': '56', 'flat_roof': '', 'roof': '', 'ac_platform': '', 'plant_room': '', 'garden': '', 'yard': ''}",23.6,23.6,26757,26757.36961451247,21012501130026,5847200,PRO-ASP,HRB,淺水灣/壽臣山,1994/02,1994,32,A,21.0,3,blank,37 REPULSE BAY RD,淺水灣道 37號,False,POINT Z (22.246416 114.19145 0),22.246416,114.19145
79,2021-02-08,"37 REPULSE BAY RD(Block 3),REPULSE BAY RD|淺水灣道 37號3座,淺水灣道",10629.469764499225,1220,882,"{'bay_window': '56', 'flat_roof': '', 'roof': '', 'ac_platform': '', 'plant_room': '', 'garden': '', 'yard': ''}",23.38,23.38,26508,26507.93650793651,21022401240041,5864990,ASP,HRB,淺水灣/壽臣山,1994/02,1994,32,A,17.0,3,blank,37 REPULSE BAY RD,淺水灣道 37號,False,POINT Z (22.246416 114.19145 0),22.246416,114.19145
80,2021-03-03,"37 REPULSE BAY RD(Block 3),REPULSE BAY RD|淺水灣道 37號3座,淺水灣道",10536.401940355012,1220,882,"{'bay_window': '56', 'flat_roof': '', 'roof': '', 'ac_platform': '', 'plant_room': '', 'garden': '', 'yard': ''}",23.6,23.6,26757,26757.36961451247,21033100930010,5885377,PRE-ASP,HRB,淺水灣/壽臣山,1994/02,1994,32,A,9.0,3,blank,37 REPULSE BAY RD,淺水灣道 37號,False,POINT Z (22.246416 114.19145 0),22.246416,114.19145
81,2023-04-20,"37 REPULSE BAY RD(Block 3),REPULSE BAY RD|淺水灣道 37號3座,淺水灣道",20055.619766615768,1740,1289,"{'bay_window': '44', 'flat_roof': '', 'roof': '', 'ac_platform': '', 'plant_room': '', 'garden': '', 'yard': ''}",59.8,59.8,46393,46392.55236617533,23051701100042,6285200,MEM-ASP,HRB,淺水灣/壽臣山,1994/02,1994,32,B,19.0,3,blank,37 REPULSE BAY RD,淺水灣道 37號,False,POINT Z (22.246416 114.19145 0),22.246416,114.19145
82,2024-07-04,"37 REPULSE BAY RD(Block 3),REPULSE BAY RD|淺水灣道 37號3座,淺水灣道",11851.343847660935,1220,882,"{'bay_window': '56', 'flat_roof': '', 'roof': '', 'ac_platform': '', 'plant_room': '', 'garden': '', 'yard': ''}",19.38,19.38,21973,21972.789115646257,24072401630020,6456395,PRO-ASP,HRB,淺水灣/壽臣山,1994/02,1994,32,A,19.0,3,blank,37 REPULSE BAY RD,淺水灣道 37號,False,POINT Z (22.246416 114.19145 0),22.246416,114.19145
83,1995-11-01,"GRAND GARDEN(Block 1),SOUTH BAY RD|華景園1座,南灣道",9310.95890410959,3054,2482,"{'bay_window': '', 'flat_roof': '', 'roof': '', 'ac_platform': '', 'plant_room': '', 'garden': '', 'yard': ''}",24.08,23.1098,9702,9310.95890410959,6466559,4778915,ASP,HRB,淺水灣/壽臣山,1986/12,1986,40,A,25.0,1,blank,GRAND GARDEN,華景園,True,POINT Z (22.227781 114.2010439 0),22.227781,114.2010439
84,1996-01-23,"GRAND GARDEN(Block 1),SOUTH BAY RD|華景園1座,南灣道",7047.577919639504,3061,2663,"{'bay_window': '', 'flat_roof': '', 'roof': '', 'ac_platform': '', 'plant_room': '', 'garden': '', 'yard': ''}",19.5,18.7677,7323,7047.577919639504,6534024,4798946,ASP,HRB,淺水灣/壽臣山,1986/12,1986,40,B,19.0,1,blank,GRAND GARDEN,華景園,True,POINT Z (22.227781 114.2010439 0),22.227781,114.2010439
85,1996-06-01,"GRAND GARDEN(Block 1),SOUTH BAY RD|華景園1座,南灣道",7806.57153586181,3061,2663,"{'bay_window': '', 'flat_roof': '', 'roof': '', 'ac_platform': '', 'plant_room': '', 'garden': '', 'yard': ''}",21.6,20.7889,8111,7806.57153586181,6647602,4849717,ASP,HRB,淺水灣/壽臣山,1986/12,1986,40,B,9.0,1,blank,GRAND GARDEN,華景園,True,POINT Z (22.227781 114.2010439 0),22.227781,114.2010439
86,1996-11-29,"GRAND GARDEN(Block 1),SOUTH BAY RD|華景園1座,南灣道",10835.223432219302,3061,2663,"{'bay_window': '', 'flat_roof': '', 'roof': '', 'ac_platform': '', 'plant_room': '', 'garden': '', 'yard': ''}",29.98,28.8542,11258,10835.223432219302,6864215,4927390,ASP,HRB,淺水灣/壽臣山,1986/12,1986,40,B,28.0,1,blank,GRAND GARDEN,華景園,True,POINT Z (22.227781 114.2010439 0),22.227781,114.2010439
87,1996-12-14,"GRAND GARDEN(Block 1),SOUTH BAY RD|華景園1座,南灣道",12760.032232070913,3054,2482,"{'bay_window': '', 'flat_roof': '', 'roof': '', 'ac_platform': '', 'plant_room': '', 'garden': '', 'yard': ''}",33.0,31.6704,13296,12760.032232070913,6885549,4937759,PRO-ASP,HRB,淺水灣/壽臣山,1986/12,1986,40,A,25.0,1,blank,GRAND GARDEN,華景園,True,POINT Z (22.227781 114.2010439 0),22.227781,114.2010439
88,1996-12-13,"GRAND GARDEN(Block 1),SOUTH BAY RD|華景園1座,南灣道",10119.639504318438,3061,2663,"{'bay_window': '', 'flat_roof': '', 'roof': '', 'ac_platform': '', 'plant_room': '', 'garden': '', 'yard': ''}",28.0,26.9486,10514,10119.639504318438,6888302,4941637,ASP,HRB,淺水灣/壽臣山,1986/12,1986,40,B,6.0,1,blank,GRAND GARDEN,華景園,True,POINT Z (22.227781 114.2010439 0),22.227781,114.2010439
89,1996-12-27,"GRAND GARDEN(Block 1),SOUTH BAY RD|華景園1座,南灣道",8673.976717987232,3061,2663,"{'bay_window': '', 'flat_roof': '', 'roof': '', 'ac_platform': '', 'plant_room': '', 'garden': '', 'yard': ''}",24.0,23.0988,9012,8673.976717987232,6903985,4940221,ASP,HRB,淺水灣/壽臣山,1986/12,1986,40,B,1.0,1,blank,GRAND GARDEN,華景園,True,POINT Z (22.227781 114.2010439 0),22.227781,114.2010439
90,1997-01-07,"GRAND GARDEN(Block 1),SOUTH BAY RD|華景園1座,南灣道",11854.412316935786,3061,2663,"{'bay_window': '', 'flat_roof': '', 'roof': '', 'ac_platform': '', 'plant_room': '', 'garden': '', 'yard': ''}",32.8,31.5683,12317,11854.412316935786,6938620,4972839,SUB-ASP,HRB,淺水灣/壽臣山,1986/12,1986,40,B,17.0,1,blank,GRAND GARDEN,華景園,True,POINT Z (22.227781 114.2010439 0),22.227781,114.2010439
91,1997-03-21,"GRAND GARDEN(Block 1),SOUTH BAY RD|華景園1座,南灣道",12561.677901092107,3061,2663,"{'bay_window': '', 'flat_roof': '', 'roof': '', 'ac_platform': '', 'plant_room': '', 'garden': '', 'yard': ''}",39.0,37.5355,14645,14095.193390912504,7014173,5007773,ASP,HRB,淺水灣/壽臣山,1986/12,1986,40,B,17.0,1,blank,GRAND GARDEN,華景園,True,POINT Z (22.227781 114.2010439 0),22.227781,114.2010439
92,1997-06-17,"GRAND GARDEN(Block 1),SOUTH BAY RD|華景園1座,南灣道",11848.935846005355,3061,2663,"{'bay_window': '', 'flat_roof': '', 'roof': '', 'ac_platform': '', 'plant_room': '', 'garden': '', 'yard': ''}",40.5,38.9792,15208,14637.32632369508,7156042,5066951,ASP,HRB,淺水灣/壽臣山,1986/12,1986,40,B,9.0,1,blank,GRAND GARDEN,華景園,True,POINT Z (22.227781 114.2010439 0),22.227781,114.2010439
93,1997-06-18,"GRAND GARDEN(Block 1),SOUTH BAY RD|華景園1座,南灣道",12521.828167774853,3061,2663,"{'bay_window': '', 'flat_roof': '', 'roof': '', 'ac_platform': '', 'plant_room': '', 'garden': '', 'yard': ''}",42.8,41.1928,16072,15468.5692827638,7156043,5066952,ASP,HRB,淺水灣/壽臣山,1986/12,1986,40,B,24.0,1,blank,GRAND GARDEN,華景園,True,POINT Z (22.227781 114.2010439 0),22.227781,114.2010439
94,1997-06-19,"GRAND GARDEN(Block 1),SOUTH BAY RD|華景園1座,南灣道",12668.10382066403,3061,2663,"{'bay_window': '', 'flat_roof': '', 'roof': '', 'ac_platform': '', 'plant_room': '', 'garden': '', 'yard': ''}",43.3,41.674,16260,15649.267743146827,7156044,5066953,ASP,HRB,淺水灣/壽臣山,1986/12,1986,40,B,18.0,1,blank,GRAND GARDEN,華景園,True,POINT Z (22.227781 114.2010439 0),22.227781,114.2010439
95,1997-06-13,"GRAND GARDEN(Block 1),SOUTH BAY RD|華景園1座,南灣道",12639.277959745332,3054,2482,"{'bay_window': '', 'flat_roof': '', 'roof': '', 'ac_platform': '', 'plant_room': '', 'garden': '', 'yard': ''}",40.38,38.7531,16269,15613.658340048349,7162561,5069637,ASP,HRB,淺水灣/壽臣山,1986/12,1986,40,A,25.0,1,blank,GRAND GARDEN,華景園,True,POINT Z (22.227781 114.2010439 0),22.227781,114.2010439
96,1997-06-18,"GRAND GARDEN(Block 1),SOUTH BAY RD|華景園1座,南灣道",13146.341535150035,3054,2482,"{'bay_window': '', 'flat_roof': '', 'roof': '', 'ac_platform': '', 'plant_room': '', 'garden': '', 'yard': ''}",42.0,40.3078,16922,16240.048348106366,7174515,5074452,ASP,HRB,淺水灣/壽臣山,1986/12,1986,40,A,18.0,1,blank,GRAND GARDEN,華景園,True,POINT Z (22.227781 114.2010439 0),22.227781,114.2010439
97,1999-01-26,"GRAND GARDEN(Block 1),SOUTH BAY RD|華景園1座,南灣道",10823.60673329546,3061,2663,"{'bay_window': '', 'flat_roof': '', 'roof': '', 'ac_platform': '', 'plant_room': '', 'garden': '', 'yard': ''}",21.68,20.8659,8141,7835.486293653774,7685724,139234,PRO-ASP,HRB,淺水灣/壽臣山,1986/12,1986,40,B,19.0,1,blank,GRAND GARDEN,華景園,True,POINT Z (22.227781 114.2010439 0),22.227781,114.2010439
98,1999-05-14,"GRAND GARDEN(Block 1),SOUTH BAY RD|華景園1座,南灣道",9222.55825764801,3061,2663,"{'bay_window': '', 'flat_roof': '', 'roof': '', 'ac_platform': '', 'plant_room': '', 'garden': '', 'yard': ''}",18.8,18.094,7060,6794.592564776568,7775878,224373,ASP,HRB,淺水灣/壽臣山,1986/12,1986,40,B,6.0,1,blank,GRAND GARDEN,華景園,True,POINT Z (22.227781 114.2010439 0),22.227781,114.2010439
99,1999-05-31,"GRAND GARDEN(Block 1),SOUTH BAY RD|華景園1座,南灣道",11037.660071028706,3061,2663,"{'bay_window': '', 'flat_roof': '', 'roof': '', 'ac_platform': '', 'plant_room': '', 'garden': '', 'yard': ''}",22.5,21.6551,8449,8131.843785204656,7786294,231216,ASP,HRB,淺水灣/壽臣山,1986/12,1986,40,B,25.0,1,blank,GRAND GARDEN,華景園,True,POINT Z (22.227781 114.2010439 0),22.227781,114.2010439
100,1999-06-22,"GRAND GARDEN(Block 1),SOUTH BAY RD|華景園1座,南灣道",13501.416057256867,3054,2482,"{'bay_window': '', 'flat_roof': '', 'roof': '', 'ac_platform': '', 'plant_room': '', 'garden': '', 'yard': ''}",26.0,24.9525,10475,10053.384367445607,7808815,250184,ASP,HRB,淺水灣/壽臣山,1986/12,1986,40,A,18.0,1,blank,GRAND GARDEN,華景園,True,POINT Z (22.227781 114.2010439 0),22.227781,114.2010439
101,2000-06-22,"GRAND GARDEN(Block 1),SOUTH BAY RD|華景園1座,南灣道",11770.647856317764,3054,2482,"{'bay_window': '', 'flat_roof': '', 'roof': '', 'ac_platform': '', 'plant_room': '', 'garden': '', 'yard': ''}",19.5,18.7143,7857,7540.008058017727,8137934,488793,ASP,HRB,淺水灣/壽臣山,1986/12,1986,40,A,18.0,1,blank,GRAND GARDEN,華景園,True,POINT Z (22.227781 114.2010439 0),22.227781,114.2010439
102,2000-08-08,"GRAND GARDEN(Block 1),SOUTH BAY RD|華景園1座,南灣道",11844.885282083414,3061,2663,"{'bay_window': '', 'flat_roof': '', 'roof': '', 'ac_platform': '', 'plant_room': '', 'garden': '', 'yard': ''}",21.5,20.6926,8074,7770.409312805107,8165970,512988,ASP,HRB,淺水灣/壽臣山,1986/12,1986,40,B,28.0,1,blank,GRAND GARDEN,華景園,True,POINT Z (22.227781 114.2010439 0),22.227781,114.2010439
103,2000-08-24,"GRAND GARDEN(Block 1),SOUTH BAY RD|華景園1座,南灣道",13026.197651525255,3054,2482,"{'bay_window': '', 'flat_roof': '', 'roof': '', 'ac_platform': '', 'plant_room': '', 'garden': '', 'yard': ''}",22.1,21.2096,8904,8545.366639806607,8204960,541137,PRO-ASP,HRB,淺水灣/壽臣山,1986/12,1986,40,A,25.0,1,blank,GRAND GARDEN,華景園,True,POINT Z (22.227781 114.2010439 0),22.227781,114.2010439
104,2000-09-11,"GRAND GARDEN(Block 1),SOUTH BAY RD|華景園1座,南灣道",9641.036348216683,3061,2663,"{'bay_window': '', 'flat_roof': '', 'roof': '', 'ac_platform': '', 'plant_room': '', 'garden': '', 'yard': ''}",18.0,17.3241,6759,6505.482538490424,8205154,541167,ASP,HRB,淺水灣/壽臣山,1986/12,1986,40,B,14.0,1,blank,GRAND GARDEN,華景園,True,POINT Z (22.227781 114.2010439 0),22.227781,114.2010439
105,2002-05-11,"GRAND GARDEN(Block 1),SOUTH BAY RD|華景園1座,南灣道",13724.0069255202,3054,2482,"{'bay_window': '', 'flat_roof': '', 'roof': '', 'ac_platform': '', 'plant_room': '', 'garden': '', 'yard': ''}",20.0,19.1942,8058,7733.360193392426,8697444,919292,ASP,HRB,淺水灣/壽臣山,1986/12,1986,40,A,21.0,1,blank,GRAND GARDEN,華景園,True,POINT Z (22.227781 114.2010439 0),22.227781,114.2010439
106,2003-08-04,"GRAND GARDEN(Block 1),SOUTH BAY RD|華景園1座,南灣道",14964.415390976335,3061,2663,"{'bay_window': '', 'flat_roof': '', 'roof': '', 'ac_platform': '', 'plant_room': '', 'garden': '', 'yard': ''}",20.0,19.249,7510,7228.313931656027,8986248,1142797,ASP,HRB,淺水灣/壽臣山,1986/12,1986,40,B,17.0,1,blank,GRAND GARDEN,華景園,True,POINT Z (22.227781 114.2010439 0),22.227781,114.2010439
107,2003-09-13,"GRAND GARDEN(Block 1),SOUTH BAY RD|華景園1座,南灣道",12950.075341799577,3061,2663,"{'bay_window': '', 'flat_roof': '', 'roof': '', 'ac_platform': '', 'plant_room': '', 'garden': '', 'yard': ''}",18.27,17.5839,6861,6603.041682313181,9021734,1175914,PRO-ASP,HRB,淺水灣/壽臣山,1986/12,1986,40,B,14.0,1,blank,GRAND GARDEN,華景園,True,POINT Z (22.227781 114.2010439 0),22.227781,114.2010439
108,2003-11-07,"GRAND GARDEN(Block 1),SOUTH BAY RD|華景園1座,南灣道",13245.147232697303,3061,2663,"{'bay_window': '', 'flat_roof': '', 'roof': '', 'ac_platform': '', 'plant_room': '', 'garden': '', 'yard': ''}",20.0,19.249,7510,7228.313931656027,9057841,1204677,ASP,HRB,淺水灣/壽臣山,1986/12,1986,40,B,6.0,1,blank,GRAND GARDEN,華景園,True,POINT Z (22.227781 114.2010439 0),22.227781,114.2010439
109,2004-02-03,"GRAND GARDEN(Block 1),SOUTH BAY RD|華景園1座,南灣道",15872.603195887825,3061,2663,"{'bay_window': '85', 'flat_roof': '', 'roof': '', 'ac_platform': '', 'plant_room': '', 'garden': '', 'yard': ''}",28.5,27.4298,10702,10300.337964701464,9136070,1264716,ASP,HRB,淺水灣/壽臣山,1986/12,1986,40,B,27.0,1,blank,GRAND GARDEN,華景園,True,POINT Z (22.227781 114.2010439 0),22.227781,114.2010439
110,2004-06-19,"GRAND GARDEN(Block 1),SOUTH BAY RD|華景園1座,南灣道",15186.156613561852,3061,2663,"{'bay_window': '', 'flat_roof': '', 'roof': '', 'ac_platform': '', 'plant_room': '', 'garden': '', 'yard': ''}",29.38,28.2767,11033,10618.362748779571,9261947,1369541,ASP,HRB,淺水灣/壽臣山,1986/12,1986,40,B,16.0,1,blank,GRAND GARDEN,華景園,True,POINT Z (22.227781 114.2010439 0),22.227781,114.2010439
111,2005-02-16,"GRAND GARDEN(Block 1),SOUTH BAY RD|華景園1座,南灣道",14572.24732800067,3061,2663,"{'bay_window': '', 'flat_roof': '', 'roof': '', 'ac_platform': '', 'plant_room': '', 'garden': '', 'yard': ''}",31.0,29.8359,11641,11203.867818250092,5031200480019,1553260,ASP,HRB,淺水灣/壽臣山,1986/12,1986,40,B,17.0,1,blank,GRAND GARDEN,華景園,True,POINT Z (22.227781 114.2010439 0),22.227781,114.2010439
112,2005-12-15,"GRAND GARDEN(Block 1),SOUTH BAY RD|華景園1座,南灣道",13424.38419583156,3061,2663,"{'bay_window': '85', 'flat_roof': '', 'roof': '', 'ac_platform': '', 'plant_room': '', 'garden': '', 'yard': ''}",26.0,26.0,9763,9763.42470897484,5123101560018,1792581,ASP,HRB,淺水灣/壽臣山,1986/12,1986,40,B,8.0,1,blank,GRAND GARDEN,華景園,False,POINT Z (22.227781 114.2010439 0),22.227781,114.2010439
113,2006-09-22,"GRAND GARDEN(Block 1),SOUTH BAY RD|華景園1座,南灣道",13334.910505851072,3061,2663,"{'bay_window': '85', 'flat_roof': '', 'roof': '', 'ac_platform': '', 'plant_room': '', 'garden': '', 'yard': ''}",28.0,26.9486,10514,10119.639504318438,6101302200039,1982237,ASP,HRB,淺水灣/壽臣山,1986/12,1986,40,B,11.0,1,blank,GRAND GARDEN,華景園,True,POINT Z (22.227781 114.2010439 0),22.227781,114.2010439
114,2007-08-24,"GRAND GARDEN(Block 1),SOUTH BAY RD|華景園1座,南灣道",16186.174755174065,3054,2482,"{'bay_window': '', 'flat_roof': '', 'roof': '', 'ac_platform': '', 'plant_room': '', 'garden': '', 'yard': ''}",35.5,34.0697,14303,13726.712328767124,7091201740012,2244132,ASP,HRB,淺水灣/壽臣山,1986/12,1986,40,A,8.0,1,blank,GRAND GARDEN,華景園,True,POINT Z (22.227781 114.2010439 0),22.227781,114.2010439
115,2007-09-28,"GRAND GARDEN(Block 1),SOUTH BAY RD|華景園1座,南灣道",15973.970343911027,3054,2482,"{'bay_window': '', 'flat_roof': '', 'roof': '', 'ac_platform': '', 'plant_room': '', 'garden': '', 'yard': ''}",35.9,34.4536,14464,13881.385979049152,7101702450101,2273902,ASP,HRB,淺水灣/壽臣山,1986/12,1986,40,A,5.0,1,blank,GRAND GARDEN,華景園,True,POINT Z (22.227781 114.2010439 0),22.227781,114.2010439
116,2007-11-08,"GRAND GARDEN(Block 1),SOUTH BAY RD|華景園1座,南灣道",17240.236373787724,3061,2663,"{'bay_window': '85', 'flat_roof': '', 'roof': '', 'ac_platform': '', 'plant_room': '', 'garden': '', 'yard': ''}",45.3,43.5989,17011,16372.09913631243,7111902370046,2307281,ASP,HRB,淺水灣/壽臣山,1986/12,1986,40,B,27.0,1,blank,GRAND GARDEN,華景園,True,POINT Z (22.227781 114.2010439 0),22.227781,114.2010439
117,2008-01-19,"GRAND GARDEN(Block 1),SOUTH BAY RD|華景園1座,南灣道",15417.103387898724,3061,2663,"{'bay_window': '', 'flat_roof': '', 'roof': '', 'ac_platform': '', 'plant_room': '', 'garden': '', 'yard': ''}",44.0,42.3477,16523,15902.253098009764,8020501560046,2404891,PRO-ASP,HRB,淺水灣/壽臣山,1986/12,1986,40,B,17.0,1,blank,GRAND GARDEN,華景園,True,POINT Z (22.227781 114.2010439 0),22.227781,114.2010439
118,2009-02-20,"GRAND GARDEN(Block 1),SOUTH BAY RD|華景園1座,南灣道",9309.79399428377,3061,2663,"{'bay_window': '', 'flat_roof': '', 'roof': '', 'ac_platform': '', 'plant_room': '', 'garden': '', 'yard': ''}",22.429,21.5868,8422,8106.196019526849,9030301650025,2684786,ASP,HRB,淺水灣/壽臣山,1986/12,1986,40,B,9.0,1,blank,GRAND GARDEN,華景園,True,POINT Z (22.227781 114.2010439 0),22.227781,114.2010439
119,2009-02-26,"GRAND GARDEN(Block 1),SOUTH BAY RD|華景園1座,南灣道",9778.41473261408,3061,2663,"{'bay_window': '', 'flat_roof': '', 'roof': '', 'ac_platform': '', 'plant_room': '', 'garden': '', 'yard': ''}",23.558,22.6734,8846,8514.232069095005,9031101810036,2689037,ASP,HRB,淺水灣/壽臣山,1986/12,1986,40,B,18.0,1,blank,GRAND GARDEN,華景園,True,POINT Z (22.227781 114.2010439 0),22.227781,114.2010439
120,2009-03-11,"GRAND GARDEN(Block 1),SOUTH BAY RD|華景園1座,南灣道",9633.9400941023,3061,2663,"{'bay_window': '', 'flat_roof': '', 'roof': '', 'ac_platform': '', 'plant_room': '', 'garden': '', 'yard': ''}",23.54,22.656,8840,8507.698084866692,9040701890145,2704714,ASP,HRB,淺水灣/壽臣山,1986/12,1986,40,B,24.0,1,blank,GRAND GARDEN,華景園,True,POINT Z (22.227781 114.2010439 0),22.227781,114.2010439
121,2009-04-17,"GRAND GARDEN(Block 1),SOUTH BAY RD|華景園1座,南灣道",13865.10451948414,3054,2482,"{'bay_window': '', 'flat_roof': '', 'roof': '', 'ac_platform': '', 'plant_room': '', 'garden': '', 'yard': ''}",33.0,31.6704,13296,12760.032232070913,9050502450011,2722997,PRO-ASP,HRB,淺水灣/壽臣山,1986/12,1986,40,A,5.0,1,blank,GRAND GARDEN,華景園,True,POINT Z (22.227781 114.2010439 0),22.227781,114.2010439
122,2009-06-12,"GRAND GARDEN(Block 1),SOUTH BAY RD|華景園1座,南灣道",17603.427216058077,3054,2482,"{'bay_window': '', 'flat_roof': '', 'roof': '', 'ac_platform': '', 'plant_room': '', 'garden': '', 'yard': ''}",46.416,44.5459,18701,17947.58259468171,9062900070042,2775289,ASP,HRB,淺水灣/壽臣山,1986/12,1986,40,A,20.0,1,blank,GRAND GARDEN,華景園,True,POINT Z (22.227781 114.2010439 0),22.227781,114.2010439
123,2009-07-07,"GRAND GARDEN(Block 1),SOUTH BAY RD|華景園1座,南灣道",13878.380170086895,3061,2663,"{'bay_window': '', 'flat_roof': '', 'roof': '', 'ac_platform': '', 'plant_room': '', 'garden': '', 'yard': ''}",39.8,38.3054,14946,14384.303417198647,9082401070259,2832588,PRE-ASP,HRB,淺水灣/壽臣山,1986/12,1986,40,B,6.0,1,blank,GRAND GARDEN,華景園,True,POINT Z (22.227781 114.2010439 0),22.227781,114.2010439
124,2009-10-27,"GRAND GARDEN(Block 1),SOUTH BAY RD|華景園1座,南灣道",14812.022787339847,3061,2663,"{'bay_window': '85', 'flat_roof': '', 'roof': '', 'ac_platform': '', 'plant_room': '', 'garden': '', 'yard': ''}",44.8,43.1177,16823,16191.400675929402,9110301260028,2903327,ASP,HRB,淺水灣/壽臣山,1986/12,1986,40,B,12.0,1,blank,GRAND GARDEN,華景園,True,POINT Z (22.227781 114.2010439 0),22.227781,114.2010439
125,2009-11-06,"GRAND GARDEN(Block 1),SOUTH BAY RD|華景園1座,南灣道",15310.521085688351,3061,2663,"{'bay_window': '85', 'flat_roof': '', 'roof': '', 'ac_platform': '', 'plant_room': '', 'garden': '', 'yard': ''}",46.8,45.0426,17574,16914.232069095007,9111201180017,2914007,ASP,HRB,淺水灣/壽臣山,1986/12,1986,40,B,11.0,1,blank,GRAND GARDEN,華景園,True,POINT Z (22.227781 114.2010439 0),22.227781,114.2010439
126,2010-04-26,"GRAND GARDEN(Block 1),SOUTH BAY RD|華景園1座,南灣道",19189.214058664897,3054,2482,"{'bay_window': '', 'flat_roof': '', 'roof': '', 'ac_platform': '', 'plant_room': '', 'garden': '', 'yard': ''}",58.5,56.143,23570,22620.064464141826,10051202180032,3091708,ASP,HRB,淺水灣/壽臣山,1986/12,1986,40,A,22.0,1,blank,GRAND GARDEN,華景園,True,POINT Z (22.227781 114.2010439 0),22.227781,114.2010439
127,2010-05-25,"GRAND GARDEN(Block 1),SOUTH BAY RD|華景園1座,南灣道",16090.133252986318,3061,2663,"{'bay_window': '', 'flat_roof': '', 'roof': '', 'ac_platform': '', 'plant_room': '', 'garden': '', 'yard': ''}",53.0,51.0098,19902,19155.013143071723,10060702380107,3116593,ASP,HRB,淺水灣/壽臣山,1986/12,1986,40,B,16.0,1,blank,GRAND GARDEN,華景園,True,POINT Z (22.227781 114.2010439 0),22.227781,114.2010439
128,2010-08-16,"GRAND GARDEN(Block 1),SOUTH BAY RD|華景園1座,南灣道",17195.24277712483,3054,2482,"{'bay_window': '', 'flat_roof': '', 'roof': '', 'ac_platform': '', 'plant_room': '', 'garden': '', 'yard': ''}",56.5,54.2236,22764,21846.736502820306,10090602480061,3213587,ASP,HRB,淺水灣/壽臣山,1986/12,1986,40,A,21.0,1,blank,GRAND GARDEN,華景園,True,POINT Z (22.227781 114.2010439 0),22.227781,114.2010439
129,2011-02-14,"GRAND GARDEN(Block 1),SOUTH BAY RD|華景園1座,南灣道",18576.794469606768,3054,2482,"{'bay_window': '', 'flat_roof': '', 'roof': '', 'ac_platform': '', 'plant_room': '', 'garden': '', 'yard': ''}",67.88,65.1451,27349,26247.01853344077,11031000430065,3411730,ASP,HRB,淺水灣/壽臣山,1986/12,1986,40,A,23.0,1,blank,GRAND GARDEN,華景園,True,POINT Z (22.227781 114.2010439 0),22.227781,114.2010439
130,2011-05-26,"GRAND GARDEN(Block 1),SOUTH BAY RD|華景園1座,南灣道",17620.04331804672,3054,2482,"{'bay_window': '', 'flat_roof': '', 'roof': '', 'ac_platform': '', 'plant_room': '', 'garden': '', 'yard': ''}",69.0,66.22,27800,26680.09669621273,11061002720096,3501366,ASP,HRB,淺水灣/壽臣山,1986/12,1986,40,A,16.0,1,blank,GRAND GARDEN,華景園,True,POINT Z (22.227781 114.2010439 0),22.227781,114.2010439
131,2011-05-19,"GRAND GARDEN(Block 1),SOUTH BAY RD|華景園1座,南灣道",15321.774484532723,3054,2482,"{'bay_window': '', 'flat_roof': '', 'roof': '', 'ac_platform': '', 'plant_room': '', 'garden': '', 'yard': ''}",60.0,57.5826,24174,23200.08058017728,11061500720071,3505355,ASP,HRB,淺水灣/壽臣山,1986/12,1986,40,A,7.0,1,blank,GRAND GARDEN,華景園,True,POINT Z (22.227781 114.2010439 0),22.227781,114.2010439
132,2011-06-07,"GRAND GARDEN(Block 1),SOUTH BAY RD|華景園1座,南灣道",18199.59795196197,3054,2482,"{'bay_window': '84', 'flat_roof': '', 'roof': '', 'ac_platform': '', 'plant_room': '', 'garden': '', 'yard': ''}",70.8,67.94749999999999,28525,27376.107977437543,11062103030296,3510469,ASP,HRB,淺水灣/壽臣山,1986/12,1986,40,A,15.0,1,blank,GRAND GARDEN,華景園,True,POINT Z (22.227781 114.2010439 0),22.227781,114.2010439
133,2011-06-15,"GRAND GARDEN(Block 1),SOUTH BAY RD|華景園1座,南灣道",19073.585782526046,3054,2482,"{'bay_window': '', 'flat_roof': '', 'roof': '', 'ac_platform': '', 'plant_room': '', 'garden': '', 'yard': ''}",74.2,71.2105,29895,28690.77356970185,11062800170017,3517182,ASP,HRB,淺水灣/壽臣山,1986/12,1986,40,A,19.0,1,blank,GRAND GARDEN,華景園,True,POINT Z (22.227781 114.2010439 0),22.227781,114.2010439
134,2017-12-29,"GRAND GARDEN(Block 1),SOUTH BAY RD|華景園1座,南灣道",13856.001310621126,39709,32447,"{'bay_window': '84', 'flat_roof': '', 'roof': '1865', 'ac_platform': '', 'plant_room': '', 'garden': '', 'yard': ''}",1060.0,1060.0,32669,32668.659660369216,18011900600017,5287360,MEM-ASP,HRB,淺水灣/壽臣山,1986/12,1986,40,A,29.0,1,blank,GRAND GARDEN,華景園,False,POINT Z (22.227781 114.2010439 0),22.227781,114.2010439
135,2018-06-05,"GRAND GARDEN(Block 1),SOUTH BAY RD|華景園1座,南灣道",11660.245182411954,3061,2663,"{'bay_window': '85', 'flat_roof': '', 'roof': '', 'ac_platform': '', 'plant_room': '', 'garden': '', 'yard': ''}",80.0,80.0,30041,30041.306796845663,18062601200040,5382388,ASP,HRB,淺水灣/壽臣山,1986/12,1986,40,B,12.0,1,blank,GRAND GARDEN,華景園,False,POINT Z (22.227781 114.2010439 0),22.227781,114.2010439
136,2018-06-14,"GRAND GARDEN(Block 1),SOUTH BAY RD|華景園1座,南灣道",12510.569267027811,3054,2482,"{'bay_window': '84', 'flat_roof': '', 'roof': '', 'ac_platform': '', 'plant_room': '', 'garden': '', 'yard': ''}",80.0,80.0,32232,32232.070910556,18071301740010,5395212,PRO-ASP,HRB,淺水灣/壽臣山,1986/12,1986,40,A,15.0,1,blank,GRAND GARDEN,華景園,False,POINT Z (22.227781 114.2010439 0),22.227781,114.2010439
137,2019-03-26,"GRAND GARDEN(Block 1),SOUTH BAY RD|華景園1座,南灣道",13628.637673934862,3061,2663,"{'bay_window': '85', 'flat_roof': '', 'roof': '', 'ac_platform': '', 'plant_room': '', 'garden': '', 'yard': ''}",91.5,91.5,34360,34359.74464889223,19041200420089,5524893,ASP,HRB,淺水灣/壽臣山,1986/12,1986,40,B,26.0,1,blank,GRAND GARDEN,華景園,False,POINT Z (22.227781 114.2010439 0),22.227781,114.2010439
138,2019-04-29,"GRAND GARDEN(Block 1),SOUTH BAY RD|華景園1座,南灣道",14056.970147482229,3061,2663,"{'bay_window': '85', 'flat_roof': '', 'roof': '', 'ac_platform': '', 'plant_room': '', 'garden': '', 'yard': ''}",96.6,96.6,36275,36274.87795719114,19051502260039,5544124,ASP,HRB,淺水灣/壽臣山,1986/12,1986,40,B,27.0,1,blank,GRAND GARDEN,華景園,False,POINT Z (22.227781 114.2010439 0),22.227781,114.2010439
139,2020-03-16,"GRAND GARDEN(Block 1),SOUTH BAY RD|華景園1座,南灣道",13685.300034360458,3054,2482,"{'bay_window': '84', 'flat_roof': '', 'roof': '', 'ac_platform': '', 'plant_room': '', 'garden': '', 'yard': ''}",86.8,86.8,34972,34971.796937953266,20040800170077,5694044,PRO-ASP,HRB,淺水灣/壽臣山,1986/12,1986,40,A,24.0,1,blank,GRAND GARDEN,華景園,False,POINT Z (22.227781 114.2010439 0),22.227781,114.2010439
140,2021-03-05,"GRAND GARDEN(Block 1),SOUTH BAY RD|華景園1座,南灣道",12374.901116661376,3054,2482,"{'bay_window': '84', 'flat_roof': '', 'roof': '', 'ac_platform': '', 'plant_room': '', 'garden': '', 'yard': ''}",78.0,78.0,31426,31426.269137792104,21032401410227,5880480,ASP,HRB,淺水灣/壽臣山,1986/12,1986,40,A,6.0,1,blank,GRAND GARDEN,華景園,False,POINT Z (22.227781 114.2010439 0),22.227781,114.2010439
141,2021-07-20,"GRAND GARDEN(Block 1),SOUTH BAY RD|華景園1座,南灣道",11520.39200836189,3061,2663,"{'bay_window': '85', 'flat_roof': '', 'roof': '', 'ac_platform': '', 'plant_room': '', 'garden': '', 'yard': ''}",80.0,80.0,30041,30041.306796845663,21080900510014,5973367,ASP,HRB,淺水灣/壽臣山,1986/12,1986,40,B,11.0,1,blank,GRAND GARDEN,華景園,False,POINT Z (22.227781 114.2010439 0),22.227781,114.2010439
142,2022-10-28,"GRAND GARDEN(Block 1),SOUTH BAY RD|華景園1座,南灣道",13092.351351968182,3061,2663,"{'bay_window': '85', 'flat_roof': '', 'roof': '', 'ac_platform': '', 'plant_room': '', 'garden': '', 'yard': ''}",78.0,78.0,29290,29290.27412692452,22111000350012,6202298,MEM-ASP,HRB,淺水灣/壽臣山,1986/12,1986,40,B,8.0,1,blank,GRAND GARDEN,華景園,False,POINT Z (22.227781 114.2010439 0),22.227781,114.2010439
143,2025-01-22,"GRAND GARDEN(Block 1),SOUTH BAY RD|華景園1座,南灣道",14462.471734712784,3054,2482,"{'bay_window': '84', 'flat_roof': '', 'roof': '', 'ac_platform': '', 'plant_room': '', 'garden': '', 'yard': ''}",65.0,65.0,26189,26188.557614826757,25021001560048,6540888,ASP,HRB,淺水灣/壽臣山,1986/12,1986,40,A,17.0,1,blank,GRAND GARDEN,華景園,False,POINT Z (22.227781 114.2010439 0),22.227781,114.2010439
144,2025-12-08,"GRAND GARDEN(Block 1),SOUTH BAY RD|華景園1座,南灣道",14921.109486027914,3061,2663,"{'bay_window': '85', 'flat_roof': '', 'roof': '', 'ac_platform': '', 'plant_room': '', 'garden': '', 'yard': ''}",75.0,75.0,28164,28163.725122042808,25121200360012,6707089,ASP,HRB,淺水灣/壽臣山,1986/12,1986,40,B,12.0,1,blank,GRAND GARDEN,華景園,False,POINT Z (22.227781 114.2010439 0),22.227781,114.2010439
145,1995-11-01,"37 REPULSE BAY RD(Block 1),REPULSE BAY RD|淺水灣道 37號1座,淺水灣道",10376.33824670287,1745,1289,"{'bay_window': '44', 'flat_roof': '', 'roof': '', 'ac_platform': '', 'plant_room': '', 'garden': '', 'yard': ''}",14.5,13.3751,11249,10376.33824670287,6468552,4778373,ASP,HRB,淺水灣/壽臣山,1994/02,1994,32,B,19.0,1,blank,37 REPULSE BAY RD,淺水灣道 37號,True,POINT Z (22.246416 114.19145 0),22.246416,114.19145
146,1995-12-13,"37 REPULSE BAY RD(Block 1),REPULSE BAY RD|淺水灣道 37號1座,淺水灣道",10290.45771916214,1745,1289,"{'bay_window': '44', 'flat_roof': '', 'roof': '', 'ac_platform': '', 'plant_room': '', 'garden': '', 'yard': ''}",14.38,13.2644,11156,10290.45771916214,6500484,4789963,ASP,HRB,淺水灣/壽臣山,1994/02,1994,32,B,6.0,1,blank,37 REPULSE BAY RD,淺水灣道 37號,True,POINT Z (22.246416 114.19145 0),22.246416,114.19145
147,1996-02-12,"37 REPULSE BAY RD(Block 1),REPULSE BAY RD|淺水灣道 37號1座,淺水灣道",9549.773242630385,1225,882,"{'bay_window': '56', 'flat_roof': '', 'roof': '', 'ac_platform': '', 'plant_room': '', 'garden': '', 'yard': ''}",9.5,8.4229,10771,9549.773242630385,6547711,4805405,ASP,HRB,淺水灣/壽臣山,1994/02,1994,32,A,18.0,1,blank,37 REPULSE BAY RD,淺水灣道 37號,True,POINT Z (22.246416 114.19145 0),22.246416,114.19145
148,1996-02-26,"37 REPULSE BAY RD(Block 1),REPULSE BAY RD|淺水灣道 37號1座,淺水灣道",12020.20389249305,0,2158,"{'bay_window': '23', 'flat_roof': '181', 'roof': '844', 'ac_platform': '', 'plant_room': '', 'garden': '', 'yard': ''}",27.2,25.9396,12604,12020.20389249305,6565308,4810824,ASP,HRB,淺水灣/壽臣山,1994/02,1994,32,B,0.0,1,blank,37 REPULSE BAY RD,淺水灣道 37號,True,POINT Z (22.246416 114.19145 0),22.246416,114.19145
149,1996-03-13,"37 REPULSE BAY RD(Block 1),REPULSE BAY RD|淺水灣道 37號1座,淺水灣道",10554.98866213152,1225,882,"{'bay_window': '56', 'flat_roof': '', 'roof': '', 'ac_platform': '', 'plant_room': '', 'garden': '', 'yard': ''}",10.5,9.3095,11905,10554.98866213152,6581683,4825102,ASP,HRB,淺水灣/壽臣山,1994/02,1994,32,A,17.0,1,blank,37 REPULSE BAY RD,淺水灣道 37號,True,POINT Z (22.246416 114.19145 0),22.246416,114.19145
150,1996-06-01,"37 REPULSE BAY RD(Block 1),REPULSE BAY RD|淺水灣道 37號1座,淺水灣道",12412.723041117146,1745,1289,"{'bay_window': '44', 'flat_roof': '', 'roof': '', 'ac_platform': '', 'plant_room': '', 'garden': '', 'yard': ''}",16.0,16.0,12413,12412.723041117146,6680284,4856887,ASP,HRB,淺水灣/壽臣山,1994/02,1994,32,B,14.0,1,blank,37 REPULSE BAY RD,淺水灣道 37號,False,POINT Z (22.246416 114.19145 0),22.246416,114.19145
151,1996-07-01,"37 REPULSE BAY RD(Block 1),REPULSE BAY RD|淺水灣道 37號1座,淺水灣道",12244.897959183674,1225,882,"{'bay_window': '56', 'flat_roof': '', 'roof': '', 'ac_platform': '', 'plant_room': '', 'garden': '', 'yard': ''}",10.8,10.8,12245,12244.897959183674,6696814,4863277,ASP,HRB,淺水灣/壽臣山,1994/02,1994,32,A,2.0,1,blank,37 REPULSE BAY RD,淺水灣道 37號,False,POINT Z (22.246416 114.19145 0),22.246416,114.19145
152,1996-09-20,"37 REPULSE BAY RD(Block 1),REPULSE BAY RD|淺水灣道 37號1座,淺水灣道",12165.32195500388,1745,1289,"{'bay_window': '44', 'flat_roof': '', 'roof': '', 'ac_platform': '', 'plant_room': '', 'garden': '', 'yard': ''}",17.0,15.6811,13189,12165.32195500388,6792601,4894837,ASP,HRB,淺水灣/壽臣山,1994/02,1994,32,B,4.0,1,blank,37 REPULSE BAY RD,淺水灣道 37號,True,POINT Z (22.246416 114.19145 0),22.246416,114.19145
153,1996-10-01,"37 REPULSE BAY RD(Block 1),REPULSE BAY RD|淺水灣道 37號1座,淺水灣道",13224.437548487202,1745,1289,"{'bay_window': '44', 'flat_roof': '', 'roof': '', 'ac_platform': '', 'plant_room': '', 'garden': '', 'yard': ''}",18.48,17.046300000000002,14337,13224.437548487202,6794687,4895143,ASP,HRB,淺水灣/壽臣山,1994/02,1994,32,B,2.0,1,blank,37 REPULSE BAY RD,淺水灣道 37號,True,POINT Z (22.246416 114.19145 0),22.246416,114.19145
154,1996-11-20,"37 REPULSE BAY RD(Block 1),REPULSE BAY RD|淺水灣道 37號1座,淺水灣道",15862.698412698412,1225,882,"{'bay_window': '56', 'flat_roof': '', 'roof': '', 'ac_platform': '', 'plant_room': '', 'garden': '', 'yard': ''}",15.78,13.9909,17891,15862.698412698412,6871268,4932798,PRO-ASP,HRB,淺水灣/壽臣山,1994/02,1994,32,A,16.0,1,blank,37 REPULSE BAY RD,淺水灣道 37號,True,POINT Z (22.246416 114.19145 0),22.246416,114.19145
155,1996-10-23,"37 REPULSE BAY RD(Block 1),REPULSE BAY RD|淺水灣道 37號1座,淺水灣道",12766.55328798186,1225,882,"{'bay_window': '56', 'flat_roof': '', 'roof': '', 'ac_platform': '', 'plant_room': '', 'garden': '', 'yard': ''}",12.7,11.2601,14399,12766.55328798186,6915617,4945662,ASP,HRB,淺水灣/壽臣山,1994/02,1994,32,A,16.0,1,blank,37 REPULSE BAY RD,淺水灣道 37號,True,POINT Z (22.246416 114.19145 0),22.246416,114.19145
156,1997-01-15,"37 REPULSE BAY RD(Block 1),REPULSE BAY RD|淺水灣道 37號1座,淺水灣道",16816.834755624513,1745,1289,"{'bay_window': '44', 'flat_roof': '', 'roof': '', 'ac_platform': '', 'plant_room': '', 'garden': '', 'yard': ''}",23.5,21.6769,18231,16816.834755624513,6919256,4964297,ASP,HRB,淺水灣/壽臣山,1994/02,1994,32,B,5.0,1,blank,37 REPULSE BAY RD,淺水灣道 37號,True,POINT Z (22.246416 114.19145 0),22.246416,114.19145
157,1997-01-25,"37 REPULSE BAY RD(Block 1),REPULSE BAY RD|淺水灣道 37號1座,淺水灣道",25410.68743286788,0,1862,"{'bay_window': '84', 'flat_roof': '', 'roof': '', 'ac_platform': '', 'plant_room': '', 'garden': '', 'yard': ''}",50.0,47.3147,26853,25410.68743286788,6943694,4975203,ASP,HRB,淺水灣/壽臣山,1994/02,1994,32,A,0.0,1,blank,37 REPULSE BAY RD,淺水灣道 37號,True,POINT Z (22.246416 114.19145 0),22.246416,114.19145
158,1997-02-10,"37 REPULSE BAY RD(Block 1),REPULSE BAY RD|淺水灣道 37號1座,淺水灣道",19711.80701647166,1745,1289,"{'bay_window': '44', 'flat_roof': '', 'roof': '', 'ac_platform': '', 'plant_room': '', 'garden': '', 'yard': ''}",28.2,26.0123,21877,20180.21722265322,6948288,4977023,ASP,HRB,淺水灣/壽臣山,1994/02,1994,32,B,18.0,1,blank,37 REPULSE BAY RD,淺水灣道 37號,True,POINT Z (22.246416 114.19145 0),22.246416,114.19145
159,1997-02-03,"37 REPULSE BAY RD(Block 1),REPULSE BAY RD|淺水灣道 37號1座,淺水灣道",17919.752483877204,1225,882,"{'bay_window': '56', 'flat_roof': '', 'roof': '', 'ac_platform': '', 'plant_room': '', 'garden': '', 'yard': ''}",18.25,16.1808,20692,18345.57823129252,6966796,4983750,ASP,HRB,淺水灣/壽臣山,1994/02,1994,32,A,5.0,1,blank,37 REPULSE BAY RD,淺水灣道 37號,True,POINT Z (22.246416 114.19145 0),22.246416,114.19145
160,1996-11-18,"37 REPULSE BAY RD(Block 1),REPULSE BAY RD|淺水灣道 37號1座,淺水灣道",13148.526077097506,1225,882,"{'bay_window': '56', 'flat_roof': '', 'roof': '', 'ac_platform': '', 'plant_room': '', 'garden': '', 'yard': ''}",13.08,11.597,14830,13148.526077097506,6990699,4949135,ASP,HRB,淺水灣/壽臣山,1994/02,1994,32,A,14.0,1,blank,37 REPULSE BAY RD,淺水灣道 37號,True,POINT Z (22.246416 114.19145 0),22.246416,114.19145
161,1997-02-18,"37 REPULSE BAY RD(Block 1),REPULSE BAY RD|淺水灣道 37號1座,淺水灣道",18263.51120847645,1225,882,"{'bay_window': '56', 'flat_roof': '', 'roof': '', 'ac_platform': '', 'plant_room': '', 'garden': '', 'yard': ''}",18.6,16.491200000000003,21088,18697.50566893424,6992066,4990439,ASP,HRB,淺水灣/壽臣山,1994/02,1994,32,A,11.0,1,blank,37 REPULSE BAY RD,淺水灣道 37號,True,POINT Z (22.246416 114.19145 0),22.246416,114.19145
162,1997-04-09,"37 REPULSE BAY RD(Block 1),REPULSE BAY RD|淺水灣道 37號1座,淺水灣道",16951.23272082343,1225,882,"{'bay_window': '56', 'flat_roof': '', 'roof': '', 'ac_platform': '', 'plant_room': '', 'garden': '', 'yard': ''}",18.8,16.6685,21315,18898.526077097507,7042878,5015180,ASP,HRB,淺水灣/壽臣山,1994/02,1994,32,A,18.0,1,blank,37 REPULSE BAY RD,淺水灣道 37號,True,POINT Z (22.246416 114.19145 0),22.246416,114.19145
163,1997-03-12,"37 REPULSE BAY RD(Block 1),REPULSE BAY RD|淺水灣道 37號1座,淺水灣道",16135.12911989932,1745,1289,"{'bay_window': '44', 'flat_roof': '', 'roof': '', 'ac_platform': '', 'plant_room': '', 'garden': '', 'yard': ''}",25.3,23.3372,19628,18104.88750969744,7050041,5018554,PRO-ASP,HRB,淺水灣/壽臣山,1994/02,1994,32,B,2.0,1,blank,37 REPULSE BAY RD,淺水灣道 37號,True,POINT Z (22.246416 114.19145 0),22.246416,114.19145
164,1997-05-19,"37 REPULSE BAY RD(Block 1),REPULSE BAY RD|淺水灣道 37號1座,淺水灣道",17251.595630876407,1225,882,"{'bay_window': '56', 'flat_roof': '', 'roof': '', 'ac_platform': '', 'plant_room': '', 'garden': '', 'yard': ''}",17.75,17.75,20125,20124.71655328798,7095782,5034895,PRO-ASP,HRB,淺水灣/壽臣山,1994/02,1994,32,A,1.0,1,blank,37 REPULSE BAY RD,淺水灣道 37號,False,POINT Z (22.246416 114.19145 0),22.246416,114.19145
165,1997-05-16,"37 REPULSE BAY RD(Block 1),REPULSE BAY RD|淺水灣道 37號1座,淺水灣道",18391.098894862367,1745,1289,"{'bay_window': '44', 'flat_roof': '', 'roof': '', 'ac_platform': '', 'plant_room': '', 'garden': '', 'yard': ''}",29.98,27.6542,23258,21453.99534522886,7125414,5046807,PRO-ASP,HRB,淺水灣/壽臣山,1994/02,1994,32,B,5.0,1,blank,37 REPULSE BAY RD,淺水灣道 37號,True,POINT Z (22.246416 114.19145 0),22.246416,114.19145
166,1997-09-03,"37 REPULSE BAY RD(Block 1),REPULSE BAY RD|淺水灣道 37號1座,淺水灣道",17191.924534699494,1745,1289,"{'bay_window': '44', 'flat_roof': '', 'roof': '', 'ac_platform': '', 'plant_room': '', 'garden': '', 'yard': ''}",28.793,26.5593,22337,20604.57719162141,7280472,5111013,ASP,HRB,淺水灣/壽臣山,1994/02,1994,32,B,7.0,1,blank,37 REPULSE BAY RD,淺水灣道 37號,True,POINT Z (22.246416 114.19145 0),22.246416,114.19145
167,1997-11-19,"37 REPULSE BAY RD(Block 1),REPULSE BAY RD|淺水灣道 37號1座,淺水灣道",13757.239519264442,1225,882,"{'bay_window': '56', 'flat_roof': '', 'roof': '', 'ac_platform': '', 'plant_room': '', 'garden': '', 'yard': ''}",15.8,14.0086,17914,15882.766439909296,7363069,5143233,ASP,HRB,淺水灣/壽臣山,1994/02,1994,32,A,14.0,1,blank,37 REPULSE BAY RD,淺水灣道 37號,True,POINT Z (22.246416 114.19145 0),22.246416,114.19145
168,1997-11-21,"37 REPULSE BAY RD(Block 1),REPULSE BAY RD|淺水灣道 37號1座,淺水灣道",11754.629492018032,1225,882,"{'bay_window': '56', 'flat_roof': '', 'roof': '', 'ac_platform': '', 'plant_room': '', 'garden': '', 'yard': ''}",13.5,11.9694,15306,13570.748299319728,7368666,5144386,ASP,HRB,淺水灣/壽臣山,1994/02,1994,32,A,1.0,1,blank,37 REPULSE BAY RD,淺水灣道 37號,True,POINT Z (22.246416 114.19145 0),22.246416,114.19145
169,1997-11-26,"37 REPULSE BAY RD(Block 1),REPULSE BAY RD|淺水灣道 37號1座,淺水灣道",13016.666826904142,1745,1289,"{'bay_window': '44', 'flat_roof': '', 'roof': '', 'ac_platform': '', 'plant_room': '', 'garden': '', 'yard': ''}",21.0,19.3708,16292,15027.7734678045,7372291,5146059,ASP,HRB,淺水灣/壽臣山,1994/02,1994,32,B,3.0,1,blank,37 REPULSE BAY RD,淺水灣道 37號,True,POINT Z (22.246416 114.19145 0),22.246416,114.19145
170,1997-12-08,"37 REPULSE BAY RD(Block 1),REPULSE BAY RD|淺水灣道 37號1座,淺水灣道",12252.10508253502,1225,882,"{'bay_window': '56', 'flat_roof': '', 'roof': '', 'ac_platform': '', 'plant_room': '', 'garden': '', 'yard': ''}",13.5,11.9694,15306,13570.748299319728,7380676,5146669,ASP,HRB,淺水灣/壽臣山,1994/02,1994,32,A,2.0,1,blank,37 REPULSE BAY RD,淺水灣道 37號,True,POINT Z (22.246416 114.19145 0),22.246416,114.19145
171,1998-03-05,"37 REPULSE BAY RD(Block 1),REPULSE BAY RD|淺水灣道 37號1座,淺水灣道",13092.459484625648,1225,882,"{'bay_window': '56', 'flat_roof': '', 'roof': '', 'ac_platform': '', 'plant_room': '', 'garden': '', 'yard': ''}",12.5,11.0828,14172,12565.532879818596,7437868,5168962,ASP,HRB,淺水灣/壽臣山,1994/02,1994,32,A,3.0,1,blank,37 REPULSE BAY RD,淺水灣道 37號,True,POINT Z (22.246416 114.19145 0),22.246416,114.19145
172,1998-03-11,"37 REPULSE BAY RD(Block 1),REPULSE BAY RD|淺水灣道 37號1座,淺水灣道",15121.041740643906,1225,882,"{'bay_window': '56', 'flat_roof': '', 'roof': '', 'ac_platform': '', 'plant_room': '', 'garden': '', 'yard': ''}",12.8,12.8,14512,14512.471655328798,7445609,5175548,ASP,HRB,淺水灣/壽臣山,1994/02,1994,32,A,12.0,1,blank,37 REPULSE BAY RD,淺水灣道 37號,False,POINT Z (22.246416 114.19145 0),22.246416,114.19145
173,1998-03-18,"37 REPULSE BAY RD(Block 1),REPULSE BAY RD|淺水灣道 37號1座,淺水灣道",13773.26076237042,1225,882,"{'bay_window': '56', 'flat_roof': '', 'roof': '', 'ac_platform': '', 'plant_room': '', 'garden': '', 'yard': ''}",13.15,11.6591,14909,13218.934240362812,7446856,5176396,ASP,HRB,淺水灣/壽臣山,1994/02,1994,32,A,7.0,1,blank,37 REPULSE BAY RD,淺水灣道 37號,True,POINT Z (22.246416 114.19145 0),22.246416,114.19145
174,1998-03-21,"37 REPULSE BAY RD(Block 1),REPULSE BAY RD|淺水灣道 37號1座,淺水灣道",14912.350982303376,1745,1289,"{'bay_window': '44', 'flat_roof': '', 'roof': '', 'ac_platform': '', 'plant_room': '', 'garden': '', 'yard': ''}",20.0,18.4484,15516,14312.179984484095,7454122,5181807,ASP,HRB,淺水灣/壽臣山,1994/02,1994,32,B,5.0,1,blank,37 REPULSE BAY RD,淺水灣道 37號,True,POINT Z (22.246416 114.19145 0),22.246416,114.19145
175,1998-02-28,"37 REPULSE BAY RD(Block 1),REPULSE BAY RD|淺水灣道 37號1座,淺水灣道",13187.83827474697,1225,882,"{'bay_window': '56', 'flat_roof': '', 'roof': '', 'ac_platform': '', 'plant_room': '', 'garden': '', 'yard': ''}",12.8,11.3488,14512,12867.120181405897,7454854,5182213,PRO-ASP,HRB,淺水灣/壽臣山,1994/02,1994,32,A,17.0,1,blank,37 REPULSE BAY RD,淺水灣道 37號,True,POINT Z (22.246416 114.19145 0),22.246416,114.19145
176,1998-03-09,"37 REPULSE BAY RD(Block 1),REPULSE BAY RD|淺水灣道 37號1座,淺水灣道",15344.806250810794,1745,1289,"{'bay_window': '44', 'flat_roof': '', 'roof': '', 'ac_platform': '', 'plant_room': '', 'garden': '', 'yard': ''}",20.58,18.9834,15966,14727.230411171451,7467346,5186496,PRO-ASP,HRB,淺水灣/壽臣山,1994/02,1994,32,B,14.0,1,blank,37 REPULSE BAY RD,淺水灣道 37號,True,POINT Z (22.246416 114.19145 0),22.246416,114.19145
177,1998-08-29,"37 REPULSE BAY RD(Block 1),REPULSE BAY RD|淺水灣道 37號1座,淺水灣道",12492.255752199444,1745,1289,"{'bay_window': '44', 'flat_roof': '', 'roof': '', 'ac_platform': '', 'plant_room': '', 'garden': '', 'yard': ''}",12.3,11.3458,9542,8802.017067494182,7567632,28566,ASP,HRB,淺水灣/壽臣山,1994/02,1994,32,B,14.0,1,blank,37 REPULSE BAY RD,淺水灣道 37號,True,POINT Z (22.246416 114.19145 0),22.246416,114.19145
178,1998-09-03,"37 REPULSE BAY RD(Block 1),REPULSE BAY RD|淺水灣道 37號1座,淺水灣道",13354.65028775388,1745,1289,"{'bay_window': '44', 'flat_roof': '', 'roof': '', 'ac_platform': '', 'plant_room': '', 'garden': '', 'yard': ''}",12.5,11.5303,9697,8945.151280062064,7573578,33064,ASP,HRB,淺水灣/壽臣山,1994/02,1994,32,B,11.0,1,blank,37 REPULSE BAY RD,淺水灣道 37號,True,POINT Z (22.246416 114.19145 0),22.246416,114.19145
179,1998-11-02,"37 REPULSE BAY RD(Block 1),REPULSE BAY RD|淺水灣道 37號1座,淺水灣道",12679.02347531191,1745,1289,"{'bay_window': '44', 'flat_roof': '', 'roof': '', 'ac_platform': '', 'plant_room': '', 'garden': '', 'yard': ''}",12.6,11.6225,9775,9016.6795965865,7614631,71419,ASP,HRB,淺水灣/壽臣山,1994/02,1994,32,B,18.0,1,blank,37 REPULSE BAY RD,淺水灣道 37號,True,POINT Z (22.246416 114.19145 0),22.246416,114.19145
180,1999-04-13,"37 REPULSE BAY RD(Block 1),REPULSE BAY RD|淺水灣道 37號1座,淺水灣道",11809.82760400689,1225,882,"{'bay_window': '56', 'flat_roof': '', 'roof': '', 'ac_platform': '', 'plant_room': '', 'garden': '', 'yard': ''}",8.68,7.6959,9841,8725.510204081633,7743899,191942,ASP,HRB,淺水灣/壽臣山,1994/02,1994,32,A,17.0,1,blank,37 REPULSE BAY RD,淺水灣道 37號,True,POINT Z (22.246416 114.19145 0),22.246416,114.19145
181,1999-06-21,"37 REPULSE BAY RD(Block 1),REPULSE BAY RD|淺水灣道 37號1座,淺水灣道",13095.045126706278,1225,882,"{'bay_window': '56', 'flat_roof': '', 'roof': '', 'ac_platform': '', 'plant_room': '', 'garden': '', 'yard': ''}",9.7,8.6002,10998,9750.79365079365,7815204,254573,ASP,HRB,淺水灣/壽臣山,1994/02,1994,32,A,21.0,1,blank,37 REPULSE BAY RD,淺水灣道 37號,True,POINT Z (22.246416 114.19145 0),22.246416,114.19145
182,1999-11-13,"37 REPULSE BAY RD(Block 1),REPULSE BAY RD|淺水灣道 37號1座,淺水灣道",14970.23390045683,1745,1289,"{'bay_window': '44', 'flat_roof': '', 'roof': '', 'ac_platform': '', 'plant_room': '', 'garden': '', 'yard': ''}",13.8,12.7294,10706,9875.407292474789,7922231,336075,ASP,HRB,淺水灣/壽臣山,1994/02,1994,32,B,5.0,1,blank,37 REPULSE BAY RD,淺水灣道 37號,True,POINT Z (22.246416 114.19145 0),22.246416,114.19145
183,1999-12-08,"37 REPULSE BAY RD(Block 1),REPULSE BAY RD|淺水灣道 37號1座,淺水灣道",14622.314238507934,1745,1289,"{'bay_window': '44', 'flat_roof': '', 'roof': '', 'ac_platform': '', 'plant_room': '', 'garden': '', 'yard': ''}",14.33,13.2183,11117,10254.693560899925,7949943,354267,ASP,HRB,淺水灣/壽臣山,1994/02,1994,32,B,19.0,1,blank,37 REPULSE BAY RD,淺水灣道 37號,True,POINT Z (22.246416 114.19145 0),22.246416,114.19145
184,2000-01-04,"37 REPULSE BAY RD(Block 1),REPULSE BAY RD|淺水灣道 37號1座,淺水灣道",16797.785496822493,0,2158,"{'bay_window': '23', 'flat_roof': '181', 'roof': '844', 'ac_platform': '', 'plant_room': '', 'garden': '', 'yard': ''}",27.0,25.7488,12512,11931.788693234475,7981674,376662,ASP,HRB,淺水灣/壽臣山,1994/02,1994,32,B,22.0,1,blank,37 REPULSE BAY RD,淺水灣道 37號,True,POINT Z (22.246416 114.19145 0),22.246416,114.19145
185,2000-01-19,"37 REPULSE BAY RD(Block 1),REPULSE BAY RD|淺水灣道 37號1座,淺水灣道",13600.569239619945,1745,1289,"{'bay_window': '44', 'flat_roof': '25', 'roof': '', 'ac_platform': '', 'plant_room': '', 'garden': '', 'yard': ''}",13.5,12.4527,10473,9660.744763382469,7984897,378106,ASP,HRB,淺水灣/壽臣山,1994/02,1994,32,B,1.0,1,blank,37 REPULSE BAY RD,淺水灣道 37號,True,POINT Z (22.246416 114.19145 0),22.246416,114.19145
186,2000-02-03,"37 REPULSE BAY RD(Block 1),REPULSE BAY RD|淺水灣道 37號1座,淺水灣道",12586.646470117108,1225,882,"{'bay_window': '56', 'flat_roof': '', 'roof': '', 'ac_platform': '', 'plant_room': '', 'garden': '', 'yard': ''}",9.9,8.7776,11224,9951.927437641723,8001682,388012,ASP,HRB,淺水灣/壽臣山,1994/02,1994,32,A,11.0,1,blank,37 REPULSE BAY RD,淺水灣道 37號,True,POINT Z (22.246416 114.19145 0),22.246416,114.19145
187,2001-08-07,"37 REPULSE BAY RD(Block 1),REPULSE BAY RD|淺水灣道 37號1座,淺水灣道",15029.34794054364,1745,1289,"{'bay_window': '44', 'flat_roof': '25', 'roof': '', 'ac_platform': '', 'plant_room': '', 'garden': '', 'yard': ''}",12.8,11.807,9930,9159.813809154382,8481069,754740,PRO-ASP,HRB,淺水灣/壽臣山,1994/02,1994,32,B,1.0,1,blank,37 REPULSE BAY RD,淺水灣道 37號,True,POINT Z (22.246416 114.19145 0),22.246416,114.19145
188,2002-02-16,"37 REPULSE BAY RD(Block 1),REPULSE BAY RD|淺水灣道 37號1座,淺水灣道",13425.288529763042,1225,882,"{'bay_window': '56', 'flat_roof': '', 'roof': '', 'ac_platform': '', 'plant_room': '', 'garden': '', 'yard': ''}",7.8,6.9156,8844,7840.816326530612,8630228,868656,PRO-ASP,HRB,淺水灣/壽臣山,1994/02,1994,32,A,16.0,1,blank,37 REPULSE BAY RD,淺水灣道 37號,True,POINT Z (22.246416 114.19145 0),22.246416,114.19145
189,2002-06-04,"37 REPULSE BAY RD(Block 1),REPULSE BAY RD|淺水灣道 37號1座,淺水灣道",14219.929482146845,1225,882,"{'bay_window': '56', 'flat_roof': '', 'roof': '', 'ac_platform': '', 'plant_room': '', 'garden': '', 'yard': ''}",8.05,7.137300000000001,9127,8092.176870748301,8717735,933883,ASP,HRB,淺水灣/壽臣山,1994/02,1994,32,A,21.0,1,blank,37 REPULSE BAY RD,淺水灣道 37號,True,POINT Z (22.246416 114.19145 0),22.246416,114.19145
190,2003-07-16,"37 REPULSE BAY RD(Block 1),REPULSE BAY RD|淺水灣道 37號1座,淺水灣道",16020.98028134873,1745,1289,"{'bay_window': '44', 'flat_roof': '', 'roof': '', 'ac_platform': '', 'plant_room': '', 'garden': '', 'yard': ''}",10.88,10.035900000000002,8441,7785.802948021724,8978733,1136354,ASP,HRB,淺水灣/壽臣山,1994/02,1994,32,B,18.0,1,blank,37 REPULSE BAY RD,淺水灣道 37號,True,POINT Z (22.246416 114.19145 0),22.246416,114.19145
191,2003-08-18,"37 REPULSE BAY RD(Block 1),REPULSE BAY RD|淺水灣道 37號1座,淺水灣道",16740.91671793794,1745,1289,"{'bay_window': '44', 'flat_roof': '', 'roof': '', 'ac_platform': '', 'plant_room': '', 'garden': '', 'yard': ''}",11.3,10.4234,8766,8086.423584173778,8998607,1153069,ASP,HRB,淺水灣/壽臣山,1994/02,1994,32,B,7.0,1,blank,37 REPULSE BAY RD,淺水灣道 37號,True,POINT Z (22.246416 114.19145 0),22.246416,114.19145
192,2003-09-19,"37 REPULSE BAY RD(Block 1),REPULSE BAY RD|淺水灣道 37號1座,淺水灣道",17365.166887502677,1745,1289,"{'bay_window': '44', 'flat_roof': '', 'roof': '', 'ac_platform': '', 'plant_room': '', 'garden': '', 'yard': ''}",12.373,11.4131,9599,8854.22808378588,9014934,1169487,PRO-ASP,HRB,淺水灣/壽臣山,1994/02,1994,32,B,6.0,1,blank,37 REPULSE BAY RD,淺水灣道 37號,True,POINT Z (22.246416 114.19145 0),22.246416,114.19145
193,2003-09-30,"37 REPULSE BAY RD(Block 1),REPULSE BAY RD|淺水灣道 37號1座,淺水灣道",13564.053877594017,1225,882,"{'bay_window': '56', 'flat_roof': '', 'roof': '', 'ac_platform': '', 'plant_room': '', 'garden': '', 'yard': ''}",6.88,6.1,7800,6916.09977324263,9023182,1177641,ASP,HRB,淺水灣/壽臣山,1994/02,1994,32,A,19.0,1,blank,37 REPULSE BAY RD,淺水灣道 37號,True,POINT Z (22.246416 114.19145 0),22.246416,114.19145
194,2004-01-27,"37 REPULSE BAY RD(Block 1),REPULSE BAY RD|淺水灣道 37號1座,淺水灣道",14226.366259091796,1225,882,"{'bay_window': '56', 'flat_roof': '', 'roof': '', 'ac_platform': '', 'plant_room': '', 'garden': '', 'yard': ''}",8.56,7.5895,9705,8604.875283446712,9129094,1257628,ASP,HRB,淺水灣/壽臣山,1994/02,1994,32,A,13.0,1,blank,37 REPULSE BAY RD,淺水灣道 37號,True,POINT Z (22.246416 114.19145 0),22.246416,114.19145
195,2004-01-18,"37 REPULSE BAY RD(Block 1),REPULSE BAY RD|淺水灣道 37號1座,淺水灣道",13927.19924480218,1225,882,"{'bay_window': '56', 'flat_roof': '', 'roof': '', 'ac_platform': '', 'plant_room': '', 'garden': '', 'yard': ''}",8.38,7.429900000000001,9501,8423.922902494332,9133545,1262857,PRO-ASP,HRB,淺水灣/壽臣山,1994/02,1994,32,A,20.0,1,blank,37 REPULSE BAY RD,淺水灣道 37號,True,POINT Z (22.246416 114.19145 0),22.246416,114.19145
196,2004-02-20,"37 REPULSE BAY RD(Block 1),REPULSE BAY RD|淺水灣道 37號1座,淺水灣道",15180.738476140365,1225,882,"{'bay_window': '56', 'flat_roof': '', 'roof': '', 'ac_platform': '', 'plant_room': '', 'garden': '', 'yard': ''}",9.8,8.6889,11111,9851.360544217689,9152437,1279799,ASP,HRB,淺水灣/壽臣山,1994/02,1994,32,A,16.0,1,blank,37 REPULSE BAY RD,淺水灣道 37號,True,POINT Z (22.246416 114.19145 0),22.246416,114.19145
197,2004-03-03,"37 REPULSE BAY RD(Block 1),REPULSE BAY RD|淺水灣道 37號1座,淺水灣道",15525.124630014398,1225,882,"{'bay_window': '56', 'flat_roof': '', 'roof': '', 'ac_platform': '', 'plant_room': '', 'garden': '', 'yard': ''}",10.0,8.8662,11338,10052.380952380952,9176407,1301113,PRO-ASP,HRB,淺水灣/壽臣山,1994/02,1994,32,A,19.0,1,blank,37 REPULSE BAY RD,淺水灣道 37號,True,POINT Z (22.246416 114.19145 0),22.246416,114.19145
198,2005-12-30,"37 REPULSE BAY RD(Block 1),REPULSE BAY RD|淺水灣道 37號1座,淺水灣道",14623.441563412764,1225,882,"{'bay_window': '56', 'flat_roof': '', 'roof': '', 'ac_platform': '', 'plant_room': '', 'garden': '', 'yard': ''}",10.58,9.3805,11995,10635.48752834467,6012402020014,1807310,PRO-ASP,HRB,淺水灣/壽臣山,1994/02,1994,32,A,7.0,1,blank,37 REPULSE BAY RD,淺水灣道 37號,True,POINT Z (22.246416 114.19145 0),22.246416,114.19145
199,2006-08-08,"37 REPULSE BAY RD(Block 1),REPULSE BAY RD|淺水灣道 37號1座,淺水灣道",18158.044134714142,1745,1289,"{'bay_window': '44', 'flat_roof': '', 'roof': '', 'ac_platform': '', 'plant_room': '', 'garden': '', 'yard': ''}",19.38,17.8765,15035,13868.502715283164,6082402290142,1947114,ASP,HRB,淺水灣/壽臣山,1994/02,1994,32,B,19.0,1,blank,37 REPULSE BAY RD,淺水灣道 37號,True,POINT Z (22.246416 114.19145 0),22.246416,114.19145
200,2006-11-17,"37 REPULSE BAY RD(Block 1),REPULSE BAY RD|淺水灣道 37號1座,淺水灣道",18097.75407918515,1745,1289,"{'bay_window': '44', 'flat_roof': '', 'roof': '', 'ac_platform': '', 'plant_room': '', 'garden': '', 'yard': ''}",19.2,17.7105,14895,13739.720713731576,6120101140013,2013823,ASP,HRB,淺水灣/壽臣山,1994/02,1994,32,B,17.0,1,blank,37 REPULSE BAY RD,淺水灣道 37號,True,POINT Z (22.246416 114.19145 0),22.246416,114.19145
201,2007-07-28,"37 REPULSE BAY RD(Block 1),REPULSE BAY RD|淺水灣道 37號1座,淺水灣道",18502.020439192383,1745,1289,"{'bay_window': '44', 'flat_roof': '', 'roof': '', 'ac_platform': '', 'plant_room': '', 'garden': '', 'yard': ''}",21.8,20.1088,16912,15600.310318076028,7082301190121,2226610,PRO-ASP,HRB,淺水灣/壽臣山,1994/02,1994,32,B,2.0,1,blank,37 REPULSE BAY RD,淺水灣道 37號,True,POINT Z (22.246416 114.19145 0),22.246416,114.19145
202,2007-08-09,"37 REPULSE BAY RD(Block 1),REPULSE BAY RD|淺水灣道 37號1座,淺水灣道",17619.08347109166,1745,1289,"{'bay_window': '44', 'flat_roof': '', 'roof': '', 'ac_platform': '', 'plant_room': '', 'garden': '', 'yard': ''}",20.88,19.2601,16199,14941.89294026377,7083101080020,2234814,ASP,HRB,淺水灣/壽臣山,1994/02,1994,32,B,7.0,1,blank,37 REPULSE BAY RD,淺水灣道 37號,True,POINT Z (22.246416 114.19145 0),22.246416,114.19145
203,2007-11-13,"37 REPULSE BAY RD(Block 1),REPULSE BAY RD|淺水灣道 37號1座,淺水灣道",16936.63620881569,1225,882,"{'bay_window': '56', 'flat_roof': '', 'roof': '', 'ac_platform': '', 'plant_room': '', 'garden': '', 'yard': ''}",16.0,14.1859,18141,16083.786848072565,7111600450182,2305439,ASP,HRB,淺水灣/壽臣山,1994/02,1994,32,A,17.0,1,blank,37 REPULSE BAY RD,淺水灣道 37號,True,POINT Z (22.246416 114.19145 0),22.246416,114.19145
204,2008-03-15,"37 REPULSE BAY RD(Block 1),REPULSE BAY RD|淺水灣道 37號1座,淺水灣道",17084.32911210409,1225,882,"{'bay_window': '56', 'flat_roof': '', 'roof': '', 'ac_platform': '', 'plant_room': '', 'garden': '', 'yard': ''}",18.0,15.9592,20408,18094.33106575964,8040901490030,2471853,ASP,HRB,淺水灣/壽臣山,1994/02,1994,32,A,2.0,1,blank,37 REPULSE BAY RD,淺水灣道 37號,True,POINT Z (22.246416 114.19145 0),22.246416,114.19145
205,2008-05-13,"37 REPULSE BAY RD(Block 1),REPULSE BAY RD|淺水灣道 37號1座,淺水灣道",17439.352189353096,1225,882,"{'bay_window': '56', 'flat_roof': '', 'roof': '', 'ac_platform': '', 'plant_room': '', 'garden': '', 'yard': ''}",18.0,15.9592,20408,18094.33106575964,8052701010065,2515704,ASP,HRB,淺水灣/壽臣山,1994/02,1994,32,A,11.0,1,blank,37 REPULSE BAY RD,淺水灣道 37號,True,POINT Z (22.246416 114.19145 0),22.246416,114.19145
206,2008-12-18,"37 REPULSE BAY RD(Block 1),REPULSE BAY RD|淺水灣道 37號1座,淺水灣道",17674.70122456887,1745,1289,"{'bay_window': '44', 'flat_roof': '', 'roof': '', 'ac_platform': '', 'plant_room': '', 'garden': '', 'yard': ''}",21.0,19.3708,16292,15027.7734678045,8123001600013,2656240,PRO-ASP,HRB,淺水灣/壽臣山,1994/02,1994,32,B,17.0,1,blank,37 REPULSE BAY RD,淺水灣道 37號,True,POINT Z (22.246416 114.19145 0),22.246416,114.19145
207,2009-05-04,"37 REPULSE BAY RD(Block 1),REPULSE BAY RD|淺水灣道 37號1座,淺水灣道",20220.14402996559,0,1862,"{'bay_window': '', 'flat_roof': '', 'roof': '', 'ac_platform': '', 'plant_room': '', 'garden': '', 'yard': ''}",38.4,36.3377,20623,19515.413533834588,9052600540035,2741423,PRO-ASP,HRB,淺水灣/壽臣山,1994/02,1994,32,A,22.0,1,blank,37 REPULSE BAY RD,淺水灣道 37號,True,POINT Z (22.246416 114.19145 0),22.246416,114.19145
208,2009-06-24,"37 REPULSE BAY RD(Block 1),REPULSE BAY RD|淺水灣道 37號1座,淺水灣道",16143.426347067449,1745,1289,"{'bay_window': '44', 'flat_roof': '', 'roof': '', 'ac_platform': '', 'plant_room': '', 'garden': '', 'yard': ''}",23.0,21.2157,17843,16459.038013964313,9072103160011,2797088,PRO-ASP,HRB,淺水灣/壽臣山,1994/02,1994,32,B,4.0,1,blank,37 REPULSE BAY RD,淺水灣道 37號,True,POINT Z (22.246416 114.19145 0),22.246416,114.19145
209,2009-07-25,"37 REPULSE BAY RD(Block 1),REPULSE BAY RD|淺水灣道 37號1座,淺水灣道",17260.991819204646,1745,1289,"{'bay_window': '44', 'flat_roof': '', 'roof': '', 'ac_platform': '', 'plant_room': '', 'garden': '', 'yard': ''}",25.0,23.0605,19395,17890.22498060512,9081101430012,2818713,PRE-ASP,HRB,淺水灣/壽臣山,1994/02,1994,32,B,3.0,1,blank,37 REPULSE BAY RD,淺水灣道 37號,True,POINT Z (22.246416 114.19145 0),22.246416,114.19145
210,2009-10-07,"37 REPULSE BAY RD(Block 1),REPULSE BAY RD|淺水灣道 37號1座,淺水灣道",15541.26022122999,1225,882,"{'bay_window': '56', 'flat_roof': '', 'roof': '', 'ac_platform': '', 'plant_room': '', 'garden': '', 'yard': ''}",16.9,14.983899999999998,19161,16988.548752834464,9101902200017,2888121,ASP,HRB,淺水灣/壽臣山,1994/02,1994,32,A,17.0,1,blank,37 REPULSE BAY RD,淺水灣道 37號,True,POINT Z (22.246416 114.19145 0),22.246416,114.19145
211,2009-10-08,"37 REPULSE BAY RD(Block 1),REPULSE BAY RD|淺水灣道 37號1座,淺水灣道",14142.495978652909,1225,882,"{'bay_window': '56', 'flat_roof': '', 'roof': '', 'ac_platform': '', 'plant_room': '', 'garden': '', 'yard': ''}",15.379,13.6353,17437,15459.52380952381,9110500260044,2906213,ASP,HRB,淺水灣/壽臣山,1994/02,1994,32,A,1.0,1,blank,37 REPULSE BAY RD,淺水灣道 37號,True,POINT Z (22.246416 114.19145 0),22.246416,114.19145
212,2010-01-20,"37 REPULSE BAY RD(Block 1),REPULSE BAY RD|淺水灣道 37號1座,淺水灣道",15119.8178856379,1225,882,"{'bay_window': '56', 'flat_roof': '', 'roof': '', 'ac_platform': '', 'plant_room': '', 'garden': '', 'yard': ''}",16.8,14.8952,19048,16887.98185941043,10021200790013,3003344,MEM-ASP,HRB,淺水灣/壽臣山,1994/02,1994,32,A,13.0,1,blank,37 REPULSE BAY RD,淺水灣道 37號,True,POINT Z (22.246416 114.19145 0),22.246416,114.19145
213,2010-04-26,"37 REPULSE BAY RD(Block 1),REPULSE BAY RD|淺水灣道 37號1座,淺水灣道",14880.831043889451,1225,882,"{'bay_window': '56', 'flat_roof': '', 'roof': '', 'ac_platform': '', 'plant_room': '', 'garden': '', 'yard': ''}",17.45,15.4715,19785,17541.38321995465,10043000840025,3080029,ASP,HRB,淺水灣/壽臣山,1994/02,1994,32,A,19.0,1,blank,37 REPULSE BAY RD,淺水灣道 37號,True,POINT Z (22.246416 114.19145 0),22.246416,114.19145
214,2010-08-11,"37 REPULSE BAY RD(Block 1),REPULSE BAY RD|淺水灣道 37號1座,淺水灣道",17083.2291651098,1745,1289,"{'bay_window': '44', 'flat_roof': '', 'roof': '', 'ac_platform': '', 'plant_room': '', 'garden': '', 'yard': ''}",30.33,27.977,23530,21704.4220325834,10090901390026,3218222,PRO-ASP,HRB,淺水灣/壽臣山,1994/02,1994,32,B,2.0,1,blank,37 REPULSE BAY RD,淺水灣道 37號,True,POINT Z (22.246416 114.19145 0),22.246416,114.19145
215,2011-01-29,"37 REPULSE BAY RD(Block 1),REPULSE BAY RD|淺水灣道 37號1座,淺水灣道",13900.19226440646,1225,882,"{'bay_window': '56', 'flat_roof': '', 'roof': '', 'ac_platform': '', 'plant_room': '', 'garden': '', 'yard': ''}",18.7,16.5798,21202,18797.95918367347,11021402200501,3387169,ASP,HRB,淺水灣/壽臣山,1994/02,1994,32,A,2.0,1,blank,37 REPULSE BAY RD,淺水灣道 37號,True,POINT Z (22.246416 114.19145 0),22.246416,114.19145
216,2012-10-13,"37 REPULSE BAY RD(Block 1),REPULSE BAY RD|淺水灣道 37號1座,淺水灣道",16192.260182793148,1745,1289,"{'bay_window': '44', 'flat_roof': '', 'roof': '', 'ac_platform': '', 'plant_room': '', 'garden': '', 'yard': ''}",39.0,35.9744,30256,27908.76648564779,12110601630012,3845551,PRO-ASP,HRB,淺水灣/壽臣山,1994/02,1994,32,B,3.0,1,blank,37 REPULSE BAY RD,淺水灣道 37號,True,POINT Z (22.246416 114.19145 0),22.246416,114.19145
217,2013-07-09,"37 REPULSE BAY RD(Block 1),REPULSE BAY RD|淺水灣道 37號1座,淺水灣道",14905.13041000705,1745,1289,"{'bay_window': '44', 'flat_roof': '', 'roof': '', 'ac_platform': '', 'plant_room': '', 'garden': '', 'yard': ''}",37.5,34.5908,29092,26835.376260667184,13080201530043,4015413,PRO-ASP,HRB,淺水灣/壽臣山,1994/02,1994,32,B,2.0,1,blank,37 REPULSE BAY RD,淺水灣道 37號,True,POINT Z (22.246416 114.19145 0),22.246416,114.19145
218,2016-02-16,"37 REPULSE BAY RD(Block 1),REPULSE BAY RD|淺水灣道 37號1座,淺水灣道",11403.366842428102,1225,882,"{'bay_window': '56', 'flat_roof': '', 'roof': '', 'ac_platform': '', 'plant_room': '', 'garden': '', 'yard': ''}",19.38,19.38,21973,21972.789115646257,16030301230024,4480993,PRE-ASP,HRB,淺水灣/壽臣山,1994/02,1994,32,A,10.0,1,blank,37 REPULSE BAY RD,淺水灣道 37號,False,POINT Z (22.246416 114.19145 0),22.246416,114.19145
219,2016-07-26,"37 REPULSE BAY RD(Block 1),REPULSE BAY RD|淺水灣道 37號1座,淺水灣道",9207.358039600733,1225,882,"{'bay_window': '56', 'flat_roof': '', 'roof': '', 'ac_platform': '', 'plant_room': '', 'garden': '', 'yard': ''}",18.0,15.9592,20408,18094.33106575964,16080302230198,4540871,ASP,HRB,淺水灣/壽臣山,1994/02,1994,32,A,1.0,1,blank,37 REPULSE BAY RD,淺水灣道 37號,True,POINT Z (22.246416 114.19145 0),22.246416,114.19145
220,2016-08-17,"37 REPULSE BAY RD(Block 1),REPULSE BAY RD|淺水灣道 37號1座,淺水灣道",10553.730794864205,1225,882,"{'bay_window': '56', 'flat_roof': '', 'roof': '', 'ac_platform': '', 'plant_room': '', 'garden': '', 'yard': ''}",20.895,18.526,23690,21004.53514739229,16082302340072,4550400,ASP,HRB,淺水灣/壽臣山,1994/02,1994,32,A,5.0,1,blank,37 REPULSE BAY RD,淺水灣道 37號,True,POINT Z (22.246416 114.19145 0),22.246416,114.19145
221,2016-09-08,"37 REPULSE BAY RD(Block 1),REPULSE BAY RD|淺水灣道 37號1座,淺水灣道",10051.224710407882,1225,882,"{'bay_window': '56', 'flat_roof': '', 'roof': '', 'ac_platform': '', 'plant_room': '', 'garden': '', 'yard': ''}",20.8,18.4417,23583,20908.95691609977,16091500320111,4561702,ASP,HRB,淺水灣/壽臣山,1994/02,1994,32,A,3.0,1,blank,37 REPULSE BAY RD,淺水灣道 37號,True,POINT Z (22.246416 114.19145 0),22.246416,114.19145
222,2017-01-10,"37 REPULSE BAY RD(Block 1),REPULSE BAY RD|淺水灣道 37號1座,淺水灣道",11112.747292983177,1225,882,"{'bay_window': '56', 'flat_roof': '', 'roof': '', 'ac_platform': '', 'plant_room': '', 'garden': '', 'yard': ''}",21.0,21.0,23810,23809.52380952381,17012501880119,4638249,ASP,HRB,淺水灣/壽臣山,1994/02,1994,32,A,10.0,1,blank,37 REPULSE BAY RD,淺水灣道 37號,False,POINT Z (22.246416 114.19145 0),22.246416,114.19145
223,2017-05-25,"37 REPULSE BAY RD(Block 1),REPULSE BAY RD|淺水灣道 37號1座,淺水灣道",12095.42655128078,1225,882,"{'bay_window': '56', 'flat_roof': '', 'roof': '', 'ac_platform': '', 'plant_room': '', 'garden': '', 'yard': ''}",27.0,23.9388,30612,27141.496598639456,17061402440011,4718355,ASP,HRB,淺水灣/壽臣山,1994/02,1994,32,A,18.0,1,blank,37 REPULSE BAY RD,淺水灣道 37號,True,POINT Z (22.246416 114.19145 0),22.246416,114.19145
224,2018-05-07,"37 REPULSE BAY RD(Block 1),REPULSE BAY RD|淺水灣道 37號1座,淺水灣道",13157.48877148909,1225,882,"{'bay_window': '56', 'flat_roof': '', 'roof': '', 'ac_platform': '', 'plant_room': '', 'garden': '', 'yard': ''}",29.3,29.3,33220,33219.95464852608,18052100260015,5360527,ASP,HRB,淺水灣/壽臣山,1994/02,1994,32,A,19.0,1,blank,37 REPULSE BAY RD,淺水灣道 37號,False,POINT Z (22.246416 114.19145 0),22.246416,114.19145
225,2018-11-05,"37 REPULSE BAY RD(Block 1),REPULSE BAY RD|淺水灣道 37號1座,淺水灣道",12714.004484241144,1225,882,"{'bay_window': '56', 'flat_roof': '', 'roof': '', 'ac_platform': '', 'plant_room': '', 'garden': '', 'yard': ''}",27.0,27.0,30612,30612.244897959183,18111300910040,5459413,ASP,HRB,淺水灣/壽臣山,1994/02,1994,32,A,8.0,1,blank,37 REPULSE BAY RD,淺水灣道 37號,False,POINT Z (22.246416 114.19145 0),22.246416,114.19145
226,2021-07-26,"37 REPULSE BAY RD(Block 1),REPULSE BAY RD|淺水灣道 37號1座,淺水灣道",16511.575033590554,1745,1289,"{'bay_window': '44', 'flat_roof': '', 'roof': '', 'ac_platform': '', 'plant_room': '', 'garden': '', 'yard': ''}",55.5,55.5,43057,43056.6330488751,21081302030116,5977932,ASP,HRB,淺水灣/壽臣山,1994/02,1994,32,B,3.0,1,blank,37 REPULSE BAY RD,淺水灣道 37號,False,POINT Z (22.246416 114.19145 0),22.246416,114.19145
227,2024-08-19,"37 REPULSE BAY RD(Block 1),REPULSE BAY RD|淺水灣道 37號1座,淺水灣道",11228.162891315336,1225,882,"{'bay_window': '56', 'flat_roof': '', 'roof': '', 'ac_platform': '', 'plant_room': '', 'garden': '', 'yard': ''}",18.5,18.5,20975,20975.056689342404,24082301570184,6469967,ASP,HRB,淺水灣/壽臣山,1994/02,1994,32,A,1.0,1,blank,37 REPULSE BAY RD,淺水灣道 37號,False,POINT Z (22.246416 114.19145 0),22.246416,114.19145
228,2025-05-01,"37 REPULSE BAY RD(Block 1),REPULSE BAY RD|淺水灣道 37號1座,淺水灣道",17679.65817404381,1745,1289,"{'bay_window': '44', 'flat_roof': '', 'roof': '', 'ac_platform': '', 'plant_room': '', 'garden': '', 'yard': ''}",40.86,40.86,31699,31698.991466252908,25052101870044,6587790,PRO-ASP,HRB,淺水灣/壽臣山,1994/02,1994,32,B,15.0,1,blank,37 REPULSE BAY RD,淺水灣道 37號,False,POINT Z (22.246416 114.19145 0),22.246416,114.19145
229,1995-11-01,"PINE CREST,REPULSE BAY RD|松苑,淺水灣道",6827.96875,2250,1920,"{'bay_window': '', 'flat_roof': '', 'roof': '', 'ac_platform': '', 'plant_room': '', 'garden': '', 'yard': ''}",13.83,13.1097,7203,6827.96875,6470756,4780250,ASP,HRB,淺水灣/壽臣山,1982/11,1982,44,A,11.0,blank,blank,blank,,True,POINT Z (22.2391516 114.1896142 0),22.2391516,114.1896142
230,1996-01-29,"PINE CREST,REPULSE BAY RD|松苑,淺水灣道",8235.0,2250,1920,"{'bay_window': '', 'flat_roof': '', 'roof': '', 'ac_platform': '', 'plant_room': '', 'garden': '', 'yard': ''}",16.68,15.8112,8688,8235.0,6531719,4797089,ASP,HRB,淺水灣/壽臣山,1982/11,1982,44,A,14.0,blank,blank,blank,,True,POINT Z (22.2391516 114.1896142 0),22.2391516,114.1896142
231,1996-02-15,"PINE CREST,REPULSE BAY RD|松苑,淺水灣道",8541.145833333334,2250,1920,"{'bay_window': '', 'flat_roof': '', 'roof': '', 'ac_platform': '', 'plant_room': '', 'garden': '', 'yard': ''}",17.3,16.399,9010,8541.145833333334,6552792,4807692,ASP,HRB,淺水灣/壽臣山,1982/11,1982,44,B,19.0,blank,blank,blank,,True,POINT Z (22.2391516 114.1896142 0),22.2391516,114.1896142
232,1996-02-09,"PINE CREST,REPULSE BAY RD|松苑,淺水灣道",8294.270833333334,2250,1920,"{'bay_window': '', 'flat_roof': '', 'roof': '', 'ac_platform': '', 'plant_room': '', 'garden': '', 'yard': ''}",16.8,15.925,8750,8294.270833333334,6568914,4811715,ASP,HRB,淺水灣/壽臣山,1982/11,1982,44,A,18.0,blank,blank,blank,,True,POINT Z (22.2391516 114.1896142 0),22.2391516,114.1896142
233,1996-05-15,"PINE CREST,REPULSE BAY RD|松苑,淺水灣道",8195.520833333334,2250,1920,"{'bay_window': '', 'flat_roof': '', 'roof': '', 'ac_platform': '', 'plant_room': '', 'garden': '', 'yard': ''}",16.6,15.735400000000002,8646,8195.520833333334,6628080,4838047,ASP,HRB,淺水灣/壽臣山,1982/11,1982,44,A,2.0,blank,blank,blank,,True,POINT Z (22.2391516 114.1896142 0),22.2391516,114.1896142
234,1996-05-09,"PINE CREST,REPULSE BAY RD|松苑,淺水灣道",9568.020833333334,2250,1920,"{'bay_window': '', 'flat_roof': '', 'roof': '', 'ac_platform': '', 'plant_room': '', 'garden': '', 'yard': ''}",19.38,18.3706,10094,9568.020833333334,6636929,4842019,SUB-ASP,HRB,淺水灣/壽臣山,1982/11,1982,44,B,19.0,blank,blank,blank,,True,POINT Z (22.2391516 114.1896142 0),22.2391516,114.1896142
235,1996-05-01,"PINE CREST,REPULSE BAY RD|松苑,淺水灣道",9207.604166666666,2250,1920,"{'bay_window': '', 'flat_roof': '', 'roof': '', 'ac_platform': '', 'plant_room': '', 'garden': '', 'yard': ''}",18.65,17.6786,9714,9207.604166666666,6667442,4852366,PRO-ASP,HRB,淺水灣/壽臣山,1982/11,1982,44,A,6.0,blank,blank,blank,,True,POINT Z (22.2391516 114.1896142 0),22.2391516,114.1896142
236,1996-06-01,"PINE CREST,REPULSE BAY RD|松苑,淺水灣道",9568.020833333334,2250,1920,"{'bay_window': '', 'flat_roof': '', 'roof': '', 'ac_platform': '', 'plant_room': '', 'garden': '', 'yard': ''}",19.38,18.3706,10094,9568.020833333334,6677199,4856603,ASP,HRB,淺水灣/壽臣山,1982/11,1982,44,A,10.0,blank,blank,blank,,True,POINT Z (22.2391516 114.1896142 0),22.2391516,114.1896142
237,1996-06-01,"PINE CREST,REPULSE BAY RD|松苑,淺水灣道",8393.020833333334,2250,1920,"{'bay_window': '', 'flat_roof': '', 'roof': '', 'ac_platform': '', 'plant_room': '', 'garden': '', 'yard': ''}",17.0,16.1146,8854,8393.020833333334,6679065,4856604,ASP,HRB,淺水灣/壽臣山,1982/11,1982,44,B,12.0,blank,blank,blank,,True,POINT Z (22.2391516 114.1896142 0),22.2391516,114.1896142
238,1996-05-29,"PINE CREST,REPULSE BAY RD|松苑,淺水灣道",8639.84375,2250,1920,"{'bay_window': '', 'flat_roof': '', 'roof': '', 'ac_platform': '', 'plant_room': '', 'garden': '', 'yard': ''}",17.5,16.5885,9115,8639.84375,6702219,4949231,ASP,HRB,淺水灣/壽臣山,1982/11,1982,44,B,1.0,blank,blank,blank,,True,POINT Z (22.2391516 114.1896142 0),22.2391516,114.1896142
239,1996-09-03,"PINE CREST,REPULSE BAY RD|松苑,淺水灣道",9775.364583333334,2250,1920,"{'bay_window': '', 'flat_roof': '', 'roof': '', 'ac_platform': '', 'plant_room': '', 'garden': '', 'yard': ''}",19.8,18.7687,10313,9775.364583333334,6753561,4880776,ASP,HRB,淺水灣/壽臣山,1982/11,1982,44,B,10.0,blank,blank,blank,,True,POINT Z (22.2391516 114.1896142 0),22.2391516,114.1896142
240,1997-01-09,"PINE CREST,REPULSE BAY RD|松苑,淺水灣道",12589.53125,2250,1920,"{'bay_window': '', 'flat_roof': '', 'roof': '', 'ac_platform': '', 'plant_room': '', 'garden': '', 'yard': ''}",25.5,24.1719,13281,12589.53125,6899422,4959743,PRO-ASP,HRB,淺水灣/壽臣山,1982/11,1982,44,B,7.0,blank,blank,blank,,True,POINT Z (22.2391516 114.1896142 0),22.2391516,114.1896142
241,1997-02-04,"PINE CREST,REPULSE BAY RD|松苑,淺水灣道",12538.40498031805,2250,1920,"{'bay_window': '', 'flat_roof': '', 'roof': '', 'ac_platform': '', 'plant_room': '', 'garden': '', 'yard': ''}",26.0,24.6458,13542,12836.354166666666,6936947,4972070,SUB-ASP,HRB,淺水灣/壽臣山,1982/11,1982,44,B,8.0,blank,blank,blank,,True,POINT Z (22.2391516 114.1896142 0),22.2391516,114.1896142
242,1997-02-25,"PINE CREST,REPULSE BAY RD|松苑,淺水灣道",14370.952050390988,2250,1920,"{'bay_window': '', 'flat_roof': '', 'roof': '', 'ac_platform': '', 'plant_room': '', 'garden': '', 'yard': ''}",29.8,28.2479,15521,14712.447916666666,6980625,4980793,ASP,HRB,淺水灣/壽臣山,1982/11,1982,44,A,18.0,blank,blank,blank,,True,POINT Z (22.2391516 114.1896142 0),22.2391516,114.1896142
243,1997-04-02,"PINE CREST,REPULSE BAY RD|松苑,淺水灣道",13063.623383880082,2250,1920,"{'bay_window': '', 'flat_roof': '', 'roof': '', 'ac_platform': '', 'plant_room': '', 'garden': '', 'yard': ''}",29.5,27.9635,15365,14564.322916666666,7060763,5022931,ASP,HRB,淺水灣/壽臣山,1982/11,1982,44,B,7.0,blank,blank,blank,,True,POINT Z (22.2391516 114.1896142 0),22.2391516,114.1896142
244,1997-06-12,"PINE CREST,REPULSE BAY RD|松苑,淺水灣道",14587.467821347756,2250,1920,"{'bay_window': '', 'flat_roof': '', 'roof': '', 'ac_platform': '', 'plant_room': '', 'garden': '', 'yard': ''}",36.5,34.599,19010,18020.3125,7132811,5058193,ASP,HRB,淺水灣/壽臣山,1982/11,1982,44,A,8.0,blank,blank,blank,,True,POINT Z (22.2391516 114.1896142 0),22.2391516,114.1896142
245,1997-10-20,"PINE CREST,REPULSE BAY RD|松苑,淺水灣道",14330.250193600616,2250,1920,"{'bay_window': '', 'flat_roof': '', 'roof': '', 'ac_platform': '', 'plant_room': '', 'garden': '', 'yard': ''}",35.68,33.8217,18583,17615.46875,7320601,5124500,ASP,HRB,淺水灣/壽臣山,1982/11,1982,44,A,14.0,blank,blank,blank,,True,POINT Z (22.2391516 114.1896142 0),22.2391516,114.1896142
246,1997-11-05,"PINE CREST,REPULSE BAY RD|松苑,淺水灣道",14325.79633675374,2250,1920,"{'bay_window': '', 'flat_roof': '', 'roof': '', 'ac_platform': '', 'plant_room': '', 'garden': '', 'yard': ''}",33.5,31.7552,17448,16539.166666666668,7347910,5138290,ASP,HRB,淺水灣/壽臣山,1982/11,1982,44,B,5.0,blank,blank,blank,,True,POINT Z (22.2391516 114.1896142 0),22.2391516,114.1896142
247,1998-05-16,"PINE CREST,REPULSE BAY RD|松苑,淺水灣道",10701.724922357873,2250,1920,"{'bay_window': '', 'flat_roof': '', 'roof': '', 'ac_platform': '', 'plant_room': '', 'garden': '', 'yard': ''}",19.5,18.4844,10156,9627.291666666666,7498982,5199957,ASP,HRB,淺水灣/壽臣山,1982/11,1982,44,A,2.0,blank,blank,blank,,True,POINT Z (22.2391516 114.1896142 0),22.2391516,114.1896142
248,1998-07-24,"PINE CREST,REPULSE BAY RD|松苑,淺水灣道",11734.41605871392,2250,1920,"{'bay_window': '', 'flat_roof': '', 'roof': '', 'ac_platform': '', 'plant_room': '', 'garden': '', 'yard': ''}",18.0,17.0625,9375,8886.71875,7546327,9973,ASP,HRB,淺水灣/壽臣山,1982/11,1982,44,A,11.0,blank,blank,blank,,True,POINT Z (22.2391516 114.1896142 0),22.2391516,114.1896142
249,1999-09-15,"PINE CREST,REPULSE BAY RD|松苑,淺水灣道",11838.682739468137,2250,1920,"{'bay_window': '', 'flat_roof': '', 'roof': '', 'ac_platform': '', 'plant_room': '', 'garden': '', 'yard': ''}",17.08,16.190399999999997,8896,8432.499999999998,7883049,299968,ASP,HRB,淺水灣/壽臣山,1982/11,1982,44,B,1.0,blank,blank,blank,,True,POINT Z (22.2391516 114.1896142 0),22.2391516,114.1896142
250,1999-12-14,"PINE CREST,REPULSE BAY RD|松苑,淺水灣道",13164.456752397691,2250,1920,"{'bay_window': '', 'flat_roof': '', 'roof': '', 'ac_platform': '', 'plant_room': '', 'garden': '', 'yard': ''}",18.7,17.726,9740,9232.291666666666,7962577,362731,PRO-ASP,HRB,淺水灣/壽臣山,1982/11,1982,44,A,13.0,blank,blank,blank,,True,POINT Z (22.2391516 114.1896142 0),22.2391516,114.1896142
251,2000-03-13,"PINE CREST,REPULSE BAY RD|松苑,淺水灣道",14026.030126486035,2250,1920,"{'bay_window': '', 'flat_roof': '', 'roof': '', 'ac_platform': '', 'plant_room': '', 'garden': '', 'yard': ''}",20.38,19.3185,10615,10061.71875,8038702,411735,ASP,HRB,淺水灣/壽臣山,1982/11,1982,44,B,9.0,blank,blank,blank,,True,POINT Z (22.2391516 114.1896142 0),22.2391516,114.1896142
252,2000-03-03,"PINE CREST,REPULSE BAY RD|松苑,淺水灣道",15003.354409078514,2250,1920,"{'bay_window': '', 'flat_roof': '', 'roof': '', 'ac_platform': '', 'plant_room': '', 'garden': '', 'yard': ''}",21.8,20.6646,11354,10762.8125,8041188,413371,PRO-ASP,HRB,淺水灣/壽臣山,1982/11,1982,44,B,8.0,blank,blank,blank,,True,POINT Z (22.2391516 114.1896142 0),22.2391516,114.1896142
253,2000-11-06,"PINE CREST,REPULSE BAY RD|松苑,淺水灣道",14998.151221277476,2250,1920,"{'bay_window': '', 'flat_roof': '', 'roof': '', 'ac_platform': '', 'plant_room': '', 'garden': '', 'yard': ''}",18.0,17.0625,9375,8886.71875,8259204,580500,PRO-ASP,HRB,淺水灣/壽臣山,1982/11,1982,44,B,5.0,blank,blank,blank,,True,POINT Z (22.2391516 114.1896142 0),22.2391516,114.1896142
254,2001-08-10,"PINE CREST,REPULSE BAY RD|松苑,淺水灣道",15553.339509734946,2250,1920,"{'bay_window': '', 'flat_roof': '', 'roof': '', 'ac_platform': '', 'plant_room': '', 'garden': '', 'yard': ''}",19.2,18.2,10000,9479.166666666666,8470252,744973,ASP,HRB,淺水灣/壽臣山,1982/11,1982,44,B,19.0,blank,blank,blank,,True,POINT Z (22.2391516 114.1896142 0),22.2391516,114.1896142
255,2001-08-11,"PINE CREST,REPULSE BAY RD|松苑,淺水灣道",15472.325411629294,2250,1920,"{'bay_window': '', 'flat_roof': '', 'roof': '', 'ac_platform': '', 'plant_room': '', 'garden': '', 'yard': ''}",19.1,18.1052,9948,9429.791666666666,8477333,751736,ASP,HRB,淺水灣/壽臣山,1982/11,1982,44,B,6.0,blank,blank,blank,,True,POINT Z (22.2391516 114.1896142 0),22.2391516,114.1896142
256,2001-10-19,"PINE CREST,REPULSE BAY RD|松苑,淺水灣道",13098.785968304548,2250,1920,"{'bay_window': '', 'flat_roof': '', 'roof': '', 'ac_platform': '', 'plant_room': '', 'garden': '', 'yard': ''}",15.15,14.3609,7891,7479.635416666667,8532719,796047,PRO-ASP,HRB,淺水灣/壽臣山,1982/11,1982,44,A,4.0,blank,blank,blank,,True,POINT Z (22.2391516 114.1896142 0),22.2391516,114.1896142
257,2001-10-22,"PINE CREST,REPULSE BAY RD|松苑,淺水灣道",12260.187842890458,2250,1920,"{'bay_window': '', 'flat_roof': '', 'roof': '', 'ac_platform': '', 'plant_room': '', 'garden': '', 'yard': ''}",14.18,13.4415,7385,7000.78125,8534648,797942,ASP,HRB,淺水灣/壽臣山,1982/11,1982,44,B,3.0,blank,blank,blank,,True,POINT Z (22.2391516 114.1896142 0),22.2391516,114.1896142
258,2004-01-08,"PINE CREST,REPULSE BAY RD|松苑,淺水灣道",16651.313721948325,2250,1920,"{'bay_window': '', 'flat_roof': '', 'roof': '', 'ac_platform': '', 'plant_room': '', 'garden': '', 'yard': ''}",20.4,19.3375,10625,10071.614583333334,9112175,1245397,ASP,HRB,淺水灣/壽臣山,1982/11,1982,44,B,13.0,blank,blank,blank,,True,POINT Z (22.2391516 114.1896142 0),22.2391516,114.1896142
259,2004-02-16,"PINE CREST,REPULSE BAY RD|松苑,淺水灣道",15976.58002929764,2250,1920,"{'bay_window': '', 'flat_roof': '', 'roof': '', 'ac_platform': '', 'plant_room': '', 'garden': '', 'yard': ''}",21.0,19.9062,10938,10367.8125,9150386,1275429,ASP,HRB,淺水灣/壽臣山,1982/11,1982,44,B,1.0,blank,blank,blank,,True,POINT Z (22.2391516 114.1896142 0),22.2391516,114.1896142
260,2004-03-15,"PINE CREST,REPULSE BAY RD|松苑,淺水灣道",19817.19462816946,2250,1920,"{'bay_window': '', 'flat_roof': '', 'roof': '', 'ac_platform': '', 'plant_room': '', 'garden': '', 'yard': ''}",25.99,24.6364,13536,12831.458333333334,9173944,1297592,ASP,HRB,淺水灣/壽臣山,1982/11,1982,44,B,19.0,blank,blank,blank,,True,POINT Z (22.2391516 114.1896142 0),22.2391516,114.1896142
261,2004-06-16,"PINE CREST,REPULSE BAY RD|松苑,淺水灣道",18979.663641237006,2250,1920,"{'bay_window': '', 'flat_roof': '', 'roof': '', 'ac_platform': '', 'plant_room': '', 'garden': '', 'yard': ''}",26.88,25.48,14000,13270.833333333334,9270707,1375799,ASP,HRB,淺水灣/壽臣山,1982/11,1982,44,B,10.0,blank,blank,blank,,True,POINT Z (22.2391516 114.1896142 0),22.2391516,114.1896142
262,2004-08-02,"PINE CREST,REPULSE BAY RD|松苑,淺水灣道",15346.193530525885,2250,1920,"{'bay_window': '', 'flat_roof': '', 'roof': '', 'ac_platform': '', 'plant_room': '', 'garden': '', 'yard': ''}",23.65,22.4182,12318,11676.145833333334,9313307,1404273,ASP,HRB,淺水灣/壽臣山,1982/11,1982,44,B,7.0,blank,blank,blank,,True,POINT Z (22.2391516 114.1896142 0),22.2391516,114.1896142
263,2004-09-24,"PINE CREST,REPULSE BAY RD|松苑,淺水灣道",17682.412603784996,2250,1920,"{'bay_window': '', 'flat_roof': '', 'roof': '', 'ac_platform': '', 'plant_room': '', 'garden': '', 'yard': ''}",24.5,23.224,12760,12095.833333333334,9340886,1423676,ASP,HRB,淺水灣/壽臣山,1982/11,1982,44,A,4.0,blank,blank,blank,,True,POINT Z (22.2391516 114.1896142 0),22.2391516,114.1896142
264,2004-10-14,"PINE CREST,REPULSE BAY RD|松苑,淺水灣道",12868.968000796896,2250,1920,"{'bay_window': '', 'flat_roof': '', 'roof': '', 'ac_platform': '', 'plant_room': '', 'garden': '', 'yard': ''}",19.1,18.1052,9948,9429.791666666666,9364811,1451456,ASP,HRB,淺水灣/壽臣山,1982/11,1982,44,A,1.0,blank,blank,blank,,True,POINT Z (22.2391516 114.1896142 0),22.2391516,114.1896142
265,2006-03-01,"PINE CREST,REPULSE BAY RD|松苑,淺水灣道",19761.61218736067,2250,1920,"{'bay_window': '', 'flat_roof': '', 'roof': '', 'ac_platform': '', 'plant_room': '', 'garden': '', 'yard': ''}",29.79,28.2384,15516,14707.5,6031600200010,1836529,ASP,HRB,淺水灣/壽臣山,1982/11,1982,44,A,13.0,blank,blank,blank,,True,POINT Z (22.2391516 114.1896142 0),22.2391516,114.1896142
266,2006-09-12,"PINE CREST,REPULSE BAY RD|松苑,淺水灣道",19286.99126837783,2250,1862,"{'bay_window': '', 'flat_roof': '', 'roof': '', 'ac_platform': '', 'plant_room': '', 'garden': '', 'yard': ''}",28.8,27.2533,15467,14636.57357679914,6091601610026,1963953,ASP,HRB,淺水灣/壽臣山,1982/11,1982,44,B,8.0,blank,blank,blank,,True,POINT Z (22.2391516 114.1896142 0),22.2391516,114.1896142
267,2007-03-30,"PINE CREST,REPULSE BAY RD|松苑,淺水灣道",23147.49304822952,2250,1862,"{'bay_window': '', 'flat_roof': '', 'roof': '', 'ac_platform': '', 'plant_room': '', 'garden': '', 'yard': ''}",36.0,34.0666,19334,18295.703544575725,7041100930023,2101260,ASP,HRB,淺水灣/壽臣山,1982/11,1982,44,B,6.0,blank,blank,blank,,True,POINT Z (22.2391516 114.1896142 0),22.2391516,114.1896142
268,2007-04-04,"PINE CREST,REPULSE BAY RD|松苑,淺水灣道",21311.9631016392,2250,1862,"{'bay_window': '', 'flat_roof': '', 'roof': '', 'ac_platform': '', 'plant_room': '', 'garden': '', 'yard': ''}",33.99,32.164500000000004,18255,17274.167561761547,7042101580173,2112315,PRO-ASP,HRB,淺水灣/壽臣山,1982/11,1982,44,A,5.0,blank,blank,blank,,True,POINT Z (22.2391516 114.1896142 0),22.2391516,114.1896142
269,2007-08-31,"PINE CREST,REPULSE BAY RD|松苑,淺水灣道",22472.690172811574,2250,1862,"{'bay_window': '', 'flat_roof': '', 'roof': '', 'ac_platform': '', 'plant_room': '', 'garden': '', 'yard': ''}",37.5,35.486,20140,19058.00214822771,7092701650116,2258015,PRO-ASP,HRB,淺水灣/壽臣山,1982/11,1982,44,A,18.0,blank,blank,blank,,True,POINT Z (22.2391516 114.1896142 0),22.2391516,114.1896142
270,2007-10-23,"PINE CREST,REPULSE BAY RD|松苑,淺水灣道",19713.464637223013,2250,1862,"{'bay_window': '', 'flat_roof': '', 'roof': '', 'ac_platform': '', 'plant_room': '', 'garden': '', 'yard': ''}",35.0,33.1203,18797,17787.4865735768,7110102520031,2288450,ASP,HRB,淺水灣/壽臣山,1982/11,1982,44,B,4.0,blank,blank,blank,,True,POINT Z (22.2391516 114.1896142 0),22.2391516,114.1896142
271,2008-01-15,"PINE CREST,REPULSE BAY RD|松苑,淺水灣道",16998.49166342011,2250,1862,"{'bay_window': '', 'flat_roof': '', 'roof': '', 'ac_platform': '', 'plant_room': '', 'garden': '', 'yard': ''}",34.5,32.6472,18528,17533.404940923734,8020102650025,2400778,ASP,HRB,淺水灣/壽臣山,1982/11,1982,44,A,1.0,blank,blank,blank,,True,POINT Z (22.2391516 114.1896142 0),22.2391516,114.1896142
272,2010-05-04,"PINE CREST,REPULSE BAY RD|松苑,淺水灣道",23479.375211575338,2250,1862,"{'bay_window': '', 'flat_roof': '', 'roof': '', 'ac_platform': '', 'plant_room': '', 'garden': '', 'yard': ''}",55.0,52.0462,29538,27951.772287862517,10051701590027,3096256,ASP,HRB,淺水灣/壽臣山,1982/11,1982,44,B,14.0,blank,blank,blank,,True,POINT Z (22.2391516 114.1896142 0),22.2391516,114.1896142
273,2011-05-31,"PINE CREST,REPULSE BAY RD|松苑,淺水灣道",19231.848767322503,2250,1862,"{'bay_window': '', 'flat_roof': '', 'roof': '', 'ac_platform': '', 'plant_room': '', 'garden': '', 'yard': ''}",57.3,54.2227,30773,29120.676691729324,11061700370016,3507959,ASP,HRB,淺水灣/壽臣山,1982/11,1982,44,A,1.0,blank,blank,blank,,True,POINT Z (22.2391516 114.1896142 0),22.2391516,114.1896142
274,2012-07-23,"PINE CREST,REPULSE BAY RD|松苑,淺水灣道",21717.582418935053,2250,1862,"{'bay_window': '', 'flat_roof': '', 'roof': '', 'ac_platform': '', 'plant_room': '', 'garden': '', 'yard': ''}",69.2,65.4836,37164,35168.42105263157,12081501610033,3780509,PRE-ASP,HRB,淺水灣/壽臣山,1982/11,1982,44,B,10.0,blank,blank,blank,,True,POINT Z (22.2391516 114.1896142 0),22.2391516,114.1896142
275,2012-10-15,"PINE CREST,REPULSE BAY RD|松苑,淺水灣道",16364.625989246531,2250,1862,"{'bay_window': '', 'flat_roof': '', 'roof': '', 'ac_platform': '', 'plant_room': '', 'garden': '', 'yard': ''}",55.5,52.5193,29807,28205.853920515576,12110901060012,3849339,PRE-ASP,HRB,淺水灣/壽臣山,1982/11,1982,44,B,2.0,blank,blank,blank,,True,POINT Z (22.2391516 114.1896142 0),22.2391516,114.1896142
276,2012-12-13,"PINE CREST,REPULSE BAY RD|松苑,淺水灣道",18089.40904345808,2250,1862,"{'bay_window': '', 'flat_roof': '', 'roof': '', 'ac_platform': '', 'plant_room': '', 'garden': '', 'yard': ''}",61.5,58.1971,33029,31255.15574650913,13010300840033,3893435,ASP,HRB,淺水灣/壽臣山,1982/11,1982,44,B,7.0,blank,blank,blank,,True,POINT Z (22.2391516 114.1896142 0),22.2391516,114.1896142
277,2013-10-15,"PINE CREST,REPULSE BAY RD|松苑,淺水灣道",18321.2051861507,2250,1862,"{'bay_window': '', 'flat_roof': '', 'roof': '', 'ac_platform': '', 'plant_room': '', 'garden': '', 'yard': ''}",66.88,63.2882,35918,33989.36627282492,13102801560010,4051985,ASP,HRB,淺水灣/壽臣山,1982/11,1982,44,A,17.0,blank,blank,blank,,True,POINT Z (22.2391516 114.1896142 0),22.2391516,114.1896142
278,2014-12-05,"PINE CREST,REPULSE BAY RD|松苑,淺水灣道",18173.35784760409,2250,1862,"{'bay_window': '', 'flat_roof': '', 'roof': '', 'ac_platform': '', 'plant_room': '', 'garden': '', 'yard': ''}",71.68,67.83040000000001,38496,36428.78625134265,15010201490010,4270116,ASP,HRB,淺水灣/壽臣山,1982/11,1982,44,B,1.0,blank,blank,blank,,True,POINT Z (22.2391516 114.1896142 0),22.2391516,114.1896142
279,2016-07-22,"PINE CREST,REPULSE BAY RD|松苑,淺水灣道",19136.869785997897,2250,1862,"{'bay_window': '', 'flat_roof': '', 'roof': '', 'ac_platform': '', 'plant_room': '', 'garden': '', 'yard': ''}",74.0,70.0258,39742,37607.8410311493,16080101660048,4540022,ASP,HRB,淺水灣/壽臣山,1982/11,1982,44,A,18.0,blank,blank,blank,,True,POINT Z (22.2391516 114.1896142 0),22.2391516,114.1896142
280,2017-03-10,"PINE CREST,REPULSE BAY RD|松苑,淺水灣道",15972.24585464824,2250,1862,"{'bay_window': '', 'flat_roof': '', 'roof': '', 'ac_platform': '', 'plant_room': '', 'garden': '', 'yard': ''}",68.8,65.105,36950,34965.09129967777,17032800970018,4670418,ASP,HRB,淺水灣/壽臣山,1982/11,1982,44,B,15.0,blank,blank,blank,,True,POINT Z (22.2391516 114.1896142 0),22.2391516,114.1896142
281,2017-03-29,"PINE CREST,REPULSE BAY RD|松苑,淺水灣道",16715.15584461899,2250,1862,"{'bay_window': '', 'flat_roof': '', 'roof': '', 'ac_platform': '', 'plant_room': '', 'garden': '', 'yard': ''}",72.0,68.1332,38668,36591.40708915145,17042602120308,4688951,ASP,HRB,淺水灣/壽臣山,1982/11,1982,44,B,4.0,blank,blank,blank,,True,POINT Z (22.2391516 114.1896142 0),22.2391516,114.1896142
282,2018-07-24,"PINE CREST,REPULSE BAY RD|松苑,淺水灣道",15201.022840941696,2250,1862,"{'bay_window': '', 'flat_roof': '', 'roof': '', 'ac_platform': '', 'plant_room': '', 'garden': '', 'yard': ''}",75.0,75.0,40279,40279.26960257787,18082102350044,5418251,ASP,HRB,淺水灣/壽臣山,1982/11,1982,44,B,11.0,blank,blank,blank,,False,POINT Z (22.2391516 114.1896142 0),22.2391516,114.1896142
283,2019-07-25,"PINE CREST,REPULSE BAY RD|松苑,淺水灣道",14424.735597409996,2250,1862,"{'bay_window': '', 'flat_roof': '', 'roof': '', 'ac_platform': '', 'plant_room': '', 'garden': '', 'yard': ''}",70.8,70.8,38024,38023.63050483351,19082000180256,5601359,ASP,HRB,淺水灣/壽臣山,1982/11,1982,44,A,7.0,blank,blank,blank,,False,POINT Z (22.2391516 114.1896142 0),22.2391516,114.1896142
284,2020-08-03,"PINE CREST,REPULSE BAY RD|松苑,淺水灣道",16328.781677827175,2250,1862,"{'bay_window': '', 'flat_roof': '', 'roof': '', 'ac_platform': '', 'plant_room': '', 'garden': '', 'yard': ''}",75.0,75.0,40279,40279.26960257787,20082801250015,5764270,MEM-ASP,HRB,淺水灣/壽臣山,1982/11,1982,44,A,8.0,blank,blank,blank,,False,POINT Z (22.2391516 114.1896142 0),22.2391516,114.1896142
285,2020-11-06,"PINE CREST,REPULSE BAY RD|松苑,淺水灣道",16333.825055144132,2250,1862,"{'bay_window': '', 'flat_roof': '', 'roof': '', 'ac_platform': '', 'plant_room': '', 'garden': '', 'yard': ''}",75.5,75.5,40548,40547.79806659506,20112500100047,5811259,ASP,HRB,淺水灣/壽臣山,1982/11,1982,44,B,16.0,blank,blank,blank,,False,POINT Z (22.2391516 114.1896142 0),22.2391516,114.1896142
286,2021-01-07,"PINE CREST,REPULSE BAY RD|松苑,淺水灣道",15130.918254741178,2250,1862,"{'bay_window': '', 'flat_roof': '', 'roof': '', 'ac_platform': '', 'plant_room': '', 'garden': '', 'yard': ''}",70.4,70.4,37809,37808.80773361976,21012601070018,5847650,MEM-ASP,HRB,淺水灣/壽臣山,1982/11,1982,44,A,17.0,blank,blank,blank,,False,POINT Z (22.2391516 114.1896142 0),22.2391516,114.1896142
287,2021-03-10,"PINE CREST,REPULSE BAY RD|松苑,淺水灣道",14549.821769553577,2250,1862,"{'bay_window': '', 'flat_roof': '', 'roof': '', 'ac_platform': '', 'plant_room': '', 'garden': '', 'yard': ''}",68.8,68.8,36950,36949.516648764766,21031601890025,5875691,ASP,HRB,淺水灣/壽臣山,1982/11,1982,44,A,4.0,blank,blank,blank,,False,POINT Z (22.2391516 114.1896142 0),22.2391516,114.1896142
288,2021-03-25,"PINE CREST,REPULSE BAY RD|松苑,淺水灣道",15818.701575037898,2250,1862,"{'bay_window': '', 'flat_roof': '', 'roof': '', 'ac_platform': '', 'plant_room': '', 'garden': '', 'yard': ''}",74.8,74.8,40172,40171.858216971,21042201510012,5897426,MEM-ASP,HRB,淺水灣/壽臣山,1982/11,1982,44,A,9.0,blank,blank,blank,,False,POINT Z (22.2391516 114.1896142 0),22.2391516,114.1896142
289,2021-05-03,"PINE CREST,REPULSE BAY RD|松苑,淺水灣道",15092.21568949869,2250,1862,"{'bay_window': '', 'flat_roof': '', 'roof': '', 'ac_platform': '', 'plant_room': '', 'garden': '', 'yard': ''}",71.5,71.5,38400,38399.57035445757,21052002350047,5916073,ASP,HRB,淺水灣/壽臣山,1982/11,1982,44,B,7.0,blank,blank,blank,,False,POINT Z (22.2391516 114.1896142 0),22.2391516,114.1896142
290,2021-10-12,"PINE CREST,REPULSE BAY RD|松苑,淺水灣道",16406.57724697258,2250,1862,"{'bay_window': '', 'flat_roof': '', 'roof': '', 'ac_platform': '', 'plant_room': '', 'garden': '', 'yard': ''}",79.0,79.0,42428,42427.49731471536,21110201140091,6028649,ASP,HRB,淺水灣/壽臣山,1982/11,1982,44,B,11.0,blank,blank,blank,,False,POINT Z (22.2391516 114.1896142 0),22.2391516,114.1896142
291,2023-06-01,"PINE CREST,REPULSE BAY RD|松苑,淺水灣道",20626.27448340165,2250,1862,"{'bay_window': '', 'flat_roof': '', 'roof': '', 'ac_platform': '', 'plant_room': '', 'garden': '', 'yard': ''}",83.8,83.8,45005,45005.37056928034,23061901740031,6300658,ASP,HRB,淺水灣/壽臣山,1982/11,1982,44,B,14.0,blank,blank,blank,,False,POINT Z (22.2391516 114.1896142 0),22.2391516,114.1896142
292,2024-09-09,"PINE CREST,REPULSE BAY RD|松苑,淺水灣道",15809.762613539164,2250,1862,"{'bay_window': '', 'flat_roof': '', 'roof': '', 'ac_platform': '', 'plant_room': '', 'garden': '', 'yard': ''}",53.0,53.0,28464,28464.017185821696,24100401420019,6485038,ASP,HRB,淺水灣/壽臣山,1982/11,1982,44,A,4.0,blank,blank,blank,,False,POINT Z (22.2391516 114.1896142 0),22.2391516,114.1896142
293,2025-03-04,"PINE CREST,REPULSE BAY RD|松苑,淺水灣道",17238.289853789036,2250,1862,"{'bay_window': '', 'flat_roof': '', 'roof': '', 'ac_platform': '', 'plant_room': '', 'garden': '', 'yard': ''}",56.8,56.8,30505,30504.83351235231,25031000710054,6553121,ASP,HRB,淺水灣/壽臣山,1982/11,1982,44,B,7.0,blank,blank,blank,,False,POINT Z (22.2391516 114.1896142 0),22.2391516,114.1896142
294,2025-08-15,"PINE CREST,REPULSE BAY RD|松苑,淺水灣道",18645.61567246605,2250,1862,"{'bay_window': '', 'flat_roof': '', 'roof': '', 'ac_platform': '', 'plant_room': '', 'garden': '', 'yard': ''}",65.0,65.0,34909,34908.70032223416,25082501210016,6643384,ASP,HRB,淺水灣/壽臣山,1982/11,1982,44,B,11.0,blank,blank,blank,,False,POINT Z (22.2391516 114.1896142 0),22.2391516,114.1896142
295,1995-11-01,"SOUTH BAY TOWERS,SOUTH BAY RD|南灣大廈,南灣道",7412.87356321839,2699,2175,"{'bay_window': '', 'flat_roof': '', 'roof': '1060', 'ac_platform': '', 'plant_room': '', 'garden': '', 'yard': ''}",16.9,16.122999999999998,7770,7412.87356321839,6475365,4781848,ASP,HRB,淺水灣/壽臣山,1984/11,1984,42,D,29.0,blank,blank,blank,,True,POINT Z (22.2281635 114.2004353 0),22.2281635,114.2004353
296,1996-02-08,"SOUTH BAY TOWERS,SOUTH BAY RD|南灣大廈,南灣道",6156.640444238778,2738,2161,"{'bay_window': '107', 'flat_roof': '', 'roof': '', 'ac_platform': '', 'plant_room': '', 'garden': '', 'yard': ''}",13.95,13.3045,6455,6156.640444238778,6535904,4800105,ASP,HRB,淺水灣/壽臣山,1984/11,1984,42,C,10.0,blank,blank,blank,,True,POINT Z (22.2281635 114.2004353 0),22.2281635,114.2004353
297,1996-02-29,"SOUTH BAY TOWERS,SOUTH BAY RD|南灣大廈,南灣道",6257.117903930131,1433,1145,"{'bay_window': '', 'flat_roof': '', 'roof': '', 'ac_platform': '', 'plant_room': '', 'garden': '', 'yard': ''}",7.85,7.1644,6856,6257.117903930131,6557884,4810379,ASP,HRB,淺水灣/壽臣山,1984/11,1984,42,D,10.0,blank,blank,blank,,True,POINT Z (22.2281635 114.2004353 0),22.2281635,114.2004353
298,1996-03-23,"SOUTH BAY TOWERS,SOUTH BAY RD|南灣大廈,南灣道",7493.89171679778,2738,2161,"{'bay_window': '', 'flat_roof': '', 'roof': '', 'ac_platform': '', 'plant_room': '', 'garden': '', 'yard': ''}",16.98,16.194300000000002,7857,7493.89171679778,6583985,4822286,SUB-ASP,HRB,淺水灣/壽臣山,1984/11,1984,42,B,20.0,blank,blank,blank,,True,POINT Z (22.2281635 114.2004353 0),22.2281635,114.2004353
299,1996-04-02,"SOUTH BAY TOWERS,SOUTH BAY RD|南灣大廈,南灣道",6775.196506550218,1433,1145,"{'bay_window': '', 'flat_roof': '', 'roof': '', 'ac_platform': '', 'plant_room': '', 'garden': '', 'yard': ''}",8.5,7.7576,7424,6775.196506550218,6586636,4823444,ASP,HRB,淺水灣/壽臣山,1984/11,1984,42,D,25.0,blank,blank,blank,,True,POINT Z (22.2281635 114.2004353 0),22.2281635,114.2004353
300,1996-04-01,"SOUTH BAY TOWERS,SOUTH BAY RD|南灣大廈,南灣道",7288.888888888888,1433,1125,"{'bay_window': '', 'flat_roof': '', 'roof': '', 'ac_platform': '', 'plant_room': '', 'garden': '', 'yard': ''}",9.0,8.2,8000,7288.888888888888,6588994,4823811,ASP,HRB,淺水灣/壽臣山,1984/11,1984,42,A,3.0,blank,blank,blank,,True,POINT Z (22.2281635 114.2004353 0),22.2281635,114.2004353
301,1996-04-12,"SOUTH BAY TOWERS,SOUTH BAY RD|南灣大廈,南灣道",7357.117903930131,1433,1145,"{'bay_window': '', 'flat_roof': '', 'roof': '', 'ac_platform': '', 'plant_room': '', 'garden': '', 'yard': ''}",9.23,8.4239,8061,7357.117903930131,6593112,4819582,ASP,HRB,淺水灣/壽臣山,1984/11,1984,42,A,20.0,blank,blank,blank,,True,POINT Z (22.2281635 114.2004353 0),22.2281635,114.2004353
302,1996-05-07,"SOUTH BAY TOWERS,SOUTH BAY RD|南灣大廈,南灣道",7173.799126637555,1433,1145,"{'bay_window': '', 'flat_roof': '', 'roof': '', 'ac_platform': '', 'plant_room': '', 'garden': '', 'yard': ''}",9.0,8.214,7860,7173.799126637555,6617779,4833634,ASP,HRB,淺水灣/壽臣山,1984/11,1984,42,D,21.0,blank,blank,blank,,True,POINT Z (22.2281635 114.2004353 0),22.2281635,114.2004353
303,1996-06-27,"SOUTH BAY TOWERS,SOUTH BAY RD|南灣大廈,南灣道",8767.947598253275,1433,1145,"{'bay_window': '', 'flat_roof': '', 'roof': '', 'ac_platform': '', 'plant_room': '', 'garden': '', 'yard': ''}",11.0,10.0393,9607,8767.947598253275,6684761,4856697,ASP,HRB,淺水灣/壽臣山,1984/11,1984,42,A,11.0,blank,blank,blank,,True,POINT Z (22.2281635 114.2004353 0),22.2281635,114.2004353
304,1996-07-27,"SOUTH BAY TOWERS,SOUTH BAY RD|南灣大廈,南灣道",6934.672489082968,1433,1145,"{'bay_window': '', 'flat_roof': '', 'roof': '', 'ac_platform': '', 'plant_room': '', 'garden': '', 'yard': ''}",8.7,7.940199999999999,7598,6934.672489082968,6738267,4876195,ASP,HRB,淺水灣/壽臣山,1984/11,1984,42,D,4.0,blank,blank,blank,,True,POINT Z (22.2281635 114.2004353 0),22.2281635,114.2004353
305,1996-08-30,"SOUTH BAY TOWERS,SOUTH BAY RD|南灣大廈,南灣道",7811.441048034934,1433,1145,"{'bay_window': '', 'flat_roof': '', 'roof': '', 'ac_platform': '', 'plant_room': '', 'garden': '', 'yard': ''}",9.8,8.9441,8559,7811.441048034934,6751182,4873729,ASP,HRB,淺水灣/壽臣山,1984/11,1984,42,D,28.0,blank,blank,blank,,True,POINT Z (22.2281635 114.2004353 0),22.2281635,114.2004353
306,1996-10-08,"SOUTH BAY TOWERS,SOUTH BAY RD|南灣大廈,南灣道",7502.683942619158,2738,2161,"{'bay_window': '', 'flat_roof': '', 'roof': '', 'ac_platform': '', 'plant_room': '', 'garden': '', 'yard': ''}",17.0,16.2133,7867,7502.683942619158,6809676,4904487,ASP,HRB,淺水灣/壽臣山,1984/11,1984,42,C,16.0,blank,blank,blank,,True,POINT Z (22.2281635 114.2004353 0),22.2281635,114.2004353
307,1996-11-07,"SOUTH BAY TOWERS,SOUTH BAY RD|南灣大廈,南灣道",8959.093012494215,2738,2161,"{'bay_window': '', 'flat_roof': '', 'roof': '', 'ac_platform': '', 'plant_room': '', 'garden': '', 'yard': ''}",20.3,19.3606,9394,8959.093012494215,6829282,4915807,ASP,HRB,淺水灣/壽臣山,1984/11,1984,42,C,25.0,blank,blank,blank,,True,POINT Z (22.2281635 114.2004353 0),22.2281635,114.2004353
308,1996-11-26,"SOUTH BAY TOWERS,SOUTH BAY RD|南灣大廈,南灣道",9166.46288209607,1433,1145,"{'bay_window': '', 'flat_roof': '', 'roof': '', 'ac_platform': '', 'plant_room': '', 'garden': '', 'yard': ''}",11.5,10.4956,10044,9166.46288209607,6845224,4900230,ASP,HRB,淺水灣/壽臣山,1984/11,1984,42,D,27.0,blank,blank,blank,,True,POINT Z (22.2281635 114.2004353 0),22.2281635,114.2004353
309,1996-11-14,"SOUTH BAY TOWERS,SOUTH BAY RD|南灣大廈,南灣道",8517.769551133735,2738,2161,"{'bay_window': '107', 'flat_roof': '', 'roof': '', 'ac_platform': '', 'plant_room': '', 'garden': '', 'yard': ''}",19.3,18.4069,8931,8517.769551133735,6851149,4900231,ASP,HRB,淺水灣/壽臣山,1984/11,1984,42,B,23.0,blank,blank,blank,,True,POINT Z (22.2281635 114.2004353 0),22.2281635,114.2004353
310,1996-11-15,"SOUTH BAY TOWERS,SOUTH BAY RD|南灣大廈,南灣道",8164.692272096252,2738,2161,"{'bay_window': '107', 'flat_roof': '', 'roof': '', 'ac_platform': '', 'plant_room': '', 'garden': '', 'yard': ''}",18.5,17.6439,8561,8164.692272096252,6860948,4925892,ASP,HRB,淺水灣/壽臣山,1984/11,1984,42,B,9.0,blank,blank,blank,,True,POINT Z (22.2281635 114.2004353 0),22.2281635,114.2004353
311,1996-11-22,"SOUTH BAY TOWERS,SOUTH BAY RD|南灣大廈,南灣道",9841.786210087925,2738,2161,"{'bay_window': '', 'flat_roof': '', 'roof': '', 'ac_platform': '', 'plant_room': '', 'garden': '', 'yard': ''}",22.3,21.2681,10319,9841.786210087925,6902380,4939795,ASP,HRB,淺水灣/壽臣山,1984/11,1984,42,B,20.0,blank,blank,blank,,True,POINT Z (22.2281635 114.2004353 0),22.2281635,114.2004353
312,1996-12-03,"SOUTH BAY TOWERS,SOUTH BAY RD|南灣大廈,南灣道",9554.881999074503,2738,2161,"{'bay_window': '', 'flat_roof': '', 'roof': '', 'ac_platform': '', 'plant_room': '', 'garden': '', 'yard': ''}",21.65,20.6481,10019,9554.881999074503,6914960,4945614,ASP,HRB,淺水灣/壽臣山,1984/11,1984,42,B,7.0,blank,blank,blank,,True,POINT Z (22.2281635 114.2004353 0),22.2281635,114.2004353
313,1997-01-27,"SOUTH BAY TOWERS,SOUTH BAY RD|南灣大廈,南灣道",9644.302600472813,2737,2115,"{'bay_window': '', 'flat_roof': '', 'roof': '', 'ac_platform': '', 'plant_room': '', 'garden': '', 'yard': ''}",21.41,20.3977,10123,9644.302600472813,6939347,4972549,ASP,HRB,淺水灣/壽臣山,1984/11,1984,42,B,3.0,blank,blank,blank,,True,POINT Z (22.2281635 114.2004353 0),22.2281635,114.2004353
314,1997-01-27,"SOUTH BAY TOWERS,SOUTH BAY RD|南灣大廈,南灣道",11598.287829708468,2738,2161,"{'bay_window': '107', 'flat_roof': '', 'roof': '', 'ac_platform': '', 'plant_room': '', 'garden': '', 'yard': ''}",26.28,25.0639,12161,11598.287829708468,6941235,4973853,ASP,HRB,淺水灣/壽臣山,1984/11,1984,42,C,26.0,blank,blank,blank,,True,POINT Z (22.2281635 114.2004353 0),22.2281635,114.2004353
315,1997-01-22,"SOUTH BAY TOWERS,SOUTH BAY RD|南灣大廈,南灣道",12269.134659879684,2738,2161,"{'bay_window': '', 'flat_roof': '', 'roof': '', 'ac_platform': '', 'plant_room': '', 'garden': '', 'yard': ''}",27.8,26.5136,12864,12269.134659879684,6951817,4978094,PRO-ASP,HRB,淺水灣/壽臣山,1984/11,1984,42,C,28.0,blank,blank,blank,,True,POINT Z (22.2281635 114.2004353 0),22.2281635,114.2004353
316,1997-02-12,"SOUTH BAY TOWERS,SOUTH BAY RD|南灣大廈,南灣道",12165.070797721472,1433,1145,"{'bay_window': '', 'flat_roof': '', 'roof': '', 'ac_platform': '', 'plant_room': '', 'garden': '', 'yard': ''}",14.26,14.26,12454,12454.14847161572,7004230,4994916,ASP,HRB,淺水灣/壽臣山,1984/11,1984,42,D,23.0,blank,blank,blank,,False,POINT Z (22.2281635 114.2004353 0),22.2281635,114.2004353
317,1997-03-14,"SOUTH BAY TOWERS,SOUTH BAY RD|南灣大廈,南灣道",11822.500261638606,1433,1125,"{'bay_window': '', 'flat_roof': '', 'roof': '', 'ac_platform': '', 'plant_room': '', 'garden': '', 'yard': ''}",16.38,14.924,14560,13265.777777777776,7041298,5014166,PRO-ASP,HRB,淺水灣/壽臣山,1984/11,1984,42,A,3.0,blank,blank,blank,,True,POINT Z (22.2281635 114.2004353 0),22.2281635,114.2004353
318,1997-04-11,"SOUTH BAY TOWERS,SOUTH BAY RD|南灣大廈,南灣道",15045.553989595424,4120,3295,"{'bay_window': '', 'flat_roof': '', 'roof': '1033', 'ac_platform': '', 'plant_room': '', 'garden': '', 'yard': ''}",57.0,55.2701,17299,16773.93019726859,7060754,5022928,ASP,HRB,淺水灣/壽臣山,1984/11,1984,42,C,29.0,blank,blank,blank,,True,POINT Z (22.2281635 114.2004353 0),22.2281635,114.2004353
319,1997-04-30,"SOUTH BAY TOWERS,SOUTH BAY RD|南灣大廈,南灣道",10846.581818274994,2738,2161,"{'bay_window': '107', 'flat_roof': '', 'roof': '', 'ac_platform': '', 'plant_room': '', 'garden': '', 'yard': ''}",27.4,26.1321,12679,12092.596020360945,7078405,5029963,ASP,HRB,淺水灣/壽臣山,1984/11,1984,42,B,19.0,blank,blank,blank,,True,POINT Z (22.2281635 114.2004353 0),22.2281635,114.2004353
320,1997-05-21,"SOUTH BAY TOWERS,SOUTH BAY RD|南灣大廈,南灣道",9395.212147419756,1433,1145,"{'bay_window': '', 'flat_roof': '', 'roof': '', 'ac_platform': '', 'plant_room': '', 'garden': '', 'yard': ''}",13.75,12.5491,12009,10959.912663755458,7118589,5044241,ASP,HRB,淺水灣/壽臣山,1984/11,1984,42,D,26.0,blank,blank,blank,,True,POINT Z (22.2281635 114.2004353 0),22.2281635,114.2004353
321,1997-06-06,"SOUTH BAY TOWERS,SOUTH BAY RD|南灣大廈,南灣道",8743.039087612775,1433,1145,"{'bay_window': '', 'flat_roof': '', 'roof': '', 'ac_platform': '', 'plant_room': '', 'garden': '', 'yard': ''}",13.55,12.3666,11834,10800.524017467247,7125894,5057512,ASP,HRB,淺水灣/壽臣山,1984/11,1984,42,D,7.0,blank,blank,blank,,True,POINT Z (22.2281635 114.2004353 0),22.2281635,114.2004353
322,1997-06-02,"SOUTH BAY TOWERS,SOUTH BAY RD|南灣大廈,南灣道",8581.70440226731,1433,1145,"{'bay_window': '', 'flat_roof': '', 'roof': '', 'ac_platform': '', 'plant_room': '', 'garden': '', 'yard': ''}",13.3,12.1384,11616,10601.222707423582,7134160,5058312,ASP,HRB,淺水灣/壽臣山,1984/11,1984,42,D,8.0,blank,blank,blank,,True,POINT Z (22.2281635 114.2004353 0),22.2281635,114.2004353
323,1997-06-06,"SOUTH BAY TOWERS,SOUTH BAY RD|南灣大廈,南灣道",11611.006801513831,2738,2161,"{'bay_window': '', 'flat_roof': '', 'roof': '', 'ac_platform': '', 'plant_room': '', 'garden': '', 'yard': ''}",32.5,30.9961,15039,14343.405830633968,7142479,5060101,ASP,HRB,淺水灣/壽臣山,1984/11,1984,42,C,27.0,blank,blank,blank,,True,POINT Z (22.2281635 114.2004353 0),22.2281635,114.2004353
324,1997-06-11,"SOUTH BAY TOWERS,SOUTH BAY RD|南灣大廈,南灣道",10539.213490081383,2738,2161,"{'bay_window': '', 'flat_roof': '', 'roof': '', 'ac_platform': '', 'plant_room': '', 'garden': '', 'yard': ''}",29.5,28.1349,13651,13019.389171679775,7154058,5064914,ASP,HRB,淺水灣/壽臣山,1984/11,1984,42,C,11.0,blank,blank,blank,,True,POINT Z (22.2281635 114.2004353 0),22.2281635,114.2004353
325,1997-06-16,"SOUTH BAY TOWERS,SOUTH BAY RD|南灣大廈,南灣道",10194.839159290748,1433,1145,"{'bay_window': '', 'flat_roof': '', 'roof': '', 'ac_platform': '', 'plant_room': '', 'garden': '', 'yard': ''}",15.8,14.4201,13799,12593.973799126636,7156435,5067542,ASP,HRB,淺水灣/壽臣山,1984/11,1984,42,D,11.0,blank,blank,blank,,True,POINT Z (22.2281635 114.2004353 0),22.2281635,114.2004353
326,1997-06-17,"SOUTH BAY TOWERS,SOUTH BAY RD|南灣大廈,南灣道",10646.533858971809,1433,1145,"{'bay_window': '', 'flat_roof': '', 'roof': '', 'ac_platform': '', 'plant_room': '', 'garden': '', 'yard': ''}",16.5,15.059,14410,13151.965065502183,7162649,5069663,ASP,HRB,淺水灣/壽臣山,1984/11,1984,42,D,20.0,blank,blank,blank,,True,POINT Z (22.2281635 114.2004353 0),22.2281635,114.2004353
327,1997-05-30,"SOUTH BAY TOWERS,SOUTH BAY RD|南灣大廈,南灣道",10386.010193167682,1433,1145,"{'bay_window': '', 'flat_roof': '', 'roof': '', 'ac_platform': '', 'plant_room': '', 'garden': '', 'yard': ''}",15.2,13.8725,13275,12115.720524017468,7167972,5052361,ASP,HRB,淺水灣/壽臣山,1984/11,1984,42,D,18.0,blank,blank,blank,,True,POINT Z (22.2281635 114.2004353 0),22.2281635,114.2004353
328,1997-06-18,"SOUTH BAY TOWERS,SOUTH BAY RD|南灣大廈,南灣道",10711.011174061674,1433,1145,"{'bay_window': '', 'flat_roof': '', 'roof': '', 'ac_platform': '', 'plant_room': '', 'garden': '', 'yard': ''}",16.6,15.150200000000002,14498,13231.61572052402,7175699,5075753,ASP,HRB,淺水灣/壽臣山,1984/11,1984,42,D,16.0,blank,blank,blank,,True,POINT Z (22.2281635 114.2004353 0),22.2281635,114.2004353
329,1997-06-26,"SOUTH BAY TOWERS,SOUTH BAY RD|南灣大廈,南灣道",12456.319399548363,1433,1125,"{'bay_window': '', 'flat_roof': '', 'roof': '', 'ac_platform': '', 'plant_room': '', 'garden': '', 'yard': ''}",19.0,17.3111,16889,15387.644444444444,7226296,5090312,ASP,HRB,淺水灣/壽臣山,1984/11,1984,42,A,3.0,blank,blank,blank,,True,POINT Z (22.2281635 114.2004353 0),22.2281635,114.2004353
330,1997-08-05,"SOUTH BAY TOWERS,SOUTH BAY RD|南灣大廈,南灣道",11824.250427747756,1433,1145,"{'bay_window': '', 'flat_roof': '', 'roof': '', 'ac_platform': '', 'plant_room': '', 'garden': '', 'yard': ''}",17.8,16.2454,15546,14188.12227074236,7235155,5094011,ASP,HRB,淺水灣/壽臣山,1984/11,1984,42,A,5.0,blank,blank,blank,,True,POINT Z (22.2281635 114.2004353 0),22.2281635,114.2004353
331,1997-06-26,"SOUTH BAY TOWERS,SOUTH BAY RD|南灣大廈,南灣道",12730.664090917026,1433,1145,"{'bay_window': '', 'flat_roof': '', 'roof': '', 'ac_platform': '', 'plant_room': '', 'garden': '', 'yard': ''}",19.73,18.0069,17231,15726.550218340612,7249139,5098361,SUB-ASP,HRB,淺水灣/壽臣山,1984/11,1984,42,A,16.0,blank,blank,blank,,True,POINT Z (22.2281635 114.2004353 0),22.2281635,114.2004353
332,1997-10-07,"SOUTH BAY TOWERS,SOUTH BAY RD|南灣大廈,南灣道",11023.366815009236,1433,1145,"{'bay_window': '', 'flat_roof': '', 'roof': '', 'ac_platform': '', 'plant_room': '', 'garden': '', 'yard': ''}",17.0,15.5153,14847,13550.480349344978,7351899,5139349,SUB-ASP,HRB,淺水灣/壽臣山,1984/11,1984,42,D,11.0,blank,blank,blank,,True,POINT Z (22.2281635 114.2004353 0),22.2281635,114.2004353
333,1997-11-28,"SOUTH BAY TOWERS,SOUTH BAY RD|南灣大廈,南灣道",8818.060273314333,2738,2161,"{'bay_window': '107', 'flat_roof': '', 'roof': '', 'ac_platform': '', 'plant_room': '', 'garden': '', 'yard': ''}",22.0,22.0,10180,10180.47200370199,7411834,5154080,ASP,HRB,淺水灣/壽臣山,1984/11,1984,42,B,4.0,blank,blank,blank,,False,POINT Z (22.2281635 114.2004353 0),22.2281635,114.2004353
334,1998-02-27,"SOUTH BAY TOWERS,SOUTH BAY RD|南灣大廈,南灣道",9538.87301819608,2738,2161,"{'bay_window': '', 'flat_roof': '', 'roof': '', 'ac_platform': '', 'plant_room': '', 'garden': '', 'yard': ''}",21.088,20.1122,9758,9306.89495603887,7435240,5167715,ASP,HRB,淺水灣/壽臣山,1984/11,1984,42,B,21.0,blank,blank,blank,,True,POINT Z (22.2281635 114.2004353 0),22.2281635,114.2004353
335,1998-03-06,"SOUTH BAY TOWERS,SOUTH BAY RD|南灣大廈,南灣道",9966.169660520964,1433,1145,"{'bay_window': '', 'flat_roof': '', 'roof': '', 'ac_platform': '', 'plant_room': '', 'garden': '', 'yard': ''}",12.0,10.952,10480,9565.065502183406,7441641,5171642,ASP,HRB,淺水灣/壽臣山,1984/11,1984,42,A,18.0,blank,blank,blank,,True,POINT Z (22.2281635 114.2004353 0),22.2281635,114.2004353
336,1998-02-26,"SOUTH BAY TOWERS,SOUTH BAY RD|南灣大廈,南灣道",9182.401972737294,2738,2161,"{'bay_window': '107', 'flat_roof': '', 'roof': '', 'ac_platform': '', 'plant_room': '', 'garden': '', 'yard': ''}",20.3,19.3606,9394,8959.093012494215,7441819,5171913,ASP,HRB,淺水灣/壽臣山,1984/11,1984,42,B,9.0,blank,blank,blank,,True,POINT Z (22.2281635 114.2004353 0),22.2281635,114.2004353
337,1998-03-25,"SOUTH BAY TOWERS,SOUTH BAY RD|南灣大廈,南灣道",7889.853981703335,1433,1145,"{'bay_window': '', 'flat_roof': '', 'roof': '', 'ac_platform': '', 'plant_room': '', 'garden': '', 'yard': ''}",9.5,8.6703,8297,7572.31441048035,7454969,5182248,ASP,HRB,淺水灣/壽臣山,1984/11,1984,42,A,6.0,blank,blank,blank,,True,POINT Z (22.2281635 114.2004353 0),22.2281635,114.2004353
338,1998-11-16,"SOUTH BAY TOWERS,SOUTH BAY RD|南灣大廈,南灣道",9868.693143143948,2699,2175,"{'bay_window': '', 'flat_roof': '', 'roof': '1060', 'ac_platform': '', 'plant_room': '', 'garden': '', 'yard': ''}",16.0,15.2644,7356,7018.114942528736,7623874,83357,ASP,HRB,淺水灣/壽臣山,1984/11,1984,42,D,29.0,blank,blank,blank,,True,POINT Z (22.2281635 114.2004353 0),22.2281635,114.2004353
339,1998-12-31,"SOUTH BAY TOWERS,SOUTH BAY RD|南灣大廈,南灣道",9609.982873162417,1433,1145,"{'bay_window': '', 'flat_roof': '', 'roof': '', 'ac_platform': '', 'plant_room': '', 'garden': '', 'yard': ''}",8.8,8.031400000000001,7686,7014.323144104805,7668808,127113,ASP,HRB,淺水灣/壽臣山,1984/11,1984,42,D,21.0,blank,blank,blank,,True,POINT Z (22.2281635 114.2004353 0),22.2281635,114.2004353
340,1999-02-05,"SOUTH BAY TOWERS,SOUTH BAY RD|南灣大廈,南灣道",10314.840234542462,2738,2161,"{'bay_window': '', 'flat_roof': '', 'roof': '', 'ac_platform': '', 'plant_room': '', 'garden': '', 'yard': ''}",17.28,16.4804,7996,7626.284127718649,7694928,147596,ASP,HRB,淺水灣/壽臣山,1984/11,1984,42,C,28.0,blank,blank,blank,,True,POINT Z (22.2281635 114.2004353 0),22.2281635,114.2004353
341,1999-03-26,"SOUTH BAY TOWERS,SOUTH BAY RD|南灣大廈,南灣道",8974.744209204031,1433,1145,"{'bay_window': '', 'flat_roof': '', 'roof': '', 'ac_platform': '', 'plant_room': '', 'garden': '', 'yard': ''}",8.0,7.3013,6987,6376.681222707423,7734143,181862,ASP,HRB,淺水灣/壽臣山,1984/11,1984,42,D,16.0,blank,blank,blank,,True,POINT Z (22.2281635 114.2004353 0),22.2281635,114.2004353
342,1999-04-04,"SOUTH BAY TOWERS,SOUTH BAY RD|南灣大廈,南灣道",9813.0944628864,2738,2161,"{'bay_window': '', 'flat_roof': '', 'roof': '', 'ac_platform': '', 'plant_room': '', 'garden': '', 'yard': ''}",16.428,15.667800000000002,7602,7250.254511800093,7745726,209383,PRO-ASP,HRB,淺水灣/壽臣山,1984/11,1984,42,B,7.0,blank,blank,blank,,True,POINT Z (22.2281635 114.2004353 0),22.2281635,114.2004353
343,1999-04-19,"SOUTH BAY TOWERS,SOUTH BAY RD|南灣大廈,南灣道",9925.34320177093,1433,1145,"{'bay_window': '', 'flat_roof': '', 'roof': '', 'ac_platform': '', 'plant_room': '', 'garden': '', 'yard': ''}",9.2,8.3965,8035,7333.187772925764,7755878,204492,ASP,HRB,淺水灣/壽臣山,1984/11,1984,42,D,26.0,blank,blank,blank,,True,POINT Z (22.2281635 114.2004353 0),22.2281635,114.2004353
344,1999-05-30,"SOUTH BAY TOWERS,SOUTH BAY RD|南灣大廈,南灣道",9466.75048108512,1433,1145,"{'bay_window': '', 'flat_roof': '', 'roof': '', 'ac_platform': '', 'plant_room': '', 'garden': '', 'yard': ''}",8.75,7.9858,7642,6974.497816593887,7801281,244893,ASP,HRB,淺水灣/壽臣山,1984/11,1984,42,A,9.0,blank,blank,blank,,True,POINT Z (22.2281635 114.2004353 0),22.2281635,114.2004353
345,1999-07-02,"SOUTH BAY TOWERS,SOUTH BAY RD|南灣大廈,南灣道",10657.948477028443,2738,2161,"{'bay_window': '', 'flat_roof': '', 'roof': '', 'ac_platform': '', 'plant_room': '', 'garden': '', 'yard': ''}",17.8,16.976300000000002,8237,7855.761221656642,7818256,256566,ASP,HRB,淺水灣/壽臣山,1984/11,1984,42,B,28.0,blank,blank,blank,,True,POINT Z (22.2281635 114.2004353 0),22.2281635,114.2004353
346,1999-07-10,"SOUTH BAY TOWERS,SOUTH BAY RD|南灣大廈,南灣道",10789.663726551637,2738,2161,"{'bay_window': '107', 'flat_roof': '', 'roof': '', 'ac_platform': '', 'plant_room': '', 'garden': '', 'yard': ''}",18.02,17.1861,8339,7952.845904673763,7834851,268337,ASP,HRB,淺水灣/壽臣山,1984/11,1984,42,B,19.0,blank,blank,blank,,True,POINT Z (22.2281635 114.2004353 0),22.2281635,114.2004353
347,1999-08-30,"SOUTH BAY TOWERS,SOUTH BAY RD|南灣大廈,南灣道",9572.369878861611,1433,1125,"{'bay_window': '', 'flat_roof': '', 'roof': '', 'ac_platform': '', 'plant_room': '', 'garden': '', 'yard': ''}",8.7,7.926699999999999,7733,7045.955555555554,7877758,297189,PRO-ASP,HRB,淺水灣/壽臣山,1984/11,1984,42,A,3.0,blank,blank,blank,,True,POINT Z (22.2281635 114.2004353 0),22.2281635,114.2004353
348,1999-12-16,"SOUTH BAY TOWERS,SOUTH BAY RD|南灣大廈,南灣道",10061.37274432624,2738,2161,"{'bay_window': '107', 'flat_roof': '', 'roof': '', 'ac_platform': '', 'plant_room': '', 'garden': '', 'yard': ''}",15.988,15.2482,7398,7056.085145765849,7968197,367187,PRO-ASP,HRB,淺水灣/壽臣山,1984/11,1984,42,B,9.0,blank,blank,blank,,True,POINT Z (22.2281635 114.2004353 0),22.2281635,114.2004353
349,2000-01-07,"SOUTH BAY TOWERS,SOUTH BAY RD|南灣大廈,南灣道",9538.24280180078,1433,1145,"{'bay_window': '', 'flat_roof': '', 'roof': '', 'ac_platform': '', 'plant_room': '', 'garden': '', 'yard': ''}",8.5,7.7576,7424,6775.196506550218,7968630,367256,ASP,HRB,淺水灣/壽臣山,1984/11,1984,42,D,23.0,blank,blank,blank,,True,POINT Z (22.2281635 114.2004353 0),22.2281635,114.2004353
350,2000-01-11,"SOUTH BAY TOWERS,SOUTH BAY RD|南灣大廈,南灣道",10660.439641700175,1433,1145,"{'bay_window': '', 'flat_roof': '', 'roof': '', 'ac_platform': '', 'plant_room': '', 'garden': '', 'yard': ''}",9.5,8.6703,8297,7572.31441048035,7972817,370981,ASP,HRB,淺水灣/壽臣山,1984/11,1984,42,A,16.0,blank,blank,blank,,True,POINT Z (22.2281635 114.2004353 0),22.2281635,114.2004353
351,2000-01-12,"SOUTH BAY TOWERS,SOUTH BAY RD|南灣大廈,南灣道",10772.696211748183,1433,1145,"{'bay_window': '', 'flat_roof': '', 'roof': '', 'ac_platform': '', 'plant_room': '', 'garden': '', 'yard': ''}",9.6,8.7616,8384,7652.052401746725,7987053,378998,ASP,HRB,淺水灣/壽臣山,1984/11,1984,42,A,25.0,blank,blank,blank,,True,POINT Z (22.2281635 114.2004353 0),22.2281635,114.2004353
352,2000-01-27,"SOUTH BAY TOWERS,SOUTH BAY RD|南灣大廈,南灣道",8954.828316721056,1433,1145,"{'bay_window': '', 'flat_roof': '', 'roof': '', 'ac_platform': '', 'plant_room': '', 'garden': '', 'yard': ''}",7.98,7.2831,6969,6360.7860262008735,8002253,388656,MEM-ASP,HRB,淺水灣/壽臣山,1984/11,1984,42,D,18.0,blank,blank,blank,,True,POINT Z (22.2281635 114.2004353 0),22.2281635,114.2004353
353,2000-03-20,"SOUTH BAY TOWERS,SOUTH BAY RD|南灣大廈,南灣道",10000.271839398963,1433,1145,"{'bay_window': '', 'flat_roof': '', 'roof': '', 'ac_platform': '', 'plant_room': '', 'garden': '', 'yard': ''}",9.0,8.214,7860,7173.799126637555,8055273,425756,ASP,HRB,淺水灣/壽臣山,1984/11,1984,42,D,17.0,blank,blank,blank,,True,POINT Z (22.2281635 114.2004353 0),22.2281635,114.2004353
354,2000-04-26,"SOUTH BAY TOWERS,SOUTH BAY RD|南灣大廈,南灣道",10836.608513888365,1433,1145,"{'bay_window': '', 'flat_roof': '', 'roof': '', 'ac_platform': '', 'plant_room': '', 'garden': '', 'yard': ''}",9.32,8.506,8140,7428.82096069869,8074242,440876,ASP,HRB,淺水灣/壽臣山,1984/11,1984,42,A,8.0,blank,blank,blank,,True,POINT Z (22.2281635 114.2004353 0),22.2281635,114.2004353
355,2000-09-29,"SOUTH BAY TOWERS,SOUTH BAY RD|南灣大廈,南灣道",11092.117777405743,1433,1145,"{'bay_window': '', 'flat_roof': '', 'roof': '', 'ac_platform': '', 'plant_room': '', 'garden': '', 'yard': ''}",9.39,8.5699,8201,7484.628820960698,8224069,556682,ASP,HRB,淺水灣/壽臣山,1984/11,1984,42,A,17.0,blank,blank,blank,,True,POINT Z (22.2281635 114.2004353 0),22.2281635,114.2004353
356,2001-02-26,"SOUTH BAY TOWERS,SOUTH BAY RD|南灣大廈,南灣道",15069.739964225048,4120,3295,"{'bay_window': '', 'flat_roof': '', 'roof': '1033', 'ac_platform': '', 'plant_room': '', 'garden': '', 'yard': ''}",32.5,31.5137,9863,9564.097116843704,8344782,646759,ASP,HRB,淺水灣/壽臣山,1984/11,1984,42,C,29.0,blank,blank,blank,,True,POINT Z (22.2281635 114.2004353 0),22.2281635,114.2004353
357,2001-03-23,"SOUTH BAY TOWERS,SOUTH BAY RD|南灣大廈,南灣道",10826.255587330936,1433,1145,"{'bay_window': '', 'flat_roof': '', 'roof': '', 'ac_platform': '', 'plant_room': '', 'garden': '', 'yard': ''}",8.55,7.803300000000001,7467,6815.109170305677,8361264,660741,ASP,HRB,淺水灣/壽臣山,1984/11,1984,42,A,23.0,blank,blank,blank,,True,POINT Z (22.2281635 114.2004353 0),22.2281635,114.2004353
358,2001-07-11,"SOUTH BAY TOWERS,SOUTH BAY RD|南灣大廈,南灣道",9804.33760059878,1433,1145,"{'bay_window': '', 'flat_roof': '', 'roof': '', 'ac_platform': '', 'plant_room': '', 'garden': '', 'yard': ''}",7.665,6.9956,6694,6109.694323144105,8443261,723240,ASP,HRB,淺水灣/壽臣山,1984/11,1984,42,A,28.0,blank,blank,blank,,True,POINT Z (22.2281635 114.2004353 0),22.2281635,114.2004353
359,2001-07-04,"SOUTH BAY TOWERS,SOUTH BAY RD|南灣大廈,南灣道",10786.844335769034,1433,1125,"{'bay_window': '', 'flat_roof': '', 'roof': '', 'ac_platform': '', 'plant_room': '', 'garden': '', 'yard': ''}",8.3,7.562200000000001,7378,6721.955555555556,8452262,732790,ASP,HRB,淺水灣/壽臣山,1984/11,1984,42,A,3.0,blank,blank,blank,,True,POINT Z (22.2281635 114.2004353 0),22.2281635,114.2004353
360,2002-01-22,"SOUTH BAY TOWERS,SOUTH BAY RD|南灣大廈,南灣道",11679.93992935693,2739,2115,"{'bay_window': '', 'flat_roof': '', 'roof': '', 'ac_platform': '', 'plant_room': '', 'garden': '', 'yard': ''}",14.98,14.2717,7083,6747.848699763594,8604388,850418,ASP,HRB,淺水灣/壽臣山,1984/11,1984,42,C,3.0,blank,blank,blank,,True,POINT Z (22.2281635 114.2004353 0),22.2281635,114.2004353
361,2002-06-17,"SOUTH BAY TOWERS,SOUTH BAY RD|南灣大廈,南灣道",15839.60696252775,4334,3225,"{'bay_window': '', 'flat_roof': '', 'roof': '1905', 'ac_platform': '', 'plant_room': '', 'garden': '', 'yard': ''}",30.0,29.0698,9302,9013.891472868218,8723274,939065,ASP,HRB,淺水灣/壽臣山,1984/11,1984,42,A,29.0,blank,blank,blank,,True,POINT Z (22.2281635 114.2004353 0),22.2281635,114.2004353
362,2002-07-20,"SOUTH BAY TOWERS,SOUTH BAY RD|南灣大廈,南灣道",13509.502055845946,2738,2161,"{'bay_window': '', 'flat_roof': '', 'roof': '', 'ac_platform': '', 'plant_room': '', 'garden': '', 'yard': ''}",17.0,16.2133,7867,7502.683942619158,8749545,959085,ASP,HRB,淺水灣/壽臣山,1984/11,1984,42,B,7.0,blank,blank,blank,,True,POINT Z (22.2281635 114.2004353 0),22.2281635,114.2004353
363,2003-02-28,"SOUTH BAY TOWERS,SOUTH BAY RD|南灣大廈,南灣道",12524.79501250936,2738,2161,"{'bay_window': '107', 'flat_roof': '', 'roof': '', 'ac_platform': '', 'plant_room': '', 'garden': '', 'yard': ''}",13.8,13.1614,6386,6090.421101341972,8898178,1076496,ASP,HRB,淺水灣/壽臣山,1984/11,1984,42,B,4.0,blank,blank,blank,,True,POINT Z (22.2281635 114.2004353 0),22.2281635,114.2004353
364,2003-10-08,"SOUTH BAY TOWERS,SOUTH BAY RD|南灣大廈,南灣道",11295.658014739804,2738,2161,"{'bay_window': '', 'flat_roof': '', 'roof': '', 'ac_platform': '', 'plant_room': '', 'garden': '', 'yard': ''}",13.7,13.066,6340,6046.2748727441,9037134,1189627,ASP,HRB,淺水灣/壽臣山,1984/11,1984,42,B,6.0,blank,blank,blank,,True,POINT Z (22.2281635 114.2004353 0),22.2281635,114.2004353
365,2003-10-30,"SOUTH BAY TOWERS,SOUTH BAY RD|南灣大廈,南灣道",13587.813813016332,2738,2161,"{'bay_window': '', 'flat_roof': '', 'roof': '', 'ac_platform': '', 'plant_room': '', 'garden': '', 'yard': ''}",16.48,15.7174,7626,7273.206848681166,9054903,1202072,ASP,HRB,淺水灣/壽臣山,1984/11,1984,42,B,21.0,blank,blank,blank,,True,POINT Z (22.2281635 114.2004353 0),22.2281635,114.2004353
366,2003-12-12,"SOUTH BAY TOWERS,SOUTH BAY RD|南灣大廈,南灣道",11794.32279313006,2738,2161,"{'bay_window': '107', 'flat_roof': '', 'roof': '', 'ac_platform': '', 'plant_room': '', 'garden': '', 'yard': ''}",14.9,14.2105,6895,6575.890791300324,9095726,1236547,ASP,HRB,淺水灣/壽臣山,1984/11,1984,42,B,9.0,blank,blank,blank,,True,POINT Z (22.2281635 114.2004353 0),22.2281635,114.2004353
367,2003-12-31,"SOUTH BAY TOWERS,SOUTH BAY RD|南灣大廈,南灣道",10923.598748073746,2738,2161,"{'bay_window': '', 'flat_roof': '', 'roof': '', 'ac_platform': '', 'plant_room': '', 'garden': '', 'yard': ''}",13.8,13.1614,6386,6090.421101341972,9105724,1244722,ASP,HRB,淺水灣/壽臣山,1984/11,1984,42,B,8.0,blank,blank,blank,,True,POINT Z (22.2281635 114.2004353 0),22.2281635,114.2004353
368,2004-03-02,"SOUTH BAY TOWERS,SOUTH BAY RD|南灣大廈,南灣道",13120.945836159255,2738,2161,"{'bay_window': '', 'flat_roof': '', 'roof': '', 'ac_platform': '', 'plant_room': '', 'garden': '', 'yard': ''}",19.25,18.3592,8908,8495.696436834798,9158826,1283425,ASP,HRB,淺水灣/壽臣山,1984/11,1984,42,B,11.0,blank,blank,blank,,True,POINT Z (22.2281635 114.2004353 0),22.2281635,114.2004353
369,2004-03-05,"SOUTH BAY TOWERS,SOUTH BAY RD|南灣大廈,南灣道",11424.006520769955,1433,1145,"{'bay_window': '', 'flat_roof': '', 'roof': '', 'ac_platform': '', 'plant_room': '', 'garden': '', 'yard': ''}",9.28,8.4695,8105,7396.943231441048,9161064,1288373,ASP,HRB,淺水灣/壽臣山,1984/11,1984,42,A,6.0,blank,blank,blank,,True,POINT Z (22.2281635 114.2004353 0),22.2281635,114.2004353
370,2004-03-11,"SOUTH BAY TOWERS,SOUTH BAY RD|南灣大廈,南灣道",12439.355895206216,2738,2161,"{'bay_window': '107', 'flat_roof': '', 'roof': '', 'ac_platform': '', 'plant_room': '', 'garden': '', 'yard': ''}",18.25,17.4055,8445,8054.372975474317,9180406,1303802,ASP,HRB,淺水灣/壽臣山,1984/11,1984,42,C,10.0,blank,blank,blank,,True,POINT Z (22.2281635 114.2004353 0),22.2281635,114.2004353
371,2004-12-01,"SOUTH BAY TOWERS,SOUTH BAY RD|南灣大廈,南灣道",11005.392310948982,1433,1145,"{'bay_window': '', 'flat_roof': '', 'roof': '', 'ac_platform': '', 'plant_room': '', 'garden': '', 'yard': ''}",10.1,9.2179,8821,8050.56768558952,9422149,1491261,ASP,HRB,淺水灣/壽臣山,1984/11,1984,42,D,15.0,blank,blank,blank,,True,POINT Z (22.2281635 114.2004353 0),22.2281635,114.2004353
372,2004-12-20,"SOUTH BAY TOWERS,SOUTH BAY RD|南灣大廈,南灣道",12997.320682008256,1433,1145,"{'bay_window': '', 'flat_roof': '', 'roof': '', 'ac_platform': '', 'plant_room': '', 'garden': '', 'yard': ''}",11.928,10.8863,10417,9507.685589519651,9433276,1499735,ASP,HRB,淺水灣/壽臣山,1984/11,1984,42,A,28.0,blank,blank,blank,,True,POINT Z (22.2281635 114.2004353 0),22.2281635,114.2004353
373,2005-02-17,"SOUTH BAY TOWERS,SOUTH BAY RD|南灣大廈,南灣道",11092.962758190524,1433,1145,"{'bay_window': '', 'flat_roof': '', 'roof': '', 'ac_platform': '', 'plant_room': '', 'garden': '', 'yard': ''}",10.7,9.7655,9345,8528.82096069869,5030201670048,1546694,ASP,HRB,淺水灣/壽臣山,1984/11,1984,42,A,10.0,blank,blank,blank,,True,POINT Z (22.2281635 114.2004353 0),22.2281635,114.2004353
374,2005-04-04,"SOUTH BAY TOWERS,SOUTH BAY RD|南灣大廈,南灣道",12216.87215707893,1433,1145,"{'bay_window': '', 'flat_roof': '', 'roof': '', 'ac_platform': '', 'plant_room': '', 'garden': '', 'yard': ''}",11.5,10.4956,10044,9166.46288209607,5042201550143,1592762,ASP,HRB,淺水灣/壽臣山,1984/11,1984,42,A,15.0,blank,blank,blank,,True,POINT Z (22.2281635 114.2004353 0),22.2281635,114.2004353
375,2005-03-29,"SOUTH BAY TOWERS,SOUTH BAY RD|南灣大廈,南灣道",12659.498857227583,1433,1110,"{'bay_window': '', 'flat_roof': '', 'roof': '', 'ac_platform': '', 'plant_room': '', 'garden': '', 'yard': ''}",11.4,10.373,10270,9345.045045045044,5042300580188,1591481,ASP,HRB,淺水灣/壽臣山,1984/11,1984,42,D,3.0,blank,blank,blank,,True,POINT Z (22.2281635 114.2004353 0),22.2281635,114.2004353
376,2005-05-26,"SOUTH BAY TOWERS,SOUTH BAY RD|南灣大廈,南灣道",10739.213754234372,1433,1145,"{'bay_window': '', 'flat_roof': '', 'roof': '', 'ac_platform': '', 'plant_room': '', 'garden': '', 'yard': ''}",10.18,9.2909,8891,8114.323144104804,5062400490281,1661006,ASP,HRB,淺水灣/壽臣山,1984/11,1984,42,D,9.0,blank,blank,blank,,True,POINT Z (22.2281635 114.2004353 0),22.2281635,114.2004353
377,2005-05-30,"SOUTH BAY TOWERS,SOUTH BAY RD|南灣大廈,南灣道",11794.1901713188,1433,1145,"{'bay_window': '', 'flat_roof': '', 'roof': '', 'ac_platform': '', 'plant_room': '', 'garden': '', 'yard': ''}",11.18,10.2036,9764,8911.441048034934,5062901590020,1664657,ASP,HRB,淺水灣/壽臣山,1984/11,1984,42,D,12.0,blank,blank,blank,,True,POINT Z (22.2281635 114.2004353 0),22.2281635,114.2004353
378,2005-06-22,"SOUTH BAY TOWERS,SOUTH BAY RD|南灣大廈,南灣道",12541.678624504711,1433,1145,"{'bay_window': '', 'flat_roof': '', 'roof': '', 'ac_platform': '', 'plant_room': '', 'garden': '', 'yard': ''}",11.9,10.8607,10393,9485.32751091703,5070700290015,1671518,ASP,HRB,淺水灣/壽臣山,1984/11,1984,42,A,24.0,blank,blank,blank,,True,POINT Z (22.2281635 114.2004353 0),22.2281635,114.2004353
379,2005-06-18,"SOUTH BAY TOWERS,SOUTH BAY RD|南灣大廈,南灣道",13012.995027946235,2738,2161,"{'bay_window': '', 'flat_roof': '', 'roof': '', 'ac_platform': '', 'plant_room': '', 'garden': '', 'yard': ''}",22.3,21.2681,10319,9841.786210087925,5071602260087,1678812,PRO-ASP,HRB,淺水灣/壽臣山,1984/11,1984,42,B,8.0,blank,blank,blank,,True,POINT Z (22.2281635 114.2004353 0),22.2281635,114.2004353
380,2005-09-08,"SOUTH BAY TOWERS,SOUTH BAY RD|南灣大廈,南灣道",11463.583410361163,1433,1145,"{'bay_window': '', 'flat_roof': '', 'roof': '', 'ac_platform': '', 'plant_room': '', 'garden': '', 'yard': ''}",11.3,10.3131,9869,9007.07423580786,5091500240026,1725082,ASP,HRB,淺水灣/壽臣山,1984/11,1984,42,D,25.0,blank,blank,blank,,True,POINT Z (22.2281635 114.2004353 0),22.2281635,114.2004353
381,2006-02-21,"SOUTH BAY TOWERS,SOUTH BAY RD|南灣大廈,南灣道",11372.961504526178,1433,1145,"{'bay_window': '', 'flat_roof': '', 'roof': '', 'ac_platform': '', 'plant_room': '', 'garden': '', 'yard': ''}",10.75,9.8111,9389,8568.646288209608,6030601210019,1830101,PRO-ASP,HRB,淺水灣/壽臣山,1984/11,1984,42,A,9.0,blank,blank,blank,,True,POINT Z (22.2281635 114.2004353 0),22.2281635,114.2004353
382,2006-03-03,"SOUTH BAY TOWERS,SOUTH BAY RD|南灣大廈,南灣道",13342.406877222773,2738,2161,"{'bay_window': '', 'flat_roof': '', 'roof': '', 'ac_platform': '', 'plant_room': '', 'garden': '', 'yard': ''}",22.5,21.4588,10412,9930.032392410922,6031602130023,1837241,ASP,HRB,淺水灣/壽臣山,1984/11,1984,42,C,11.0,blank,blank,blank,,True,POINT Z (22.2281635 114.2004353 0),22.2281635,114.2004353
383,2006-03-01,"SOUTH BAY TOWERS,SOUTH BAY RD|南灣大廈,南灣道",11673.84183959044,1433,1145,"{'bay_window': '', 'flat_roof': '', 'roof': '', 'ac_platform': '', 'plant_room': '', 'garden': '', 'yard': ''}",10.9,9.948,9520,8688.2096069869,6032501600029,1843358,PRO-ASP,HRB,淺水灣/壽臣山,1984/11,1984,42,D,25.0,blank,blank,blank,,True,POINT Z (22.2281635 114.2004353 0),22.2281635,114.2004353
384,2006-04-04,"SOUTH BAY TOWERS,SOUTH BAY RD|南灣大廈,南灣道",11898.304476287152,2738,2161,"{'bay_window': '107', 'flat_roof': '', 'roof': '', 'ac_platform': '', 'plant_room': '', 'garden': '', 'yard': ''}",20.5,19.5514,9486,9047.385469689958,6042801230096,1866989,PRO-ASP,HRB,淺水灣/壽臣山,1984/11,1984,42,B,4.0,blank,blank,blank,,True,POINT Z (22.2281635 114.2004353 0),22.2281635,114.2004353
385,2006-04-24,"SOUTH BAY TOWERS,SOUTH BAY RD|南灣大廈,南灣道",14150.239677042748,2738,2161,"{'bay_window': '', 'flat_roof': '', 'roof': '', 'ac_platform': '', 'plant_room': '', 'garden': '', 'yard': ''}",24.38,23.2518,11282,10759.740860712633,6051802870013,1878990,PRO-ASP,HRB,淺水灣/壽臣山,1984/11,1984,42,C,28.0,blank,blank,blank,,True,POINT Z (22.2281635 114.2004353 0),22.2281635,114.2004353
386,2006-04-24,"SOUTH BAY TOWERS,SOUTH BAY RD|南灣大廈,南灣道",12662.955935929058,1433,1145,"{'bay_window': '', 'flat_roof': '', 'roof': '', 'ac_platform': '', 'plant_room': '', 'garden': '', 'yard': ''}",12.08,11.025,10550,9628.82096069869,6051802870024,1878991,PRO-ASP,HRB,淺水灣/壽臣山,1984/11,1984,42,D,28.0,blank,blank,blank,,True,POINT Z (22.2281635 114.2004353 0),22.2281635,114.2004353
387,2006-07-31,"SOUTH BAY TOWERS,SOUTH BAY RD|南灣大廈,南灣道",12705.62204025392,2738,2161,"{'bay_window': '', 'flat_roof': '', 'roof': '', 'ac_platform': '', 'plant_room': '', 'garden': '', 'yard': ''}",22.28,21.249,10310,9832.9477093938,6081401100027,1939555,PRO-ASP,HRB,淺水灣/壽臣山,1984/11,1984,42,C,16.0,blank,blank,blank,,True,POINT Z (22.2281635 114.2004353 0),22.2281635,114.2004353
388,2006-09-05,"SOUTH BAY TOWERS,SOUTH BAY RD|南灣大廈,南灣道",11343.720609791497,1433,1145,"{'bay_window': '', 'flat_roof': '', 'roof': '', 'ac_platform': '', 'plant_room': '', 'garden': '', 'yard': ''}",10.8,9.8568,9432,8608.558951965066,6092002040223,1965970,ASP,HRB,淺水灣/壽臣山,1984/11,1984,42,D,11.0,blank,blank,blank,,True,POINT Z (22.2281635 114.2004353 0),22.2281635,114.2004353
389,2006-09-29,"SOUTH BAY TOWERS,SOUTH BAY RD|南灣大廈,南灣道",15585.751515532138,2738,2161,"{'bay_window': '', 'flat_roof': '', 'roof': '', 'ac_platform': '', 'plant_room': '', 'garden': '', 'yard': ''}",26.8,25.5598,12402,11827.76492364646,6100301470017,1974642,PRO-ASP,HRB,淺水灣/壽臣山,1984/11,1984,42,C,27.0,blank,blank,blank,,True,POINT Z (22.2281635 114.2004353 0),22.2281635,114.2004353
390,2006-10-16,"SOUTH BAY TOWERS,SOUTH BAY RD|南灣大廈,南灣道",13583.68760786984,2738,2161,"{'bay_window': '', 'flat_roof': '', 'roof': '', 'ac_platform': '', 'plant_room': '', 'garden': '', 'yard': ''}",24.0,22.8894,11106,10592.040721888015,6102001530068,1987044,MEM-ASP,HRB,淺水灣/壽臣山,1984/11,1984,42,B,27.0,blank,blank,blank,,True,POINT Z (22.2281635 114.2004353 0),22.2281635,114.2004353
391,2006-10-16,"SOUTH BAY TOWERS,SOUTH BAY RD|南灣大廈,南灣道",12266.650510697094,1433,1145,"{'bay_window': '', 'flat_roof': '', 'roof': '', 'ac_platform': '', 'plant_room': '', 'garden': '', 'yard': ''}",12.0,10.952,10480,9565.065502183406,6102702390081,1991553,ASP,HRB,淺水灣/壽臣山,1984/11,1984,42,D,27.0,blank,blank,blank,,True,POINT Z (22.2281635 114.2004353 0),22.2281635,114.2004353
392,2006-10-23,"SOUTH BAY TOWERS,SOUTH BAY RD|南灣大廈,南灣道",11755.465403585868,1433,1145,"{'bay_window': '', 'flat_roof': '', 'roof': '', 'ac_platform': '', 'plant_room': '', 'garden': '', 'yard': ''}",11.5,10.4956,10044,9166.46288209607,6112102440018,2006726,PRO-ASP,HRB,淺水灣/壽臣山,1984/11,1984,42,D,20.0,blank,blank,blank,,True,POINT Z (22.2281635 114.2004353 0),22.2281635,114.2004353
393,2006-11-10,"SOUTH BAY TOWERS,SOUTH BAY RD|南灣大廈,南灣道",12614.721043754022,1433,1145,"{'bay_window': '', 'flat_roof': '', 'roof': '', 'ac_platform': '', 'plant_room': '', 'garden': '', 'yard': ''}",12.015,10.9657,10493,9577.03056768559,6120200790117,2015100,ASP,HRB,淺水灣/壽臣山,1984/11,1984,42,D,26.0,blank,blank,blank,,True,POINT Z (22.2281635 114.2004353 0),22.2281635,114.2004353
394,2006-11-05,"SOUTH BAY TOWERS,SOUTH BAY RD|南灣大廈,南灣道",11339.064755015608,1433,1145,"{'bay_window': '', 'flat_roof': '', 'roof': '', 'ac_platform': '', 'plant_room': '', 'garden': '', 'yard': ''}",10.8,9.8568,9432,8608.558951965066,6120501620010,2016044,PRO-ASP,HRB,淺水灣/壽臣山,1984/11,1984,42,D,8.0,blank,blank,blank,,True,POINT Z (22.2281635 114.2004353 0),22.2281635,114.2004353
395,2006-11-15,"SOUTH BAY TOWERS,SOUTH BAY RD|南灣大廈,南灣道",12598.96083890623,1433,1145,"{'bay_window': '', 'flat_roof': '', 'roof': '', 'ac_platform': '', 'plant_room': '', 'garden': '', 'yard': ''}",12.0,10.952,10480,9565.065502183406,6120800530029,2017949,PRO-ASP,HRB,淺水灣/壽臣山,1984/11,1984,42,A,10.0,blank,blank,blank,,True,POINT Z (22.2281635 114.2004353 0),22.2281635,114.2004353
396,2006-11-21,"SOUTH BAY TOWERS,SOUTH BAY RD|南灣大廈,南灣道",13021.541003282648,2738,2161,"{'bay_window': '', 'flat_roof': '', 'roof': '', 'ac_platform': '', 'plant_room': '', 'garden': '', 'yard': ''}",22.4,21.3634,10366,9885.88616381305,6120801740010,2018607,ASP,HRB,淺水灣/壽臣山,1984/11,1984,42,B,6.0,blank,blank,blank,,True,POINT Z (22.2281635 114.2004353 0),22.2281635,114.2004353
397,2007-05-21,"SOUTH BAY TOWERS,SOUTH BAY RD|南灣大廈,南灣道",11282.604993112818,1433,1145,"{'bay_window': '', 'flat_roof': '', 'roof': '', 'ac_platform': '', 'plant_room': '', 'garden': '', 'yard': ''}",11.8,10.7694,10306,9405.589519650655,7062600670057,2170723,PRO-ASP,HRB,淺水灣/壽臣山,1984/11,1984,42,D,19.0,blank,blank,blank,,True,POINT Z (22.2281635 114.2004353 0),22.2281635,114.2004353
398,2007-08-09,"SOUTH BAY TOWERS,SOUTH BAY RD|南灣大廈,南灣道",14568.507770908653,1433,1145,"{'bay_window': '', 'flat_roof': '', 'roof': '', 'ac_platform': '', 'plant_room': '', 'garden': '', 'yard': ''}",15.5,14.1463,13537,12354.847161572052,7082402060053,2228206,ASP,HRB,淺水灣/壽臣山,1984/11,1984,42,A,28.0,blank,blank,blank,,True,POINT Z (22.2281635 114.2004353 0),22.2281635,114.2004353
399,2007-08-31,"SOUTH BAY TOWERS,SOUTH BAY RD|南灣大廈,南灣道",11278.871302530808,1433,1145,"{'bay_window': '', 'flat_roof': '', 'roof': '', 'ac_platform': '', 'plant_room': '', 'garden': '', 'yard': ''}",12.0,10.952,10480,9565.065502183406,7092502230058,2256578,PRO-ASP,HRB,淺水灣/壽臣山,1984/11,1984,42,D,16.0,blank,blank,blank,,True,POINT Z (22.2281635 114.2004353 0),22.2281635,114.2004353
400,2007-10-17,"SOUTH BAY TOWERS,SOUTH BAY RD|南灣大廈,南灣道",14429.091314981864,2738,2161,"{'bay_window': '', 'flat_roof': '', 'roof': '', 'ac_platform': '', 'plant_room': '', 'garden': '', 'yard': ''}",29.5,28.1349,13651,13019.389171679775,7110602160030,2292860,ASP,HRB,淺水灣/壽臣山,1984/11,1984,42,B,22.0,blank,blank,blank,,True,POINT Z (22.2281635 114.2004353 0),22.2281635,114.2004353
401,2007-10-26,"SOUTH BAY TOWERS,SOUTH BAY RD|南灣大廈,南灣道",11494.336539210412,2738,2161,"{'bay_window': '', 'flat_roof': '', 'roof': '', 'ac_platform': '', 'plant_room': '', 'garden': '', 'yard': ''}",23.5,22.4125,10875,10371.355853771402,7110903010022,2297585,ASP,HRB,淺水灣/壽臣山,1984/11,1984,42,C,5.0,blank,blank,blank,,True,POINT Z (22.2281635 114.2004353 0),22.2281635,114.2004353
402,2007-11-15,"SOUTH BAY TOWERS,SOUTH BAY RD|南灣大廈,南灣道",12170.582567756715,1433,1145,"{'bay_window': '', 'flat_roof': '', 'roof': '', 'ac_platform': '', 'plant_room': '', 'garden': '', 'yard': ''}",14.5,13.2336,12664,11557.729257641922,7112201480055,2311799,ASP,HRB,淺水灣/壽臣山,1984/11,1984,42,A,6.0,blank,blank,blank,,True,POINT Z (22.2281635 114.2004353 0),22.2281635,114.2004353
403,2007-12-05,"SOUTH BAY TOWERS,SOUTH BAY RD|南灣大廈,南灣道",13195.104420742193,2738,2161,"{'bay_window': '107', 'flat_roof': '', 'roof': '', 'ac_platform': '', 'plant_room': '', 'garden': '', 'yard': ''}",29.28,27.9251,13549,12922.304488662656,7122701700178,2352792,ASP,HRB,淺水灣/壽臣山,1984/11,1984,42,C,7.0,blank,blank,blank,,True,POINT Z (22.2281635 114.2004353 0),22.2281635,114.2004353
404,2008-01-14,"SOUTH BAY TOWERS,SOUTH BAY RD|南灣大廈,南灣道",11436.954616899498,1433,1145,"{'bay_window': '', 'flat_roof': '', 'roof': '', 'ac_platform': '', 'plant_room': '', 'garden': '', 'yard': ''}",14.8,13.5074,12926,11796.855895196506,8013102890163,2398597,ASP,HRB,淺水灣/壽臣山,1984/11,1984,42,D,15.0,blank,blank,blank,,True,POINT Z (22.2281635 114.2004353 0),22.2281635,114.2004353
405,2008-01-25,"SOUTH BAY TOWERS,SOUTH BAY RD|南灣大廈,南灣道",12827.942449098333,1433,1145,"{'bay_window': '', 'flat_roof': '', 'roof': '', 'ac_platform': '', 'plant_room': '', 'garden': '', 'yard': ''}",16.6,15.150200000000002,14498,13231.61572052402,8021402310041,2413790,ASP,HRB,淺水灣/壽臣山,1984/11,1984,42,D,25.0,blank,blank,blank,,True,POINT Z (22.2281635 114.2004353 0),22.2281635,114.2004353
406,2008-02-29,"SOUTH BAY TOWERS,SOUTH BAY RD|南灣大廈,南灣道",11135.113446890698,1433,1145,"{'bay_window': '', 'flat_roof': '', 'roof': '', 'ac_platform': '', 'plant_room': '', 'garden': '', 'yard': ''}",14.8,13.5074,12926,11796.855895196506,8031100290026,2440957,ASP,HRB,淺水灣/壽臣山,1984/11,1984,42,D,6.0,blank,blank,blank,,True,POINT Z (22.2281635 114.2004353 0),22.2281635,114.2004353
407,2008-05-16,"SOUTH BAY TOWERS,SOUTH BAY RD|南灣大廈,南灣道",12291.716033920247,1433,1145,"{'bay_window': '', 'flat_roof': '', 'roof': '', 'ac_platform': '', 'plant_room': '', 'garden': '', 'yard': ''}",16.0,14.6026,13974,12753.362445414848,8053002510122,2520207,PRO-ASP,HRB,淺水灣/壽臣山,1984/11,1984,42,A,15.0,blank,blank,blank,,True,POINT Z (22.2281635 114.2004353 0),22.2281635,114.2004353
408,2008-05-20,"SOUTH BAY TOWERS,SOUTH BAY RD|南灣大廈,南灣道",16163.686257012048,2738,2161,"{'bay_window': '107', 'flat_roof': '', 'roof': '', 'ac_platform': '', 'plant_room': '', 'garden': '', 'yard': ''}",38.0,36.2416,17584,16770.75428042573,8060400320027,2524219,ASP,HRB,淺水灣/壽臣山,1984/11,1984,42,B,19.0,blank,blank,blank,,True,POINT Z (22.2281635 114.2004353 0),22.2281635,114.2004353
409,2008-05-15,"SOUTH BAY TOWERS,SOUTH BAY RD|南灣大廈,南灣道",16878.26447985499,2738,2161,"{'bay_window': '', 'flat_roof': '', 'roof': '', 'ac_platform': '', 'plant_room': '', 'garden': '', 'yard': ''}",39.68,37.8438,18362,17512.1702915317,8061001540069,2528716,ASP,HRB,淺水灣/壽臣山,1984/11,1984,42,B,11.0,blank,blank,blank,,True,POINT Z (22.2281635 114.2004353 0),22.2281635,114.2004353
410,2008-07-02,"SOUTH BAY TOWERS,SOUTH BAY RD|南灣大廈,南灣道",16776.189053637114,2737,2115,"{'bay_window': '', 'flat_roof': '', 'roof': '', 'ac_platform': '', 'plant_room': '', 'garden': '', 'yard': ''}",40.0,38.1087,18913,18018.297872340427,8072901820073,2573252,PRO-ASP,HRB,淺水灣/壽臣山,1984/11,1984,42,B,3.0,blank,blank,blank,,True,POINT Z (22.2281635 114.2004353 0),22.2281635,114.2004353
411,2008-09-16,"SOUTH BAY TOWERS,SOUTH BAY RD|南灣大廈,南灣道",12413.678874749274,1433,1145,"{'bay_window': '', 'flat_roof': '', 'roof': '', 'ac_platform': '', 'plant_room': '', 'garden': '', 'yard': ''}",16.0,14.6026,13974,12753.362445414848,8091901810067,2607514,ASP,HRB,淺水灣/壽臣山,1984/11,1984,42,A,17.0,blank,blank,blank,,True,POINT Z (22.2281635 114.2004353 0),22.2281635,114.2004353
412,2009-06-11,"SOUTH BAY TOWERS,SOUTH BAY RD|南灣大廈,南灣道",14219.81249318025,1433,1145,"{'bay_window': '', 'flat_roof': '', 'roof': '', 'ac_platform': '', 'plant_room': '', 'garden': '', 'yard': ''}",16.6,16.6,14498,14497.816593886464,9061900410075,2764571,ASP,HRB,淺水灣/壽臣山,1984/11,1984,42,D,26.0,blank,blank,blank,,False,POINT Z (22.2281635 114.2004353 0),22.2281635,114.2004353
413,2009-07-15,"SOUTH BAY TOWERS,SOUTH BAY RD|南灣大廈,南灣道",13842.881731967882,1433,1145,"{'bay_window': '', 'flat_roof': '', 'roof': '', 'ac_platform': '', 'plant_room': '', 'garden': '', 'yard': ''}",18.0,16.4279,15721,14347.51091703057,9080302030116,2810026,ASP,HRB,淺水灣/壽臣山,1984/11,1984,42,A,28.0,blank,blank,blank,,True,POINT Z (22.2281635 114.2004353 0),22.2281635,114.2004353
414,2009-09-22,"SOUTH BAY TOWERS,SOUTH BAY RD|南灣大廈,南灣道",14010.9072788128,2738,2161,"{'bay_window': '107', 'flat_roof': '', 'roof': '', 'ac_platform': '', 'plant_room': '', 'garden': '', 'yard': ''}",34.28,32.6937,15863,15128.968070337807,9093001100018,2871485,ASP,HRB,淺水灣/壽臣山,1984/11,1984,42,C,7.0,blank,blank,blank,,True,POINT Z (22.2281635 114.2004353 0),22.2281635,114.2004353
415,2009-10-28,"SOUTH BAY TOWERS,SOUTH BAY RD|南灣大廈,南灣道",11666.87792721464,1433,1145,"{'bay_window': '', 'flat_roof': '', 'roof': '', 'ac_platform': '', 'plant_room': '', 'garden': '', 'yard': ''}",16.0,14.6026,13974,12753.362445414848,9111001920015,2911463,ASP,HRB,淺水灣/壽臣山,1984/11,1984,42,D,16.0,blank,blank,blank,,True,POINT Z (22.2281635 114.2004353 0),22.2281635,114.2004353
416,2010-06-22,"SOUTH BAY TOWERS,SOUTH BAY RD|南灣大廈,南灣道",15327.54874967472,2738,2090,"{'bay_window': '107', 'flat_roof': '', 'roof': '', 'ac_platform': '', 'plant_room': '', 'garden': '', 'yard': ''}",39.8,37.8957,19043,18131.91387559809,10071200940031,3149133,ASP,HRB,淺水灣/壽臣山,1984/11,1984,42,B,9.0,blank,blank,blank,,True,POINT Z (22.2281635 114.2004353 0),22.2281635,114.2004353
417,2010-09-24,"SOUTH BAY TOWERS,SOUTH BAY RD|南灣大廈,南灣道",12715.932793487947,1433,1145,"{'bay_window': '', 'flat_roof': '', 'roof': '', 'ac_platform': '', 'plant_room': '', 'garden': '', 'yard': ''}",20.3,18.5271,17729,16180.873362445414,10093000520010,3242412,ASP,HRB,淺水灣/壽臣山,1984/11,1984,42,A,17.0,blank,blank,blank,,True,POINT Z (22.2281635 114.2004353 0),22.2281635,114.2004353
418,2010-12-09,"SOUTH BAY TOWERS,SOUTH BAY RD|南灣大廈,南灣道",10194.73084281445,1433,1145,"{'bay_window': '', 'flat_roof': '', 'roof': '', 'ac_platform': '', 'plant_room': '', 'garden': '', 'yard': ''}",16.8,15.3328,14672,13391.091703056769,11010500990041,3349971,PRO-ASP,HRB,淺水灣/壽臣山,1984/11,1984,42,D,7.0,blank,blank,blank,,True,POINT Z (22.2281635 114.2004353 0),22.2281635,114.2004353
419,2011-02-21,"SOUTH BAY TOWERS,SOUTH BAY RD|南灣大廈,南灣道",10933.250761684312,1433,1145,"{'bay_window': '', 'flat_roof': '', 'roof': '', 'ac_platform': '', 'plant_room': '', 'garden': '', 'yard': ''}",19.38,17.6874,16926,15447.510917030568,11030802850030,3409026,ASP,HRB,淺水灣/壽臣山,1984/11,1984,42,D,19.0,blank,blank,blank,,True,POINT Z (22.2281635 114.2004353 0),22.2281635,114.2004353
420,2011-04-08,"SOUTH BAY TOWERS,SOUTH BAY RD|南灣大廈,南灣道",14811.716810910842,2738,2090,"{'bay_window': '107', 'flat_roof': '', 'roof': '', 'ac_platform': '', 'plant_room': '', 'garden': '', 'yard': ''}",48.2,45.893800000000006,23062,21958.75598086125,11042000860014,3453257,ASP,HRB,淺水灣/壽臣山,1984/11,1984,42,B,25.0,blank,blank,blank,,True,POINT Z (22.2281635 114.2004353 0),22.2281635,114.2004353
421,2011-04-15,"SOUTH BAY TOWERS,SOUTH BAY RD|南灣大廈,南灣道",13505.68910305678,2738,2090,"{'bay_window': '107', 'flat_roof': '', 'roof': '', 'ac_platform': '', 'plant_room': '', 'garden': '', 'yard': ''}",43.95,41.847100000000005,21029,20022.53588516747,11042903160043,3461440,ASP,HRB,淺水灣/壽臣山,1984/11,1984,42,C,22.0,blank,blank,blank,,True,POINT Z (22.2281635 114.2004353 0),22.2281635,114.2004353
422,2011-04-21,"SOUTH BAY TOWERS,SOUTH BAY RD|南灣大廈,南灣道",12906.459695101492,2738,2090,"{'bay_window': '107', 'flat_roof': '', 'roof': '', 'ac_platform': '', 'plant_room': '', 'garden': '', 'yard': ''}",42.0,39.9904,20096,19134.16267942584,11052002030016,3481647,PRO-ASP,HRB,淺水灣/壽臣山,1984/11,1984,42,B,4.0,blank,blank,blank,,True,POINT Z (22.2281635 114.2004353 0),22.2281635,114.2004353
423,2012-04-20,"SOUTH BAY TOWERS,SOUTH BAY RD|南灣大廈,南灣道",14965.555985968736,2738,2090,"{'bay_window': '107', 'flat_roof': '', 'roof': '', 'ac_platform': '', 'plant_room': '', 'garden': '', 'yard': ''}",52.0,49.512,24880,23689.952153110047,12050300510078,3701918,ASP,HRB,淺水灣/壽臣山,1984/11,1984,42,B,23.0,blank,blank,blank,,True,POINT Z (22.2281635 114.2004353 0),22.2281635,114.2004353
424,2012-04-27,"SOUTH BAY TOWERS,SOUTH BAY RD|南灣大廈,南灣道",14677.742881876004,2738,2090,"{'bay_window': '107', 'flat_roof': '', 'roof': '', 'ac_platform': '', 'plant_room': '', 'garden': '', 'yard': ''}",51.0,48.5598,24402,23234.354066985645,12051401650064,3710611,ASP,HRB,淺水灣/壽臣山,1984/11,1984,42,B,19.0,blank,blank,blank,,True,POINT Z (22.2281635 114.2004353 0),22.2281635,114.2004353
425,2012-11-09,"SOUTH BAY TOWERS,SOUTH BAY RD|南灣大廈,南灣道",10443.86761160891,1433,1145,"{'bay_window': '', 'flat_roof': '', 'roof': '', 'ac_platform': '', 'plant_room': '', 'garden': '', 'yard': ''}",23.0,20.9913,20087,18333.01310043668,12120701850017,3874080,ASP,HRB,淺水灣/壽臣山,1984/11,1984,42,D,23.0,blank,blank,blank,,True,POINT Z (22.2281635 114.2004353 0),22.2281635,114.2004353
426,2012-11-09,"SOUTH BAY TOWERS,SOUTH BAY RD|南灣大廈,南灣道",13755.10010383539,2738,2090,"{'bay_window': '107', 'flat_roof': '', 'roof': '', 'ac_platform': '', 'plant_room': '', 'garden': '', 'yard': ''}",53.0,50.4641,25359,24145.502392344497,12120701850029,3874081,ASP,HRB,淺水灣/壽臣山,1984/11,1984,42,C,23.0,blank,blank,blank,,True,POINT Z (22.2281635 114.2004353 0),22.2281635,114.2004353
427,2013-02-18,"SOUTH BAY TOWERS,SOUTH BAY RD|南灣大廈,南灣道",10792.911771000234,1433,1145,"{'bay_window': '', 'flat_roof': '', 'roof': '', 'ac_platform': '', 'plant_room': '', 'garden': '', 'yard': ''}",24.6,22.451500000000003,21485,19608.29694323145,13030602230110,3942339,ASP,HRB,淺水灣/壽臣山,1984/11,1984,42,D,15.0,blank,blank,blank,,True,POINT Z (22.2281635 114.2004353 0),22.2281635,114.2004353
428,2014-04-24,"SOUTH BAY TOWERS,SOUTH BAY RD|南灣大廈,南灣道",10180.129090794877,2738,2090,"{'bay_window': '107', 'flat_roof': '', 'roof': '', 'ac_platform': '', 'plant_room': '', 'garden': '', 'yard': ''}",39.8,37.8957,19043,18131.91387559809,14051502310015,4135381,ASP,HRB,淺水灣/壽臣山,1984/11,1984,42,C,7.0,blank,blank,blank,,True,POINT Z (22.2281635 114.2004353 0),22.2281635,114.2004353
429,2014-04-23,"SOUTH BAY TOWERS,SOUTH BAY RD|南灣大廈,南灣道",10998.63449712707,2738,2090,"{'bay_window': '107', 'flat_roof': '', 'roof': '', 'ac_platform': '', 'plant_room': '', 'garden': '', 'yard': ''}",43.0,40.9426,20574,19589.76076555024,14052002520018,4137832,ASP,HRB,淺水灣/壽臣山,1984/11,1984,42,C,8.0,blank,blank,blank,,True,POINT Z (22.2281635 114.2004353 0),22.2281635,114.2004353
430,2014-09-15,"SOUTH BAY TOWERS,SOUTH BAY RD|南灣大廈,南灣道",11471.580506875014,1433,1145,"{'bay_window': '', 'flat_roof': '', 'roof': '', 'ac_platform': '', 'plant_room': '', 'garden': '', 'yard': ''}",25.5,25.5,22271,22270.7423580786,14100801850019,4217236,ASP,HRB,淺水灣/壽臣山,1984/11,1984,42,A,22.0,blank,blank,blank,,False,POINT Z (22.2281635 114.2004353 0),22.2281635,114.2004353
431,2015-07-16,"SOUTH BAY TOWERS,SOUTH BAY RD|南灣大廈,南灣道",9473.706715935406,1433,1145,"{'bay_window': '', 'flat_roof': '', 'roof': '', 'ac_platform': '', 'plant_room': '', 'garden': '', 'yard': ''}",25.15,22.9535,21965,20046.724890829693,15080300080017,4394095,PRO-ASP,HRB,淺水灣/壽臣山,1984/11,1984,42,D,19.0,blank,blank,blank,,True,POINT Z (22.2281635 114.2004353 0),22.2281635,114.2004353
432,2016-03-31,"SOUTH BAY TOWERS,SOUTH BAY RD|南灣大廈,南灣道",12765.964331344172,2699,2175,"{'bay_window': '', 'flat_roof': '', 'roof': '1060', 'ac_platform': '', 'plant_room': '', 'garden': '', 'yard': ''}",56.0,53.4253,25747,24563.35632183908,16042000490061,4497413,ASP,HRB,淺水灣/壽臣山,1984/11,1984,42,D,29.0,blank,blank,blank,,True,POINT Z (22.2281635 114.2004353 0),22.2281635,114.2004353
433,2016-07-04,"SOUTH BAY TOWERS,SOUTH BAY RD|南灣大廈,南灣道",10941.950437370162,2738,2090,"{'bay_window': '107', 'flat_roof': '', 'roof': '', 'ac_platform': '', 'plant_room': '', 'garden': '', 'yard': ''}",47.2,44.9416,22584,21503.157894736843,16072200530014,4536136,PRO-ASP,HRB,淺水灣/壽臣山,1984/11,1984,42,C,26.0,blank,blank,blank,,True,POINT Z (22.2281635 114.2004353 0),22.2281635,114.2004353
434,2016-09-04,"SOUTH BAY TOWERS,SOUTH BAY RD|南灣大廈,南灣道",10537.918840991568,1433,1145,"{'bay_window': '', 'flat_roof': '', 'roof': '', 'ac_platform': '', 'plant_room': '', 'garden': '', 'yard': ''}",25.1,25.1,21921,21921.397379912665,16092101840013,4563951,PRE-ASP,HRB,淺水灣/壽臣山,1984/11,1984,42,A,10.0,blank,blank,blank,,False,POINT Z (22.2281635 114.2004353 0),22.2281635,114.2004353
435,2017-05-23,"SOUTH BAY TOWERS,SOUTH BAY RD|南灣大廈,南灣道",9299.544607864686,1433,1145,"{'bay_window': '', 'flat_roof': '', 'roof': '', 'ac_platform': '', 'plant_room': '', 'garden': '', 'yard': ''}",26.18,23.8935,22865,20867.68558951965,17060901700013,4715795,ASP,HRB,淺水灣/壽臣山,1984/11,1984,42,D,26.0,blank,blank,blank,,True,POINT Z (22.2281635 114.2004353 0),22.2281635,114.2004353
436,2017-11-16,"SOUTH BAY TOWERS,SOUTH BAY RD|南灣大廈,南灣道",8472.731745260076,1433,1145,"{'bay_window': '', 'flat_roof': '', 'roof': '', 'ac_platform': '', 'plant_room': '', 'garden': '', 'yard': ''}",22.3,22.3,19476,19475.98253275109,17120802160199,5262845,ASP,HRB,淺水灣/壽臣山,1984/11,1984,42,A,4.0,blank,blank,blank,,False,POINT Z (22.2281635 114.2004353 0),22.2281635,114.2004353
437,2018-07-13,"SOUTH BAY TOWERS,SOUTH BAY RD|南灣大廈,南灣道",11737.032181430131,2738,2090,"{'bay_window': '107', 'flat_roof': '', 'roof': '', 'ac_platform': '', 'plant_room': '', 'garden': '', 'yard': ''}",65.0,65.0,31100,31100.47846889952,18080200120359,5407206,ASP,HRB,淺水灣/壽臣山,1984/11,1984,42,B,25.0,blank,blank,blank,,False,POINT Z (22.2281635 114.2004353 0),22.2281635,114.2004353
438,2018-08-04,"SOUTH BAY TOWERS,SOUTH BAY RD|南灣大廈,南灣道",9151.897700825548,1433,1145,"{'bay_window': '', 'flat_roof': '', 'roof': '', 'ac_platform': '', 'plant_room': '', 'garden': '', 'yard': ''}",27.5,27.5,24017,24017.4672489083,18082200730017,5418457,PRO-ASP,HRB,淺水灣/壽臣山,1984/11,1984,42,A,20.0,blank,blank,blank,,False,POINT Z (22.2281635 114.2004353 0),22.2281635,114.2004353
439,2018-03-29,"SOUTH BAY TOWERS,SOUTH BAY RD|南灣大廈,南灣道",10644.656675785784,2738,2090,"{'bay_window': '107', 'flat_roof': '', 'roof': '', 'ac_platform': '', 'plant_room': '', 'garden': '', 'yard': ''}",55.3,55.3,26459,26459.33014354067,18112302060017,5464539,MEM-ASP,HRB,淺水灣/壽臣山,1984/11,1984,42,C,10.0,blank,blank,blank,,False,POINT Z (22.2281635 114.2004353 0),22.2281635,114.2004353
440,2019-02-15,"SOUTH BAY TOWERS,SOUTH BAY RD|南灣大廈,南灣道",8659.667847756753,1433,1145,"{'bay_window': '', 'flat_roof': '', 'roof': '', 'ac_platform': '', 'plant_room': '', 'garden': '', 'yard': ''}",24.6,24.6,21485,21484.71615720524,19031201430056,5509021,ASP,HRB,淺水灣/壽臣山,1984/11,1984,42,D,16.0,blank,blank,blank,,False,POINT Z (22.2281635 114.2004353 0),22.2281635,114.2004353
441,2020-07-02,"SOUTH BAY TOWERS,SOUTH BAY RD|南灣大廈,南灣道",9731.56142539846,1433,1145,"{'bay_window': '', 'flat_roof': '', 'roof': '', 'ac_platform': '', 'plant_room': '', 'garden': '', 'yard': ''}",28.38,28.38,24786,24786.026200873363,20071301030157,5737659,ASP,HRB,淺水灣/壽臣山,1984/11,1984,42,D,19.0,blank,blank,blank,,False,POINT Z (22.2281635 114.2004353 0),22.2281635,114.2004353
442,2020-11-25,"SOUTH BAY TOWERS,SOUTH BAY RD|南灣大廈,南灣道",9921.200954631771,1433,1145,"{'bay_window': '', 'flat_roof': '', 'roof': '', 'ac_platform': '', 'plant_room': '', 'garden': '', 'yard': ''}",28.2,28.2,24629,24628.82096069869,20113001600018,5813465,ASP,HRB,淺水灣/壽臣山,1984/11,1984,42,A,7.0,blank,blank,blank,,False,POINT Z (22.2281635 114.2004353 0),22.2281635,114.2004353
443,2020-12-30,"SOUTH BAY TOWERS,SOUTH BAY RD|南灣大廈,南灣道",11057.717691979831,2738,2090,"{'bay_window': '107', 'flat_roof': '', 'roof': '', 'ac_platform': '', 'plant_room': '', 'garden': '', 'yard': ''}",58.0,58.0,27751,27751.196172248805,21011300650030,5839120,ASP,HRB,淺水灣/壽臣山,1984/11,1984,42,C,21.0,blank,blank,blank,,False,POINT Z (22.2281635 114.2004353 0),22.2281635,114.2004353
444,2022-10-06,"SOUTH BAY TOWERS,SOUTH BAY RD|南灣大廈,南灣道",10149.907321773297,1433,1145,"{'bay_window': '', 'flat_roof': '', 'roof': '', 'ac_platform': '', 'plant_room': '', 'garden': '', 'yard': ''}",26.0,26.0,22707,22707.423580786028,22101402050012,6192479,ASP,HRB,淺水灣/壽臣山,1984/11,1984,42,A,22.0,blank,blank,blank,,False,POINT Z (22.2281635 114.2004353 0),22.2281635,114.2004353
445,2025-08-21,"SOUTH BAY TOWERS,SOUTH BAY RD|南灣大廈,南灣道",12128.606596377917,1433,1145,"{'bay_window': '', 'flat_roof': '', 'roof': '', 'ac_platform': '', 'plant_room': '', 'garden': '', 'yard': ''}",26.0,26.0,22707,22707.423580786028,25090900210019,6651598,PRO-ASP,HRB,淺水灣/壽臣山,1984/11,1984,42,A,12.0,blank,blank,blank,,False,POINT Z (22.2281635 114.2004353 0),22.2281635,114.2004353
446,1995-12-19,"37 REPULSE BAY RD(Block 2),REPULSE BAY RD|淺水灣道 37號2座,淺水灣道",10227.250206440958,1635,1211,"{'bay_window': '32', 'flat_roof': '', 'roof': '', 'ac_platform': '', 'plant_room': '', 'garden': '', 'yard': ''}",13.5,12.3852,11148,10227.250206440958,6487013,4786789,ASP,HRB,淺水灣/壽臣山,1994/02,1994,32,A,14.0,2,blank,37 REPULSE BAY RD,淺水灣道 37號,True,POINT Z (22.246416 114.19145 0),22.246416,114.19145
447,1996-02-26,"37 REPULSE BAY RD(Block 2),REPULSE BAY RD|淺水灣道 37號2座,淺水灣道",11278.486055776892,1680,1255,"{'bay_window': '44', 'flat_roof': '', 'roof': '', 'ac_platform': '', 'plant_room': '', 'garden': '', 'yard': ''}",15.38,14.1545,12255,11278.486055776892,6561691,4815455,ASP,HRB,淺水灣/壽臣山,1994/02,1994,32,B,6.0,2,blank,37 REPULSE BAY RD,淺水灣道 37號,True,POINT Z (22.246416 114.19145 0),22.246416,114.19145
448,1996-04-03,"37 REPULSE BAY RD(Block 2),REPULSE BAY RD|淺水灣道 37號2座,淺水灣道",11571.792828685258,1680,1255,"{'bay_window': '44', 'flat_roof': '', 'roof': '', 'ac_platform': '', 'plant_room': '', 'garden': '', 'yard': ''}",15.78,14.5226,12574,11571.792828685258,6584247,4822332,SUB-ASP,HRB,淺水灣/壽臣山,1994/02,1994,32,B,6.0,2,blank,37 REPULSE BAY RD,淺水灣道 37號,True,POINT Z (22.246416 114.19145 0),22.246416,114.19145
449,1996-05-01,"37 REPULSE BAY RD(Block 2),REPULSE BAY RD|淺水灣道 37號2座,淺水灣道",11553.014037985136,1635,1211,"{'bay_window': '32', 'flat_roof': '', 'roof': '', 'ac_platform': '', 'plant_room': '', 'garden': '', 'yard': ''}",15.25,13.9907,12593,11553.014037985136,6625295,4836251,ASP,HRB,淺水灣/壽臣山,1994/02,1994,32,A,12.0,2,blank,37 REPULSE BAY RD,淺水灣道 37號,True,POINT Z (22.246416 114.19145 0),22.246416,114.19145
450,1996-06-01,"37 REPULSE BAY RD(Block 2),REPULSE BAY RD|淺水灣道 37號2座,淺水灣道",11513.147410358566,1680,1255,"{'bay_window': '44', 'flat_roof': '', 'roof': '', 'ac_platform': '', 'plant_room': '', 'garden': '', 'yard': ''}",15.7,14.449,12510,11513.147410358566,6660731,4846637,ASP,HRB,淺水灣/壽臣山,1994/02,1994,32,B,5.0,2,blank,37 REPULSE BAY RD,淺水灣道 37號,True,POINT Z (22.246416 114.19145 0),22.246416,114.19145
451,1996-06-01,"37 REPULSE BAY RD(Block 2),REPULSE BAY RD|淺水灣道 37號2座,淺水灣道",12947.976878612715,1635,1211,"{'bay_window': '32', 'flat_roof': '', 'roof': '', 'ac_platform': '', 'plant_room': '', 'garden': '', 'yard': ''}",15.68,15.68,12948,12947.976878612715,6663696,4847489,PRO-ASP,HRB,淺水灣/壽臣山,1994/02,1994,32,A,7.0,2,blank,37 REPULSE BAY RD,淺水灣道 37號,False,POINT Z (22.246416 114.19145 0),22.246416,114.19145
452,1996-06-01,"37 REPULSE BAY RD(Block 2),REPULSE BAY RD|淺水灣道 37號2座,淺水灣道",11623.187250996016,1680,1255,"{'bay_window': '', 'flat_roof': '', 'roof': '', 'ac_platform': '', 'plant_room': '', 'garden': '', 'yard': ''}",15.85,14.5871,12629,11623.187250996016,6678007,4856886,ASP,HRB,淺水灣/壽臣山,1994/02,1994,32,B,10.0,2,blank,37 REPULSE BAY RD,淺水灣道 37號,True,POINT Z (22.246416 114.19145 0),22.246416,114.19145
453,1996-07-12,"37 REPULSE BAY RD(Block 2),REPULSE BAY RD|淺水灣道 37號2座,淺水灣道",11287.8612716763,1635,1211,"{'bay_window': '32', 'flat_roof': '', 'roof': '', 'ac_platform': '', 'plant_room': '', 'garden': '', 'yard': ''}",14.9,13.6696,12304,11287.8612716763,6719000,4866570,PRO-ASP,HRB,淺水灣/壽臣山,1994/02,1994,32,A,3.0,2,blank,37 REPULSE BAY RD,淺水灣道 37號,True,POINT Z (22.246416 114.19145 0),22.246416,114.19145
454,1996-08-02,"37 REPULSE BAY RD(Block 2),REPULSE BAY RD|淺水灣道 37號2座,淺水灣道",11742.44426094137,1635,1211,"{'bay_window': '32', 'flat_roof': '', 'roof': '', 'ac_platform': '', 'plant_room': '', 'garden': '', 'yard': ''}",15.5,14.2201,12799,11742.44426094137,6731890,4879003,ASP,HRB,淺水灣/壽臣山,1994/02,1994,32,A,2.0,2,blank,37 REPULSE BAY RD,淺水灣道 37號,True,POINT Z (22.246416 114.19145 0),22.246416,114.19145
455,1996-08-22,"37 REPULSE BAY RD(Block 2),REPULSE BAY RD|淺水灣道 37號2座,淺水灣道",12231.792828685258,1680,1255,"{'bay_window': '', 'flat_roof': '', 'roof': '', 'ac_platform': '', 'plant_room': '', 'garden': '', 'yard': ''}",16.68,15.3509,13291,12231.792828685258,6742514,4876411,ASP,HRB,淺水灣/壽臣山,1994/02,1994,32,B,17.0,2,blank,37 REPULSE BAY RD,淺水灣道 37號,True,POINT Z (22.246416 114.19145 0),22.246416,114.19145
456,1996-08-21,"37 REPULSE BAY RD(Block 2),REPULSE BAY RD|淺水灣道 37號2座,淺水灣道",12437.902559867878,1635,1211,"{'bay_window': '32', 'flat_roof': '', 'roof': '', 'ac_platform': '', 'plant_room': '', 'garden': '', 'yard': ''}",16.418,15.0623,13557,12437.902559867878,6759570,4881108,ASP,HRB,淺水灣/壽臣山,1994/02,1994,32,A,4.0,2,blank,37 REPULSE BAY RD,淺水灣道 37號,True,POINT Z (22.246416 114.19145 0),22.246416,114.19145
457,1996-10-08,"37 REPULSE BAY RD(Block 2),REPULSE BAY RD|淺水灣道 37號2座,淺水灣道",13603.107569721116,1680,1255,"{'bay_window': '44', 'flat_roof': '', 'roof': '', 'ac_platform': '', 'plant_room': '', 'garden': '', 'yard': ''}",18.55,17.0719,14781,13603.107569721116,6802129,4896005,SUB-ASP,HRB,淺水灣/壽臣山,1994/02,1994,32,B,5.0,2,blank,37 REPULSE BAY RD,淺水灣道 37號,True,POINT Z (22.246416 114.19145 0),22.246416,114.19145
458,1996-10-14,"37 REPULSE BAY RD(Block 2),REPULSE BAY RD|淺水灣道 37號2座,淺水灣道",13419.760956175298,1680,1255,"{'bay_window': '44', 'flat_roof': '', 'roof': '', 'ac_platform': '', 'plant_room': '', 'garden': '', 'yard': ''}",18.3,16.8418,14582,13419.760956175298,6812841,4904741,ASP,HRB,淺水灣/壽臣山,1994/02,1994,32,B,19.0,2,blank,37 REPULSE BAY RD,淺水灣道 37號,True,POINT Z (22.246416 114.19145 0),22.246416,114.19145
459,1996-12-06,"37 REPULSE BAY RD(Block 2),REPULSE BAY RD|淺水灣道 37號2座,淺水灣道",16666.639141205615,1635,1211,"{'bay_window': '32', 'flat_roof': '', 'roof': '', 'ac_platform': '', 'plant_room': '', 'garden': '', 'yard': ''}",22.0,20.1833,18167,16666.639141205615,6866829,4928500,ASP,HRB,淺水灣/壽臣山,1994/02,1994,32,A,20.0,2,blank,37 REPULSE BAY RD,淺水灣道 37號,True,POINT Z (22.246416 114.19145 0),22.246416,114.19145
460,1996-12-11,"37 REPULSE BAY RD(Block 2),REPULSE BAY RD|淺水灣道 37號2座,淺水灣道",17424.194880264244,1635,1211,"{'bay_window': '32', 'flat_roof': '', 'roof': '', 'ac_platform': '', 'plant_room': '', 'garden': '', 'yard': ''}",23.0,21.1007,18993,17424.194880264244,6875921,4933358,ASP,HRB,淺水灣/壽臣山,1994/02,1994,32,A,21.0,2,blank,37 REPULSE BAY RD,淺水灣道 37號,True,POINT Z (22.246416 114.19145 0),22.246416,114.19145
461,1997-03-18,"37 REPULSE BAY RD(Block 2),REPULSE BAY RD|淺水灣道 37號2座,淺水灣道",17621.532903955027,1635,1211,"{'bay_window': '32', 'flat_roof': '', 'roof': '', 'ac_platform': '', 'plant_room': '', 'garden': '', 'yard': ''}",26.1,23.9448,21552,19772.749793559044,7024785,5001465,ASP,HRB,淺水灣/壽臣山,1994/02,1994,32,A,16.0,2,blank,37 REPULSE BAY RD,淺水灣道 37號,True,POINT Z (22.246416 114.19145 0),22.246416,114.19145
462,1997-06-18,"37 REPULSE BAY RD(Block 2),REPULSE BAY RD|淺水灣道 37號2座,淺水灣道",17723.133621736186,1635,1211,"{'bay_window': '32', 'flat_roof': '', 'roof': '', 'ac_platform': '', 'plant_room': '', 'garden': '', 'yard': ''}",28.9,26.5135,23865,21893.88934764657,7147801,5062787,ASP,HRB,淺水灣/壽臣山,1994/02,1994,32,A,3.0,2,blank,37 REPULSE BAY RD,淺水灣道 37號,True,POINT Z (22.246416 114.19145 0),22.246416,114.19145
463,1997-06-14,"37 REPULSE BAY RD(Block 2),REPULSE BAY RD|淺水灣道 37號2座,淺水灣道",19585.788942118925,1635,1211,"{'bay_window': '32', 'flat_roof': '', 'roof': '', 'ac_platform': '', 'plant_room': '', 'garden': '', 'yard': ''}",29.3,29.3,24195,24194.880264244424,7148153,5062872,ASP,HRB,淺水灣/壽臣山,1994/02,1994,32,A,19.0,2,blank,37 REPULSE BAY RD,淺水灣道 37號,False,POINT Z (22.246416 114.19145 0),22.246416,114.19145
464,1997-06-03,"37 REPULSE BAY RD(Block 2),REPULSE BAY RD|淺水灣道 37號2座,淺水灣道",17093.057009804048,1680,1255,"{'bay_window': '44', 'flat_roof': '', 'roof': '', 'ac_platform': '', 'plant_room': '', 'garden': '', 'yard': ''}",26.5,26.5,21116,21115.537848605574,7159955,5068706,ASP,HRB,淺水灣/壽臣山,1994/02,1994,32,B,6.0,2,blank,37 REPULSE BAY RD,淺水灣道 37號,False,POINT Z (22.246416 114.19145 0),22.246416,114.19145
465,1997-12-02,"37 REPULSE BAY RD(Block 2),REPULSE BAY RD|淺水灣道 37號2座,淺水灣道",12446.851245292655,1680,1255,"{'bay_window': '44', 'flat_roof': '', 'roof': '', 'ac_platform': '', 'plant_room': '', 'garden': '', 'yard': ''}",18.8,17.302,14980,13786.454183266933,7380271,5146959,ASP,HRB,淺水灣/壽臣山,1994/02,1994,32,B,1.0,2,blank,37 REPULSE BAY RD,淺水灣道 37號,True,POINT Z (22.246416 114.19145 0),22.246416,114.19145
466,1997-12-23,"37 REPULSE BAY RD(Block 2),REPULSE BAY RD|淺水灣道 37號2座,淺水灣道",11742.257624892834,1635,1211,"{'bay_window': '32', 'flat_roof': '', 'roof': '', 'ac_platform': '', 'plant_room': '', 'garden': '', 'yard': ''}",17.168,15.7503,14177,13006.028075970273,7396576,5151249,ASP,HRB,淺水灣/壽臣山,1994/02,1994,32,A,8.0,2,blank,37 REPULSE BAY RD,淺水灣道 37號,True,POINT Z (22.246416 114.19145 0),22.246416,114.19145
467,1998-02-23,"37 REPULSE BAY RD(Block 2),REPULSE BAY RD|淺水灣道 37號2座,淺水灣道",14597.44285452617,1635,1211,"{'bay_window': '32', 'flat_roof': '', 'roof': '', 'ac_platform': '', 'plant_room': '', 'garden': '', 'yard': ''}",18.8,17.247600000000002,15524,14242.444260941376,7431483,5165669,ASP,HRB,淺水灣/壽臣山,1994/02,1994,32,A,20.0,2,blank,37 REPULSE BAY RD,淺水灣道 37號,True,POINT Z (22.246416 114.19145 0),22.246416,114.19145
468,1998-02-28,"37 REPULSE BAY RD(Block 2),REPULSE BAY RD|淺水灣道 37號2座,淺水灣道",15407.772927384854,1680,1255,"{'bay_window': '44', 'flat_roof': '', 'roof': '', 'ac_platform': '', 'plant_room': '', 'garden': '', 'yard': ''}",20.5,18.8665,16335,15033.067729083665,7435549,5167787,ASP,HRB,淺水灣/壽臣山,1994/02,1994,32,B,19.0,2,blank,37 REPULSE BAY RD,淺水灣道 37號,True,POINT Z (22.246416 114.19145 0),22.246416,114.19145
469,1998-02-19,"37 REPULSE BAY RD(Block 2),REPULSE BAY RD|淺水灣道 37號2座,淺水灣道",14597.44285452617,1635,1211,"{'bay_window': '32', 'flat_roof': '', 'roof': '', 'ac_platform': '', 'plant_room': '', 'garden': '', 'yard': ''}",18.8,17.247600000000002,15524,14242.444260941376,7445270,5175372,PRO-ASP,HRB,淺水灣/壽臣山,1994/02,1994,32,A,8.0,2,blank,37 REPULSE BAY RD,淺水灣道 37號,True,POINT Z (22.246416 114.19145 0),22.246416,114.19145
470,1998-04-03,"37 REPULSE BAY RD(Block 2),REPULSE BAY RD|淺水灣道 37號2座,淺水灣道",16152.890569291929,1635,1211,"{'bay_window': '32', 'flat_roof': '', 'roof': '', 'ac_platform': '', 'plant_room': '', 'garden': '', 'yard': ''}",20.25,18.5778,16722,15340.875309661436,7464556,5185376,ASP,HRB,淺水灣/壽臣山,1994/02,1994,32,A,10.0,2,blank,37 REPULSE BAY RD,淺水灣道 37號,True,POINT Z (22.246416 114.19145 0),22.246416,114.19145
471,1998-11-16,"37 REPULSE BAY RD(Block 2),REPULSE BAY RD|淺水灣道 37號2座,淺水灣道",13635.594770912268,1635,1211,"{'bay_window': '32', 'flat_roof': '', 'roof': '', 'ac_platform': '', 'plant_room': '', 'garden': '', 'yard': ''}",12.8,11.743,10570,9696.944673823287,7625460,85379,ASP,HRB,淺水灣/壽臣山,1994/02,1994,32,A,19.0,2,blank,37 REPULSE BAY RD,淺水灣道 37號,True,POINT Z (22.246416 114.19145 0),22.246416,114.19145
472,1998-12-14,"37 REPULSE BAY RD(Block 2),REPULSE BAY RD|淺水灣道 37號2座,淺水灣道",11811.51699422107,1635,1211,"{'bay_window': '32', 'flat_roof': '', 'roof': '', 'ac_platform': '', 'plant_room': '', 'garden': '', 'yard': ''}",11.38,10.4403,9397,8621.222130470685,7644046,105568,ASP,HRB,淺水灣/壽臣山,1994/02,1994,32,A,1.0,2,blank,37 REPULSE BAY RD,淺水灣道 37號,True,POINT Z (22.246416 114.19145 0),22.246416,114.19145
473,1998-12-30,"37 REPULSE BAY RD(Block 2),REPULSE BAY RD|淺水灣道 37號2座,淺水灣道",13492.912792886946,1635,1211,"{'bay_window': '32', 'flat_roof': '', 'roof': '', 'ac_platform': '', 'plant_room': '', 'garden': '', 'yard': ''}",13.0,11.9265,10735,9848.472336911644,7662822,122598,ASP,HRB,淺水灣/壽臣山,1994/02,1994,32,A,12.0,2,blank,37 REPULSE BAY RD,淺水灣道 37號,True,POINT Z (22.246416 114.19145 0),22.246416,114.19145
474,1999-07-12,"37 REPULSE BAY RD(Block 2),REPULSE BAY RD|淺水灣道 37號2座,淺水灣道",14788.081653926783,1635,1211,"{'bay_window': '32', 'flat_roof': '', 'roof': '', 'ac_platform': '', 'plant_room': '', 'garden': '', 'yard': ''}",14.388,13.1999,11881,10900.0,7823174,260275,ASP,HRB,淺水灣/壽臣山,1994/02,1994,32,A,13.0,2,blank,37 REPULSE BAY RD,淺水灣道 37號,True,POINT Z (22.246416 114.19145 0),22.246416,114.19145
475,1999-07-30,"37 REPULSE BAY RD(Block 2),REPULSE BAY RD|淺水灣道 37號2座,淺水灣道",12323.49473808094,1635,1211,"{'bay_window': '32', 'flat_roof': '', 'roof': '', 'ac_platform': '', 'plant_room': '', 'garden': '', 'yard': ''}",11.0,11.0,9083,9083.402146985962,7854170,281845,MEM-ASP,HRB,淺水灣/壽臣山,1994/02,1994,32,A,11.0,2,blank,37 REPULSE BAY RD,淺水灣道 37號,False,POINT Z (22.246416 114.19145 0),22.246416,114.19145
476,1999-10-27,"37 REPULSE BAY RD(Block 2),REPULSE BAY RD|淺水灣道 37號2座,淺水灣道",14950.825283518494,1635,1211,"{'bay_window': '32', 'flat_roof': '', 'roof': '', 'ac_platform': '', 'plant_room': '', 'garden': '', 'yard': ''}",13.75,12.6146,11354,10416.680429397193,7916566,332522,ASP,HRB,淺水灣/壽臣山,1994/02,1994,32,A,20.0,2,blank,37 REPULSE BAY RD,淺水灣道 37號,True,POINT Z (22.246416 114.19145 0),22.246416,114.19145
477,2000-02-02,"37 REPULSE BAY RD(Block 2),REPULSE BAY RD|淺水灣道 37號2座,淺水灣道",13634.280972127826,1635,1211,"{'bay_window': '32', 'flat_roof': '', 'roof': '', 'ac_platform': '', 'plant_room': '', 'garden': '', 'yard': ''}",14.23,13.0549,11751,10780.264244426096,8005782,390453,ASP,HRB,淺水灣/壽臣山,1994/02,1994,32,A,7.0,2,blank,37 REPULSE BAY RD,淺水灣道 37號,True,POINT Z (22.246416 114.19145 0),22.246416,114.19145
478,2000-02-14,"37 REPULSE BAY RD(Block 2),REPULSE BAY RD|淺水灣道 37號2座,淺水灣道",13819.17390761266,1680,1255,"{'bay_window': '44', 'flat_roof': '', 'roof': '', 'ac_platform': '', 'plant_room': '', 'garden': '', 'yard': ''}",14.9,13.7127,11873,10926.454183266933,8013682,395334,ASP,HRB,淺水灣/壽臣山,1994/02,1994,32,B,3.0,2,blank,37 REPULSE BAY RD,淺水灣道 37號,True,POINT Z (22.246416 114.19145 0),22.246416,114.19145
479,2001-03-23,"37 REPULSE BAY RD(Block 2),REPULSE BAY RD|淺水灣道 37號2座,淺水灣道",16102.24218317305,1635,1211,"{'bay_window': '32', 'flat_roof': '', 'roof': '', 'ac_platform': '', 'plant_room': '', 'garden': '', 'yard': ''}",13.38,12.2751,11049,10136.333608587944,8355765,657131,ASP,HRB,淺水灣/壽臣山,1994/02,1994,32,A,13.0,2,blank,37 REPULSE BAY RD,淺水灣道 37號,True,POINT Z (22.246416 114.19145 0),22.246416,114.19145
480,2001-07-24,"37 REPULSE BAY RD(Block 2),REPULSE BAY RD|淺水灣道 37號2座,淺水灣道",14418.08151217181,1635,1211,"{'bay_window': '32', 'flat_roof': '', 'roof': '', 'ac_platform': '', 'plant_room': '', 'garden': '', 'yard': ''}",11.86,10.8806,9794,8984.805945499587,8467521,742660,ASP,HRB,淺水灣/壽臣山,1994/02,1994,32,A,3.0,2,blank,37 REPULSE BAY RD,淺水灣道 37號,True,POINT Z (22.246416 114.19145 0),22.246416,114.19145
481,2002-04-22,"37 REPULSE BAY RD(Block 2),REPULSE BAY RD|淺水灣道 37號2座,淺水灣道",15993.49506338489,1680,1255,"{'bay_window': '44', 'flat_roof': '', 'roof': '', 'ac_platform': '', 'plant_room': '', 'garden': '', 'yard': ''}",12.39,11.4027,9873,9085.81673306773,8675854,901318,PRO-ASP,HRB,淺水灣/壽臣山,1994/02,1994,32,B,8.0,2,blank,37 REPULSE BAY RD,淺水灣道 37號,True,POINT Z (22.246416 114.19145 0),22.246416,114.19145
482,2003-09-26,"37 REPULSE BAY RD(Block 2),REPULSE BAY RD|淺水灣道 37號2座,淺水灣道",16479.71666560691,1635,1236,"{'bay_window': '32', 'flat_roof': '', 'roof': '', 'ac_platform': '', 'plant_room': '', 'garden': '', 'yard': ''}",11.3,10.3858,9142,8402.750809061488,9022938,1177590,ASP,HRB,淺水灣/壽臣山,1994/02,1994,32,A,8.0,2,blank,37 REPULSE BAY RD,淺水灣道 37號,True,POINT Z (22.246416 114.19145 0),22.246416,114.19145
483,2004-02-27,"37 REPULSE BAY RD(Block 2),REPULSE BAY RD|淺水灣道 37號2座,淺水灣道",16019.323180157067,1635,1236,"{'bay_window': '32', 'flat_roof': '', 'roof': '', 'ac_platform': '', 'plant_room': '', 'garden': '', 'yard': ''}",13.98,12.8489,11311,10395.550161812298,9167967,1292630,ASP,HRB,淺水灣/壽臣山,1994/02,1994,32,A,13.0,2,blank,37 REPULSE BAY RD,淺水灣道 37號,True,POINT Z (22.246416 114.19145 0),22.246416,114.19145
484,2004-09-30,"37 REPULSE BAY RD(Block 2),REPULSE BAY RD|淺水灣道 37號2座,淺水灣道",18009.879878548152,1680,1255,"{'bay_window': '44', 'flat_roof': '', 'roof': '', 'ac_platform': '', 'plant_room': '', 'garden': '', 'yard': ''}",16.8,15.4614,13386,12319.8406374502,9359787,1438285,ASP,HRB,淺水灣/壽臣山,1994/02,1994,32,B,18.0,2,blank,37 REPULSE BAY RD,淺水灣道 37號,True,POINT Z (22.246416 114.19145 0),22.246416,114.19145
485,2004-12-17,"37 REPULSE BAY RD(Block 2),REPULSE BAY RD|淺水灣道 37號2座,淺水灣道",19314.09806522736,1635,1236,"{'bay_window': '32', 'flat_roof': '', 'roof': '', 'ac_platform': '', 'plant_room': '', 'garden': '', 'yard': ''}",19.0,17.4628,15372,14128.478964401294,9438500,1504341,ASP,HRB,淺水灣/壽臣山,1994/02,1994,32,A,8.0,2,blank,37 REPULSE BAY RD,淺水灣道 37號,True,POINT Z (22.246416 114.19145 0),22.246416,114.19145
486,2005-03-09,"37 REPULSE BAY RD(Block 2),REPULSE BAY RD|淺水灣道 37號2座,淺水灣道",17306.082672991757,1635,1236,"{'bay_window': '32', 'flat_roof': '', 'roof': '', 'ac_platform': '', 'plant_room': '', 'garden': '', 'yard': ''}",17.18,15.79,13900,12775.080906148867,5040802040037,1577994,ASP,HRB,淺水灣/壽臣山,1994/02,1994,32,A,6.0,2,blank,37 REPULSE BAY RD,淺水灣道 37號,True,POINT Z (22.246416 114.19145 0),22.246416,114.19145
487,2005-03-30,"37 REPULSE BAY RD(Block 2),REPULSE BAY RD|淺水灣道 37號2座,淺水灣道",17484.050766621036,1680,1255,"{'bay_window': '44', 'flat_roof': '', 'roof': '', 'ac_platform': '', 'plant_room': '', 'garden': '', 'yard': ''}",17.6,16.1976,14024,12906.454183266933,5041200940031,1579878,ASP,HRB,淺水灣/壽臣山,1994/02,1994,32,B,6.0,2,blank,37 REPULSE BAY RD,淺水灣道 37號,True,POINT Z (22.246416 114.19145 0),22.246416,114.19145
488,2005-04-06,"37 REPULSE BAY RD(Block 2),REPULSE BAY RD|淺水灣道 37號2座,淺水灣道",17293.997793694383,1635,1236,"{'bay_window': '32', 'flat_roof': '', 'roof': '', 'ac_platform': '', 'plant_room': '', 'garden': '', 'yard': ''}",17.45,16.0382,14118,12975.88996763754,5041601140023,1584303,ASP,HRB,淺水灣/壽臣山,1994/02,1994,32,A,7.0,2,blank,37 REPULSE BAY RD,淺水灣道 37號,True,POINT Z (22.246416 114.19145 0),22.246416,114.19145
489,2006-04-27,"37 REPULSE BAY RD(Block 2),REPULSE BAY RD|淺水灣道 37號2座,淺水灣道",16605.06888960468,1635,1236,"{'bay_window': '32', 'flat_roof': '', 'roof': '', 'ac_platform': '', 'plant_room': '', 'garden': '', 'yard': ''}",16.98,15.6062,13738,12626.375404530743,6051702840072,1877940,ASP,HRB,淺水灣/壽臣山,1994/02,1994,32,A,2.0,2,blank,37 REPULSE BAY RD,淺水灣道 37號,True,POINT Z (22.246416 114.19145 0),22.246416,114.19145
490,2006-07-10,"37 REPULSE BAY RD(Block 2),REPULSE BAY RD|淺水灣道 37號2座,淺水灣道",16622.603667764048,1635,1236,"{'bay_window': '32', 'flat_roof': '', 'roof': '', 'ac_platform': '', 'plant_room': '', 'garden': '', 'yard': ''}",17.3,15.9003,13997,12864.320388349515,6072000220135,1922486,ASP,HRB,淺水灣/壽臣山,1994/02,1994,32,A,21.0,2,blank,37 REPULSE BAY RD,淺水灣道 37號,True,POINT Z (22.246416 114.19145 0),22.246416,114.19145
491,2006-08-11,"37 REPULSE BAY RD(Block 2),REPULSE BAY RD|淺水灣道 37號2座,淺水灣道",14974.017637752107,1635,1236,"{'bay_window': '32', 'flat_roof': '', 'roof': '', 'ac_platform': '', 'plant_room': '', 'garden': '', 'yard': ''}",15.38,14.1357,12443,11436.650485436894,6083000220018,1950058,PRO-ASP,HRB,淺水灣/壽臣山,1994/02,1994,32,A,1.0,2,blank,37 REPULSE BAY RD,淺水灣道 37號,True,POINT Z (22.246416 114.19145 0),22.246416,114.19145
492,2006-12-21,"37 REPULSE BAY RD(Block 2),REPULSE BAY RD|淺水灣道 37號2座,淺水灣道",17012.596870038422,1680,1255,"{'bay_window': '44', 'flat_roof': '', 'roof': '', 'ac_platform': '', 'plant_room': '', 'garden': '', 'yard': ''}",17.93,16.5013,14287,13148.446215139442,7011102370173,2039036,ASP,HRB,淺水灣/壽臣山,1994/02,1994,32,B,5.0,2,blank,37 REPULSE BAY RD,淺水灣道 37號,True,POINT Z (22.246416 114.19145 0),22.246416,114.19145
493,2007-01-18,"37 REPULSE BAY RD(Block 2),REPULSE BAY RD|淺水灣道 37號2座,淺水灣道",16140.96045182716,1635,1236,"{'bay_window': '32', 'flat_roof': '', 'roof': '', 'ac_platform': '', 'plant_room': '', 'garden': '', 'yard': ''}",17.38,15.9739,14061,12923.867313915858,7012402360112,2050336,ASP,HRB,淺水灣/壽臣山,1994/02,1994,32,A,14.0,2,blank,37 REPULSE BAY RD,淺水灣道 37號,True,POINT Z (22.246416 114.19145 0),22.246416,114.19145
494,2007-02-13,"37 REPULSE BAY RD(Block 2),REPULSE BAY RD|淺水灣道 37號2座,淺水灣道",16716.547939013304,1635,1236,"{'bay_window': '32', 'flat_roof': '', 'roof': '', 'ac_platform': '', 'plant_room': '', 'garden': '', 'yard': ''}",16.3,16.3,13188,13187.702265372169,7031301410032,2083620,PRO-ASP,HRB,淺水灣/壽臣山,1994/02,1994,32,A,15.0,2,blank,37 REPULSE BAY RD,淺水灣道 37號,False,POINT Z (22.246416 114.19145 0),22.246416,114.19145
495,2007-05-04,"37 REPULSE BAY RD(Block 2),REPULSE BAY RD|淺水灣道 37號2座,淺水灣道",17153.4760290555,1680,1255,"{'bay_window': '44', 'flat_roof': '', 'roof': '', 'ac_platform': '', 'plant_room': '', 'garden': '', 'yard': ''}",19.5,17.9462,15538,14299.760956175298,7051601150020,2132734,ASP,HRB,淺水灣/壽臣山,1994/02,1994,32,B,12.0,2,blank,37 REPULSE BAY RD,淺水灣道 37號,True,POINT Z (22.246416 114.19145 0),22.246416,114.19145
496,2007-04-27,"37 REPULSE BAY RD(Block 2),REPULSE BAY RD|淺水灣道 37號2座,淺水灣道",16742.933405618307,1635,1236,"{'bay_window': '32', 'flat_roof': '', 'roof': '', 'ac_platform': '', 'plant_room': '', 'garden': '', 'yard': ''}",18.25,16.7735,14765,13570.792880258898,7052101110018,2136206,ASP,HRB,淺水灣/壽臣山,1994/02,1994,32,A,10.0,2,blank,37 REPULSE BAY RD,淺水灣道 37號,True,POINT Z (22.246416 114.19145 0),22.246416,114.19145
497,2007-07-05,"37 REPULSE BAY RD(Block 2),REPULSE BAY RD|淺水灣道 37號2座,淺水灣道",18264.168222326232,1680,1255,"{'bay_window': '44', 'flat_roof': '', 'roof': '', 'ac_platform': '', 'plant_room': '', 'garden': '', 'yard': ''}",21.0,19.3267,16733,15399.760956175298,7071201590010,2186963,ASP,HRB,淺水灣/壽臣山,1994/02,1994,32,B,19.0,2,blank,37 REPULSE BAY RD,淺水灣道 37號,True,POINT Z (22.246416 114.19145 0),22.246416,114.19145
498,2007-08-07,"37 REPULSE BAY RD(Block 2),REPULSE BAY RD|淺水灣道 37號2座,淺水灣道",18588.963486084864,1635,1236,"{'bay_window': '32', 'flat_roof': '', 'roof': '', 'ac_platform': '', 'plant_room': '', 'garden': '', 'yard': ''}",21.2,19.4848,17152,15764.401294498382,7083101910128,2233933,PRO-ASP,HRB,淺水灣/壽臣山,1994/02,1994,32,A,14.0,2,blank,37 REPULSE BAY RD,淺水灣道 37號,True,POINT Z (22.246416 114.19145 0),22.246416,114.19145
499,2007-09-10,"37 REPULSE BAY RD(Block 2),REPULSE BAY RD|淺水灣道 37號2座,淺水灣道",20151.560291602163,1680,1255,"{'bay_window': '44', 'flat_roof': '', 'roof': '', 'ac_platform': '', 'plant_room': '', 'garden': '', 'yard': ''}",23.88,21.9772,19028,17511.71314741036,7092501420033,2256541,ASP,HRB,淺水灣/壽臣山,1994/02,1994,32,B,18.0,2,blank,37 REPULSE BAY RD,淺水灣道 37號,True,POINT Z (22.246416 114.19145 0),22.246416,114.19145
500,2007-09-27,"37 REPULSE BAY RD(Block 2),REPULSE BAY RD|淺水灣道 37號2座,淺水灣道",19980.55190295368,1635,1236,"{'bay_window': '32', 'flat_roof': '', 'roof': '', 'ac_platform': '', 'plant_room': '', 'garden': '', 'yard': ''}",23.35,21.460800000000003,18892,17363.106796116506,8010802950010,2366089,ASP,HRB,淺水灣/壽臣山,1994/02,1994,32,A,20.0,2,blank,37 REPULSE BAY RD,淺水灣道 37號,True,POINT Z (22.246416 114.19145 0),22.246416,114.19145
501,2009-01-15,"37 REPULSE BAY RD(Block 2),REPULSE BAY RD|淺水灣道 37號2座,淺水灣道",16656.410976842533,1635,1236,"{'bay_window': '32', 'flat_roof': '', 'roof': '', 'ac_platform': '', 'plant_room': '', 'garden': '', 'yard': ''}",19.38,17.811999999999998,15680,14411.003236245951,9012100260109,2667708,ASP,HRB,淺水灣/壽臣山,1994/02,1994,32,A,19.0,2,blank,37 REPULSE BAY RD,淺水灣道 37號,True,POINT Z (22.246416 114.19145 0),22.246416,114.19145
502,2009-06-03,"37 REPULSE BAY RD(Block 2),REPULSE BAY RD|淺水灣道 37號2座,淺水灣道",16541.492678300187,1635,1236,"{'bay_window': '32', 'flat_roof': '', 'roof': '', 'ac_platform': '', 'plant_room': '', 'garden': '', 'yard': ''}",22.68,20.845,18350,16864.886731391587,9061802730110,2763149,ASP,HRB,淺水灣/壽臣山,1994/02,1994,32,A,13.0,2,blank,37 REPULSE BAY RD,淺水灣道 37號,True,POINT Z (22.246416 114.19145 0),22.246416,114.19145
503,2009-06-22,"37 REPULSE BAY RD(Block 2),REPULSE BAY RD|淺水灣道 37號2座,淺水灣道",17262.19710727699,1680,1255,"{'bay_window': '44', 'flat_roof': '', 'roof': '', 'ac_platform': '', 'plant_room': '', 'garden': '', 'yard': ''}",24.0,22.0876,19124,17599.6812749004,9071503000013,2791195,PRO-ASP,HRB,淺水灣/壽臣山,1994/02,1994,32,B,5.0,2,blank,37 REPULSE BAY RD,淺水灣道 37號,True,POINT Z (22.246416 114.19145 0),22.246416,114.19145
504,2009-07-22,"37 REPULSE BAY RD(Block 2),REPULSE BAY RD|淺水灣道 37號2座,淺水灣道",17865.080034364466,1680,1255,"{'bay_window': '44', 'flat_roof': '', 'roof': '', 'ac_platform': '', 'plant_room': '', 'garden': '', 'yard': ''}",25.25,23.238,20120,18516.33466135458,9081403030011,2823511,PRO-ASP,HRB,淺水灣/壽臣山,1994/02,1994,32,B,6.0,2,blank,37 REPULSE BAY RD,淺水灣道 37號,True,POINT Z (22.246416 114.19145 0),22.246416,114.19145
505,2009-07-30,"37 REPULSE BAY RD(Block 2),REPULSE BAY RD|淺水灣道 37號2座,淺水灣道",16537.200511124312,1635,1236,"{'bay_window': '32', 'flat_roof': '', 'roof': '', 'ac_platform': '', 'plant_room': '', 'garden': '', 'yard': ''}",23.05,21.1851,18649,17140.04854368932,9081901430409,2827879,ASP,HRB,淺水灣/壽臣山,1994/02,1994,32,A,3.0,2,blank,37 REPULSE BAY RD,淺水灣道 37號,True,POINT Z (22.246416 114.19145 0),22.246416,114.19145
506,2010-02-05,"37 REPULSE BAY RD(Block 2),REPULSE BAY RD|淺水灣道 37號2座,淺水灣道",15666.319046474438,1680,1255,"{'bay_window': '44', 'flat_roof': '', 'roof': '', 'ac_platform': '', 'plant_room': '', 'garden': '', 'yard': ''}",25.0,23.008,19920,18333.067729083665,10021200870029,3003354,ASP,HRB,淺水灣/壽臣山,1994/02,1994,32,B,1.0,2,blank,37 REPULSE BAY RD,淺水灣道 37號,True,POINT Z (22.246416 114.19145 0),22.246416,114.19145
507,2010-02-02,"37 REPULSE BAY RD(Block 2),REPULSE BAY RD|淺水灣道 37號2座,淺水灣道",16781.71357142358,1680,1255,"{'bay_window': '44', 'flat_roof': '', 'roof': '', 'ac_platform': '', 'plant_room': '', 'garden': '', 'yard': ''}",26.78,24.6461,21339,19638.326693227093,10021202910027,3003538,ASP,HRB,淺水灣/壽臣山,1994/02,1994,32,B,2.0,2,blank,37 REPULSE BAY RD,淺水灣道 37號,True,POINT Z (22.246416 114.19145 0),22.246416,114.19145
508,2010-04-27,"37 REPULSE BAY RD(Block 2),REPULSE BAY RD|淺水灣道 37號2座,淺水灣道",19555.38136449792,1635,1236,"{'bay_window': '32', 'flat_roof': '', 'roof': '', 'ac_platform': '', 'plant_room': '', 'garden': '', 'yard': ''}",31.0,28.4919,25081,23051.69902912621,10052401850012,3102793,PRO-ASP,HRB,淺水灣/壽臣山,1994/02,1994,32,A,16.0,2,blank,37 REPULSE BAY RD,淺水灣道 37號,True,POINT Z (22.246416 114.19145 0),22.246416,114.19145
509,2011-01-17,"37 REPULSE BAY RD(Block 2),REPULSE BAY RD|淺水灣道 37號2座,淺水灣道",17623.355432517976,1680,1255,"{'bay_window': '44', 'flat_roof': '', 'roof': '', 'ac_platform': '', 'plant_room': '', 'garden': '', 'yard': ''}",32.5,29.9104,25896,23832.988047808765,11020700930039,3380157,ASP,HRB,淺水灣/壽臣山,1994/02,1994,32,B,13.0,2,blank,37 REPULSE BAY RD,淺水灣道 37號,True,POINT Z (22.246416 114.19145 0),22.246416,114.19145
510,2011-04-27,"37 REPULSE BAY RD(Block 2),REPULSE BAY RD|淺水灣道 37號2座,淺水灣道",15383.402442516506,1680,1255,"{'bay_window': '44', 'flat_roof': '', 'roof': '', 'ac_platform': '', 'plant_room': '', 'garden': '', 'yard': ''}",31.1,28.6219,24781,22806.29482071713,11052401040016,3483274,ASP,HRB,淺水灣/壽臣山,1994/02,1994,32,B,2.0,2,blank,37 REPULSE BAY RD,淺水灣道 37號,True,POINT Z (22.246416 114.19145 0),22.246416,114.19145
511,2012-06-12,"37 REPULSE BAY RD(Block 2),REPULSE BAY RD|淺水灣道 37號2座,淺水灣道",16643.892798445722,1635,1236,"{'bay_window': '32', 'flat_roof': '', 'roof': '', 'ac_platform': '', 'plant_room': '', 'garden': '', 'yard': ''}",35.8,32.9036,28964,26621.035598705497,12070502470099,3752124,ASP,HRB,淺水灣/壽臣山,1994/02,1994,32,A,18.0,2,blank,37 REPULSE BAY RD,淺水灣道 37號,True,POINT Z (22.246416 114.19145 0),22.246416,114.19145
512,2013-06-13,"37 REPULSE BAY RD(Block 2),REPULSE BAY RD|淺水灣道 37號2座,淺水灣道",14166.301145523828,1680,1255,"{'bay_window': '44', 'flat_roof': '', 'roof': '', 'ac_platform': '', 'plant_room': '', 'garden': '', 'yard': ''}",35.08,32.2848,27952,25724.940239043823,13062802160019,3999971,ASP,HRB,淺水灣/壽臣山,1994/02,1994,32,B,15.0,2,blank,37 REPULSE BAY RD,淺水灣道 37號,True,POINT Z (22.246416 114.19145 0),22.246416,114.19145
513,2014-03-27,"37 REPULSE BAY RD(Block 2),REPULSE BAY RD|淺水灣道 37號2座,淺水灣道",14539.114552857802,1635,1236,"{'bay_window': '32', 'flat_roof': '', 'roof': '', 'ac_platform': '', 'plant_room': '', 'garden': '', 'yard': ''}",35.92,33.0139,29061,26710.275080906147,14040202070015,4116660,ASP,HRB,淺水灣/壽臣山,1994/02,1994,32,A,9.0,2,blank,37 REPULSE BAY RD,淺水灣道 37號,True,POINT Z (22.246416 114.19145 0),22.246416,114.19145
514,2014-10-08,"37 REPULSE BAY RD(Block 2),REPULSE BAY RD|淺水灣道 37號2座,淺水灣道",14740.591150731932,1680,1255,"{'bay_window': '44', 'flat_roof': '', 'roof': '', 'ac_platform': '', 'plant_room': '', 'garden': '', 'yard': ''}",39.5,36.3526,31474,28966.215139442236,14101700950015,4224853,ASP,HRB,淺水灣/壽臣山,1994/02,1994,32,B,11.0,2,blank,37 REPULSE BAY RD,淺水灣道 37號,True,POINT Z (22.246416 114.19145 0),22.246416,114.19145
515,2014-10-06,"37 REPULSE BAY RD(Block 2),REPULSE BAY RD|淺水灣道 37號2座,淺水灣道",14069.342584100346,1635,1236,"{'bay_window': '32', 'flat_roof': '', 'roof': '', 'ac_platform': '', 'plant_room': '', 'garden': '', 'yard': ''}",37.18,34.1719,30081,27647.168284789645,14103101690278,4234048,PRO-ASP,HRB,淺水灣/壽臣山,1994/02,1994,32,A,6.0,2,blank,37 REPULSE BAY RD,淺水灣道 37號,True,POINT Z (22.246416 114.19145 0),22.246416,114.19145
516,2015-01-23,"37 REPULSE BAY RD(Block 2),REPULSE BAY RD|淺水灣道 37號2座,淺水灣道",12779.23318191863,1635,1236,"{'bay_window': '32', 'flat_roof': '', 'roof': '', 'ac_platform': '', 'plant_room': '', 'garden': '', 'yard': ''}",34.5,31.7087,27913,25654.288025889968,15013000480010,4288257,ASP,HRB,淺水灣/壽臣山,1994/02,1994,32,A,1.0,2,blank,37 REPULSE BAY RD,淺水灣道 37號,True,POINT Z (22.246416 114.19145 0),22.246416,114.19145
517,2016-04-29,"37 REPULSE BAY RD(Block 2),REPULSE BAY RD|淺水灣道 37號2座,淺水灣道",16137.260180620398,1635,1236,"{'bay_window': '32', 'flat_roof': '', 'roof': '', 'ac_platform': '', 'plant_room': '', 'garden': '', 'yard': ''}",42.0,38.6019,33981,31231.31067961165,16051200150030,4505817,ASP,HRB,淺水灣/壽臣山,1994/02,1994,32,A,3.0,2,blank,37 REPULSE BAY RD,淺水灣道 37號,True,POINT Z (22.246416 114.19145 0),22.246416,114.19145
518,2016-08-09,"37 REPULSE BAY RD(Block 2),REPULSE BAY RD|淺水灣道 37號2座,淺水灣道",15692.175188381134,1635,1236,"{'bay_window': '32', 'flat_roof': '', 'roof': '', 'ac_platform': '', 'plant_room': '', 'garden': '', 'yard': ''}",42.0,38.6019,33981,31231.31067961165,16081601580048,4546729,ASP,HRB,淺水灣/壽臣山,1994/02,1994,32,A,4.0,2,blank,37 REPULSE BAY RD,淺水灣道 37號,True,POINT Z (22.246416 114.19145 0),22.246416,114.19145
519,2017-03-10,"37 REPULSE BAY RD(Block 2),REPULSE BAY RD|淺水灣道 37號2座,淺水灣道",15075.098767119807,1635,1236,"{'bay_window': '32', 'flat_roof': '', 'roof': '', 'ac_platform': '', 'plant_room': '', 'garden': '', 'yard': ''}",44.38,40.7894,35906,33001.132686084144,17040501950014,4674814,PRE-ASP,HRB,淺水灣/壽臣山,1994/02,1994,32,A,18.0,2,blank,37 REPULSE BAY RD,淺水灣道 37號,True,POINT Z (22.246416 114.19145 0),22.246416,114.19145
520,2018-04-23,"37 REPULSE BAY RD(Block 2),REPULSE BAY RD|淺水灣道 37號2座,淺水灣道",14636.293711088996,1635,1236,"{'bay_window': '32', 'flat_roof': '', 'roof': '', 'ac_platform': '', 'plant_room': '', 'garden': '', 'yard': ''}",45.8,45.8,37055,37055.016181229774,18052500620015,5362593,ASP,HRB,淺水灣/壽臣山,1994/02,1994,32,A,7.0,2,blank,37 REPULSE BAY RD,淺水灣道 37號,False,POINT Z (22.246416 114.19145 0),22.246416,114.19145
521,2021-04-12,"37 REPULSE BAY RD(Block 2),REPULSE BAY RD|淺水灣道 37號2座,淺水灣道",13307.287464442668,1635,1236,"{'bay_window': '32', 'flat_roof': '', 'roof': '', 'ac_platform': '', 'plant_room': '', 'garden': '', 'yard': ''}",42.08,42.08,34045,34045.307443365695,21042702060039,5900847,ASP,HRB,淺水灣/壽臣山,1994/02,1994,32,A,9.0,2,blank,37 REPULSE BAY RD,淺水灣道 37號,False,POINT Z (22.246416 114.19145 0),22.246416,114.19145
522,2022-05-11,"37 REPULSE BAY RD(Block 2),REPULSE BAY RD|淺水灣道 37號2座,淺水灣道",17506.995978095,1680,1255,"{'bay_window': '44', 'flat_roof': '', 'roof': '', 'ac_platform': '', 'plant_room': '', 'garden': '', 'yard': ''}",54.7,54.7,43586,43585.657370517925,22052500160104,6131134,ASP,HRB,淺水灣/壽臣山,1994/02,1994,32,B,18.0,2,blank,37 REPULSE BAY RD,淺水灣道 37號,False,POINT Z (22.246416 114.19145 0),22.246416,114.19145
523,2022-10-29,"37 REPULSE BAY RD(Block 2),REPULSE BAY RD|淺水灣道 37號2座,淺水灣道",18805.2490023146,1635,1236,"{'bay_window': '32', 'flat_roof': '', 'roof': '', 'ac_platform': '', 'plant_room': '', 'garden': '', 'yard': ''}",52.0,52.0,42071,42071.19741100324,22112301910019,6206822,PRO-ASP,HRB,淺水灣/壽臣山,1994/02,1994,32,A,16.0,2,blank,37 REPULSE BAY RD,淺水灣道 37號,False,POINT Z (22.246416 114.19145 0),22.246416,114.19145
524,2025-04-07,"37 REPULSE BAY RD(Block 2),REPULSE BAY RD|淺水灣道 37號2座,淺水灣道",17377.182054459154,1635,1236,"{'bay_window': '32', 'flat_roof': '', 'roof': '', 'ac_platform': '', 'plant_room': '', 'garden': '', 'yard': ''}",38.5,38.5,31149,31148.867313915856,25041401700031,6570476,ASP,HRB,淺水灣/壽臣山,1994/02,1994,32,A,6.0,2,blank,37 REPULSE BAY RD,淺水灣道 37號,False,POINT Z (22.246416 114.19145 0),22.246416,114.19145
525,2025-06-09,"37 REPULSE BAY RD(Block 2),REPULSE BAY RD|淺水灣道 37號2座,淺水灣道",18502.50134842791,1635,1236,"{'bay_window': '32', 'flat_roof': '', 'roof': '', 'ac_platform': '', 'plant_room': '', 'garden': '', 'yard': ''}",41.0,41.0,33172,33171.52103559871,25062501250303,6609443,PRO-ASP,HRB,淺水灣/壽臣山,1994/02,1994,32,A,18.0,2,blank,37 REPULSE BAY RD,淺水灣道 37號,False,POINT Z (22.246416 114.19145 0),22.246416,114.19145
526,1995-12-15,"RIDGE COURT,REPULSE BAY RD|冠園,淺水灣道",4875.053191489362,0,1880,"{'bay_window': '', 'flat_roof': '', 'roof': '', 'ac_platform': '', 'plant_room': '', 'garden': '', 'yard': ''}",9.68,9.1651,5149,4875.053191489362,6492288,4784253,ASP,HRB,淺水灣/壽臣山,1969/06,1969,57,D,1.0,blank,blank,blank,,True,POINT Z (22.2508715 114.192842 0),22.2508715,114.192842
527,1996-02-23,"RIDGE COURT,REPULSE BAY RD|冠園,淺水灣道",6295.265957446809,0,1880,"{'bay_window': '', 'flat_roof': '', 'roof': '', 'ac_platform': '', 'plant_room': '', 'garden': '', 'yard': ''}",12.5,11.8351,6649,6295.265957446809,6551213,4806941,ASP,HRB,淺水灣/壽臣山,1969/00,1969,57,D,9.0,blank,blank,blank,,True,POINT Z (22.2508715 114.192842 0),22.2508715,114.192842
528,1996-05-23,"RIDGE COURT,REPULSE BAY RD|冠園,淺水灣道",7503.936170212766,0,1880,"{'bay_window': '', 'flat_roof': '', 'roof': '', 'ac_platform': '', 'plant_room': '', 'garden': '', 'yard': ''}",14.9,14.1074,7926,7503.936170212766,6634194,4840260,ASP,HRB,淺水灣/壽臣山,1969/06,1969,57,A,8.0,blank,blank,blank,,True,POINT Z (22.2508715 114.192842 0),22.2508715,114.192842
529,1996-08-06,"RIDGE COURT,REPULSE BAY RD|冠園,淺水灣道",6738.45744680851,0,1880,"{'bay_window': '', 'flat_roof': '', 'roof': '', 'ac_platform': '', 'plant_room': '', 'garden': '', 'yard': ''}",13.38,12.6683,7117,6738.45744680851,6734970,4879931,ASP,HRB,淺水灣/壽臣山,1969/06,1969,57,D,2.0,blank,blank,blank,,True,POINT Z (22.2508715 114.192842 0),22.2508715,114.192842
530,1996-09-16,"RIDGE COURT,REPULSE BAY RD|冠園,淺水灣道",7453.617021276596,0,1880,"{'bay_window': '', 'flat_roof': '', 'roof': '', 'ac_platform': '', 'plant_room': '', 'garden': '', 'yard': ''}",14.8,14.0128,7872,7453.617021276596,6779114,4886214,ASP,HRB,淺水灣/壽臣山,1969/06,1969,57,B,7.0,blank,blank,blank,,True,POINT Z (22.2508715 114.192842 0),22.2508715,114.192842
531,1996-11-09,"RIDGE COURT,REPULSE BAY RD|冠園,淺水灣道",8863.723404255321,0,1880,"{'bay_window': '', 'flat_roof': '', 'roof': '', 'ac_platform': '', 'plant_room': '', 'garden': '', 'yard': ''}",17.6,16.663800000000002,9362,8863.723404255321,6839063,4911701,ASP,HRB,淺水灣/壽臣山,1969/06,1969,57,B,12.0,blank,blank,blank,,True,POINT Z (22.2508715 114.192842 0),22.2508715,114.192842
532,1996-11-11,"RIDGE COURT,REPULSE BAY RD|冠園,淺水灣道",8057.925531914893,0,1880,"{'bay_window': '', 'flat_roof': '', 'roof': '', 'ac_platform': '', 'plant_room': '', 'garden': '', 'yard': ''}",16.0,15.1489,8511,8057.925531914893,6841289,4911702,ASP,HRB,淺水灣/壽臣山,1969/06,1969,57,A,11.0,blank,blank,blank,,True,POINT Z (22.2508715 114.192842 0),22.2508715,114.192842
533,1996-11-13,"RIDGE COURT,REPULSE BAY RD|冠園,淺水灣道",8249.308510638299,0,1880,"{'bay_window': '', 'flat_roof': '', 'roof': '', 'ac_platform': '', 'plant_room': '', 'garden': '', 'yard': ''}",16.38,15.5087,8713,8249.308510638299,6842508,4911703,SUB-ASP,HRB,淺水灣/壽臣山,1969/06,1969,57,B,7.0,blank,blank,blank,,True,POINT Z (22.2508715 114.192842 0),22.2508715,114.192842
534,1996-11-19,"RIDGE COURT,REPULSE BAY RD|冠園,淺水灣道",8763.031914893616,0,1880,"{'bay_window': '', 'flat_roof': '', 'roof': '', 'ac_platform': '', 'plant_room': '', 'garden': '', 'yard': ''}",17.4,16.4745,9255,8763.031914893616,6846804,4900143,ASP,HRB,淺水灣/壽臣山,1969/06,1969,57,B,8.0,blank,blank,blank,,True,POINT Z (22.2508715 114.192842 0),22.2508715,114.192842
535,1996-11-20,"RIDGE COURT,REPULSE BAY RD|冠園,淺水灣道",8309.734042553191,0,1880,"{'bay_window': '', 'flat_roof': '', 'roof': '', 'ac_platform': '', 'plant_room': '', 'garden': '', 'yard': ''}",16.5,15.6223,8777,8309.734042553191,6852088,4900144,ASP,HRB,淺水灣/壽臣山,1969/06,1969,57,B,11.0,blank,blank,blank,,True,POINT Z (22.2508715 114.192842 0),22.2508715,114.192842
536,1996-11-14,"RIDGE COURT,REPULSE BAY RD|冠園,淺水灣道",8460.851063829787,0,1880,"{'bay_window': '', 'flat_roof': '', 'roof': '', 'ac_platform': '', 'plant_room': '', 'garden': '', 'yard': ''}",16.8,15.9064,8936,8460.851063829787,6859476,4925215,ASP,HRB,淺水灣/壽臣山,1969/06,1969,57,D,5.0,blank,blank,blank,,True,POINT Z (22.2508715 114.192842 0),22.2508715,114.192842
537,1996-12-20,"RIDGE COURT,REPULSE BAY RD|冠園,淺水灣道",11482.553191489362,0,1880,"{'bay_window': '', 'flat_roof': '', 'roof': '', 'ac_platform': '', 'plant_room': '', 'garden': '', 'yard': ''}",22.8,21.5872,12128,11482.553191489362,6879130,4934720,ASP,HRB,淺水灣/壽臣山,1969/06,1969,57,A,12.0,blank,blank,blank,,True,POINT Z (22.2508715 114.192842 0),22.2508715,114.192842
538,1997-01-03,"RIDGE COURT,REPULSE BAY RD|冠園,淺水灣道",9820.63829787234,0,1880,"{'bay_window': '', 'flat_roof': '', 'roof': '', 'ac_platform': '', 'plant_room': '', 'garden': '', 'yard': ''}",19.5,18.4628,10372,9820.63829787234,6904302,4960512,SUB-ASP,HRB,淺水灣/壽臣山,1969/06,1969,57,B,8.0,blank,blank,blank,,True,POINT Z (22.2508715 114.192842 0),22.2508715,114.192842
539,1997-03-12,"RIDGE COURT,REPULSE BAY RD|冠園,淺水灣道",10682.110227554893,0,1880,"{'bay_window': '', 'flat_roof': '', 'roof': '', 'ac_platform': '', 'plant_room': '', 'garden': '', 'yard': ''}",23.8,22.534,12660,11986.170212765956,7006330,4995947,ASP,HRB,淺水灣/壽臣山,1969/06,1969,57,B,6.0,blank,blank,blank,,True,POINT Z (22.2508715 114.192842 0),22.2508715,114.192842
540,1997-04-23,"RIDGE COURT,REPULSE BAY RD|冠園,淺水灣道",9847.672844385404,0,1880,"{'bay_window': '', 'flat_roof': '', 'roof': '', 'ac_platform': '', 'plant_room': '', 'garden': '', 'yard': ''}",21.8,20.6404,11596,10978.936170212766,7088780,5033585,ASP,HRB,淺水灣/壽臣山,1969/06,1969,57,A,9.0,blank,blank,blank,,True,POINT Z (22.2508715 114.192842 0),22.2508715,114.192842
541,1997-07-10,"RIDGE COURT,REPULSE BAY RD|冠園,淺水灣道",10871.28421535902,0,1932,"{'bay_window': '', 'flat_roof': '', 'roof': '', 'ac_platform': '', 'plant_room': '', 'garden': '', 'yard': ''}",26.0,24.6542,13458,12760.973084886127,7183920,5077324,SUB-ASP,HRB,淺水灣/壽臣山,9999,9999,-7973,A,9.0,blank,blank,blank,,True,POINT Z (22.2508715 114.192842 0),22.2508715,114.192842
542,1997-12-17,"RIDGE COURT,REPULSE BAY RD|冠園,淺水灣道",2955.4779996140305,0,1880,"{'bay_window': '', 'flat_roof': '', 'roof': '', 'ac_platform': '', 'plant_room': '', 'garden': '', 'yard': ''}",6.5,6.1543,3457,3273.563829787234,7384656,5149084,MEM-ASP,HRB,淺水灣/壽臣山,1969/00,1969,57,A,2.0,blank,blank,blank,,True,POINT Z (22.2508715 114.192842 0),22.2508715,114.192842
543,1998-04-03,"RIDGE COURT,REPULSE BAY RD|冠園,淺水灣道",9438.9706628695,0,1880,"{'bay_window': '', 'flat_roof': '', 'roof': '', 'ac_platform': '', 'plant_room': '', 'garden': '', 'yard': ''}",17.8,16.8532,9468,8964.468085106382,7470847,5187263,ASP,HRB,淺水灣/壽臣山,1969/00,1969,57,D,7.0,blank,blank,blank,,True,POINT Z (22.2508715 114.192842 0),22.2508715,114.192842
544,1998-09-04,"RIDGE COURT,REPULSE BAY RD|冠園,淺水灣道",9022.570798879728,0,1880,"{'bay_window': '', 'flat_roof': '', 'roof': '', 'ac_platform': '', 'plant_room': '', 'garden': '', 'yard': ''}",12.0,11.3617,6383,6043.45744680851,7571678,30610,PRO-ASP,HRB,淺水灣/壽臣山,1969/00,1969,57,D,9.0,blank,blank,blank,,True,POINT Z (22.2508715 114.192842 0),22.2508715,114.192842
545,1999-02-08,"RIDGE COURT,REPULSE BAY RD|冠園,淺水灣道",7759.336310806061,0,22560,"{'bay_window': '', 'flat_roof': '', 'roof': '', 'ac_platform': '', 'plant_room': '', 'garden': '', 'yard': ''}",130.0,129.4238,5762,5736.870567375887,7715275,165844,ASP,HRB,淺水灣/壽臣山,1969/00,1969,57,12 UNITS,0.0,blank,blank,blank,,True,POINT Z (22.2508715 114.192842 0),22.2508715,114.192842
546,1999-03-16,"RIDGE COURT,REPULSE BAY RD|冠園,淺水灣道",9881.9682634417,0,1880,"{'bay_window': '', 'flat_roof': '', 'roof': '', 'ac_platform': '', 'plant_room': '', 'garden': '', 'yard': ''}",13.2,13.2,7021,7021.276595744681,7721907,210661,SUB-ASP,HRB,淺水灣/壽臣山,1969/00,1969,57,C,12.0,blank,blank,blank,,False,POINT Z (22.2508715 114.192842 0),22.2508715,114.192842
547,1999-03-12,"RIDGE COURT,REPULSE BAY RD|冠園,淺水灣道",10690.492939541477,0,1880,"{'bay_window': '', 'flat_roof': '', 'roof': '', 'ac_platform': '', 'plant_room': '', 'garden': '', 'yard': ''}",14.28,14.28,7596,7595.744680851064,7725353,172870,ASP,HRB,淺水灣/壽臣山,1969/00,1969,57,C,0.0,blank,blank,blank,,False,POINT Z (22.2508715 114.192842 0),22.2508715,114.192842
548,1999-03-12,"RIDGE COURT,REPULSE BAY RD|冠園,淺水灣道",9072.769816778506,0,1880,"{'bay_window': '', 'flat_roof': '', 'roof': '', 'ac_platform': '', 'plant_room': '', 'garden': '', 'yard': ''}",12.8,12.1191,6809,6446.329787234043,7726090,174472,ASP,HRB,淺水灣/壽臣山,1969/00,1969,57,C,5.0,blank,blank,blank,,True,POINT Z (22.2508715 114.192842 0),22.2508715,114.192842
549,1999-03-17,"RIDGE COURT,REPULSE BAY RD|冠園,淺水灣道",9781.651312888578,0,1880,"{'bay_window': '', 'flat_roof': '', 'roof': '', 'ac_platform': '', 'plant_room': '', 'garden': '', 'yard': ''}",13.8,13.066,7340,6950.0,7727221,175465,SUB-ASP,HRB,淺水灣/壽臣山,1969/00,1969,57,C,2.0,blank,blank,blank,,True,POINT Z (22.2508715 114.192842 0),22.2508715,114.192842
550,1999-03-16,"RIDGE COURT,REPULSE BAY RD|冠園,淺水灣道",8931.053408273241,0,1880,"{'bay_window': '', 'flat_roof': '', 'roof': '', 'ac_platform': '', 'plant_room': '', 'garden': '', 'yard': ''}",12.6,11.9298,6702,6345.63829787234,7727272,175475,ASP,HRB,淺水灣/壽臣山,1969/00,1969,57,D,4.0,blank,blank,blank,,True,POINT Z (22.2508715 114.192842 0),22.2508715,114.192842
551,1999-03-18,"RIDGE COURT,REPULSE BAY RD|冠園,淺水灣道",9568.964405036775,0,1880,"{'bay_window': '', 'flat_roof': '', 'roof': '', 'ac_platform': '', 'plant_room': '', 'garden': '', 'yard': ''}",13.5,12.7819,7181,6798.882978723404,7727680,175759,SUB-ASP,HRB,淺水灣/壽臣山,1969/00,1969,57,C,11.0,blank,blank,blank,,True,POINT Z (22.2508715 114.192842 0),22.2508715,114.192842
552,1999-03-12,"RIDGE COURT,REPULSE BAY RD|冠園,淺水灣道",8647.545727866773,0,1880,"{'bay_window': '', 'flat_roof': '', 'roof': '', 'ac_platform': '', 'plant_room': '', 'garden': '', 'yard': ''}",12.2,11.5511,6489,6144.202127659574,7727824,175760,SUB-ASP,HRB,淺水灣/壽臣山,1969/00,1969,57,C,3.0,blank,blank,blank,,True,POINT Z (22.2508715 114.192842 0),22.2508715,114.192842
553,1999-03-12,"RIDGE COURT,REPULSE BAY RD|冠園,淺水灣道",10263.621855919166,0,1880,"{'bay_window': '', 'flat_roof': '', 'roof': '', 'ac_platform': '', 'plant_room': '', 'garden': '', 'yard': ''}",14.48,13.7098,7702,7292.446808510638,7728540,176612,SUB-ASP,HRB,淺水灣/壽臣山,1969/00,1969,57,C,9.0,blank,blank,blank,,True,POINT Z (22.2508715 114.192842 0),22.2508715,114.192842
554,1999-03-12,"RIDGE COURT,REPULSE BAY RD|冠園,淺水灣道",10632.17435410798,0,1880,"{'bay_window': '', 'flat_roof': '', 'roof': '', 'ac_platform': '', 'plant_room': '', 'garden': '', 'yard': ''}",15.0,14.2021,7979,7554.308510638298,7729698,177206,SUB-ASP,HRB,淺水灣/壽臣山,1969/00,1969,57,C,7.0,blank,blank,blank,,True,POINT Z (22.2508715 114.192842 0),22.2508715,114.192842
555,1999-03-22,"RIDGE COURT,REPULSE BAY RD|冠園,淺水灣道",10065.158993295046,0,1880,"{'bay_window': '', 'flat_roof': '', 'roof': '', 'ac_platform': '', 'plant_room': '', 'garden': '', 'yard': ''}",14.2,13.4447,7553,7151.436170212766,7730999,178074,ASP,HRB,淺水灣/壽臣山,1969/00,1969,57,C,12.0,blank,blank,blank,,True,POINT Z (22.2508715 114.192842 0),22.2508715,114.192842
556,1999-03-12,"RIDGE COURT,REPULSE BAY RD|冠園,淺水灣道",8069.824901435109,0,1880,"{'bay_window': '', 'flat_roof': '', 'roof': '', 'ac_platform': '', 'plant_room': '', 'garden': '', 'yard': ''}",11.385,10.7794,6056,5733.723404255319,7743866,191935,SUB-ASP,HRB,淺水灣/壽臣山,1969/00,1969,57,C,0.0,blank,blank,blank,,True,POINT Z (22.2508715 114.192842 0),22.2508715,114.192842
557,1999-03-31,"RIDGE COURT,REPULSE BAY RD|冠園,淺水灣道",9710.755676937975,0,1880,"{'bay_window': '', 'flat_roof': '', 'roof': '', 'ac_platform': '', 'plant_room': '', 'garden': '', 'yard': ''}",13.7,12.9713,7287,6899.627659574468,7743988,191960,ASP,HRB,淺水灣/壽臣山,1969/00,1969,57,D,9.0,blank,blank,blank,,True,POINT Z (22.2508715 114.192842 0),22.2508715,114.192842
558,1999-06-02,"RIDGE COURT,REPULSE BAY RD|冠園,淺水灣道",10348.172535954283,0,1880,"{'bay_window': '', 'flat_roof': '', 'roof': '', 'ac_platform': '', 'plant_room': '', 'garden': '', 'yard': ''}",15.3,14.4862,8138,7705.425531914893,7781517,229545,ASP,HRB,淺水灣/壽臣山,1969/00,1969,57,A,11.0,blank,blank,blank,,True,POINT Z (22.2508715 114.192842 0),22.2508715,114.192842
559,1999-07-03,"RIDGE COURT,REPULSE BAY RD|冠園,淺水灣道",9907.336355761498,0,1880,"{'bay_window': '', 'flat_roof': '', 'roof': '', 'ac_platform': '', 'plant_room': '', 'garden': '', 'yard': ''}",14.5,13.7287,7713,7302.5,7817574,256476,ASP,HRB,淺水灣/壽臣山,1969/00,1969,57,C,4.0,blank,blank,blank,,True,POINT Z (22.2508715 114.192842 0),22.2508715,114.192842
560,1999-08-04,"RIDGE COURT,REPULSE BAY RD|冠園,淺水灣道",9099.910714744448,0,1880,"{'bay_window': '', 'flat_roof': '', 'roof': '', 'ac_platform': '', 'plant_room': '', 'garden': '', 'yard': ''}",13.3,12.5926,7074,6698.191489361702,7844441,274863,ASP,HRB,淺水灣/壽臣山,1969/00,1969,57,B,3.0,blank,blank,blank,,True,POINT Z (22.2508715 114.192842 0),22.2508715,114.192842
561,1999-12-30,"RIDGE COURT,REPULSE BAY RD|冠園,淺水灣道",12064.44856160833,0,1880,"{'bay_window': '', 'flat_roof': '', 'roof': '', 'ac_platform': '', 'plant_room': '', 'garden': '', 'yard': ''}",16.8,15.9064,8936,8460.851063829787,7973401,369984,ASP,HRB,淺水灣/壽臣山,1969/00,1969,57,B,12.0,blank,blank,blank,,True,POINT Z (22.2508715 114.192842 0),22.2508715,114.192842
562,2000-02-17,"RIDGE COURT,REPULSE BAY RD|冠園,淺水灣道",8057.432196342948,0,1880,"{'bay_window': '', 'flat_roof': '', 'roof': '', 'ac_platform': '', 'plant_room': '', 'garden': '', 'yard': ''}",12.65,11.9771,6729,6370.797872340426,8009778,392449,ASP,HRB,淺水灣/壽臣山,1969/00,1969,57,C,1.0,blank,blank,blank,,True,POINT Z (22.2508715 114.192842 0),22.2508715,114.192842
563,2000-04-29,"RIDGE COURT,REPULSE BAY RD|冠園,淺水灣道",10086.696959480649,0,1880,"{'bay_window': '', 'flat_roof': '', 'roof': '', 'ac_platform': '', 'plant_room': '', 'garden': '', 'yard': ''}",13.73,12.9997,7303,6914.734042553191,8075811,443089,ASP,HRB,淺水灣/壽臣山,1969/00,1969,57,D,1.0,blank,blank,blank,,True,POINT Z (22.2508715 114.192842 0),22.2508715,114.192842
564,2001-01-17,"RIDGE COURT,REPULSE BAY RD|冠園,淺水灣道",9619.21312757201,0,1880,"{'bay_window': '', 'flat_roof': '', 'roof': '', 'ac_platform': '', 'plant_room': '', 'garden': '', 'yard': ''}",12.0,11.3617,6383,6043.45744680851,8299498,610977,PRO-ASP,HRB,淺水灣/壽臣山,1969/00,1969,57,D,2.0,blank,blank,blank,,True,POINT Z (22.2508715 114.192842 0),22.2508715,114.192842
565,2001-04-25,"RIDGE COURT,REPULSE BAY RD|冠園,淺水灣道",10767.398895075472,0,1880,"{'bay_window': '', 'flat_roof': '', 'roof': '', 'ac_platform': '', 'plant_room': '', 'garden': '', 'yard': ''}",13.4,12.6872,7128,6748.510638297872,8378471,674260,ASP,HRB,淺水灣/壽臣山,1969/00,1969,57,D,8.0,blank,blank,blank,,True,POINT Z (22.2508715 114.192842 0),22.2508715,114.192842
566,2001-04-17,"RIDGE COURT,REPULSE BAY RD|冠園,淺水灣道",11410.27554737225,0,1880,"{'bay_window': '', 'flat_roof': '', 'roof': '', 'ac_platform': '', 'plant_room': '', 'garden': '', 'yard': ''}",14.2,13.4447,7553,7151.436170212766,8381511,676510,ASP,HRB,淺水灣/壽臣山,1969/00,1969,57,B,11.0,blank,blank,blank,,True,POINT Z (22.2508715 114.192842 0),22.2508715,114.192842
567,2001-05-07,"RIDGE COURT,REPULSE BAY RD|冠園,淺水灣道",11202.834337385804,0,1880,"{'bay_window': '', 'flat_roof': '', 'roof': '', 'ac_platform': '', 'plant_room': '', 'garden': '', 'yard': ''}",13.788,13.0546,7334,6943.936170212766,8386545,681900,ASP,HRB,淺水灣/壽臣山,1969/00,1969,57,B,7.0,blank,blank,blank,,True,POINT Z (22.2508715 114.192842 0),22.2508715,114.192842
568,2001-04-24,"RIDGE COURT,REPULSE BAY RD|冠園,淺水灣道",10670.988614282189,0,1880,"{'bay_window': '', 'flat_roof': '', 'roof': '', 'ac_platform': '', 'plant_room': '', 'garden': '', 'yard': ''}",13.28,12.5736,7064,6688.085106382979,8409390,700260,PRO-ASP,HRB,淺水灣/壽臣山,1969/00,1969,57,C,10.0,blank,blank,blank,,True,POINT Z (22.2508715 114.192842 0),22.2508715,114.192842
569,2001-11-30,"RIDGE COURT,REPULSE BAY RD|冠園,淺水灣道",11076.43261202566,0,1880,"{'bay_window': '', 'flat_roof': '', 'roof': '', 'ac_platform': '', 'plant_room': '', 'garden': '', 'yard': ''}",12.5,11.8351,6649,6295.265957446809,8556095,816884,ASP,HRB,淺水灣/壽臣山,1969/00,1969,57,C,7.0,blank,blank,blank,,True,POINT Z (22.2508715 114.192842 0),22.2508715,114.192842
570,2002-02-05,"RIDGE COURT,REPULSE BAY RD|冠園,淺水灣道",10865.19840621572,0,1880,"{'bay_window': '', 'flat_roof': '', 'roof': '', 'ac_platform': '', 'plant_room': '', 'garden': '', 'yard': ''}",12.6,11.9298,6702,6345.63829787234,8626881,866214,ASP,HRB,淺水灣/壽臣山,1969/00,1969,57,C,3.0,blank,blank,blank,,True,POINT Z (22.2508715 114.192842 0),22.2508715,114.192842
571,2002-03-26,"RIDGE COURT,REPULSE BAY RD|冠園,淺水灣道",11486.51562885375,0,1880,"{'bay_window': '', 'flat_roof': '', 'roof': '', 'ac_platform': '', 'plant_room': '', 'garden': '', 'yard': ''}",12.88,12.1949,6851,6486.648936170212,8668287,895991,PRO-ASP,HRB,淺水灣/壽臣山,1969/00,1969,57,A,8.0,blank,blank,blank,,True,POINT Z (22.2508715 114.192842 0),22.2508715,114.192842
572,2002-07-03,"RIDGE COURT,REPULSE BAY RD|冠園,淺水灣道",11770.708062700232,0,1880,"{'bay_window': '', 'flat_roof': '', 'roof': '', 'ac_platform': '', 'plant_room': '', 'garden': '', 'yard': ''}",12.98,12.2896,6904,6537.021276595745,8732594,946688,ASP,HRB,淺水灣/壽臣山,1969/00,1969,57,D,7.0,blank,blank,blank,,True,POINT Z (22.2508715 114.192842 0),22.2508715,114.192842
573,2002-07-09,"RIDGE COURT,REPULSE BAY RD|冠園,淺水灣道",12242.222154230252,0,1880,"{'bay_window': '', 'flat_roof': '', 'roof': '', 'ac_platform': '', 'plant_room': '', 'garden': '', 'yard': ''}",13.5,12.7819,7181,6798.882978723404,8746893,957272,ASP,HRB,淺水灣/壽臣山,1969/00,1969,57,B,7.0,blank,blank,blank,,True,POINT Z (22.2508715 114.192842 0),22.2508715,114.192842
574,2002-09-12,"RIDGE COURT,REPULSE BAY RD|冠園,淺水灣道",11516.281997343149,0,1880,"{'bay_window': '', 'flat_roof': '', 'roof': '', 'ac_platform': '', 'plant_room': '', 'garden': '', 'yard': ''}",12.3,11.6457,6543,6194.521276595745,8782472,985145,ASP,HRB,淺水灣/壽臣山,1969/00,1969,57,D,12.0,blank,blank,blank,,True,POINT Z (22.2508715 114.192842 0),22.2508715,114.192842
575,2002-09-12,"RIDGE COURT,REPULSE BAY RD|冠園,淺水灣道",11598.755177880032,0,1880,"{'bay_window': '', 'flat_roof': '', 'roof': '', 'ac_platform': '', 'plant_room': '', 'garden': '', 'yard': ''}",12.388,11.7291,6589,6238.882978723404,8789407,990196,ASP,HRB,淺水灣/壽臣山,1969/00,1969,57,B,2.0,blank,blank,blank,,True,POINT Z (22.2508715 114.192842 0),22.2508715,114.192842
576,2003-10-22,"RIDGE COURT,REPULSE BAY RD|冠園,淺水灣道",12494.688667849156,0,1880,"{'bay_window': '', 'flat_roof': '', 'roof': '', 'ac_platform': '', 'plant_room': '', 'garden': '', 'yard': ''}",13.28,12.5736,7064,6688.085106382979,9043752,1194776,ASP,HRB,淺水灣/壽臣山,1969/00,1969,57,D,4.0,blank,blank,blank,,True,POINT Z (22.2508715 114.192842 0),22.2508715,114.192842
577,2004-08-22,"RIDGE COURT,REPULSE BAY RD|冠園,淺水灣道",16349.443333078398,0,1880,"{'bay_window': '', 'flat_roof': '', 'roof': '', 'ac_platform': '', 'plant_room': '', 'garden': '', 'yard': ''}",24.7,23.3862,13138,12439.468085106382,9330303,1416199,PRO-ASP,HRB,淺水灣/壽臣山,1962/08,1962,64,D,12.0,blank,blank,blank,,True,POINT Z (22.2508715 114.192842 0),22.2508715,114.192842
578,2004-11-23,"RIDGE COURT,REPULSE BAY RD|冠園,淺水灣道",14570.088746153317,0,1880,"{'bay_window': '', 'flat_roof': '', 'roof': '', 'ac_platform': '', 'plant_room': '', 'garden': '', 'yard': ''}",20.7,19.5989,11011,10424.946808510638,9404084,1477455,PRO-ASP,HRB,淺水灣/壽臣山,1962/08,1962,64,C,4.0,blank,blank,blank,,True,POINT Z (22.2508715 114.192842 0),22.2508715,114.192842
579,2004-12-16,"RIDGE COURT,REPULSE BAY RD|冠園,淺水灣道",15270.050322809037,0,1880,"{'bay_window': '', 'flat_roof': '', 'roof': '', 'ac_platform': '', 'plant_room': '', 'garden': '', 'yard': ''}",21.0,21.0,11170,11170.212765957447,9429680,1496886,ASP,HRB,淺水灣/壽臣山,1962/08,1962,64,B,7.0,blank,blank,blank,,False,POINT Z (22.2508715 114.192842 0),22.2508715,114.192842
580,2005-06-17,"RIDGE COURT,REPULSE BAY RD|冠園,淺水灣道",14816.23560620785,0,1880,"{'bay_window': '', 'flat_roof': '', 'roof': '', 'ac_platform': '', 'plant_room': '', 'garden': '', 'yard': ''}",22.25,21.0665,11835,11205.58510638298,5063002680050,1666430,ASP,HRB,淺水灣/壽臣山,1962/08,1962,64,C,3.0,blank,blank,blank,,True,POINT Z (22.2508715 114.192842 0),22.2508715,114.192842
581,2005-07-19,"RIDGE COURT,REPULSE BAY RD|冠園,淺水灣道",13647.704181715526,0,1880,"{'bay_window': '', 'flat_roof': '', 'roof': '', 'ac_platform': '', 'plant_room': '', 'garden': '', 'yard': ''}",19.8,18.7468,10532,9971.702127659575,5081702340033,1704965,PRO-ASP,HRB,淺水灣/壽臣山,1962/08,1962,64,A,1.0,blank,blank,blank,,True,POINT Z (22.2508715 114.192842 0),22.2508715,114.192842
582,2006-04-10,"RIDGE COURT,REPULSE BAY RD|冠園,淺水灣道",14239.840047532083,0,1880,"{'bay_window': '', 'flat_roof': '', 'roof': '', 'ac_platform': '', 'plant_room': '', 'garden': '', 'yard': ''}",21.5,20.3564,11436,10827.872340425532,6051701400016,1877878,PRO-ASP,HRB,淺水灣/壽臣山,1962/08,1962,64,B,6.0,blank,blank,blank,,True,POINT Z (22.2508715 114.192842 0),22.2508715,114.192842
583,2006-08-02,"RIDGE COURT,REPULSE BAY RD|冠園,淺水灣道",12660.313640671053,0,1880,"{'bay_window': '', 'flat_roof': '', 'roof': '', 'ac_platform': '', 'plant_room': '', 'garden': '', 'yard': ''}",19.2,18.1787,10213,9669.521276595744,6082400670016,1947052,ASP,HRB,淺水灣/壽臣山,1962/08,1962,64,D,1.0,blank,blank,blank,,True,POINT Z (22.2508715 114.192842 0),22.2508715,114.192842
584,2006-12-13,"RIDGE COURT,REPULSE BAY RD|冠園,淺水灣道",14726.837042225654,0,1880,"{'bay_window': '', 'flat_roof': '', 'roof': '', 'ac_platform': '', 'plant_room': '', 'garden': '', 'yard': ''}",22.6,21.3979,12021,11381.86170212766,7010800680107,2035625,PRO-ASP,HRB,淺水灣/壽臣山,1962/08,1962,64,D,4.0,blank,blank,blank,,True,POINT Z (22.2508715 114.192842 0),22.2508715,114.192842
585,2007-04-17,"RIDGE COURT,REPULSE BAY RD|冠園,淺水灣道",12817.06276571784,0,1880,"{'bay_window': '', 'flat_roof': '', 'roof': '', 'ac_platform': '', 'plant_room': '', 'garden': '', 'yard': ''}",20.628,19.5308,10972,10388.72340425532,7051102390586,2128714,ASP,HRB,淺水灣/壽臣山,1962/08,1962,64,C,1.0,blank,blank,blank,,True,POINT Z (22.2508715 114.192842 0),22.2508715,114.192842
586,2007-04-18,"RIDGE COURT,REPULSE BAY RD|冠園,淺水灣道",14415.159681721085,0,1880,"{'bay_window': '', 'flat_roof': '', 'roof': '', 'ac_platform': '', 'plant_room': '', 'garden': '', 'yard': ''}",23.2,21.966,12340,11684.04255319149,7051102590024,2128739,ASP,HRB,淺水灣/壽臣山,1962/08,1962,64,D,2.0,blank,blank,blank,,True,POINT Z (22.2508715 114.192842 0),22.2508715,114.192842
587,2007-05-07,"RIDGE COURT,REPULSE BAY RD|冠園,淺水灣道",15254.176883744332,0,1880,"{'bay_window': '', 'flat_roof': '', 'roof': '', 'ac_platform': '', 'plant_room': '', 'garden': '', 'yard': ''}",25.25,23.9069,13431,12716.436170212766,7053101890019,2146223,ASP,HRB,淺水灣/壽臣山,1962/08,1962,64,D,8.0,blank,blank,blank,,True,POINT Z (22.2508715 114.192842 0),22.2508715,114.192842
588,2007-10-23,"RIDGE COURT,REPULSE BAY RD|冠園,淺水灣道",15784.519176286392,0,1880,"{'bay_window': '', 'flat_roof': '', 'roof': '', 'ac_platform': '', 'plant_room': '', 'garden': '', 'yard': ''}",28.28,26.7757,15043,14242.393617021276,7111402630012,2302245,ASP,HRB,淺水灣/壽臣山,1962/08,1962,64,B,11.0,blank,blank,blank,,True,POINT Z (22.2508715 114.192842 0),22.2508715,114.192842
589,2008-09-09,"RIDGE COURT,REPULSE BAY RD|冠園,淺水灣道",14608.192069090215,0,1880,"{'bay_window': '', 'flat_roof': '', 'roof': '', 'ac_platform': '', 'plant_room': '', 'garden': '', 'yard': ''}",29.8,28.2149,15851,15007.925531914894,8100800130061,2617503,ASP,HRB,淺水灣/壽臣山,1962/08,1962,64,A,10.0,blank,blank,blank,,True,POINT Z (22.2508715 114.192842 0),22.2508715,114.192842
590,2008-12-22,"RIDGE COURT,REPULSE BAY RD|冠園,淺水灣道",15992.818306343435,0,1880,"{'bay_window': '', 'flat_roof': '', 'roof': '', 'ac_platform': '', 'plant_room': '', 'garden': '', 'yard': ''}",27.0,25.5638,14362,13597.765957446809,9010900720091,2661289,ASP,HRB,淺水灣/壽臣山,1962/08,1962,64,C,7.0,blank,blank,blank,,True,POINT Z (22.2508715 114.192842 0),22.2508715,114.192842
591,2009-03-28,"RIDGE COURT,REPULSE BAY RD|冠園,淺水灣道",14114.68472079808,0,1880,"{'bay_window': '', 'flat_roof': '', 'roof': '', 'ac_platform': '', 'plant_room': '', 'garden': '', 'yard': ''}",24.75,23.4335,13165,12464.627659574468,9042301070027,2714613,PRO-ASP,HRB,淺水灣/壽臣山,1962/08,1962,64,C,2.0,blank,blank,blank,,True,POINT Z (22.2508715 114.192842 0),22.2508715,114.192842
592,2009-06-26,"RIDGE COURT,REPULSE BAY RD|冠園,淺水灣道",15065.932572522635,0,1880,"{'bay_window': '', 'flat_roof': '', 'roof': '', 'ac_platform': '', 'plant_room': '', 'garden': '', 'yard': ''}",30.5,28.8777,16223,15360.478723404256,9070802130010,2783968,ASP,HRB,淺水灣/壽臣山,1962/08,1962,64,A,11.0,blank,blank,blank,,True,POINT Z (22.2508715 114.192842 0),22.2508715,114.192842
593,2009-07-07,"RIDGE COURT,REPULSE BAY RD|冠園,淺水灣道",15427.601357070624,0,1880,"{'bay_window': '', 'flat_roof': '', 'roof': '', 'ac_platform': '', 'plant_room': '', 'garden': '', 'yard': ''}",31.75,30.0612,16888,15990.0,9071701850027,2794011,ASP,HRB,淺水灣/壽臣山,1962/08,1962,64,D,9.0,blank,blank,blank,,True,POINT Z (22.2508715 114.192842 0),22.2508715,114.192842
594,2009-06-24,"RIDGE COURT,REPULSE BAY RD|冠園,淺水灣道",13830.980724126872,0,1880,"{'bay_window': '', 'flat_roof': '', 'roof': '', 'ac_platform': '', 'plant_room': '', 'garden': '', 'yard': ''}",28.0,26.5106,14894,14101.382978723404,9072201380034,2798355,ASP,HRB,淺水灣/壽臣山,1962/08,1962,64,D,1.0,blank,blank,blank,,True,POINT Z (22.2508715 114.192842 0),22.2508715,114.192842
595,2009-09-12,"RIDGE COURT,REPULSE BAY RD|冠園,淺水灣道",16090.903726979135,0,1880,"{'bay_window': '', 'flat_roof': '', 'roof': '', 'ac_platform': '', 'plant_room': '', 'garden': '', 'yard': ''}",34.5,32.6649,18351,17374.946808510642,9092800900034,2868477,PRO-ASP,HRB,淺水灣/壽臣山,1962/08,1962,64,C,11.0,blank,blank,blank,,True,POINT Z (22.2508715 114.192842 0),22.2508715,114.192842
596,2010-09-17,"RIDGE COURT,REPULSE BAY RD|冠園,淺水灣道",15308.674508933736,0,1880,"{'bay_window': '', 'flat_roof': '', 'roof': '', 'ac_platform': '', 'plant_room': '', 'garden': '', 'yard': ''}",38.68,36.6226,20574,19480.106382978724,10101101550073,3251717,PRO-ASP,HRB,淺水灣/壽臣山,1962/08,1962,64,A,8.0,blank,blank,blank,,True,POINT Z (22.2508715 114.192842 0),22.2508715,114.192842
597,2010-11-12,"RIDGE COURT,REPULSE BAY RD|冠園,淺水灣道",14826.37012563581,0,1880,"{'bay_window': '', 'flat_roof': '', 'roof': '', 'ac_platform': '', 'plant_room': '', 'garden': '', 'yard': ''}",38.5,36.4521,20479,19389.41489361702,10120102150070,3315670,ASP,HRB,淺水灣/壽臣山,1962/08,1962,64,C,5.0,blank,blank,blank,,True,POINT Z (22.2508715 114.192842 0),22.2508715,114.192842
598,2011-08-12,"RIDGE COURT,REPULSE BAY RD|冠園,淺水灣道",14763.911583867968,0,1880,"{'bay_window': '', 'flat_roof': '', 'roof': '', 'ac_platform': '', 'plant_room': '', 'garden': '', 'yard': ''}",44.48,42.114,23660,22401.06382978724,11082401150153,3559301,ASP,HRB,淺水灣/壽臣山,1962/08,1962,64,C,7.0,blank,blank,blank,,True,POINT Z (22.2508715 114.192842 0),22.2508715,114.192842
599,2012-09-17,"RIDGE COURT,REPULSE BAY RD|冠園,淺水灣道",14556.770720904507,0,1880,"{'bay_window': '', 'flat_roof': '', 'roof': '', 'ac_platform': '', 'plant_room': '', 'garden': '', 'yard': ''}",48.5,45.9202,25798,24425.63829787234,12100400670068,3816281,PRO-ASP,HRB,淺水灣/壽臣山,1962/08,1962,64,D,7.0,blank,blank,blank,,True,POINT Z (22.2508715 114.192842 0),22.2508715,114.192842
600,2013-01-23,"RIDGE COURT,REPULSE BAY RD|冠園,淺水灣道",11465.681652166804,0,1880,"{'bay_window': '', 'flat_roof': '', 'roof': '', 'ac_platform': '', 'plant_room': '', 'garden': '', 'yard': ''}",40.5,38.3457,21543,20396.64893617021,13020801900044,3924426,ASP,HRB,淺水灣/壽臣山,1962/08,1962,64,D,1.0,blank,blank,blank,,True,POINT Z (22.2508715 114.192842 0),22.2508715,114.192842
601,2014-09-11,"RIDGE COURT,REPULSE BAY RD|冠園,淺水灣道",11569.861011573636,0,1880,"{'bay_window': '', 'flat_roof': '', 'roof': '', 'ac_platform': '', 'plant_room': '', 'garden': '', 'yard': ''}",44.6,42.2277,23723,22461.542553191488,14093000480017,4214059,ASP,HRB,淺水灣/壽臣山,1962/08,1962,64,B,7.0,blank,blank,blank,,True,POINT Z (22.2508715 114.192842 0),22.2508715,114.192842
602,2015-02-17,"RIDGE COURT,REPULSE BAY RD|冠園,淺水灣道",11133.460292999678,0,1880,"{'bay_window': '', 'flat_roof': '', 'roof': '', 'ac_platform': '', 'plant_room': '', 'garden': '', 'yard': ''}",45.2,42.7957,24043,22763.67021276596,15031302300028,4315810,ASP,HRB,淺水灣/壽臣山,1962/08,1962,64,B,8.0,blank,blank,blank,,True,POINT Z (22.2508715 114.192842 0),22.2508715,114.192842
603,2015-04-15,"RIDGE COURT,REPULSE BAY RD|冠園,淺水灣道",11193.895560993084,0,1880,"{'bay_window': '', 'flat_roof': '', 'roof': '', 'ac_platform': '', 'plant_room': '', 'garden': '', 'yard': ''}",45.8,43.3638,24362,23065.85106382979,15050701410074,4344863,PRE-ASP,HRB,淺水灣/壽臣山,1962/08,1962,64,C,1.0,blank,blank,blank,,True,POINT Z (22.2508715 114.192842 0),22.2508715,114.192842
604,2015-07-28,"RIDGE COURT,REPULSE BAY RD|冠園,淺水灣道",11019.48918407046,0,1880,"{'bay_window': '', 'flat_roof': '', 'roof': '', 'ac_platform': '', 'plant_room': '', 'garden': '', 'yard': ''}",46.3,43.8372,24628,23317.659574468085,15082100770396,4404599,PRE-ASP,HRB,淺水灣/壽臣山,1962/08,1962,64,B,9.0,blank,blank,blank,,True,POINT Z (22.2508715 114.192842 0),22.2508715,114.192842
605,2016-05-10,"RIDGE COURT,REPULSE BAY RD|冠園,淺水灣道",12043.794009506557,0,1880,"{'bay_window': '', 'flat_roof': '', 'roof': '', 'ac_platform': '', 'plant_room': '', 'garden': '', 'yard': ''}",46.5,44.0266,24734,23418.40425531915,16051301890018,4506397,ASP,HRB,淺水灣/壽臣山,1962/08,1962,64,A,11.0,blank,blank,blank,,True,POINT Z (22.2508715 114.192842 0),22.2508715,114.192842
606,2016-05-23,"RIDGE COURT,REPULSE BAY RD|冠園,淺水灣道",11525.78607029704,0,1880,"{'bay_window': '', 'flat_roof': '', 'roof': '', 'ac_platform': '', 'plant_room': '', 'garden': '', 'yard': ''}",44.5,42.133,23670,22411.17021276596,16060701980019,4516937,ASP,HRB,淺水灣/壽臣山,1962/08,1962,64,B,3.0,blank,blank,blank,,True,POINT Z (22.2508715 114.192842 0),22.2508715,114.192842
607,2016-10-27,"RIDGE COURT,REPULSE BAY RD|冠園,淺水灣道",10173.339304977348,0,1880,"{'bay_window': '', 'flat_roof': '', 'roof': '', 'ac_platform': '', 'plant_room': '', 'garden': '', 'yard': ''}",43.1,40.8074,22926,21706.06382978724,16110100870083,4589525,ASP,HRB,淺水灣/壽臣山,1962/08,1962,64,A,1.0,blank,blank,blank,,True,POINT Z (22.2508715 114.192842 0),22.2508715,114.192842
608,2017-08-21,"RIDGE COURT,REPULSE BAY RD|冠園,淺水灣道",9528.484238217045,0,1880,"{'bay_window': '', 'flat_roof': '', 'roof': '', 'ac_platform': '', 'plant_room': '', 'garden': '', 'yard': ''}",43.5,41.1862,23138,21907.55319148936,17083000610136,4761585,ASP,HRB,淺水灣/壽臣山,1962/08,1962,64,D,2.0,blank,blank,blank,,True,POINT Z (22.2508715 114.192842 0),22.2508715,114.192842
609,2017-09-27,"RIDGE COURT,REPULSE BAY RD|冠園,淺水灣道",11322.714798216686,0,1880,"{'bay_window': '', 'flat_roof': '', 'roof': '', 'ac_platform': '', 'plant_room': '', 'garden': '', 'yard': ''}",48.8,48.8,25957,25957.44680851064,17100600300013,5228352,ASP,HRB,淺水灣/壽臣山,1962/08,1962,64,A,8.0,blank,blank,blank,,False,POINT Z (22.2508715 114.192842 0),22.2508715,114.192842
610,2019-05-08,"RIDGE COURT,REPULSE BAY RD|冠園,淺水灣道",10811.713154007552,0,1880,"{'bay_window': '', 'flat_roof': '', 'roof': '', 'ac_platform': '', 'plant_room': '', 'garden': '', 'yard': ''}",53.98,53.98,28713,28712.76595744681,19051502240029,5544119,ASP,HRB,淺水灣/壽臣山,1962/08,1962,64,D,4.0,blank,blank,blank,,False,POINT Z (22.2508715 114.192842 0),22.2508715,114.192842
611,2020-06-15,"RIDGE COURT,REPULSE BAY RD|冠園,淺水灣道",10473.295560332394,0,1880,"{'bay_window': '', 'flat_roof': '', 'roof': '', 'ac_platform': '', 'plant_room': '', 'garden': '', 'yard': ''}",50.0,50.0,26596,26595.744680851065,20062200900012,5727680,ASP,HRB,淺水灣/壽臣山,1962/08,1962,64,D,5.0,blank,blank,blank,,False,POINT Z (22.2508715 114.192842 0),22.2508715,114.192842
612,2020-11-16,"RIDGE COURT,REPULSE BAY RD|冠園,淺水灣道",10884.951235987468,0,1880,"{'bay_window': '', 'flat_roof': '', 'roof': '', 'ac_platform': '', 'plant_room': '', 'garden': '', 'yard': ''}",50.8,50.8,27021,27021.27659574468,20120201720015,5815420,ASP,HRB,淺水灣/壽臣山,1962/08,1962,64,C,4.0,blank,blank,blank,,False,POINT Z (22.2508715 114.192842 0),22.2508715,114.192842
613,2021-06-07,"RIDGE COURT,REPULSE BAY RD|冠園,淺水灣道",8831.333550187026,0,1880,"{'bay_window': '', 'flat_roof': '', 'roof': '', 'ac_platform': '', 'plant_room': '', 'garden': '', 'yard': ''}",43.8,43.8,23298,23297.87234042553,21062500490028,5942253,PRO-ASP,HRB,淺水灣/壽臣山,1962/08,1962,64,A,2.0,blank,blank,blank,,False,POINT Z (22.2508715 114.192842 0),22.2508715,114.192842
614,2021-11-12,"RIDGE COURT,REPULSE BAY RD|冠園,淺水灣道",8833.370063994535,0,1880,"{'bay_window': '', 'flat_roof': '', 'roof': '', 'ac_platform': '', 'plant_room': '', 'garden': '', 'yard': ''}",42.28,42.28,22489,22489.36170212766,21112500740022,6042628,ASP,HRB,淺水灣/壽臣山,1962/08,1962,64,A,3.0,blank,blank,blank,,False,POINT Z (22.2508715 114.192842 0),22.2508715,114.192842
615,2023-05-29,"RIDGE COURT,REPULSE BAY RD|冠園,淺水灣道",15994.770353305568,0,1880,"{'bay_window': '', 'flat_roof': '', 'roof': '', 'ac_platform': '', 'plant_room': '', 'garden': '', 'yard': ''}",66.68,66.68,35468,35468.08510638298,23061600650018,6299393,PRE-ASP,HRB,淺水灣/壽臣山,1962/08,1962,64,D,12.0,blank,blank,blank,,False,POINT Z (22.2508715 114.192842 0),22.2508715,114.192842
616,2024-06-25,"RIDGE COURT,REPULSE BAY RD|冠園,淺水灣道",11673.877983307904,0,1880,"{'bay_window': '', 'flat_roof': '', 'roof': '', 'ac_platform': '', 'plant_room': '', 'garden': '', 'yard': ''}",41.8,41.8,22234,22234.042553191488,24071101010011,6450053,MEM-ASP,HRB,淺水灣/壽臣山,1962/08,1962,64,A,4.0,blank,blank,blank,,False,POINT Z (22.2508715 114.192842 0),22.2508715,114.192842
617,2024-12-05,"RIDGE COURT,REPULSE BAY RD|冠園,淺水灣道",14009.97633006668,0,1880,"{'bay_window': '', 'flat_roof': '', 'roof': '', 'ac_platform': '', 'plant_room': '', 'garden': '', 'yard': ''}",48.0,48.0,25532,25531.91489361702,24121200730010,6517108,ASP,HRB,淺水灣/壽臣山,1962/08,1962,64,B,8.0,blank,blank,blank,,False,POINT Z (22.2508715 114.192842 0),22.2508715,114.192842
618,2026-01-08,"RIDGE COURT,REPULSE BAY RD|冠園,淺水灣道",11364.192715172816,0,1880,"{'bay_window': '', 'flat_roof': '', 'roof': '', 'ac_platform': '', 'plant_room': '', 'garden': '', 'yard': ''}",41.2,41.2,21915,21914.89361702128,26012700880071,6735353,PRE-ASP,HRB,淺水灣/壽臣山,1962/08,1962,64,D,2.0,blank,blank,blank,,False,POINT Z (22.2508715 114.192842 0),22.2508715,114.192842
619,1996-02-10,"REPULSE BAY GARDEN(Block 2),BELLEVIEW DR|淺水灣新村2座,麗景道",6230.331753554502,2288,2110,"{'bay_window': '', 'flat_roof': '', 'roof': '', 'ac_platform': '', 'plant_room': '', 'garden': '', 'yard': ''}",13.8,13.146,6540,6230.331753554502,6547300,4805071,ASP,HRB,淺水灣/壽臣山,1973/11,1973,53,whole floor,11.0,2,blank,REPULSE BAY GARDEN,淺水灣新村,True,POINT Z (22.2399039 114.1931439 0),22.2399039,114.1931439
620,1996-11-06,"REPULSE BAY GARDEN(Block 2),BELLEVIEW DR|淺水灣新村2座,麗景道",7675.023696682463,2288,2110,"{'bay_window': '', 'flat_roof': '', 'roof': '', 'ac_platform': '', 'plant_room': '', 'garden': '', 'yard': ''}",17.0,16.1943,8057,7675.023696682463,6824846,4920892,ASP,HRB,淺水灣/壽臣山,1973/11,1973,53,whole floor,19.0,2,blank,REPULSE BAY GARDEN,淺水灣新村,True,POINT Z (22.2399039 114.1931439 0),22.2399039,114.1931439
621,1996-12-10,"REPULSE BAY GARDEN(Block 2),BELLEVIEW DR|淺水灣新村2座,麗景道",7313.8388625592415,2288,2110,"{'bay_window': '', 'flat_roof': '', 'roof': '', 'ac_platform': '', 'plant_room': '', 'garden': '', 'yard': ''}",16.2,15.4322,7678,7313.8388625592415,6872385,4928942,ASP,HRB,淺水灣/壽臣山,1973/11,1973,53,whole floor,2.0,2,blank,REPULSE BAY GARDEN,淺水灣新村,True,POINT Z (22.2399039 114.1931439 0),22.2399039,114.1931439
622,1996-12-12,"REPULSE BAY GARDEN(Block 2),BELLEVIEW DR|淺水灣新村2座,麗景道",8749.52606635071,2288,2110,"{'bay_window': '', 'flat_roof': '', 'roof': '', 'ac_platform': '', 'plant_room': '', 'garden': '', 'yard': ''}",19.38,18.4615,9185,8749.52606635071,6878909,4934673,ASP,HRB,淺水灣/壽臣山,1973/11,1973,53,whole floor,18.0,2,blank,REPULSE BAY GARDEN,淺水灣新村,True,POINT Z (22.2399039 114.1931439 0),22.2399039,114.1931439
623,1997-01-15,"REPULSE BAY GARDEN(Block 2),BELLEVIEW DR|淺水灣新村2座,麗景道",9480.900473933649,2288,2110,"{'bay_window': '', 'flat_roof': '', 'roof': '', 'ac_platform': '', 'plant_room': '', 'garden': '', 'yard': ''}",21.0,20.0047,9953,9480.900473933649,6912912,4961719,ASP,HRB,淺水灣/壽臣山,1973/11,1973,53,whole floor,14.0,2,blank,REPULSE BAY GARDEN,淺水灣新村,True,POINT Z (22.2399039 114.1931439 0),22.2399039,114.1931439
624,1997-01-14,"REPULSE BAY GARDEN(Block 2),BELLEVIEW DR|淺水灣新村2座,麗景道",12731.516587677725,2288,2110,"{'bay_window': '', 'flat_roof': '', 'roof': '', 'ac_platform': '', 'plant_room': '', 'garden': '', 'yard': ''}",28.2,26.8635,13365,12731.516587677725,6924304,4966221,ASP,HRB,淺水灣/壽臣山,1973/11,1973,53,whole floor,1.0,2,blank,REPULSE BAY GARDEN,淺水灣新村,True,POINT Z (22.2399039 114.1931439 0),22.2399039,114.1931439
625,1997-01-29,"REPULSE BAY GARDEN(Block 2),BELLEVIEW DR|淺水灣新村2座,麗景道",8668.24644549763,2288,2110,"{'bay_window': '', 'flat_roof': '', 'roof': '', 'ac_platform': '', 'plant_room': '', 'garden': '', 'yard': ''}",19.2,18.29,9100,8668.24644549763,6933180,4970870,SUB-ASP,HRB,淺水灣/壽臣山,1973/11,1973,53,whole floor,2.0,2,blank,REPULSE BAY GARDEN,淺水灣新村,True,POINT Z (22.2399039 114.1931439 0),22.2399039,114.1931439
626,1997-06-12,"REPULSE BAY GARDEN(Block 2),BELLEVIEW DR|淺水灣新村2座,麗景道",9246.308904550137,2288,2110,"{'bay_window': '', 'flat_roof': '', 'roof': '', 'ac_platform': '', 'plant_room': '', 'garden': '', 'yard': ''}",25.3,24.1009,11991,11422.22748815166,7199091,5082020,ASP,HRB,淺水灣/壽臣山,1973/11,1973,53,whole floor,6.0,2,blank,REPULSE BAY GARDEN,淺水灣新村,True,POINT Z (22.2399039 114.1931439 0),22.2399039,114.1931439
627,1999-08-27,"REPULSE BAY GARDEN(Block 2),BELLEVIEW DR|淺水灣新村2座,麗景道",8464.29409649289,2288,2110,"{'bay_window': '', 'flat_roof': '', 'roof': '', 'ac_platform': '', 'plant_room': '', 'garden': '', 'yard': ''}",13.8,13.146,6540,6230.331753554502,7886294,302658,ASP,HRB,淺水灣/壽臣山,1973/11,1973,53,whole floor,8.0,2,blank,REPULSE BAY GARDEN,淺水灣新村,True,POINT Z (22.2399039 114.1931439 0),22.2399039,114.1931439
628,1999-10-17,"REPULSE BAY GARDEN(Block 2),BELLEVIEW DR|淺水灣新村2座,麗景道",9590.237430044046,2288,2110,"{'bay_window': '', 'flat_roof': '', 'roof': '', 'ac_platform': '', 'plant_room': '', 'garden': '', 'yard': ''}",14.8,14.0986,7014,6681.800947867298,7911372,325805,PRO-ASP,HRB,淺水灣/壽臣山,1973/11,1973,53,whole floor,18.0,2,blank,REPULSE BAY GARDEN,淺水灣新村,True,POINT Z (22.2399039 114.1931439 0),22.2399039,114.1931439
629,2001-09-28,"REPULSE BAY GARDEN(Block 2),BELLEVIEW DR|淺水灣新村2座,麗景道",8572.501356721577,2288,2110,"{'bay_window': '', 'flat_roof': '', 'roof': '', 'ac_platform': '', 'plant_room': '', 'garden': '', 'yard': ''}",11.5,10.955,5450,5191.943127962085,8522586,786731,ASP,HRB,淺水灣/壽臣山,1973/11,1973,53,whole floor,17.0,2,blank,REPULSE BAY GARDEN,淺水灣新村,True,POINT Z (22.2399039 114.1931439 0),22.2399039,114.1931439
630,2003-09-27,"REPULSE BAY GARDEN(Block 2),BELLEVIEW DR|淺水灣新村2座,麗景道",11953.457003091578,2288,2110,"{'bay_window': '', 'flat_roof': '', 'roof': '', 'ac_platform': '', 'plant_room': '', 'garden': '', 'yard': ''}",13.5,12.8602,6398,6094.881516587678,9030375,1182657,PRO-ASP,HRB,淺水灣/壽臣山,1973/11,1973,53,whole floor,15.0,2,blank,REPULSE BAY GARDEN,淺水灣新村,True,POINT Z (22.2399039 114.1931439 0),22.2399039,114.1931439
631,2004-01-09,"REPULSE BAY GARDEN(Block 2),BELLEVIEW DR|淺水灣新村2座,麗景道",10449.820230424437,2288,2110,"{'bay_window': '', 'flat_roof': '', 'roof': '', 'ac_platform': '', 'plant_room': '', 'garden': '', 'yard': ''}",14.0,13.3365,6635,6320.616113744076,9112153,1245395,ASP,HRB,淺水灣/壽臣山,1973/11,1973,53,whole floor,5.0,2,blank,REPULSE BAY GARDEN,淺水灣新村,True,POINT Z (22.2399039 114.1931439 0),22.2399039,114.1931439
632,2004-01-29,"REPULSE BAY GARDEN(Block 2),BELLEVIEW DR|淺水灣新村2座,麗景道",11196.230364380292,2288,2110,"{'bay_window': '', 'flat_roof': '', 'roof': '', 'ac_platform': '', 'plant_room': '', 'garden': '', 'yard': ''}",15.0,14.2891,7109,6772.085308056872,9135187,1263308,ASP,HRB,淺水灣/壽臣山,1973/11,1973,53,whole floor,15.0,2,blank,REPULSE BAY GARDEN,淺水灣新村,True,POINT Z (22.2399039 114.1931439 0),22.2399039,114.1931439
633,2004-07-19,"REPULSE BAY GARDEN(Block 2),BELLEVIEW DR|淺水灣新村2座,麗景道",11522.007324718948,2288,2110,"{'bay_window': '', 'flat_roof': '', 'roof': '', 'ac_platform': '', 'plant_room': '', 'garden': '', 'yard': ''}",15.99,15.2322,7578,7219.052132701422,9295063,1392316,ASP,HRB,淺水灣/壽臣山,1973/11,1973,53,whole floor,3.0,2,blank,REPULSE BAY GARDEN,淺水灣新村,True,POINT Z (22.2399039 114.1931439 0),22.2399039,114.1931439
634,2004-07-25,"REPULSE BAY GARDEN(Block 2),BELLEVIEW DR|淺水灣新村2座,麗景道",11730.931736365814,2288,2110,"{'bay_window': '', 'flat_roof': '', 'roof': '', 'ac_platform': '', 'plant_room': '', 'garden': '', 'yard': ''}",16.28,15.508400000000002,7716,7349.952606635072,9304503,1398425,PRO-ASP,HRB,淺水灣/壽臣山,1973/11,1973,53,whole floor,10.0,2,blank,REPULSE BAY GARDEN,淺水灣新村,True,POINT Z (22.2399039 114.1931439 0),22.2399039,114.1931439
635,2005-01-31,"REPULSE BAY GARDEN(Block 2),BELLEVIEW DR|淺水灣新村2座,麗景道",11197.910957571848,2288,2110,"{'bay_window': '', 'flat_roof': '', 'roof': '', 'ac_platform': '', 'plant_room': '', 'garden': '', 'yard': ''}",18.68,17.7947,8853,8433.507109004739,5022602530013,1542421,ASP,HRB,淺水灣/壽臣山,1973/11,1973,53,whole floor,8.0,2,blank,REPULSE BAY GARDEN,淺水灣新村,True,POINT Z (22.2399039 114.1931439 0),22.2399039,114.1931439
636,2005-04-01,"REPULSE BAY GARDEN(Block 2),BELLEVIEW DR|淺水灣新村2座,麗景道",12034.2392712589,2288,2110,"{'bay_window': '', 'flat_roof': '', 'roof': '', 'ac_platform': '', 'plant_room': '', 'garden': '', 'yard': ''}",20.0,19.0521,9479,9029.431279620852,5041401870010,1582937,ASP,HRB,淺水灣/壽臣山,1973/11,1973,53,whole floor,14.0,2,blank,REPULSE BAY GARDEN,淺水灣新村,True,POINT Z (22.2399039 114.1931439 0),22.2399039,114.1931439
637,2007-10-15,"REPULSE BAY GARDEN(Block 2),BELLEVIEW DR|淺水灣新村2座,麗景道",14110.048712685224,2288,2110,"{'bay_window': '', 'flat_roof': '', 'roof': '', 'ac_platform': '', 'plant_room': '', 'garden': '', 'yard': ''}",28.2,26.8635,13365,12731.516587677725,7111400840012,2302074,PRO-ASP,HRB,淺水灣/壽臣山,1973/11,1973,53,whole floor,9.0,2,blank,REPULSE BAY GARDEN,淺水灣新村,True,POINT Z (22.2399039 114.1931439 0),22.2399039,114.1931439
638,2007-11-13,"REPULSE BAY GARDEN(Block 2),BELLEVIEW DR|淺水灣新村2座,麗景道",13967.6084884241,2288,2110,"{'bay_window': '', 'flat_roof': '', 'roof': '', 'ac_platform': '', 'plant_room': '', 'garden': '', 'yard': ''}",29.38,27.9876,13924,13264.265402843605,7121002700045,2332877,PRO-ASP,HRB,淺水灣/壽臣山,1973/11,1973,53,whole floor,3.0,2,blank,REPULSE BAY GARDEN,淺水灣新村,True,POINT Z (22.2399039 114.1931439 0),22.2399039,114.1931439
639,2007-12-21,"REPULSE BAY GARDEN(Block 2),BELLEVIEW DR|淺水灣新村2座,麗景道",13830.098627436428,2288,2110,"{'bay_window': '', 'flat_roof': '', 'roof': '', 'ac_platform': '', 'plant_room': '', 'garden': '', 'yard': ''}",30.0,28.5782,14218,13544.170616113744,8011402280040,2373872,ASP,HRB,淺水灣/壽臣山,1973/11,1973,53,whole floor,1.0,2,blank,REPULSE BAY GARDEN,淺水灣新村,True,POINT Z (22.2399039 114.1931439 0),22.2399039,114.1931439
640,2009-09-15,"REPULSE BAY GARDEN(Block 2),BELLEVIEW DR|淺水灣新村2座,麗景道",14759.193320223894,2288,2110,"{'bay_window': '', 'flat_roof': '', 'roof': '', 'ac_platform': '', 'plant_room': '', 'garden': '', 'yard': ''}",35.3,33.626999999999995,16730,15936.966824644544,9092300720117,2864963,ASP,HRB,淺水灣/壽臣山,1973/11,1973,53,whole floor,18.0,2,blank,REPULSE BAY GARDEN,淺水灣新村,True,POINT Z (22.2399039 114.1931439 0),22.2399039,114.1931439
641,2012-02-10,"REPULSE BAY GARDEN(Block 2),BELLEVIEW DR|淺水灣新村2座,麗景道",3565.9834659303647,2288,2110,"{'bay_window': '', 'flat_roof': '', 'roof': '', 'ac_platform': '', 'plant_room': '', 'garden': '', 'yard': ''}",11.476,10.9321,5439,5181.090047393365,12022201530018,3653194,MEM-ASP,HRB,淺水灣/壽臣山,1973/11,1973,53,whole floor,11.0,2,blank,REPULSE BAY GARDEN,淺水灣新村,True,POINT Z (22.2399039 114.1931439 0),22.2399039,114.1931439
642,2014-08-04,"REPULSE BAY GARDEN(Block 2),BELLEVIEW DR|淺水灣新村2座,麗景道",11942.3466432651,2288,2110,"{'bay_window': '', 'flat_roof': '', 'roof': '', 'ac_platform': '', 'plant_room': '', 'garden': '', 'yard': ''}",50.5,48.1066,23934,22799.336492890998,14082902130127,4194727,ASP,HRB,淺水灣/壽臣山,1973/11,1973,53,whole floor,9.0,2,blank,REPULSE BAY GARDEN,淺水灣新村,True,POINT Z (22.2399039 114.1931439 0),22.2399039,114.1931439
643,2016-10-06,"REPULSE BAY GARDEN(Block 2),BELLEVIEW DR|淺水灣新村2座,麗景道",11003.137735733208,2288,2110,"{'bay_window': '', 'flat_roof': '', 'roof': '', 'ac_platform': '', 'plant_room': '', 'garden': '', 'yard': ''}",52.0,49.5355,24645,23476.540284360188,16101401380066,4579183,ASP,HRB,淺水灣/壽臣山,1973/11,1973,53,whole floor,15.0,2,blank,REPULSE BAY GARDEN,淺水灣新村,True,POINT Z (22.2399039 114.1931439 0),22.2399039,114.1931439
644,2018-01-11,"REPULSE BAY GARDEN(Block 2),BELLEVIEW DR|淺水灣新村2座,麗景道",13163.153732797442,2288,2110,"{'bay_window': '', 'flat_roof': '', 'roof': '', 'ac_platform': '', 'plant_room': '', 'garden': '', 'yard': ''}",66.5,66.5,31517,31516.58767772512,18020100510110,5294069,ASP,HRB,淺水灣/壽臣山,1973/11,1973,53,whole floor,11.0,2,blank,REPULSE BAY GARDEN,淺水灣新村,False,POINT Z (22.2399039 114.1931439 0),22.2399039,114.1931439
645,2018-11-13,"REPULSE BAY GARDEN(Block 2),BELLEVIEW DR|淺水灣新村2座,麗景道",11022.820949370522,2288,2110,"{'bay_window': '', 'flat_roof': '', 'roof': '', 'ac_platform': '', 'plant_room': '', 'garden': '', 'yard': ''}",56.0,56.0,26540,26540.284360189573,18112802150510,5466615,ASP,HRB,淺水灣/壽臣山,1973/11,1973,53,whole floor,7.0,2,blank,REPULSE BAY GARDEN,淺水灣新村,False,POINT Z (22.2399039 114.1931439 0),22.2399039,114.1931439
646,2023-07-18,"REPULSE BAY GARDEN(Block 2),BELLEVIEW DR|淺水灣新村2座,麗景道",14479.117647200215,2288,2110,"{'bay_window': '', 'flat_roof': '', 'roof': '', 'ac_platform': '', 'plant_room': '', 'garden': '', 'yard': ''}",64.8,64.8,30711,30710.90047393365,23072601590032,6318614,ASP,HRB,淺水灣/壽臣山,1973/11,1973,53,whole floor,8.0,2,blank,REPULSE BAY GARDEN,淺水灣新村,False,POINT Z (22.2399039 114.1931439 0),22.2399039,114.1931439
647,2024-09-12,"REPULSE BAY GARDEN(Block 2),BELLEVIEW DR|淺水灣新村2座,麗景道",15794.211563843292,2288,2110,"{'bay_window': '', 'flat_roof': '', 'roof': '', 'ac_platform': '', 'plant_room': '', 'garden': '', 'yard': ''}",60.0,60.0,28436,28436.01895734597,24100200130010,6483778,ASP,HRB,淺水灣/壽臣山,1973/11,1973,53,whole floor,7.0,2,blank,REPULSE BAY GARDEN,淺水灣新村,False,POINT Z (22.2399039 114.1931439 0),22.2399039,114.1931439
648,1996-06-01,"SPLENDOUR VILLA,SOUTH BAY RD|雅景閣,南灣道",13578.852201257858,0,1272,"{'bay_window': '', 'flat_roof': '', 'roof': '', 'ac_platform': '', 'plant_room': '', 'garden': '', 'yard': ''}",18.2,17.272299999999998,9277,13578.852201257858,6671478,4854643,ASP,HRB,淺水灣/壽臣山,1993/08,1993,33,F,3.0,blank,blank,blank,,True,POINT Z (22.2343442 114.1986937 0),22.2343442,114.1986937
649,1996-08-16,"SPLENDOUR VILLA,SOUTH BAY RD|雅景閣,南灣道",11563.468013468011,1527,1188,"{'bay_window': '', 'flat_roof': '', 'roof': '1164', 'ac_platform': '', 'plant_room': '', 'garden': '', 'yard': ''}",15.0,13.7374,12626,11563.468013468011,6735788,4873736,ASP,HRB,淺水灣/壽臣山,1993/08,1993,33,I,3.0,blank,blank,blank,,True,POINT Z (22.2343442 114.1986937 0),22.2343442,114.1986937
650,1996-10-18,"SPLENDOUR VILLA,SOUTH BAY RD|雅景閣,南灣道",7882.711864406778,0,590,"{'bay_window': '', 'flat_roof': '', 'roof': '', 'ac_platform': '', 'plant_room': '', 'garden': '', 'yard': ''}",5.6,4.650799999999999,9492,7882.711864406778,6841377,4911792,ASP,HRB,淺水灣/壽臣山,1993/08,1993,33,B,0.0,blank,blank,blank,,True,POINT Z (22.2343442 114.1986937 0),22.2343442,114.1986937
651,1996-12-05,"SPLENDOUR VILLA,SOUTH BAY RD|雅景閣,南灣道",13746.483427647534,1590,1237,"{'bay_window': '', 'flat_roof': '', 'roof': '', 'ac_platform': '', 'plant_room': '', 'garden': '', 'yard': ''}",18.5,17.0044,14956,13746.483427647534,6872975,4929470,ASP,HRB,淺水灣/壽臣山,1993/08,1993,33,H,2.0,blank,blank,blank,,True,POINT Z (22.2343442 114.1986937 0),22.2343442,114.1986937
652,1996-11-12,"SPLENDOUR VILLA,SOUTH BAY RD|雅景閣,南灣道",14584.142640364187,0,1318,"{'bay_window': '', 'flat_roof': '', 'roof': '', 'ac_platform': '', 'plant_room': '', 'garden': '', 'yard': ''}",20.8,19.2219,15781,14584.142640364187,6887998,4941560,PRO-ASP,HRB,淺水灣/壽臣山,1993/08,1993,33,G,0.0,blank,blank,blank,,True,POINT Z (22.2343442 114.1986937 0),22.2343442,114.1986937
653,1997-03-13,"SPLENDOUR VILLA,SOUTH BAY RD|雅景閣,南灣道",15801.598395960977,1527,1188,"{'bay_window': '', 'flat_roof': '87', 'roof': '', 'ac_platform': '', 'plant_room': '', 'garden': '', 'yard': ''}",23.0,21.064,19360,17730.63973063973,7009363,4997240,SUB-ASP,HRB,淺水灣/壽臣山,1993/08,1993,33,I,2.0,blank,blank,blank,,True,POINT Z (22.2343442 114.1986937 0),22.2343442,114.1986937
654,1997-03-22,"SPLENDOUR VILLA,SOUTH BAY RD|雅景閣,南灣道",13025.920336225798,0,1018,"{'bay_window': '', 'flat_roof': '', 'roof': '', 'ac_platform': '', 'plant_room': '', 'garden': '', 'yard': ''}",16.5,14.8792,16208,14616.110019646365,7058220,5022074,ASP,HRB,淺水灣/壽臣山,1993/08,1993,33,A,0.0,blank,blank,blank,,True,POINT Z (22.2343442 114.1986937 0),22.2343442,114.1986937
655,1997-05-15,"SPLENDOUR VILLA,SOUTH BAY RD|雅景閣,南灣道",15113.7255880861,0,1224,"{'bay_window': '', 'flat_roof': '', 'roof': '', 'ac_platform': '', 'plant_room': '', 'garden': '', 'yard': ''}",23.5,21.5801,19199,17630.80065359477,7102841,5039043,ASP,HRB,淺水灣/壽臣山,1993/08,1993,33,H,0.0,blank,blank,blank,,True,POINT Z (22.2343442 114.1986937 0),22.2343442,114.1986937
656,1997-06-03,"SPLENDOUR VILLA,SOUTH BAY RD|雅景閣,南灣道",11246.703598994394,0,1041,"{'bay_window': '', 'flat_roof': '', 'roof': '', 'ac_platform': '', 'plant_room': '', 'garden': '', 'yard': ''}",16.0,14.463,15370,13893.371757925072,7136210,5058947,ASP,HRB,淺水灣/壽臣山,1993/08,1993,33,A,2.0,blank,blank,blank,,True,POINT Z (22.2343442 114.1986937 0),22.2343442,114.1986937
657,1997-07-25,"SPLENDOUR VILLA,SOUTH BAY RD|雅景閣,南灣道",13671.782602030626,0,634,"{'bay_window': '', 'flat_roof': '', 'roof': '', 'ac_platform': '', 'plant_room': '', 'garden': '', 'yard': ''}",12.08,10.1746,19054,16048.26498422713,7207699,5084701,ASP,HRB,淺水灣/壽臣山,1993/08,1993,33,B,3.0,blank,blank,blank,,True,POINT Z (22.2343442 114.1986937 0),22.2343442,114.1986937
658,1997-07-22,"SPLENDOUR VILLA,SOUTH BAY RD|雅景閣,南灣道",12274.88663618468,0,1052,"{'bay_window': '', 'flat_roof': '', 'roof': '', 'ac_platform': '', 'plant_room': '', 'garden': '', 'yard': ''}",16.75,15.1578,15922,14408.555133079848,7208713,5085088,ASP,HRB,淺水灣/壽臣山,1993/08,1993,33,A,3.0,blank,blank,blank,,True,POINT Z (22.2343442 114.1986937 0),22.2343442,114.1986937
659,1997-10-21,"SPLENDOUR VILLA,SOUTH BAY RD|雅景閣,南灣道",13045.93294877553,0,1043,"{'bay_window': '', 'flat_roof': '', 'roof': '', 'ac_platform': '', 'plant_room': '', 'garden': '', 'yard': ''}",18.5,16.7263,17737,16036.72099712368,7334063,5131269,ASP,HRB,淺水灣/壽臣山,1993/08,1993,33,C,2.0,blank,blank,blank,,True,POINT Z (22.2343442 114.1986937 0),22.2343442,114.1986937
660,1997-10-25,"SPLENDOUR VILLA,SOUTH BAY RD|雅景閣,南灣道",13726.120747723697,0,1344,"{'bay_window': '', 'flat_roof': '', 'roof': '', 'ac_platform': '', 'plant_room': '', 'garden': '', 'yard': ''}",24.5,22.6771,18229,16872.842261904763,7344465,5136325,ASP,HRB,淺水灣/壽臣山,1993/08,1993,33,F,2.0,blank,blank,blank,,True,POINT Z (22.2343442 114.1986937 0),22.2343442,114.1986937
661,1998-02-23,"SPLENDOUR VILLA,SOUTH BAY RD|雅景閣,南灣道",10779.948936019538,0,1203,"{'bay_window': '', 'flat_roof': '', 'roof': '', 'ac_platform': '', 'plant_room': '', 'garden': '', 'yard': ''}",13.8,12.6529,11471,10517.788861180385,7427435,5163194,PRO-ASP,HRB,淺水灣/壽臣山,1993/08,1993,33,I,1.0,blank,blank,blank,,True,POINT Z (22.2343442 114.1986937 0),22.2343442,114.1986937
662,1998-03-05,"SPLENDOUR VILLA,SOUTH BAY RD|雅景閣,南灣道",12736.793829249951,0,1344,"{'bay_window': '', 'flat_roof': '', 'roof': '', 'ac_platform': '', 'plant_room': '', 'garden': '', 'yard': ''}",17.75,16.4293,13207,12224.18154761905,7441467,5171596,PRO-ASP,HRB,淺水灣/壽臣山,1993/08,1993,33,F,2.0,blank,blank,blank,,True,POINT Z (22.2343442 114.1986937 0),22.2343442,114.1986937
663,1998-03-20,"SPLENDOUR VILLA,SOUTH BAY RD|雅景閣,南灣道",12070.587803194014,0,1203,"{'bay_window': '', 'flat_roof': '', 'roof': '', 'ac_platform': '', 'plant_room': '', 'garden': '', 'yard': ''}",15.2,13.9365,12635,11584.788029925186,7452490,5181198,ASP,HRB,淺水灣/壽臣山,1993/08,1993,33,I,1.0,blank,blank,blank,,True,POINT Z (22.2343442 114.1986937 0),22.2343442,114.1986937
664,1998-04-17,"SPLENDOUR VILLA,SOUTH BAY RD|雅景閣,南灣道",9098.923877657742,780,607,"{'bay_window': '', 'flat_roof': '', 'roof': '', 'ac_platform': '', 'plant_room': '', 'garden': '', 'yard': ''}",6.28,5.2454,10346,8641.51565074135,7473586,5189144,ASP,HRB,淺水灣/壽臣山,1993/08,1993,33,B,1.0,blank,blank,blank,,True,POINT Z (22.2343442 114.1986937 0),22.2343442,114.1986937
665,1998-08-20,"SPLENDOUR VILLA,SOUTH BAY RD|雅景閣,南灣道",8816.858676969978,0,1094,"{'bay_window': '', 'flat_roof': '', 'roof': '', 'ac_platform': '', 'plant_room': '', 'garden': '', 'yard': ''}",7.48,6.7963000000000005,6837,6212.340036563071,7562655,22839,PRO-ASP,HRB,淺水灣/壽臣山,1993/08,1993,33,H,1.0,blank,blank,blank,,True,POINT Z (22.2343442 114.1986937 0),22.2343442,114.1986937
666,1998-11-11,"SPLENDOUR VILLA,SOUTH BAY RD|雅景閣,南灣道",9342.833108589692,0,1094,"{'bay_window': '', 'flat_roof': '', 'roof': '', 'ac_platform': '', 'plant_room': '', 'garden': '', 'yard': ''}",8.0,7.2687,7313,6644.1499085923215,7627585,87574,ASP,HRB,淺水灣/壽臣山,1993/08,1993,33,H,1.0,blank,blank,blank,,True,POINT Z (22.2343442 114.1986937 0),22.2343442,114.1986937
667,1998-11-28,"SPLENDOUR VILLA,SOUTH BAY RD|雅景閣,南灣道",10802.735132986929,0,1094,"{'bay_window': '', 'flat_roof': '', 'roof': '', 'ac_platform': '', 'plant_room': '', 'garden': '', 'yard': ''}",9.25,8.4045,8455,7682.358318098721,7630755,90042,SUB-ASP,HRB,淺水灣/壽臣山,1993/08,1993,33,H,1.0,blank,blank,blank,,True,POINT Z (22.2343442 114.1986937 0),22.2343442,114.1986937
668,1999-03-31,"SPLENDOUR VILLA,SOUTH BAY RD|雅景閣,南灣道",11353.642348123558,0,1046,"{'bay_window': '', 'flat_roof': '', 'roof': '', 'ac_platform': '', 'plant_room': '', 'garden': '', 'yard': ''}",9.33,8.438,8920,8066.921606118547,7738695,183964,ASP,HRB,淺水灣/壽臣山,1993/08,1993,33,E,1.0,blank,blank,blank,,True,POINT Z (22.2343442 114.1986937 0),22.2343442,114.1986937
669,1999-04-22,"SPLENDOUR VILLA,SOUTH BAY RD|雅景閣,南灣道",13411.345762703062,0,1152,"{'bay_window': '', 'flat_roof': '', 'roof': '', 'ac_platform': '', 'plant_room': '', 'garden': '', 'yard': ''}",12.5,11.4149,10851,9908.767361111111,7751331,199877,ASP,HRB,淺水灣/壽臣山,1993/08,1993,33,G,2.0,blank,blank,blank,,True,POINT Z (22.2343442 114.1986937 0),22.2343442,114.1986937
670,1999-04-30,"SPLENDOUR VILLA,SOUTH BAY RD|雅景閣,南灣道",9275.03603701842,780,607,"{'bay_window': '', 'flat_roof': '', 'roof': '', 'ac_platform': '', 'plant_room': '', 'garden': '', 'yard': ''}",4.98,4.1596,8204,6852.718286655684,7756146,204632,ASP,HRB,淺水灣/壽臣山,1993/08,1993,33,B,1.0,blank,blank,blank,,True,POINT Z (22.2343442 114.1986937 0),22.2343442,114.1986937
671,1999-06-08,"SPLENDOUR VILLA,SOUTH BAY RD|雅景閣,南灣道",14163.016284845971,0,1295,"{'bay_window': '', 'flat_roof': '', 'roof': '', 'ac_platform': '', 'plant_room': '', 'garden': '', 'yard': ''}",14.8,13.6571,11429,10546.023166023166,7790091,235513,ASP,HRB,淺水灣/壽臣山,1993/08,1993,33,G,3.0,blank,blank,blank,,True,POINT Z (22.2343442 114.1986937 0),22.2343442,114.1986937
672,2000-03-09,"SPLENDOUR VILLA,SOUTH BAY RD|雅景閣,南灣道",17229.30817409384,0,1169,"{'bay_window': '', 'flat_roof': '', 'roof': '', 'ac_platform': '', 'plant_room': '', 'garden': '', 'yard': ''}",15.8,14.4484,13516,12359.623609923012,8039097,411847,ASP,HRB,淺水灣/壽臣山,1993/08,1993,33,H,2.0,blank,blank,blank,,True,POINT Z (22.2343442 114.1986937 0),22.2343442,114.1986937
673,2000-07-31,"SPLENDOUR VILLA,SOUTH BAY RD|雅景閣,南灣道",10248.666394065454,0,634,"{'bay_window': '', 'flat_roof': '', 'roof': '', 'ac_platform': '', 'plant_room': '', 'garden': '', 'yard': ''}",5.2,4.3798,8202,6908.20189274448,8174866,517978,PRO-ASP,HRB,淺水灣/壽臣山,1993/08,1993,33,B,3.0,blank,blank,blank,,True,POINT Z (22.2343442 114.1986937 0),22.2343442,114.1986937
674,2001-06-18,"SPLENDOUR VILLA,SOUTH BAY RD|雅景閣,南灣道",9829.23327455865,0,1041,"{'bay_window': '', 'flat_roof': '', 'roof': '', 'ac_platform': '', 'plant_room': '', 'garden': '', 'yard': ''}",7.0,6.3276,6724,6078.386167146974,8430934,715668,ASP,HRB,淺水灣/壽臣山,1993/08,1993,33,A,2.0,blank,blank,blank,,True,POINT Z (22.2343442 114.1986937 0),22.2343442,114.1986937
675,2002-11-11,"SPLENDOUR VILLA,SOUTH BAY RD|雅景閣,南灣道",14826.098733124349,0,1203,"{'bay_window': '', 'flat_roof': '', 'roof': '', 'ac_platform': '', 'plant_room': '', 'garden': '', 'yard': ''}",9.88,9.0587,8213,7530.091438071488,8827198,1020949,ASP,HRB,淺水灣/壽臣山,1993/08,1993,33,I,1.0,blank,blank,blank,,True,POINT Z (22.2343442 114.1986937 0),22.2343442,114.1986937
676,2002-11-22,"SPLENDOUR VILLA,SOUTH BAY RD|雅景閣,南灣道",16274.62853275408,0,1295,"{'bay_window': '', 'flat_roof': '', 'roof': '', 'ac_platform': '', 'plant_room': '', 'garden': '', 'yard': ''}",11.6,10.7042,8958,8265.791505791505,8837302,1028805,ASP,HRB,淺水灣/壽臣山,1993/08,1993,33,G,3.0,blank,blank,blank,,True,POINT Z (22.2343442 114.1986937 0),22.2343442,114.1986937
677,2003-01-22,"SPLENDOUR VILLA,SOUTH BAY RD|雅景閣,南灣道",16943.469610643606,0,1272,"{'bay_window': '', 'flat_roof': '', 'roof': '', 'ac_platform': '', 'plant_room': '', 'garden': '', 'yard': ''}",11.8,10.8723,9277,8547.405660377359,8870756,1055609,ASP,HRB,淺水灣/壽臣山,1993/08,1993,33,F,3.0,blank,blank,blank,,True,POINT Z (22.2343442 114.1986937 0),22.2343442,114.1986937
678,2003-10-20,"SPLENDOUR VILLA,SOUTH BAY RD|雅景閣,南灣道",12257.551593492424,0,1094,"{'bay_window': '', 'flat_roof': '', 'roof': '', 'ac_platform': '', 'plant_room': '', 'garden': '', 'yard': ''}",7.9,7.1779,7221,6561.151736745886,9041784,1193389,ASP,HRB,淺水灣/壽臣山,1993/08,1993,33,H,1.0,blank,blank,blank,,True,POINT Z (22.2343442 114.1986937 0),22.2343442,114.1986937
679,2004-09-14,"SPLENDOUR VILLA,SOUTH BAY RD|雅景閣,南灣道",16377.650608228463,0,1122,"{'bay_window': '', 'flat_roof': '', 'roof': '', 'ac_platform': '', 'plant_room': '', 'garden': '', 'yard': ''}",13.8,12.5701,12299,11203.297682709448,9338883,1423172,ASP,HRB,淺水灣/壽臣山,1993/08,1993,33,F,2.0,blank,blank,blank,,True,POINT Z (22.2343442 114.1986937 0),22.2343442,114.1986937
680,2004-11-22,"SPLENDOUR VILLA,SOUTH BAY RD|雅景閣,南灣道",16088.949938527492,0,1043,"{'bay_window': '', 'flat_roof': '', 'roof': '', 'ac_platform': '', 'plant_room': '', 'garden': '', 'yard': ''}",13.28,12.0067,12733,11511.69702780441,9406305,1478868,ASP,HRB,淺水灣/壽臣山,1993/08,1993,33,C,2.0,blank,blank,blank,,True,POINT Z (22.2343442 114.1986937 0),22.2343442,114.1986937
681,2004-12-13,"SPLENDOUR VILLA,SOUTH BAY RD|雅景閣,南灣道",17037.272352630054,0,988,"{'bay_window': '', 'flat_roof': '', 'roof': '', 'ac_platform': '', 'plant_room': '', 'garden': '', 'yard': ''}",13.7,12.3134,13866,12462.955465587043,9424785,1492860,ASP,HRB,淺水灣/壽臣山,1993/08,1993,33,E,2.0,blank,blank,blank,,True,POINT Z (22.2343442 114.1986937 0),22.2343442,114.1986937
682,2005-05-03,"SPLENDOUR VILLA,SOUTH BAY RD|雅景閣,南灣道",18246.47931516815,0,1094,"{'bay_window': '', 'flat_roof': '', 'roof': '', 'ac_platform': '', 'plant_room': '', 'garden': '', 'yard': ''}",16.6,15.0826,15174,13786.654478976234,5052401800175,1622503,PRO-ASP,HRB,淺水灣/壽臣山,1993/08,1993,33,H,1.0,blank,blank,blank,,True,POINT Z (22.2343442 114.1986937 0),22.2343442,114.1986937
683,2005-12-09,"SPLENDOUR VILLA,SOUTH BAY RD|雅景閣,南灣道",21554.806705262105,0,1295,"{'bay_window': '', 'flat_roof': '', 'roof': '', 'ac_platform': '', 'plant_room': '', 'garden': '', 'yard': ''}",22.0,20.3012,16988,15676.602316602315,6010500930063,1795849,PRO-ASP,HRB,淺水灣/壽臣山,1993/08,1993,33,G,3.0,blank,blank,blank,,True,POINT Z (22.2343442 114.1986937 0),22.2343442,114.1986937
684,2006-11-15,"SPLENDOUR VILLA,SOUTH BAY RD|雅景閣,南灣道",20566.266582030083,0,1094,"{'bay_window': '', 'flat_roof': '', 'roof': '', 'ac_platform': '', 'plant_room': '', 'garden': '', 'yard': ''}",18.8,17.081500000000002,17185,15613.802559414997,6120900960152,2019828,PRO-ASP,HRB,淺水灣/壽臣山,1993/08,1993,33,H,1.0,blank,blank,blank,,True,POINT Z (22.2343442 114.1986937 0),22.2343442,114.1986937
685,2007-02-22,"SPLENDOUR VILLA,SOUTH BAY RD|雅景閣,南灣道",26672.207133461,0,3937,"{'bay_window': '', 'flat_roof': '', 'roof': '', 'ac_platform': '', 'plant_room': '', 'garden': '', 'yard': ''}",85.0,82.8413,21587,21041.732283464567,7030902330114,2081669,ASP,HRB,淺水灣/壽臣山,1993/08,1993,33,D,0.0,blank,blank,blank,,True,POINT Z (22.2343442 114.1986937 0),22.2343442,114.1986937
686,2007-10-16,"SPLENDOUR VILLA,SOUTH BAY RD|雅景閣,南灣道",19610.018328640745,0,1008,"{'bay_window': '', 'flat_roof': '', 'roof': '', 'ac_platform': '', 'plant_room': '', 'garden': '', 'yard': ''}",19.8,17.8357,19643,17694.146825396827,7111301860172,2300466,ASP,HRB,淺水灣/壽臣山,1993/08,1993,33,E,0.0,blank,blank,blank,,True,POINT Z (22.2343442 114.1986937 0),22.2343442,114.1986937
687,2007-10-31,"SPLENDOUR VILLA,SOUTH BAY RD|雅景閣,南灣道",22285.778660945954,0,1284,"{'bay_window': '', 'flat_roof': '', 'roof': '', 'ac_platform': '', 'plant_room': '', 'garden': '', 'yard': ''}",28.0,25.8193,21807,20108.48909657321,7112101640014,2310395,ASP,HRB,淺水灣/壽臣山,1993/08,1993,33,F,1.0,blank,blank,blank,,True,POINT Z (22.2343442 114.1986937 0),22.2343442,114.1986937
688,2007-10-31,"SPLENDOUR VILLA,SOUTH BAY RD|雅景閣,南灣道",24094.784341227816,0,1109,"{'bay_window': '', 'flat_roof': '', 'roof': '', 'ac_platform': '', 'plant_room': '', 'garden': '', 'yard': ''}",26.5,24.1105,23895,21740.757439134355,7112101710202,2309333,PRO-ASP,HRB,淺水灣/壽臣山,1993/08,1993,33,C,3.0,blank,blank,blank,,True,POINT Z (22.2343442 114.1986937 0),22.2343442,114.1986937
689,2007-11-23,"SPLENDOUR VILLA,SOUTH BAY RD|雅景閣,南灣道",23888.27322616075,0,1169,"{'bay_window': '', 'flat_roof': '', 'roof': '', 'ac_platform': '', 'plant_room': '', 'garden': '', 'yard': ''}",29.0,26.5192,24808,22685.372112917023,7120502150092,2327544,ASP,HRB,淺水灣/壽臣山,1993/08,1993,33,H,2.0,blank,blank,blank,,True,POINT Z (22.2343442 114.1986937 0),22.2343442,114.1986937
690,2010-03-30,"SPLENDOUR VILLA,SOUTH BAY RD|雅景閣,南灣道",20616.85635353349,0,1008,"{'bay_window': '', 'flat_roof': '', 'roof': '', 'ac_platform': '', 'plant_room': '', 'garden': '', 'yard': ''}",28.0,25.2222,27778,25022.02380952381,10040801780026,3052921,ASP,HRB,淺水灣/壽臣山,1993/08,1993,33,E,0.0,blank,blank,blank,,True,POINT Z (22.2343442 114.1986937 0),22.2343442,114.1986937
691,2010-03-26,"SPLENDOUR VILLA,SOUTH BAY RD|雅景閣,南灣道",21963.47156370948,0,1272,"{'bay_window': '', 'flat_roof': '', 'roof': '', 'ac_platform': '', 'plant_room': '', 'garden': '', 'yard': ''}",36.8,33.9069,28931,26656.367924528306,10041601970133,3063023,PRO-ASP,HRB,淺水灣/壽臣山,1993/08,1993,33,F,3.0,blank,blank,blank,,True,POINT Z (22.2343442 114.1986937 0),22.2343442,114.1986937
692,2012-08-31,"SPLENDOUR VILLA,SOUTH BAY RD|雅景閣,南灣道",20705.03311899793,0,1272,"{'bay_window': '', 'flat_roof': '', 'roof': '', 'ac_platform': '', 'plant_room': '', 'garden': '', 'yard': ''}",46.5,42.8443,36557,33682.625786163524,12092002200016,3806882,PRO-ASP,HRB,淺水灣/壽臣山,1993/08,1993,33,F,3.0,blank,blank,blank,,True,POINT Z (22.2343442 114.1986937 0),22.2343442,114.1986937
693,2014-02-06,"SPLENDOUR VILLA,SOUTH BAY RD|雅景閣,南灣道",13359.380193599956,0,1018,"{'bay_window': '', 'flat_roof': '', 'roof': '', 'ac_platform': '', 'plant_room': '', 'garden': '', 'yard': ''}",27.0,24.3477,26523,23917.1905697446,14021402550040,4097431,ASP,HRB,淺水灣/壽臣山,1993/08,1993,33,A,0.0,blank,blank,blank,,True,POINT Z (22.2343442 114.1986937 0),22.2343442,114.1986937
694,2017-02-24,"SPLENDOUR VILLA,SOUTH BAY RD|雅景閣,南灣道",9279.457224046902,0,604,"{'bay_window': '', 'flat_roof': '', 'roof': '', 'ac_platform': '', 'plant_room': '', 'garden': '', 'yard': ''}",14.28,11.9158,23642,19728.14569536424,17031601450026,4663858,ASP,HRB,淺水灣/壽臣山,1993/08,1993,33,B,2.0,blank,blank,blank,,True,POINT Z (22.2343442 114.1986937 0),22.2343442,114.1986937
695,2019-04-02,"SPLENDOUR VILLA,SOUTH BAY RD|雅景閣,南灣道",15978.164685957952,0,1152,"{'bay_window': '', 'flat_roof': '', 'roof': '', 'ac_platform': '', 'plant_room': '', 'garden': '', 'yard': ''}",47.5,47.5,41233,41232.63888888889,19041501760116,5526795,ASP,HRB,淺水灣/壽臣山,1993/08,1993,33,G,2.0,blank,blank,blank,,False,POINT Z (22.2343442 114.1986937 0),22.2343442,114.1986937
696,2020-05-14,"SPLENDOUR VILLA,SOUTH BAY RD|雅景閣,南灣道",12462.625384523297,0,1046,"{'bay_window': '', 'flat_roof': '', 'roof': '', 'ac_platform': '', 'plant_room': '', 'garden': '', 'yard': ''}",33.5,33.5,32027,32026.76864244742,20060102030076,5715582,ASP,HRB,淺水灣/壽臣山,1993/08,1993,33,E,1.0,blank,blank,blank,,False,POINT Z (22.2343442 114.1986937 0),22.2343442,114.1986937
697,2021-06-03,"SPLENDOUR VILLA,SOUTH BAY RD|雅景閣,南灣道",13878.396295124989,0,1169,"{'bay_window': '', 'flat_roof': '', 'roof': '', 'ac_platform': '', 'plant_room': '', 'garden': '', 'yard': ''}",42.8,42.8,36612,36612.48930710008,21062100220013,5937628,ASP,HRB,淺水灣/壽臣山,1993/08,1993,33,H,2.0,blank,blank,blank,,False,POINT Z (22.2343442 114.1986937 0),22.2343442,114.1986937
698,2023-05-16,"SPLENDOUR VILLA,SOUTH BAY RD|雅景閣,南灣道",14249.73909934498,0,2152,"{'bay_window': '', 'flat_roof': '', 'roof': '', 'ac_platform': '', 'plant_room': '', 'garden': '', 'yard': ''}",68.0,68.0,31599,31598.513011152416,23060600300025,6294002,ASP,HRB,淺水灣/壽臣山,1993/08,1993,33,C,2.0,blank,blank,blank,,False,POINT Z (22.2343442 114.1986937 0),22.2343442,114.1986937
699,2023-08-03,"SPLENDOUR VILLA,SOUTH BAY RD|雅景閣,南灣道",14352.39131529486,0,1046,"{'bay_window': '', 'flat_roof': '', 'roof': '', 'ac_platform': '', 'plant_room': '', 'garden': '', 'yard': ''}",32.0,32.0,30593,30592.73422562141,23081401970043,6327646,ASP,HRB,淺水灣/壽臣山,1993/08,1993,33,E,1.0,blank,blank,blank,,False,POINT Z (22.2343442 114.1986937 0),22.2343442,114.1986937
700,2025-04-14,"SPLENDOUR VILLA,SOUTH BAY RD|雅景閣,南灣道",14583.240779000213,0,1052,"{'bay_window': '', 'flat_roof': '', 'roof': '', 'ac_platform': '', 'plant_room': '', 'garden': '', 'yard': ''}",27.5,27.5,26141,26140.684410646387,25050801920018,6580895,PRO-ASP,HRB,淺水灣/壽臣山,1993/08,1993,33,A,3.0,blank,blank,blank,,False,POINT Z (22.2343442 114.1986937 0),22.2343442,114.1986937
701,1996-06-01,"REPULSE BAY GARDEN(Block 7),BELLEVIEW DR|淺水灣新村7座,麗景道",6040.710900473934,2288,2110,"{'bay_window': '', 'flat_roof': '', 'roof': '', 'ac_platform': '', 'plant_room': '', 'garden': '', 'yard': ''}",13.38,12.7459,6341,6040.710900473934,6676874,4861591,ASP,HRB,淺水灣/壽臣山,1973/11,1973,53,whole floor,2.0,7,blank,REPULSE BAY GARDEN,淺水灣新村,True,POINT Z (22.238334 114.1917935 0),22.238334,114.1917935
702,1996-10-17,"REPULSE BAY GARDEN(Block 7),BELLEVIEW DR|淺水灣新村7座,麗景道",6839.810426540284,2288,2110,"{'bay_window': '', 'flat_roof': '', 'roof': '', 'ac_platform': '', 'plant_room': '', 'garden': '', 'yard': ''}",15.15,14.432,7180,6839.810426540284,6804558,4896951,ASP,HRB,淺水灣/壽臣山,1973/11,1973,53,whole floor,3.0,7,blank,REPULSE BAY GARDEN,淺水灣新村,True,POINT Z (22.238334 114.1917935 0),22.238334,114.1917935
703,1997-02-05,"REPULSE BAY GARDEN(Block 7),BELLEVIEW DR|淺水灣新村7座,麗景道",10575.01013703111,2288,2110,"{'bay_window': '', 'flat_roof': '', 'roof': '', 'ac_platform': '', 'plant_room': '', 'garden': '', 'yard': ''}",23.98,22.8435,11365,10826.303317535543,6975381,4987609,ASP,HRB,淺水灣/壽臣山,1973/11,1973,53,whole floor,6.0,7,blank,REPULSE BAY GARDEN,淺水灣新村,True,POINT Z (22.238334 114.1917935 0),22.238334,114.1917935
704,1997-09-08,"REPULSE BAY GARDEN(Block 7),BELLEVIEW DR|淺水灣新村7座,麗景道",10095.49103195204,2288,2110,"{'bay_window': '', 'flat_roof': '', 'roof': '', 'ac_platform': '', 'plant_room': '', 'garden': '', 'yard': ''}",26.8,25.5299,12701,12099.478672985782,7276816,5105937,ASP,HRB,淺水灣/壽臣山,1973/11,1973,53,whole floor,10.0,7,blank,REPULSE BAY GARDEN,淺水灣新村,True,POINT Z (22.238334 114.1917935 0),22.238334,114.1917935
705,1998-04-16,"REPULSE BAY GARDEN(Block 7),BELLEVIEW DR|淺水灣新村7座,麗景道",8936.943082700882,2288,2110,"{'bay_window': '', 'flat_roof': '', 'roof': '', 'ac_platform': '', 'plant_room': '', 'garden': '', 'yard': ''}",18.8,17.909,8910,8487.677725118483,7475939,5189804,ASP,HRB,淺水灣/壽臣山,1973/11,1973,53,whole floor,12.0,7,blank,REPULSE BAY GARDEN,淺水灣新村,True,POINT Z (22.238334 114.1917935 0),22.238334,114.1917935
706,1999-10-05,"REPULSE BAY GARDEN(Block 7),BELLEVIEW DR|淺水灣新村7座,麗景道",9849.403621073425,2288,2110,"{'bay_window': '', 'flat_roof': '', 'roof': '', 'ac_platform': '', 'plant_room': '', 'garden': '', 'yard': ''}",15.2,14.4796,7204,6862.369668246445,7913755,329149,PRO-ASP,HRB,淺水灣/壽臣山,1973/11,1973,53,whole floor,14.0,7,blank,REPULSE BAY GARDEN,淺水灣新村,True,POINT Z (22.238334 114.1917935 0),22.238334,114.1917935
707,2000-09-14,"REPULSE BAY GARDEN(Block 7),BELLEVIEW DR|淺水灣新村7座,麗景道",9019.116099680989,2288,2110,"{'bay_window': '', 'flat_roof': '', 'roof': '', 'ac_platform': '', 'plant_room': '', 'garden': '', 'yard': ''}",13.48,12.8411,6389,6085.829383886256,8201109,536710,ASP,HRB,淺水灣/壽臣山,1973/11,1973,53,whole floor,13.0,7,blank,REPULSE BAY GARDEN,淺水灣新村,True,POINT Z (22.238334 114.1917935 0),22.238334,114.1917935
708,2001-04-07,"REPULSE BAY GARDEN(Block 7),BELLEVIEW DR|淺水灣新村7座,麗景道",9724.51908646238,2288,2110,"{'bay_window': '', 'flat_roof': '', 'roof': '', 'ac_platform': '', 'plant_room': '', 'garden': '', 'yard': ''}",13.5,12.8602,6398,6094.881516587678,8370685,668540,ASP,HRB,淺水灣/壽臣山,1973/11,1973,53,whole floor,11.0,7,blank,REPULSE BAY GARDEN,淺水灣新村,True,POINT Z (22.238334 114.1917935 0),22.238334,114.1917935
709,2001-07-09,"REPULSE BAY GARDEN(Block 7),BELLEVIEW DR|淺水灣新村7座,麗景道",9780.567220509316,2288,2110,"{'bay_window': '', 'flat_roof': '', 'roof': '', 'ac_platform': '', 'plant_room': '', 'garden': '', 'yard': ''}",13.5,12.8602,6398,6094.881516587678,8466455,741799,PRO-ASP,HRB,淺水灣/壽臣山,1973/11,1973,53,whole floor,12.0,7,blank,REPULSE BAY GARDEN,淺水灣新村,True,POINT Z (22.238334 114.1917935 0),22.238334,114.1917935
710,2001-09-07,"REPULSE BAY GARDEN(Block 7),BELLEVIEW DR|淺水灣新村7座,麗景道",10063.357548855394,2288,2110,"{'bay_window': '', 'flat_roof': '', 'roof': '', 'ac_platform': '', 'plant_room': '', 'garden': '', 'yard': ''}",13.5,12.8602,6398,6094.881516587678,8505920,775643,ASP,HRB,淺水灣/壽臣山,1973/11,1973,53,whole floor,6.0,7,blank,REPULSE BAY GARDEN,淺水灣新村,True,POINT Z (22.238334 114.1917935 0),22.238334,114.1917935
711,2002-08-05,"REPULSE BAY GARDEN(Block 7),BELLEVIEW DR|淺水灣新村7座,麗景道",9190.703314379483,2288,2110,"{'bay_window': '', 'flat_roof': '', 'roof': '', 'ac_platform': '', 'plant_room': '', 'garden': '', 'yard': ''}",11.3,10.7645,5355,5101.658767772512,8769474,973930,PRO-ASP,HRB,淺水灣/壽臣山,1973/11,1973,53,whole floor,3.0,7,blank,REPULSE BAY GARDEN,淺水灣新村,True,POINT Z (22.238334 114.1917935 0),22.238334,114.1917935
712,2004-06-21,"REPULSE BAY GARDEN(Block 7),BELLEVIEW DR|淺水灣新村7座,麗景道",9685.292405401497,2288,2110,"{'bay_window': '', 'flat_roof': '', 'roof': '', 'ac_platform': '', 'plant_room': '', 'garden': '', 'yard': ''}",15.0,14.2891,7109,6772.085308056872,9272509,1377555,ASP,HRB,淺水灣/壽臣山,1973/11,1973,53,whole floor,8.0,7,blank,REPULSE BAY GARDEN,淺水灣新村,True,POINT Z (22.238334 114.1917935 0),22.238334,114.1917935
713,2004-11-01,"REPULSE BAY GARDEN(Block 7),BELLEVIEW DR|淺水灣新村7座,麗景道",12304.2010970268,2288,2110,"{'bay_window': '', 'flat_roof': '', 'roof': '', 'ac_platform': '', 'plant_room': '', 'garden': '', 'yard': ''}",19.5,18.5758,9242,8803.696682464455,9396190,1471754,ASP,HRB,淺水灣/壽臣山,1973/11,1973,53,whole floor,20.0,7,blank,REPULSE BAY GARDEN,淺水灣新村,True,POINT Z (22.238334 114.1917935 0),22.238334,114.1917935
714,2004-12-07,"REPULSE BAY GARDEN(Block 7),BELLEVIEW DR|淺水灣新村7座,麗景道",10553.75450390992,2288,2110,"{'bay_window': '', 'flat_roof': '', 'roof': '', 'ac_platform': '', 'plant_room': '', 'garden': '', 'yard': ''}",17.1,16.2896,8104,7720.189573459716,9432847,1498922,ASP,HRB,淺水灣/壽臣山,1973/11,1973,53,whole floor,12.0,7,blank,REPULSE BAY GARDEN,淺水灣新村,True,POINT Z (22.238334 114.1917935 0),22.238334,114.1917935
715,2006-06-12,"REPULSE BAY GARDEN(Block 7),BELLEVIEW DR|淺水灣新村7座,麗景道",10610.08507813791,2288,2110,"{'bay_window': '', 'flat_roof': '', 'roof': '', 'ac_platform': '', 'plant_room': '', 'garden': '', 'yard': ''}",18.0,17.1469,8531,8126.4928909952605,6070601570033,1913155,ASP,HRB,淺水灣/壽臣山,1973/11,1973,53,whole floor,1.0,7,blank,REPULSE BAY GARDEN,淺水灣新村,True,POINT Z (22.238334 114.1917935 0),22.238334,114.1917935
716,2007-06-04,"REPULSE BAY GARDEN(Block 7),BELLEVIEW DR|淺水灣新村7座,麗景道",14488.668416683717,2288,2110,"{'bay_window': '', 'flat_roof': '', 'roof': '', 'ac_platform': '', 'plant_room': '', 'garden': '', 'yard': ''}",26.7,25.4346,12654,12054.312796208533,7060801090039,2154331,ASP,HRB,淺水灣/壽臣山,1973/11,1973,53,whole floor,17.0,7,blank,REPULSE BAY GARDEN,淺水灣新村,True,POINT Z (22.238334 114.1917935 0),22.238334,114.1917935
717,2008-03-04,"REPULSE BAY GARDEN(Block 7),BELLEVIEW DR|淺水灣新村7座,麗景道",14655.215277472036,2288,2110,"{'bay_window': '', 'flat_roof': '', 'roof': '', 'ac_platform': '', 'plant_room': '', 'garden': '', 'yard': ''}",34.38,32.750600000000006,16294,15521.611374407586,8032601560698,2455758,ASP,HRB,淺水灣/壽臣山,1973/11,1973,53,whole floor,13.0,7,blank,REPULSE BAY GARDEN,淺水灣新村,True,POINT Z (22.238334 114.1917935 0),22.238334,114.1917935
718,2010-10-08,"REPULSE BAY GARDEN(Block 7),BELLEVIEW DR|淺水灣新村7座,麗景道",12882.88075063962,2288,2110,"{'bay_window': '', 'flat_roof': '', 'roof': '', 'ac_platform': '', 'plant_room': '', 'garden': '', 'yard': ''}",36.8,35.055899999999994,17441,16614.17061611374,10110202650037,3278381,PRO-ASP,HRB,淺水灣/壽臣山,1973/11,1973,53,whole floor,10.0,7,blank,REPULSE BAY GARDEN,淺水灣新村,True,POINT Z (22.238334 114.1917935 0),22.238334,114.1917935
719,2013-02-06,"REPULSE BAY GARDEN(Block 7),BELLEVIEW DR|淺水灣新村7座,麗景道",12425.092006700104,2288,2110,"{'bay_window': '', 'flat_roof': '', 'roof': '', 'ac_platform': '', 'plant_room': '', 'garden': '', 'yard': ''}",50.0,47.6303,23697,22573.6018957346,13022501140045,3934575,ASP,HRB,淺水灣/壽臣山,1973/11,1973,53,whole floor,8.0,7,blank,REPULSE BAY GARDEN,淺水灣新村,True,POINT Z (22.238334 114.1917935 0),22.238334,114.1917935
720,2013-11-28,"REPULSE BAY GARDEN(Block 7),BELLEVIEW DR|淺水灣新村7座,麗景道",3378.0627377481333,2288,2110,"{'bay_window': '', 'flat_roof': '', 'roof': '', 'ac_platform': '', 'plant_room': '', 'garden': '', 'yard': ''}",13.6,12.9555,6445,6140.047393364929,13121901230011,4073746,MEM-ASP,HRB,淺水灣/壽臣山,1973/11,1973,53,whole floor,19.0,7,blank,REPULSE BAY GARDEN,淺水灣新村,True,POINT Z (22.238334 114.1917935 0),22.238334,114.1917935
721,2016-08-03,"REPULSE BAY GARDEN(Block 7),BELLEVIEW DR|淺水灣新村7座,麗景道",11342.10854019286,2288,2110,"{'bay_window': '', 'flat_roof': '', 'roof': '', 'ac_platform': '', 'plant_room': '', 'garden': '', 'yard': ''}",50.0,47.6303,23697,22573.6018957346,16080801560023,4542860,ASP,HRB,淺水灣/壽臣山,1973/11,1973,53,whole floor,11.0,7,blank,REPULSE BAY GARDEN,淺水灣新村,True,POINT Z (22.238334 114.1917935 0),22.238334,114.1917935
722,2016-10-19,"REPULSE BAY GARDEN(Block 7),BELLEVIEW DR|淺水灣新村7座,麗景道",9983.244792013673,2288,2110,"{'bay_window': '', 'flat_roof': '', 'roof': '', 'ac_platform': '', 'plant_room': '', 'garden': '', 'yard': ''}",47.18,44.944,22360,21300.47393364929,16110101220036,4589472,ASP,HRB,淺水灣/壽臣山,1973/11,1973,53,whole floor,6.0,7,blank,REPULSE BAY GARDEN,淺水灣新村,True,POINT Z (22.238334 114.1917935 0),22.238334,114.1917935
723,2019-04-10,"REPULSE BAY GARDEN(Block 7),BELLEVIEW DR|淺水灣新村7座,麗景道",9182.76164540961,2288,2110,"{'bay_window': '', 'flat_roof': '', 'roof': '', 'ac_platform': '', 'plant_room': '', 'garden': '', 'yard': ''}",50.0,50.0,23697,23696.682464454974,19041602160012,5527602,ASP,HRB,淺水灣/壽臣山,1973/11,1973,53,whole floor,2.0,7,blank,REPULSE BAY GARDEN,淺水灣新村,False,POINT Z (22.238334 114.1917935 0),22.238334,114.1917935
724,2024-08-09,"REPULSE BAY GARDEN(Block 7),BELLEVIEW DR|淺水灣新村7座,麗景道",4767.432515984071,2288,2110,"{'bay_window': '', 'flat_roof': '', 'roof': '', 'ac_platform': '', 'plant_room': '', 'garden': '', 'yard': ''}",18.7915,18.7915,8906,8905.924170616114,24082001530017,6468137,MEM-ASP,HRB,淺水灣/壽臣山,1973/11,1973,53,whole floor,19.0,7,blank,REPULSE BAY GARDEN,淺水灣新村,False,POINT Z (22.238334 114.1917935 0),22.238334,114.1917935
725,2025-11-26,"REPULSE BAY GARDEN(Block 7),BELLEVIEW DR|淺水灣新村7座,麗景道",13320.812621903897,2288,2110,"{'bay_window': '', 'flat_roof': '', 'roof': '', 'ac_platform': '', 'plant_room': '', 'garden': '', 'yard': ''}",52.5,52.5,24882,24881.516587677725,25120900810435,6704507,ASP,HRB,淺水灣/壽臣山,1973/11,1973,53,whole floor,16.0,7,blank,REPULSE BAY GARDEN,淺水灣新村,False,POINT Z (22.238334 114.1917935 0),22.238334,114.1917935
726,1996-11-21,"REPULSE BAY GARDEN(Block 12),BELLEVIEW DR|淺水灣新村12座,麗景道",8948.05793285056,1669,1519,"{'bay_window': '', 'flat_roof': '', 'roof': '', 'ac_platform': '', 'plant_room': '', 'garden': '', 'yard': ''}",14.55,13.5921,9579,8948.05793285056,6852811,4922108,ASP,HRB,淺水灣/壽臣山,1976/12,1976,50,whole floor,7.0,12,blank,REPULSE BAY GARDEN,淺水灣新村,True,POINT Z (22.2375651 114.1924937 0),22.2375651,114.1924937
727,1996-11-14,"REPULSE BAY GARDEN(Block 12),BELLEVIEW DR|淺水灣新村12座,麗景道",8917.314022383147,1669,1519,"{'bay_window': '', 'flat_roof': '', 'roof': '', 'ac_platform': '', 'plant_room': '', 'garden': '', 'yard': ''}",14.5,13.5454,9546,8917.314022383147,6872416,4928957,SUB-ASP,HRB,淺水灣/壽臣山,1976/12,1976,50,whole floor,6.0,12,blank,REPULSE BAY GARDEN,淺水灣新村,True,POINT Z (22.2375651 114.1924937 0),22.2375651,114.1924937
728,1997-01-03,"REPULSE BAY GARDEN(Block 12),BELLEVIEW DR|淺水灣新村12座,麗景道",11059.907834101385,1669,1519,"{'bay_window': '', 'flat_roof': '', 'roof': '', 'ac_platform': '', 'plant_room': '', 'garden': '', 'yard': ''}",16.8,16.8,11060,11059.907834101385,6915557,4962413,PRO-ASP,HRB,淺水灣/壽臣山,1976/12,1976,50,whole floor,7.0,12,blank,REPULSE BAY GARDEN,淺水灣新村,False,POINT Z (22.2375651 114.1924937 0),22.2375651,114.1924937
729,1997-06-12,"REPULSE BAY GARDEN(Block 12),BELLEVIEW DR|淺水灣新村12座,麗景道",8901.26437504727,1669,1519,"{'bay_window': '', 'flat_roof': '', 'roof': '', 'ac_platform': '', 'plant_room': '', 'garden': '', 'yard': ''}",17.88,16.7029,11771,10995.984200131665,7152185,5066011,ASP,HRB,淺水灣/壽臣山,1976/12,1976,50,whole floor,1.0,12,blank,REPULSE BAY GARDEN,淺水灣新村,True,POINT Z (22.2375651 114.1924937 0),22.2375651,114.1924937
730,1997-08-29,"REPULSE BAY GARDEN(Block 12),BELLEVIEW DR|淺水灣新村12座,麗景道",9737.998558106916,1669,1519,"{'bay_window': '', 'flat_roof': '', 'roof': '', 'ac_platform': '', 'plant_room': '', 'garden': '', 'yard': ''}",19.0,17.749200000000002,12508,11684.792626728113,7291926,5113449,ASP,HRB,淺水灣/壽臣山,1976/12,1976,50,whole floor,10.0,12,blank,REPULSE BAY GARDEN,淺水灣新村,True,POINT Z (22.2375651 114.1924937 0),22.2375651,114.1924937
731,1998-01-27,"REPULSE BAY GARDEN(Block 12),BELLEVIEW DR|淺水灣新村12座,麗景道",8875.645385499938,1728,1459,"{'bay_window': '', 'flat_roof': '', 'roof': '', 'ac_platform': '', 'plant_room': '', 'garden': '', 'yard': ''}",14.0,13.0404,9596,8937.902673063742,7417823,5159881,ASP,HRB,淺水灣/壽臣山,1976/12,1976,50,whole floor,7.0,12,blank,REPULSE BAY GARDEN,淺水灣新村,True,POINT Z (22.2375651 114.1924937 0),22.2375651,114.1924937
732,1998-02-28,"REPULSE BAY GARDEN(Block 12),BELLEVIEW DR|淺水灣新村12座,麗景道",10396.775800110983,1728,1459,"{'bay_window': '', 'flat_roof': '', 'roof': '', 'ac_platform': '', 'plant_room': '', 'garden': '', 'yard': ''}",14.8,14.8,10144,10143.934201507882,7435022,5167372,ASP,HRB,淺水灣/壽臣山,1976/12,1976,50,whole floor,6.0,12,blank,REPULSE BAY GARDEN,淺水灣新村,False,POINT Z (22.2375651 114.1924937 0),22.2375651,114.1924937
733,1998-03-05,"REPULSE BAY GARDEN(Block 12),BELLEVIEW DR|淺水灣新村12座,麗景道",8980.130926260392,1728,1459,"{'bay_window': '', 'flat_roof': '', 'roof': '', 'ac_platform': '', 'plant_room': '', 'garden': '', 'yard': ''}",13.5,12.5747,9253,8618.711446196025,7444735,5174778,ASP,HRB,淺水灣/壽臣山,1976/12,1976,50,whole floor,2.0,12,blank,REPULSE BAY GARDEN,淺水灣新村,True,POINT Z (22.2375651 114.1924937 0),22.2375651,114.1924937
734,2002-09-12,"REPULSE BAY GARDEN(Block 12),BELLEVIEW DR|淺水灣新村12座,麗景道",9091.660865295597,1728,1459,"{'bay_window': '', 'flat_roof': '', 'roof': '', 'ac_platform': '', 'plant_room': '', 'garden': '', 'yard': ''}",7.66,7.135,5250,4890.335846470185,8790745,991947,ASP,HRB,淺水灣/壽臣山,1976/12,1976,50,whole floor,4.0,12,blank,REPULSE BAY GARDEN,淺水灣新村,True,POINT Z (22.2375651 114.1924937 0),22.2375651,114.1924937
735,2003-08-08,"REPULSE BAY GARDEN(Block 12),BELLEVIEW DR|淺水灣新村12座,麗景道",10441.352345086148,1728,1459,"{'bay_window': '', 'flat_roof': '', 'roof': '', 'ac_platform': '', 'plant_room': '', 'garden': '', 'yard': ''}",7.9,7.3585,5415,5043.522960932145,8991910,1147965,ASP,HRB,淺水灣/壽臣山,1976/12,1976,50,whole floor,19.0,12,blank,REPULSE BAY GARDEN,淺水灣新村,True,POINT Z (22.2375651 114.1924937 0),22.2375651,114.1924937
736,2003-09-19,"REPULSE BAY GARDEN(Block 12),BELLEVIEW DR|淺水灣新村12座,麗景道",12207.876185612018,1728,1459,"{'bay_window': '', 'flat_roof': '', 'roof': '', 'ac_platform': '', 'plant_room': '', 'garden': '', 'yard': ''}",9.75,9.0817,6683,6224.605894448252,9019680,1174506,ASP,HRB,淺水灣/壽臣山,1976/12,1976,50,whole floor,13.0,12,blank,REPULSE BAY GARDEN,淺水灣新村,True,POINT Z (22.2375651 114.1924937 0),22.2375651,114.1924937
737,2006-11-03,"REPULSE BAY GARDEN(Block 12),BELLEVIEW DR|淺水灣新村12座,麗景道",15557.047281561416,1728,1459,"{'bay_window': '', 'flat_roof': '', 'roof': '', 'ac_platform': '', 'plant_room': '', 'garden': '', 'yard': ''}",18.5,17.232,12680,11810.82933516107,6112001190016,2005305,ASP,HRB,淺水灣/壽臣山,1976/12,1976,50,whole floor,13.0,12,blank,REPULSE BAY GARDEN,淺水灣新村,True,POINT Z (22.2375651 114.1924937 0),22.2375651,114.1924937
738,2007-03-30,"REPULSE BAY GARDEN(Block 12),BELLEVIEW DR|淺水灣新村12座,麗景道",16396.793627618514,1728,1459,"{'bay_window': '', 'flat_roof': '', 'roof': '', 'ac_platform': '', 'plant_room': '', 'garden': '', 'yard': ''}",20.3,18.9086,13914,12959.972583961617,7050301910509,2121312,PRO-ASP,HRB,淺水灣/壽臣山,1976/12,1976,50,whole floor,13.0,12,blank,REPULSE BAY GARDEN,淺水灣新村,True,POINT Z (22.2375651 114.1924937 0),22.2375651,114.1924937
739,2010-03-23,"REPULSE BAY GARDEN(Block 12),BELLEVIEW DR|淺水灣新村12座,麗景道",15980.758661778696,1728,1459,"{'bay_window': '', 'flat_roof': '', 'roof': '', 'ac_platform': '', 'plant_room': '', 'garden': '', 'yard': ''}",30.38,28.2978,20822,19395.339273474983,10041402270016,3059624,PRO-ASP,HRB,淺水灣/壽臣山,1976/12,1976,50,whole floor,13.0,12,blank,REPULSE BAY GARDEN,淺水灣新村,True,POINT Z (22.2375651 114.1924937 0),22.2375651,114.1924937
740,2012-08-02,"REPULSE BAY GARDEN(Block 12),BELLEVIEW DR|淺水灣新村12座,麗景道",14763.773907561575,1728,1459,"{'bay_window': '', 'flat_roof': '', 'roof': '', 'ac_platform': '', 'plant_room': '', 'garden': '', 'yard': ''}",37.62,35.0415,25785,24017.477724468816,12080900600017,3776717,ASP,HRB,淺水灣/壽臣山,1976/12,1976,50,whole floor,19.0,12,blank,REPULSE BAY GARDEN,淺水灣新村,True,POINT Z (22.2375651 114.1924937 0),22.2375651,114.1924937
741,2017-04-03,"REPULSE BAY GARDEN(Block 12),BELLEVIEW DR|淺水灣新村12座,麗景道",11460.496481437514,1728,1459,"{'bay_window': '', 'flat_roof': '', 'roof': '', 'ac_platform': '', 'plant_room': '', 'garden': '', 'yard': ''}",40.0,37.2584,27416,25536.94311172036,17042401650257,4686857,PRO-ASP,HRB,淺水灣/壽臣山,1976/12,1976,50,whole floor,13.0,12,blank,REPULSE BAY GARDEN,淺水灣新村,True,POINT Z (22.2375651 114.1924937 0),22.2375651,114.1924937
742,2017-09-20,"REPULSE BAY GARDEN(Block 12),BELLEVIEW DR|淺水灣新村12座,麗景道",11923.07987122632,1728,1459,"{'bay_window': '', 'flat_roof': '', 'roof': '', 'ac_platform': '', 'plant_room': '', 'garden': '', 'yard': ''}",39.88,39.88,27334,27333.790267306373,17101802220303,5234442,PRE-ASP,HRB,淺水灣/壽臣山,1976/12,1976,50,whole floor,4.0,12,blank,REPULSE BAY GARDEN,淺水灣新村,False,POINT Z (22.2375651 114.1924937 0),22.2375651,114.1924937
743,2021-12-06,"REPULSE BAY GARDEN(Block 12),BELLEVIEW DR|淺水灣新村12座,麗景道",11399.530089232909,1728,1459,"{'bay_window': '', 'flat_roof': '', 'roof': '', 'ac_platform': '', 'plant_room': '', 'garden': '', 'yard': ''}",43.0,43.0,29472,29472.24126113777,21123002140051,6062553,ASP,HRB,淺水灣/壽臣山,1976/12,1976,50,whole floor,4.0,12,blank,REPULSE BAY GARDEN,淺水灣新村,False,POINT Z (22.2375651 114.1924937 0),22.2375651,114.1924937
744,2023-04-13,"REPULSE BAY GARDEN(Block 12),BELLEVIEW DR|淺水灣新村12座,麗景道",18666.937706308745,1728,1459,"{'bay_window': '', 'flat_roof': '', 'roof': '', 'ac_platform': '', 'plant_room': '', 'garden': '', 'yard': ''}",63.0,63.0,43180,43180.26045236464,23050501940014,6278755,MEM-ASP,HRB,淺水灣/壽臣山,1976/12,1976,50,whole floor,12.0,12,blank,REPULSE BAY GARDEN,淺水灣新村,False,POINT Z (22.2375651 114.1924937 0),22.2375651,114.1924937
745,2025-07-04,"REPULSE BAY GARDEN(Block 12),BELLEVIEW DR|淺水灣新村12座,麗景道",14911.840128694765,1728,1459,"{'bay_window': '', 'flat_roof': '', 'roof': '', 'ac_platform': '', 'plant_room': '', 'garden': '', 'yard': ''}",39.88,39.88,27334,27333.790267306373,25071800590103,6622142,ASP,HRB,淺水灣/壽臣山,1976/12,1976,50,whole floor,13.0,12,blank,REPULSE BAY GARDEN,淺水灣新村,False,POINT Z (22.2375651 114.1924937 0),22.2375651,114.1924937
746,1996-12-03,"GRAND GARDEN(Block 2),SOUTH BAY RD|華景園2座,南灣道",8567.802197802197,0,1820,"{'bay_window': '46', 'flat_roof': '', 'roof': '', 'ac_platform': '', 'plant_room': '', 'garden': '', 'yard': ''}",16.5,15.5934,9066,8567.802197802197,6863862,4927296,ASP,HRB,淺水灣/壽臣山,1986/12,1986,40,A,19.0,2,blank,GRAND GARDEN,華景園,True,POINT Z (22.227781 114.2010439 0),22.227781,114.2010439
747,2008-02-06,"GRAND GARDEN(Block 2),SOUTH BAY RD|華景園2座,南灣道",14371.649992955025,1820,1395,"{'bay_window': '46', 'flat_roof': '', 'roof': '', 'ac_platform': '', 'plant_room': '', 'garden': '', 'yard': ''}",22.88,21.2399,16401,15225.73476702509,8030302240508,2434469,ASP,HRB,淺水灣/壽臣山,1986/12,1986,40,A,13.0,2,blank,GRAND GARDEN,華景園,True,POINT Z (22.227781 114.2010439 0),22.227781,114.2010439
748,2009-12-14,"GRAND GARDEN(Block 2),SOUTH BAY RD|華景園2座,南灣道",12794.727273187376,1463,1124,"{'bay_window': '33', 'flat_roof': '', 'roof': '', 'ac_platform': '', 'plant_room': '', 'garden': '', 'yard': ''}",17.3,15.7609,15391,14022.153024911033,10011402340014,2972275,PRE-ASP,HRB,淺水灣/壽臣山,1986/12,1986,40,B,14.0,2,blank,GRAND GARDEN,華景園,True,POINT Z (22.227781 114.2010439 0),22.227781,114.2010439
749,2010-07-15,"GRAND GARDEN(Block 2),SOUTH BAY RD|華景園2座,南灣道",14573.41891482495,1820,1395,"{'bay_window': '46', 'flat_roof': '', 'roof': '', 'ac_platform': '', 'plant_room': '', 'garden': '', 'yard': ''}",27.38,25.4173,19627,18220.286738351253,10081301050012,3187768,PRO-ASP,HRB,淺水灣/壽臣山,1986/12,1986,40,A,15.0,2,blank,GRAND GARDEN,華景園,True,POINT Z (22.227781 114.2010439 0),22.227781,114.2010439
750,2010-07-17,"GRAND GARDEN(Block 2),SOUTH BAY RD|華景園2座,南灣道",14451.005246248227,1820,1395,"{'bay_window': '46', 'flat_roof': '', 'roof': '', 'ac_platform': '', 'plant_room': '', 'garden': '', 'yard': ''}",27.15,25.2038,19462,18067.24014336917,10081601900018,3189591,PRO-ASP,HRB,淺水灣/壽臣山,1986/12,1986,40,A,13.0,2,blank,GRAND GARDEN,華景園,True,POINT Z (22.227781 114.2010439 0),22.227781,114.2010439
751,2012-03-02,"GRAND GARDEN(Block 2),SOUTH BAY RD|華景園2座,南灣道",12221.944219239942,1820,1395,"{'bay_window': '46', 'flat_roof': '', 'roof': '', 'ac_platform': '', 'plant_room': '', 'garden': '', 'yard': ''}",27.845,25.8489,19961,18529.67741935484,12031200290378,3663787,ASP,HRB,淺水灣/壽臣山,1986/12,1986,40,A,25.0,2,blank,GRAND GARDEN,華景園,True,POINT Z (22.227781 114.2010439 0),22.227781,114.2010439
752,2013-02-05,"GRAND GARDEN(Block 2),SOUTH BAY RD|華景園2座,南灣道",12170.579575925176,1463,1124,"{'bay_window': '33', 'flat_roof': '', 'roof': '', 'ac_platform': '', 'plant_room': '', 'garden': '', 'yard': ''}",27.28,24.853,24270,22111.20996441281,13020801820055,3924414,ASP,HRB,淺水灣/壽臣山,1986/12,1986,40,B,26.0,2,blank,GRAND GARDEN,華景園,True,POINT Z (22.227781 114.2010439 0),22.227781,114.2010439
753,2013-05-08,"GRAND GARDEN(Block 2),SOUTH BAY RD|華景園2座,南灣道",12891.147453670925,1820,1395,"{'bay_window': '46', 'flat_roof': '', 'roof': '', 'ac_platform': '', 'plant_room': '', 'garden': '', 'yard': ''}",35.2,32.676700000000004,25233,23424.157706093192,13053100430108,3986615,PRE-ASP,HRB,淺水灣/壽臣山,1986/12,1986,40,A,23.0,2,blank,GRAND GARDEN,華景園,True,POINT Z (22.227781 114.2010439 0),22.227781,114.2010439
754,2013-11-13,"GRAND GARDEN(Block 2),SOUTH BAY RD|華景園2座,南灣道",12008.549023704329,1820,1395,"{'bay_window': '46', 'flat_roof': '', 'roof': '', 'ac_platform': '', 'plant_room': '', 'garden': '', 'yard': ''}",32.8,30.448699999999995,23513,21827.025089605733,13121001680091,4069750,PRO-ASP,HRB,淺水灣/壽臣山,1986/12,1986,40,A,20.0,2,blank,GRAND GARDEN,華景園,True,POINT Z (22.227781 114.2010439 0),22.227781,114.2010439
755,2014-11-03,"GRAND GARDEN(Block 2),SOUTH BAY RD|華景園2座,南灣道",9677.144307299974,1463,1124,"{'bay_window': '33', 'flat_roof': '', 'roof': '', 'ac_platform': '', 'plant_room': '', 'garden': '', 'yard': ''}",23.5,21.4093,20907,19047.419928825624,14111100710043,4239552,ASP,HRB,淺水灣/壽臣山,1986/12,1986,40,B,7.0,2,blank,GRAND GARDEN,華景園,True,POINT Z (22.227781 114.2010439 0),22.227781,114.2010439
756,2015-02-03,"GRAND GARDEN(Block 2),SOUTH BAY RD|華景園2座,南灣道",11228.676645524003,1820,1395,"{'bay_window': '46', 'flat_roof': '', 'roof': '', 'ac_platform': '', 'plant_room': '', 'garden': '', 'yard': ''}",34.5,32.0269,24731,22958.351254480283,15022600520347,4306024,ASP,HRB,淺水灣/壽臣山,1986/12,1986,40,A,13.0,2,blank,GRAND GARDEN,華景園,True,POINT Z (22.227781 114.2010439 0),22.227781,114.2010439
757,2015-02-12,"GRAND GARDEN(Block 2),SOUTH BAY RD|華景園2座,南灣道",11850.328024838853,1820,1395,"{'bay_window': '46', 'flat_roof': '', 'roof': '', 'ac_platform': '', 'plant_room': '', 'garden': '', 'yard': ''}",33.8,33.8,24229,24229.390681003584,15031002050039,4313065,PRO-ASP,HRB,淺水灣/壽臣山,1986/12,1986,40,A,15.0,2,blank,GRAND GARDEN,華景園,False,POINT Z (22.227781 114.2010439 0),22.227781,114.2010439
758,2015-02-26,"GRAND GARDEN(Block 2),SOUTH BAY RD|華景園2座,南灣道",10921.34826742419,1463,1124,"{'bay_window': '33', 'flat_roof': '', 'roof': '', 'ac_platform': '', 'plant_room': '', 'garden': '', 'yard': ''}",27.55,25.0989,24511,22329.982206405693,15031600600088,4316344,ASP,HRB,淺水灣/壽臣山,1986/12,1986,40,B,15.0,2,blank,GRAND GARDEN,華景園,True,POINT Z (22.227781 114.2010439 0),22.227781,114.2010439
759,2017-08-28,"GRAND GARDEN(Block 2),SOUTH BAY RD|華景園2座,南灣道",9758.070267977402,1463,1124,"{'bay_window': '33', 'flat_roof': '', 'roof': '', 'ac_platform': '', 'plant_room': '', 'garden': '', 'yard': ''}",27.68,25.2174,24626,22435.40925266904,17090400800017,4763647,ASP,HRB,淺水灣/壽臣山,1986/12,1986,40,B,23.0,2,blank,GRAND GARDEN,華景園,True,POINT Z (22.227781 114.2010439 0),22.227781,114.2010439
760,2017-12-06,"GRAND GARDEN(Block 2),SOUTH BAY RD|華景園2座,南灣道",10867.578246777715,1463,1124,"{'bay_window': '33', 'flat_roof': '', 'roof': '', 'ac_platform': '', 'plant_room': '', 'garden': '', 'yard': ''}",28.8,28.8,25623,25622.775800711745,17121301800031,5265124,ASP,HRB,淺水灣/壽臣山,1986/12,1986,40,B,12.0,2,blank,GRAND GARDEN,華景園,False,POINT Z (22.227781 114.2010439 0),22.227781,114.2010439
761,2019-04-12,"GRAND GARDEN(Block 2),SOUTH BAY RD|華景園2座,南灣道",12167.060440795198,1820,1395,"{'bay_window': '46', 'flat_roof': '', 'roof': '', 'ac_platform': '', 'plant_room': '', 'garden': '', 'yard': ''}",43.8,43.8,31398,31397.84946236559,19050601510010,5537321,ASP,HRB,淺水灣/壽臣山,1986/12,1986,40,A,11.0,2,blank,GRAND GARDEN,華景園,False,POINT Z (22.227781 114.2010439 0),22.227781,114.2010439
762,2020-05-26,"GRAND GARDEN(Block 2),SOUTH BAY RD|華景園2座,南灣道",11157.893245352909,1820,1395,"{'bay_window': '46', 'flat_roof': '', 'roof': '', 'ac_platform': '', 'plant_room': '', 'garden': '', 'yard': ''}",40.0,40.0,28674,28673.83512544803,20061002190025,5721036,ASP,HRB,淺水灣/壽臣山,1986/12,1986,40,A,15.0,2,blank,GRAND GARDEN,華景園,False,POINT Z (22.227781 114.2010439 0),22.227781,114.2010439
763,2020-11-04,"GRAND GARDEN(Block 2),SOUTH BAY RD|華景園2座,南灣道",11289.244195981342,1463,1124,"{'bay_window': '33', 'flat_roof': '', 'roof': '', 'ac_platform': '', 'plant_room': '', 'garden': '', 'yard': ''}",31.5,31.5,28025,28024.91103202847,20111101830010,5803548,ASP,HRB,淺水灣/壽臣山,1986/12,1986,40,B,18.0,2,blank,GRAND GARDEN,華景園,False,POINT Z (22.227781 114.2010439 0),22.227781,114.2010439
764,2023-04-12,"GRAND GARDEN(Block 2),SOUTH BAY RD|華景園2座,南灣道",10582.890950403107,1820,1395,"{'bay_window': '46', 'flat_roof': '', 'roof': '', 'ac_platform': '', 'plant_room': '', 'garden': '', 'yard': ''}",34.15,34.15,24480,24480.286738351253,23051001260030,6281051,ASP,HRB,淺水灣/壽臣山,1986/12,1986,40,A,9.0,2,blank,GRAND GARDEN,華景園,False,POINT Z (22.227781 114.2010439 0),22.227781,114.2010439
765,2024-03-22,"GRAND GARDEN(Block 2),SOUTH BAY RD|華景園2座,南灣道",12332.19081132577,1820,1395,"{'bay_window': '46', 'flat_roof': '', 'roof': '', 'ac_platform': '', 'plant_room': '', 'garden': '', 'yard': ''}",33.8,33.8,24229,24229.390681003584,24041001660047,6404202,ASP,HRB,淺水灣/壽臣山,1986/12,1986,40,A,18.0,2,blank,GRAND GARDEN,華景園,False,POINT Z (22.227781 114.2010439 0),22.227781,114.2010439
766,2024-11-01,"GRAND GARDEN(Block 2),SOUTH BAY RD|華景園2座,南灣道",12927.69923632914,1820,1395,"{'bay_window': '46', 'flat_roof': '', 'roof': '', 'ac_platform': '', 'plant_room': '', 'garden': '', 'yard': ''}",33.5,33.5,24014,24014.336917562723,24110802080056,6500948,ASP,HRB,淺水灣/壽臣山,1986/12,1986,40,A,22.0,2,blank,GRAND GARDEN,華景園,False,POINT Z (22.227781 114.2010439 0),22.227781,114.2010439
767,2024-11-20,"GRAND GARDEN(Block 2),SOUTH BAY RD|華景園2座,南灣道",12368.142105204442,1820,1395,"{'bay_window': '46', 'flat_roof': '', 'roof': '', 'ac_platform': '', 'plant_room': '', 'garden': '', 'yard': ''}",32.05,32.05,22975,22974.91039426523,24120401400018,6512869,ASP,HRB,淺水灣/壽臣山,1986/12,1986,40,A,19.0,2,blank,GRAND GARDEN,華景園,False,POINT Z (22.227781 114.2010439 0),22.227781,114.2010439
768,2025-09-08,"GRAND GARDEN(Block 2),SOUTH BAY RD|華景園2座,南灣道",14045.613077557537,1463,1124,"{'bay_window': '33', 'flat_roof': '', 'roof': '', 'ac_platform': '', 'plant_room': '', 'garden': '', 'yard': ''}",28.8,28.8,25623,25622.775800711745,25091801620035,6658531,ASP,HRB,淺水灣/壽臣山,1986/12,1986,40,B,26.0,2,blank,GRAND GARDEN,華景園,False,POINT Z (22.227781 114.2010439 0),22.227781,114.2010439
769,1997-01-06,"REPULSE BAY GARDEN(Block 4),BELLEVIEW DR|淺水灣新村4座,麗景道",7512.0,2810,2625,"{'bay_window': '', 'flat_roof': '', 'roof': '', 'ac_platform': '', 'plant_room': '', 'garden': '', 'yard': ''}",20.5,19.719,7810,7512.0,6902019,4960137,ASP,HRB,淺水灣/壽臣山,1973/11,1973,53,whole floor,1.0,4,blank,REPULSE BAY GARDEN,淺水灣新村,True,POINT Z (22.2396066 114.1925401 0),22.2396066,114.1925401
770,2007-09-06,"REPULSE BAY GARDEN(Block 4),BELLEVIEW DR|淺水灣新村4座,麗景道",17267.788342675354,2810,2625,"{'bay_window': '', 'flat_roof': '', 'roof': '', 'ac_platform': '', 'plant_room': '', 'garden': '', 'yard': ''}",40.95,39.39,15600,15005.714285714286,7091101750017,2243027,ASP,HRB,淺水灣/壽臣山,1973/11,1973,53,whole floor,17.0,4,blank,REPULSE BAY GARDEN,淺水灣新村,True,POINT Z (22.2396066 114.1925401 0),22.2396066,114.1925401
771,2009-07-30,"REPULSE BAY GARDEN(Block 4),BELLEVIEW DR|淺水灣新村4座,麗景道",17677.56211414475,2810,2625,"{'bay_window': '', 'flat_roof': '', 'roof': '', 'ac_platform': '', 'plant_room': '', 'garden': '', 'yard': ''}",50.0,48.0952,19048,18321.980952380956,9082501720019,2834219,PRO-ASP,HRB,淺水灣/壽臣山,1973/11,1973,53,whole floor,17.0,4,blank,REPULSE BAY GARDEN,淺水灣新村,True,POINT Z (22.2396066 114.1925401 0),22.2396066,114.1925401
772,2018-07-05,"REPULSE BAY GARDEN(Block 4),BELLEVIEW DR|淺水灣新村4座,麗景道",12220.271162086818,2810,2625,"{'bay_window': '', 'flat_roof': '', 'roof': '', 'ac_platform': '', 'plant_room': '', 'garden': '', 'yard': ''}",85.0,85.0,32381,32380.95238095238,18072502460017,5403138,MEM-ASP,HRB,淺水灣/壽臣山,1973/11,1973,53,whole floor,12.0,4,blank,REPULSE BAY GARDEN,淺水灣新村,False,POINT Z (22.2396066 114.1925401 0),22.2396066,114.1925401
773,2018-11-05,"REPULSE BAY GARDEN(Block 4),BELLEVIEW DR|淺水灣新村4座,麗景道",15347.216079643977,2810,2625,"{'bay_window': '', 'flat_roof': '', 'roof': '', 'ac_platform': '', 'plant_room': '', 'garden': '', 'yard': ''}",97.0,97.0,36952,36952.38095238096,18112302200015,5464555,ASP,HRB,淺水灣/壽臣山,1973/11,1973,53,whole floor,19.0,4,blank,REPULSE BAY GARDEN,淺水灣新村,False,POINT Z (22.2396066 114.1925401 0),22.2396066,114.1925401
774,2019-04-26,"REPULSE BAY GARDEN(Block 4),BELLEVIEW DR|淺水灣新村4座,麗景道",13994.738639298996,2810,2625,"{'bay_window': '', 'flat_roof': '', 'roof': '', 'ac_platform': '', 'plant_room': '', 'garden': '', 'yard': ''}",94.8,94.8,36114,36114.28571428572,19052201550159,5549071,ASP,HRB,淺水灣/壽臣山,1973/11,1973,53,whole floor,14.0,4,blank,REPULSE BAY GARDEN,淺水灣新村,False,POINT Z (22.2396066 114.1925401 0),22.2396066,114.1925401
775,2019-07-19,"REPULSE BAY GARDEN(Block 4),BELLEVIEW DR|淺水灣新村4座,麗景道",13411.363965158054,2810,2625,"{'bay_window': '', 'flat_roof': '', 'roof': '', 'ac_platform': '', 'plant_room': '', 'garden': '', 'yard': ''}",92.8,92.8,35352,35352.380952380954,19073001480049,5589650,ASP,HRB,淺水灣/壽臣山,1973/11,1973,53,whole floor,10.0,4,blank,REPULSE BAY GARDEN,淺水灣新村,False,POINT Z (22.2396066 114.1925401 0),22.2396066,114.1925401
776,2024-06-03,"REPULSE BAY GARDEN(Block 4),BELLEVIEW DR|淺水灣新村4座,麗景道",13601.171669046093,2810,2625,"{'bay_window': '', 'flat_roof': '', 'roof': '', 'ac_platform': '', 'plant_room': '', 'garden': '', 'yard': ''}",68.0,68.0,25905,25904.761904761905,24062101420011,6440091,MEM-ASP,HRB,淺水灣/壽臣山,1973/11,1973,53,whole floor,18.0,4,blank,REPULSE BAY GARDEN,淺水灣新村,False,POINT Z (22.2396066 114.1925401 0),22.2396066,114.1925401
777,2025-04-15,"REPULSE BAY GARDEN(Block 4),BELLEVIEW DR|淺水灣新村4座,麗景道",20761.46015402886,2810,2625,"{'bay_window': '', 'flat_roof': '', 'roof': '', 'ac_platform': '', 'plant_room': '', 'garden': '', 'yard': ''}",97.69,97.69,37215,37215.23809523809,25052900820060,6592237,ASP,HRB,淺水灣/壽臣山,1973/11,1973,53,whole floor,15.0,4,blank,REPULSE BAY GARDEN,淺水灣新村,False,POINT Z (22.2396066 114.1925401 0),22.2396066,114.1925401
778,1997-01-14,"SOUTH BAY GARDEN(Block B),SOUTH BAY CLOSE|南灣花園B座,南灣坊",8900.848765432098,1542,1296,"{'bay_window': '', 'flat_roof': '', 'roof': '', 'ac_platform': '', 'plant_room': '', 'garden': '', 'yard': ''}",12.5,11.5355,9645,8900.848765432098,6933945,4971714,ASP,HRB,淺水灣/壽臣山,1985/09,1985,41,2,8.0,B,blank,SOUTH BAY GARDEN,南灣花園,True,POINT Z (22.2376008 114.2005746 0),22.2376008,114.2005746
779,1997-07-04,"SOUTH BAY GARDEN(Block B),SOUTH BAY CLOSE|南灣花園B座,南灣坊",10464.243535588834,1542,1296,"{'bay_window': '', 'flat_roof': '', 'roof': '', 'ac_platform': '', 'plant_room': '', 'garden': '', 'yard': ''}",17.25,15.919,13310,12283.17901234568,7159630,5068607,ASP,HRB,淺水灣/壽臣山,1985/09,1985,41,2,9.0,B,blank,SOUTH BAY GARDEN,南灣花園,True,POINT Z (22.2376008 114.2005746 0),22.2376008,114.2005746
780,1998-08-06,"SOUTH BAY GARDEN(Block B),SOUTH BAY CLOSE|南灣花園B座,南灣坊",8590.071537646541,1542,1296,"{'bay_window': '', 'flat_roof': '', 'roof': '', 'ac_platform': '', 'plant_room': '', 'garden': '', 'yard': ''}",8.5,7.8441,6559,6052.5462962962965,7550980,14933,ASP,HRB,淺水灣/壽臣山,1985/09,1985,41,2,8.0,B,blank,SOUTH BAY GARDEN,南灣花園,True,POINT Z (22.2376008 114.2005746 0),22.2376008,114.2005746
781,2001-03-21,"SOUTH BAY GARDEN(Block B),SOUTH BAY CLOSE|南灣花園B座,南灣坊",9614.873587552214,1542,1296,"{'bay_window': '', 'flat_roof': '', 'roof': '', 'ac_platform': '', 'plant_room': '', 'garden': '', 'yard': ''}",8.5,7.8441,6559,6052.5462962962965,8358201,658968,ASP,HRB,淺水灣/壽臣山,1985/09,1985,41,2,3.0,B,blank,SOUTH BAY GARDEN,南灣花園,True,POINT Z (22.2376008 114.2005746 0),22.2376008,114.2005746
782,2002-05-21,"SOUTH BAY GARDEN(Block B),SOUTH BAY CLOSE|南灣花園B座,南灣坊",9351.145212230587,1542,1296,"{'bay_window': '', 'flat_roof': '', 'roof': '', 'ac_platform': '', 'plant_room': '', 'garden': '', 'yard': ''}",7.4,6.829000000000001,5710,5269.290123456791,8709982,928442,ASP,HRB,淺水灣/壽臣山,1985/09,1985,41,2,4.0,B,blank,SOUTH BAY GARDEN,南灣花園,True,POINT Z (22.2376008 114.2005746 0),22.2376008,114.2005746
783,2004-03-09,"SOUTH BAY GARDEN(Block B),SOUTH BAY CLOSE|南灣花園B座,南灣坊",12514.947546182666,1542,1296,"{'bay_window': '', 'flat_roof': '', 'roof': '741', 'ac_platform': '', 'plant_room': '', 'garden': '', 'yard': ''}",11.38,10.5019,8781,8103.317901234568,9172711,1298641,PRO-ASP,HRB,淺水灣/壽臣山,1985/09,1985,41,2,10.0,B,blank,SOUTH BAY GARDEN,南灣花園,True,POINT Z (22.2376008 114.2005746 0),22.2376008,114.2005746
784,2004-03-15,"SOUTH BAY GARDEN(Block B),SOUTH BAY CLOSE|南灣花園B座,南灣坊",10425.448595756869,1542,1296,"{'bay_window': '', 'flat_roof': '', 'roof': '', 'ac_platform': '', 'plant_room': '', 'garden': '', 'yard': ''}",9.48,8.7485,7315,6750.385802469136,9173941,1297591,ASP,HRB,淺水灣/壽臣山,1985/09,1985,41,2,8.0,B,blank,SOUTH BAY GARDEN,南灣花園,True,POINT Z (22.2376008 114.2005746 0),22.2376008,114.2005746
785,2004-10-28,"SOUTH BAY GARDEN(Block B),SOUTH BAY CLOSE|南灣花園B座,南灣坊",11661.248827848509,1542,1296,"{'bay_window': '', 'flat_roof': '', 'roof': '741', 'ac_platform': '', 'plant_room': '', 'garden': '', 'yard': ''}",12.0,11.0741,9259,8544.83024691358,9380062,1457230,ASP,HRB,淺水灣/壽臣山,1985/09,1985,41,2,10.0,B,blank,SOUTH BAY GARDEN,南灣花園,True,POINT Z (22.2376008 114.2005746 0),22.2376008,114.2005746
786,2004-10-30,"SOUTH BAY GARDEN(Block B),SOUTH BAY CLOSE|南灣花園B座,南灣坊",11175.38539793824,1542,1296,"{'bay_window': '', 'flat_roof': '', 'roof': '', 'ac_platform': '', 'plant_room': '', 'garden': '', 'yard': ''}",11.5,10.6127,8873,8188.811728395061,9391670,1465990,ASP,HRB,淺水灣/壽臣山,1985/09,1985,41,2,4.0,B,blank,SOUTH BAY GARDEN,南灣花園,True,POINT Z (22.2376008 114.2005746 0),22.2376008,114.2005746
787,2005-02-28,"SOUTH BAY GARDEN(Block B),SOUTH BAY CLOSE|南灣花園B座,南灣坊",9446.732427671192,1542,1296,"{'bay_window': '', 'flat_roof': '', 'roof': '', 'ac_platform': '', 'plant_room': '', 'garden': '', 'yard': ''}",10.2,9.412999999999998,7870,7263.117283950616,5032401310029,1565768,PRO-ASP,HRB,淺水灣/壽臣山,1985/09,1985,41,2,1.0,B,blank,SOUTH BAY GARDEN,南灣花園,True,POINT Z (22.2376008 114.2005746 0),22.2376008,114.2005746
788,2005-04-01,"SOUTH BAY GARDEN(Block B),SOUTH BAY CLOSE|南灣花園B座,南灣坊",11008.695471689269,1542,1296,"{'bay_window': '', 'flat_roof': '', 'roof': '', 'ac_platform': '', 'plant_room': '', 'garden': '', 'yard': ''}",11.6,10.7049,8951,8259.953703703704,5042101620039,1588673,ASP,HRB,淺水灣/壽臣山,1985/09,1985,41,2,7.0,B,blank,SOUTH BAY GARDEN,南灣花園,True,POINT Z (22.2376008 114.2005746 0),22.2376008,114.2005746
789,2007-09-07,"SOUTH BAY GARDEN(Block B),SOUTH BAY CLOSE|南灣花園B座,南灣坊",11062.004396376826,1542,1296,"{'bay_window': '', 'flat_roof': '', 'roof': '', 'ac_platform': '', 'plant_room': '', 'garden': '', 'yard': ''}",13.5,12.4583,10417,9612.885802469136,7092500820010,2256517,ASP,HRB,淺水灣/壽臣山,1985/09,1985,41,2,4.0,B,blank,SOUTH BAY GARDEN,南灣花園,True,POINT Z (22.2376008 114.2005746 0),22.2376008,114.2005746
790,2007-10-12,"SOUTH BAY GARDEN(Block B),SOUTH BAY CLOSE|南灣花園B座,南灣坊",10890.533143778048,1542,1296,"{'bay_window': '', 'flat_roof': '', 'roof': '', 'ac_platform': '', 'plant_room': '', 'garden': '', 'yard': ''}",13.8,12.7352,10648,9826.543209876543,7110501500134,2291453,ASP,HRB,淺水灣/壽臣山,1985/09,1985,41,2,7.0,B,blank,SOUTH BAY GARDEN,南灣花園,True,POINT Z (22.2376008 114.2005746 0),22.2376008,114.2005746
791,2007-11-07,"SOUTH BAY GARDEN(Block B),SOUTH BAY CLOSE|南灣花園B座,南灣坊",10782.46016597067,1542,1296,"{'bay_window': '', 'flat_roof': '', 'roof': '', 'ac_platform': '', 'plant_room': '', 'garden': '', 'yard': ''}",14.38,13.2704,11096,10239.506172839509,7112801140019,2318747,ASP,HRB,淺水灣/壽臣山,1985/09,1985,41,2,6.0,B,blank,SOUTH BAY GARDEN,南灣花園,True,POINT Z (22.2376008 114.2005746 0),22.2376008,114.2005746
792,2007-11-09,"SOUTH BAY GARDEN(Block B),SOUTH BAY CLOSE|南灣花園B座,南灣坊",10782.46016597067,1542,1296,"{'bay_window': '', 'flat_roof': '', 'roof': '', 'ac_platform': '', 'plant_room': '', 'garden': '', 'yard': ''}",14.38,13.2704,11096,10239.506172839509,7120502010594,2327532,ASP,HRB,淺水灣/壽臣山,1985/09,1985,41,2,8.0,B,blank,SOUTH BAY GARDEN,南灣花園,True,POINT Z (22.2376008 114.2005746 0),22.2376008,114.2005746
793,2007-12-27,"SOUTH BAY GARDEN(Block B),SOUTH BAY CLOSE|南灣花園B座,南灣坊",11037.372368153188,1542,1296,"{'bay_window': '', 'flat_roof': '', 'roof': '', 'ac_platform': '', 'plant_room': '', 'garden': '', 'yard': ''}",15.18,14.0087,11713,10809.182098765432,8010400190040,2362301,ASP,HRB,淺水灣/壽臣山,1985/09,1985,41,2,1.0,B,blank,SOUTH BAY GARDEN,南灣花園,True,POINT Z (22.2376008 114.2005746 0),22.2376008,114.2005746
794,2010-11-30,"SOUTH BAY GARDEN(Block B),SOUTH BAY CLOSE|南灣花園B座,南灣坊",10780.923703876775,1542,1296,"{'bay_window': '', 'flat_roof': '', 'roof': '', 'ac_platform': '', 'plant_room': '', 'garden': '', 'yard': ''}",19.8,18.2722,15278,14098.91975308642,10122302810056,3340340,PRO-ASP,HRB,淺水灣/壽臣山,1985/09,1985,41,2,5.0,B,blank,SOUTH BAY GARDEN,南灣花園,True,POINT Z (22.2376008 114.2005746 0),22.2376008,114.2005746
795,2011-01-28,"SOUTH BAY GARDEN(Block B),SOUTH BAY CLOSE|南灣花園B座,南灣坊",12163.0757777619,1542,1296,"{'bay_window': '', 'flat_roof': '', 'roof': '741', 'ac_platform': '', 'plant_room': '', 'garden': '', 'yard': ''}",23.1,21.3176,17824,16448.765432098764,11021401380031,3387112,ASP,HRB,淺水灣/壽臣山,1985/09,1985,41,2,10.0,B,blank,SOUTH BAY GARDEN,南灣花園,True,POINT Z (22.2376008 114.2005746 0),22.2376008,114.2005746
796,2012-03-12,"SOUTH BAY GARDEN(Block B),SOUTH BAY CLOSE|南灣花園B座,南灣坊",10332.774607973712,1542,1296,"{'bay_window': '', 'flat_roof': '', 'roof': '', 'ac_platform': '', 'plant_room': '', 'garden': '', 'yard': ''}",22.0,20.3025,16975,15665.50925925926,12032601320011,3675178,ASP,HRB,淺水灣/壽臣山,1985/09,1985,41,2,4.0,B,blank,SOUTH BAY GARDEN,南灣花園,True,POINT Z (22.2376008 114.2005746 0),22.2376008,114.2005746
797,2012-09-24,"SOUTH BAY GARDEN(Block B),SOUTH BAY CLOSE|南灣花園B座,南灣坊",9879.232302823611,1542,1296,"{'bay_window': '', 'flat_roof': '', 'roof': '', 'ac_platform': '', 'plant_room': '', 'garden': '', 'yard': ''}",23.28,21.4837,17963,16576.929012345678,12100901220067,3820168,ASP,HRB,淺水灣/壽臣山,1985/09,1985,41,2,3.0,B,blank,SOUTH BAY GARDEN,南灣花園,True,POINT Z (22.2376008 114.2005746 0),22.2376008,114.2005746
798,2015-05-22,"SOUTH BAY GARDEN(Block B),SOUTH BAY CLOSE|南灣花園B座,南灣坊",8480.310549409667,1542,1296,"{'bay_window': '', 'flat_roof': '', 'roof': '', 'ac_platform': '', 'plant_room': '', 'garden': '', 'yard': ''}",24.5,22.6096,18904,17445.679012345678,15061600290017,4367758,ASP,HRB,淺水灣/壽臣山,1985/09,1985,41,2,1.0,B,blank,SOUTH BAY GARDEN,南灣花園,True,POINT Z (22.2376008 114.2005746 0),22.2376008,114.2005746
799,2017-10-30,"SOUTH BAY GARDEN(Block B),SOUTH BAY CLOSE|南灣花園B座,南灣坊",9753.507242456672,1542,1296,"{'bay_window': '', 'flat_roof': '', 'roof': '', 'ac_platform': '', 'plant_room': '', 'garden': '', 'yard': ''}",29.0,29.0,22377,22376.543209876545,17110701240179,5244572,ASP,HRB,淺水灣/壽臣山,1985/09,1985,41,1,3.0,B,blank,SOUTH BAY GARDEN,南灣花園,False,POINT Z (22.2376008 114.2005746 0),22.2376008,114.2005746
800,2019-04-10,"SOUTH BAY GARDEN(Block B),SOUTH BAY CLOSE|南灣花園B座,南灣坊",8970.197718432535,1542,1296,"{'bay_window': '', 'flat_roof': '', 'roof': '', 'ac_platform': '', 'plant_room': '', 'garden': '', 'yard': ''}",30.0,30.0,23148,23148.14814814815,19050901050016,5540350,PRE-ASP,HRB,淺水灣/壽臣山,1985/09,1985,41,2,5.0,B,blank,SOUTH BAY GARDEN,南灣花園,False,POINT Z (22.2376008 114.2005746 0),22.2376008,114.2005746
801,2019-05-15,"SOUTH BAY GARDEN(Block B),SOUTH BAY CLOSE|南灣花園B座,南灣坊",7170.66837175783,1542,1296,"{'bay_window': '', 'flat_roof': '', 'roof': '', 'ac_platform': '', 'plant_room': '', 'garden': '', 'yard': ''}",24.68,24.68,19043,19043.20987654321,19052201630072,5549086,ASP,HRB,淺水灣/壽臣山,1985/09,1985,41,1,6.0,B,blank,SOUTH BAY GARDEN,南灣花園,False,POINT Z (22.2376008 114.2005746 0),22.2376008,114.2005746
802,2020-09-23,"SOUTH BAY GARDEN(Block B),SOUTH BAY CLOSE|南灣花園B座,南灣坊",9729.900207955718,1542,1296,"{'bay_window': '', 'flat_roof': '', 'roof': '', 'ac_platform': '', 'plant_room': '', 'garden': '', 'yard': ''}",32.0,32.0,24691,24691.35802469136,20101901940076,5791821,PRO-ASP,HRB,淺水灣/壽臣山,1985/09,1985,41,2,1.0,B,blank,SOUTH BAY GARDEN,南灣花園,False,POINT Z (22.2376008 114.2005746 0),22.2376008,114.2005746
803,2022-10-19,"SOUTH BAY GARDEN(Block B),SOUTH BAY CLOSE|南灣花園B座,南灣坊",10346.905166871817,1542,1296,"{'bay_window': '', 'flat_roof': '', 'roof': '', 'ac_platform': '', 'plant_room': '', 'garden': '', 'yard': ''}",30.0,30.0,23148,23148.14814814815,22111600810019,6204247,PRO-ASP,HRB,淺水灣/壽臣山,1985/09,1985,41,2,6.0,B,blank,SOUTH BAY GARDEN,南灣花園,False,POINT Z (22.2376008 114.2005746 0),22.2376008,114.2005746
804,1997-03-10,"BELGRAVIA,SOUTH BAY RD|BELGRAVIA,南灣道",11613.316115422793,0,97306,"{'bay_window': '', 'flat_roof': '960', 'roof': '', 'ac_platform': '', 'plant_room': '', 'garden': '', 'yard': ''}",1268.0,1268.0,13031,13031.056666598157,6995695,4991273,ASP,HRB,淺水灣/壽臣山,1989/04,1989,37,A,0.0,blank,blank,blank,,False,POINT Z (22.2285929 114.1996457 0),22.2285929,114.1996457
805,2008-12-21,"BELGRAVIA,SOUTH BAY RD|BELGRAVIA,南灣道",20365.71858569651,2390,1900,"{'bay_window': '', 'flat_roof': '', 'roof': '', 'ac_platform': '', 'plant_room': '', 'garden': '', 'yard': ''}",32.9,32.9,17316,17315.78947368421,8123101820013,2656593,PRO-ASP,HRB,淺水灣/壽臣山,1989/04,1989,37,A,9.0,blank,blank,blank,,False,POINT Z (22.2285929 114.1996457 0),22.2285929,114.1996457
806,2008-12-21,"BELGRAVIA,SOUTH BAY RD|BELGRAVIA,南灣道",22155.761052524005,2790,2222,"{'bay_window': '', 'flat_roof': '', 'roof': '', 'ac_platform': '', 'plant_room': '', 'garden': '', 'yard': ''}",43.83,41.8575,19725,18837.758775877588,9010600740017,2659147,PRO-ASP,HRB,淺水灣/壽臣山,1989/04,1989,37,B,15.0,blank,blank,blank,,True,POINT Z (22.2285929 114.1996457 0),22.2285929,114.1996457
807,2008-12-20,"BELGRAVIA,SOUTH BAY RD|BELGRAVIA,南灣道",19469.75077168627,2390,1900,"{'bay_window': '', 'flat_roof': '', 'roof': '', 'ac_platform': '', 'plant_room': '', 'garden': '', 'yard': ''}",33.2,31.452600000000004,17474,16554.000000000004,9010800230015,2660531,PRO-ASP,HRB,淺水灣/壽臣山,1989/04,1989,37,A,12.0,blank,blank,blank,,True,POINT Z (22.2285929 114.1996457 0),22.2285929,114.1996457
808,2008-12-22,"BELGRAVIA,SOUTH BAY RD|BELGRAVIA,南灣道",18443.479499855683,2390,1900,"{'bay_window': '', 'flat_roof': '', 'roof': '', 'ac_platform': '', 'plant_room': '', 'garden': '', 'yard': ''}",31.45,29.7947,16553,15681.421052631578,9011201450025,2662227,PRO-ASP,HRB,淺水灣/壽臣山,1989/04,1989,37,A,3.0,blank,blank,blank,,True,POINT Z (22.2285929 114.1996457 0),22.2285929,114.1996457
809,2008-12-22,"BELGRAVIA,SOUTH BAY RD|BELGRAVIA,南灣道",19688.946053797783,2790,2222,"{'bay_window': '', 'flat_roof': '', 'roof': '', 'ac_platform': '', 'plant_room': '', 'garden': '', 'yard': ''}",38.95,37.197100000000006,17529,16740.369036903692,9011201450031,2662228,PRO-ASP,HRB,淺水灣/壽臣山,1989/04,1989,37,B,8.0,blank,blank,blank,,True,POINT Z (22.2285929 114.1996457 0),22.2285929,114.1996457
810,2008-12-22,"BELGRAVIA,SOUTH BAY RD|BELGRAVIA,南灣道",16830.811716893477,2390,1900,"{'bay_window': '', 'flat_roof': '', 'roof': '', 'ac_platform': '', 'plant_room': '', 'garden': '', 'yard': ''}",28.7,27.1895,15105,14310.263157894737,9011201620027,2662229,PRO-ASP,HRB,淺水灣/壽臣山,1989/04,1989,37,A,1.0,blank,blank,blank,,True,POINT Z (22.2285929 114.1996457 0),22.2285929,114.1996457
811,2009-01-05,"BELGRAVIA,SOUTH BAY RD|BELGRAVIA,南灣道",19018.09621712484,2390,1900,"{'bay_window': '', 'flat_roof': '', 'roof': '', 'ac_platform': '', 'plant_room': '', 'garden': '', 'yard': ''}",33.0,31.2632,17368,16454.315789473683,9011401570070,2663971,ASP,HRB,淺水灣/壽臣山,1989/04,1989,37,A,10.0,blank,blank,blank,,True,POINT Z (22.2285929 114.1996457 0),22.2285929,114.1996457
812,2009-01-05,"BELGRAVIA,SOUTH BAY RD|BELGRAVIA,南灣道",18827.096101851435,2790,2222,"{'bay_window': '', 'flat_roof': '', 'roof': '', 'ac_platform': '', 'plant_room': '', 'garden': '', 'yard': ''}",37.9,36.1943,17057,16289.063906390638,9011401900096,2663974,ASP,HRB,淺水灣/壽臣山,1989/04,1989,37,B,6.0,blank,blank,blank,,True,POINT Z (22.2285929 114.1996457 0),22.2285929,114.1996457
813,2009-01-06,"BELGRAVIA,SOUTH BAY RD|BELGRAVIA,南灣道",18702.932135715557,2790,2222,"{'bay_window': '', 'flat_roof': '', 'roof': '', 'ac_platform': '', 'plant_room': '', 'garden': '', 'yard': ''}",37.65,35.9556,16944,16181.638163816382,9011502090138,2664715,ASP,HRB,淺水灣/壽臣山,1989/04,1989,37,B,5.0,blank,blank,blank,,True,POINT Z (22.2285929 114.1996457 0),22.2285929,114.1996457
814,2009-01-05,"BELGRAVIA,SOUTH BAY RD|BELGRAVIA,南灣道",18330.33620382141,2790,2222,"{'bay_window': '', 'flat_roof': '', 'roof': '', 'ac_platform': '', 'plant_room': '', 'garden': '', 'yard': ''}",36.9,35.2393,16607,15859.27092709271,9011502100033,2664716,PRO-ASP,HRB,淺水灣/壽臣山,1989/04,1989,37,B,1.0,blank,blank,blank,,True,POINT Z (22.2285929 114.1996457 0),22.2285929,114.1996457
815,2009-01-05,"BELGRAVIA,SOUTH BAY RD|BELGRAVIA,南灣道",19283.811320749548,2390,1900,"{'bay_window': '', 'flat_roof': '', 'roof': '', 'ac_platform': '', 'plant_room': '', 'garden': '', 'yard': ''}",31.7,31.7,16684,16684.21052631579,9011502210022,2664301,ASP,HRB,淺水灣/壽臣山,1989/04,1989,37,A,7.0,blank,blank,blank,,False,POINT Z (22.2285929 114.1996457 0),22.2285929,114.1996457
816,2008-12-29,"BELGRAVIA,SOUTH BAY RD|BELGRAVIA,南灣道",19663.64484425802,2790,2222,"{'bay_window': '', 'flat_roof': '', 'roof': '', 'ac_platform': '', 'plant_room': '', 'garden': '', 'yard': ''}",38.9,37.1493,17507,16718.85688568857,9011601120117,2665555,ASP,HRB,淺水灣/壽臣山,1989/04,1989,37,B,10.0,blank,blank,blank,,True,POINT Z (22.2285929 114.1996457 0),22.2285929,114.1996457
817,2009-01-06,"BELGRAVIA,SOUTH BAY RD|BELGRAVIA,南灣道",19104.53879090018,2390,1900,"{'bay_window': '', 'flat_roof': '', 'roof': '', 'ac_platform': '', 'plant_room': '', 'garden': '', 'yard': ''}",33.15,31.4053,17447,16529.105263157893,9011602040018,2665557,ASP,HRB,淺水灣/壽臣山,1989/04,1989,37,A,11.0,blank,blank,blank,,True,POINT Z (22.2285929 114.1996457 0),22.2285929,114.1996457
818,2009-01-05,"BELGRAVIA,SOUTH BAY RD|BELGRAVIA,南灣道",19882.521954878302,2390,1900,"{'bay_window': '', 'flat_roof': '', 'roof': '', 'ac_platform': '', 'plant_room': '', 'garden': '', 'yard': ''}",34.5,32.6842,18158,17202.210526315786,9012001420011,2666968,ASP,HRB,淺水灣/壽臣山,1989/04,1989,37,A,15.0,blank,blank,blank,,True,POINT Z (22.2285929 114.1996457 0),22.2285929,114.1996457
819,2009-01-05,"BELGRAVIA,SOUTH BAY RD|BELGRAVIA,南灣道",18188.83149812024,2390,1900,"{'bay_window': '', 'flat_roof': '', 'roof': '', 'ac_platform': '', 'plant_room': '', 'garden': '', 'yard': ''}",29.9,29.9,15737,15736.842105263158,9012001630017,2666521,ASP,HRB,淺水灣/壽臣山,1989/04,1989,37,A,6.0,blank,blank,blank,,False,POINT Z (22.2285929 114.1996457 0),22.2285929,114.1996457
820,2009-01-05,"BELGRAVIA,SOUTH BAY RD|BELGRAVIA,南灣道",17692.562309619687,2390,1900,"{'bay_window': '', 'flat_roof': '', 'roof': '', 'ac_platform': '', 'plant_room': '', 'garden': '', 'yard': ''}",30.7,29.0842,16158,15307.473684210529,9012001630022,2666977,ASP,HRB,淺水灣/壽臣山,1989/04,1989,37,A,2.0,blank,blank,blank,,True,POINT Z (22.2285929 114.1996457 0),22.2285929,114.1996457
821,2009-01-05,"BELGRAVIA,SOUTH BAY RD|BELGRAVIA,南灣道",18931.653643349488,2390,1900,"{'bay_window': '', 'flat_roof': '', 'roof': '', 'ac_platform': '', 'plant_room': '', 'garden': '', 'yard': ''}",32.85,31.1211,17289,16379.526315789471,9012002020096,2666991,ASP,HRB,淺水灣/壽臣山,1989/04,1989,37,A,8.0,blank,blank,blank,,True,POINT Z (22.2285929 114.1996457 0),22.2285929,114.1996457
822,2008-12-23,"BELGRAVIA,SOUTH BAY RD|BELGRAVIA,南灣道",20537.38347579123,2790,2222,"{'bay_window': '', 'flat_roof': '', 'roof': '', 'ac_platform': '', 'plant_room': '', 'garden': '', 'yard': ''}",38.8,38.8,17462,17461.746174617463,9012101030011,2667199,PRO-ASP,HRB,淺水灣/壽臣山,1989/04,1989,37,B,7.0,blank,blank,blank,,False,POINT Z (22.2285929 114.1996457 0),22.2285929,114.1996457
823,2009-01-08,"BELGRAVIA,SOUTH BAY RD|BELGRAVIA,南灣道",18727.744122245436,2790,2222,"{'bay_window': '', 'flat_roof': '', 'roof': '', 'ac_platform': '', 'plant_room': '', 'garden': '', 'yard': ''}",37.7,36.0033,16967,16203.105310531051,9012900760295,2670431,ASP,HRB,淺水灣/壽臣山,1989/04,1989,37,B,3.0,blank,blank,blank,,True,POINT Z (22.2285929 114.1996457 0),22.2285929,114.1996457
824,2009-01-12,"BELGRAVIA,SOUTH BAY RD|BELGRAVIA,南灣道",21319.257146592703,2390,1900,"{'bay_window': '', 'flat_roof': '', 'roof': '', 'ac_platform': '', 'plant_room': '', 'garden': '', 'yard': ''}",36.993,35.046,19470,18445.263157894737,9012901720069,2670453,ASP,HRB,淺水灣/壽臣山,1989/04,1989,37,A,20.0,blank,blank,blank,,True,POINT Z (22.2285929 114.1996457 0),22.2285929,114.1996457
825,2009-01-12,"BELGRAVIA,SOUTH BAY RD|BELGRAVIA,南灣道",20832.295286584504,2390,1900,"{'bay_window': '', 'flat_roof': '', 'roof': '', 'ac_platform': '', 'plant_room': '', 'garden': '', 'yard': ''}",36.148,34.2455,19025,18023.947368421053,9012901720073,2670454,ASP,HRB,淺水灣/壽臣山,1989/04,1989,37,A,17.0,blank,blank,blank,,True,POINT Z (22.2285929 114.1996457 0),22.2285929,114.1996457
826,2009-01-12,"BELGRAVIA,SOUTH BAY RD|BELGRAVIA,南灣道",20695.118647694,2390,1900,"{'bay_window': '', 'flat_roof': '', 'roof': '', 'ac_platform': '', 'plant_room': '', 'garden': '', 'yard': ''}",35.91,34.02,18900,17905.263157894737,9012901720087,2670455,ASP,HRB,淺水灣/壽臣山,1989/04,1989,37,A,16.0,blank,blank,blank,,True,POINT Z (22.2285929 114.1996457 0),22.2285929,114.1996457
827,2009-01-13,"BELGRAVIA,SOUTH BAY RD|BELGRAVIA,南灣道",18628.392142639423,2790,2222,"{'bay_window': '', 'flat_roof': '', 'roof': '', 'ac_platform': '', 'plant_room': '', 'garden': '', 'yard': ''}",37.5,35.8123,16877,16117.146714671468,9020201140168,2671641,ASP,HRB,淺水灣/壽臣山,1989/04,1989,37,B,2.0,blank,blank,blank,,True,POINT Z (22.2285929 114.1996457 0),22.2285929,114.1996457
828,2009-01-12,"BELGRAVIA,SOUTH BAY RD|BELGRAVIA,南灣道",24896.373730485568,2390,1900,"{'bay_window': '', 'flat_roof': '', 'roof': '', 'ac_platform': '', 'plant_room': '', 'garden': '', 'yard': ''}",43.2,40.926300000000005,22737,21540.157894736847,9020301550047,2672458,ASP,HRB,淺水灣/壽臣山,1989/04,1989,37,A,19.0,blank,blank,blank,,True,POINT Z (22.2285929 114.1996457 0),22.2285929,114.1996457
829,2009-01-12,"BELGRAVIA,SOUTH BAY RD|BELGRAVIA,南灣道",25930.762643680788,2790,2222,"{'bay_window': '', 'flat_roof': '', 'roof': '', 'ac_platform': '', 'plant_room': '', 'garden': '', 'yard': ''}",52.2,49.8508,23492,22435.10351035104,9020301550054,2672459,ASP,HRB,淺水灣/壽臣山,1989/04,1989,37,B,19.0,blank,blank,blank,,True,POINT Z (22.2285929 114.1996457 0),22.2285929,114.1996457
830,2009-01-19,"BELGRAVIA,SOUTH BAY RD|BELGRAVIA,南灣道",19597.099952169603,2790,2222,"{'bay_window': '', 'flat_roof': '', 'roof': '', 'ac_platform': '', 'plant_room': '', 'garden': '', 'yard': ''}",39.45,37.674600000000005,17754,16955.26552655266,9021201260010,2676917,ASP,HRB,淺水灣/壽臣山,1989/04,1989,37,B,7.0,blank,blank,blank,,True,POINT Z (22.2285929 114.1996457 0),22.2285929,114.1996457
831,2009-04-15,"BELGRAVIA,SOUTH BAY RD|BELGRAVIA,南灣道",28173.473502491302,2390,1900,"{'bay_window': '', 'flat_roof': '', 'roof': '', 'ac_platform': '', 'plant_room': '', 'garden': '', 'yard': ''}",52.0,49.2632,27368,25928.0,9050801960032,2726525,ASP,HRB,淺水灣/壽臣山,1989/04,1989,37,A,27.0,blank,blank,blank,,True,POINT Z (22.2285929 114.1996457 0),22.2285929,114.1996457
832,2009-04-15,"BELGRAVIA,SOUTH BAY RD|BELGRAVIA,南灣道",28487.759339051423,2790,2222,"{'bay_window': '', 'flat_roof': '', 'roof': '', 'ac_platform': '', 'plant_room': '', 'garden': '', 'yard': ''}",61.0,58.2547,27453,26217.23672367237,9051101530102,2728111,ASP,HRB,淺水灣/壽臣山,1989/04,1989,37,B,27.0,blank,blank,blank,,True,POINT Z (22.2285929 114.1996457 0),22.2285929,114.1996457
833,2009-05-12,"BELGRAVIA,SOUTH BAY RD|BELGRAVIA,南灣道",23156.20564914545,2790,2222,"{'bay_window': '', 'flat_roof': '', 'roof': '', 'ac_platform': '', 'plant_room': '', 'garden': '', 'yard': ''}",52.0,49.6598,23402,22349.144914491448,9060100270176,2745063,ASP,HRB,淺水灣/壽臣山,1989/04,1989,37,B,18.0,blank,blank,blank,,True,POINT Z (22.2285929 114.1996457 0),22.2285929,114.1996457
834,2009-06-02,"BELGRAVIA,SOUTH BAY RD|BELGRAVIA,南灣道",21836.276718052693,2790,2222,"{'bay_window': '', 'flat_roof': '', 'roof': '', 'ac_platform': '', 'plant_room': '', 'garden': '', 'yard': ''}",51.8,49.4688,23312,22263.186318631862,9062201670029,2766281,ASP,HRB,淺水灣/壽臣山,1989/04,1989,37,B,17.0,blank,blank,blank,,True,POINT Z (22.2285929 114.1996457 0),22.2285929,114.1996457
835,2009-06-10,"BELGRAVIA,SOUTH BAY RD|BELGRAVIA,南灣道",21920.587007632144,2790,2222,"{'bay_window': '', 'flat_roof': '', 'roof': '', 'ac_platform': '', 'plant_room': '', 'garden': '', 'yard': ''}",52.0,49.6598,23402,22349.144914491448,9062900850069,2775375,ASP,HRB,淺水灣/壽臣山,1989/04,1989,37,B,16.0,blank,blank,blank,,True,POINT Z (22.2285929 114.1996457 0),22.2285929,114.1996457
836,2009-06-16,"BELGRAVIA,SOUTH BAY RD|BELGRAVIA,南灣道",21420.53415385471,2390,1900,"{'bay_window': '', 'flat_roof': '', 'roof': '', 'ac_platform': '', 'plant_room': '', 'garden': '', 'yard': ''}",43.8,41.4947,23053,21839.315789473683,9071401030013,2789727,PRO-ASP,HRB,淺水灣/壽臣山,1989/04,1989,37,A,11.0,blank,blank,blank,,True,POINT Z (22.2285929 114.1996457 0),22.2285929,114.1996457
837,2009-07-16,"BELGRAVIA,SOUTH BAY RD|BELGRAVIA,南灣道",30229.77525890032,2790,2222,"{'bay_window': '', 'flat_roof': '', 'roof': '', 'ac_platform': '', 'plant_room': '', 'garden': '', 'yard': ''}",72.9,69.6192,32808,31331.773177317733,9072801720050,2804306,ASP,HRB,淺水灣/壽臣山,1989/04,1989,37,B,22.0,blank,blank,blank,,True,POINT Z (22.2285929 114.1996457 0),22.2285929,114.1996457
838,2009-07-16,"BELGRAVIA,SOUTH BAY RD|BELGRAVIA,南灣道",29611.88579459427,2790,2222,"{'bay_window': '', 'flat_roof': '', 'roof': '', 'ac_platform': '', 'plant_room': '', 'garden': '', 'yard': ''}",71.41,68.19619999999999,32138,30691.359135913583,9072801720064,2804307,ASP,HRB,淺水灣/壽臣山,1989/04,1989,37,B,20.0,blank,blank,blank,,True,POINT Z (22.2285929 114.1996457 0),22.2285929,114.1996457
839,2009-07-16,"BELGRAVIA,SOUTH BAY RD|BELGRAVIA,南灣道",29826.79751785609,2390,1900,"{'bay_window': '', 'flat_roof': '', 'roof': '', 'ac_platform': '', 'plant_room': '', 'garden': '', 'yard': ''}",62.0,58.7368,32632,30914.105263157893,9072801720072,2804308,ASP,HRB,淺水灣/壽臣山,1989/04,1989,37,A,22.0,blank,blank,blank,,True,POINT Z (22.2285929 114.1996457 0),22.2285929,114.1996457
840,2009-07-16,"BELGRAVIA,SOUTH BAY RD|BELGRAVIA,南灣道",30158.74916550157,2390,1900,"{'bay_window': '', 'flat_roof': '', 'roof': '', 'ac_platform': '', 'plant_room': '', 'garden': '', 'yard': ''}",62.69,59.3905,32995,31258.157894736843,9072801720085,2804309,ASP,HRB,淺水灣/壽臣山,1989/04,1989,37,A,25.0,blank,blank,blank,,True,POINT Z (22.2285929 114.1996457 0),22.2285929,114.1996457
841,2009-07-23,"BELGRAVIA,SOUTH BAY RD|BELGRAVIA,南灣道",19425.899793763525,2390,1900,"{'bay_window': '', 'flat_roof': '', 'roof': '', 'ac_platform': '', 'plant_room': '', 'garden': '', 'yard': ''}",40.38,38.2547,21253,20134.052631578947,9080401790040,2811393,ASP,HRB,淺水灣/壽臣山,1989/04,1989,37,A,9.0,blank,blank,blank,,True,POINT Z (22.2285929 114.1996457 0),22.2285929,114.1996457
842,2009-10-23,"BELGRAVIA,SOUTH BAY RD|BELGRAVIA,南灣道",21231.532554713605,2790,2222,"{'bay_window': '', 'flat_roof': '', 'roof': '', 'ac_platform': '', 'plant_room': '', 'garden': '', 'yard': ''}",54.0,51.5698,24302,23208.73087308731,9111302430074,2914535,ASP,HRB,淺水灣/壽臣山,1989/04,1989,37,B,9.0,blank,blank,blank,,True,POINT Z (22.2285929 114.1996457 0),22.2285929,114.1996457
843,2009-11-27,"BELGRAVIA,SOUTH BAY RD|BELGRAVIA,南灣道",23342.425454575885,2790,2222,"{'bay_window': '', 'flat_roof': '', 'roof': '', 'ac_platform': '', 'plant_room': '', 'garden': '', 'yard': ''}",60.0,57.2997,27003,25787.44374437444,9121803130071,2947881,ASP,HRB,淺水灣/壽臣山,1989/04,1989,37,B,11.0,blank,blank,blank,,True,POINT Z (22.2285929 114.1996457 0),22.2285929,114.1996457
844,2010-11-18,"BELGRAVIA,SOUTH BAY RD|BELGRAVIA,南灣道",25634.315280489693,2790,2222,"{'bay_window': '', 'flat_roof': '', 'roof': '', 'ac_platform': '', 'plant_room': '', 'garden': '', 'yard': ''}",78.0,74.4896,35104,33523.67236723672,10121502240049,3331774,ASP,HRB,淺水灣/壽臣山,1989/04,1989,37,B,23.0,blank,blank,blank,,True,POINT Z (22.2285929 114.1996457 0),22.2285929,114.1996457
845,2011-01-26,"BELGRAVIA,SOUTH BAY RD|BELGRAVIA,南灣道",24334.321084924733,2390,1900,"{'bay_window': '', 'flat_roof': '', 'roof': '', 'ac_platform': '', 'plant_room': '', 'garden': '', 'yard': ''}",66.0,62.5263,34737,32908.57894736842,11021803040146,3393246,ASP,HRB,淺水灣/壽臣山,1989/04,1989,37,A,21.0,blank,blank,blank,,True,POINT Z (22.2285929 114.1996457 0),22.2285929,114.1996457
846,2011-02-15,"BELGRAVIA,SOUTH BAY RD|BELGRAVIA,南灣道",23118.620311752653,2790,2222,"{'bay_window': '', 'flat_roof': '', 'roof': '', 'ac_platform': '', 'plant_room': '', 'garden': '', 'yard': ''}",76.0,72.5797,34203,32664.131413141316,11030700850127,3407893,ASP,HRB,淺水灣/壽臣山,1989/04,1989,37,B,21.0,blank,blank,blank,,True,POINT Z (22.2285929 114.1996457 0),22.2285929,114.1996457
847,2011-04-15,"BELGRAVIA,SOUTH BAY RD|BELGRAVIA,南灣道",24818.73387868371,2790,2222,"{'bay_window': '', 'flat_roof': '', 'roof': '', 'ac_platform': '', 'plant_room': '', 'garden': '', 'yard': ''}",85.61,81.7572,38528,36794.41944194419,11050501400011,3465771,ASP,HRB,淺水灣/壽臣山,1989/04,1989,37,B,25.0,blank,blank,blank,,True,POINT Z (22.2285929 114.1996457 0),22.2285929,114.1996457
848,2011-04-21,"BELGRAVIA,SOUTH BAY RD|BELGRAVIA,南灣道",26065.433571857688,2390,1900,"{'bay_window': '', 'flat_roof': '', 'roof': '', 'ac_platform': '', 'plant_room': '', 'garden': '', 'yard': ''}",77.5,73.4211,40789,38642.68421052631,11051800750069,3478806,ASP,HRB,淺水灣/壽臣山,1989/04,1989,37,A,23.0,blank,blank,blank,,True,POINT Z (22.2285929 114.1996457 0),22.2285929,114.1996457
849,2011-05-24,"BELGRAVIA,SOUTH BAY RD|BELGRAVIA,南灣道",26738.73245841848,2390,1900,"{'bay_window': '', 'flat_roof': '', 'roof': '', 'ac_platform': '', 'plant_room': '', 'garden': '', 'yard': ''}",81.2,76.9263,42737,40487.52631578947,11060701010104,3497161,ASP,HRB,淺水灣/壽臣山,1989/04,1989,37,A,28.0,blank,blank,blank,,True,POINT Z (22.2285929 114.1996457 0),22.2285929,114.1996457
850,2011-05-24,"BELGRAVIA,SOUTH BAY RD|BELGRAVIA,南灣道",28043.61478898915,2790,2222,"{'bay_window': '', 'flat_roof': '', 'roof': '', 'ac_platform': '', 'plant_room': '', 'garden': '', 'yard': ''}",98.8,94.3536,44464,42463.36633663366,11060701010117,3497162,ASP,HRB,淺水灣/壽臣山,1989/04,1989,37,B,28.0,blank,blank,blank,,True,POINT Z (22.2285929 114.1996457 0),22.2285929,114.1996457
851,2011-06-15,"BELGRAVIA,SOUTH BAY RD|BELGRAVIA,南灣道",27943.65403267612,2390,1900,"{'bay_window': '', 'flat_roof': '', 'roof': '', 'ac_platform': '', 'plant_room': '', 'garden': '', 'yard': ''}",84.3,79.86319999999999,44368,42033.263157894726,11070802980137,3525824,ASP,HRB,淺水灣/壽臣山,1989/04,1989,37,A,26.0,blank,blank,blank,,True,POINT Z (22.2285929 114.1996457 0),22.2285929,114.1996457
852,2011-07-18,"BELGRAVIA,SOUTH BAY RD|BELGRAVIA,南灣道",22295.99704879748,2790,2222,"{'bay_window': '', 'flat_roof': '', 'roof': '', 'ac_platform': '', 'plant_room': '', 'garden': '', 'yard': ''}",78.0,74.4896,35104,33523.67236723672,11072600490027,3538716,ASP,HRB,淺水灣/壽臣山,1989/04,1989,37,B,17.0,blank,blank,blank,,True,POINT Z (22.2285929 114.1996457 0),22.2285929,114.1996457
853,2011-10-27,"BELGRAVIA,SOUTH BAY RD|BELGRAVIA,南灣道",27135.249439993982,2390,1900,"{'bay_window': '', 'flat_roof': '', 'roof': '', 'ac_platform': '', 'plant_room': '', 'garden': '', 'yard': ''}",81.0,76.7368,42632,40387.78947368421,11111001940017,3604351,ASP,HRB,淺水灣/壽臣山,1989/04,1989,37,A,18.0,blank,blank,blank,,True,POINT Z (22.2285929 114.1996457 0),22.2285929,114.1996457
854,2013-10-06,"BELGRAVIA,SOUTH BAY RD|BELGRAVIA,南灣道",16170.511453372532,2790,2222,"{'bay_window': '', 'flat_roof': '', 'roof': '', 'ac_platform': '', 'plant_room': '', 'garden': '', 'yard': ''}",69.8,66.6587,31413,29999.414941494146,13103000390032,4053105,PRO-ASP,HRB,淺水灣/壽臣山,1989/04,1989,37,B,12.0,blank,blank,blank,,True,POINT Z (22.2285929 114.1996457 0),22.2285929,114.1996457
855,2014-05-15,"BELGRAVIA,SOUTH BAY RD|BELGRAVIA,南灣道",18121.326590410983,2790,2222,"{'bay_window': '', 'flat_roof': '', 'roof': '', 'ac_platform': '', 'plant_room': '', 'garden': '', 'yard': ''}",76.5,73.0572,34428,32879.02790279028,14060900610115,4147731,PRO-ASP,HRB,淺水灣/壽臣山,1989/04,1989,37,B,26.0,blank,blank,blank,,True,POINT Z (22.2285929 114.1996457 0),22.2285929,114.1996457
856,2015-11-02,"BELGRAVIA,SOUTH BAY RD|BELGRAVIA,南灣道",17900.034216539767,2390,1900,"{'bay_window': '', 'flat_roof': '', 'roof': '', 'ac_platform': '', 'plant_room': '', 'garden': '', 'yard': ''}",75.0,71.0526,39474,37396.10526315789,15112000910076,4443337,PRO-ASP,HRB,淺水灣/壽臣山,1989/04,1989,37,A,17.0,blank,blank,blank,,True,POINT Z (22.2285929 114.1996457 0),22.2285929,114.1996457
857,2017-09-06,"BELGRAVIA,SOUTH BAY RD|BELGRAVIA,南灣道",15269.066259627572,2790,2222,"{'bay_window': '', 'flat_roof': '', 'roof': '', 'ac_platform': '', 'plant_room': '', 'garden': '', 'yard': ''}",77.78,77.78,35005,35004.500450045,17100300450013,5226903,PRO-ASP,HRB,淺水灣/壽臣山,1989/04,1989,37,B,6.0,blank,blank,blank,,False,POINT Z (22.2285929 114.1996457 0),22.2285929,114.1996457
858,2017-11-09,"BELGRAVIA,SOUTH BAY RD|BELGRAVIA,南灣道",17172.42951673847,2390,1900,"{'bay_window': '', 'flat_roof': '', 'roof': '', 'ac_platform': '', 'plant_room': '', 'garden': '', 'yard': ''}",75.0,75.0,39474,39473.68421052631,17120802360015,5262852,PRO-ASP,HRB,淺水灣/壽臣山,1989/04,1989,37,A,12.0,blank,blank,blank,,False,POINT Z (22.2285929 114.1996457 0),22.2285929,114.1996457
859,2018-05-23,"BELGRAVIA,SOUTH BAY RD|BELGRAVIA,南灣道",11817.98533275466,2790,2222,"{'bay_window': '', 'flat_roof': '', 'roof': '', 'ac_platform': '', 'plant_room': '', 'garden': '', 'yard': ''}",66.3,66.3,29838,29837.98379837984,18061301360010,5374660,MEM-ASP,HRB,淺水灣/壽臣山,1989/04,1989,37,B,22.0,blank,blank,blank,,False,POINT Z (22.2285929 114.1996457 0),22.2285929,114.1996457
860,2020-11-09,"BELGRAVIA,SOUTH BAY RD|BELGRAVIA,南灣道",13221.562542473122,2790,2222,"{'bay_window': '', 'flat_roof': '', 'roof': '', 'ac_platform': '', 'plant_room': '', 'garden': '', 'yard': ''}",72.93,72.93,32822,32821.78217821782,21011500440016,5840962,PRO-ASP,HRB,淺水灣/壽臣山,1989/04,1989,37,B,28.0,blank,blank,blank,,False,POINT Z (22.2285929 114.1996457 0),22.2285929,114.1996457
861,2021-08-20,"BELGRAVIA,SOUTH BAY RD|BELGRAVIA,南灣道",15048.371795202387,2390,1900,"{'bay_window': '', 'flat_roof': '', 'roof': '', 'ac_platform': '', 'plant_room': '', 'garden': '', 'yard': ''}",73.8,73.8,38842,38842.10526315789,21090300430015,5991032,ASP,HRB,淺水灣/壽臣山,1989/04,1989,37,A,11.0,blank,blank,blank,,False,POINT Z (22.2285929 114.1996457 0),22.2285929,114.1996457
862,2022-10-11,"BELGRAVIA,SOUTH BAY RD|BELGRAVIA,南灣道",14585.868841552352,2390,1900,"{'bay_window': '', 'flat_roof': '', 'roof': '', 'ac_platform': '', 'plant_room': '', 'garden': '', 'yard': ''}",62.0,62.0,32632,32631.57894736842,22103101010065,6198834,ASP,HRB,淺水灣/壽臣山,1989/04,1989,37,A,15.0,blank,blank,blank,,False,POINT Z (22.2285929 114.1996457 0),22.2285929,114.1996457
863,2024-05-09,"BELGRAVIA,SOUTH BAY RD|BELGRAVIA,南灣道",16905.39610269162,2390,1900,"{'bay_window': '', 'flat_roof': '', 'roof': '', 'ac_platform': '', 'plant_room': '', 'garden': '', 'yard': ''}",63.0,63.0,33158,33157.89473684211,24052301710032,6426775,ASP,HRB,淺水灣/壽臣山,1989/04,1989,37,A,26.0,blank,blank,blank,,False,POINT Z (22.2285929 114.1996457 0),22.2285929,114.1996457
864,2024-05-13,"BELGRAVIA,SOUTH BAY RD|BELGRAVIA,南灣道",11472.66605057437,2790,2222,"{'bay_window': '', 'flat_roof': '', 'roof': '', 'ac_platform': '', 'plant_room': '', 'garden': '', 'yard': ''}",50.0,50.0,22502,22502.2502250225,24052801620019,6428860,ASP,HRB,淺水灣/壽臣山,1989/04,1989,37,B,1.0,blank,blank,blank,,False,POINT Z (22.2285929 114.1996457 0),22.2285929,114.1996457
865,2024-06-18,"BELGRAVIA,SOUTH BAY RD|BELGRAVIA,南灣道",15141.718420409828,2790,2222,"{'bay_window': '', 'flat_roof': '', 'roof': '', 'ac_platform': '', 'plant_room': '', 'garden': '', 'yard': ''}",64.08,64.08,28839,28838.88388838884,24070901220127,6448274,ASP,HRB,淺水灣/壽臣山,1989/04,1989,37,B,18.0,blank,blank,blank,,False,POINT Z (22.2285929 114.1996457 0),22.2285929,114.1996457
866,2025-03-13,"BELGRAVIA,SOUTH BAY RD|BELGRAVIA,南灣道",16530.836172558083,2790,2222,"{'bay_window': '', 'flat_roof': '', 'roof': '', 'ac_platform': '', 'plant_room': '', 'garden': '', 'yard': ''}",65.0,65.0,29253,29252.925292529253,25032000530017,6558330,PRE-ASP,HRB,淺水灣/壽臣山,1989/04,1989,37,B,17.0,blank,blank,blank,,False,POINT Z (22.2285929 114.1996457 0),22.2285929,114.1996457
867,1997-03-13,"MING WAI GARDEN,REPULSE BAY RD|明慧園,淺水灣道",11547.147103254263,0,1630,"{'bay_window': '', 'flat_roof': '', 'roof': '', 'ac_platform': '', 'plant_room': '', 'garden': '', 'yard': ''}",22.5,21.1196,13804,12956.80981595092,6997288,4991982,SUB-ASP,HRB,淺水灣/壽臣山,1974/00,1974,52,B,18.0,blank,blank,blank,,True,POINT Z (22.2436221 114.1912629 0),22.2436221,114.1912629
868,1997-02-21,"MING WAI GARDEN,REPULSE BAY RD|明慧園,淺水灣道",10687.386130363448,0,1630,"{'bay_window': '', 'flat_roof': '', 'roof': '', 'ac_platform': '', 'plant_room': '', 'garden': '', 'yard': ''}",19.0,17.8344,11656,10941.349693251534,7012096,5009571,ASP,HRB,淺水灣/壽臣山,1973/12,1973,53,B,18.0,blank,blank,blank,,True,POINT Z (22.2436221 114.1912629 0),22.2436221,114.1912629
869,1997-03-06,"MING WAI GARDEN,REPULSE BAY RD|明慧園,淺水灣道",11803.79168223623,0,1630,"{'bay_window': '', 'flat_roof': '', 'roof': '', 'ac_platform': '', 'plant_room': '', 'garden': '', 'yard': ''}",23.0,21.589,14110,13244.78527607362,7013823,5007632,PRO-ASP,HRB,淺水灣/壽臣山,1973/12,1973,53,B,10.0,blank,blank,blank,,True,POINT Z (22.2436221 114.1912629 0),22.2436221,114.1912629
870,1997-04-08,"MING WAI GARDEN,REPULSE BAY RD|明慧園,淺水灣道",12189.914258280727,0,1630,"{'bay_window': '', 'flat_roof': '', 'roof': '', 'ac_platform': '', 'plant_room': '', 'garden': '', 'yard': ''}",23.6,22.1521,14479,13590.245398773006,7041580,5014238,ASP,HRB,淺水灣/壽臣山,1973/12,1973,53,A,12.0,blank,blank,blank,,True,POINT Z (22.2436221 114.1912629 0),22.2436221,114.1912629
871,1997-06-13,"MING WAI GARDEN,REPULSE BAY RD|明慧園,淺水灣道",11653.989087973185,0,1630,"{'bay_window': '', 'flat_roof': '', 'roof': '', 'ac_platform': '', 'plant_room': '', 'garden': '', 'yard': ''}",25.0,23.4663,15337,14396.503067484662,7148179,5062879,ASP,HRB,淺水灣/壽臣山,1973/12,1973,53,A,5.0,blank,blank,blank,,True,POINT Z (22.2436221 114.1912629 0),22.2436221,114.1912629
872,1997-06-04,"MING WAI GARDEN,REPULSE BAY RD|明慧園,淺水灣道",11653.989087973185,0,1630,"{'bay_window': '', 'flat_roof': '', 'roof': '', 'ac_platform': '', 'plant_room': '', 'garden': '', 'yard': ''}",25.0,23.4663,15337,14396.503067484662,7177758,5076054,ASP,HRB,淺水灣/壽臣山,1973/12,1973,53,B,8.0,blank,blank,blank,,True,POINT Z (22.2436221 114.1912629 0),22.2436221,114.1912629
873,1997-06-27,"MING WAI GARDEN,REPULSE BAY RD|明慧園,淺水灣道",10954.738816909308,0,1630,"{'bay_window': '', 'flat_roof': '', 'roof': '', 'ac_platform': '', 'plant_room': '', 'garden': '', 'yard': ''}",23.5,22.0583,14417,13532.699386503067,7203149,5082668,SUB-ASP,HRB,淺水灣/壽臣山,1973/12,1973,53,B,10.0,blank,blank,blank,,True,POINT Z (22.2436221 114.1912629 0),22.2436221,114.1912629
874,1997-09-22,"MING WAI GARDEN,REPULSE BAY RD|明慧園,淺水灣道",13933.995458394173,0,1630,"{'bay_window': '', 'flat_roof': '', 'roof': '', 'ac_platform': '', 'plant_room': '', 'garden': '', 'yard': ''}",29.0,27.2209,17791,16699.938650306747,7290031,5111595,ASP,HRB,淺水灣/壽臣山,1973/12,1973,53,A,10.0,blank,blank,blank,,True,POINT Z (22.2436221 114.1912629 0),22.2436221,114.1912629
875,1998-03-06,"MING WAI GARDEN,REPULSE BAY RD|明慧園,淺水灣道",10133.546003750183,0,1630,"{'bay_window': '', 'flat_roof': '', 'roof': '', 'ac_platform': '', 'plant_room': '', 'garden': '', 'yard': ''}",16.889,15.8529,10361,9725.705521472391,7437572,5169539,ASP,HRB,淺水灣/壽臣山,1973/12,1973,53,B,18.0,blank,blank,blank,,True,POINT Z (22.2436221 114.1912629 0),22.2436221,114.1912629
876,1998-04-03,"MING WAI GARDEN,REPULSE BAY RD|明慧園,淺水灣道",10792.870671817234,0,1630,"{'bay_window': '', 'flat_roof': '', 'roof': '', 'ac_platform': '', 'plant_room': '', 'garden': '', 'yard': ''}",17.8,16.708000000000002,10920,10250.30674846626,7467990,5186570,ASP,HRB,淺水灣/壽臣山,1973/12,1973,53,A,18.0,blank,blank,blank,,True,POINT Z (22.2436221 114.1912629 0),22.2436221,114.1912629
877,1998-04-21,"MING WAI GARDEN,REPULSE BAY RD|明慧園,淺水灣道",9580.190751287995,0,1630,"{'bay_window': '', 'flat_roof': '', 'roof': '', 'ac_platform': '', 'plant_room': '', 'garden': '', 'yard': ''}",15.8,14.8307,9693,9098.588957055215,7470623,5187234,ASP,HRB,淺水灣/壽臣山,1973/12,1973,53,B,10.0,blank,blank,blank,,True,POINT Z (22.2436221 114.1912629 0),22.2436221,114.1912629
878,1998-03-30,"MING WAI GARDEN,REPULSE BAY RD|明慧園,淺水灣道",10800.128255118116,0,1630,"{'bay_window': '', 'flat_roof': '', 'roof': '', 'ac_platform': '', 'plant_room': '', 'garden': '', 'yard': ''}",18.0,16.8957,11043,10365.460122699387,7476022,5189817,ASP,HRB,淺水灣/壽臣山,1973/12,1973,53,B,17.0,blank,blank,blank,,True,POINT Z (22.2436221 114.1912629 0),22.2436221,114.1912629
879,1998-09-25,"MING WAI GARDEN,REPULSE BAY RD|明慧園,淺水灣道",10144.814114748497,0,1630,"{'bay_window': '', 'flat_roof': '', 'roof': '', 'ac_platform': '', 'plant_room': '', 'garden': '', 'yard': ''}",11.8,11.0761,7239,6795.1533742331285,7593349,49014,ASP,HRB,淺水灣/壽臣山,1973/12,1973,53,A,6.0,blank,blank,blank,,True,POINT Z (22.2436221 114.1912629 0),22.2436221,114.1912629
880,1998-11-04,"MING WAI GARDEN,REPULSE BAY RD|明慧園,淺水灣道",9312.23859303915,0,1630,"{'bay_window': '', 'flat_roof': '', 'roof': '', 'ac_platform': '', 'plant_room': '', 'garden': '', 'yard': ''}",11.5,10.7945,7055,6622.39263803681,7623586,83283,ASP,HRB,淺水灣/壽臣山,1973/12,1973,53,A,5.0,blank,blank,blank,,True,POINT Z (22.2436221 114.1912629 0),22.2436221,114.1912629
881,1998-12-28,"MING WAI GARDEN,REPULSE BAY RD|明慧園,淺水灣道",7889.562558490527,0,1630,"{'bay_window': '', 'flat_roof': '', 'roof': '', 'ac_platform': '', 'plant_room': '', 'garden': '', 'yard': ''}",10.0,9.3865,6135,5758.588957055214,7657313,118488,ASP,HRB,淺水灣/壽臣山,1973/12,1973,53,A,1.0,blank,blank,blank,,True,POINT Z (22.2436221 114.1912629 0),22.2436221,114.1912629
882,1999-04-07,"MING WAI GARDEN,REPULSE BAY RD|明慧園,淺水灣道",9197.122920667687,0,1630,"{'bay_window': '', 'flat_roof': '', 'roof': '', 'ac_platform': '', 'plant_room': '', 'garden': '', 'yard': ''}",11.8,11.0761,7239,6795.1533742331285,7742635,190433,ASP,HRB,淺水灣/壽臣山,1973/12,1973,53,B,4.0,blank,blank,blank,,True,POINT Z (22.2436221 114.1912629 0),22.2436221,114.1912629
883,1999-04-23,"MING WAI GARDEN,REPULSE BAY RD|明慧園,淺水灣道",10600.011949700294,0,1630,"{'bay_window': '', 'flat_roof': '', 'roof': '', 'ac_platform': '', 'plant_room': '', 'garden': '', 'yard': ''}",13.6,12.7656,8344,7831.656441717791,7753439,201750,ASP,HRB,淺水灣/壽臣山,1973/12,1973,53,B,17.0,blank,blank,blank,,True,POINT Z (22.2436221 114.1912629 0),22.2436221,114.1912629
884,1999-05-04,"MING WAI GARDEN,REPULSE BAY RD|明慧園,淺水灣道",12115.365267282485,0,1630,"{'bay_window': '', 'flat_roof': '', 'roof': '', 'ac_platform': '', 'plant_room': '', 'garden': '', 'yard': ''}",15.5,14.5491,9509,8925.828220858895,7767505,217155,ASP,HRB,淺水灣/壽臣山,1973/12,1973,53,B,9.0,blank,blank,blank,,True,POINT Z (22.2436221 114.1912629 0),22.2436221,114.1912629
885,1999-12-28,"MING WAI GARDEN,REPULSE BAY RD|明慧園,淺水灣道",12727.466141161533,0,1630,"{'bay_window': '', 'flat_roof': '', 'roof': '', 'ac_platform': '', 'plant_room': '', 'garden': '', 'yard': ''}",15.5,14.5491,9509,8925.828220858895,7954759,357638,ASP,HRB,淺水灣/壽臣山,1973/12,1973,53,A,6.0,blank,blank,blank,,True,POINT Z (22.2436221 114.1912629 0),22.2436221,114.1912629
886,2000-02-12,"MING WAI GARDEN,REPULSE BAY RD|明慧園,淺水灣道",10327.531950153712,0,1630,"{'bay_window': '', 'flat_roof': '', 'roof': '', 'ac_platform': '', 'plant_room': '', 'garden': '', 'yard': ''}",14.18,13.3101,8699,8165.705521472392,8015012,396810,PRO-ASP,HRB,淺水灣/壽臣山,1973/12,1973,53,A,2.0,blank,blank,blank,,True,POINT Z (22.2436221 114.1912629 0),22.2436221,114.1912629
887,2000-12-15,"MING WAI GARDEN,REPULSE BAY RD|明慧園,淺水灣道",14597.76026288426,0,1630,"{'bay_window': '', 'flat_roof': '', 'roof': '', 'ac_platform': '', 'plant_room': '', 'garden': '', 'yard': ''}",15.5,14.5491,9509,8925.828220858895,8287762,601605,PRO-ASP,HRB,淺水灣/壽臣山,1973/12,1973,53,A,12.0,blank,blank,blank,,True,POINT Z (22.2436221 114.1912629 0),22.2436221,114.1912629
888,2001-01-31,"MING WAI GARDEN,REPULSE BAY RD|明慧園,淺水灣道",9349.082017768118,0,1630,"{'bay_window': '', 'flat_roof': '', 'roof': '', 'ac_platform': '', 'plant_room': '', 'garden': '', 'yard': ''}",10.2,9.5742,6258,5873.742331288344,8314591,624377,ASP,HRB,淺水灣/壽臣山,1973/12,1973,53,A,1.0,blank,blank,blank,,True,POINT Z (22.2436221 114.1912629 0),22.2436221,114.1912629
889,2001-03-28,"MING WAI GARDEN,REPULSE BAY RD|明慧園,淺水灣道",13538.876567714942,0,1630,"{'bay_window': '', 'flat_roof': '', 'roof': '', 'ac_platform': '', 'plant_room': '', 'garden': '', 'yard': ''}",14.8,13.892,9080,8522.699386503067,8368133,666132,ASP,HRB,淺水灣/壽臣山,1973/12,1973,53,B,18.0,blank,blank,blank,,True,POINT Z (22.2436221 114.1912629 0),22.2436221,114.1912629
890,2002-02-01,"MING WAI GARDEN,REPULSE BAY RD|明慧園,淺水灣道",11220.680218067531,0,1630,"{'bay_window': '', 'flat_roof': '', 'roof': '', 'ac_platform': '', 'plant_room': '', 'garden': '', 'yard': ''}",11.38,10.6818,6982,6553.251533742331,8610416,854331,ASP,HRB,淺水灣/壽臣山,1973/12,1973,53,A,3.0,blank,blank,blank,,True,POINT Z (22.2436221 114.1912629 0),22.2436221,114.1912629
891,2002-09-09,"MING WAI GARDEN,REPULSE BAY RD|明慧園,淺水灣道",11755.035126925372,0,1630,"{'bay_window': '', 'flat_roof': '', 'roof': '', 'ac_platform': '', 'plant_room': '', 'garden': '', 'yard': ''}",10.98,10.3064,6736,6322.944785276074,8783190,986008,ASP,HRB,淺水灣/壽臣山,1973/12,1973,53,A,7.0,blank,blank,blank,,True,POINT Z (22.2436221 114.1912629 0),22.2436221,114.1912629
892,2004-02-11,"MING WAI GARDEN,REPULSE BAY RD|明慧園,淺水灣道",15351.74204844047,0,1630,"{'bay_window': '', 'flat_roof': '', 'roof': '', 'ac_platform': '', 'plant_room': '', 'garden': '', 'yard': ''}",17.3,16.2386,10614,9962.33128834356,9150878,1275577,ASP,HRB,淺水灣/壽臣山,1973/12,1973,53,B,9.0,blank,blank,blank,,True,POINT Z (22.2436221 114.1912629 0),22.2436221,114.1912629
893,2004-04-17,"MING WAI GARDEN,REPULSE BAY RD|明慧園,淺水灣道",15322.941965361471,0,1630,"{'bay_window': '', 'flat_roof': '', 'roof': '', 'ac_platform': '', 'plant_room': '', 'garden': '', 'yard': ''}",17.8,16.708000000000002,10920,10250.30674846626,9202624,1321477,ASP,HRB,淺水灣/壽臣山,1973/12,1973,53,B,4.0,blank,blank,blank,,True,POINT Z (22.2436221 114.1912629 0),22.2436221,114.1912629
894,2004-08-12,"MING WAI GARDEN,REPULSE BAY RD|明慧園,淺水灣道",11882.74412161874,0,1630,"{'bay_window': '', 'flat_roof': '', 'roof': '', 'ac_platform': '', 'plant_room': '', 'garden': '', 'yard': ''}",15.7,14.7368,9632,9040.981595092024,9315515,1415727,ASP,HRB,淺水灣/壽臣山,1973/12,1973,53,A,3.0,blank,blank,blank,,True,POINT Z (22.2436221 114.1912629 0),22.2436221,114.1912629
895,2004-11-29,"MING WAI GARDEN,REPULSE BAY RD|明慧園,淺水灣道",12796.775036388342,0,1630,"{'bay_window': '', 'flat_roof': '', 'roof': '', 'ac_platform': '', 'plant_room': '', 'garden': '', 'yard': ''}",15.9,14.9245,9755,9156.134969325154,9408512,1480765,ASP,HRB,淺水灣/壽臣山,1973/12,1973,53,B,1.0,blank,blank,blank,,True,POINT Z (22.2436221 114.1912629 0),22.2436221,114.1912629
896,2006-03-14,"MING WAI GARDEN,REPULSE BAY RD|明慧園,淺水灣道",15861.815429206968,0,1630,"{'bay_window': '', 'flat_roof': '', 'roof': '', 'ac_platform': '', 'plant_room': '', 'garden': '', 'yard': ''}",20.5,19.2423,12577,11805.092024539876,6033101820020,1848994,ASP,HRB,淺水灣/壽臣山,1973/12,1973,53,B,18.0,blank,blank,blank,,True,POINT Z (22.2436221 114.1912629 0),22.2436221,114.1912629
897,2006-11-24,"MING WAI GARDEN,REPULSE BAY RD|明慧園,淺水灣道",15321.932331103237,0,1630,"{'bay_window': '', 'flat_roof': '', 'roof': '', 'ac_platform': '', 'plant_room': '', 'garden': '', 'yard': ''}",20.2,18.9607,12393,11632.331288343556,6112901120033,2012200,ASP,HRB,淺水灣/壽臣山,1973/12,1973,53,A,18.0,blank,blank,blank,,True,POINT Z (22.2436221 114.1912629 0),22.2436221,114.1912629
898,2006-12-18,"MING WAI GARDEN,REPULSE BAY RD|明慧園,淺水灣道",15237.22003307176,0,1630,"{'bay_window': '', 'flat_roof': '', 'roof': '', 'ac_platform': '', 'plant_room': '', 'garden': '', 'yard': ''}",20.45,19.1954,12546,11776.319018404907,7010200780079,2031404,ASP,HRB,淺水灣/壽臣山,1973/12,1973,53,B,12.0,blank,blank,blank,,True,POINT Z (22.2436221 114.1912629 0),22.2436221,114.1912629
899,2007-02-14,"MING WAI GARDEN,REPULSE BAY RD|明慧園,淺水灣道",15766.904564199973,0,1630,"{'bay_window': '', 'flat_roof': '', 'roof': '', 'ac_platform': '', 'plant_room': '', 'garden': '', 'yard': ''}",21.6,20.274800000000003,13252,12438.527607361966,7022801460044,2075176,ASP,HRB,淺水灣/壽臣山,1973/12,1973,53,A,7.0,blank,blank,blank,,True,POINT Z (22.2436221 114.1912629 0),22.2436221,114.1912629
900,2007-03-01,"MING WAI GARDEN,REPULSE BAY RD|明慧園,淺水灣道",16757.135048468914,0,1630,"{'bay_window': '', 'flat_roof': '', 'roof': '', 'ac_platform': '', 'plant_room': '', 'garden': '', 'yard': ''}",23.0,21.589,14110,13244.78527607362,7031500200031,2085637,ASP,HRB,淺水灣/壽臣山,1973/12,1973,53,A,9.0,blank,blank,blank,,True,POINT Z (22.2436221 114.1912629 0),22.2436221,114.1912629
901,2008-12-31,"MING WAI GARDEN,REPULSE BAY RD|明慧園,淺水灣道",17101.518512926243,0,1630,"{'bay_window': '', 'flat_roof': '', 'roof': '', 'ac_platform': '', 'plant_room': '', 'garden': '', 'yard': ''}",25.25,23.7009,15491,14540.42944785276,9010802180128,2660524,ASP,HRB,淺水灣/壽臣山,1973/12,1973,53,A,7.0,blank,blank,blank,,True,POINT Z (22.2436221 114.1912629 0),22.2436221,114.1912629
902,2009-09-04,"MING WAI GARDEN,REPULSE BAY RD|明慧園,淺水灣道",18825.584063888786,0,1630,"{'bay_window': '', 'flat_roof': '', 'roof': '', 'ac_platform': '', 'plant_room': '', 'garden': '', 'yard': ''}",35.3,33.1344,21656,20327.8527607362,9092802870068,2868968,PRO-ASP,HRB,淺水灣/壽臣山,1973/12,1973,53,B,12.0,blank,blank,blank,,True,POINT Z (22.2436221 114.1912629 0),22.2436221,114.1912629
903,2010-03-29,"MING WAI GARDEN,REPULSE BAY RD|明慧園,淺水灣道",18552.08271702025,0,1630,"{'bay_window': '', 'flat_roof': '', 'roof': '', 'ac_platform': '', 'plant_room': '', 'garden': '', 'yard': ''}",39.1,36.7012,23988,22516.0736196319,10040101250138,3050474,PRE-ASP,HRB,淺水灣/壽臣山,1973/12,1973,53,A,18.0,blank,blank,blank,,True,POINT Z (22.2436221 114.1912629 0),22.2436221,114.1912629
904,2010-04-06,"MING WAI GARDEN,REPULSE BAY RD|明慧園,淺水灣道",18260.7356033544,0,1630,"{'bay_window': '', 'flat_roof': '', 'roof': '', 'ac_platform': '', 'plant_room': '', 'garden': '', 'yard': ''}",37.38,35.0867,22933,21525.58282208589,10043002170031,3080169,PRO-ASP,HRB,淺水灣/壽臣山,1973/12,1973,53,A,6.0,blank,blank,blank,,True,POINT Z (22.2436221 114.1912629 0),22.2436221,114.1912629
905,2010-06-14,"MING WAI GARDEN,REPULSE BAY RD|明慧園,淺水灣道",19510.704162426544,0,1630,"{'bay_window': '', 'flat_roof': '', 'roof': '', 'ac_platform': '', 'plant_room': '', 'garden': '', 'yard': ''}",40.08,37.6211,24589,23080.42944785276,10070700500324,3144735,ASP,HRB,淺水灣/壽臣山,1973/12,1973,53,A,16.0,blank,blank,blank,,True,POINT Z (22.2436221 114.1912629 0),22.2436221,114.1912629
906,2012-10-14,"MING WAI GARDEN,REPULSE BAY RD|明慧園,淺水灣道",17039.37031396488,0,1630,"{'bay_window': '', 'flat_roof': '', 'roof': '', 'ac_platform': '', 'plant_room': '', 'garden': '', 'yard': ''}",51.0,47.8712,31288,29368.83435582822,12110601730032,3845558,PRO-ASP,HRB,淺水灣/壽臣山,1973/12,1973,53,B,18.0,blank,blank,blank,,True,POINT Z (22.2436221 114.1912629 0),22.2436221,114.1912629
907,2015-12-14,"MING WAI GARDEN,REPULSE BAY RD|明慧園,淺水灣道",14268.349260646408,0,1630,"{'bay_window': '', 'flat_roof': '', 'roof': '', 'ac_platform': '', 'plant_room': '', 'garden': '', 'yard': ''}",51.0,47.8712,31288,29368.83435582822,16011302260025,4464938,ASP,HRB,淺水灣/壽臣山,1973/12,1973,53,A,13.0,blank,blank,blank,,True,POINT Z (22.2436221 114.1912629 0),22.2436221,114.1912629
908,2015-12-17,"MING WAI GARDEN,REPULSE BAY RD|明慧園,淺水灣道",14268.349260646408,0,1630,"{'bay_window': '', 'flat_roof': '', 'roof': '', 'ac_platform': '', 'plant_room': '', 'garden': '', 'yard': ''}",51.0,47.8712,31288,29368.83435582822,16011502130087,4466100,ASP,HRB,淺水灣/壽臣山,1973/12,1973,53,B,13.0,blank,blank,blank,,True,POINT Z (22.2436221 114.1912629 0),22.2436221,114.1912629
909,2016-06-18,"MING WAI GARDEN,REPULSE BAY RD|明慧園,淺水灣道",15269.981972918018,0,1630,"{'bay_window': '', 'flat_roof': '', 'roof': '', 'ac_platform': '', 'plant_room': '', 'garden': '', 'yard': ''}",51.0,47.8712,31288,29368.83435582822,16071501810013,4532971,PRO-ASP,HRB,淺水灣/壽臣山,1973/12,1973,53,B,14.0,blank,blank,blank,,True,POINT Z (22.2436221 114.1912629 0),22.2436221,114.1912629
910,2017-03-13,"MING WAI GARDEN,REPULSE BAY RD|明慧園,淺水灣道",14646.921726543093,0,1630,"{'bay_window': '', 'flat_roof': '', 'roof': '', 'ac_platform': '', 'plant_room': '', 'garden': '', 'yard': ''}",55.68,52.264,34160,32063.8036809816,17040700540089,4677008,PRO-ASP,HRB,淺水灣/壽臣山,1973/12,1973,53,A,7.0,blank,blank,blank,,True,POINT Z (22.2436221 114.1912629 0),22.2436221,114.1912629
911,2019-07-02,"MING WAI GARDEN,REPULSE BAY RD|明慧園,淺水灣道",13964.259999156397,0,1630,"{'bay_window': '', 'flat_roof': '', 'roof': '', 'ac_platform': '', 'plant_room': '', 'garden': '', 'yard': ''}",60.0,60.0,36810,36809.815950920245,20031300390016,5684429,MEM-ASP,HRB,淺水灣/壽臣山,1973/12,1973,53,A,6.0,blank,blank,blank,,False,POINT Z (22.2436221 114.1912629 0),22.2436221,114.1912629
912,2023-03-01,"MING WAI GARDEN,REPULSE BAY RD|明慧園,淺水灣道",16111.663663009567,0,1630,"{'bay_window': '', 'flat_roof': '', 'roof': '', 'ac_platform': '', 'plant_room': '', 'garden': '', 'yard': ''}",59.8,59.8,36687,36687.11656441718,23032201000012,6257412,PRO-ASP,HRB,淺水灣/壽臣山,1973/12,1973,53,B,11.0,blank,blank,blank,,False,POINT Z (22.2436221 114.1912629 0),22.2436221,114.1912629
913,2025-08-20,"MING WAI GARDEN,REPULSE BAY RD|明慧園,淺水灣道",16384.20782545152,0,1630,"{'bay_window': '', 'flat_roof': '', 'roof': '', 'ac_platform': '', 'plant_room': '', 'garden': '', 'yard': ''}",50.0,50.0,30675,30674.84662576687,25091501490013,6655965,PRO-ASP,HRB,淺水灣/壽臣山,1973/12,1973,53,A,6.0,blank,blank,blank,,False,POINT Z (22.2436221 114.1912629 0),22.2436221,114.1912629
914,1997-04-22,"THE BEACHSIDE(Block A),REPULSE BAY RD|THE BEACHSIDEA座,淺水灣道",11777.752933937423,950,706,"{'bay_window': '9', 'flat_roof': '', 'roof': '', 'ac_platform': '', 'plant_room': '695', 'garden': '', 'yard': ''}",10.8,9.2703,15297,13130.736543909348,7047175,5017185,ASP,HRB,淺水灣/壽臣山,1993/12,1993,33,F,1.0,A,blank,THE BEACHSIDE,THE BEACHSIDE,True,POINT Z (22.238053 114.198463 0),22.238053,114.198463
915,1997-06-18,"THE BEACHSIDE(Block A),REPULSE BAY RD|THE BEACHSIDEA座,淺水灣道",12085.93418298011,969,721,"{'bay_window': '23', 'flat_roof': '', 'roof': '', 'ac_platform': '', 'plant_room': '', 'garden': '', 'yard': ''}",12.498,10.7646,17334,14930.09708737864,7165185,5071476,ASP,HRB,淺水灣/壽臣山,1993/12,1993,33,C,2.0,A,blank,THE BEACHSIDE,THE BEACHSIDE,True,POINT Z (22.238053 114.198463 0),22.238053,114.198463
916,1997-08-21,"THE BEACHSIDE(Block A),REPULSE BAY RD|THE BEACHSIDEA座,淺水灣道",12345.0489809926,969,721,"{'bay_window': '23', 'flat_roof': '', 'roof': '731', 'ac_platform': '', 'plant_room': '', 'garden': '', 'yard': ''}",12.4,10.6802,17198,14813.037447988903,7253005,5098739,ASP,HRB,淺水灣/壽臣山,1993/12,1993,33,C,4.0,A,blank,THE BEACHSIDE,THE BEACHSIDE,True,POINT Z (22.238053 114.198463 0),22.238053,114.198463
917,1997-09-26,"THE BEACHSIDE(Block A),REPULSE BAY RD|THE BEACHSIDEA座,淺水灣道",10883.0026981553,929,688,"{'bay_window': '20', 'flat_roof': '', 'roof': '', 'ac_platform': '', 'plant_room': '', 'garden': '', 'yard': ''}",10.5,8.9738,15262,13043.313953488372,7322169,5127858,ASP,HRB,淺水灣/壽臣山,1993/12,1993,33,F,3.0,A,blank,THE BEACHSIDE,THE BEACHSIDE,True,POINT Z (22.238053 114.198463 0),22.238053,114.198463
918,1997-09-19,"THE BEACHSIDE(Block A),REPULSE BAY RD|THE BEACHSIDEA座,淺水灣道",14090.008926142396,1135,864,"{'bay_window': '29', 'flat_roof': '', 'roof': '881', 'ac_platform': '', 'plant_room': '', 'garden': '', 'yard': ''}",16.5,14.5903,19097,16886.921296296296,7336359,5130673,ASP,HRB,淺水灣/壽臣山,1993/12,1993,33,A,4.0,A,blank,THE BEACHSIDE,THE BEACHSIDE,True,POINT Z (22.238053 114.198463 0),22.238053,114.198463
919,1998-03-18,"THE BEACHSIDE(Block A),REPULSE BAY RD|THE BEACHSIDEA座,淺水灣道",11149.62024984578,917,677,"{'bay_window': '23', 'flat_roof': '', 'roof': '', 'ac_platform': '', 'plant_room': '', 'garden': '', 'yard': ''}",8.5,7.2445,12555,10700.886262924669,7450146,5178123,ASP,HRB,淺水灣/壽臣山,1993/12,1993,33,D,3.0,A,blank,THE BEACHSIDE,THE BEACHSIDE,True,POINT Z (22.238053 114.198463 0),22.238053,114.198463
920,1998-08-27,"THE BEACHSIDE(Block A),REPULSE BAY RD|THE BEACHSIDEA座,淺水灣道",8815.229128952265,928,688,"{'bay_window': '23', 'flat_roof': '', 'roof': '', 'ac_platform': '', 'plant_room': '', 'garden': '', 'yard': ''}",5.0,4.2733,7267,6211.191860465116,7564267,25129,ASP,HRB,淺水灣/壽臣山,1993/12,1993,33,E,2.0,A,blank,THE BEACHSIDE,THE BEACHSIDE,True,POINT Z (22.238053 114.198463 0),22.238053,114.198463
921,1998-08-27,"THE BEACHSIDE(Block A),REPULSE BAY RD|THE BEACHSIDEA座,淺水灣道",8526.387905821204,1161,886,"{'bay_window': '32', 'flat_roof': '', 'roof': '934', 'ac_platform': '', 'plant_room': '', 'garden': '', 'yard': ''}",6.0,5.3228,6772,6007.674943566592,7566463,26656,ASP,HRB,淺水灣/壽臣山,1993/12,1993,33,B,4.0,A,blank,THE BEACHSIDE,THE BEACHSIDE,True,POINT Z (22.238053 114.198463 0),22.238053,114.198463
922,1999-05-05,"THE BEACHSIDE(Block A),REPULSE BAY RD|THE BEACHSIDEA座,淺水灣道",11460.550911400122,1135,864,"{'bay_window': '29', 'flat_roof': '', 'roof': '881', 'ac_platform': '', 'plant_room': '', 'garden': '', 'yard': ''}",8.25,7.2951,9549,8443.402777777777,7771408,222364,ASP,HRB,淺水灣/壽臣山,1993/12,1993,33,A,4.0,A,blank,THE BEACHSIDE,THE BEACHSIDE,True,POINT Z (22.238053 114.198463 0),22.238053,114.198463
923,1999-10-30,"THE BEACHSIDE(Block A),REPULSE BAY RD|THE BEACHSIDEA座,淺水灣道",10341.089722760778,929,688,"{'bay_window': '20', 'flat_roof': '', 'roof': '', 'ac_platform': '', 'plant_room': '', 'garden': '', 'yard': ''}",5.8,4.957,8430,7204.941860465116,7915228,329880,ASP,HRB,淺水灣/壽臣山,1993/12,1993,33,F,2.0,A,blank,THE BEACHSIDE,THE BEACHSIDE,True,POINT Z (22.238053 114.198463 0),22.238053,114.198463
924,2001-03-12,"THE BEACHSIDE(Block A),REPULSE BAY RD|THE BEACHSIDEA座,淺水灣道",14548.173756670176,917,677,"{'bay_window': '23', 'flat_roof': '', 'roof': '713', 'ac_platform': '', 'plant_room': '', 'garden': '', 'yard': ''}",6.2,6.2,9158,9158.05022156573,8352964,655095,ASP,HRB,淺水灣/壽臣山,1993/12,1993,33,D,4.0,A,blank,THE BEACHSIDE,THE BEACHSIDE,False,POINT Z (22.238053 114.198463 0),22.238053,114.198463
925,2001-03-06,"THE BEACHSIDE(Block A),REPULSE BAY RD|THE BEACHSIDEA座,淺水灣道",10057.76449029006,969,721,"{'bay_window': '23', 'flat_roof': '', 'roof': '', 'ac_platform': '', 'plant_room': '', 'garden': '', 'yard': ''}",5.3,4.5649,7351,6331.3453536754505,8354560,656370,ASP,HRB,淺水灣/壽臣山,1993/12,1993,33,C,2.0,A,blank,THE BEACHSIDE,THE BEACHSIDE,True,POINT Z (22.238053 114.198463 0),22.238053,114.198463
926,2002-03-27,"THE BEACHSIDE(Block A),REPULSE BAY RD|THE BEACHSIDEA座,淺水灣道",10365.404706859168,969,721,"{'bay_window': '23', 'flat_roof': '', 'roof': '', 'ac_platform': '', 'plant_room': '', 'garden': '', 'yard': ''}",4.9,4.220400000000001,6796,5853.53675450763,8660561,889926,ASP,HRB,淺水灣/壽臣山,1993/12,1993,33,C,3.0,A,blank,THE BEACHSIDE,THE BEACHSIDE,True,POINT Z (22.238053 114.198463 0),22.238053,114.198463
927,2004-01-07,"THE BEACHSIDE(Block A),REPULSE BAY RD|THE BEACHSIDEA座,淺水灣道",13905.374881038608,1161,886,"{'bay_window': '32', 'flat_roof': '', 'roof': '934', 'ac_platform': '', 'plant_room': '', 'garden': '', 'yard': ''}",8.4,7.4519,9481,8410.722347629797,9120806,1253060,ASP,HRB,淺水灣/壽臣山,1993/12,1993,33,B,4.0,A,blank,THE BEACHSIDE,THE BEACHSIDE,True,POINT Z (22.238053 114.198463 0),22.238053,114.198463
928,2004-02-27,"THE BEACHSIDE(Block A),REPULSE BAY RD|THE BEACHSIDEA座,淺水灣道",11293.941675723856,929,688,"{'bay_window': '20', 'flat_roof': '', 'roof': '', 'ac_platform': '', 'plant_room': '', 'garden': '', 'yard': ''}",5.9,5.042400000000001,8576,7329.069767441862,9158650,1285256,ASP,HRB,淺水灣/壽臣山,1993/12,1993,33,F,2.0,A,blank,THE BEACHSIDE,THE BEACHSIDE,True,POINT Z (22.238053 114.198463 0),22.238053,114.198463
929,2004-03-24,"THE BEACHSIDE(Block A),REPULSE BAY RD|THE BEACHSIDEA座,淺水灣道",12547.008073813702,917,677,"{'bay_window': '23', 'flat_roof': '', 'roof': '', 'ac_platform': '', 'plant_room': '', 'garden': '', 'yard': ''}",5.5,5.5,8124,8124.076809453471,9189853,1311469,ASP,HRB,淺水灣/壽臣山,1993/12,1993,33,D,2.0,A,blank,THE BEACHSIDE,THE BEACHSIDE,False,POINT Z (22.238053 114.198463 0),22.238053,114.198463
930,2004-08-12,"THE BEACHSIDE(Block A),REPULSE BAY RD|THE BEACHSIDEA座,淺水灣道",11265.519257571354,929,688,"{'bay_window': '20', 'flat_roof': '', 'roof': '', 'ac_platform': '', 'plant_room': '', 'garden': '', 'yard': ''}",6.9,5.8971,10029,8571.366279069767,9304676,1398281,PRO-ASP,HRB,淺水灣/壽臣山,1993/12,1993,33,F,2.0,A,blank,THE BEACHSIDE,THE BEACHSIDE,True,POINT Z (22.238053 114.198463 0),22.238053,114.198463
931,2005-01-18,"THE BEACHSIDE(Block A),REPULSE BAY RD|THE BEACHSIDEA座,淺水灣道",11842.789704441377,928,688,"{'bay_window': '23', 'flat_roof': '', 'roof': '', 'ac_platform': '', 'plant_room': '', 'garden': '', 'yard': ''}",7.18,6.1364,10436,8919.186046511628,9476204,1530459,ASP,HRB,淺水灣/壽臣山,1993/12,1993,33,E,3.0,A,blank,THE BEACHSIDE,THE BEACHSIDE,True,POINT Z (22.238053 114.198463 0),22.238053,114.198463
932,2005-10-13,"THE BEACHSIDE(Block A),REPULSE BAY RD|THE BEACHSIDEA座,淺水灣道",13016.36030877847,969,721,"{'bay_window': '23', 'flat_roof': '', 'roof': '', 'ac_platform': '', 'plant_room': '', 'garden': '', 'yard': ''}",8.33,7.1747,11553,9951.040221914009,5110100770060,1757916,ASP,HRB,淺水灣/壽臣山,1993/12,1993,33,C,2.0,A,blank,THE BEACHSIDE,THE BEACHSIDE,True,POINT Z (22.238053 114.198463 0),22.238053,114.198463
933,2005-12-31,"THE BEACHSIDE(Block A),REPULSE BAY RD|THE BEACHSIDEA座,淺水灣道",15529.51988918552,1161,886,"{'bay_window': '32', 'flat_roof': '', 'roof': '934', 'ac_platform': '', 'plant_room': '', 'garden': '', 'yard': ''}",11.28,10.0069,12731,11294.469525959368,6010900100039,1797974,ASP,HRB,淺水灣/壽臣山,1993/12,1993,33,B,4.0,A,blank,THE BEACHSIDE,THE BEACHSIDE,True,POINT Z (22.238053 114.198463 0),22.238053,114.198463
934,2006-01-10,"THE BEACHSIDE(Block A),REPULSE BAY RD|THE BEACHSIDEA座,淺水灣道",10901.820448961444,929,688,"{'bay_window': '20', 'flat_roof': '', 'roof': '', 'ac_platform': '', 'plant_room': '', 'garden': '', 'yard': ''}",6.5,5.5552,9448,8074.418604651163,6011901570011,1804754,ASP,HRB,淺水灣/壽臣山,1993/12,1993,33,F,2.0,A,blank,THE BEACHSIDE,THE BEACHSIDE,True,POINT Z (22.238053 114.198463 0),22.238053,114.198463
935,2007-03-22,"THE BEACHSIDE(Block A),REPULSE BAY RD|THE BEACHSIDEA座,淺水灣道",12620.112407297507,969,721,"{'bay_window': '8', 'flat_roof': '', 'roof': '', 'ac_platform': '', 'plant_room': '210', 'garden': '', 'yard': ''}",8.35,7.1919,11581,9974.8959778086,7042100720019,2112245,PRO-ASP,HRB,淺水灣/壽臣山,1993/12,1993,33,C,1.0,A,blank,THE BEACHSIDE,THE BEACHSIDE,True,POINT Z (22.238053 114.198463 0),22.238053,114.198463
936,2007-05-18,"THE BEACHSIDE(Block A),REPULSE BAY RD|THE BEACHSIDEA座,淺水灣道",15614.232267494992,1161,886,"{'bay_window': '32', 'flat_roof': '', 'roof': '934', 'ac_platform': '', 'plant_room': '', 'garden': '', 'yard': ''}",13.0,11.5327,14673,13016.591422121895,7060101620049,2147570,PRO-ASP,HRB,淺水灣/壽臣山,1993/12,1993,33,B,4.0,A,blank,THE BEACHSIDE,THE BEACHSIDE,True,POINT Z (22.238053 114.198463 0),22.238053,114.198463
937,2007-10-22,"THE BEACHSIDE(Block A),REPULSE BAY RD|THE BEACHSIDEA座,淺水灣道",10325.50232547646,929,688,"{'bay_window': '20', 'flat_roof': '', 'roof': '', 'ac_platform': '', 'plant_room': '', 'garden': '', 'yard': ''}",7.5,6.4099,10901,9316.71511627907,7110701900066,2294251,ASP,HRB,淺水灣/壽臣山,1993/12,1993,33,F,3.0,A,blank,THE BEACHSIDE,THE BEACHSIDE,True,POINT Z (22.238053 114.198463 0),22.238053,114.198463
938,2007-11-01,"THE BEACHSIDE(Block A),REPULSE BAY RD|THE BEACHSIDEA座,淺水灣道",11118.75447215136,928,688,"{'bay_window': '23', 'flat_roof': '', 'roof': '', 'ac_platform': '', 'plant_room': '', 'garden': '', 'yard': ''}",8.5,7.2645,12355,10558.866279069767,7111900010046,2305836,ASP,HRB,淺水灣/壽臣山,1993/12,1993,33,E,3.0,A,blank,THE BEACHSIDE,THE BEACHSIDE,True,POINT Z (22.238053 114.198463 0),22.238053,114.198463
939,2007-12-21,"THE BEACHSIDE(Block A),REPULSE BAY RD|THE BEACHSIDEA座,淺水灣道",12340.810051815688,917,677,"{'bay_window': '23', 'flat_roof': '', 'roof': '', 'ac_platform': '', 'plant_room': '', 'garden': '', 'yard': ''}",9.6,8.182,14180,12085.672082717872,8011601910024,2377803,ASP,HRB,淺水灣/壽臣山,1993/12,1993,33,D,3.0,A,blank,THE BEACHSIDE,THE BEACHSIDE,True,POINT Z (22.238053 114.198463 0),22.238053,114.198463
940,2007-04-22,"THE BEACHSIDE(Block A),REPULSE BAY RD|THE BEACHSIDEA座,淺水灣道",13609.419775876762,929,688,"{'bay_window': '20', 'flat_roof': '', 'roof': '', 'ac_platform': '', 'plant_room': '', 'garden': '', 'yard': ''}",8.88,7.589300000000001,12907,11030.959302325582,8052001730062,2507378,PRO-ASP,HRB,淺水灣/壽臣山,1993/12,1993,33,F,3.0,A,blank,THE BEACHSIDE,THE BEACHSIDE,True,POINT Z (22.238053 114.198463 0),22.238053,114.198463
941,2008-05-07,"THE BEACHSIDE(Block A),REPULSE BAY RD|THE BEACHSIDEA座,淺水灣道",10895.024962268397,929,688,"{'bay_window': '20', 'flat_roof': '', 'roof': '', 'ac_platform': '', 'plant_room': '', 'garden': '', 'yard': ''}",9.1,7.777299999999999,13227,11304.215116279069,8060201540012,2520549,ASP,HRB,淺水灣/壽臣山,1993/12,1993,33,F,2.0,A,blank,THE BEACHSIDE,THE BEACHSIDE,True,POINT Z (22.238053 114.198463 0),22.238053,114.198463
942,2008-07-28,"THE BEACHSIDE(Block A),REPULSE BAY RD|THE BEACHSIDEA座,淺水灣道",11533.959234522024,969,721,"{'bay_window': '23', 'flat_roof': '', 'roof': '', 'ac_platform': '', 'plant_room': '', 'garden': '', 'yard': ''}",10.37,8.9317,14383,12387.933425797504,8081201140150,2583397,ASP,HRB,淺水灣/壽臣山,1993/12,1993,33,C,2.0,A,blank,THE BEACHSIDE,THE BEACHSIDE,True,POINT Z (22.238053 114.198463 0),22.238053,114.198463
943,2009-02-26,"THE BEACHSIDE(Block A),REPULSE BAY RD|THE BEACHSIDEA座,淺水灣道",12694.41227644125,1135,864,"{'bay_window': '29', 'flat_roof': '', 'roof': '', 'ac_platform': '', 'plant_room': '', 'garden': '', 'yard': ''}",10.8,9.55,12500,11053.24074074074,9032400160032,2696502,PRO-ASP,HRB,淺水灣/壽臣山,1993/12,1993,33,A,2.0,A,blank,THE BEACHSIDE,THE BEACHSIDE,True,POINT Z (22.238053 114.198463 0),22.238053,114.198463
944,2009-06-08,"THE BEACHSIDE(Block A),REPULSE BAY RD|THE BEACHSIDEA座,淺水灣道",11879.380368006829,929,688,"{'bay_window': '20', 'flat_roof': '', 'roof': '722', 'ac_platform': '', 'plant_room': '', 'garden': '', 'yard': ''}",9.75,8.3328,14172,12111.627906976746,9070700850015,2782460,ASP,HRB,淺水灣/壽臣山,1993/12,1993,33,F,4.0,A,blank,THE BEACHSIDE,THE BEACHSIDE,True,POINT Z (22.238053 114.198463 0),22.238053,114.198463
945,2009-08-07,"THE BEACHSIDE(Block A),REPULSE BAY RD|THE BEACHSIDEA座,淺水灣道",13643.119678650532,1161,886,"{'bay_window': '32', 'flat_roof': '', 'roof': '', 'ac_platform': '', 'plant_room': '', 'garden': '', 'yard': ''}",14.25,12.6416,16084,14268.171557562076,9082102840081,2831088,PRO-ASP,HRB,淺水灣/壽臣山,1993/12,1993,33,B,2.0,A,blank,THE BEACHSIDE,THE BEACHSIDE,True,POINT Z (22.238053 114.198463 0),22.238053,114.198463
946,2009-08-21,"THE BEACHSIDE(Block A),REPULSE BAY RD|THE BEACHSIDEA座,淺水灣道",14361.23541037548,1161,886,"{'bay_window': '32', 'flat_roof': '', 'roof': '', 'ac_platform': '', 'plant_room': '', 'garden': '', 'yard': ''}",15.0,13.307,16930,15019.18735891648,9083100210040,2840141,ASP,HRB,淺水灣/壽臣山,1993/12,1993,33,B,3.0,A,blank,THE BEACHSIDE,THE BEACHSIDE,True,POINT Z (22.238053 114.198463 0),22.238053,114.198463
947,2009-08-28,"THE BEACHSIDE(Block A),REPULSE BAY RD|THE BEACHSIDEA座,淺水灣道",16711.23594631075,1135,864,"{'bay_window': '29', 'flat_roof': '', 'roof': '', 'ac_platform': '', 'plant_room': '', 'garden': '', 'yard': ''}",15.1,15.1,17477,17476.85185185185,9090700720125,2846315,ASP,HRB,淺水灣/壽臣山,1993/12,1993,33,A,3.0,A,blank,THE BEACHSIDE,THE BEACHSIDE,False,POINT Z (22.238053 114.198463 0),22.238053,114.198463
948,2009-08-21,"THE BEACHSIDE(Block A),REPULSE BAY RD|THE BEACHSIDEA座,淺水灣道",17615.08140308903,1135,864,"{'bay_window': '11', 'flat_roof': '', 'roof': '', 'ac_platform': '', 'plant_room': '386', 'garden': '', 'yard': ''}",18.0,15.9167,20833,18422.10648148148,9091000730181,2851629,ASP,HRB,淺水灣/壽臣山,1993/12,1993,33,A,1.0,A,blank,THE BEACHSIDE,THE BEACHSIDE,True,POINT Z (22.238053 114.198463 0),22.238053,114.198463
949,2009-09-09,"THE BEACHSIDE(Block A),REPULSE BAY RD|THE BEACHSIDEA座,淺水灣道",11597.344403194844,950,706,"{'bay_window': '9', 'flat_roof': '', 'roof': '', 'ac_platform': '', 'plant_room': '695', 'garden': '', 'yard': ''}",10.3,8.8411,14589,12522.804532577904,9092901900025,2870106,ASP,HRB,淺水灣/壽臣山,1993/12,1993,33,F,1.0,A,blank,THE BEACHSIDE,THE BEACHSIDE,True,POINT Z (22.238053 114.198463 0),22.238053,114.198463
950,2009-09-28,"THE BEACHSIDE(Block A),REPULSE BAY RD|THE BEACHSIDEA座,淺水灣道",11274.166458273685,929,688,"{'bay_window': '20', 'flat_roof': '', 'roof': '', 'ac_platform': '', 'plant_room': '', 'garden': '', 'yard': ''}",9.8,8.3756,14244,12173.837209302326,9100600130019,2875052,ASP,HRB,淺水灣/壽臣山,1993/12,1993,33,F,2.0,A,blank,THE BEACHSIDE,THE BEACHSIDE,True,POINT Z (22.238053 114.198463 0),22.238053,114.198463
951,2009-11-09,"THE BEACHSIDE(Block A),REPULSE BAY RD|THE BEACHSIDEA座,淺水灣道",14954.6690733674,1161,886,"{'bay_window': '32', 'flat_roof': '', 'roof': '', 'ac_platform': '', 'plant_room': '', 'garden': '', 'yard': ''}",16.5,14.6377,18623,16521.106094808125,9112500990109,2925238,PRO-ASP,HRB,淺水灣/壽臣山,1993/12,1993,33,B,3.0,A,blank,THE BEACHSIDE,THE BEACHSIDE,True,POINT Z (22.238053 114.198463 0),22.238053,114.198463
952,2009-12-07,"THE BEACHSIDE(Block A),REPULSE BAY RD|THE BEACHSIDEA座,淺水灣道",14715.368743998746,969,721,"{'bay_window': '8', 'flat_roof': '', 'roof': '', 'ac_platform': '', 'plant_room': '210', 'garden': '', 'yard': ''}",13.5,11.6276,18724,16127.045769764216,10010600770017,2963179,PRO-ASP,HRB,淺水灣/壽臣山,1993/12,1993,33,C,1.0,A,blank,THE BEACHSIDE,THE BEACHSIDE,True,POINT Z (22.238053 114.198463 0),22.238053,114.198463
953,2010-04-01,"THE BEACHSIDE(Block A),REPULSE BAY RD|THE BEACHSIDEA座,淺水灣道",11170.421286640949,929,688,"{'bay_window': '20', 'flat_roof': '', 'roof': '', 'ac_platform': '', 'plant_room': '', 'garden': '', 'yard': ''}",10.6,9.0593,15407,13167.587209302326,10042302170099,3071731,ASP,HRB,淺水灣/壽臣山,1993/12,1993,33,F,3.0,A,blank,THE BEACHSIDE,THE BEACHSIDE,True,POINT Z (22.238053 114.198463 0),22.238053,114.198463
954,2010-07-15,"THE BEACHSIDE(Block A),REPULSE BAY RD|THE BEACHSIDEA座,淺水灣道",10432.639234028236,928,688,"{'bay_window': '23', 'flat_roof': '', 'roof': '', 'ac_platform': '', 'plant_room': '', 'garden': '', 'yard': ''}",10.5,8.9738,15262,13043.313953488372,10072200400036,3162115,ASP,HRB,淺水灣/壽臣山,1993/12,1993,33,E,3.0,A,blank,THE BEACHSIDE,THE BEACHSIDE,True,POINT Z (22.238053 114.198463 0),22.238053,114.198463
955,2010-09-24,"THE BEACHSIDE(Block A),REPULSE BAY RD|THE BEACHSIDEA座,淺水灣道",14551.198734451084,969,721,"{'bay_window': '23', 'flat_roof': '', 'roof': '', 'ac_platform': '', 'plant_room': '', 'garden': '', 'yard': ''}",15.5,13.3502,21498,18516.22746185853,10101901150011,3259647,ASP,HRB,淺水灣/壽臣山,1993/12,1993,33,C,2.0,A,blank,THE BEACHSIDE,THE BEACHSIDE,True,POINT Z (22.238053 114.198463 0),22.238053,114.198463
956,2011-02-02,"THE BEACHSIDE(Block A),REPULSE BAY RD|THE BEACHSIDEA座,淺水灣道",13379.767041492105,1161,886,"{'bay_window': '32', 'flat_roof': '', 'roof': '', 'ac_platform': '', 'plant_room': '', 'garden': '', 'yard': ''}",18.88,16.7491,21309,18904.17607223476,11022501530075,3399479,ASP,HRB,淺水灣/壽臣山,1993/12,1993,33,B,2.0,A,blank,THE BEACHSIDE,THE BEACHSIDE,True,POINT Z (22.238053 114.198463 0),22.238053,114.198463
957,2011-12-01,"THE BEACHSIDE(Block A),REPULSE BAY RD|THE BEACHSIDEA座,淺水灣道",13515.301094822991,917,677,"{'bay_window': '9', 'flat_roof': '', 'roof': '', 'ac_platform': '', 'plant_room': '312', 'garden': '', 'yard': ''}",13.0,13.0,19202,19202.363367799117,11122200420012,3628948,ASP,HRB,淺水灣/壽臣山,1993/12,1993,33,D,1.0,A,blank,THE BEACHSIDE,THE BEACHSIDE,False,POINT Z (22.238053 114.198463 0),22.238053,114.198463
958,2012-04-03,"THE BEACHSIDE(Block A),REPULSE BAY RD|THE BEACHSIDEA座,淺水灣道",9416.939432908126,929,688,"{'bay_window': '20', 'flat_roof': '', 'roof': '', 'ac_platform': '', 'plant_room': '', 'garden': '', 'yard': ''}",12.0,10.2558,17442,14906.686046511628,12041600610037,3688498,ASP,HRB,淺水灣/壽臣山,1993/12,1993,33,F,3.0,A,blank,THE BEACHSIDE,THE BEACHSIDE,True,POINT Z (22.238053 114.198463 0),22.238053,114.198463
959,2013-02-06,"THE BEACHSIDE(Block A),REPULSE BAY RD|THE BEACHSIDEA座,淺水灣道",10256.320019700071,929,688,"{'bay_window': '20', 'flat_roof': '', 'roof': '', 'ac_platform': '', 'plant_room': '', 'garden': '', 'yard': ''}",15.0,12.8198,21802,18633.43023255814,13022501140014,3934574,ASP,HRB,淺水灣/壽臣山,1993/12,1993,33,F,2.0,A,blank,THE BEACHSIDE,THE BEACHSIDE,True,POINT Z (22.238053 114.198463 0),22.238053,114.198463
960,2013-03-12,"THE BEACHSIDE(Block A),REPULSE BAY RD|THE BEACHSIDEA座,淺水灣道",12339.506086456033,1161,886,"{'bay_window': '', 'flat_roof': '', 'roof': '', 'ac_platform': '', 'plant_room': '243', 'garden': '', 'yard': ''}",22.8,20.2266,25734,22829.119638826185,13032600860201,3955027,ASP,HRB,淺水灣/壽臣山,1993/12,1993,33,B,1.0,A,blank,THE BEACHSIDE,THE BEACHSIDE,True,POINT Z (22.238053 114.198463 0),22.238053,114.198463
961,2013-05-27,"THE BEACHSIDE(Block A),REPULSE BAY RD|THE BEACHSIDEA座,淺水灣道",13731.764507322849,1135,864,"{'bay_window': '11', 'flat_roof': '', 'roof': '', 'ac_platform': '', 'plant_room': '386', 'garden': '', 'yard': ''}",24.38,21.5582,28218,24951.62037037037,13053100660054,3986627,ASP,HRB,淺水灣/壽臣山,1993/12,1993,33,A,1.0,A,blank,THE BEACHSIDE,THE BEACHSIDE,True,POINT Z (22.238053 114.198463 0),22.238053,114.198463
962,2018-01-02,"THE BEACHSIDE(Block A),REPULSE BAY RD|THE BEACHSIDEA座,淺水灣道",9253.869140570165,917,677,"{'bay_window': '23', 'flat_roof': '', 'roof': '', 'ac_platform': '', 'plant_room': '', 'garden': '', 'yard': ''}",15.0,15.0,22157,22156.573116691285,18013002280068,5293227,ASP,HRB,淺水灣/壽臣山,1993/12,1993,33,D,3.0,A,blank,THE BEACHSIDE,THE BEACHSIDE,False,POINT Z (22.238053 114.198463 0),22.238053,114.198463
963,2020-05-14,"THE BEACHSIDE(Block A),REPULSE BAY RD|THE BEACHSIDEA座,淺水灣道",9007.674234529692,1135,864,"{'bay_window': '29', 'flat_roof': '', 'roof': '', 'ac_platform': '', 'plant_room': '', 'garden': '', 'yard': ''}",20.0,20.0,23148,23148.14814814815,20052100240087,5710204,ASP,HRB,淺水灣/壽臣山,1993/12,1993,33,A,2.0,A,blank,THE BEACHSIDE,THE BEACHSIDE,False,POINT Z (22.238053 114.198463 0),22.238053,114.198463
964,2020-07-22,"THE BEACHSIDE(Block A),REPULSE BAY RD|THE BEACHSIDEA座,淺水灣道",11956.646313075413,950,706,"{'bay_window': '9', 'flat_roof': '', 'roof': '', 'ac_platform': '', 'plant_room': '695', 'garden': '', 'yard': ''}",21.5,21.5,30453,30453.257790368272,20080701560255,5752781,ASP,HRB,淺水灣/壽臣山,1993/12,1993,33,F,1.0,A,blank,THE BEACHSIDE,THE BEACHSIDE,False,POINT Z (22.238053 114.198463 0),22.238053,114.198463
965,2021-09-20,"THE BEACHSIDE(Block A),REPULSE BAY RD|THE BEACHSIDEA座,淺水灣道",11728.877147677093,929,688,"{'bay_window': '20', 'flat_roof': '', 'roof': '722', 'ac_platform': '', 'plant_room': '', 'garden': '', 'yard': ''}",21.0,21.0,30523,30523.25581395349,21101102180065,6016139,ASP,HRB,淺水灣/壽臣山,1993/12,1993,33,F,4.0,A,blank,THE BEACHSIDE,THE BEACHSIDE,False,POINT Z (22.238053 114.198463 0),22.238053,114.198463
966,2023-03-04,"THE BEACHSIDE(Block A),REPULSE BAY RD|THE BEACHSIDEA座,淺水灣道",11093.106129317272,1161,886,"{'bay_window': '32', 'flat_roof': '', 'roof': '', 'ac_platform': '', 'plant_room': '', 'garden': '', 'yard': ''}",22.38,22.38,25260,25259.59367945824,23032702050019,6259816,PRO-ASP,HRB,淺水灣/壽臣山,1993/12,1993,33,B,2.0,A,blank,THE BEACHSIDE,THE BEACHSIDE,False,POINT Z (22.238053 114.198463 0),22.238053,114.198463
967,1997-02-15,"PARKVIEW HEIGHTS(Block 14,HONG KONG PARKVIEW),TAI TAM RESERVOIR RD|陽明山莊,14座(摘星樓),大潭水塘道",16749.505871470847,0,1837,"{'bay_window': '', 'flat_roof': '', 'roof': '', 'ac_platform': '', 'plant_room': '', 'garden': '', 'yard': ''}",31.5,31.5,17148,17147.523135547086,7165689,5052079,ASP,HRB,淺水灣/壽臣山,1989/11,1989,37,81,10.0,14,blank,HONG KONG PARKVIEW,陽明山莊,False,POINT Z (22.2568814 114.198415 0),22.2568814,114.198415
968,1997-10-17,"PARKVIEW HEIGHTS(Block 14,HONG KONG PARKVIEW),TAI TAM RESERVOIR RD|陽明山莊,14座(摘星樓),大潭水塘道",12545.084413902385,0,1900,"{'bay_window': '', 'flat_roof': '', 'roof': '', 'ac_platform': '', 'plant_room': '', 'garden': '', 'yard': ''}",29.3,29.3,15421,15421.052631578948,7320323,5124426,ASP,HRB,淺水灣/壽臣山,1988/00,1988,38,77,12.0,14,blank,HONG KONG PARKVIEW,陽明山莊,False,POINT Z (22.2568814 114.198415 0),22.2568814,114.198415
969,1997-12-02,"PARKVIEW HEIGHTS(Block 14,HONG KONG PARKVIEW),TAI TAM RESERVOIR RD|陽明山莊,14座(摘星樓),大潭水塘道",10910.652792368166,0,1837,"{'bay_window': '', 'flat_roof': '', 'roof': '', 'ac_platform': '', 'plant_room': '', 'garden': '', 'yard': ''}",22.2,22.2,12085,12084.921066956997,7368064,5144306,PRO-ASP,HRB,淺水灣/壽臣山,1988/00,1988,38,81,3.0,14,blank,HONG KONG PARKVIEW,陽明山莊,False,POINT Z (22.2568814 114.198415 0),22.2568814,114.198415
970,2001-12-19,"PARKVIEW HEIGHTS(Block 14,HONG KONG PARKVIEW),TAI TAM RESERVOIR RD|陽明山莊,14座(摘星樓),大潭水塘道",13150.515424140993,1860,1505,"{'bay_window': '', 'flat_roof': '', 'roof': '', 'ac_platform': '', 'plant_room': '', 'garden': '', 'yard': ''}",11.5,11.5,7641,7641.196013289036,8578617,832482,ASP,HRB,淺水灣/壽臣山,1988/00,1988,38,77,1.0,14,blank,HONG KONG PARKVIEW,陽明山莊,False,POINT Z (22.2568814 114.198415 0),22.2568814,114.198415
971,2001-12-19,"PARKVIEW HEIGHTS(Block 14,HONG KONG PARKVIEW),TAI TAM RESERVOIR RD|陽明山莊,14座(摘星樓),大潭水塘道",13253.4325013734,1860,1505,"{'bay_window': '', 'flat_roof': '', 'roof': '', 'ac_platform': '', 'plant_room': '', 'garden': '', 'yard': ''}",11.59,11.59,7701,7700.996677740864,8578619,832483,ASP,HRB,淺水灣/壽臣山,1988/00,1988,38,77,2.0,14,blank,HONG KONG PARKVIEW,陽明山莊,False,POINT Z (22.2568814 114.198415 0),22.2568814,114.198415
972,2001-12-19,"PARKVIEW HEIGHTS(Block 14,HONG KONG PARKVIEW),TAI TAM RESERVOIR RD|陽明山莊,14座(摘星樓),大潭水塘道",13367.784809409408,1860,1505,"{'bay_window': '', 'flat_roof': '', 'roof': '', 'ac_platform': '', 'plant_room': '', 'garden': '', 'yard': ''}",11.69,11.69,7767,7767.441860465116,8578621,832484,ASP,HRB,淺水灣/壽臣山,1988/00,1988,38,77,3.0,14,blank,HONG KONG PARKVIEW,陽明山莊,False,POINT Z (22.2568814 114.198415 0),22.2568814,114.198415
973,2001-12-19,"PARKVIEW HEIGHTS(Block 14,HONG KONG PARKVIEW),TAI TAM RESERVOIR RD|陽明山莊,14座(摘星樓),大潭水塘道",13470.701886641817,1860,1505,"{'bay_window': '', 'flat_roof': '', 'roof': '', 'ac_platform': '', 'plant_room': '', 'garden': '', 'yard': ''}",11.78,11.78,7827,7827.242524916944,8578623,832485,ASP,HRB,淺水灣/壽臣山,1988/00,1988,38,77,5.0,14,blank,HONG KONG PARKVIEW,陽明山莊,False,POINT Z (22.2568814 114.198415 0),22.2568814,114.198415
974,2001-12-19,"PARKVIEW HEIGHTS(Block 14,HONG KONG PARKVIEW),TAI TAM RESERVOIR RD|陽明山莊,14座(摘星樓),大潭水塘道",13905.240657178649,1860,1505,"{'bay_window': '', 'flat_roof': '', 'roof': '', 'ac_platform': '', 'plant_room': '', 'garden': '', 'yard': ''}",12.16,12.16,8080,8079.734219269103,8578625,832486,ASP,HRB,淺水灣/壽臣山,1988/00,1988,38,77,9.0,14,blank,HONG KONG PARKVIEW,陽明山莊,False,POINT Z (22.2568814 114.198415 0),22.2568814,114.198415
975,2001-12-19,"PARKVIEW HEIGHTS(Block 14,HONG KONG PARKVIEW),TAI TAM RESERVOIR RD|陽明山莊,14座(摘星樓),大潭水塘道",14122.510042447067,1860,1505,"{'bay_window': '', 'flat_roof': '', 'roof': '', 'ac_platform': '', 'plant_room': '', 'garden': '', 'yard': ''}",12.35,12.35,8206,8205.980066445183,8578627,832487,ASP,HRB,淺水灣/壽臣山,1988/00,1988,38,77,11.0,14,blank,HONG KONG PARKVIEW,陽明山莊,False,POINT Z (22.2568814 114.198415 0),22.2568814,114.198415
976,2001-12-19,"PARKVIEW HEIGHTS(Block 14,HONG KONG PARKVIEW),TAI TAM RESERVOIR RD|陽明山莊,14座(摘星樓),大潭水塘道",14339.77942771548,1860,1505,"{'bay_window': '', 'flat_roof': '', 'roof': '', 'ac_platform': '', 'plant_room': '', 'garden': '', 'yard': ''}",12.54,12.54,8332,8332.225913621263,8578629,832488,ASP,HRB,淺水灣/壽臣山,1988/00,1988,38,77,15.0,14,blank,HONG KONG PARKVIEW,陽明山莊,False,POINT Z (22.2568814 114.198415 0),22.2568814,114.198415
977,2001-12-19,"PARKVIEW HEIGHTS(Block 14,HONG KONG PARKVIEW),TAI TAM RESERVOIR RD|陽明山莊,14座(摘星樓),大潭水塘道",14454.13173575149,1860,1505,"{'bay_window': '', 'flat_roof': '', 'roof': '', 'ac_platform': '', 'plant_room': '', 'garden': '', 'yard': ''}",12.64,12.64,8399,8398.671096345515,8578631,832489,ASP,HRB,淺水灣/壽臣山,1988/00,1988,38,77,16.0,14,blank,HONG KONG PARKVIEW,陽明山莊,False,POINT Z (22.2568814 114.198415 0),22.2568814,114.198415
978,2001-12-19,"PARKVIEW HEIGHTS(Block 14,HONG KONG PARKVIEW),TAI TAM RESERVOIR RD|陽明山莊,14座(摘星樓),大潭水塘道",14557.048812983896,1860,1505,"{'bay_window': '', 'flat_roof': '', 'roof': '', 'ac_platform': '', 'plant_room': '', 'garden': '', 'yard': ''}",12.73,12.73,8458,8458.471760797342,8578633,832490,ASP,HRB,淺水灣/壽臣山,1988/00,1988,38,77,17.0,14,blank,HONG KONG PARKVIEW,陽明山莊,False,POINT Z (22.2568814 114.198415 0),22.2568814,114.198415
979,2001-12-19,"PARKVIEW HEIGHTS(Block 14,HONG KONG PARKVIEW),TAI TAM RESERVOIR RD|陽明山莊,14座(摘星樓),大潭水塘道",14774.318198252317,1860,1505,"{'bay_window': '', 'flat_roof': '', 'roof': '', 'ac_platform': '', 'plant_room': '', 'garden': '', 'yard': ''}",12.92,12.92,8585,8584.717607973422,8578635,832491,ASP,HRB,淺水灣/壽臣山,1988/00,1988,38,77,19.0,14,blank,HONG KONG PARKVIEW,陽明山莊,False,POINT Z (22.2568814 114.198415 0),22.2568814,114.198415
980,2002-01-05,"PARKVIEW HEIGHTS(Block 14,HONG KONG PARKVIEW),TAI TAM RESERVOIR RD|陽明山莊,14座(摘星樓),大潭水塘道",13700.883403894715,2045,1655,"{'bay_window': '', 'flat_roof': '', 'roof': '', 'ac_platform': '', 'plant_room': '', 'garden': '', 'yard': ''}",13.1,13.1,7915,7915.407854984895,8586828,838198,ASP,HRB,淺水灣/壽臣山,1988/00,1988,38,79,7.0,14,blank,HONG KONG PARKVIEW,陽明山莊,False,POINT Z (22.2568814 114.198415 0),22.2568814,114.198415
981,2002-05-10,"PARKVIEW HEIGHTS(Block 14,HONG KONG PARKVIEW),TAI TAM RESERVOIR RD|陽明山莊,14座(摘星樓),大潭水塘道",14883.468682060617,2045,1655,"{'bay_window': '', 'flat_roof': '', 'roof': '', 'ac_platform': '', 'plant_room': '', 'garden': '', 'yard': ''}",13.88,13.88,8387,8386.706948640483,8692961,916130,PRO-ASP,HRB,淺水灣/壽臣山,1988/00,1988,38,79,23.0,14,blank,HONG KONG PARKVIEW,陽明山莊,False,POINT Z (22.2568814 114.198415 0),22.2568814,114.198415
982,2004-03-22,"PARKVIEW HEIGHTS(Block 14,HONG KONG PARKVIEW),TAI TAM RESERVOIR RD|陽明山莊,14座(摘星樓),大潭水塘道",15906.013799162074,1860,1505,"{'bay_window': '', 'flat_roof': '', 'roof': '', 'ac_platform': '', 'plant_room': '', 'garden': '', 'yard': ''}",15.5,15.5,10299,10299.003322259136,9192288,1312484,ASP,HRB,淺水灣/壽臣山,1988/00,1988,38,77,12.0,14,blank,HONG KONG PARKVIEW,陽明山莊,False,POINT Z (22.2568814 114.198415 0),22.2568814,114.198415
983,2004-09-28,"PARKVIEW HEIGHTS(Block 14,HONG KONG PARKVIEW),TAI TAM RESERVOIR RD|陽明山莊,14座(摘星樓),大潭水塘道",13072.824876160885,2045,1655,"{'bay_window': '', 'flat_roof': '', 'roof': '', 'ac_platform': '', 'plant_room': '', 'garden': '', 'yard': ''}",14.8,14.8,8943,8942.598187311178,9354790,1434962,ASP,HRB,淺水灣/壽臣山,1988/00,1988,38,79,1.0,14,blank,HONG KONG PARKVIEW,陽明山莊,False,POINT Z (22.2568814 114.198415 0),22.2568814,114.198415
984,2005-01-25,"PARKVIEW HEIGHTS(Block 14,HONG KONG PARKVIEW),TAI TAM RESERVOIR RD|陽明山莊,14座(摘星樓),大潭水塘道",15439.39730713953,1860,1505,"{'bay_window': '', 'flat_roof': '', 'roof': '', 'ac_platform': '', 'plant_room': '', 'garden': '', 'yard': ''}",17.5,17.5,11628,11627.906976744183,5021501080012,1533544,ASP,HRB,淺水灣/壽臣山,1988/00,1988,38,77,20.0,14,blank,HONG KONG PARKVIEW,陽明山莊,False,POINT Z (22.2568814 114.198415 0),22.2568814,114.198415
985,2005-01-27,"PARKVIEW HEIGHTS(Block 14,HONG KONG PARKVIEW),TAI TAM RESERVOIR RD|陽明山莊,14座(摘星樓),大潭水塘道",14842.345084990327,2045,1655,"{'bay_window': '', 'flat_roof': '', 'roof': '', 'ac_platform': '', 'plant_room': '', 'garden': '', 'yard': ''}",18.5,18.5,11178,11178.247734138971,5022301770016,1540010,ASP,HRB,淺水灣/壽臣山,1988/00,1988,38,79,6.0,14,blank,HONG KONG PARKVIEW,陽明山莊,False,POINT Z (22.2568814 114.198415 0),22.2568814,114.198415
986,2005-03-23,"PARKVIEW HEIGHTS(Block 14,HONG KONG PARKVIEW),TAI TAM RESERVOIR RD|陽明山莊,14座(摘星樓),大潭水塘道",15961.427443062066,2045,1655,"{'bay_window': '', 'flat_roof': '', 'roof': '', 'ac_platform': '', 'plant_room': '', 'garden': '', 'yard': ''}",19.5,19.5,11782,11782.477341389727,5041602150160,1583719,ASP,HRB,淺水灣/壽臣山,1988/00,1988,38,79,18.0,14,blank,HONG KONG PARKVIEW,陽明山莊,False,POINT Z (22.2568814 114.198415 0),22.2568814,114.198415
987,2005-11-01,"PARKVIEW HEIGHTS(Block 14,HONG KONG PARKVIEW),TAI TAM RESERVOIR RD|陽明山莊,14座(摘星樓),大潭水塘道",15303.346143769628,1860,1505,"{'bay_window': '', 'flat_roof': '', 'roof': '', 'ac_platform': '', 'plant_room': '', 'garden': '', 'yard': ''}",17.0,17.0,11296,11295.681063122924,5112202270046,1771292,ASP,HRB,淺水灣/壽臣山,1988/00,1988,38,77,7.0,14,blank,HONG KONG PARKVIEW,陽明山莊,False,POINT Z (22.2568814 114.198415 0),22.2568814,114.198415
988,2005-11-01,"PARKVIEW HEIGHTS(Block 14,HONG KONG PARKVIEW),TAI TAM RESERVOIR RD|陽明山莊,14座(摘星樓),大潭水塘道",15303.346143769628,1860,1505,"{'bay_window': '', 'flat_roof': '', 'roof': '', 'ac_platform': '', 'plant_room': '', 'garden': '', 'yard': ''}",17.0,17.0,11296,11295.681063122924,5112202270064,1771293,ASP,HRB,淺水灣/壽臣山,1988/00,1988,38,77,6.0,14,blank,HONG KONG PARKVIEW,陽明山莊,False,POINT Z (22.2568814 114.198415 0),22.2568814,114.198415
989,2007-01-29,"PARKVIEW HEIGHTS(Block 14,HONG KONG PARKVIEW),TAI TAM RESERVOIR RD|陽明山莊,14座(摘星樓),大潭水塘道",13809.882214311798,2045,1655,"{'bay_window': '', 'flat_roof': '', 'roof': '', 'ac_platform': '', 'plant_room': '', 'garden': '', 'yard': ''}",18.3,18.3,11057,11057.401812688822,7022802960014,2074572,ASP,HRB,淺水灣/壽臣山,1988/00,1988,38,79,2.0,14,blank,HONG KONG PARKVIEW,陽明山莊,False,POINT Z (22.2568814 114.198415 0),22.2568814,114.198415
990,2007-08-07,"PARKVIEW HEIGHTS(Block 14,HONG KONG PARKVIEW),TAI TAM RESERVOIR RD|陽明山莊,14座(摘星樓),大潭水塘道",18010.10784075178,1785,1385,"{'bay_window': '', 'flat_roof': '', 'roof': '', 'ac_platform': '', 'plant_room': '', 'garden': '', 'yard': ''}",22.8,21.1538,16462,15273.501805054151,7090401670126,2237077,ASP,HRB,淺水灣/壽臣山,1988/00,1988,38,81,22.0,14,blank,HONG KONG PARKVIEW,陽明山莊,True,POINT Z (22.2568814 114.198415 0),22.2568814,114.198415
991,2007-10-10,"PARKVIEW HEIGHTS(Block 14,HONG KONG PARKVIEW),TAI TAM RESERVOIR RD|陽明山莊,14座(摘星樓),大潭水塘道",18804.7022702082,1785,1385,"{'bay_window': '', 'flat_roof': '', 'roof': '', 'ac_platform': '', 'plant_room': '', 'garden': '', 'yard': ''}",23.5,23.5,16968,16967.50902527076,7102602930219,2281968,ASP,HRB,淺水灣/壽臣山,1988/00,1988,38,81,21.0,14,blank,HONG KONG PARKVIEW,陽明山莊,False,POINT Z (22.2568814 114.198415 0),22.2568814,114.198415
992,2007-10-15,"PARKVIEW HEIGHTS(Block 14,HONG KONG PARKVIEW),TAI TAM RESERVOIR RD|陽明山莊,14座(摘星樓),大潭水塘道",19108.778306917942,1785,1385,"{'bay_window': '', 'flat_roof': '', 'roof': '', 'ac_platform': '', 'plant_room': '', 'garden': '', 'yard': ''}",23.88,23.88,17242,17241.87725631769,7102902160035,2283703,ASP,HRB,淺水灣/壽臣山,1988/00,1988,38,81,19.0,14,blank,HONG KONG PARKVIEW,陽明山莊,False,POINT Z (22.2568814 114.198415 0),22.2568814,114.198415
993,2007-10-17,"PARKVIEW HEIGHTS(Block 14,HONG KONG PARKVIEW),TAI TAM RESERVOIR RD|陽明山莊,14座(摘星樓),大潭水塘道",13727.904074227325,2045,1655,"{'bay_window': '', 'flat_roof': '', 'roof': '', 'ac_platform': '', 'plant_room': '', 'garden': '', 'yard': ''}",20.5,20.5,12387,12386.706948640483,7103100750032,2286032,ASP,HRB,淺水灣/壽臣山,1988/00,1988,38,79,5.0,14,blank,HONG KONG PARKVIEW,陽明山莊,False,POINT Z (22.2568814 114.198415 0),22.2568814,114.198415
994,2007-10-10,"PARKVIEW HEIGHTS(Block 14,HONG KONG PARKVIEW),TAI TAM RESERVOIR RD|陽明山莊,14座(摘星樓),大潭水塘道",13255.141799569952,1860,1505,"{'bay_window': '', 'flat_roof': '', 'roof': '', 'ac_platform': '', 'plant_room': '', 'garden': '', 'yard': ''}",18.0,18.0,11960,11960.132890365448,7110202620100,2289128,ASP,HRB,淺水灣/壽臣山,1988/00,1988,38,77,10.0,14,blank,HONG KONG PARKVIEW,陽明山莊,False,POINT Z (22.2568814 114.198415 0),22.2568814,114.198415
995,2008-09-23,"PARKVIEW HEIGHTS(Block 14,HONG KONG PARKVIEW),TAI TAM RESERVOIR RD|陽明山莊,14座(摘星樓),大潭水塘道",12611.708253837309,1860,1505,"{'bay_window': '', 'flat_roof': '', 'roof': '', 'ac_platform': '', 'plant_room': '', 'garden': '', 'yard': ''}",19.5,19.5,12957,12956.810631229237,8101300990013,2619488,PRO-ASP,HRB,淺水灣/壽臣山,1988/00,1988,38,77,20.0,14,blank,HONG KONG PARKVIEW,陽明山莊,False,POINT Z (22.2568814 114.198415 0),22.2568814,114.198415
996,2009-08-18,"PARKVIEW HEIGHTS(Block 14,HONG KONG PARKVIEW),TAI TAM RESERVOIR RD|陽明山莊,14座(摘星樓),大潭水塘道",16782.249769536502,1785,1385,"{'bay_window': '', 'flat_roof': '', 'roof': '', 'ac_platform': '', 'plant_room': '', 'garden': '', 'yard': ''}",26.2,24.3083,18917,17551.119133574008,9082500950337,2834175,ASP,HRB,淺水灣/壽臣山,1988/00,1988,38,81,15.0,14,blank,HONG KONG PARKVIEW,陽明山莊,True,POINT Z (22.2568814 114.198415 0),22.2568814,114.198415
997,2009-09-08,"PARKVIEW HEIGHTS(Block 14,HONG KONG PARKVIEW),TAI TAM RESERVOIR RD|陽明山莊,14座(摘星樓),大潭水塘道",17920.163730215954,1785,1385,"{'bay_window': '', 'flat_roof': '', 'roof': '', 'ac_platform': '', 'plant_room': '', 'garden': '', 'yard': ''}",26.8,26.8,19350,19350.180505415163,9092102670084,2861298,ASP,HRB,淺水灣/壽臣山,1988/00,1988,38,81,12.0,14,blank,HONG KONG PARKVIEW,陽明山莊,False,POINT Z (22.2568814 114.198415 0),22.2568814,114.198415
998,2010-07-08,"PARKVIEW HEIGHTS(Block 14,HONG KONG PARKVIEW),TAI TAM RESERVOIR RD|陽明山莊,14座(摘星樓),大潭水塘道",18364.68942663358,1785,1385,"{'bay_window': '', 'flat_roof': '', 'roof': '', 'ac_platform': '', 'plant_room': '', 'garden': '', 'yard': ''}",31.8,31.8,22960,22960.28880866426,10071901190026,3156115,PRE-ASP,HRB,淺水灣/壽臣山,1988/00,1988,38,81,21.0,14,blank,HONG KONG PARKVIEW,陽明山莊,False,POINT Z (22.2568814 114.198415 0),22.2568814,114.198415
999,2010-08-11,"PARKVIEW HEIGHTS(Block 14,HONG KONG PARKVIEW),TAI TAM RESERVOIR RD|陽明山莊,14座(摘星樓),大潭水塘道",15606.904829255163,1785,1385,"{'bay_window': '', 'flat_roof': '', 'roof': '', 'ac_platform': '', 'plant_room': '', 'garden': '', 'yard': ''}",29.6,27.4628,21372,19828.736462093864,10090301820148,3211853,ASP,HRB,淺水灣/壽臣山,1988/00,1988,38,81,8.0,14,blank,HONG KONG PARKVIEW,陽明山莊,True,POINT Z (22.2568814 114.198415 0),22.2568814,114.198415
1000,2010-10-09,"PARKVIEW HEIGHTS(Block 14,HONG KONG PARKVIEW),TAI TAM RESERVOIR RD|陽明山莊,14座(摘星樓),大潭水塘道",17026.041113176343,1785,1441,"{'bay_window': '', 'flat_roof': '', 'roof': '', 'ac_platform': '', 'plant_room': '', 'garden': '', 'yard': ''}",34.0,31.6405,23595,21957.321304649548,10110201260015,3278586,PRE-ASP,HRB,淺水灣/壽臣山,1988/00,1988,38,81,15.0,14,blank,HONG KONG PARKVIEW,陽明山莊,True,POINT Z (22.2568814 114.198415 0),22.2568814,114.198415
1001,2011-06-21,"PARKVIEW HEIGHTS(Block 14,HONG KONG PARKVIEW),TAI TAM RESERVOIR RD|陽明山莊,14座(摘星樓),大潭水塘道",15962.54765764072,1785,1441,"{'bay_window': '', 'flat_roof': '', 'roof': '', 'ac_platform': '', 'plant_room': '', 'garden': '', 'yard': ''}",34.6,34.6,24011,24011.103400416378,11062900410048,3517535,ASP,HRB,淺水灣/壽臣山,1988/12,1988,38,81,6.0,14,blank,HONG KONG PARKVIEW,陽明山莊,False,POINT Z (22.2568814 114.198415 0),22.2568814,114.198415
1002,2012-03-30,"PARKVIEW HEIGHTS(Block 14,HONG KONG PARKVIEW),TAI TAM RESERVOIR RD|陽明山莊,14座(摘星樓),大潭水塘道",15725.318219314488,3905,3160,"{'bay_window': '', 'flat_roof': '', 'roof': '', 'ac_platform': '', 'plant_room': '', 'garden': '', 'yard': ''}",77.8,75.338,24620,23841.13924050633,12041902390018,3691759,ASP,HRB,淺水灣/壽臣山,1988/12,1988,38,7779,21.0,14,blank,HONG KONG PARKVIEW,陽明山莊,True,POINT Z (22.2568814 114.198415 0),22.2568814,114.198415
1003,2014-06-13,"PARKVIEW HEIGHTS(Block 14,HONG KONG PARKVIEW),TAI TAM RESERVOIR RD|陽明山莊,14座(摘星樓),大潭水塘道",13480.421989929437,1785,1441,"{'bay_window': '', 'flat_roof': '', 'roof': '', 'ac_platform': '', 'plant_room': '', 'garden': '', 'yard': ''}",35.5,35.5,24636,24635.66967383761,14062301890011,4154586,PRO-ASP,HRB,淺水灣/壽臣山,1988/12,1988,38,81,10.0,14,blank,HONG KONG PARKVIEW,陽明山莊,False,POINT Z (22.2568814 114.198415 0),22.2568814,114.198415
1004,2015-05-06,"PARKVIEW HEIGHTS(Block 14,HONG KONG PARKVIEW),TAI TAM RESERVOIR RD|陽明山莊,14座(摘星樓),大潭水塘道",12144.017905067336,1785,1441,"{'bay_window': '', 'flat_roof': '', 'roof': '', 'ac_platform': '', 'plant_room': '', 'garden': '', 'yard': ''}",36.0,36.0,24983,24982.65093684941,15051502650070,4349834,ASP,HRB,淺水灣/壽臣山,1988/12,1988,38,81,3.0,14,blank,HONG KONG PARKVIEW,陽明山莊,False,POINT Z (22.2568814 114.198415 0),22.2568814,114.198415
1005,2015-06-12,"PARKVIEW HEIGHTS(Block 14,HONG KONG PARKVIEW),TAI TAM RESERVOIR RD|陽明山莊,14座(摘星樓),大潭水塘道",11107.398372628544,1860,1505,"{'bay_window': '', 'flat_roof': '', 'roof': '', 'ac_platform': '', 'plant_room': '', 'garden': '', 'yard': ''}",37.0,34.5415,24585,22951.16279069768,15062401580014,4372680,ASP,HRB,淺水灣/壽臣山,1988/12,1988,38,77,8.0,14,blank,HONG KONG PARKVIEW,陽明山莊,True,POINT Z (22.2568814 114.198415 0),22.2568814,114.198415
1006,2015-09-19,"PARKVIEW HEIGHTS(Block 14,HONG KONG PARKVIEW),TAI TAM RESERVOIR RD|陽明山莊,14座(摘星樓),大潭水塘道",11579.43376950955,1785,1441,"{'bay_window': '', 'flat_roof': '', 'roof': '', 'ac_platform': '', 'plant_room': '', 'garden': '', 'yard': ''}",35.0,35.0,24289,24288.688410825816,15101502380043,4428933,PRO-ASP,HRB,淺水灣/壽臣山,1988/12,1988,38,81,6.0,14,blank,HONG KONG PARKVIEW,陽明山莊,False,POINT Z (22.2568814 114.198415 0),22.2568814,114.198415
1007,2016-10-08,"PARKVIEW HEIGHTS(Block 14,HONG KONG PARKVIEW),TAI TAM RESERVOIR RD|陽明山莊,14座(摘星樓),大潭水塘道",10457.061547458805,2045,1655,"{'bay_window': '', 'flat_roof': '', 'roof': '', 'ac_platform': '', 'plant_room': '', 'garden': '', 'yard': ''}",39.3,36.9254,23746,22311.41993957704,16110302380093,4590862,PRO-ASP,HRB,淺水灣/壽臣山,1988/12,1988,38,79,8.0,14,blank,HONG KONG PARKVIEW,陽明山莊,True,POINT Z (22.2568814 114.198415 0),22.2568814,114.198415
1008,2017-05-05,"PARKVIEW HEIGHTS(Block 14,HONG KONG PARKVIEW),TAI TAM RESERVOIR RD|陽明山莊,14座(摘星樓),大潭水塘道",10172.74883716589,1860,1505,"{'bay_window': '', 'flat_roof': '', 'roof': '', 'ac_platform': '', 'plant_room': '', 'garden': '', 'yard': ''}",36.8,34.3548,24452,22827.109634551496,17051201160058,4698763,ASP,HRB,淺水灣/壽臣山,1988/12,1988,38,77,22.0,14,blank,HONG KONG PARKVIEW,陽明山莊,True,POINT Z (22.2568814 114.198415 0),22.2568814,114.198415
1009,2017-11-09,"PARKVIEW HEIGHTS(Block 14,HONG KONG PARKVIEW),TAI TAM RESERVOIR RD|陽明山莊,14座(摘星樓),大潭水塘道",12226.865152098317,1785,1441,"{'bay_window': '', 'flat_roof': '', 'roof': '', 'ac_platform': '', 'plant_room': '', 'garden': '', 'yard': ''}",40.5,40.5,28105,28105.482303955585,17113000300178,5257274,PRE-ASP,HRB,淺水灣/壽臣山,1988/12,1988,38,81,7.0,14,blank,HONG KONG PARKVIEW,陽明山莊,False,POINT Z (22.2568814 114.198415 0),22.2568814,114.198415
1010,2018-07-25,"PARKVIEW HEIGHTS(Block 14,HONG KONG PARKVIEW),TAI TAM RESERVOIR RD|陽明山莊,14座(摘星樓),大潭水塘道",11735.472442934262,1860,1505,"{'bay_window': '', 'flat_roof': '', 'roof': '', 'ac_platform': '', 'plant_room': '', 'garden': '', 'yard': ''}",46.8,46.8,31096,31096.345514950168,18080801270015,5410611,ASP,HRB,淺水灣/壽臣山,1988/12,1988,38,77,18.0,14,blank,HONG KONG PARKVIEW,陽明山莊,False,POINT Z (22.2568814 114.198415 0),22.2568814,114.198415
1011,2021-06-03,"PARKVIEW HEIGHTS(Block 14,HONG KONG PARKVIEW),TAI TAM RESERVOIR RD|陽明山莊,14座(摘星樓),大潭水塘道",12215.6129963448,1860,1505,"{'bay_window': '', 'flat_roof': '', 'roof': '', 'ac_platform': '', 'plant_room': '', 'garden': '', 'yard': ''}",48.5,48.5,32226,32225.913621262454,21061000210258,5930351,ASP,HRB,淺水灣/壽臣山,1988/12,1988,38,77,22.0,14,blank,HONG KONG PARKVIEW,陽明山莊,False,POINT Z (22.2568814 114.198415 0),22.2568814,114.198415
1012,2024-10-28,"PARKVIEW HEIGHTS(Block 14,HONG KONG PARKVIEW),TAI TAM RESERVOIR RD|陽明山莊,14座(摘星樓),大潭水塘道",14800.73962239064,1785,1441,"{'bay_window': '', 'flat_roof': '', 'roof': '', 'ac_platform': '', 'plant_room': '', 'garden': '', 'yard': ''}",38.8,38.8,26926,26925.74600971548,24112500820015,6508230,ASP,HRB,淺水灣/壽臣山,1988/12,1988,38,81,16.0,14,blank,HONG KONG PARKVIEW,陽明山莊,False,POINT Z (22.2568814 114.198415 0),22.2568814,114.198415
1013,2025-03-12,"PARKVIEW HEIGHTS(Block 14,HONG KONG PARKVIEW),TAI TAM RESERVOIR RD|陽明山莊,14座(摘星樓),大潭水塘道",11199.57043545349,2045,1655,"{'bay_window': '', 'flat_roof': '', 'roof': '', 'ac_platform': '', 'plant_room': '', 'garden': '', 'yard': ''}",32.8,32.8,19819,19818.731117824773,25031901460042,6557867,ASP,HRB,淺水灣/壽臣山,1988/12,1988,38,79,6.0,14,blank,HONG KONG PARKVIEW,陽明山莊,False,POINT Z (22.2568814 114.198415 0),22.2568814,114.198415
1014,2025-06-10,"PARKVIEW HEIGHTS(Block 14,HONG KONG PARKVIEW),TAI TAM RESERVOIR RD|陽明山莊,14座(摘星樓),大潭水塘道",10387.228725464083,2045,1655,"{'bay_window': '', 'flat_roof': '', 'roof': '', 'ac_platform': '', 'plant_room': '', 'garden': '', 'yard': ''}",30.82,30.82,18622,18622.35649546828,25062300440031,6607299,ASP,HRB,淺水灣/壽臣山,1988/12,1988,38,79,18.0,14,blank,HONG KONG PARKVIEW,陽明山莊,False,POINT Z (22.2568814 114.198415 0),22.2568814,114.198415
1015,2025-09-08,"PARKVIEW HEIGHTS(Block 14,HONG KONG PARKVIEW),TAI TAM RESERVOIR RD|陽明山莊,14座(摘星樓),大潭水塘道",10963.3813188713,2045,1655,"{'bay_window': '', 'flat_roof': '', 'roof': '', 'ac_platform': '', 'plant_room': '', 'garden': '', 'yard': ''}",33.1,33.1,20000,20000.0,25091901470022,6659413,ASP,HRB,淺水灣/壽臣山,1988/12,1988,38,79,19.0,14,blank,HONG KONG PARKVIEW,陽明山莊,False,POINT Z (22.2568814 114.198415 0),22.2568814,114.198415
1016,2025-11-05,"PARKVIEW HEIGHTS(Block 14,HONG KONG PARKVIEW),TAI TAM RESERVOIR RD|陽明山莊,14座(摘星樓),大潭水塘道",12929.125001832846,1785,1441,"{'bay_window': '', 'flat_roof': '', 'roof': '', 'ac_platform': '', 'plant_room': '', 'garden': '', 'yard': ''}",34.8,34.8,24150,24149.89590562109,25111401060018,6690358,ASP,HRB,淺水灣/壽臣山,1988/12,1988,38,81,11.0,14,blank,HONG KONG PARKVIEW,陽明山莊,False,POINT Z (22.2568814 114.198415 0),22.2568814,114.198415
1017,1997-06-26,"PARKVIEW CRESCENT(Block 10,HONG KONG PARKVIEW),TAI TAM RESERVOIR RD|陽明山莊,10座(環翠軒),大潭水塘道",13480.16814116074,2771,2342,"{'bay_window': '', 'flat_roof': '', 'roof': '', 'ac_platform': '', 'plant_room': '', 'garden': '', 'yard': ''}",39.0,39.0,16652,16652.433817250214,7166665,5070444,SUB-ASP,HRB,淺水灣/壽臣山,1989/11,1989,37,61,6.0,10,blank,HONG KONG PARKVIEW,陽明山莊,False,POINT Z (22.257026 114.200163 0),22.257026,114.200163
1018,1997-06-20,"PARKVIEW CRESCENT(Block 10,HONG KONG PARKVIEW),TAI TAM RESERVOIR RD|陽明山莊,10座(環翠軒),大潭水塘道",13400.911665397456,2771,2342,"{'bay_window': '', 'flat_roof': '', 'roof': '', 'ac_platform': '', 'plant_room': '', 'garden': '', 'yard': ''}",40.5,38.7707,17293,16554.52604611443,7166997,5070503,ASP,HRB,淺水灣/壽臣山,1989/11,1989,37,61,15.0,10,blank,HONG KONG PARKVIEW,陽明山莊,True,POINT Z (22.257026 114.200163 0),22.257026,114.200163
1019,1997-12-02,"PARKVIEW CRESCENT(Block 10,HONG KONG PARKVIEW),TAI TAM RESERVOIR RD|陽明山莊,10座(環翠軒),大潭水塘道",11071.06346251312,2771,2342,"{'bay_window': '', 'flat_roof': '', 'roof': '', 'ac_platform': '', 'plant_room': '', 'garden': '', 'yard': ''}",30.0,28.719,12810,12262.59607173356,7376488,5144957,ASP,HRB,淺水灣/壽臣山,1989/11,1989,37,63,20.0,10,blank,HONG KONG PARKVIEW,陽明山莊,True,POINT Z (22.257026 114.200163 0),22.257026,114.200163
1020,1997-12-08,"PARKVIEW CRESCENT(Block 10,HONG KONG PARKVIEW),TAI TAM RESERVOIR RD|陽明山莊,10座(環翠軒),大潭水塘道",11144.885972108556,2771,2342,"{'bay_window': '', 'flat_roof': '', 'roof': '', 'ac_platform': '', 'plant_room': '', 'garden': '', 'yard': ''}",30.2,28.9105,12895,12344.363791631084,7393809,5151922,ASP,HRB,淺水灣/壽臣山,1989/11,1989,37,61,8.0,10,blank,HONG KONG PARKVIEW,陽明山莊,True,POINT Z (22.257026 114.200163 0),22.257026,114.200163
1021,1998-10-21,"PARKVIEW CRESCENT(Block 10,HONG KONG PARKVIEW),TAI TAM RESERVOIR RD|陽明山莊,10座(環翠軒),大潭水塘道",8993.849393852523,2771,2342,"{'bay_window': '', 'flat_roof': '', 'roof': '', 'ac_platform': '', 'plant_room': '', 'garden': '', 'yard': ''}",14.78,14.1489,6311,6041.374893253629,7600268,56863,ASP,HRB,淺水灣/壽臣山,1989/11,1989,37,61,18.0,10,blank,HONG KONG PARKVIEW,陽明山莊,True,POINT Z (22.257026 114.200163 0),22.257026,114.200163
1022,1998-11-25,"PARKVIEW CRESCENT(Block 10,HONG KONG PARKVIEW),TAI TAM RESERVOIR RD|陽明山莊,10座(環翠軒),大潭水塘道",10147.030886362429,2771,2342,"{'bay_window': '', 'flat_roof': '', 'roof': '', 'ac_platform': '', 'plant_room': '', 'garden': '', 'yard': ''}",16.9,16.9,7216,7216.054654141759,7640260,101852,PRO-ASP,HRB,淺水灣/壽臣山,1989/11,1989,37,61,6.0,10,blank,HONG KONG PARKVIEW,陽明山莊,False,POINT Z (22.257026 114.200163 0),22.257026,114.200163
1023,1998-11-28,"PARKVIEW CRESCENT(Block 10,HONG KONG PARKVIEW),TAI TAM RESERVOIR RD|陽明山莊,10座(環翠軒),大潭水塘道",9666.698063339354,2771,2342,"{'bay_window': '', 'flat_roof': '', 'roof': '', 'ac_platform': '', 'plant_room': '', 'garden': '', 'yard': ''}",16.1,16.1,6874,6874.466268146884,7653963,114052,ASP,HRB,淺水灣/壽臣山,1989/11,1989,37,61,12.0,10,blank,HONG KONG PARKVIEW,陽明山莊,False,POINT Z (22.257026 114.200163 0),22.257026,114.200163
1024,1999-01-13,"PARKVIEW CRESCENT(Block 10,HONG KONG PARKVIEW),TAI TAM RESERVOIR RD|陽明山莊,10座(環翠軒),大潭水塘道",10445.763084939008,2771,2342,"{'bay_window': '', 'flat_roof': '', 'roof': '', 'ac_platform': '', 'plant_room': '', 'garden': '', 'yard': ''}",18.5,17.7101,7899,7561.955593509821,7673742,131652,ASP,HRB,淺水灣/壽臣山,1989/11,1989,37,63,18.0,10,blank,HONG KONG PARKVIEW,陽明山莊,True,POINT Z (22.257026 114.200163 0),22.257026,114.200163
1025,1999-01-19,"PARKVIEW CRESCENT(Block 10,HONG KONG PARKVIEW),TAI TAM RESERVOIR RD|陽明山莊,10座(環翠軒),大潭水塘道",10050.525009308853,2771,2342,"{'bay_window': '', 'flat_roof': '', 'roof': '', 'ac_platform': '', 'plant_room': '', 'garden': '', 'yard': ''}",17.8,17.04,7600,7275.832621690863,7686617,141901,ASP,HRB,淺水灣/壽臣山,1989/11,1989,37,63,15.0,10,blank,HONG KONG PARKVIEW,陽明山莊,True,POINT Z (22.257026 114.200163 0),22.257026,114.200163
1026,1999-03-24,"PARKVIEW CRESCENT(Block 10,HONG KONG PARKVIEW),TAI TAM RESERVOIR RD|陽明山莊,10座(環翠軒),大潭水塘道",10573.887606395389,2771,2342,"{'bay_window': '', 'flat_roof': '', 'roof': '', 'ac_platform': '', 'plant_room': '', 'garden': '', 'yard': ''}",18.38,17.5952,7848,7512.894961571306,7732010,179171,ASP,HRB,淺水灣/壽臣山,1989/11,1989,37,61,15.0,10,blank,HONG KONG PARKVIEW,陽明山莊,True,POINT Z (22.257026 114.200163 0),22.257026,114.200163
1027,1999-05-21,"PARKVIEW CRESCENT(Block 10,HONG KONG PARKVIEW),TAI TAM RESERVOIR RD|陽明山莊,10座(環翠軒),大潭水塘道",10486.04410853083,2771,2342,"{'bay_window': '', 'flat_roof': '', 'roof': '', 'ac_platform': '', 'plant_room': '', 'garden': '', 'yard': ''}",18.9,18.093,8070,7725.448334756618,7779340,227034,ASP,HRB,淺水灣/壽臣山,1989/11,1989,37,63,19.0,10,blank,HONG KONG PARKVIEW,陽明山莊,True,POINT Z (22.257026 114.200163 0),22.257026,114.200163
1028,1999-12-14,"PARKVIEW CRESCENT(Block 10,HONG KONG PARKVIEW),TAI TAM RESERVOIR RD|陽明山莊,10座(環翠軒),大潭水塘道",11329.3823148265,2771,2342,"{'bay_window': '', 'flat_roof': '', 'roof': '', 'ac_platform': '', 'plant_room': '', 'garden': '', 'yard': ''}",19.438,18.608,8300,7945.34585824082,7946595,352273,ASP,HRB,淺水灣/壽臣山,1989/11,1989,37,61,11.0,10,blank,HONG KONG PARKVIEW,陽明山莊,True,POINT Z (22.257026 114.200163 0),22.257026,114.200163
1029,2000-01-06,"PARKVIEW CRESCENT(Block 10,HONG KONG PARKVIEW),TAI TAM RESERVOIR RD|陽明山莊,10座(環翠軒),大潭水塘道",11106.19232361336,2771,2342,"{'bay_window': '', 'flat_roof': '', 'roof': '', 'ac_platform': '', 'plant_room': '', 'garden': '', 'yard': ''}",19.3,18.4759,8241,7888.941076003416,7976980,372497,PRO-ASP,HRB,淺水灣/壽臣山,1989/11,1989,37,63,7.0,10,blank,HONG KONG PARKVIEW,陽明山莊,True,POINT Z (22.257026 114.200163 0),22.257026,114.200163
1030,2000-06-17,"PARKVIEW CRESCENT(Block 10,HONG KONG PARKVIEW),TAI TAM RESERVOIR RD|陽明山莊,10座(環翠軒),大潭水塘道",12443.011423845875,2771,2342,"{'bay_window': '', 'flat_roof': '', 'roof': '', 'ac_platform': '', 'plant_room': '', 'garden': '', 'yard': ''}",19.5,18.6674,8326,7970.70879590094,8131367,484153,ASP,HRB,淺水灣/壽臣山,1989/11,1989,37,61,22.0,10,blank,HONG KONG PARKVIEW,陽明山莊,True,POINT Z (22.257026 114.200163 0),22.257026,114.200163
1031,2001-03-22,"PARKVIEW CRESCENT(Block 10,HONG KONG PARKVIEW),TAI TAM RESERVOIR RD|陽明山莊,10座(環翠軒),大潭水塘道",10226.99173614802,2771,2342,"{'bay_window': '', 'flat_roof': '', 'roof': '', 'ac_platform': '', 'plant_room': '', 'garden': '', 'yard': ''}",15.75,15.0775,6725,6437.873612297182,8354739,656436,ASP,HRB,淺水灣/壽臣山,1989/11,1989,37,63,10.0,10,blank,HONG KONG PARKVIEW,陽明山莊,True,POINT Z (22.257026 114.200163 0),22.257026,114.200163
1032,2001-03-21,"PARKVIEW CRESCENT(Block 10,HONG KONG PARKVIEW),TAI TAM RESERVOIR RD|陽明山莊,10座(環翠軒),大潭水塘道",10259.482063069692,2771,2342,"{'bay_window': '', 'flat_roof': '', 'roof': '', 'ac_platform': '', 'plant_room': '', 'garden': '', 'yard': ''}",15.8,15.1254,6746,6458.326216908625,8360244,660119,ASP,HRB,淺水灣/壽臣山,1989/11,1989,37,63,12.0,10,blank,HONG KONG PARKVIEW,陽明山莊,True,POINT Z (22.257026 114.200163 0),22.257026,114.200163
1033,2001-11-23,"PARKVIEW CRESCENT(Block 10,HONG KONG PARKVIEW),TAI TAM RESERVOIR RD|陽明山莊,10座(環翠軒),大潭水塘道",9766.57498135827,2771,2342,"{'bay_window': '', 'flat_roof': '', 'roof': '', 'ac_platform': '', 'plant_room': '', 'garden': '', 'yard': ''}",13.0,13.0,5551,5550.811272416738,8560443,819702,ASP,HRB,淺水灣/壽臣山,1989/11,1989,37,61,6.0,10,blank,HONG KONG PARKVIEW,陽明山莊,False,POINT Z (22.257026 114.200163 0),22.257026,114.200163
1034,2002-01-10,"PARKVIEW CRESCENT(Block 10,HONG KONG PARKVIEW),TAI TAM RESERVOIR RD|陽明山莊,10座(環翠軒),大潭水塘道",8914.719983814402,2771,2342,"{'bay_window': '', 'flat_roof': '', 'roof': '', 'ac_platform': '', 'plant_room': '', 'garden': '', 'yard': ''}",12.6,12.062,5380,5150.298889837745,8592921,843043,ASP,HRB,淺水灣/壽臣山,1989/11,1989,37,63,1.0,10,blank,HONG KONG PARKVIEW,陽明山莊,True,POINT Z (22.257026 114.200163 0),22.257026,114.200163
1035,2002-01-11,"PARKVIEW CRESCENT(Block 10,HONG KONG PARKVIEW),TAI TAM RESERVOIR RD|陽明山莊,10座(環翠軒),大潭水塘道",10259.02309926458,2771,2342,"{'bay_window': '', 'flat_roof': '', 'roof': '', 'ac_platform': '', 'plant_room': '', 'garden': '', 'yard': ''}",14.5,13.8809,6191,5926.942783945346,8608730,853032,PRO-ASP,HRB,淺水灣/壽臣山,1989/11,1989,37,61,11.0,10,blank,HONG KONG PARKVIEW,陽明山莊,True,POINT Z (22.257026 114.200163 0),22.257026,114.200163
1036,2002-06-12,"PARKVIEW CRESCENT(Block 10,HONG KONG PARKVIEW),TAI TAM RESERVOIR RD|陽明山莊,10座(環翠軒),大潭水塘道",10879.606494657555,2771,2342,"{'bay_window': '', 'flat_roof': '', 'roof': '', 'ac_platform': '', 'plant_room': '', 'garden': '', 'yard': ''}",14.5,14.5,6191,6191.289496157131,8721460,937609,ASP,HRB,淺水灣/壽臣山,1989/11,1989,37,63,16.0,10,blank,HONG KONG PARKVIEW,陽明山莊,False,POINT Z (22.257026 114.200163 0),22.257026,114.200163
1037,2003-02-27,"PARKVIEW CRESCENT(Block 10,HONG KONG PARKVIEW),TAI TAM RESERVOIR RD|陽明山莊,10座(環翠軒),大潭水塘道",10361.399568312536,2771,2342,"{'bay_window': '', 'flat_roof': '', 'roof': '', 'ac_platform': '', 'plant_room': '', 'garden': '', 'yard': ''}",11.8,11.8,5038,5038.428693424424,8891955,1071644,ASP,HRB,淺水灣/壽臣山,1989/11,1989,37,61,1.0,10,blank,HONG KONG PARKVIEW,陽明山莊,False,POINT Z (22.257026 114.200163 0),22.257026,114.200163
1038,2003-02-25,"PARKVIEW CRESCENT(Block 10,HONG KONG PARKVIEW),TAI TAM RESERVOIR RD|陽明山莊,10座(環翠軒),大潭水塘道",10870.688699636374,2771,2342,"{'bay_window': '', 'flat_roof': '', 'roof': '', 'ac_platform': '', 'plant_room': '', 'garden': '', 'yard': ''}",12.38,12.38,5286,5286.080273270709,8895417,1073872,PRO-ASP,HRB,淺水灣/壽臣山,1989/11,1989,37,61,5.0,10,blank,HONG KONG PARKVIEW,陽明山莊,False,POINT Z (22.257026 114.200163 0),22.257026,114.200163
1039,2003-03-25,"PARKVIEW CRESCENT(Block 10,HONG KONG PARKVIEW),TAI TAM RESERVOIR RD|陽明山莊,10座(環翠軒),大潭水塘道",10167.62791944422,2771,2342,"{'bay_window': '', 'flat_roof': '', 'roof': '', 'ac_platform': '', 'plant_room': '', 'garden': '', 'yard': ''}",11.8,11.8,5038,5038.428693424424,8911340,1085643,ASP,HRB,淺水灣/壽臣山,1989/11,1989,37,63,2.0,10,blank,HONG KONG PARKVIEW,陽明山莊,False,POINT Z (22.257026 114.200163 0),22.257026,114.200163
1040,2003-03-20,"PARKVIEW CRESCENT(Block 10,HONG KONG PARKVIEW),TAI TAM RESERVOIR RD|陽明山莊,10座(環翠軒),大潭水塘道",10512.29327264572,2771,2342,"{'bay_window': '', 'flat_roof': '', 'roof': '', 'ac_platform': '', 'plant_room': '', 'garden': '', 'yard': ''}",12.2,12.2,5209,5209.222886421861,8911341,1085644,ASP,HRB,淺水灣/壽臣山,1989/11,1989,37,63,6.0,10,blank,HONG KONG PARKVIEW,陽明山莊,False,POINT Z (22.257026 114.200163 0),22.257026,114.200163
1041,2003-06-13,"PARKVIEW CRESCENT(Block 10,HONG KONG PARKVIEW),TAI TAM RESERVOIR RD|陽明山莊,10座(環翠軒),大潭水塘道",11359.418486767589,2771,2342,"{'bay_window': '', 'flat_roof': '', 'roof': '', 'ac_platform': '', 'plant_room': '', 'garden': '', 'yard': ''}",13.6,13.0193,5807,5559.052092228864,8961710,1122086,ASP,HRB,淺水灣/壽臣山,1989/11,1989,37,63,8.0,10,blank,HONG KONG PARKVIEW,陽明山莊,True,POINT Z (22.257026 114.200163 0),22.257026,114.200163
1042,2004-02-19,"PARKVIEW CRESCENT(Block 10,HONG KONG PARKVIEW),TAI TAM RESERVOIR RD|陽明山莊,10座(環翠軒),大潭水塘道",12830.52435428787,2771,2342,"{'bay_window': '', 'flat_roof': '', 'roof': '', 'ac_platform': '', 'plant_room': '', 'garden': '', 'yard': ''}",19.5,19.5,8326,8326.216908625107,9160417,1285679,PRO-ASP,HRB,淺水灣/壽臣山,1989/11,1989,37,63,6.0,10,blank,HONG KONG PARKVIEW,陽明山莊,False,POINT Z (22.257026 114.200163 0),22.257026,114.200163
1043,2004-02-23,"PARKVIEW CRESCENT(Block 10,HONG KONG PARKVIEW),TAI TAM RESERVOIR RD|陽明山莊,10座(環翠軒),大潭水塘道",12830.52435428787,2771,2342,"{'bay_window': '', 'flat_roof': '', 'roof': '', 'ac_platform': '', 'plant_room': '', 'garden': '', 'yard': ''}",19.5,19.5,8326,8326.216908625107,9165235,1289563,PRO-ASP,HRB,淺水灣/壽臣山,1989/11,1989,37,63,2.0,10,blank,HONG KONG PARKVIEW,陽明山莊,False,POINT Z (22.257026 114.200163 0),22.257026,114.200163
1044,2004-05-13,"PARKVIEW CRESCENT(Block 10,HONG KONG PARKVIEW),TAI TAM RESERVOIR RD|陽明山莊,10座(環翠軒),大潭水塘道",12665.202798702614,2771,2342,"{'bay_window': '', 'flat_roof': '', 'roof': '', 'ac_platform': '', 'plant_room': '', 'garden': '', 'yard': ''}",21.6,20.6777,9223,8829.077711357813,9226192,1342066,ASP,HRB,淺水灣/壽臣山,1989/11,1989,37,63,5.0,10,blank,HONG KONG PARKVIEW,陽明山莊,True,POINT Z (22.257026 114.200163 0),22.257026,114.200163
1045,2004-09-11,"PARKVIEW CRESCENT(Block 10,HONG KONG PARKVIEW),TAI TAM RESERVOIR RD|陽明山莊,10座(環翠軒),大潭水塘道",12249.598714560403,2771,2342,"{'bay_window': '', 'flat_roof': '', 'roof': '', 'ac_platform': '', 'plant_room': '', 'garden': '', 'yard': ''}",20.5,19.6247,8753,8379.461998292058,9341816,1424368,ASP,HRB,淺水灣/壽臣山,1989/11,1989,37,61,11.0,10,blank,HONG KONG PARKVIEW,陽明山莊,True,POINT Z (22.257026 114.200163 0),22.257026,114.200163
1046,2004-09-22,"PARKVIEW CRESCENT(Block 10,HONG KONG PARKVIEW),TAI TAM RESERVOIR RD|陽明山莊,10座(環翠軒),大潭水塘道",12309.333976601782,2771,2342,"{'bay_window': '', 'flat_roof': '', 'roof': '', 'ac_platform': '', 'plant_room': '', 'garden': '', 'yard': ''}",20.6,19.7204,8796,8420.324508966694,9344112,1426358,ASP,HRB,淺水灣/壽臣山,1989/11,1989,37,63,7.0,10,blank,HONG KONG PARKVIEW,陽明山莊,True,POINT Z (22.257026 114.200163 0),22.257026,114.200163
1047,2005-02-21,"PARKVIEW CRESCENT(Block 10,HONG KONG PARKVIEW),TAI TAM RESERVOIR RD|陽明山莊,10座(環翠軒),大潭水塘道",12429.817059180254,2771,2342,"{'bay_window': '', 'flat_roof': '', 'roof': '', 'ac_platform': '', 'plant_room': '', 'garden': '', 'yard': ''}",23.38,22.3817,9983,9556.6609735269,5030901100018,1551609,ASP,HRB,淺水灣/壽臣山,1989/11,1989,37,63,10.0,10,blank,HONG KONG PARKVIEW,陽明山莊,True,POINT Z (22.257026 114.200163 0),22.257026,114.200163
1048,2005-03-13,"PARKVIEW CRESCENT(Block 10,HONG KONG PARKVIEW),TAI TAM RESERVOIR RD|陽明山莊,10座(環翠軒),大潭水塘道",12946.169664256777,2771,2342,"{'bay_window': '', 'flat_roof': '', 'roof': '', 'ac_platform': '', 'plant_room': '', 'garden': '', 'yard': ''}",23.38,22.3817,9983,9556.6609735269,5040801780645,1577952,PRO-ASP,HRB,淺水灣/壽臣山,1989/11,1989,37,63,3.0,10,blank,HONG KONG PARKVIEW,陽明山莊,True,POINT Z (22.257026 114.200163 0),22.257026,114.200163
1049,2005-04-20,"PARKVIEW CRESCENT(Block 10,HONG KONG PARKVIEW),TAI TAM RESERVOIR RD|陽明山莊,10座(環翠軒),大潭水塘道",13810.14321105134,2771,2342,"{'bay_window': '', 'flat_roof': '', 'roof': '', 'ac_platform': '', 'plant_room': '', 'garden': '', 'yard': ''}",25.35,24.2676,10824,10361.912894961572,5051800730138,1616876,ASP,HRB,淺水灣/壽臣山,1989/11,1989,37,63,11.0,10,blank,HONG KONG PARKVIEW,陽明山莊,True,POINT Z (22.257026 114.200163 0),22.257026,114.200163
1050,2005-05-13,"PARKVIEW CRESCENT(Block 10,HONG KONG PARKVIEW),TAI TAM RESERVOIR RD|陽明山莊,10座(環翠軒),大潭水塘道",15681.813493160578,2771,2342,"{'bay_window': '', 'flat_roof': '', 'roof': '2144', 'ac_platform': '', 'plant_room': '', 'garden': '', 'yard': ''}",27.75,27.75,11849,11848.847139197267,5060800230017,1641256,PRO-ASP,HRB,淺水灣/壽臣山,1989/11,1989,37,61,23.0,10,blank,HONG KONG PARKVIEW,陽明山莊,False,POINT Z (22.257026 114.200163 0),22.257026,114.200163
1051,2005-05-13,"PARKVIEW CRESCENT(Block 10,HONG KONG PARKVIEW),TAI TAM RESERVOIR RD|陽明山莊,10座(環翠軒),大潭水塘道",15681.813493160578,2771,2342,"{'bay_window': '', 'flat_roof': '', 'roof': '2144', 'ac_platform': '', 'plant_room': '', 'garden': '', 'yard': ''}",27.75,27.75,11849,11848.847139197267,5060800230026,1641257,PRO-ASP,HRB,淺水灣/壽臣山,1989/11,1989,37,63,23.0,10,blank,HONG KONG PARKVIEW,陽明山莊,False,POINT Z (22.257026 114.200163 0),22.257026,114.200163
1052,2005-10-14,"PARKVIEW CRESCENT(Block 10,HONG KONG PARKVIEW),TAI TAM RESERVOIR RD|陽明山莊,10座(環翠軒),大潭水塘道",13152.785100403657,2771,2342,"{'bay_window': '', 'flat_roof': '', 'roof': '', 'ac_platform': '', 'plant_room': '', 'garden': '', 'yard': ''}",24.6,23.5496,10504,10055.33731853117,5103101140111,1757247,ASP,HRB,淺水灣/壽臣山,1989/11,1989,37,63,18.0,10,blank,HONG KONG PARKVIEW,陽明山莊,True,POINT Z (22.257026 114.200163 0),22.257026,114.200163
1053,2005-10-17,"PARKVIEW CRESCENT(Block 10,HONG KONG PARKVIEW),TAI TAM RESERVOIR RD|陽明山莊,10座(環翠軒),大潭水塘道",13901.305779802073,2771,2342,"{'bay_window': '', 'flat_roof': '', 'roof': '', 'ac_platform': '', 'plant_room': '', 'garden': '', 'yard': ''}",26.0,24.8898,11102,10627.583262169086,5110500690188,1760624,ASP,HRB,淺水灣/壽臣山,1989/11,1989,37,61,16.0,10,blank,HONG KONG PARKVIEW,陽明山莊,True,POINT Z (22.257026 114.200163 0),22.257026,114.200163
1054,2006-02-02,"PARKVIEW CRESCENT(Block 10,HONG KONG PARKVIEW),TAI TAM RESERVOIR RD|陽明山莊,10座(環翠軒),大潭水塘道",13226.858477671669,2771,2342,"{'bay_window': '', 'flat_roof': '', 'roof': '', 'ac_platform': '', 'plant_room': '', 'garden': '', 'yard': ''}",24.38,23.339,10410,9965.414175918018,6021701480041,1821103,PRO-ASP,HRB,淺水灣/壽臣山,1989/11,1989,37,63,6.0,10,blank,HONG KONG PARKVIEW,陽明山莊,True,POINT Z (22.257026 114.200163 0),22.257026,114.200163
1055,2006-03-27,"PARKVIEW CRESCENT(Block 10,HONG KONG PARKVIEW),TAI TAM RESERVOIR RD|陽明山莊,10座(環翠軒),大潭水塘道",13071.42044575711,2771,2342,"{'bay_window': '', 'flat_roof': '', 'roof': '', 'ac_platform': '', 'plant_room': '', 'garden': '', 'yard': ''}",23.8,22.7838,10162,9728.351836037577,6041302890010,1857343,ASP,HRB,淺水灣/壽臣山,1989/11,1989,37,63,1.0,10,blank,HONG KONG PARKVIEW,陽明山莊,True,POINT Z (22.257026 114.200163 0),22.257026,114.200163
1056,2006-12-05,"PARKVIEW CRESCENT(Block 10,HONG KONG PARKVIEW),TAI TAM RESERVOIR RD|陽明山莊,10座(環翠軒),大潭水塘道",13486.473863250723,2771,2342,"{'bay_window': '', 'flat_roof': '', 'roof': '', 'ac_platform': '', 'plant_room': '', 'garden': '', 'yard': ''}",25.5,24.4112,10888,10423.22801024765,7010201710038,2031437,ASP,HRB,淺水灣/壽臣山,1989/11,1989,37,61,17.0,10,blank,HONG KONG PARKVIEW,陽明山莊,True,POINT Z (22.257026 114.200163 0),22.257026,114.200163
1057,2007-04-18,"PARKVIEW CRESCENT(Block 10,HONG KONG PARKVIEW),TAI TAM RESERVOIR RD|陽明山莊,10座(環翠軒),大潭水塘道",13111.75554672279,2771,2342,"{'bay_window': '', 'flat_roof': '', 'roof': '', 'ac_platform': '', 'plant_room': '', 'garden': '', 'yard': ''}",26.0,24.8898,11102,10627.583262169086,7042600280017,2115826,ASP,HRB,淺水灣/壽臣山,1989/11,1989,37,61,15.0,10,blank,HONG KONG PARKVIEW,陽明山莊,True,POINT Z (22.257026 114.200163 0),22.257026,114.200163
1058,2007-05-07,"PARKVIEW CRESCENT(Block 10,HONG KONG PARKVIEW),TAI TAM RESERVOIR RD|陽明山莊,10座(環翠軒),大潭水塘道",13778.1840117561,2771,2342,"{'bay_window': '', 'flat_roof': '', 'roof': '', 'ac_platform': '', 'plant_room': '', 'garden': '', 'yard': ''}",28.1,26.9002,11998,11485.99487617421,7051900470203,2136895,ASP,HRB,淺水灣/壽臣山,1989/11,1989,37,63,11.0,10,blank,HONG KONG PARKVIEW,陽明山莊,True,POINT Z (22.257026 114.200163 0),22.257026,114.200163
1059,2007-06-05,"PARKVIEW CRESCENT(Block 10,HONG KONG PARKVIEW),TAI TAM RESERVOIR RD|陽明山莊,10座(環翠軒),大潭水塘道",12822.97834662372,2771,2342,"{'bay_window': '', 'flat_roof': '', 'roof': '', 'ac_platform': '', 'plant_room': '', 'garden': '', 'yard': ''}",26.1,24.9856,11144,10668.488471391973,7062202720034,2167666,ASP,HRB,淺水灣/壽臣山,1989/11,1989,37,63,7.0,10,blank,HONG KONG PARKVIEW,陽明山莊,True,POINT Z (22.257026 114.200163 0),22.257026,114.200163
1060,2007-10-08,"PARKVIEW CRESCENT(Block 10,HONG KONG PARKVIEW),TAI TAM RESERVOIR RD|陽明山莊,10座(環翠軒),大潭水塘道",13445.408078328232,2771,2342,"{'bay_window': '', 'flat_roof': '', 'roof': '', 'ac_platform': '', 'plant_room': '', 'garden': '', 'yard': ''}",29.68,28.4127,12673,12131.810418445772,7110602160102,2292861,PRO-ASP,HRB,淺水灣/壽臣山,1989/11,1989,37,63,19.0,10,blank,HONG KONG PARKVIEW,陽明山莊,True,POINT Z (22.257026 114.200163 0),22.257026,114.200163
1061,2007-11-06,"PARKVIEW CRESCENT(Block 10,HONG KONG PARKVIEW),TAI TAM RESERVOIR RD|陽明山莊,10座(環翠軒),大潭水塘道",13171.090729469464,2771,2342,"{'bay_window': '', 'flat_roof': '', 'roof': '', 'ac_platform': '', 'plant_room': '', 'garden': '', 'yard': ''}",30.6,29.2934,13066,12507.856532877882,7112201390018,2311793,ASP,HRB,淺水灣/壽臣山,1989/11,1989,37,61,9.0,10,blank,HONG KONG PARKVIEW,陽明山莊,True,POINT Z (22.257026 114.200163 0),22.257026,114.200163
1062,2008-01-17,"PARKVIEW CRESCENT(Block 10,HONG KONG PARKVIEW),TAI TAM RESERVOIR RD|陽明山莊,10座(環翠軒),大潭水塘道",13181.983281771089,2771,2342,"{'bay_window': '', 'flat_roof': '', 'roof': '', 'ac_platform': '', 'plant_room': '', 'garden': '', 'yard': ''}",33.264,31.8437,14203,13596.797608881296,8020502610119,2404971,PRO-ASP,HRB,淺水灣/壽臣山,1989/11,1989,37,63,5.0,10,blank,HONG KONG PARKVIEW,陽明山莊,True,POINT Z (22.257026 114.200163 0),22.257026,114.200163
1063,2008-06-13,"PARKVIEW CRESCENT(Block 10,HONG KONG PARKVIEW),TAI TAM RESERVOIR RD|陽明山莊,10座(環翠軒),大潭水塘道",12816.38792527716,2771,2342,"{'bay_window': '', 'flat_roof': '', 'roof': '', 'ac_platform': '', 'plant_room': '', 'garden': '', 'yard': ''}",33.5,32.0696,14304,13693.2536293766,8062500230071,2544323,PRO-ASP,HRB,淺水灣/壽臣山,1989/11,1989,37,63,10.0,10,blank,HONG KONG PARKVIEW,陽明山莊,True,POINT Z (22.257026 114.200163 0),22.257026,114.200163
1064,2009-05-27,"PARKVIEW CRESCENT(Block 10,HONG KONG PARKVIEW),TAI TAM RESERVOIR RD|陽明山莊,10座(環翠軒),大潭水塘道",12493.681760926716,2771,2342,"{'bay_window': '', 'flat_roof': '', 'roof': '', 'ac_platform': '', 'plant_room': '', 'garden': '', 'yard': ''}",29.5,28.2404,12596,12058.240819812128,9060502420026,2750996,ASP,HRB,淺水灣/壽臣山,1989/11,1989,37,61,10.0,10,blank,HONG KONG PARKVIEW,陽明山莊,True,POINT Z (22.257026 114.200163 0),22.257026,114.200163
1065,2009-05-25,"PARKVIEW CRESCENT(Block 10,HONG KONG PARKVIEW),TAI TAM RESERVOIR RD|陽明山莊,10座(環翠軒),大潭水塘道",13044.254236935316,2771,2342,"{'bay_window': '', 'flat_roof': '', 'roof': '', 'ac_platform': '', 'plant_room': '', 'garden': '', 'yard': ''}",30.8,29.4849,13151,12589.624252775406,9061101320044,2755936,ASP,HRB,淺水灣/壽臣山,1989/11,1989,37,63,17.0,10,blank,HONG KONG PARKVIEW,陽明山莊,True,POINT Z (22.257026 114.200163 0),22.257026,114.200163
1066,2009-06-04,"PARKVIEW CRESCENT(Block 10,HONG KONG PARKVIEW),TAI TAM RESERVOIR RD|陽明山莊,10座(環翠軒),大潭水塘道",13430.677493423673,2771,2342,"{'bay_window': '', 'flat_roof': '', 'roof': '', 'ac_platform': '', 'plant_room': '', 'garden': '', 'yard': ''}",33.5,32.0696,14304,13693.2536293766,9062301240015,2767943,PRO-ASP,HRB,淺水灣/壽臣山,1989/11,1989,37,61,8.0,10,blank,HONG KONG PARKVIEW,陽明山莊,True,POINT Z (22.257026 114.200163 0),22.257026,114.200163
1067,2009-08-30,"PARKVIEW CRESCENT(Block 10,HONG KONG PARKVIEW),TAI TAM RESERVOIR RD|陽明山莊,10座(環翠軒),大潭水塘道",13679.678004140373,2771,2342,"{'bay_window': '', 'flat_roof': '', 'roof': '', 'ac_platform': '', 'plant_room': '', 'garden': '', 'yard': ''}",35.0,33.5056,14944,14306.404782237403,9091800520035,2860343,PRO-ASP,HRB,淺水灣/壽臣山,1989/11,1989,37,63,22.0,10,blank,HONG KONG PARKVIEW,陽明山莊,True,POINT Z (22.257026 114.200163 0),22.257026,114.200163
1068,2009-10-23,"PARKVIEW CRESCENT(Block 10,HONG KONG PARKVIEW),TAI TAM RESERVOIR RD|陽明山莊,10座(環翠軒),大潭水塘道",13603.608930820226,2771,2342,"{'bay_window': '', 'flat_roof': '', 'roof': '', 'ac_platform': '', 'plant_room': '', 'garden': '', 'yard': ''}",36.38,34.8266,15534,14870.452604611442,9111302360112,2915714,ASP,HRB,淺水灣/壽臣山,1989/11,1989,37,61,2.0,10,blank,HONG KONG PARKVIEW,陽明山莊,True,POINT Z (22.257026 114.200163 0),22.257026,114.200163
1069,2010-01-06,"PARKVIEW CRESCENT(Block 10,HONG KONG PARKVIEW),TAI TAM RESERVOIR RD|陽明山莊,10座(環翠軒),大潭水塘道",13540.444605515566,2771,2342,"{'bay_window': '', 'flat_roof': '', 'roof': '', 'ac_platform': '', 'plant_room': '', 'garden': '', 'yard': ''}",37.0,35.4202,15798,15123.91118701964,10012101690215,2978382,ASP,HRB,淺水灣/壽臣山,1989/11,1989,37,61,9.0,10,blank,HONG KONG PARKVIEW,陽明山莊,True,POINT Z (22.257026 114.200163 0),22.257026,114.200163
1070,2010-03-12,"PARKVIEW CRESCENT(Block 10,HONG KONG PARKVIEW),TAI TAM RESERVOIR RD|陽明山莊,10座(環翠軒),大潭水塘道",12899.119691499498,2771,2342,"{'bay_window': '', 'flat_roof': '', 'roof': '', 'ac_platform': '', 'plant_room': '', 'garden': '', 'yard': ''}",38.3,36.6646,16354,15655.251921434672,10031700720012,3034247,ASP,HRB,淺水灣/壽臣山,1989/11,1989,37,61,21.0,10,blank,HONG KONG PARKVIEW,陽明山莊,True,POINT Z (22.257026 114.200163 0),22.257026,114.200163
1071,2010-03-23,"PARKVIEW CRESCENT(Block 10,HONG KONG PARKVIEW),TAI TAM RESERVOIR RD|陽明山莊,10座(環翠軒),大潭水塘道",11848.356808975168,2771,2342,"{'bay_window': '', 'flat_roof': '', 'roof': '', 'ac_platform': '', 'plant_room': '', 'garden': '', 'yard': ''}",35.18,33.6779,15021,14379.97438087105,10032900770036,3045297,ASP,HRB,淺水灣/壽臣山,1989/11,1989,37,63,5.0,10,blank,HONG KONG PARKVIEW,陽明山莊,True,POINT Z (22.257026 114.200163 0),22.257026,114.200163
1072,2010-10-14,"PARKVIEW CRESCENT(Block 10,HONG KONG PARKVIEW),TAI TAM RESERVOIR RD|陽明山莊,10座(環翠軒),大潭水塘道",13629.031632978713,2771,2342,"{'bay_window': '', 'flat_roof': '', 'roof': '', 'ac_platform': '', 'plant_room': '', 'garden': '', 'yard': ''}",43.0,41.164,18360,17576.430401366353,10110901960253,3287041,PRE-ASP,HRB,淺水灣/壽臣山,1989/11,1989,37,61,15.0,10,blank,HONG KONG PARKVIEW,陽明山莊,True,POINT Z (22.257026 114.200163 0),22.257026,114.200163
1073,2010-11-04,"PARKVIEW CRESCENT(Block 10,HONG KONG PARKVIEW),TAI TAM RESERVOIR RD|陽明山莊,10座(環翠軒),大潭水塘道",13440.04778111807,2771,2342,"{'bay_window': '', 'flat_roof': '', 'roof': '', 'ac_platform': '', 'plant_room': '', 'garden': '', 'yard': ''}",43.0,41.164,18360,17576.430401366353,10113002620013,3314291,PRO-ASP,HRB,淺水灣/壽臣山,1988/08,1988,38,63,7.0,10,blank,HONG KONG PARKVIEW,陽明山莊,True,POINT Z (22.257026 114.200163 0),22.257026,114.200163
1074,2012-03-06,"PARKVIEW CRESCENT(Block 10,HONG KONG PARKVIEW),TAI TAM RESERVOIR RD|陽明山莊,10座(環翠軒),大潭水塘道",12402.019919461383,2771,2342,"{'bay_window': '', 'flat_roof': '', 'roof': '', 'ac_platform': '', 'plant_room': '', 'garden': '', 'yard': ''}",46.0,44.0359,19641,18802.69000853971,12031601490050,3668343,ASP,HRB,淺水灣/壽臣山,1988/08,1988,38,63,17.0,10,blank,HONG KONG PARKVIEW,陽明山莊,True,POINT Z (22.257026 114.200163 0),22.257026,114.200163
1075,2012-03-28,"PARKVIEW CRESCENT(Block 10,HONG KONG PARKVIEW),TAI TAM RESERVOIR RD|陽明山莊,10座(環翠軒),大潭水塘道",11053.977337284072,2771,2342,"{'bay_window': '', 'flat_roof': '', 'roof': '', 'ac_platform': '', 'plant_room': '', 'garden': '', 'yard': ''}",41.0,39.2494,17506,16758.923996584115,12042002410019,3693152,ASP,HRB,淺水灣/壽臣山,1988/08,1988,38,63,18.0,10,blank,HONG KONG PARKVIEW,陽明山莊,True,POINT Z (22.257026 114.200163 0),22.257026,114.200163
1076,2013-01-11,"PARKVIEW CRESCENT(Block 10,HONG KONG PARKVIEW),TAI TAM RESERVOIR RD|陽明山莊,10座(環翠軒),大潭水塘道",10914.310723018854,2771,2342,"{'bay_window': '', 'flat_roof': '', 'roof': '', 'ac_platform': '', 'plant_room': '', 'garden': '', 'yard': ''}",47.5,45.4718,20282,19415.798462852264,13012100600102,3908098,ASP,HRB,淺水灣/壽臣山,1988/08,1988,38,63,12.0,10,blank,HONG KONG PARKVIEW,陽明山莊,True,POINT Z (22.257026 114.200163 0),22.257026,114.200163
1077,2015-12-28,"PARKVIEW CRESCENT(Block 10,HONG KONG PARKVIEW),TAI TAM RESERVOIR RD|陽明山莊,10座(環翠軒),大潭水塘道",10227.17905027062,2771,2342,"{'bay_window': '', 'flat_roof': '', 'roof': '', 'ac_platform': '', 'plant_room': '', 'garden': '', 'yard': ''}",51.5,49.301,21990,21050.811272416737,16012200660149,4468646,PRO-ASP,HRB,淺水灣/壽臣山,1988/08,1988,38,61,20.0,10,blank,HONG KONG PARKVIEW,陽明山莊,True,POINT Z (22.257026 114.200163 0),22.257026,114.200163
1078,2016-08-30,"PARKVIEW CRESCENT(Block 10,HONG KONG PARKVIEW),TAI TAM RESERVOIR RD|陽明山莊,10座(環翠軒),大潭水塘道",11090.438184485492,2771,2342,"{'bay_window': '', 'flat_roof': '', 'roof': '', 'ac_platform': '', 'plant_room': '', 'garden': '', 'yard': ''}",54.0,51.6943,23057,22072.71562766866,16090800200154,4557866,ASP,HRB,淺水灣/壽臣山,1988/08,1988,38,63,8.0,10,blank,HONG KONG PARKVIEW,陽明山莊,True,POINT Z (22.257026 114.200163 0),22.257026,114.200163
1079,2017-10-10,"PARKVIEW CRESCENT(Block 10,HONG KONG PARKVIEW),TAI TAM RESERVOIR RD|陽明山莊,10座(環翠軒),大潭水塘道",11166.88835321168,2771,2342,"{'bay_window': '', 'flat_roof': '', 'roof': '', 'ac_platform': '', 'plant_room': '', 'garden': '', 'yard': ''}",60.0,60.0,25619,25619.12894961571,17110101780102,5241925,ASP,HRB,淺水灣/壽臣山,1988/08,1988,38,63,11.0,10,blank,HONG KONG PARKVIEW,陽明山莊,False,POINT Z (22.257026 114.200163 0),22.257026,114.200163
1080,2018-03-02,"PARKVIEW CRESCENT(Block 10,HONG KONG PARKVIEW),TAI TAM RESERVOIR RD|陽明山莊,10座(環翠軒),大潭水塘道",11165.528368710831,2771,2342,"{'bay_window': '', 'flat_roof': '', 'roof': '', 'ac_platform': '', 'plant_room': '', 'garden': '', 'yard': ''}",65.0,65.0,27754,27754.056362083687,18032300340042,5323266,PRE-ASP,HRB,淺水灣/壽臣山,1988/08,1988,38,61,3.0,10,blank,HONG KONG PARKVIEW,陽明山莊,False,POINT Z (22.257026 114.200163 0),22.257026,114.200163
1081,2018-03-22,"PARKVIEW CRESCENT(Block 10,HONG KONG PARKVIEW),TAI TAM RESERVOIR RD|陽明山莊,10座(環翠軒),大潭水塘道",11680.860447266718,2771,2342,"{'bay_window': '', 'flat_roof': '', 'roof': '', 'ac_platform': '', 'plant_room': '', 'garden': '', 'yard': ''}",68.0,68.0,29035,29035.01280956448,18032801400025,5326467,ASP,HRB,淺水灣/壽臣山,1988/08,1988,38,61,11.0,10,blank,HONG KONG PARKVIEW,陽明山莊,False,POINT Z (22.257026 114.200163 0),22.257026,114.200163
1082,2021-06-10,"PARKVIEW CRESCENT(Block 10,HONG KONG PARKVIEW),TAI TAM RESERVOIR RD|陽明山莊,10座(環翠軒),大潭水塘道",12139.041588935524,2771,2342,"{'bay_window': '', 'flat_roof': '', 'roof': '', 'ac_platform': '', 'plant_room': '', 'garden': '', 'yard': ''}",75.0,75.0,32024,32023.911187019643,21062302290012,5939654,ASP,HRB,淺水灣/壽臣山,1988/08,1988,38,63,7.0,10,blank,HONG KONG PARKVIEW,陽明山莊,False,POINT Z (22.257026 114.200163 0),22.257026,114.200163
1083,2021-07-30,"PARKVIEW CRESCENT(Block 10,HONG KONG PARKVIEW),TAI TAM RESERVOIR RD|陽明山莊,10座(環翠軒),大潭水塘道",11707.592229697597,2771,2342,"{'bay_window': '', 'flat_roof': '', 'roof': '', 'ac_platform': '', 'plant_room': '', 'garden': '', 'yard': ''}",71.5,71.5,30529,30529.46199829206,21082602390136,5986402,ASP,HRB,淺水灣/壽臣山,1988/08,1988,38,61,12.0,10,blank,HONG KONG PARKVIEW,陽明山莊,False,POINT Z (22.257026 114.200163 0),22.257026,114.200163
1084,2021-12-13,"PARKVIEW CRESCENT(Block 10,HONG KONG PARKVIEW),TAI TAM RESERVOIR RD|陽明山莊,10座(環翠軒),大潭水塘道",11560.72138714036,2771,2342,"{'bay_window': '', 'flat_roof': '', 'roof': '', 'ac_platform': '', 'plant_room': '', 'garden': '', 'yard': ''}",70.0,70.0,29889,29888.983774551667,22011000470125,6068677,MEM-ASP,HRB,淺水灣/壽臣山,1988/08,1988,38,61,16.0,10,blank,HONG KONG PARKVIEW,陽明山莊,False,POINT Z (22.257026 114.200163 0),22.257026,114.200163
1085,2021-12-13,"PARKVIEW CRESCENT(Block 10,HONG KONG PARKVIEW),TAI TAM RESERVOIR RD|陽明山莊,10座(環翠軒),大潭水塘道",11560.72138714036,2771,2342,"{'bay_window': '', 'flat_roof': '', 'roof': '', 'ac_platform': '', 'plant_room': '', 'garden': '', 'yard': ''}",70.0,70.0,29889,29888.983774551667,22011000470138,6068678,MEM-ASP,HRB,淺水灣/壽臣山,1988/08,1988,38,63,16.0,10,blank,HONG KONG PARKVIEW,陽明山莊,False,POINT Z (22.257026 114.200163 0),22.257026,114.200163
1086,2025-02-26,"PARKVIEW CRESCENT(Block 10,HONG KONG PARKVIEW),TAI TAM RESERVOIR RD|陽明山莊,10座(環翠軒),大潭水塘道",12908.177650883812,5542,4684,"{'bay_window': '', 'flat_roof': '', 'roof': '', 'ac_platform': '', 'plant_room': '', 'garden': '', 'yard': ''}",109.0,109.0,23271,23270.70879590094,25032100610059,6558930,PRE-ASP,HRB,淺水灣/壽臣山,1988/08,1988,38,61,16.0,10,blank,HONG KONG PARKVIEW,陽明山莊,False,POINT Z (22.257026 114.200163 0),22.257026,114.200163
1087,2025-04-06,"PARKVIEW CRESCENT(Block 10,HONG KONG PARKVIEW),TAI TAM RESERVOIR RD|陽明山莊,10座(環翠軒),大潭水塘道",16436.119581803705,5542,4684,"{'bay_window': '', 'flat_roof': '', 'roof': '2144', 'ac_platform': '', 'plant_room': '', 'garden': '', 'yard': ''}",138.0,138.0,29462,29461.99829205807,25042801570072,6576418,PRO-ASP,HRB,淺水灣/壽臣山,1988/08,1988,38,61,23.0,10,blank,HONG KONG PARKVIEW,陽明山莊,False,POINT Z (22.257026 114.200163 0),22.257026,114.200163
1088,1997-07-08,"PARKVIEW TERR(Block 11,HONG KONG PARKVIEW),TAI TAM RESERVOIR RD|陽明山莊,11座(涵碧苑),大潭水塘道",14237.276015844189,2490,2049,"{'bay_window': '', 'flat_roof': '', 'roof': '', 'ac_platform': '', 'plant_room': '', 'garden': '', 'yard': ''}",36.0,34.243,17570,16712.05466081015,7211886,5085775,ASP,HRB,淺水灣/壽臣山,1989/11,1989,37,67,6.0,11,blank,HONG KONG PARKVIEW,陽明山莊,True,POINT Z (22.256909 114.199484 0),22.256909,114.199484
1089,1997-09-29,"PARKVIEW TERR(Block 11,HONG KONG PARKVIEW),TAI TAM RESERVOIR RD|陽明山莊,11座(涵碧苑),大潭水塘道",12429.24144102122,2490,2049,"{'bay_window': '', 'flat_roof': '', 'roof': '', 'ac_platform': '', 'plant_room': '', 'garden': '', 'yard': ''}",32.089,30.5229,15661,14896.486090775988,7295933,5114441,ASP,HRB,淺水灣/壽臣山,1989/11,1989,37,67,2.0,11,blank,HONG KONG PARKVIEW,陽明山莊,True,POINT Z (22.256909 114.199484 0),22.256909,114.199484
1090,1997-10-09,"PARKVIEW TERR(Block 11,HONG KONG PARKVIEW),TAI TAM RESERVOIR RD|陽明山莊,11座(涵碧苑),大潭水塘道",15408.055153921485,2490,2049,"{'bay_window': '', 'flat_roof': '', 'roof': '', 'ac_platform': '', 'plant_room': '', 'garden': '', 'yard': ''}",40.8,38.8088,19912,18940.361151781355,7324828,5126067,ASP,HRB,淺水灣/壽臣山,1989/11,1989,37,67,10.0,11,blank,HONG KONG PARKVIEW,陽明山莊,True,POINT Z (22.256909 114.199484 0),22.256909,114.199484
1091,1997-12-11,"PARKVIEW TERR(Block 11,HONG KONG PARKVIEW),TAI TAM RESERVOIR RD|陽明山莊,11座(涵碧苑),大潭水塘道",13411.746994772657,2490,2049,"{'bay_window': '', 'flat_roof': '', 'roof': '', 'ac_platform': '', 'plant_room': '', 'garden': '', 'yard': ''}",32.0,30.4383,15617,14855.19765739385,7386704,5148873,ASP,HRB,淺水灣/壽臣山,1989/11,1989,37,67,22.0,11,blank,HONG KONG PARKVIEW,陽明山莊,True,POINT Z (22.256909 114.199484 0),22.256909,114.199484
1092,1998-11-16,"PARKVIEW TERR(Block 11,HONG KONG PARKVIEW),TAI TAM RESERVOIR RD|陽明山莊,11座(涵碧苑),大潭水塘道",11097.24788696954,2490,2049,"{'bay_window': '', 'flat_roof': '', 'roof': '', 'ac_platform': '', 'plant_room': '', 'garden': '', 'yard': ''}",17.0,16.1703,8297,7891.800878477306,7631535,92766,ASP,HRB,淺水灣/壽臣山,1989/11,1989,37,67,7.0,11,blank,HONG KONG PARKVIEW,陽明山莊,True,POINT Z (22.256909 114.199484 0),22.256909,114.199484
1093,1998-12-03,"PARKVIEW TERR(Block 11,HONG KONG PARKVIEW),TAI TAM RESERVOIR RD|陽明山莊,11座(涵碧苑),大潭水塘道",11244.651298546887,2490,2049,"{'bay_window': '', 'flat_roof': '', 'roof': '', 'ac_platform': '', 'plant_room': '', 'garden': '', 'yard': ''}",17.68,16.8171,8629,8207.467057101025,7634277,95649,ASP,HRB,淺水灣/壽臣山,1989/11,1989,37,67,19.0,11,blank,HONG KONG PARKVIEW,陽明山莊,True,POINT Z (22.256909 114.199484 0),22.256909,114.199484
1094,1998-12-21,"PARKVIEW TERR(Block 11,HONG KONG PARKVIEW),TAI TAM RESERVOIR RD|陽明山莊,11座(涵碧苑),大潭水塘道",11244.651298546887,2490,2049,"{'bay_window': '', 'flat_roof': '', 'roof': '', 'ac_platform': '', 'plant_room': '', 'garden': '', 'yard': ''}",17.68,16.8171,8629,8207.467057101025,7659410,120498,ASP,HRB,淺水灣/壽臣山,1989/11,1989,37,67,23.0,11,blank,HONG KONG PARKVIEW,陽明山莊,True,POINT Z (22.256909 114.199484 0),22.256909,114.199484
1095,1999-01-05,"PARKVIEW TERR(Block 11,HONG KONG PARKVIEW),TAI TAM RESERVOIR RD|陽明山莊,11座(涵碧苑),大潭水塘道",11542.659930402224,2490,2049,"{'bay_window': '', 'flat_roof': '', 'roof': '', 'ac_platform': '', 'plant_room': '', 'garden': '', 'yard': ''}",18.0,17.1215,8785,8356.027330405075,7667862,126607,ASP,HRB,淺水灣/壽臣山,1989/11,1989,37,67,22.0,11,blank,HONG KONG PARKVIEW,陽明山莊,True,POINT Z (22.256909 114.199484 0),22.256909,114.199484
1096,1999-04-15,"PARKVIEW TERR(Block 11,HONG KONG PARKVIEW),TAI TAM RESERVOIR RD|陽明山莊,11座(涵碧苑),大潭水塘道",11938.06140347115,2490,2049,"{'bay_window': '', 'flat_roof': '', 'roof': '', 'ac_platform': '', 'plant_room': '', 'garden': '', 'yard': ''}",19.0,18.0727,9273,8820.253782332846,7746054,209460,PRO-ASP,HRB,淺水灣/壽臣山,1989/11,1989,37,67,8.0,11,blank,HONG KONG PARKVIEW,陽明山莊,True,POINT Z (22.256909 114.199484 0),22.256909,114.199484
1097,1999-04-29,"PARKVIEW TERR(Block 11,HONG KONG PARKVIEW),TAI TAM RESERVOIR RD|陽明山莊,11座(涵碧苑),大潭水塘道",10995.577656688843,2490,2049,"{'bay_window': '', 'flat_roof': '', 'roof': '', 'ac_platform': '', 'plant_room': '', 'garden': '', 'yard': ''}",17.5,16.6459,8541,8123.914104441192,7761096,211601,ASP,HRB,淺水灣/壽臣山,1989/11,1989,37,67,5.0,11,blank,HONG KONG PARKVIEW,陽明山莊,True,POINT Z (22.256909 114.199484 0),22.256909,114.199484
1098,1999-05-14,"PARKVIEW TERR(Block 11,HONG KONG PARKVIEW),TAI TAM RESERVOIR RD|陽明山莊,11座(涵碧苑),大潭水塘道",11392.364525618155,2490,2049,"{'bay_window': '', 'flat_roof': '', 'roof': '', 'ac_platform': '', 'plant_room': '', 'garden': '', 'yard': ''}",18.08,17.197599999999998,8824,8393.167398731086,7779218,227024,ASP,HRB,淺水灣/壽臣山,1989/11,1989,37,67,12.0,11,blank,HONG KONG PARKVIEW,陽明山莊,True,POINT Z (22.256909 114.199484 0),22.256909,114.199484
1099,2001-01-10,"PARKVIEW TERR(Block 11,HONG KONG PARKVIEW),TAI TAM RESERVOIR RD|陽明山莊,11座(涵碧苑),大潭水塘道",11748.401743294477,2490,2049,"{'bay_window': '', 'flat_roof': '', 'roof': '', 'ac_platform': '', 'plant_room': '', 'garden': '', 'yard': ''}",15.9,15.124,7760,7381.161542215715,8301725,612840,ASP,HRB,淺水灣/壽臣山,1989/11,1989,37,67,16.0,11,blank,HONG KONG PARKVIEW,陽明山莊,True,POINT Z (22.256909 114.199484 0),22.256909,114.199484
1100,2002-02-08,"PARKVIEW TERR(Block 11,HONG KONG PARKVIEW),TAI TAM RESERVOIR RD|陽明山莊,11座(涵碧苑),大潭水塘道",11525.428590454594,2490,2049,"{'bay_window': '', 'flat_roof': '', 'roof': '', 'ac_platform': '', 'plant_room': '', 'garden': '', 'yard': ''}",14.5,13.7923,7077,6731.234748657882,8624156,864364,ASP,HRB,淺水灣/壽臣山,1989/11,1989,37,67,9.0,11,blank,HONG KONG PARKVIEW,陽明山莊,True,POINT Z (22.256909 114.199484 0),22.256909,114.199484
1101,2002-03-22,"PARKVIEW TERR(Block 11,HONG KONG PARKVIEW),TAI TAM RESERVOIR RD|陽明山莊,11座(涵碧苑),大潭水塘道",9864.503657142886,2490,2049,"{'bay_window': '', 'flat_roof': '', 'roof': '', 'ac_platform': '', 'plant_room': '', 'garden': '', 'yard': ''}",12.0,11.4143,5857,5570.668618838457,8652201,884943,ASP,HRB,淺水灣/壽臣山,1989/11,1989,37,67,2.0,11,blank,HONG KONG PARKVIEW,陽明山莊,True,POINT Z (22.256909 114.199484 0),22.256909,114.199484
1102,2002-05-17,"PARKVIEW TERR(Block 11,HONG KONG PARKVIEW),TAI TAM RESERVOIR RD|陽明山莊,11座(涵碧苑),大潭水塘道",11616.118618206148,2490,2049,"{'bay_window': '', 'flat_roof': '', 'roof': '', 'ac_platform': '', 'plant_room': '', 'garden': '', 'yard': ''}",14.1,13.4119,6881,6545.583211322596,8698579,920184,ASP,HRB,淺水灣/壽臣山,1989/11,1989,37,67,20.0,11,blank,HONG KONG PARKVIEW,陽明山莊,True,POINT Z (22.256909 114.199484 0),22.256909,114.199484
1103,2003-09-27,"PARKVIEW TERR(Block 11,HONG KONG PARKVIEW),TAI TAM RESERVOIR RD|陽明山莊,11座(涵碧苑),大潭水塘道",12819.104305239976,2490,2049,"{'bay_window': '', 'flat_roof': '', 'roof': '', 'ac_platform': '', 'plant_room': '', 'garden': '', 'yard': ''}",14.08,13.3928,6872,6536.26159102001,9030094,1182613,ASP,HRB,淺水灣/壽臣山,1989/11,1989,37,67,7.0,11,blank,HONG KONG PARKVIEW,陽明山莊,True,POINT Z (22.256909 114.199484 0),22.256909,114.199484
1104,2003-11-11,"PARKVIEW TERR(Block 11,HONG KONG PARKVIEW),TAI TAM RESERVOIR RD|陽明山莊,11座(涵碧苑),大潭水塘道",12121.638490800044,2490,2049,"{'bay_window': '', 'flat_roof': '', 'roof': '', 'ac_platform': '', 'plant_room': '', 'garden': '', 'yard': ''}",14.25,13.5545,6955,6615.178135675939,9074214,1218726,PRO-ASP,HRB,淺水灣/壽臣山,1989/11,1989,37,67,6.0,11,blank,HONG KONG PARKVIEW,陽明山莊,True,POINT Z (22.256909 114.199484 0),22.256909,114.199484
1105,2004-01-21,"PARKVIEW TERR(Block 11,HONG KONG PARKVIEW),TAI TAM RESERVOIR RD|陽明山莊,11座(涵碧苑),大潭水塘道",14198.69887882052,2490,2049,"{'bay_window': '', 'flat_roof': '', 'roof': '', 'ac_platform': '', 'plant_room': '', 'garden': '', 'yard': ''}",18.5,17.5971,9029,8588.14055636896,9135777,1264664,ASP,HRB,淺水灣/壽臣山,1989/11,1989,37,67,22.0,11,blank,HONG KONG PARKVIEW,陽明山莊,True,POINT Z (22.256909 114.199484 0),22.256909,114.199484
1106,2005-10-15,"PARKVIEW TERR(Block 11,HONG KONG PARKVIEW),TAI TAM RESERVOIR RD|陽明山莊,11座(涵碧苑),大潭水塘道",13881.121421450664,2490,2049,"{'bay_window': '', 'flat_roof': '', 'roof': '', 'ac_platform': '', 'plant_room': '', 'garden': '', 'yard': ''}",22.86,21.7443,11157,10612.152269399709,5110201390111,1758824,ASP,HRB,淺水灣/壽臣山,1989/11,1989,37,67,20.0,11,blank,HONG KONG PARKVIEW,陽明山莊,True,POINT Z (22.256909 114.199484 0),22.256909,114.199484
1107,2005-12-07,"PARKVIEW TERR(Block 11,HONG KONG PARKVIEW),TAI TAM RESERVOIR RD|陽明山莊,11座(涵碧苑),大潭水塘道",14091.563667378676,2490,2049,"{'bay_window': '', 'flat_roof': '', 'roof': '', 'ac_platform': '', 'plant_room': '', 'garden': '', 'yard': ''}",22.077,20.9995,10775,10248.657881893609,5123000210066,1793611,ASP,HRB,淺水灣/壽臣山,1989/11,1989,37,67,7.0,11,blank,HONG KONG PARKVIEW,陽明山莊,True,POINT Z (22.256909 114.199484 0),22.256909,114.199484
1108,2007-02-15,"PARKVIEW TERR(Block 11,HONG KONG PARKVIEW),TAI TAM RESERVOIR RD|陽明山莊,11座(涵碧苑),大潭水塘道",17359.12441994765,2490,2049,"{'bay_window': '', 'flat_roof': '', 'roof': '', 'ac_platform': '', 'plant_room': '', 'garden': '', 'yard': ''}",29.5,28.0603,14397,13694.631527574427,7031400920181,2084971,PRO-ASP,HRB,淺水灣/壽臣山,1989/11,1989,37,67,6.0,11,blank,HONG KONG PARKVIEW,陽明山莊,True,POINT Z (22.256909 114.199484 0),22.256909,114.199484
1109,2007-11-03,"PARKVIEW TERR(Block 11,HONG KONG PARKVIEW),TAI TAM RESERVOIR RD|陽明山莊,11座(涵碧苑),大潭水塘道",14704.325512623964,2490,2049,"{'bay_window': '', 'flat_roof': '', 'roof': '', 'ac_platform': '', 'plant_room': '', 'garden': '', 'yard': ''}",30.08,28.612,14680,13963.884821864323,7112301070383,2313674,PRO-ASP,HRB,淺水灣/壽臣山,1989/11,1989,37,67,18.0,11,blank,HONG KONG PARKVIEW,陽明山莊,True,POINT Z (22.256909 114.199484 0),22.256909,114.199484
1110,2009-11-05,"PARKVIEW TERR(Block 11,HONG KONG PARKVIEW),TAI TAM RESERVOIR RD|陽明山莊,11座(涵碧苑),大潭水塘道",15211.58172160174,2490,2049,"{'bay_window': '', 'flat_roof': '', 'roof': '', 'ac_platform': '', 'plant_room': '', 'garden': '', 'yard': ''}",36.2,34.4333,17667,16804.92923377257,9111102470138,2912888,ASP,HRB,淺水灣/壽臣山,1989/11,1989,37,67,18.0,11,blank,HONG KONG PARKVIEW,陽明山莊,True,POINT Z (22.256909 114.199484 0),22.256909,114.199484
1111,2015-02-03,"PARKVIEW TERR(Block 11,HONG KONG PARKVIEW),TAI TAM RESERVOIR RD|陽明山莊,11座(涵碧苑),大潭水塘道",10898.258316684742,2490,2049,"{'bay_window': '', 'flat_roof': '', 'roof': '', 'ac_platform': '', 'plant_room': '', 'garden': '', 'yard': ''}",48.0,45.6574,23426,22282.772083943382,15022401160121,4303846,ASP,HRB,淺水灣/壽臣山,1988/08,1988,38,67,17.0,11,blank,HONG KONG PARKVIEW,陽明山莊,True,POINT Z (22.256909 114.199484 0),22.256909,114.199484
1112,2015-06-12,"PARKVIEW TERR(Block 11,HONG KONG PARKVIEW),TAI TAM RESERVOIR RD|陽明山莊,11座(涵碧苑),大潭水塘道",11768.05415821334,2620,2157,"{'bay_window': '', 'flat_roof': '', 'roof': '', 'ac_platform': '', 'plant_room': '', 'garden': '', 'yard': ''}",55.0,52.4502,25498,24316.27260083449,15062602670034,4374617,ASP,HRB,淺水灣/壽臣山,1988/08,1988,38,65,12.0,11,blank,HONG KONG PARKVIEW,陽明山莊,True,POINT Z (22.256909 114.199484 0),22.256909,114.199484
1113,2016-11-16,"PARKVIEW TERR(Block 11,HONG KONG PARKVIEW),TAI TAM RESERVOIR RD|陽明山莊,11座(涵碧苑),大潭水塘道",11781.529822923389,2620,2157,"{'bay_window': '', 'flat_roof': '', 'roof': '', 'ac_platform': '', 'plant_room': '', 'garden': '', 'yard': ''}",56.3,53.6899,26101,24891.0060268892,16121300790070,4613887,ASP,HRB,淺水灣/壽臣山,1988/08,1988,38,65,15.0,11,blank,HONG KONG PARKVIEW,陽明山莊,True,POINT Z (22.256909 114.199484 0),22.256909,114.199484
1114,2017-08-18,"PARKVIEW TERR(Block 11,HONG KONG PARKVIEW),TAI TAM RESERVOIR RD|陽明山莊,11座(涵碧苑),大潭水塘道",11710.79146286749,2490,2049,"{'bay_window': '', 'flat_roof': '', 'roof': '', 'ac_platform': '', 'plant_room': '', 'garden': '', 'yard': ''}",58.0,55.1694,28306,26925.036603221084,17090100440067,4762843,ASP,HRB,淺水灣/壽臣山,1988/08,1988,38,67,8.0,11,blank,HONG KONG PARKVIEW,陽明山莊,True,POINT Z (22.256909 114.199484 0),22.256909,114.199484
1115,2017-12-20,"PARKVIEW TERR(Block 11,HONG KONG PARKVIEW),TAI TAM RESERVOIR RD|陽明山莊,11座(涵碧苑),大潭水塘道",12781.146440361808,2620,2157,"{'bay_window': '', 'flat_roof': '', 'roof': '', 'ac_platform': '', 'plant_room': '', 'garden': '', 'yard': ''}",65.0,65.0,30134,30134.44598980065,18011500270011,5283944,PRO-ASP,HRB,淺水灣/壽臣山,1988/08,1988,38,65,3.0,11,blank,HONG KONG PARKVIEW,陽明山莊,False,POINT Z (22.256909 114.199484 0),22.256909,114.199484
1116,2018-11-26,"PARKVIEW TERR(Block 11,HONG KONG PARKVIEW),TAI TAM RESERVOIR RD|陽明山莊,11座(涵碧苑),大潭水塘道",13540.094185071775,2490,2049,"{'bay_window': '', 'flat_roof': '', 'roof': '', 'ac_platform': '', 'plant_room': '', 'garden': '', 'yard': ''}",66.8,66.8,32601,32601.268911664225,19011801960029,5487266,ASP,HRB,淺水灣/壽臣山,1988/08,1988,38,67,16.0,11,blank,HONG KONG PARKVIEW,陽明山莊,False,POINT Z (22.256909 114.199484 0),22.256909,114.199484
1117,2019-05-17,"PARKVIEW TERR(Block 11,HONG KONG PARKVIEW),TAI TAM RESERVOIR RD|陽明山莊,11座(涵碧苑),大潭水塘道",12772.100585512548,2490,2049,"{'bay_window': '', 'flat_roof': '', 'roof': '', 'ac_platform': '', 'plant_room': '', 'garden': '', 'yard': ''}",69.5,69.5,33919,33918.98487066862,19060502000056,5560489,ASP,HRB,淺水灣/壽臣山,1988/08,1988,38,67,10.0,11,blank,HONG KONG PARKVIEW,陽明山莊,False,POINT Z (22.256909 114.199484 0),22.256909,114.199484
1118,2020-09-30,"PARKVIEW TERR(Block 11,HONG KONG PARKVIEW),TAI TAM RESERVOIR RD|陽明山莊,11座(涵碧苑),大潭水塘道",11635.27964106564,2490,2049,"{'bay_window': '', 'flat_roof': '', 'roof': '', 'ac_platform': '', 'plant_room': '', 'garden': '', 'yard': ''}",60.5,60.5,29527,29526.598340653974,20101402450056,5789337,ASP,HRB,淺水灣/壽臣山,1988/08,1988,38,67,9.0,11,blank,HONG KONG PARKVIEW,陽明山莊,False,POINT Z (22.256909 114.199484 0),22.256909,114.199484
1119,2021-03-31,"PARKVIEW TERR(Block 11,HONG KONG PARKVIEW),TAI TAM RESERVOIR RD|陽明山莊,11座(涵碧苑),大潭水塘道",13107.60094289043,2620,2157,"{'bay_window': '', 'flat_roof': '', 'roof': '', 'ac_platform': '', 'plant_room': '', 'garden': '', 'yard': ''}",71.8,71.8,33287,33286.97264719518,21041501060367,5892279,ASP,HRB,淺水灣/壽臣山,1988/08,1988,38,65,15.0,11,blank,HONG KONG PARKVIEW,陽明山莊,False,POINT Z (22.256909 114.199484 0),22.256909,114.199484
1120,2022-11-04,"PARKVIEW TERR(Block 11,HONG KONG PARKVIEW),TAI TAM RESERVOIR RD|陽明山莊,11座(涵碧苑),大潭水塘道",9005.809302359203,2490,2049,"{'bay_window': '', 'flat_roof': '', 'roof': '', 'ac_platform': '', 'plant_room': '', 'garden': '', 'yard': ''}",40.0,40.0,19522,19521.717911176183,22112901370035,6208405,MEM-ASP,HRB,淺水灣/壽臣山,1988/08,1988,38,67,8.0,11,blank,HONG KONG PARKVIEW,陽明山莊,False,POINT Z (22.256909 114.199484 0),22.256909,114.199484
1121,2024-01-30,"PARKVIEW TERR(Block 11,HONG KONG PARKVIEW),TAI TAM RESERVOIR RD|陽明山莊,11座(涵碧苑),大潭水塘道",15114.2428304299,2620,2157,"{'bay_window': '', 'flat_roof': '', 'roof': '', 'ac_platform': '', 'plant_room': '', 'garden': '', 'yard': ''}",61.8,61.8,28651,28650.90403337969,24022701690108,6387229,PRO-ASP,HRB,淺水灣/壽臣山,1988/08,1988,38,65,15.0,11,blank,HONG KONG PARKVIEW,陽明山莊,False,POINT Z (22.256909 114.199484 0),22.256909,114.199484
1122,2024-05-10,"PARKVIEW TERR(Block 11,HONG KONG PARKVIEW),TAI TAM RESERVOIR RD|陽明山莊,11座(涵碧苑),大潭水塘道",13187.798829789568,2490,2049,"{'bay_window': '', 'flat_roof': '', 'roof': '', 'ac_platform': '', 'plant_room': '', 'garden': '', 'yard': ''}",53.0,53.0,25866,25866.276232308443,24053001860010,6430251,ASP,HRB,淺水灣/壽臣山,1988/08,1988,38,67,2.0,11,blank,HONG KONG PARKVIEW,陽明山莊,False,POINT Z (22.256909 114.199484 0),22.256909,114.199484
1123,2025-01-27,"PARKVIEW TERR(Block 11,HONG KONG PARKVIEW),TAI TAM RESERVOIR RD|陽明山莊,11座(涵碧苑),大潭水塘道",12936.90004570141,2490,2049,"{'bay_window': '', 'flat_roof': '', 'roof': '', 'ac_platform': '', 'plant_room': '', 'garden': '', 'yard': ''}",48.0,48.0,23426,23426.06149341142,25021200830013,6542025,ASP,HRB,淺水灣/壽臣山,1988/08,1988,38,67,8.0,11,blank,HONG KONG PARKVIEW,陽明山莊,False,POINT Z (22.256909 114.199484 0),22.256909,114.199484
1124,1997-09-03,"PARKVIEW CORNER(Block 18,HONG KONG PARKVIEW),TAI TAM RESERVOIR RD|陽明山莊,18座(眺景台),大潭水塘道",15173.33632918679,2570,2067,"{'bay_window': '', 'flat_roof': '', 'roof': '', 'ac_platform': '', 'plant_room': '', 'garden': '', 'yard': ''}",39.5,37.589,19110,18185.292694726657,7282560,5107976,ASP,HRB,淺水灣/壽臣山,1989/11,1989,37,95,23.0,18,blank,HONG KONG PARKVIEW,陽明山莊,True,POINT Z (22.257695 114.198495 0),22.257695,114.198495
1125,1997-09-12,"PARKVIEW CORNER(Block 18,HONG KONG PARKVIEW),TAI TAM RESERVOIR RD|陽明山莊,18座(眺景台),大潭水塘道",15764.827037589204,2620,2171,"{'bay_window': '', 'flat_roof': '', 'roof': '1962', 'ac_platform': '', 'plant_room': '', 'garden': '', 'yard': ''}",43.0,41.0193,19807,18894.19622293874,7302528,5116746,ASP,HRB,淺水灣/壽臣山,1989/11,1989,37,97,23.0,18,blank,HONG KONG PARKVIEW,陽明山莊,True,POINT Z (22.257695 114.198495 0),22.257695,114.198495
1126,2001-03-03,"PARKVIEW CORNER(Block 18,HONG KONG PARKVIEW),TAI TAM RESERVOIR RD|陽明山莊,18座(眺景台),大潭水塘道",12433.089931919354,2570,2067,"{'bay_window': '', 'flat_roof': '', 'roof': '', 'ac_platform': '', 'plant_room': '', 'garden': '', 'yard': ''}",17.0,16.177599999999998,8224,7826.608611514271,8347636,648836,ASP,HRB,淺水灣/壽臣山,1989/11,1989,37,95,23.0,18,blank,HONG KONG PARKVIEW,陽明山莊,True,POINT Z (22.257695 114.198495 0),22.257695,114.198495
1127,2001-12-05,"PARKVIEW CORNER(Block 18,HONG KONG PARKVIEW),TAI TAM RESERVOIR RD|陽明山莊,18座(眺景台),大潭水塘道",13311.082218892512,2570,2067,"{'bay_window': '', 'flat_roof': '', 'roof': '', 'ac_platform': '', 'plant_room': '', 'garden': '', 'yard': ''}",16.8,15.9872,8128,7734.494436381229,8599866,846877,PRO-ASP,HRB,淺水灣/壽臣山,1989/11,1989,37,95,23.0,18,blank,HONG KONG PARKVIEW,陽明山莊,True,POINT Z (22.257695 114.198495 0),22.257695,114.198495
1128,2003-09-04,"PARKVIEW CORNER(Block 18,HONG KONG PARKVIEW),TAI TAM RESERVOIR RD|陽明山莊,18座(眺景台),大潭水塘道",14908.50049586108,2620,2171,"{'bay_window': '', 'flat_roof': '', 'roof': '1962', 'ac_platform': '', 'plant_room': '', 'garden': '', 'yard': ''}",17.3,16.5031,7969,7601.612160294795,9014112,1168055,ASP,HRB,淺水灣/壽臣山,1989/11,1989,37,97,23.0,18,blank,HONG KONG PARKVIEW,陽明山莊,True,POINT Z (22.257695 114.198495 0),22.257695,114.198495
1129,2005-04-06,"PARKVIEW CORNER(Block 18,HONG KONG PARKVIEW),TAI TAM RESERVOIR RD|陽明山莊,18座(眺景台),大潭水塘道",16561.455918352345,2620,2171,"{'bay_window': '', 'flat_roof': '', 'roof': '1962', 'ac_platform': '', 'plant_room': '', 'garden': '', 'yard': ''}",28.28,26.977400000000003,13026,12426.255181943809,5041301730014,1580467,ASP,HRB,淺水灣/壽臣山,1989/11,1989,37,97,23.0,18,blank,HONG KONG PARKVIEW,陽明山莊,True,POINT Z (22.257695 114.198495 0),22.257695,114.198495
1130,2009-12-30,"PARKVIEW CORNER(Block 18,HONG KONG PARKVIEW),TAI TAM RESERVOIR RD|陽明山莊,18座(眺景台),大潭水塘道",14072.933350096211,2570,2067,"{'bay_window': '', 'flat_roof': '', 'roof': '', 'ac_platform': '', 'plant_room': '', 'garden': '', 'yard': ''}",33.5,31.8793,16207,15422.980164489598,10010702670151,2964644,ASP,HRB,淺水灣/壽臣山,1989/11,1989,37,95,7.0,18,blank,HONG KONG PARKVIEW,陽明山莊,True,POINT Z (22.257695 114.198495 0),22.257695,114.198495
1131,2010-01-06,"PARKVIEW CORNER(Block 18,HONG KONG PARKVIEW),TAI TAM RESERVOIR RD|陽明山莊,18座(眺景台),大潭水塘道",13768.822024972596,2708,2171,"{'bay_window': '', 'flat_roof': '', 'roof': '', 'ac_platform': '', 'plant_room': '', 'garden': '', 'yard': ''}",35.0,33.3878,16122,15378.995854444956,10011100790026,2967894,ASP,HRB,淺水灣/壽臣山,1989/11,1989,37,97,6.0,18,blank,HONG KONG PARKVIEW,陽明山莊,True,POINT Z (22.257695 114.198495 0),22.257695,114.198495
1132,2010-08-31,"PARKVIEW CORNER(Block 18,HONG KONG PARKVIEW),TAI TAM RESERVOIR RD|陽明山莊,18座(眺景台),大潭水塘道",15589.434924469046,2708,2171,"{'bay_window': '', 'flat_roof': '', 'roof': '', 'ac_platform': '', 'plant_room': '', 'garden': '', 'yard': ''}",43.0,43.0,19807,19806.5407646246,10091401070026,3221862,ASP,HRB,淺水灣/壽臣山,1989/11,1989,37,97,22.0,18,blank,HONG KONG PARKVIEW,陽明山莊,False,POINT Z (22.257695 114.198495 0),22.257695,114.198495
1133,2010-10-05,"PARKVIEW CORNER(Block 18,HONG KONG PARKVIEW),TAI TAM RESERVOIR RD|陽明山莊,18座(眺景台),大潭水塘道",11414.03344977056,2708,2171,"{'bay_window': '', 'flat_roof': '', 'roof': '', 'ac_platform': '', 'plant_room': '', 'garden': '', 'yard': ''}",33.5,31.9569,15431,14719.89866421004,10101901390021,3260862,ASP,HRB,淺水灣/壽臣山,1989/11,1989,37,97,3.0,18,blank,HONG KONG PARKVIEW,陽明山莊,True,POINT Z (22.257695 114.198495 0),22.257695,114.198495
1134,2010-10-04,"PARKVIEW CORNER(Block 18,HONG KONG PARKVIEW),TAI TAM RESERVOIR RD|陽明山莊,18座(眺景台),大潭水塘道",12737.442317723666,2570,2067,"{'bay_window': '', 'flat_roof': '', 'roof': '', 'ac_platform': '', 'plant_room': '', 'garden': '', 'yard': ''}",35.68,33.9538,17262,16426.60861151427,10102700140108,3271799,PRO-ASP,HRB,淺水灣/壽臣山,1989/11,1989,37,95,8.0,18,blank,HONG KONG PARKVIEW,陽明山莊,True,POINT Z (22.257695 114.198495 0),22.257695,114.198495
1135,2010-12-01,"PARKVIEW CORNER(Block 18,HONG KONG PARKVIEW),TAI TAM RESERVOIR RD|陽明山莊,18座(眺景台),大潭水塘道",15588.557059926476,2708,2171,"{'bay_window': '', 'flat_roof': '', 'roof': '', 'ac_platform': '', 'plant_room': '', 'garden': '', 'yard': ''}",46.6,44.4535,21465,20476.04790419161,10120800470029,3323713,ASP,HRB,淺水灣/壽臣山,1989/05,1989,37,97,17.0,18,blank,HONG KONG PARKVIEW,陽明山莊,True,POINT Z (22.257695 114.198495 0),22.257695,114.198495
1136,2012-06-09,"PARKVIEW CORNER(Block 18,HONG KONG PARKVIEW),TAI TAM RESERVOIR RD|陽明山莊,18座(眺景台),大潭水塘道",12521.103910832417,2570,2067,"{'bay_window': '', 'flat_roof': '', 'roof': '', 'ac_platform': '', 'plant_room': '', 'garden': '', 'yard': ''}",43.5,41.3955,21045,20026.850507982585,12061900880094,3740497,ASP,HRB,淺水灣/壽臣山,1989/05,1989,37,95,11.0,18,blank,HONG KONG PARKVIEW,陽明山莊,True,POINT Z (22.257695 114.198495 0),22.257695,114.198495
1137,2012-06-06,"PARKVIEW CORNER(Block 18,HONG KONG PARKVIEW),TAI TAM RESERVOIR RD|陽明山莊,18座(眺景台),大潭水塘道",12500.959075754654,2570,2067,"{'bay_window': '', 'flat_roof': '', 'roof': '', 'ac_platform': '', 'plant_room': '', 'garden': '', 'yard': ''}",43.43,41.3289,21011,19994.629898403484,12061900880104,3740498,ASP,HRB,淺水灣/壽臣山,1989/05,1989,37,95,10.0,18,blank,HONG KONG PARKVIEW,陽明山莊,True,POINT Z (22.257695 114.198495 0),22.257695,114.198495
1138,2012-12-06,"PARKVIEW CORNER(Block 18,HONG KONG PARKVIEW),TAI TAM RESERVOIR RD|陽明山莊,18座(眺景台),大潭水塘道",10791.472460337194,2570,2067,"{'bay_window': '', 'flat_roof': '', 'roof': '', 'ac_platform': '', 'plant_room': '', 'garden': '', 'yard': ''}",40.5,38.5406,19594,18645.67005321722,12122801680021,3889403,PRE-ASP,HRB,淺水灣/壽臣山,1989/05,1989,37,95,19.0,18,blank,HONG KONG PARKVIEW,陽明山莊,True,POINT Z (22.257695 114.198495 0),22.257695,114.198495
1139,2015-06-03,"PARKVIEW CORNER(Block 18,HONG KONG PARKVIEW),TAI TAM RESERVOIR RD|陽明山莊,18座(眺景台),大潭水塘道",9758.999780280752,2570,2067,"{'bay_window': '', 'flat_roof': '', 'roof': '', 'ac_platform': '', 'plant_room': '', 'garden': '', 'yard': ''}",43.8,41.681,21190,20164.973391388485,15062901580013,4375546,PRO-ASP,HRB,淺水灣/壽臣山,1989/05,1989,37,95,12.0,18,blank,HONG KONG PARKVIEW,陽明山莊,True,POINT Z (22.257695 114.198495 0),22.257695,114.198495
1140,2015-09-25,"PARKVIEW CORNER(Block 18,HONG KONG PARKVIEW),TAI TAM RESERVOIR RD|陽明山莊,18座(眺景台),大潭水塘道",11657.600425911907,2708,2171,"{'bay_window': '', 'flat_roof': '', 'roof': '', 'ac_platform': '', 'plant_room': '', 'garden': '', 'yard': ''}",55.65,53.0867,25633,24452.64854905573,15101201050021,4427308,PRO-ASP,HRB,淺水灣/壽臣山,1989/05,1989,37,97,19.0,18,blank,HONG KONG PARKVIEW,陽明山莊,True,POINT Z (22.257695 114.198495 0),22.257695,114.198495
1141,2015-09-23,"PARKVIEW CORNER(Block 18,HONG KONG PARKVIEW),TAI TAM RESERVOIR RD|陽明山莊,18座(眺景台),大潭水塘道",15320.11140338032,2570,2067,"{'bay_window': '', 'flat_roof': '', 'roof': '', 'ac_platform': '', 'plant_room': '', 'garden': '', 'yard': ''}",69.8,66.42309999999999,33769,32135.02660861151,15102000310017,4431400,ASP,HRB,淺水灣/壽臣山,1989/05,1989,37,95,23.0,18,blank,HONG KONG PARKVIEW,陽明山莊,True,POINT Z (22.257695 114.198495 0),22.257695,114.198495
1142,2019-04-23,"PARKVIEW CORNER(Block 18,HONG KONG PARKVIEW),TAI TAM RESERVOIR RD|陽明山莊,18座(眺景台),大潭水塘道",10873.598163185565,2570,2067,"{'bay_window': '', 'flat_roof': '', 'roof': '', 'ac_platform': '', 'plant_room': '', 'garden': '', 'yard': ''}",58.0,58.0,28060,28059.99032414127,19050202230056,5535758,ASP,HRB,淺水灣/壽臣山,1989/05,1989,37,95,17.0,18,blank,HONG KONG PARKVIEW,陽明山莊,False,POINT Z (22.257695 114.198495 0),22.257695,114.198495
1143,2019-04-30,"PARKVIEW CORNER(Block 18,HONG KONG PARKVIEW),TAI TAM RESERVOIR RD|陽明山莊,18座(眺景台),大潭水塘道",9281.737519431988,2708,2171,"{'bay_window': '', 'flat_roof': '', 'roof': '', 'ac_platform': '', 'plant_room': '', 'garden': '', 'yard': ''}",52.0,52.0,23952,23952.095808383237,19052101820254,5547949,ASP,HRB,淺水灣/壽臣山,1989/05,1989,37,97,1.0,18,blank,HONG KONG PARKVIEW,陽明山莊,False,POINT Z (22.257695 114.198495 0),22.257695,114.198495
1144,2020-01-20,"PARKVIEW CORNER(Block 18,HONG KONG PARKVIEW),TAI TAM RESERVOIR RD|陽明山莊,18座(眺景台),大潭水塘道",9715.700527477482,2570,2067,"{'bay_window': '', 'flat_roof': '', 'roof': '', 'ac_platform': '', 'plant_room': '', 'garden': '', 'yard': ''}",51.08,51.08,24712,24712.14320270924,20020300840107,5667914,ASP,HRB,淺水灣/壽臣山,1989/05,1989,37,95,5.0,18,blank,HONG KONG PARKVIEW,陽明山莊,False,POINT Z (22.257695 114.198495 0),22.257695,114.198495
1145,2024-02-02,"PARKVIEW CORNER(Block 18,HONG KONG PARKVIEW),TAI TAM RESERVOIR RD|陽明山莊,18座(眺景台),大潭水塘道",12275.869130618335,2570,2067,"{'bay_window': '', 'flat_roof': '', 'roof': '', 'ac_platform': '', 'plant_room': '', 'garden': '', 'yard': ''}",50.68,50.68,24519,24518.62602805999,24022000590023,6384701,ASP,HRB,淺水灣/壽臣山,1989/05,1989,37,95,21.0,18,blank,HONG KONG PARKVIEW,陽明山莊,False,POINT Z (22.257695 114.198495 0),22.257695,114.198495
1146,2024-06-25,"PARKVIEW CORNER(Block 18,HONG KONG PARKVIEW),TAI TAM RESERVOIR RD|陽明山莊,18座(眺景台),大潭水塘道",13059.623405365404,2708,2171,"{'bay_window': '', 'flat_roof': '', 'roof': '', 'ac_platform': '', 'plant_room': '', 'garden': '', 'yard': ''}",54.0,54.0,24873,24873.33026255182,24071501790033,6451426,ASP,HRB,淺水灣/壽臣山,1989/05,1989,37,97,16.0,18,blank,HONG KONG PARKVIEW,陽明山莊,False,POINT Z (22.257695 114.198495 0),22.257695,114.198495
1147,2025-07-07,"PARKVIEW CORNER(Block 18,HONG KONG PARKVIEW),TAI TAM RESERVOIR RD|陽明山莊,18座(眺景台),大潭水塘道",11860.788354175138,2708,2171,"{'bay_window': '', 'flat_roof': '', 'roof': '', 'ac_platform': '', 'plant_room': '', 'garden': '', 'yard': ''}",47.2,47.2,21741,21741.133118378628,25071500210100,6619869,ASP,HRB,淺水灣/壽臣山,1989/05,1989,37,97,11.0,18,blank,HONG KONG PARKVIEW,陽明山莊,False,POINT Z (22.257695 114.198495 0),22.257695,114.198495
1148,1997-09-20,"PARKVIEW HEIGHTS(Block 13,HONG KONG PARKVIEW),TAI TAM RESERVOIR RD|陽明山莊,13座(摘星樓),大潭水塘道",12277.698471867756,2700,2308,"{'bay_window': '', 'flat_roof': '', 'roof': '', 'ac_platform': '', 'plant_room': '', 'garden': '', 'yard': ''}",35.5,33.9619,15381,14714.861351819758,7306145,5117896,ASP,HRB,淺水灣/壽臣山,1989/11,1989,37,75,2.0,13,blank,HONG KONG PARKVIEW,陽明山莊,True,POINT Z (22.2568814 114.198415 0),22.2568814,114.198415
1149,1997-10-30,"PARKVIEW HEIGHTS(Block 13,HONG KONG PARKVIEW),TAI TAM RESERVOIR RD|陽明山莊,13座(摘星樓),大潭水塘道",10790.38023612041,2700,2308,"{'bay_window': '', 'flat_roof': '', 'roof': '', 'ac_platform': '', 'plant_room': '', 'garden': '', 'yard': ''}",32.0,30.6135,13865,13264.081455805892,7347920,5138294,PRO-ASP,HRB,淺水灣/壽臣山,1989/11,1989,37,73,11.0,13,blank,HONG KONG PARKVIEW,陽明山莊,True,POINT Z (22.2568814 114.198415 0),22.2568814,114.198415
1150,1997-11-07,"PARKVIEW HEIGHTS(Block 13,HONG KONG PARKVIEW),TAI TAM RESERVOIR RD|陽明山莊,13座(摘星樓),大潭水塘道",11129.960754359368,2700,2308,"{'bay_window': '', 'flat_roof': '', 'roof': '', 'ac_platform': '', 'plant_room': '', 'garden': '', 'yard': ''}",31.0,29.6568,13432,12849.56672443674,7358105,5139961,PRO-ASP,HRB,淺水灣/壽臣山,1989/11,1989,37,75,5.0,13,blank,HONG KONG PARKVIEW,陽明山莊,True,POINT Z (22.2568814 114.198415 0),22.2568814,114.198415
1151,1997-12-09,"PARKVIEW HEIGHTS(Block 13,HONG KONG PARKVIEW),TAI TAM RESERVOIR RD|陽明山莊,13座(摘星樓),大潭水塘道",11556.092426326795,2700,2308,"{'bay_window': '', 'flat_roof': '', 'roof': '', 'ac_platform': '', 'plant_room': '', 'garden': '', 'yard': ''}",30.88,29.542,13380,12799.826689774696,7376247,5144945,ASP,HRB,淺水灣/壽臣山,1989/11,1989,37,73,8.0,13,blank,HONG KONG PARKVIEW,陽明山莊,True,POINT Z (22.2568814 114.198415 0),22.2568814,114.198415
1152,1998-02-24,"PARKVIEW HEIGHTS(Block 13,HONG KONG PARKVIEW),TAI TAM RESERVOIR RD|陽明山莊,13座(摘星樓),大潭水塘道",10196.009373337718,2700,2308,"{'bay_window': '', 'flat_roof': '', 'roof': '', 'ac_platform': '', 'plant_room': '', 'garden': '', 'yard': ''}",24.0,22.9601,10399,9948.050259965335,7431823,5165081,ASP,HRB,淺水灣/壽臣山,1989/11,1989,37,73,7.0,13,blank,HONG KONG PARKVIEW,陽明山莊,True,POINT Z (22.2568814 114.198415 0),22.2568814,114.198415
1153,1998-03-02,"PARKVIEW HEIGHTS(Block 13,HONG KONG PARKVIEW),TAI TAM RESERVOIR RD|陽明山莊,13座(摘星樓),大潭水塘道",10019.72400863385,2700,2308,"{'bay_window': '', 'flat_roof': '', 'roof': '', 'ac_platform': '', 'plant_room': '', 'garden': '', 'yard': ''}",23.2,22.1948,10052,9616.464471403811,7440122,5170749,ASP,HRB,淺水灣/壽臣山,1989/11,1989,37,73,3.0,13,blank,HONG KONG PARKVIEW,陽明山莊,True,POINT Z (22.2568814 114.198415 0),22.2568814,114.198415
1154,1998-03-13,"PARKVIEW HEIGHTS(Block 13,HONG KONG PARKVIEW),TAI TAM RESERVOIR RD|陽明山莊,13座(摘星樓),大潭水塘道",11013.037700858922,2700,2308,"{'bay_window': '', 'flat_roof': '', 'roof': '', 'ac_platform': '', 'plant_room': '', 'garden': '', 'yard': ''}",25.5,24.3951,11049,10569.8006932409,7444877,5175230,ASP,HRB,淺水灣/壽臣山,1989/11,1989,37,73,5.0,13,blank,HONG KONG PARKVIEW,陽明山莊,True,POINT Z (22.2568814 114.198415 0),22.2568814,114.198415
1155,1998-04-23,"PARKVIEW HEIGHTS(Block 13,HONG KONG PARKVIEW),TAI TAM RESERVOIR RD|陽明山莊,13座(摘星樓),大潭水塘道",10300.069552203282,2700,2308,"{'bay_window': '', 'flat_roof': '', 'roof': '', 'ac_platform': '', 'plant_room': '', 'garden': '', 'yard': ''}",23.6,22.5775,10225,9782.279029462738,7480111,5191980,SUB-ASP,HRB,淺水灣/壽臣山,1989/11,1989,37,73,7.0,13,blank,HONG KONG PARKVIEW,陽明山莊,True,POINT Z (22.2568814 114.198415 0),22.2568814,114.198415
1156,1998-08-24,"PARKVIEW HEIGHTS(Block 13,HONG KONG PARKVIEW),TAI TAM RESERVOIR RD|陽明山莊,13座(摘星樓),大潭水塘道",10589.08721290163,2700,2308,"{'bay_window': '', 'flat_roof': '', 'roof': '', 'ac_platform': '', 'plant_room': '', 'garden': '', 'yard': ''}",18.0,17.2201,7799,7461.048526863085,7562173,22759,ASP,HRB,淺水灣/壽臣山,1989/11,1989,37,75,18.0,13,blank,HONG KONG PARKVIEW,陽明山莊,True,POINT Z (22.2568814 114.198415 0),22.2568814,114.198415
1157,1999-02-15,"PARKVIEW HEIGHTS(Block 13,HONG KONG PARKVIEW),TAI TAM RESERVOIR RD|陽明山莊,13座(摘星樓),大潭水塘道",9376.347668550834,2700,2308,"{'bay_window': '', 'flat_roof': '', 'roof': '', 'ac_platform': '', 'plant_room': '', 'garden': '', 'yard': ''}",16.0,16.0,6932,6932.409012131716,7715474,165879,ASP,HRB,淺水灣/壽臣山,1989/11,1989,37,75,6.0,13,blank,HONG KONG PARKVIEW,陽明山莊,False,POINT Z (22.2568814 114.198415 0),22.2568814,114.198415
1158,1999-09-14,"PARKVIEW HEIGHTS(Block 13,HONG KONG PARKVIEW),TAI TAM RESERVOIR RD|陽明山莊,13座(摘星樓),大潭水塘道",11347.725174738744,2700,2308,"{'bay_window': '', 'flat_roof': '', 'roof': '', 'ac_platform': '', 'plant_room': '', 'garden': '', 'yard': ''}",19.5,18.6551,8449,8082.798960138648,7890443,305913,ASP,HRB,淺水灣/壽臣山,1989/11,1989,37,75,12.0,13,blank,HONG KONG PARKVIEW,陽明山莊,True,POINT Z (22.2568814 114.198415 0),22.2568814,114.198415
1159,1999-09-14,"PARKVIEW HEIGHTS(Block 13,HONG KONG PARKVIEW),TAI TAM RESERVOIR RD|陽明山莊,13座(摘星樓),大潭水塘道",10358.46189275807,2700,2308,"{'bay_window': '', 'flat_roof': '', 'roof': '', 'ac_platform': '', 'plant_room': '', 'garden': '', 'yard': ''}",17.8,17.0288,7712,7378.162911611785,7896506,311333,PRO-ASP,HRB,淺水灣/壽臣山,1989/11,1989,37,75,5.0,13,blank,HONG KONG PARKVIEW,陽明山莊,True,POINT Z (22.2568814 114.198415 0),22.2568814,114.198415
1160,1999-11-11,"PARKVIEW HEIGHTS(Block 13,HONG KONG PARKVIEW),TAI TAM RESERVOIR RD|陽明山莊,13座(摘星樓),大潭水塘道",11624.432807681756,2700,2308,"{'bay_window': '', 'flat_roof': '', 'roof': '', 'ac_platform': '', 'plant_room': '', 'garden': '', 'yard': ''}",18.5,17.6984,8016,7668.2842287694975,7921656,336014,ASP,HRB,淺水灣/壽臣山,1989/11,1989,37,73,3.0,13,blank,HONG KONG PARKVIEW,陽明山莊,True,POINT Z (22.2568814 114.198415 0),22.2568814,114.198415
1161,1999-10-30,"PARKVIEW HEIGHTS(Block 13,HONG KONG PARKVIEW),TAI TAM RESERVOIR RD|陽明山莊,13座(摘星樓),大潭水塘道",10589.709970705844,2700,2308,"{'bay_window': '', 'flat_roof': '', 'roof': '', 'ac_platform': '', 'plant_room': '', 'garden': '', 'yard': ''}",17.8,17.0288,7712,7378.162911611785,7938020,345895,ASP,HRB,淺水灣/壽臣山,1989/11,1989,37,73,5.0,13,blank,HONG KONG PARKVIEW,陽明山莊,True,POINT Z (22.2568814 114.198415 0),22.2568814,114.198415
1162,2002-06-18,"PARKVIEW HEIGHTS(Block 13,HONG KONG PARKVIEW),TAI TAM RESERVOIR RD|陽明山莊,13座(摘星樓),大潭水塘道",10750.937739057425,2700,2308,"{'bay_window': '', 'flat_roof': '', 'roof': '', 'ac_platform': '', 'plant_room': '', 'garden': '', 'yard': ''}",14.76,14.1205,6395,6118.067590987868,8729961,944845,ASP,HRB,淺水灣/壽臣山,1989/11,1989,37,73,2.0,13,blank,HONG KONG PARKVIEW,陽明山莊,True,POINT Z (22.2568814 114.198415 0),22.2568814,114.198415
1163,2003-01-13,"PARKVIEW HEIGHTS(Block 13,HONG KONG PARKVIEW),TAI TAM RESERVOIR RD|陽明山莊,13座(摘星樓),大潭水塘道",12160.702798264649,2700,2308,"{'bay_window': '', 'flat_roof': '', 'roof': '', 'ac_platform': '', 'plant_room': '', 'garden': '', 'yard': ''}",14.8,14.1588,6412,6134.662045060659,8861221,1048052,ASP,HRB,淺水灣/壽臣山,1989/11,1989,37,75,16.0,13,blank,HONG KONG PARKVIEW,陽明山莊,True,POINT Z (22.2568814 114.198415 0),22.2568814,114.198415
1164,2003-06-12,"PARKVIEW HEIGHTS(Block 13,HONG KONG PARKVIEW),TAI TAM RESERVOIR RD|陽明山莊,13座(摘星樓),大潭水塘道",11078.76647039176,2700,2308,"{'bay_window': '', 'flat_roof': '', 'roof': '', 'ac_platform': '', 'plant_room': '', 'garden': '', 'yard': ''}",13.08,12.5133,5667,5421.707105719237,8959645,1120707,ASP,HRB,淺水灣/壽臣山,1989/11,1989,37,75,8.0,13,blank,HONG KONG PARKVIEW,陽明山莊,True,POINT Z (22.2568814 114.198415 0),22.2568814,114.198415
1165,2003-06-28,"PARKVIEW HEIGHTS(Block 13,HONG KONG PARKVIEW),TAI TAM RESERVOIR RD|陽明山莊,13座(摘星樓),大潭水塘道",11066.991191763724,2700,2308,"{'bay_window': '', 'flat_roof': '', 'roof': '', 'ac_platform': '', 'plant_room': '', 'garden': '', 'yard': ''}",12.5,12.5,5416,5415.944540727903,8972135,1130326,ASP,HRB,淺水灣/壽臣山,1989/11,1989,37,75,10.0,13,blank,HONG KONG PARKVIEW,陽明山莊,False,POINT Z (22.2568814 114.198415 0),22.2568814,114.198415
1166,2003-08-12,"PARKVIEW HEIGHTS(Block 13,HONG KONG PARKVIEW),TAI TAM RESERVOIR RD|陽明山莊,13座(摘星樓),大潭水塘道",11834.942787514829,2700,2327,"{'bay_window': '', 'flat_roof': '', 'roof': '', 'ac_platform': '', 'plant_room': '', 'garden': '', 'yard': ''}",13.9,13.3027,5973,5716.673828964332,8993218,1148621,ASP,HRB,淺水灣/壽臣山,1989/11,1989,37,73,19.0,13,blank,HONG KONG PARKVIEW,陽明山莊,True,POINT Z (22.2568814 114.198415 0),22.2568814,114.198415
1167,2004-09-03,"PARKVIEW HEIGHTS(Block 13,HONG KONG PARKVIEW),TAI TAM RESERVOIR RD|陽明山莊,13座(摘星樓),大潭水塘道",13632.298173904574,2700,2327,"{'bay_window': '', 'flat_roof': '', 'roof': '', 'ac_platform': '', 'plant_room': '', 'garden': '', 'yard': ''}",21.7,21.7,9325,9325.311559948432,9335043,1419662,ASP,HRB,淺水灣/壽臣山,1989/11,1989,37,75,15.0,13,blank,HONG KONG PARKVIEW,陽明山莊,False,POINT Z (22.2568814 114.198415 0),22.2568814,114.198415
1168,2004-10-12,"PARKVIEW HEIGHTS(Block 13,HONG KONG PARKVIEW),TAI TAM RESERVOIR RD|陽明山莊,13座(摘星樓),大潭水塘道",11729.384833396158,2700,2327,"{'bay_window': '', 'flat_roof': '', 'roof': '', 'ac_platform': '', 'plant_room': '', 'garden': '', 'yard': ''}",20.0,20.0,8595,8594.757198109153,9377545,1453726,ASP,HRB,淺水灣/壽臣山,1989/11,1989,37,75,1.0,13,blank,HONG KONG PARKVIEW,陽明山莊,False,POINT Z (22.2568814 114.198415 0),22.2568814,114.198415
1169,2005-01-03,"PARKVIEW HEIGHTS(Block 13,HONG KONG PARKVIEW),TAI TAM RESERVOIR RD|陽明山莊,13座(摘星樓),大潭水塘道",12095.6537915156,2700,2327,"{'bay_window': '', 'flat_roof': '', 'roof': '', 'ac_platform': '', 'plant_room': '', 'garden': '', 'yard': ''}",22.15,21.1981,9519,9109.626128061882,9462388,1519840,ASP,HRB,淺水灣/壽臣山,1989/11,1989,37,75,5.0,13,blank,HONG KONG PARKVIEW,陽明山莊,True,POINT Z (22.2568814 114.198415 0),22.2568814,114.198415
1170,2005-03-23,"PARKVIEW HEIGHTS(Block 13,HONG KONG PARKVIEW),TAI TAM RESERVOIR RD|陽明山莊,13座(摘星樓),大潭水塘道",14039.89357172996,2700,2327,"{'bay_window': '', 'flat_roof': '', 'roof': '', 'ac_platform': '', 'plant_room': '', 'garden': '', 'yard': ''}",25.2,24.1171,10829,10364.030941125911,5041201680413,1579927,PRO-ASP,HRB,淺水灣/壽臣山,1989/11,1989,37,75,12.0,13,blank,HONG KONG PARKVIEW,陽明山莊,True,POINT Z (22.2568814 114.198415 0),22.2568814,114.198415
1171,2006-01-06,"PARKVIEW HEIGHTS(Block 13,HONG KONG PARKVIEW),TAI TAM RESERVOIR RD|陽明山莊,13座(摘星樓),大潭水塘道",12660.478140426285,2700,2327,"{'bay_window': '', 'flat_roof': '', 'roof': '', 'ac_platform': '', 'plant_room': '', 'garden': '', 'yard': ''}",22.8,21.8202,9798,9376.966050709068,6022701760019,1824986,ASP,HRB,淺水灣/壽臣山,1989/11,1989,37,75,7.0,13,blank,HONG KONG PARKVIEW,陽明山莊,True,POINT Z (22.2568814 114.198415 0),22.2568814,114.198415
1172,2006-10-31,"PARKVIEW HEIGHTS(Block 13,HONG KONG PARKVIEW),TAI TAM RESERVOIR RD|陽明山莊,13座(摘星樓),大潭水塘道",12130.906973546122,2700,2327,"{'bay_window': '', 'flat_roof': '', 'roof': '', 'ac_platform': '', 'plant_room': '', 'garden': '', 'yard': ''}",23.0,22.0116,9884,9459.217877094972,6110802120057,1998543,ASP,HRB,淺水灣/壽臣山,1989/11,1989,37,73,3.0,13,blank,HONG KONG PARKVIEW,陽明山莊,True,POINT Z (22.2568814 114.198415 0),22.2568814,114.198415
1173,2007-01-04,"PARKVIEW HEIGHTS(Block 13,HONG KONG PARKVIEW),TAI TAM RESERVOIR RD|陽明山莊,13座(摘星樓),大潭水塘道",14315.316911519209,2700,2327,"{'bay_window': '', 'flat_roof': '', 'roof': '', 'ac_platform': '', 'plant_room': '', 'garden': '', 'yard': ''}",27.87,26.6723,11977,11462.097120756338,7012000390015,2047083,ASP,HRB,淺水灣/壽臣山,1989/11,1989,37,73,18.0,13,blank,HONG KONG PARKVIEW,陽明山莊,True,POINT Z (22.2568814 114.198415 0),22.2568814,114.198415
1174,2007-02-22,"PARKVIEW HEIGHTS(Block 13,HONG KONG PARKVIEW),TAI TAM RESERVOIR RD|陽明山莊,13座(摘星樓),大潭水塘道",14857.612418524424,2700,2327,"{'bay_window': '', 'flat_roof': '', 'roof': '', 'ac_platform': '', 'plant_room': '', 'garden': '', 'yard': ''}",28.5,27.2752,12248,11721.18607649334,7031500900016,2085669,PRO-ASP,HRB,淺水灣/壽臣山,1989/11,1989,37,73,19.0,13,blank,HONG KONG PARKVIEW,陽明山莊,True,POINT Z (22.2568814 114.198415 0),22.2568814,114.198415
1175,2007-03-15,"PARKVIEW HEIGHTS(Block 13,HONG KONG PARKVIEW),TAI TAM RESERVOIR RD|陽明山莊,13座(摘星樓),大潭水塘道",13986.600159956348,2700,2327,"{'bay_window': '', 'flat_roof': '', 'roof': '', 'ac_platform': '', 'plant_room': '', 'garden': '', 'yard': ''}",26.88,25.7249,11551,11054.963472281908,7040201720012,2096874,ASP,HRB,淺水灣/壽臣山,1989/11,1989,37,73,7.0,13,blank,HONG KONG PARKVIEW,陽明山莊,True,POINT Z (22.2568814 114.198415 0),22.2568814,114.198415
1176,2007-09-04,"PARKVIEW HEIGHTS(Block 13,HONG KONG PARKVIEW),TAI TAM RESERVOIR RD|陽明山莊,13座(摘星樓),大潭水塘道",17170.171552590753,2700,2327,"{'bay_window': '', 'flat_roof': '', 'roof': '', 'ac_platform': '', 'plant_room': '', 'garden': '', 'yard': ''}",36.28,34.7209,15591,14920.885259991404,7092801810091,2259949,PRO-ASP,HRB,淺水灣/壽臣山,1989/11,1989,37,75,23.0,13,blank,HONG KONG PARKVIEW,陽明山莊,True,POINT Z (22.2568814 114.198415 0),22.2568814,114.198415
1177,2007-10-12,"PARKVIEW HEIGHTS(Block 13,HONG KONG PARKVIEW),TAI TAM RESERVOIR RD|陽明山莊,13座(摘星樓),大潭水塘道",16045.58585864219,5400,4654,"{'bay_window': '', 'flat_roof': '', 'roof': '', 'ac_platform': '', 'plant_room': '', 'garden': '', 'yard': ''}",68.86,67.3804,14796,14477.95444778685,7102401120077,2279876,ASP,HRB,淺水灣/壽臣山,1989/11,1989,37,75,2223.0,13,blank,HONG KONG PARKVIEW,陽明山莊,True,POINT Z (22.2568814 114.198415 0),22.2568814,114.198415
1178,2009-06-19,"PARKVIEW HEIGHTS(Block 13,HONG KONG PARKVIEW),TAI TAM RESERVOIR RD|陽明山莊,13座(摘星樓),大潭水塘道",10689.67949190848,2700,2327,"{'bay_window': '', 'flat_roof': '', 'roof': '', 'ac_platform': '', 'plant_room': '', 'garden': '', 'yard': ''}",26.5,25.3612,11388,10898.667812634292,9062402110104,2768831,ASP,HRB,淺水灣/壽臣山,1989/11,1989,37,73,7.0,13,blank,HONG KONG PARKVIEW,陽明山莊,True,POINT Z (22.2568814 114.198415 0),22.2568814,114.198415
1179,2009-09-09,"PARKVIEW HEIGHTS(Block 13,HONG KONG PARKVIEW),TAI TAM RESERVOIR RD|陽明山莊,13座(摘星樓),大潭水塘道",12735.340110628174,2700,2327,"{'bay_window': '', 'flat_roof': '', 'roof': '', 'ac_platform': '', 'plant_room': '', 'garden': '', 'yard': ''}",32.0,32.0,13752,13751.611516974646,9092101420162,2861052,ASP,HRB,淺水灣/壽臣山,1988/12,1988,38,75,6.0,13,blank,HONG KONG PARKVIEW,陽明山莊,False,POINT Z (22.2568814 114.198415 0),22.2568814,114.198415
1180,2009-11-04,"PARKVIEW HEIGHTS(Block 13,HONG KONG PARKVIEW),TAI TAM RESERVOIR RD|陽明山莊,13座(摘星樓),大潭水塘道",11354.420760110685,2700,2327,"{'bay_window': '', 'flat_roof': '', 'roof': '', 'ac_platform': '', 'plant_room': '', 'garden': '', 'yard': ''}",30.5,29.1893,13107,12543.747314138376,9113002700057,2929976,PRO-ASP,HRB,淺水灣/壽臣山,1989/11,1989,37,73,7.0,13,blank,HONG KONG PARKVIEW,陽明山莊,True,POINT Z (22.2568814 114.198415 0),22.2568814,114.198415
1181,2010-05-26,"PARKVIEW HEIGHTS(Block 13,HONG KONG PARKVIEW),TAI TAM RESERVOIR RD|陽明山莊,13座(摘星樓),大潭水塘道",15545.95320632448,2700,2327,"{'bay_window': '', 'flat_roof': '', 'roof': '', 'ac_platform': '', 'plant_room': '', 'garden': '', 'yard': ''}",45.0,43.0662,19338,18507.17662226042,10060403130016,3115262,ASP,HRB,淺水灣/壽臣山,1988/12,1988,38,75,23.0,13,blank,HONG KONG PARKVIEW,陽明山莊,True,POINT Z (22.2568814 114.198415 0),22.2568814,114.198415
1182,2010-05-26,"PARKVIEW HEIGHTS(Block 13,HONG KONG PARKVIEW),TAI TAM RESERVOIR RD|陽明山莊,13座(摘星樓),大潭水塘道",15545.95320632448,2700,2327,"{'bay_window': '', 'flat_roof': '', 'roof': '', 'ac_platform': '', 'plant_room': '', 'garden': '', 'yard': ''}",45.0,43.0662,19338,18507.17662226042,10060403130029,3115263,ASP,HRB,淺水灣/壽臣山,1988/12,1988,38,75,22.0,13,blank,HONG KONG PARKVIEW,陽明山莊,True,POINT Z (22.2568814 114.198415 0),22.2568814,114.198415
1183,2010-07-09,"PARKVIEW HEIGHTS(Block 13,HONG KONG PARKVIEW),TAI TAM RESERVOIR RD|陽明山莊,13座(摘星樓),大潭水塘道",11184.40089415527,2700,2327,"{'bay_window': '', 'flat_roof': '', 'roof': '', 'ac_platform': '', 'plant_room': '', 'garden': '', 'yard': ''}",34.0,32.5389,14611,13983.197249677696,10071601400016,3155601,ASP,HRB,淺水灣/壽臣山,1988/12,1988,38,75,2.0,13,blank,HONG KONG PARKVIEW,陽明山莊,True,POINT Z (22.2568814 114.198415 0),22.2568814,114.198415
1184,2010-09-30,"PARKVIEW HEIGHTS(Block 13,HONG KONG PARKVIEW),TAI TAM RESERVOIR RD|陽明山莊,13座(摘星樓),大潭水塘道",13050.88076424966,2700,2327,"{'bay_window': '', 'flat_roof': '', 'roof': '', 'ac_platform': '', 'plant_room': '', 'garden': '', 'yard': ''}",40.38,38.6447,17353,16607.09067468844,10101902630030,3260943,PRO-ASP,HRB,淺水灣/壽臣山,1988/12,1988,38,73,17.0,13,blank,HONG KONG PARKVIEW,陽明山莊,True,POINT Z (22.2568814 114.198415 0),22.2568814,114.198415
1185,2010-11-01,"PARKVIEW HEIGHTS(Block 13,HONG KONG PARKVIEW),TAI TAM RESERVOIR RD|陽明山莊,13座(摘星樓),大潭水塘道",12125.512866043637,2700,2327,"{'bay_window': '', 'flat_roof': '', 'roof': '', 'ac_platform': '', 'plant_room': '', 'garden': '', 'yard': ''}",36.9,36.9,15857,15857.327030511387,10111000240024,3287074,PRO-ASP,HRB,淺水灣/壽臣山,1988/12,1988,38,75,6.0,13,blank,HONG KONG PARKVIEW,陽明山莊,False,POINT Z (22.2568814 114.198415 0),22.2568814,114.198415
1186,2010-11-25,"PARKVIEW HEIGHTS(Block 13,HONG KONG PARKVIEW),TAI TAM RESERVOIR RD|陽明山莊,13座(摘星樓),大潭水塘道",11461.731402916042,2700,2327,"{'bay_window': '', 'flat_roof': '', 'roof': '', 'ac_platform': '', 'plant_room': '', 'garden': '', 'yard': ''}",34.88,34.88,14989,14989.256553502364,10122301760040,3339404,ASP,HRB,淺水灣/壽臣山,1988/08,1988,38,73,1.0,13,blank,HONG KONG PARKVIEW,陽明山莊,False,POINT Z (22.2568814 114.198415 0),22.2568814,114.198415
1187,2011-06-08,"PARKVIEW HEIGHTS(Block 13,HONG KONG PARKVIEW),TAI TAM RESERVOIR RD|陽明山莊,13座(摘星樓),大潭水塘道",12576.949392881064,2700,2327,"{'bay_window': '', 'flat_roof': '', 'roof': '', 'ac_platform': '', 'plant_room': '', 'garden': '', 'yard': ''}",46.0,44.0232,19768,18918.435754189944,11062002310148,3509412,ASP,HRB,淺水灣/壽臣山,1988/08,1988,38,73,16.0,13,blank,HONG KONG PARKVIEW,陽明山莊,True,POINT Z (22.2568814 114.198415 0),22.2568814,114.198415
1188,2013-01-31,"PARKVIEW HEIGHTS(Block 13,HONG KONG PARKVIEW),TAI TAM RESERVOIR RD|陽明山莊,13座(摘星樓),大潭水塘道",10403.5420767067,2700,2327,"{'bay_window': '', 'flat_roof': '', 'roof': '', 'ac_platform': '', 'plant_room': '', 'garden': '', 'yard': ''}",45.0,43.0662,19338,18507.17662226042,13021400840018,3925627,ASP,HRB,淺水灣/壽臣山,1988/08,1988,38,73,3.0,13,blank,HONG KONG PARKVIEW,陽明山莊,True,POINT Z (22.2568814 114.198415 0),22.2568814,114.198415
1189,2013-02-06,"PARKVIEW HEIGHTS(Block 13,HONG KONG PARKVIEW),TAI TAM RESERVOIR RD|陽明山莊,13座(摘星樓),大潭水塘道",11318.688537758711,2700,2327,"{'bay_window': '', 'flat_roof': '', 'roof': '', 'ac_platform': '', 'plant_room': '', 'garden': '', 'yard': ''}",50.0,47.8513,21487,20563.515255694027,13022802310021,3938537,PRE-ASP,HRB,淺水灣/壽臣山,1988/08,1988,38,75,15.0,13,blank,HONG KONG PARKVIEW,陽明山莊,True,POINT Z (22.2568814 114.198415 0),22.2568814,114.198415
1190,2013-03-15,"PARKVIEW HEIGHTS(Block 13,HONG KONG PARKVIEW),TAI TAM RESERVOIR RD|陽明山莊,13座(摘星樓),大潭水塘道",10270.17702638929,2700,2327,"{'bay_window': '', 'flat_roof': '', 'roof': '', 'ac_platform': '', 'plant_room': '', 'garden': '', 'yard': ''}",46.2,44.2146,19854,19000.68758057585,13032601740013,3955043,ASP,HRB,淺水灣/壽臣山,1988/08,1988,38,73,8.0,13,blank,HONG KONG PARKVIEW,陽明山莊,True,POINT Z (22.2568814 114.198415 0),22.2568814,114.198415
1191,2013-12-02,"PARKVIEW HEIGHTS(Block 13,HONG KONG PARKVIEW),TAI TAM RESERVOIR RD|陽明山莊,13座(摘星樓),大潭水塘道",10662.686480552293,2700,2327,"{'bay_window': '', 'flat_roof': '', 'roof': '', 'ac_platform': '', 'plant_room': '', 'garden': '', 'yard': ''}",48.0,45.9373,20627,19740.99699183498,13122302220018,4075547,ASP,HRB,淺水灣/壽臣山,1988/08,1988,38,75,16.0,13,blank,HONG KONG PARKVIEW,陽明山莊,True,POINT Z (22.2568814 114.198415 0),22.2568814,114.198415
1192,2014-03-31,"PARKVIEW HEIGHTS(Block 13,HONG KONG PARKVIEW),TAI TAM RESERVOIR RD|陽明山莊,13座(摘星樓),大潭水塘道",10526.299632905351,2700,2327,"{'bay_window': '', 'flat_roof': '', 'roof': '', 'ac_platform': '', 'plant_room': '', 'garden': '', 'yard': ''}",45.0,45.0,19338,19338.2036957456,14042900330202,4127464,ASP,HRB,淺水灣/壽臣山,1988/08,1988,38,73,10.0,13,blank,HONG KONG PARKVIEW,陽明山莊,False,POINT Z (22.2568814 114.198415 0),22.2568814,114.198415
1193,2014-05-12,"PARKVIEW HEIGHTS(Block 13,HONG KONG PARKVIEW),TAI TAM RESERVOIR RD|陽明山莊,13座(摘星樓),大潭水塘道",11038.947000274586,2700,2327,"{'bay_window': '', 'flat_roof': '', 'roof': '', 'ac_platform': '', 'plant_room': '', 'garden': '', 'yard': ''}",48.7,46.607200000000006,20928,20028.87838418565,14052802140028,4143035,PRO-ASP,HRB,淺水灣/壽臣山,1988/08,1988,38,75,12.0,13,blank,HONG KONG PARKVIEW,陽明山莊,True,POINT Z (22.2568814 114.198415 0),22.2568814,114.198415
1194,2015-05-11,"PARKVIEW HEIGHTS(Block 13,HONG KONG PARKVIEW),TAI TAM RESERVOIR RD|陽明山莊,13座(摘星樓),大潭水塘道",9128.3378669986,8100,6981,"{'bay_window': '', 'flat_roof': '', 'roof': '', 'ac_platform': '', 'plant_room': '', 'garden': '', 'yard': ''}",133.0,131.0948,19052,18778.79959891133,15060302510026,4360985,ASP,HRB,淺水灣/壽臣山,1988/08,1988,38,75,192021.0,13,blank,HONG KONG PARKVIEW,陽明山莊,True,POINT Z (22.2568814 114.198415 0),22.2568814,114.198415
1195,2015-10-23,"PARKVIEW HEIGHTS(Block 13,HONG KONG PARKVIEW),TAI TAM RESERVOIR RD|陽明山莊,13座(摘星樓),大潭水塘道",10544.925309183896,2700,2327,"{'bay_window': '', 'flat_roof': '', 'roof': '', 'ac_platform': '', 'plant_room': '', 'garden': '', 'yard': ''}",51.5,49.2868,22132,21180.40395358831,15110901110030,4438495,PRO-ASP,HRB,淺水灣/壽臣山,1988/08,1988,38,73,18.0,13,blank,HONG KONG PARKVIEW,陽明山莊,True,POINT Z (22.2568814 114.198415 0),22.2568814,114.198415
1196,2016-10-07,"PARKVIEW HEIGHTS(Block 13,HONG KONG PARKVIEW),TAI TAM RESERVOIR RD|陽明山莊,13座(摘星樓),大潭水塘道",10601.620378878362,2700,2327,"{'bay_window': '', 'flat_roof': '', 'roof': '', 'ac_platform': '', 'plant_room': '', 'garden': '', 'yard': ''}",55.0,52.6364,23636,22619.853889127637,16110301900021,4590861,PRO-ASP,HRB,淺水灣/壽臣山,1988/08,1988,38,73,20.0,13,blank,HONG KONG PARKVIEW,陽明山莊,True,POINT Z (22.2568814 114.198415 0),22.2568814,114.198415
1197,2019-04-16,"PARKVIEW HEIGHTS(Block 13,HONG KONG PARKVIEW),TAI TAM RESERVOIR RD|陽明山莊,13座(摘星樓),大潭水塘道",11157.43028630474,2700,2327,"{'bay_window': '', 'flat_roof': '', 'roof': '', 'ac_platform': '', 'plant_room': '', 'garden': '', 'yard': ''}",67.0,67.0,28792,28792.436613665664,19051401470016,5542712,PRO-ASP,HRB,淺水灣/壽臣山,1988/08,1988,38,75,18.0,13,blank,HONG KONG PARKVIEW,陽明山莊,False,POINT Z (22.2568814 114.198415 0),22.2568814,114.198415
1198,2020-10-30,"PARKVIEW HEIGHTS(Block 13,HONG KONG PARKVIEW),TAI TAM RESERVOIR RD|陽明山莊,13座(摘星樓),大潭水塘道",10445.561038026392,2700,2327,"{'bay_window': '', 'flat_roof': '', 'roof': '', 'ac_platform': '', 'plant_room': '', 'garden': '', 'yard': ''}",61.38,61.38,26377,26377.309840996997,20111100230178,5803089,ASP,HRB,淺水灣/壽臣山,1988/08,1988,38,73,9.0,13,blank,HONG KONG PARKVIEW,陽明山莊,False,POINT Z (22.2568814 114.198415 0),22.2568814,114.198415
1199,2024-05-09,"PARKVIEW HEIGHTS(Block 13,HONG KONG PARKVIEW),TAI TAM RESERVOIR RD|陽明山莊,13座(摘星樓),大潭水塘道",13978.568465210185,2700,2327,"{'bay_window': '', 'flat_roof': '', 'roof': '', 'ac_platform': '', 'plant_room': '', 'garden': '', 'yard': ''}",63.8,63.8,27417,27417.2754619682,24052700190045,6427828,ASP,HRB,淺水灣/壽臣山,1988/08,1988,38,75,16.0,13,blank,HONG KONG PARKVIEW,陽明山莊,False,POINT Z (22.2568814 114.198415 0),22.2568814,114.198415
1200,2025-01-10,"PARKVIEW HEIGHTS(Block 13,HONG KONG PARKVIEW),TAI TAM RESERVOIR RD|陽明山莊,13座(摘星樓),大潭水塘道",11866.006031389748,2700,2327,"{'bay_window': '', 'flat_roof': '', 'roof': '', 'ac_platform': '', 'plant_room': '', 'garden': '', 'yard': ''}",50.0,50.0,21487,21486.892995272883,25012001220030,6532948,ASP,HRB,淺水灣/壽臣山,1988/08,1988,38,73,3.0,13,blank,HONG KONG PARKVIEW,陽明山莊,False,POINT Z (22.2568814 114.198415 0),22.2568814,114.198415
1201,2025-06-02,"PARKVIEW HEIGHTS(Block 13,HONG KONG PARKVIEW),TAI TAM RESERVOIR RD|陽明山莊,13座(摘星樓),大潭水塘道",14981.27212013852,2700,2327,"{'bay_window': '', 'flat_roof': '', 'roof': '', 'ac_platform': '', 'plant_room': '', 'garden': '', 'yard': ''}",62.5,62.5,26859,26858.616244091103,25062400530048,6608083,PRE-ASP,HRB,淺水灣/壽臣山,1988/08,1988,38,75,9.0,13,blank,HONG KONG PARKVIEW,陽明山莊,False,POINT Z (22.2568814 114.198415 0),22.2568814,114.198415
1202,2025-06-02,"PARKVIEW HEIGHTS(Block 13,HONG KONG PARKVIEW),TAI TAM RESERVOIR RD|陽明山莊,13座(摘星樓),大潭水塘道",14142.320881410766,2700,2327,"{'bay_window': '', 'flat_roof': '', 'roof': '', 'ac_platform': '', 'plant_room': '', 'garden': '', 'yard': ''}",59.0,59.0,25355,25354.533734422,25062400530055,6608084,PRE-ASP,HRB,淺水灣/壽臣山,1988/08,1988,38,73,9.0,13,blank,HONG KONG PARKVIEW,陽明山莊,False,POINT Z (22.2568814 114.198415 0),22.2568814,114.198415
1203,1997-12-08,"PARKVIEW SUITE(Block 5,HONG KONG PARKVIEW),TAI TAM RESERVOIR RD|陽明山莊,5座(陽明居),大潭水塘道",10909.879804394606,1309,1048,"{'bay_window': '', 'flat_roof': '', 'roof': '', 'ac_platform': '', 'plant_room': '', 'garden': '', 'yard': ''}",14.0,12.6641,13359,12084.064885496184,7376698,5144975,ASP,HRB,淺水灣/壽臣山,1989/11,1989,37,41,3.0,5,blank,HONG KONG PARKVIEW,陽明山莊,True,POINT Z (22.257911 114.198465 0),22.257911,114.198465
1204,1998-02-03,"PARKVIEW SUITE(Block 5,HONG KONG PARKVIEW),TAI TAM RESERVOIR RD|陽明山莊,5座(陽明居),大潭水塘道",9683.034388178618,1299,1041,"{'bay_window': '', 'flat_roof': '', 'roof': '', 'ac_platform': '', 'plant_room': '', 'garden': '', 'yard': ''}",10.88,9.8349,10451,9447.550432276656,7428926,5163967,ASP,HRB,淺水灣/壽臣山,1989/11,1989,37,35,10.0,5,blank,HONG KONG PARKVIEW,陽明山莊,True,POINT Z (22.257911 114.198465 0),22.257911,114.198465
1205,1998-02-26,"PARKVIEW SUITE(Block 5,HONG KONG PARKVIEW),TAI TAM RESERVOIR RD|陽明山莊,5座(陽明居),大潭水塘道",11471.265414627163,1213,1051,"{'bay_window': '', 'flat_roof': '', 'roof': '', 'ac_platform': '', 'plant_room': '', 'garden': '', 'yard': ''}",13.0,11.7631,12369,11192.293054234064,7440669,5170869,ASP,HRB,淺水灣/壽臣山,1989/11,1989,37,39,1.0,5,blank,HONG KONG PARKVIEW,陽明山莊,True,POINT Z (22.257911 114.198465 0),22.257911,114.198465
1206,1998-03-14,"PARKVIEW SUITE(Block 5,HONG KONG PARKVIEW),TAI TAM RESERVOIR RD|陽明山莊,5座(陽明居),大潭水塘道",14672.338135233504,1213,1051,"{'bay_window': '', 'flat_roof': '', 'roof': '', 'ac_platform': '', 'plant_room': '', 'garden': '', 'yard': ''}",14.8,14.8,14082,14081.826831588964,7446958,5176429,ASP,HRB,淺水灣/壽臣山,1989/11,1989,37,39,18.0,5,blank,HONG KONG PARKVIEW,陽明山莊,False,POINT Z (22.257911 114.198465 0),22.257911,114.198465
1207,1998-03-06,"PARKVIEW SUITE(Block 5,HONG KONG PARKVIEW),TAI TAM RESERVOIR RD|陽明山莊,5座(陽明居),大潭水塘道",12890.539133419828,1263,1012,"{'bay_window': '', 'flat_roof': '', 'roof': '', 'ac_platform': '', 'plant_room': '', 'garden': '', 'yard': ''}",13.893,12.5202,13728,12371.739130434782,7449697,5178018,ASP,HRB,淺水灣/壽臣山,1989/11,1989,37,37,19.0,5,blank,HONG KONG PARKVIEW,陽明山莊,True,POINT Z (22.257911 114.198465 0),22.257911,114.198465
1208,1998-03-16,"PARKVIEW SUITE(Block 5,HONG KONG PARKVIEW),TAI TAM RESERVOIR RD|陽明山莊,5座(陽明居),大潭水塘道",12414.564608940986,1263,1012,"{'bay_window': '', 'flat_roof': '', 'roof': '', 'ac_platform': '', 'plant_room': '', 'garden': '', 'yard': ''}",13.38,12.0579,13221,11914.9209486166,7465602,5186059,ASP,HRB,淺水灣/壽臣山,1989/11,1989,37,37,1.0,5,blank,HONG KONG PARKVIEW,陽明山莊,True,POINT Z (22.257911 114.198465 0),22.257911,114.198465
1209,1998-04-21,"PARKVIEW SUITE(Block 5,HONG KONG PARKVIEW),TAI TAM RESERVOIR RD|陽明山莊,5座(陽明居),大潭水塘道",13440.20003337346,1299,1041,"{'bay_window': '', 'flat_roof': '', 'roof': '', 'ac_platform': '', 'plant_room': '', 'garden': '', 'yard': ''}",14.7,13.2879,14121,12764.553314121038,7483328,5192745,ASP,HRB,淺水灣/壽臣山,1989/11,1989,37,35,12.0,5,blank,HONG KONG PARKVIEW,陽明山莊,True,POINT Z (22.257911 114.198465 0),22.257911,114.198465
1210,1998-06-12,"PARKVIEW SUITE(Block 5,HONG KONG PARKVIEW),TAI TAM RESERVOIR RD|陽明山莊,5座(陽明居),大潭水塘道",11591.22261847489,1309,1048,"{'bay_window': '', 'flat_roof': '', 'roof': '', 'ac_platform': '', 'plant_room': '', 'garden': '', 'yard': ''}",9.8,9.8,9351,9351.14503816794,7509487,5204514,ASP,HRB,淺水灣/壽臣山,1989/11,1989,37,41,16.0,5,blank,HONG KONG PARKVIEW,陽明山莊,False,POINT Z (22.257911 114.198465 0),22.257911,114.198465
1211,1999-03-31,"PARKVIEW SUITE(Block 5,HONG KONG PARKVIEW),TAI TAM RESERVOIR RD|陽明山莊,5座(陽明居),大潭水塘道",11905.28869290268,1309,1048,"{'bay_window': '', 'flat_roof': '', 'roof': '', 'ac_platform': '', 'plant_room': '', 'garden': '', 'yard': ''}",9.8,8.8649,9351,8458.874045801527,7731904,179145,PRO-ASP,HRB,淺水灣/壽臣山,1989/11,1989,37,41,10.0,5,blank,HONG KONG PARKVIEW,陽明山莊,True,POINT Z (22.257911 114.198465 0),22.257911,114.198465
1212,1999-03-30,"PARKVIEW SUITE(Block 5,HONG KONG PARKVIEW),TAI TAM RESERVOIR RD|陽明山莊,5座(陽明居),大潭水塘道",12031.873371104191,1263,1012,"{'bay_window': '', 'flat_roof': '', 'roof': '', 'ac_platform': '', 'plant_room': '', 'garden': '', 'yard': ''}",9.6,8.651399999999999,9486,8548.81422924901,7737370,183182,ASP,HRB,淺水灣/壽臣山,1989/11,1989,37,37,9.0,5,blank,HONG KONG PARKVIEW,陽明山莊,True,POINT Z (22.257911 114.198465 0),22.257911,114.198465
1213,1999-05-28,"PARKVIEW SUITE(Block 5,HONG KONG PARKVIEW),TAI TAM RESERVOIR RD|陽明山莊,5座(陽明居),大潭水塘道",11423.0089760279,1309,1048,"{'bay_window': '', 'flat_roof': '', 'roof': '', 'ac_platform': '', 'plant_room': '', 'garden': '', 'yard': ''}",9.75,8.8197,9303,8415.74427480916,7790936,237536,ASP,HRB,淺水灣/壽臣山,1989/11,1989,37,41,8.0,5,blank,HONG KONG PARKVIEW,陽明山莊,True,POINT Z (22.257911 114.198465 0),22.257911,114.198465
1214,1999-06-03,"PARKVIEW SUITE(Block 5,HONG KONG PARKVIEW),TAI TAM RESERVOIR RD|陽明山莊,5座(陽明居),大潭水塘道",12255.750448967725,1299,1041,"{'bay_window': '', 'flat_roof': '', 'roof': '', 'ac_platform': '', 'plant_room': '', 'garden': '', 'yard': ''}",9.5,9.5,9126,9125.840537944285,7796846,242539,ASP,HRB,淺水灣/壽臣山,1989/11,1989,37,35,15.0,5,blank,HONG KONG PARKVIEW,陽明山莊,False,POINT Z (22.257911 114.198465 0),22.257911,114.198465
1215,1999-07-26,"PARKVIEW SUITE(Block 5,HONG KONG PARKVIEW),TAI TAM RESERVOIR RD|陽明山莊,5座(陽明居),大潭水塘道",11501.558267173192,1263,1012,"{'bay_window': '', 'flat_roof': '', 'roof': '', 'ac_platform': '', 'plant_room': '', 'garden': '', 'yard': ''}",9.52,8.5793,9407,8477.569169960474,7839124,270008,ASP,HRB,淺水灣/壽臣山,1989/11,1989,37,37,3.0,5,blank,HONG KONG PARKVIEW,陽明山莊,True,POINT Z (22.257911 114.198465 0),22.257911,114.198465
1216,1999-08-20,"PARKVIEW SUITE(Block 5,HONG KONG PARKVIEW),TAI TAM RESERVOIR RD|陽明山莊,5座(陽明居),大潭水塘道",11325.007001487038,1299,1041,"{'bay_window': '', 'flat_roof': '', 'roof': '', 'ac_platform': '', 'plant_room': '', 'garden': '', 'yard': ''}",9.6,8.6778,9222,8336.023054755044,7868191,290119,ASP,HRB,淺水灣/壽臣山,1989/11,1989,37,35,19.0,5,blank,HONG KONG PARKVIEW,陽明山莊,True,POINT Z (22.257911 114.198465 0),22.257911,114.198465
1217,1999-09-01,"PARKVIEW SUITE(Block 5,HONG KONG PARKVIEW),TAI TAM RESERVOIR RD|陽明山莊,5座(陽明居),大潭水塘道",11506.92459307897,1213,1051,"{'bay_window': '', 'flat_roof': '', 'roof': '', 'ac_platform': '', 'plant_room': '', 'garden': '', 'yard': ''}",9.52,8.6142,9058,8196.194100856328,7887171,303562,PRO-ASP,HRB,淺水灣/壽臣山,1989/11,1989,37,39,7.0,5,blank,HONG KONG PARKVIEW,陽明山莊,True,POINT Z (22.257911 114.198465 0),22.257911,114.198465
1218,1999-09-20,"PARKVIEW SUITE(Block 5,HONG KONG PARKVIEW),TAI TAM RESERVOIR RD|陽明山莊,5座(陽明居),大潭水塘道",12429.073862755216,1299,1041,"{'bay_window': '', 'flat_roof': '', 'roof': '', 'ac_platform': '', 'plant_room': '', 'garden': '', 'yard': ''}",9.216,9.216,8853,8853.025936599424,7888577,304120,PRE-ASP,HRB,淺水灣/壽臣山,1989/11,1989,37,35,8.0,5,blank,HONG KONG PARKVIEW,陽明山莊,False,POINT Z (22.257911 114.198465 0),22.257911,114.198465
1219,1999-09-13,"PARKVIEW SUITE(Block 5,HONG KONG PARKVIEW),TAI TAM RESERVOIR RD|陽明山莊,5座(陽明居),大潭水塘道",12360.389309837065,1309,1048,"{'bay_window': '', 'flat_roof': '', 'roof': '', 'ac_platform': '', 'plant_room': '', 'garden': '', 'yard': ''}",10.2,9.2267,9733,8804.103053435114,7889215,305501,ASP,HRB,淺水灣/壽臣山,1989/11,1989,37,41,21.0,5,blank,HONG KONG PARKVIEW,陽明山莊,True,POINT Z (22.257911 114.198465 0),22.257911,114.198465
1220,1999-10-13,"PARKVIEW SUITE(Block 5,HONG KONG PARKVIEW),TAI TAM RESERVOIR RD|陽明山莊,5座(陽明居),大潭水塘道",11886.422243332812,1263,1012,"{'bay_window': '', 'flat_roof': '', 'roof': '', 'ac_platform': '', 'plant_room': '', 'garden': '', 'yard': ''}",9.3,8.381,9190,8281.620553359684,7920254,334677,ASP,HRB,淺水灣/壽臣山,1989/11,1989,37,37,7.0,5,blank,HONG KONG PARKVIEW,陽明山莊,True,POINT Z (22.257911 114.198465 0),22.257911,114.198465
1221,1999-12-28,"PARKVIEW SUITE(Block 5,HONG KONG PARKVIEW),TAI TAM RESERVOIR RD|陽明山莊,5座(陽明居),大潭水塘道",11692.361237779454,1309,1048,"{'bay_window': '', 'flat_roof': '', 'roof': '', 'ac_platform': '', 'plant_room': '', 'garden': '', 'yard': ''}",9.5,8.5935,9065,8199.904580152672,7961590,362621,ASP,HRB,淺水灣/壽臣山,1989/11,1989,37,41,3.0,5,blank,HONG KONG PARKVIEW,陽明山莊,True,POINT Z (22.257911 114.198465 0),22.257911,114.198465
1222,2000-01-05,"PARKVIEW SUITE(Block 5,HONG KONG PARKVIEW),TAI TAM RESERVOIR RD|陽明山莊,5座(陽明居),大潭水塘道",12122.504129274992,1213,1051,"{'bay_window': '', 'flat_roof': '', 'roof': '', 'ac_platform': '', 'plant_room': '', 'garden': '', 'yard': ''}",9.05,9.05,8611,8610.846812559466,7992698,382614,ASP,HRB,淺水灣/壽臣山,1989/11,1989,37,39,18.0,5,blank,HONG KONG PARKVIEW,陽明山莊,False,POINT Z (22.257911 114.198465 0),22.257911,114.198465
1223,2000-01-28,"PARKVIEW SUITE(Block 5,HONG KONG PARKVIEW),TAI TAM RESERVOIR RD|陽明山莊,5座(陽明居),大潭水塘道",12273.135995380431,1309,1048,"{'bay_window': '', 'flat_roof': '', 'roof': '', 'ac_platform': '', 'plant_room': '', 'garden': '', 'yard': ''}",10.1,9.1363,9637,8717.84351145038,7995187,383764,ASP,HRB,淺水灣/壽臣山,1989/11,1989,37,41,19.0,5,blank,HONG KONG PARKVIEW,陽明山莊,True,POINT Z (22.257911 114.198465 0),22.257911,114.198465
1224,2000-08-01,"PARKVIEW SUITE(Block 5,HONG KONG PARKVIEW),TAI TAM RESERVOIR RD|陽明山莊,5座(陽明居),大潭水塘道",12038.22175187259,1213,1051,"{'bay_window': '', 'flat_roof': '', 'roof': '', 'ac_platform': '', 'plant_room': '', 'garden': '', 'yard': ''}",8.3,8.3,7897,7897.240723120838,8164807,512444,ASP,HRB,淺水灣/壽臣山,1989/11,1989,37,39,2.0,5,blank,HONG KONG PARKVIEW,陽明山莊,False,POINT Z (22.257911 114.198465 0),22.257911,114.198465
1225,2000-10-09,"PARKVIEW SUITE(Block 5,HONG KONG PARKVIEW),TAI TAM RESERVOIR RD|陽明山莊,5座(陽明居),大潭水塘道",11407.965429536263,1299,1041,"{'bay_window': '', 'flat_roof': '', 'roof': '', 'ac_platform': '', 'plant_room': '', 'garden': '', 'yard': ''}",8.68,7.8462,8338,7537.175792507204,8235343,563794,ASP,HRB,淺水灣/壽臣山,1989/11,1989,37,35,1.0,5,blank,HONG KONG PARKVIEW,陽明山莊,True,POINT Z (22.257911 114.198465 0),22.257911,114.198465
1226,2002-02-28,"PARKVIEW SUITE(Block 5,HONG KONG PARKVIEW),TAI TAM RESERVOIR RD|陽明山莊,5座(陽明居),大潭水塘道",10426.525400646397,1213,1051,"{'bay_window': '', 'flat_roof': '', 'roof': '', 'ac_platform': '', 'plant_room': '', 'garden': '', 'yard': ''}",6.4,6.4,6089,6089.438629876308,8632916,871142,ASP,HRB,淺水灣/壽臣山,1989/11,1989,37,39,10.0,5,blank,HONG KONG PARKVIEW,陽明山莊,False,POINT Z (22.257911 114.198465 0),22.257911,114.198465
1227,2002-04-24,"PARKVIEW SUITE(Block 5,HONG KONG PARKVIEW),TAI TAM RESERVOIR RD|陽明山莊,5座(陽明居),大潭水塘道",12154.936469905671,1309,1048,"{'bay_window': '', 'flat_roof': '', 'roof': '', 'ac_platform': '', 'plant_room': '', 'garden': '', 'yard': ''}",8.0,7.2366,7634,6905.152671755725,8676102,901363,ASP,HRB,淺水灣/壽臣山,1989/11,1989,37,41,6.0,5,blank,HONG KONG PARKVIEW,陽明山莊,True,POINT Z (22.257911 114.198465 0),22.257911,114.198465
1228,2002-05-17,"PARKVIEW SUITE(Block 5,HONG KONG PARKVIEW),TAI TAM RESERVOIR RD|陽明山莊,5座(陽明居),大潭水塘道",11122.88421810806,1213,1051,"{'bay_window': '', 'flat_roof': '', 'roof': '', 'ac_platform': '', 'plant_room': '', 'garden': '', 'yard': ''}",7.28,6.5873,6927,6267.649857278782,8691361,915821,ASP,HRB,淺水灣/壽臣山,1989/11,1989,37,39,3.0,5,blank,HONG KONG PARKVIEW,陽明山莊,True,POINT Z (22.257911 114.198465 0),22.257911,114.198465
1229,2002-05-16,"PARKVIEW SUITE(Block 5,HONG KONG PARKVIEW),TAI TAM RESERVOIR RD|陽明山莊,5座(陽明居),大潭水塘道",11904.169194914732,1213,1051,"{'bay_window': '', 'flat_roof': '', 'roof': '', 'ac_platform': '', 'plant_room': '', 'garden': '', 'yard': ''}",7.05,7.05,6708,6707.897240723121,8701932,922698,PRO-ASP,HRB,淺水灣/壽臣山,1989/11,1989,37,39,10.0,5,blank,HONG KONG PARKVIEW,陽明山莊,False,POINT Z (22.257911 114.198465 0),22.257911,114.198465
1230,2002-06-05,"PARKVIEW SUITE(Block 5,HONG KONG PARKVIEW),TAI TAM RESERVOIR RD|陽明山莊,5座(陽明居),大潭水塘道",12238.250917621515,1299,1041,"{'bay_window': '', 'flat_roof': '', 'roof': '', 'ac_platform': '', 'plant_room': '', 'garden': '', 'yard': ''}",7.25,7.25,6964,6964.4572526416905,8713199,930925,ASP,HRB,淺水灣/壽臣山,1989/11,1989,37,35,11.0,5,blank,HONG KONG PARKVIEW,陽明山莊,False,POINT Z (22.257911 114.198465 0),22.257911,114.198465
1231,2002-09-05,"PARKVIEW SUITE(Block 5,HONG KONG PARKVIEW),TAI TAM RESERVOIR RD|陽明山莊,5座(陽明居),大潭水塘道",11940.908926938517,1263,1012,"{'bay_window': '', 'flat_roof': '', 'roof': '', 'ac_platform': '', 'plant_room': '', 'garden': '', 'yard': ''}",6.5,6.5,6423,6422.924901185771,8777370,979585,ASP,HRB,淺水灣/壽臣山,1989/11,1989,37,37,6.0,5,blank,HONG KONG PARKVIEW,陽明山莊,False,POINT Z (22.257911 114.198465 0),22.257911,114.198465
1232,2003-01-23,"PARKVIEW SUITE(Block 5,HONG KONG PARKVIEW),TAI TAM RESERVOIR RD|陽明山莊,5座(陽明居),大潭水塘道",13234.33449180296,1299,1041,"{'bay_window': '', 'flat_roof': '', 'roof': '', 'ac_platform': '', 'plant_room': '', 'garden': '', 'yard': ''}",6.95,6.95,6676,6676.272814601345,8868198,1053571,ASP,HRB,淺水灣/壽臣山,1989/11,1989,37,35,21.0,5,blank,HONG KONG PARKVIEW,陽明山莊,False,POINT Z (22.257911 114.198465 0),22.257911,114.198465
1233,2003-01-25,"PARKVIEW SUITE(Block 5,HONG KONG PARKVIEW),TAI TAM RESERVOIR RD|陽明山莊,5座(陽明居),大潭水塘道",12248.891389167786,1263,1012,"{'bay_window': '', 'flat_roof': '', 'roof': '', 'ac_platform': '', 'plant_room': '', 'garden': '', 'yard': ''}",6.939,6.2533,6857,6179.150197628458,8872896,1057430,ASP,HRB,淺水灣/壽臣山,1989/11,1989,37,37,7.0,5,blank,HONG KONG PARKVIEW,陽明山莊,True,POINT Z (22.257911 114.198465 0),22.257911,114.198465
1234,2003-03-11,"PARKVIEW SUITE(Block 5,HONG KONG PARKVIEW),TAI TAM RESERVOIR RD|陽明山莊,5座(陽明居),大潭水塘道",10758.87302461192,1299,1041,"{'bay_window': '', 'flat_roof': '', 'roof': '', 'ac_platform': '', 'plant_room': '', 'garden': '', 'yard': ''}",5.55,5.55,5331,5331.412103746397,8903955,1079838,ASP,HRB,淺水灣/壽臣山,1989/11,1989,37,35,2.0,5,blank,HONG KONG PARKVIEW,陽明山莊,False,POINT Z (22.257911 114.198465 0),22.257911,114.198465
1235,2003-06-24,"PARKVIEW SUITE(Block 5,HONG KONG PARKVIEW),TAI TAM RESERVOIR RD|陽明山莊,5座(陽明居),大潭水塘道",11099.831372677554,1263,1012,"{'bay_window': '', 'flat_roof': '', 'roof': '', 'ac_platform': '', 'plant_room': '', 'garden': '', 'yard': ''}",6.1,5.497199999999999,6028,5432.015810276679,8963872,1123437,ASP,HRB,淺水灣/壽臣山,1989/11,1989,37,37,9.0,5,blank,HONG KONG PARKVIEW,陽明山莊,True,POINT Z (22.257911 114.198465 0),22.257911,114.198465
1236,2003-08-22,"PARKVIEW SUITE(Block 5,HONG KONG PARKVIEW),TAI TAM RESERVOIR RD|陽明山莊,5座(陽明居),大潭水塘道",11259.946370822125,1309,1048,"{'bay_window': '', 'flat_roof': '', 'roof': '', 'ac_platform': '', 'plant_room': '', 'garden': '', 'yard': ''}",5.7,5.7,5439,5438.931297709924,9006707,1160843,ASP,HRB,淺水灣/壽臣山,1989/11,1989,37,41,7.0,5,blank,HONG KONG PARKVIEW,陽明山莊,False,POINT Z (22.257911 114.198465 0),22.257911,114.198465
1237,2003-10-20,"PARKVIEW SUITE(Block 5,HONG KONG PARKVIEW),TAI TAM RESERVOIR RD|陽明山莊,5座(陽明居),大潭水塘道",10642.68592143284,1309,1048,"{'bay_window': '', 'flat_roof': '', 'roof': '', 'ac_platform': '', 'plant_room': '', 'garden': '', 'yard': ''}",6.6,5.970199999999999,6298,5696.755725190839,9052929,1200523,ASP,HRB,淺水灣/壽臣山,1989/11,1989,37,41,5.0,5,blank,HONG KONG PARKVIEW,陽明山莊,True,POINT Z (22.257911 114.198465 0),22.257911,114.198465
1238,2003-11-07,"PARKVIEW SUITE(Block 5,HONG KONG PARKVIEW),TAI TAM RESERVOIR RD|陽明山莊,5座(陽明居),大潭水塘道",11748.53136526297,1263,1012,"{'bay_window': '', 'flat_roof': '', 'roof': '', 'ac_platform': '', 'plant_room': '', 'garden': '', 'yard': ''}",7.2,6.4885,7115,6411.561264822134,9064094,1209050,ASP,HRB,淺水灣/壽臣山,1989/11,1989,37,37,11.0,5,blank,HONG KONG PARKVIEW,陽明山莊,True,POINT Z (22.257911 114.198465 0),22.257911,114.198465
1239,2003-11-17,"PARKVIEW SUITE(Block 5,HONG KONG PARKVIEW),TAI TAM RESERVOIR RD|陽明山莊,5座(陽明居),大潭水塘道",10606.36081965029,1263,1012,"{'bay_window': '', 'flat_roof': '', 'roof': '', 'ac_platform': '', 'plant_room': '', 'garden': '', 'yard': ''}",6.5,5.8577,6423,5788.241106719368,9074523,1218762,ASP,HRB,淺水灣/壽臣山,1989/11,1989,37,37,1.0,5,blank,HONG KONG PARKVIEW,陽明山莊,True,POINT Z (22.257911 114.198465 0),22.257911,114.198465
1240,2004-01-26,"PARKVIEW SUITE(Block 5,HONG KONG PARKVIEW),TAI TAM RESERVOIR RD|陽明山莊,5座(陽明居),大潭水塘道",11844.381480769232,1309,1048,"{'bay_window': '', 'flat_roof': '', 'roof': '', 'ac_platform': '', 'plant_room': '', 'garden': '', 'yard': ''}",8.3,7.508000000000001,7920,7164.122137404581,9126399,1257235,ASP,HRB,淺水灣/壽臣山,1989/11,1989,37,41,21.0,5,blank,HONG KONG PARKVIEW,陽明山莊,True,POINT Z (22.257911 114.198465 0),22.257911,114.198465
1241,2004-01-15,"PARKVIEW SUITE(Block 5,HONG KONG PARKVIEW),TAI TAM RESERVOIR RD|陽明山莊,5座(陽明居),大潭水塘道",10767.04035616201,1299,1041,"{'bay_window': '', 'flat_roof': '', 'roof': '', 'ac_platform': '', 'plant_room': '', 'garden': '', 'yard': ''}",7.5,6.7795,7205,6512.487992315082,9128694,1259484,ASP,HRB,淺水灣/壽臣山,1989/11,1989,37,35,19.0,5,blank,HONG KONG PARKVIEW,陽明山莊,True,POINT Z (22.257911 114.198465 0),22.257911,114.198465
1242,2004-02-10,"PARKVIEW SUITE(Block 5,HONG KONG PARKVIEW),TAI TAM RESERVOIR RD|陽明山莊,5座(陽明居),大潭水塘道",12042.727693896297,1299,1041,"{'bay_window': '', 'flat_roof': '', 'roof': '', 'ac_platform': '', 'plant_room': '', 'garden': '', 'yard': ''}",9.0,8.1354,8646,7814.985590778099,9142673,1272046,ASP,HRB,淺水灣/壽臣山,1989/11,1989,37,35,9.0,5,blank,HONG KONG PARKVIEW,陽明山莊,True,POINT Z (22.257911 114.198465 0),22.257911,114.198465
1243,2004-02-04,"PARKVIEW SUITE(Block 5,HONG KONG PARKVIEW),TAI TAM RESERVOIR RD|陽明山莊,5座(陽明居),大潭水塘道",12204.317415994336,1309,1048,"{'bay_window': '', 'flat_roof': '', 'roof': '', 'ac_platform': '', 'plant_room': '', 'garden': '', 'yard': ''}",8.3,8.3,7920,7919.847328244276,9145650,1273510,PRO-ASP,HRB,淺水灣/壽臣山,1989/11,1989,37,41,16.0,5,blank,HONG KONG PARKVIEW,陽明山莊,False,POINT Z (22.257911 114.198465 0),22.257911,114.198465
1244,2004-02-04,"PARKVIEW SUITE(Block 5,HONG KONG PARKVIEW),TAI TAM RESERVOIR RD|陽明山莊,5座(陽明居),大潭水塘道",11648.703936795771,1263,1012,"{'bay_window': '', 'flat_roof': '', 'roof': '', 'ac_platform': '', 'plant_room': '', 'garden': '', 'yard': ''}",7.65,7.65,7559,7559.288537549407,9175397,1298977,ASP,HRB,淺水灣/壽臣山,1989/11,1989,37,37,6.0,5,blank,HONG KONG PARKVIEW,陽明山莊,False,POINT Z (22.257911 114.198465 0),22.257911,114.198465
1245,2004-09-10,"PARKVIEW SUITE(Block 5,HONG KONG PARKVIEW),TAI TAM RESERVOIR RD|陽明山莊,5座(陽明居),大潭水塘道",12113.349789604508,1309,1048,"{'bay_window': '', 'flat_roof': '', 'roof': '', 'ac_platform': '', 'plant_room': '', 'garden': '', 'yard': ''}",9.6,8.684,9160,8286.259541984733,9336623,1420768,ASP,HRB,淺水灣/壽臣山,1989/11,1989,37,41,16.0,5,blank,HONG KONG PARKVIEW,陽明山莊,True,POINT Z (22.257911 114.198465 0),22.257911,114.198465
1246,2004-11-01,"PARKVIEW SUITE(Block 5,HONG KONG PARKVIEW),TAI TAM RESERVOIR RD|陽明山莊,5座(陽明居),大潭水塘道",13068.13852149192,1263,1012,"{'bay_window': '', 'flat_roof': '', 'roof': '', 'ac_platform': '', 'plant_room': '', 'garden': '', 'yard': ''}",10.5,9.4625,10375,9350.296442687748,9383169,1458962,ASP,HRB,淺水灣/壽臣山,1989/11,1989,37,37,15.0,5,blank,HONG KONG PARKVIEW,陽明山莊,True,POINT Z (22.257911 114.198465 0),22.257911,114.198465
1247,2005-01-10,"PARKVIEW SUITE(Block 5,HONG KONG PARKVIEW),TAI TAM RESERVOIR RD|陽明山莊,5座(陽明居),大潭水塘道",10059.732491560568,1213,1051,"{'bay_window': '', 'flat_roof': '', 'roof': '', 'ac_platform': '', 'plant_room': '', 'garden': '', 'yard': ''}",8.8,7.962700000000001,8373,7576.308277830638,9444756,1507906,ASP,HRB,淺水灣/壽臣山,1989/11,1989,37,39,1.0,5,blank,HONG KONG PARKVIEW,陽明山莊,True,POINT Z (22.257911 114.198465 0),22.257911,114.198465
1248,2005-01-29,"PARKVIEW SUITE(Block 5,HONG KONG PARKVIEW),TAI TAM RESERVOIR RD|陽明山莊,5座(陽明居),大潭水塘道",12106.213853683606,1299,1041,"{'bay_window': '', 'flat_roof': '', 'roof': '', 'ac_platform': '', 'plant_room': '', 'garden': '', 'yard': ''}",10.5,9.4914,10086,9117.57925072046,5022601160111,1542328,ASP,HRB,淺水灣/壽臣山,1989/11,1989,37,35,20.0,5,blank,HONG KONG PARKVIEW,陽明山莊,True,POINT Z (22.257911 114.198465 0),22.257911,114.198465
1249,2005-03-09,"PARKVIEW SUITE(Block 5,HONG KONG PARKVIEW),TAI TAM RESERVOIR RD|陽明山莊,5座(陽明居),大潭水塘道",13909.112133348252,1263,1012,"{'bay_window': '', 'flat_roof': '', 'roof': '', 'ac_platform': '', 'plant_room': '', 'garden': '', 'yard': ''}",11.53,10.3907,11393,10267.490118577076,5040601950203,1573932,ASP,HRB,淺水灣/壽臣山,1989/11,1989,37,37,6.0,5,blank,HONG KONG PARKVIEW,陽明山莊,True,POINT Z (22.257911 114.198465 0),22.257911,114.198465
1250,2005-03-29,"PARKVIEW SUITE(Block 5,HONG KONG PARKVIEW),TAI TAM RESERVOIR RD|陽明山莊,5座(陽明居),大潭水塘道",13872.83575747235,1263,1012,"{'bay_window': '', 'flat_roof': '', 'roof': '', 'ac_platform': '', 'plant_room': '', 'garden': '', 'yard': ''}",11.5,10.3636,11364,10240.711462450592,5041502850123,1585657,ASP,HRB,淺水灣/壽臣山,1989/11,1989,37,37,16.0,5,blank,HONG KONG PARKVIEW,陽明山莊,True,POINT Z (22.257911 114.198465 0),22.257911,114.198465
1251,2005-05-09,"PARKVIEW SUITE(Block 5,HONG KONG PARKVIEW),TAI TAM RESERVOIR RD|陽明山莊,5座(陽明居),大潭水塘道",10938.739885036162,1213,1051,"{'bay_window': '', 'flat_roof': '', 'roof': '', 'ac_platform': '', 'plant_room': '', 'garden': '', 'yard': ''}",9.6,8.6866,9134,8265.080875356804,5052701250075,1629275,PRO-ASP,HRB,淺水灣/壽臣山,1989/11,1989,37,39,1.0,5,blank,HONG KONG PARKVIEW,陽明山莊,True,POINT Z (22.257911 114.198465 0),22.257911,114.198465
1252,2005-06-03,"PARKVIEW SUITE(Block 5,HONG KONG PARKVIEW),TAI TAM RESERVOIR RD|陽明山莊,5座(陽明居),大潭水塘道",14285.29794265814,1299,1041,"{'bay_window': '', 'flat_roof': '', 'roof': '', 'ac_platform': '', 'plant_room': '', 'garden': '', 'yard': ''}",11.247,11.247,10804,10804.034582132565,5062901020019,1663548,ASP,HRB,淺水灣/壽臣山,1989/11,1989,37,35,8.0,5,blank,HONG KONG PARKVIEW,陽明山莊,False,POINT Z (22.257911 114.198465 0),22.257911,114.198465
1253,2005-09-21,"PARKVIEW SUITE(Block 5,HONG KONG PARKVIEW),TAI TAM RESERVOIR RD|陽明山莊,5座(陽明居),大潭水塘道",11913.667730122294,1299,1041,"{'bay_window': '', 'flat_roof': '', 'roof': '', 'ac_platform': '', 'plant_room': '', 'garden': '', 'yard': ''}",10.78,9.7445,10355,9360.710854947169,5101401940016,1745457,ASP,HRB,淺水灣/壽臣山,1989/11,1989,37,35,18.0,5,blank,HONG KONG PARKVIEW,陽明山莊,True,POINT Z (22.257911 114.198465 0),22.257911,114.198465
1254,2006-05-10,"PARKVIEW SUITE(Block 5,HONG KONG PARKVIEW),TAI TAM RESERVOIR RD|陽明山莊,5座(陽明居),大潭水塘道",11673.659755492044,1312,1051,"{'bay_window': '', 'flat_roof': '', 'roof': '', 'ac_platform': '', 'plant_room': '', 'garden': '', 'yard': ''}",9.3,9.3,8849,8848.71550903901,6052401740018,1882840,ASP,HRB,淺水灣/壽臣山,1989/11,1989,37,39,2.0,5,blank,HONG KONG PARKVIEW,陽明山莊,False,POINT Z (22.257911 114.198465 0),22.257911,114.198465
1255,2006-05-22,"PARKVIEW SUITE(Block 5,HONG KONG PARKVIEW),TAI TAM RESERVOIR RD|陽明山莊,5座(陽明居),大潭水塘道",11676.044696732411,1312,1051,"{'bay_window': '', 'flat_roof': '', 'roof': '', 'ac_platform': '', 'plant_room': '', 'garden': '', 'yard': ''}",10.28,9.3019,9781,8850.523311132254,6061402400045,1898815,ASP,HRB,淺水灣/壽臣山,1989/11,1989,37,39,11.0,5,blank,HONG KONG PARKVIEW,陽明山莊,True,POINT Z (22.257911 114.198465 0),22.257911,114.198465
1256,2006-05-29,"PARKVIEW SUITE(Block 5,HONG KONG PARKVIEW),TAI TAM RESERVOIR RD|陽明山莊,5座(陽明居),大潭水塘道",11956.4500428409,1309,1048,"{'bay_window': '', 'flat_roof': '', 'roof': '', 'ac_platform': '', 'plant_room': '', 'garden': '', 'yard': ''}",10.5,9.4981,10019,9063.07251908397,6061602480120,1901196,ASP,HRB,淺水灣/壽臣山,1989/11,1989,37,41,8.0,5,blank,HONG KONG PARKVIEW,陽明山莊,True,POINT Z (22.257911 114.198465 0),22.257911,114.198465
1257,2006-10-31,"PARKVIEW SUITE(Block 5,HONG KONG PARKVIEW),TAI TAM RESERVOIR RD|陽明山莊,5座(陽明居),大潭水塘道",12806.319752602894,1299,1041,"{'bay_window': '', 'flat_roof': '', 'roof': '', 'ac_platform': '', 'plant_room': '', 'garden': '', 'yard': ''}",11.5,10.3953,11047,9985.878962536022,6111601230023,2003912,ASP,HRB,淺水灣/壽臣山,1989/11,1989,37,35,23.0,5,blank,HONG KONG PARKVIEW,陽明山莊,True,POINT Z (22.257911 114.198465 0),22.257911,114.198465
1258,2006-11-24,"PARKVIEW SUITE(Block 5,HONG KONG PARKVIEW),TAI TAM RESERVOIR RD|陽明山莊,5座(陽明居),大潭水塘道",11694.98323940409,1299,1041,"{'bay_window': '', 'flat_roof': '', 'roof': '', 'ac_platform': '', 'plant_room': '', 'garden': '', 'yard': ''}",10.225,9.2428,9822,8878.770413064361,6120200340050,2015072,ASP,HRB,淺水灣/壽臣山,1989/11,1989,37,35,5.0,5,blank,HONG KONG PARKVIEW,陽明山莊,True,POINT Z (22.257911 114.198465 0),22.257911,114.198465
1259,2006-11-21,"PARKVIEW SUITE(Block 5,HONG KONG PARKVIEW),TAI TAM RESERVOIR RD|陽明山莊,5座(陽明居),大潭水塘道",12433.3413699275,1263,1012,"{'bay_window': '', 'flat_roof': '', 'roof': '', 'ac_platform': '', 'plant_room': '', 'garden': '', 'yard': ''}",10.6,9.5526,10474,9439.328063241106,6120700680061,2017654,ASP,HRB,淺水灣/壽臣山,1989/11,1989,37,37,11.0,5,blank,HONG KONG PARKVIEW,陽明山莊,True,POINT Z (22.257911 114.198465 0),22.257911,114.198465
1260,2007-01-18,"PARKVIEW SUITE(Block 5,HONG KONG PARKVIEW),TAI TAM RESERVOIR RD|陽明山莊,5座(陽明居),大潭水塘道",12453.513349704304,1309,1048,"{'bay_window': '', 'flat_roof': '', 'roof': '', 'ac_platform': '', 'plant_room': '', 'garden': '', 'yard': ''}",10.45,10.45,9971,9971.374045801527,7012901660118,2052833,ASP,HRB,淺水灣/壽臣山,1989/11,1989,37,41,7.0,5,blank,HONG KONG PARKVIEW,陽明山莊,False,POINT Z (22.257911 114.198465 0),22.257911,114.198465
1261,2007-05-03,"PARKVIEW SUITE(Block 5,HONG KONG PARKVIEW),TAI TAM RESERVOIR RD|陽明山莊,5座(陽明居),大潭水塘道",13778.959344079896,1309,1048,"{'bay_window': '', 'flat_roof': '', 'roof': '', 'ac_platform': '', 'plant_room': '', 'garden': '', 'yard': ''}",12.038,12.038,11487,11486.641221374046,7051002220069,2126781,ASP,HRB,淺水灣/壽臣山,1989/11,1989,37,41,23.0,5,blank,HONG KONG PARKVIEW,陽明山莊,False,POINT Z (22.257911 114.198465 0),22.257911,114.198465
1262,2007-04-27,"PARKVIEW SUITE(Block 5,HONG KONG PARKVIEW),TAI TAM RESERVOIR RD|陽明山莊,5座(陽明居),大潭水塘道",14019.859308205469,1263,1012,"{'bay_window': '', 'flat_roof': '', 'roof': '', 'ac_platform': '', 'plant_room': '', 'garden': '', 'yard': ''}",11.5,11.5,11364,11363.636363636364,7051901500086,2136570,ASP,HRB,淺水灣/壽臣山,1989/11,1989,37,37,10.0,5,blank,HONG KONG PARKVIEW,陽明山莊,False,POINT Z (22.257911 114.198465 0),22.257911,114.198465
1263,2007-05-31,"PARKVIEW SUITE(Block 5,HONG KONG PARKVIEW),TAI TAM RESERVOIR RD|陽明山莊,5座(陽明居),大潭水塘道",12424.871546767508,1309,1048,"{'bay_window': '', 'flat_roof': '', 'roof': '', 'ac_platform': '', 'plant_room': '', 'garden': '', 'yard': ''}",12.0,10.855,11450,10357.824427480917,7062501470117,2168611,ASP,HRB,淺水灣/壽臣山,1989/11,1989,37,41,16.0,5,blank,HONG KONG PARKVIEW,陽明山莊,True,POINT Z (22.257911 114.198465 0),22.257911,114.198465
1264,2007-06-19,"PARKVIEW SUITE(Block 5,HONG KONG PARKVIEW),TAI TAM RESERVOIR RD|陽明山莊,5座(陽明居),大潭水塘道",12328.267849261416,1312,1051,"{'bay_window': '', 'flat_roof': '', 'roof': '', 'ac_platform': '', 'plant_room': '', 'garden': '', 'yard': ''}",10.78,10.78,10257,10256.898192197908,7062901160127,2173923,PRO-ASP,HRB,淺水灣/壽臣山,1989/11,1989,37,39,18.0,5,blank,HONG KONG PARKVIEW,陽明山莊,False,POINT Z (22.257911 114.198465 0),22.257911,114.198465
1265,2007-07-13,"PARKVIEW SUITE(Block 5,HONG KONG PARKVIEW),TAI TAM RESERVOIR RD|陽明山莊,5座(陽明居),大潭水塘道",11977.27590711799,1309,1048,"{'bay_window': '', 'flat_roof': '', 'roof': '', 'ac_platform': '', 'plant_room': '', 'garden': '', 'yard': ''}",11.7,10.5836,11164,10098.85496183206,7072300590096,2196812,ASP,HRB,淺水灣/壽臣山,1989/11,1989,37,41,6.0,5,blank,HONG KONG PARKVIEW,陽明山莊,True,POINT Z (22.257911 114.198465 0),22.257911,114.198465
1266,2007-10-15,"PARKVIEW SUITE(Block 5,HONG KONG PARKVIEW),TAI TAM RESERVOIR RD|陽明山莊,5座(陽明居),大潭水塘道",8882.315562342275,1263,1012,"{'bay_window': '', 'flat_roof': '', 'roof': '', 'ac_platform': '', 'plant_room': '', 'garden': '', 'yard': ''}",9.0,8.1107,8893,8014.525691699605,7101802520072,2275652,ASP,HRB,淺水灣/壽臣山,1989/11,1989,37,37,1.0,5,blank,HONG KONG PARKVIEW,陽明山莊,True,POINT Z (22.257911 114.198465 0),22.257911,114.198465
1267,2007-11-24,"PARKVIEW SUITE(Block 5,HONG KONG PARKVIEW),TAI TAM RESERVOIR RD|陽明山莊,5座(陽明居),大潭水塘道",13484.448187321555,1263,1012,"{'bay_window': '', 'flat_roof': '', 'roof': '', 'ac_platform': '', 'plant_room': '', 'garden': '', 'yard': ''}",14.38,12.9591,14209,12805.434782608696,7121102770028,2334696,PRO-ASP,HRB,淺水灣/壽臣山,1989/11,1989,37,37,16.0,5,blank,HONG KONG PARKVIEW,陽明山莊,True,POINT Z (22.257911 114.198465 0),22.257911,114.198465
1268,2007-11-05,"PARKVIEW SUITE(Block 5,HONG KONG PARKVIEW),TAI TAM RESERVOIR RD|陽明山莊,5座(陽明居),大潭水塘道",10879.125105403951,1312,1051,"{'bay_window': '', 'flat_roof': '', 'roof': '', 'ac_platform': '', 'plant_room': '', 'garden': '', 'yard': ''}",12.0,10.8582,11418,10331.303520456708,7121700160012,2341174,ASP,HRB,淺水灣/壽臣山,1989/11,1989,37,39,1.0,5,blank,HONG KONG PARKVIEW,陽明山莊,True,POINT Z (22.257911 114.198465 0),22.257911,114.198465
1269,2007-12-17,"PARKVIEW SUITE(Block 5,HONG KONG PARKVIEW),TAI TAM RESERVOIR RD|陽明山莊,5座(陽明居),大潭水塘道",12307.63963348371,1312,1051,"{'bay_window': '', 'flat_roof': '', 'roof': '', 'ac_platform': '', 'plant_room': '', 'garden': '', 'yard': ''}",14.0,12.6679,13321,12053.187440532824,7122801620222,2355149,ASP,HRB,淺水灣/壽臣山,1989/11,1989,37,39,11.0,5,blank,HONG KONG PARKVIEW,陽明山莊,True,POINT Z (22.257911 114.198465 0),22.257911,114.198465
1270,2008-03-07,"PARKVIEW SUITE(Block 5,HONG KONG PARKVIEW),TAI TAM RESERVOIR RD|陽明山莊,5座(陽明居),大潭水塘道",12298.029517415587,1299,1041,"{'bay_window': '', 'flat_roof': '', 'roof': '', 'ac_platform': '', 'plant_room': '', 'garden': '', 'yard': ''}",15.0,13.5591,14409,13025.07204610951,8032601210012,2455738,ASP,HRB,淺水灣/壽臣山,1989/11,1989,37,35,20.0,5,blank,HONG KONG PARKVIEW,陽明山莊,True,POINT Z (22.257911 114.198465 0),22.257911,114.198465
1271,2008-05-20,"PARKVIEW SUITE(Block 5,HONG KONG PARKVIEW),TAI TAM RESERVOIR RD|陽明山莊,5座(陽明居),大潭水塘道",14161.413032312055,1263,1012,"{'bay_window': '', 'flat_roof': '', 'roof': '', 'ac_platform': '', 'plant_room': '', 'garden': '', 'yard': ''}",16.5,14.8696,16304,14693.280632411068,8052602630202,2514236,ASP,HRB,淺水灣/壽臣山,1989/11,1989,37,37,23.0,5,blank,HONG KONG PARKVIEW,陽明山莊,True,POINT Z (22.257911 114.198465 0),22.257911,114.198465
1272,2008-05-20,"PARKVIEW SUITE(Block 5,HONG KONG PARKVIEW),TAI TAM RESERVOIR RD|陽明山莊,5座(陽明居),大潭水塘道",12894.53017619687,1309,1048,"{'bay_window': '', 'flat_roof': '', 'roof': '', 'ac_platform': '', 'plant_room': '', 'garden': '', 'yard': ''}",15.5,14.021,14790,13378.81679389313,8052602630220,2514237,ASP,HRB,淺水灣/壽臣山,1989/11,1989,37,41,22.0,5,blank,HONG KONG PARKVIEW,陽明山莊,True,POINT Z (22.257911 114.198465 0),22.257911,114.198465
1273,2008-05-22,"PARKVIEW SUITE(Block 5,HONG KONG PARKVIEW),TAI TAM RESERVOIR RD|陽明山莊,5座(陽明居),大潭水塘道",12270.633929742842,1309,1048,"{'bay_window': '', 'flat_roof': '', 'roof': '', 'ac_platform': '', 'plant_room': '', 'garden': '', 'yard': ''}",14.75,13.3426,14074,12731.48854961832,8052602970047,2514260,ASP,HRB,淺水灣/壽臣山,1989/11,1989,37,41,9.0,5,blank,HONG KONG PARKVIEW,陽明山莊,True,POINT Z (22.257911 114.198465 0),22.257911,114.198465
1274,2008-04-30,"PARKVIEW SUITE(Block 5,HONG KONG PARKVIEW),TAI TAM RESERVOIR RD|陽明山莊,5座(陽明居),大潭水塘道",13060.073755404504,1309,1048,"{'bay_window': '', 'flat_roof': '', 'roof': '', 'ac_platform': '', 'plant_room': '', 'garden': '', 'yard': ''}",15.7,14.201899999999998,14981,13551.431297709922,8052801790447,2517213,PRO-ASP,HRB,淺水灣/壽臣山,1989/11,1989,37,41,21.0,5,blank,HONG KONG PARKVIEW,陽明山莊,True,POINT Z (22.257911 114.198465 0),22.257911,114.198465
1275,2008-10-09,"PARKVIEW SUITE(Block 5,HONG KONG PARKVIEW),TAI TAM RESERVOIR RD|陽明山莊,5座(陽明居),大潭水塘道",13108.883883594935,1299,1041,"{'bay_window': '', 'flat_roof': '', 'roof': '', 'ac_platform': '', 'plant_room': '', 'garden': '', 'yard': ''}",13.662,12.3496,13124,11863.208453410183,8110302070212,2631186,PRO-ASP,HRB,淺水灣/壽臣山,1989/11,1989,37,35,5.0,5,blank,HONG KONG PARKVIEW,陽明山莊,True,POINT Z (22.257911 114.198465 0),22.257911,114.198465
1276,2008-11-06,"PARKVIEW SUITE(Block 5,HONG KONG PARKVIEW),TAI TAM RESERVOIR RD|陽明山莊,5座(陽明居),大潭水塘道",15701.725229707145,1299,1041,"{'bay_window': '', 'flat_roof': '', 'roof': '', 'ac_platform': '', 'plant_room': '', 'garden': '', 'yard': ''}",15.18,13.7218,14582,13181.364073006724,8112001900035,2639597,PRO-ASP,HRB,淺水灣/壽臣山,1989/11,1989,37,35,23.0,5,blank,HONG KONG PARKVIEW,陽明山莊,True,POINT Z (22.257911 114.198465 0),22.257911,114.198465
1277,2009-04-28,"PARKVIEW SUITE(Block 5,HONG KONG PARKVIEW),TAI TAM RESERVOIR RD|陽明山莊,5座(陽明居),大潭水塘道",12348.72420108508,1312,1051,"{'bay_window': '', 'flat_roof': '', 'roof': '', 'ac_platform': '', 'plant_room': '', 'garden': '', 'yard': ''}",13.2,11.9441,12559,11364.509990485252,9050701540017,2725222,ASP,HRB,淺水灣/壽臣山,1989/11,1989,37,39,23.0,5,blank,HONG KONG PARKVIEW,陽明山莊,True,POINT Z (22.257911 114.198465 0),22.257911,114.198465
1278,2009-05-21,"PARKVIEW SUITE(Block 5,HONG KONG PARKVIEW),TAI TAM RESERVOIR RD|陽明山莊,5座(陽明居),大潭水塘道",10979.607845345854,1263,1012,"{'bay_window': '', 'flat_roof': '', 'roof': '', 'ac_platform': '', 'plant_room': '', 'garden': '', 'yard': ''}",11.9,10.7241,11759,10596.93675889328,9052602580220,2741821,ASP,HRB,淺水灣/壽臣山,1989/11,1989,37,37,6.0,5,blank,HONG KONG PARKVIEW,陽明山莊,True,POINT Z (22.257911 114.198465 0),22.257911,114.198465
1279,2009-06-18,"PARKVIEW SUITE(Block 5,HONG KONG PARKVIEW),TAI TAM RESERVOIR RD|陽明山莊,5座(陽明居),大潭水塘道",11640.73863122824,1309,1048,"{'bay_window': '', 'flat_roof': '', 'roof': '', 'ac_platform': '', 'plant_room': '', 'garden': '', 'yard': ''}",13.75,12.438,13120,11868.320610687022,9062302730025,2767177,ASP,HRB,淺水灣/壽臣山,1989/11,1989,37,41,21.0,5,blank,HONG KONG PARKVIEW,陽明山莊,True,POINT Z (22.257911 114.198465 0),22.257911,114.198465
1280,2009-08-10,"PARKVIEW SUITE(Block 5,HONG KONG PARKVIEW),TAI TAM RESERVOIR RD|陽明山莊,5座(陽明居),大潭水塘道",11389.64039281054,1309,1048,"{'bay_window': '', 'flat_roof': '', 'roof': '', 'ac_platform': '', 'plant_room': '', 'garden': '', 'yard': ''}",13.8,12.4832,13168,11911.45038167939,9081300680424,2821649,PRE-ASP,HRB,淺水灣/壽臣山,1989/11,1989,37,41,6.0,5,blank,HONG KONG PARKVIEW,陽明山莊,True,POINT Z (22.257911 114.198465 0),22.257911,114.198465
1281,2009-09-11,"PARKVIEW SUITE(Block 5,HONG KONG PARKVIEW),TAI TAM RESERVOIR RD|陽明山莊,5座(陽明居),大潭水塘道",11574.7229126435,1309,1048,"{'bay_window': '', 'flat_roof': '', 'roof': '', 'ac_platform': '', 'plant_room': '', 'garden': '', 'yard': ''}",14.48,13.0983,13817,12498.37786259542,9092101080056,2860986,ASP,HRB,淺水灣/壽臣山,1989/11,1989,37,41,22.0,5,blank,HONG KONG PARKVIEW,陽明山莊,True,POINT Z (22.257911 114.198465 0),22.257911,114.198465
1282,2009-09-25,"PARKVIEW SUITE(Block 5,HONG KONG PARKVIEW),TAI TAM RESERVOIR RD|陽明山莊,5座(陽明居),大潭水塘道",12009.916603786283,1299,1041,"{'bay_window': '', 'flat_roof': '', 'roof': '', 'ac_platform': '', 'plant_room': '', 'garden': '', 'yard': ''}",13.5,13.5,12968,12968.299711815562,9100703140018,2876895,ASP,HRB,淺水灣/壽臣山,1989/11,1989,37,35,8.0,5,blank,HONG KONG PARKVIEW,陽明山莊,False,POINT Z (22.257911 114.198465 0),22.257911,114.198465
1283,2009-10-06,"PARKVIEW SUITE(Block 5,HONG KONG PARKVIEW),TAI TAM RESERVOIR RD|陽明山莊,5座(陽明居),大潭水塘道",11307.1895301312,1263,1012,"{'bay_window': '', 'flat_roof': '', 'roof': '', 'ac_platform': '', 'plant_room': '', 'garden': '', 'yard': ''}",13.88,12.508500000000002,13715,12360.17786561265,9100900500055,2880347,ASP,HRB,淺水灣/壽臣山,1989/11,1989,37,37,3.0,5,blank,HONG KONG PARKVIEW,陽明山莊,True,POINT Z (22.257911 114.198465 0),22.257911,114.198465
1284,2009-12-15,"PARKVIEW SUITE(Block 5,HONG KONG PARKVIEW),TAI TAM RESERVOIR RD|陽明山莊,5座(陽明居),大潭水塘道",11719.2578019762,1309,1048,"{'bay_window': '', 'flat_roof': '', 'roof': '', 'ac_platform': '', 'plant_room': '', 'garden': '', 'yard': ''}",13.46,13.46,12844,12843.51145038168,10011301780016,2969573,ASP,HRB,淺水灣/壽臣山,1989/11,1989,37,41,3.0,5,blank,HONG KONG PARKVIEW,陽明山莊,False,POINT Z (22.257911 114.198465 0),22.257911,114.198465
1285,2009-12-28,"PARKVIEW SUITE(Block 5,HONG KONG PARKVIEW),TAI TAM RESERVOIR RD|陽明山莊,5座(陽明居),大潭水塘道",10982.400415080776,1312,1051,"{'bay_window': '', 'flat_roof': '', 'roof': '', 'ac_platform': '', 'plant_room': '', 'garden': '', 'yard': ''}",13.98,12.6498,13302,12035.965746907706,10012901200085,2986519,PRE-ASP,HRB,淺水灣/壽臣山,1989/11,1989,37,39,1.0,5,blank,HONG KONG PARKVIEW,陽明山莊,True,POINT Z (22.257911 114.198465 0),22.257911,114.198465
1286,2010-01-20,"PARKVIEW SUITE(Block 5,HONG KONG PARKVIEW),TAI TAM RESERVOIR RD|陽明山莊,5座(陽明居),大潭水塘道",11272.61539578042,1299,1041,"{'bay_window': '', 'flat_roof': '', 'roof': '', 'ac_platform': '', 'plant_room': '', 'garden': '', 'yard': ''}",14.5,13.1071,13929,12590.874159462055,10020503300468,2994302,ASP,HRB,淺水灣/壽臣山,1989/11,1989,37,35,5.0,5,blank,HONG KONG PARKVIEW,陽明山莊,True,POINT Z (22.257911 114.198465 0),22.257911,114.198465
1287,2010-11-19,"PARKVIEW SUITE(Block 5,HONG KONG PARKVIEW),TAI TAM RESERVOIR RD|陽明山莊,5座(陽明居),大潭水塘道",11575.881072215036,1263,1012,"{'bay_window': '', 'flat_roof': '', 'roof': '', 'ac_platform': '', 'plant_room': '', 'garden': '', 'yard': ''}",17.0,15.3202,16798,15138.537549407114,10112502010035,3308457,ASP,HRB,淺水灣/壽臣山,1989/05,1989,37,37,17.0,5,blank,HONG KONG PARKVIEW,陽明山莊,True,POINT Z (22.257911 114.198465 0),22.257911,114.198465
1288,2011-03-02,"PARKVIEW SUITE(Block 5,HONG KONG PARKVIEW),TAI TAM RESERVOIR RD|陽明山莊,5座(陽明居),大潭水塘道",11557.792694200716,1309,1048,"{'bay_window': '', 'flat_roof': '', 'roof': '', 'ac_platform': '', 'plant_room': '', 'garden': '', 'yard': ''}",17.6,17.6,16794,16793.893129770993,11030802820221,3408489,ASP,HRB,淺水灣/壽臣山,1989/05,1989,37,41,7.0,5,blank,HONG KONG PARKVIEW,陽明山莊,False,POINT Z (22.257911 114.198465 0),22.257911,114.198465
1289,2011-04-11,"PARKVIEW SUITE(Block 5,HONG KONG PARKVIEW),TAI TAM RESERVOIR RD|陽明山莊,5座(陽明居),大潭水塘道",11304.27739514227,1299,1041,"{'bay_window': '', 'flat_roof': '', 'roof': '', 'ac_platform': '', 'plant_room': '', 'garden': '', 'yard': ''}",19.3,17.446,18540,16758.885686839578,11042901920019,3461868,ASP,HRB,淺水灣/壽臣山,1989/05,1989,37,35,9.0,5,blank,HONG KONG PARKVIEW,陽明山莊,True,POINT Z (22.257911 114.198465 0),22.257911,114.198465
1290,2012-01-18,"PARKVIEW SUITE(Block 5,HONG KONG PARKVIEW),TAI TAM RESERVOIR RD|陽明山莊,5座(陽明居),大潭水塘道",12072.47912595974,1309,1048,"{'bay_window': '', 'flat_roof': '', 'roof': '', 'ac_platform': '', 'plant_room': '', 'garden': '', 'yard': ''}",18.0,18.0,17176,17175.57251908397,12020901170029,3647916,PRO-ASP,HRB,淺水灣/壽臣山,1989/05,1989,37,41,3.0,5,blank,HONG KONG PARKVIEW,陽明山莊,False,POINT Z (22.257911 114.198465 0),22.257911,114.198465
1291,2012-03-30,"PARKVIEW SUITE(Block 5,HONG KONG PARKVIEW),TAI TAM RESERVOIR RD|陽明山莊,5座(陽明居),大潭水塘道",11927.323969155792,1263,1012,"{'bay_window': '', 'flat_roof': '', 'roof': '', 'ac_platform': '', 'plant_room': '', 'garden': '', 'yard': ''}",18.3,18.3,18083,18083.003952569168,12041701540011,3688966,ASP,HRB,淺水灣/壽臣山,1989/05,1989,37,37,11.0,5,blank,HONG KONG PARKVIEW,陽明山莊,False,POINT Z (22.257911 114.198465 0),22.257911,114.198465
1292,2012-06-27,"PARKVIEW SUITE(Block 5,HONG KONG PARKVIEW),TAI TAM RESERVOIR RD|陽明山莊,5座(陽明居),大潭水塘道",10810.648312623298,1299,1041,"{'bay_window': '', 'flat_roof': '', 'roof': '', 'ac_platform': '', 'plant_room': '', 'garden': '', 'yard': ''}",18.0,18.0,17291,17291.06628242075,12071602250019,3758650,PRE-ASP,HRB,淺水灣/壽臣山,1989/05,1989,37,35,8.0,5,blank,HONG KONG PARKVIEW,陽明山莊,False,POINT Z (22.257911 114.198465 0),22.257911,114.198465
1293,2012-08-22,"PARKVIEW SUITE(Block 5,HONG KONG PARKVIEW),TAI TAM RESERVOIR RD|陽明山莊,5座(陽明居),大潭水塘道",10214.180669269936,1312,1051,"{'bay_window': '', 'flat_roof': '', 'roof': '', 'ac_platform': '', 'plant_room': '', 'garden': '', 'yard': ''}",19.3,17.4637,18363,16616.2702188392,12092001950078,3807129,PRO-ASP,HRB,淺水灣/壽臣山,1989/05,1989,37,39,9.0,5,blank,HONG KONG PARKVIEW,陽明山莊,True,POINT Z (22.257911 114.198465 0),22.257911,114.198465
1294,2012-10-04,"PARKVIEW SUITE(Block 5,HONG KONG PARKVIEW),TAI TAM RESERVOIR RD|陽明山莊,5座(陽明居),大潭水塘道",9660.556933978203,1312,1051,"{'bay_window': '', 'flat_roof': '', 'roof': '', 'ac_platform': '', 'plant_room': '', 'garden': '', 'yard': ''}",17.5,17.5,16651,16650.80875356803,12101700380180,3827284,ASP,HRB,淺水灣/壽臣山,1989/05,1989,37,39,18.0,5,blank,HONG KONG PARKVIEW,陽明山莊,False,POINT Z (22.257911 114.198465 0),22.257911,114.198465
1295,2012-10-24,"PARKVIEW SUITE(Block 5,HONG KONG PARKVIEW),TAI TAM RESERVOIR RD|陽明山莊,5座(陽明居),大潭水塘道",10333.091360333205,1263,1012,"{'bay_window': '', 'flat_roof': '', 'roof': '', 'ac_platform': '', 'plant_room': '', 'garden': '', 'yard': ''}",20.0,18.0237,19763,17809.980237154152,12110602120070,3845286,ASP,HRB,淺水灣/壽臣山,1989/05,1989,37,37,7.0,5,blank,HONG KONG PARKVIEW,陽明山莊,True,POINT Z (22.257911 114.198465 0),22.257911,114.198465
1296,2013-01-07,"PARKVIEW SUITE(Block 5,HONG KONG PARKVIEW),TAI TAM RESERVOIR RD|陽明山莊,5座(陽明居),大潭水塘道",9274.318731323428,1299,1041,"{'bay_window': '', 'flat_roof': '', 'roof': '', 'ac_platform': '', 'plant_room': '', 'garden': '', 'yard': ''}",19.0,17.1748,18252,16498.366954851106,13012401580015,3911349,ASP,HRB,淺水灣/壽臣山,1989/05,1989,37,35,19.0,5,blank,HONG KONG PARKVIEW,陽明山莊,True,POINT Z (22.257911 114.198465 0),22.257911,114.198465
1297,2013-12-30,"PARKVIEW SUITE(Block 5,HONG KONG PARKVIEW),TAI TAM RESERVOIR RD|陽明山莊,5座(陽明居),大潭水塘道",9523.51104950448,1263,1012,"{'bay_window': '', 'flat_roof': '', 'roof': '', 'ac_platform': '', 'plant_room': '', 'garden': '', 'yard': ''}",19.8,17.843500000000002,19565,17631.916996047436,14011002000017,4083903,ASP,HRB,淺水灣/壽臣山,1989/05,1989,37,37,5.0,5,blank,HONG KONG PARKVIEW,陽明山莊,True,POINT Z (22.257911 114.198465 0),22.257911,114.198465
1298,2014-06-20,"PARKVIEW SUITE(Block 5,HONG KONG PARKVIEW),TAI TAM RESERVOIR RD|陽明山莊,5座(陽明居),大潭水塘道",9398.322373260664,1309,1048,"{'bay_window': '', 'flat_roof': '', 'roof': '', 'ac_platform': '', 'plant_room': '', 'garden': '', 'yard': ''}",18.0,18.0,17176,17175.57251908397,14071100450091,4165663,ASP,HRB,淺水灣/壽臣山,1989/05,1989,37,41,7.0,5,blank,HONG KONG PARKVIEW,陽明山莊,False,POINT Z (22.257911 114.198465 0),22.257911,114.198465
1299,2014-09-08,"PARKVIEW SUITE(Block 5,HONG KONG PARKVIEW),TAI TAM RESERVOIR RD|陽明山莊,5座(陽明居),大潭水塘道",9840.074181299418,1299,1041,"{'bay_window': '', 'flat_roof': '', 'roof': '', 'ac_platform': '', 'plant_room': '', 'garden': '', 'yard': ''}",22.0,19.8866,21134,19103.36215177714,14091600550092,4203538,ASP,HRB,淺水灣/壽臣山,1989/05,1989,37,35,16.0,5,blank,HONG KONG PARKVIEW,陽明山莊,True,POINT Z (22.257911 114.198465 0),22.257911,114.198465
1300,2015-06-18,"PARKVIEW SUITE(Block 5,HONG KONG PARKVIEW),TAI TAM RESERVOIR RD|陽明山莊,5座(陽明居),大潭水塘道",11584.337649157334,1263,1012,"{'bay_window': '', 'flat_roof': '', 'roof': '', 'ac_platform': '', 'plant_room': '', 'garden': '', 'yard': ''}",26.88,24.2239,26561,23936.660079051384,15070201680026,4377297,ASP,HRB,淺水灣/壽臣山,1989/05,1989,37,37,23.0,5,blank,HONG KONG PARKVIEW,陽明山莊,True,POINT Z (22.257911 114.198465 0),22.257911,114.198465
1301,2015-06-16,"PARKVIEW SUITE(Block 5,HONG KONG PARKVIEW),TAI TAM RESERVOIR RD|陽明山莊,5座(陽明居),大潭水塘道",11249.835774037208,1312,1051,"{'bay_window': '', 'flat_roof': '', 'roof': '', 'ac_platform': '', 'plant_room': '', 'garden': '', 'yard': ''}",27.0,24.431,25690,23245.48049476689,15071402050020,4383190,ASP,HRB,淺水灣/壽臣山,1989/05,1989,37,39,23.0,5,blank,HONG KONG PARKVIEW,陽明山莊,True,POINT Z (22.257911 114.198465 0),22.257911,114.198465
1302,2016-07-29,"PARKVIEW SUITE(Block 5,HONG KONG PARKVIEW),TAI TAM RESERVOIR RD|陽明山莊,5座(陽明居),大潭水塘道",9487.05300232913,1309,1048,"{'bay_window': '', 'flat_roof': '', 'roof': '', 'ac_platform': '', 'plant_room': '', 'garden': '', 'yard': ''}",21.6,19.5389,20611,18643.98854961832,16080800430077,4542858,ASP,HRB,淺水灣/壽臣山,1989/05,1989,37,41,5.0,5,blank,HONG KONG PARKVIEW,陽明山莊,True,POINT Z (22.257911 114.198465 0),22.257911,114.198465
1303,2016-12-21,"PARKVIEW SUITE(Block 5,HONG KONG PARKVIEW),TAI TAM RESERVOIR RD|陽明山莊,5座(陽明居),大潭水塘道",8838.148626417134,1309,1048,"{'bay_window': '', 'flat_roof': '', 'roof': '', 'ac_platform': '', 'plant_room': '', 'garden': '', 'yard': ''}",20.0,20.0,19084,19083.969465648854,17010600460018,4626573,ASP,HRB,淺水灣/壽臣山,1989/05,1989,37,41,3.0,5,blank,HONG KONG PARKVIEW,陽明山莊,False,POINT Z (22.257911 114.198465 0),22.257911,114.198465
1304,2017-05-31,"PARKVIEW SUITE(Block 5,HONG KONG PARKVIEW),TAI TAM RESERVOIR RD|陽明山莊,5座(陽明居),大潭水塘道",9065.512940719653,1312,1051,"{'bay_window': '', 'flat_roof': '', 'roof': '', 'ac_platform': '', 'plant_room': '', 'garden': '', 'yard': ''}",21.38,21.38,20343,20342.530922930546,17061300210171,4716909,ASP,HRB,淺水灣/壽臣山,1989/05,1989,37,39,16.0,5,blank,HONG KONG PARKVIEW,陽明山莊,False,POINT Z (22.257911 114.198465 0),22.257911,114.198465
1305,2017-07-27,"PARKVIEW SUITE(Block 5,HONG KONG PARKVIEW),TAI TAM RESERVOIR RD|陽明山莊,5座(陽明居),大潭水塘道",9213.61640908424,1299,1041,"{'bay_window': '', 'flat_roof': '', 'roof': '', 'ac_platform': '', 'plant_room': '', 'garden': '', 'yard': ''}",24.28,21.9476,23324,21083.189241114316,17080901320010,4751510,ASP,HRB,淺水灣/壽臣山,1989/05,1989,37,35,10.0,5,blank,HONG KONG PARKVIEW,陽明山莊,True,POINT Z (22.257911 114.198465 0),22.257911,114.198465
1306,2017-10-11,"PARKVIEW SUITE(Block 5,HONG KONG PARKVIEW),TAI TAM RESERVOIR RD|陽明山莊,5座(陽明居),大潭水塘道",10160.87673357014,1312,1051,"{'bay_window': '', 'flat_roof': '', 'roof': '', 'ac_platform': '', 'plant_room': '', 'garden': '', 'yard': ''}",24.5,24.5,23311,23311.13225499524,17102601950021,5239122,PRO-ASP,HRB,淺水灣/壽臣山,1989/05,1989,37,39,18.0,5,blank,HONG KONG PARKVIEW,陽明山莊,False,POINT Z (22.257911 114.198465 0),22.257911,114.198465
1307,2018-01-22,"PARKVIEW SUITE(Block 5,HONG KONG PARKVIEW),TAI TAM RESERVOIR RD|陽明山莊,5座(陽明居),大潭水塘道",11358.06476671317,1309,1048,"{'bay_window': '', 'flat_roof': '', 'roof': '', 'ac_platform': '', 'plant_room': '', 'garden': '', 'yard': ''}",28.5,28.5,27195,27194.65648854962,18020701970047,5297797,ASP,HRB,淺水灣/壽臣山,1989/05,1989,37,41,22.0,5,blank,HONG KONG PARKVIEW,陽明山莊,False,POINT Z (22.257911 114.198465 0),22.257911,114.198465
1308,2018-09-04,"PARKVIEW SUITE(Block 5,HONG KONG PARKVIEW),TAI TAM RESERVOIR RD|陽明山莊,5座(陽明居),大潭水塘道",10686.318384965649,1309,1048,"{'bay_window': '', 'flat_roof': '', 'roof': '', 'ac_platform': '', 'plant_room': '', 'garden': '', 'yard': ''}",28.487,28.487,27182,27182.251908396946,18100200670018,5438329,ASP,HRB,淺水灣/壽臣山,1989/05,1989,37,41,12.0,5,blank,HONG KONG PARKVIEW,陽明山莊,False,POINT Z (22.257911 114.198465 0),22.257911,114.198465
1309,2018-09-04,"PARKVIEW SUITE(Block 5,HONG KONG PARKVIEW),TAI TAM RESERVOIR RD|陽明山莊,5座(陽明居),大潭水塘道",9452.066517006146,1299,1041,"{'bay_window': '', 'flat_roof': '', 'roof': '', 'ac_platform': '', 'plant_room': '', 'garden': '', 'yard': ''}",25.0285,25.0285,24043,24042.74735830932,18100200670029,5438330,ASP,HRB,淺水灣/壽臣山,1989/05,1989,37,35,11.0,5,blank,HONG KONG PARKVIEW,陽明山莊,False,POINT Z (22.257911 114.198465 0),22.257911,114.198465
1310,2018-10-19,"PARKVIEW SUITE(Block 5,HONG KONG PARKVIEW),TAI TAM RESERVOIR RD|陽明山莊,5座(陽明居),大潭水塘道",10662.908525917524,1263,1012,"{'bay_window': '', 'flat_roof': '', 'roof': '', 'ac_platform': '', 'plant_room': '', 'garden': '', 'yard': ''}",28.0,28.0,27668,27667.98418972332,18110901270092,5457953,ASP,HRB,淺水灣/壽臣山,1989/05,1989,37,37,8.0,5,blank,HONG KONG PARKVIEW,陽明山莊,False,POINT Z (22.257911 114.198465 0),22.257911,114.198465
1311,2018-07-06,"PARKVIEW SUITE(Block 5,HONG KONG PARKVIEW),TAI TAM RESERVOIR RD|陽明山莊,5座(陽明居),大潭水塘道",9322.893455149351,1263,1012,"{'bay_window': '', 'flat_roof': '', 'roof': '', 'ac_platform': '', 'plant_room': '', 'garden': '', 'yard': ''}",25.0,25.0,24704,24703.557312252964,18121400990011,5473513,ASP,HRB,淺水灣/壽臣山,1989/05,1989,37,37,9.0,5,blank,HONG KONG PARKVIEW,陽明山莊,False,POINT Z (22.257911 114.198465 0),22.257911,114.198465
1312,2019-02-19,"PARKVIEW SUITE(Block 5,HONG KONG PARKVIEW),TAI TAM RESERVOIR RD|陽明山莊,5座(陽明居),大潭水塘道",11669.67394479528,1263,1012,"{'bay_window': '', 'flat_roof': '', 'roof': '', 'ac_platform': '', 'plant_room': '', 'garden': '', 'yard': ''}",29.3,29.3,28953,28952.56916996048,19031402110020,5510351,PRO-ASP,HRB,淺水灣/壽臣山,1989/05,1989,37,37,11.0,5,blank,HONG KONG PARKVIEW,陽明山莊,False,POINT Z (22.257911 114.198465 0),22.257911,114.198465
1313,2019-03-28,"PARKVIEW SUITE(Block 5,HONG KONG PARKVIEW),TAI TAM RESERVOIR RD|陽明山莊,5座(陽明居),大潭水塘道",8680.15815165194,1312,1051,"{'bay_window': '', 'flat_roof': '', 'roof': '', 'ac_platform': '', 'plant_room': '', 'garden': '', 'yard': ''}",23.0,23.0,21884,21883.92007611798,19042300640012,5529989,PRE-ASP,HRB,淺水灣/壽臣山,1989/05,1989,37,39,2.0,5,blank,HONG KONG PARKVIEW,陽明山莊,False,POINT Z (22.257911 114.198465 0),22.257911,114.198465
1314,2019-09-04,"PARKVIEW SUITE(Block 5,HONG KONG PARKVIEW),TAI TAM RESERVOIR RD|陽明山莊,5座(陽明居),大潭水塘道",10796.109967207249,1263,1012,"{'bay_window': '', 'flat_roof': '', 'roof': '', 'ac_platform': '', 'plant_room': '', 'garden': '', 'yard': ''}",27.8,27.8,27470,27470.355731225296,19091202000014,5611246,ASP,HRB,淺水灣/壽臣山,1989/05,1989,37,37,16.0,5,blank,HONG KONG PARKVIEW,陽明山莊,False,POINT Z (22.257911 114.198465 0),22.257911,114.198465
1315,2019-11-05,"PARKVIEW SUITE(Block 5,HONG KONG PARKVIEW),TAI TAM RESERVOIR RD|陽明山莊,5座(陽明居),大潭水塘道",9901.73916949594,1309,1048,"{'bay_window': '', 'flat_roof': '', 'roof': '', 'ac_platform': '', 'plant_room': '', 'garden': '', 'yard': ''}",27.2,27.2,25954,25954.19847328244,19111501560025,5640280,ASP,HRB,淺水灣/壽臣山,1989/05,1989,37,41,9.0,5,blank,HONG KONG PARKVIEW,陽明山莊,False,POINT Z (22.257911 114.198465 0),22.257911,114.198465
1316,2019-12-13,"PARKVIEW SUITE(Block 5,HONG KONG PARKVIEW),TAI TAM RESERVOIR RD|陽明山莊,5座(陽明居),大潭水塘道",11549.495975580843,1263,1012,"{'bay_window': '', 'flat_roof': '', 'roof': '', 'ac_platform': '', 'plant_room': '', 'garden': '', 'yard': ''}",29.0,29.0,28656,28656.12648221344,19122302030065,5655991,ASP,HRB,淺水灣/壽臣山,1989/05,1989,37,37,23.0,5,blank,HONG KONG PARKVIEW,陽明山莊,False,POINT Z (22.257911 114.198465 0),22.257911,114.198465
1317,2020-05-28,"PARKVIEW SUITE(Block 5,HONG KONG PARKVIEW),TAI TAM RESERVOIR RD|陽明山莊,5座(陽明居),大潭水塘道",10522.316437238633,1263,1012,"{'bay_window': '', 'flat_roof': '', 'roof': '', 'ac_platform': '', 'plant_room': '', 'garden': '', 'yard': ''}",27.365,27.365,27041,27040.513833992096,20060400560197,5717369,ASP,HRB,淺水灣/壽臣山,1989/05,1989,37,37,6.0,5,blank,HONG KONG PARKVIEW,陽明山莊,False,POINT Z (22.257911 114.198465 0),22.257911,114.198465
1318,2020-07-03,"PARKVIEW SUITE(Block 5,HONG KONG PARKVIEW),TAI TAM RESERVOIR RD|陽明山莊,5座(陽明居),大潭水塘道",9542.131899778406,1299,1041,"{'bay_window': '', 'flat_roof': '', 'roof': '', 'ac_platform': '', 'plant_room': '', 'garden': '', 'yard': ''}",25.3,25.3,24304,24303.55427473583,20071502330015,5739570,ASP,HRB,淺水灣/壽臣山,1989/05,1989,37,35,12.0,5,blank,HONG KONG PARKVIEW,陽明山莊,False,POINT Z (22.257911 114.198465 0),22.257911,114.198465
1319,2020-11-17,"PARKVIEW SUITE(Block 5,HONG KONG PARKVIEW),TAI TAM RESERVOIR RD|陽明山莊,5座(陽明居),大潭水塘道",10831.792476119464,1309,1048,"{'bay_window': '', 'flat_roof': '', 'roof': '', 'ac_platform': '', 'plant_room': '', 'garden': '', 'yard': ''}",28.18,28.18,26889,26889.31297709924,20112400290043,5809790,ASP,HRB,淺水灣/壽臣山,1989/05,1989,37,41,23.0,5,blank,HONG KONG PARKVIEW,陽明山莊,False,POINT Z (22.257911 114.198465 0),22.257911,114.198465
1320,2020-11-18,"PARKVIEW SUITE(Block 5,HONG KONG PARKVIEW),TAI TAM RESERVOIR RD|陽明山莊,5座(陽明居),大潭水塘道",10416.663452904098,1309,1048,"{'bay_window': '', 'flat_roof': '', 'roof': '', 'ac_platform': '', 'plant_room': '', 'garden': '', 'yard': ''}",27.1,27.1,25859,25858.7786259542,20121401660033,5822417,PRE-ASP,HRB,淺水灣/壽臣山,1989/05,1989,37,41,11.0,5,blank,HONG KONG PARKVIEW,陽明山莊,False,POINT Z (22.257911 114.198465 0),22.257911,114.198465
1321,2021-02-19,"PARKVIEW SUITE(Block 5,HONG KONG PARKVIEW),TAI TAM RESERVOIR RD|陽明山莊,5座(陽明居),大潭水塘道",9374.335250208296,1309,1048,"{'bay_window': '', 'flat_roof': '', 'roof': '', 'ac_platform': '', 'plant_room': '', 'garden': '', 'yard': ''}",24.5,24.5,23378,23377.862595419847,21030100900024,5867440,ASP,HRB,淺水灣/壽臣山,1989/05,1989,37,41,3.0,5,blank,HONG KONG PARKVIEW,陽明山莊,False,POINT Z (22.257911 114.198465 0),22.257911,114.198465
1322,2021-02-08,"PARKVIEW SUITE(Block 5,HONG KONG PARKVIEW),TAI TAM RESERVOIR RD|陽明山莊,5座(陽明居),大潭水塘道",10785.567001200268,1299,1041,"{'bay_window': '', 'flat_roof': '', 'roof': '', 'ac_platform': '', 'plant_room': '', 'garden': '', 'yard': ''}",28.0,28.0,26897,26897.214217098943,21030302000061,5869443,ASP,HRB,淺水灣/壽臣山,1989/05,1989,37,35,16.0,5,blank,HONG KONG PARKVIEW,陽明山莊,False,POINT Z (22.257911 114.198465 0),22.257911,114.198465
1323,2021-06-18,"PARKVIEW SUITE(Block 5,HONG KONG PARKVIEW),TAI TAM RESERVOIR RD|陽明山莊,5座(陽明居),大潭水塘道",10862.443038699908,1263,1012,"{'bay_window': '', 'flat_roof': '', 'roof': '', 'ac_platform': '', 'plant_room': '', 'garden': '', 'yard': ''}",29.0,29.0,28656,28656.12648221344,21070701900043,5949683,ASP,HRB,淺水灣/壽臣山,1989/05,1989,37,37,17.0,5,blank,HONG KONG PARKVIEW,陽明山莊,False,POINT Z (22.257911 114.198465 0),22.257911,114.198465
1324,2021-08-17,"PARKVIEW SUITE(Block 5,HONG KONG PARKVIEW),TAI TAM RESERVOIR RD|陽明山莊,5座(陽明居),大潭水塘道",10048.466440881612,1299,1041,"{'bay_window': '', 'flat_roof': '', 'roof': '', 'ac_platform': '', 'plant_room': '', 'garden': '', 'yard': ''}",27.0,27.0,25937,25936.599423631123,21083101520014,5988941,ASP,HRB,淺水灣/壽臣山,1989/05,1989,37,35,22.0,5,blank,HONG KONG PARKVIEW,陽明山莊,False,POINT Z (22.257911 114.198465 0),22.257911,114.198465
1325,2021-08-17,"PARKVIEW SUITE(Block 5,HONG KONG PARKVIEW),TAI TAM RESERVOIR RD|陽明山莊,5座(陽明居),大潭水塘道",10336.416566163793,1263,1012,"{'bay_window': '', 'flat_roof': '', 'roof': '', 'ac_platform': '', 'plant_room': '', 'garden': '', 'yard': ''}",27.0,27.0,26680,26679.8418972332,21083101520038,5988943,ASP,HRB,淺水灣/壽臣山,1989/05,1989,37,37,22.0,5,blank,HONG KONG PARKVIEW,陽明山莊,False,POINT Z (22.257911 114.198465 0),22.257911,114.198465
1326,2023-03-07,"PARKVIEW SUITE(Block 5,HONG KONG PARKVIEW),TAI TAM RESERVOIR RD|陽明山莊,5座(陽明居),大潭水塘道",10989.54824947028,1312,1051,"{'bay_window': '', 'flat_roof': '', 'roof': '', 'ac_platform': '', 'plant_room': '', 'garden': '', 'yard': ''}",26.3,26.3,25024,25023.786869647956,23031001780022,6250631,ASP,HRB,淺水灣/壽臣山,1989/05,1989,37,39,18.0,5,blank,HONG KONG PARKVIEW,陽明山莊,False,POINT Z (22.257911 114.198465 0),22.257911,114.198465
1327,2023-05-21,"PARKVIEW SUITE(Block 5,HONG KONG PARKVIEW),TAI TAM RESERVOIR RD|陽明山莊,5座(陽明居),大潭水塘道",9530.42391251891,1299,1041,"{'bay_window': '', 'flat_roof': '', 'roof': '', 'ac_platform': '', 'plant_room': '', 'garden': '', 'yard': ''}",22.0,22.0,21134,21133.525456292027,23061901950022,6300710,PRO-ASP,HRB,淺水灣/壽臣山,1989/05,1989,37,35,1.0,5,blank,HONG KONG PARKVIEW,陽明山莊,False,POINT Z (22.257911 114.198465 0),22.257911,114.198465
1328,2024-03-25,"PARKVIEW SUITE(Block 5,HONG KONG PARKVIEW),TAI TAM RESERVOIR RD|陽明山莊,5座(陽明居),大潭水塘道",11245.398489771083,1299,1041,"{'bay_window': '', 'flat_roof': '', 'roof': '', 'ac_platform': '', 'plant_room': '', 'garden': '', 'yard': ''}",23.0,23.0,22094,22094.140249759846,24042201110056,6411472,ASP,HRB,淺水灣/壽臣山,1989/05,1989,37,35,17.0,5,blank,HONG KONG PARKVIEW,陽明山莊,False,POINT Z (22.257911 114.198465 0),22.257911,114.198465
1329,2024-09-30,"PARKVIEW SUITE(Block 5,HONG KONG PARKVIEW),TAI TAM RESERVOIR RD|陽明山莊,5座(陽明居),大潭水塘道",9406.898159131406,1312,1051,"{'bay_window': '', 'flat_roof': '', 'roof': '', 'ac_platform': '', 'plant_room': '', 'garden': '', 'yard': ''}",17.8,17.8,16936,16936.251189343482,24101501680019,6488713,PRE-ASP,HRB,淺水灣/壽臣山,1989/05,1989,37,39,1.0,5,blank,HONG KONG PARKVIEW,陽明山莊,False,POINT Z (22.257911 114.198465 0),22.257911,114.198465
1330,2024-12-18,"PARKVIEW SUITE(Block 5,HONG KONG PARKVIEW),TAI TAM RESERVOIR RD|陽明山莊,5座(陽明居),大潭水塘道",9751.5805467443,1299,1041,"{'bay_window': '', 'flat_roof': '', 'roof': '', 'ac_platform': '', 'plant_room': '', 'garden': '', 'yard': ''}",18.5,18.5,17771,17771.373679154658,25010802070064,6527604,ASP,HRB,淺水灣/壽臣山,1989/05,1989,37,35,1.0,5,blank,HONG KONG PARKVIEW,陽明山莊,False,POINT Z (22.257911 114.198465 0),22.257911,114.198465
1331,2025-02-07,"PARKVIEW SUITE(Block 5,HONG KONG PARKVIEW),TAI TAM RESERVOIR RD|陽明山莊,5座(陽明居),大潭水塘道",10555.592160675244,1312,1051,"{'bay_window': '', 'flat_roof': '', 'roof': '', 'ac_platform': '', 'plant_room': '', 'garden': '', 'yard': ''}",20.0,20.0,19030,19029.495718363465,25022401800021,6547635,PRO-ASP,HRB,淺水灣/壽臣山,1989/05,1989,37,39,21.0,5,blank,HONG KONG PARKVIEW,陽明山莊,False,POINT Z (22.257911 114.198465 0),22.257911,114.198465
1332,2025-11-27,"PARKVIEW SUITE(Block 5,HONG KONG PARKVIEW),TAI TAM RESERVOIR RD|陽明山莊,5座(陽明居),大潭水塘道",9859.386630348828,1309,1048,"{'bay_window': '', 'flat_roof': '', 'roof': '', 'ac_platform': '', 'plant_room': '', 'garden': '', 'yard': ''}",19.3,19.3,18416,18416.030534351143,25121000850026,6705362,ASP,HRB,淺水灣/壽臣山,1989/05,1989,37,41,20.0,5,blank,HONG KONG PARKVIEW,陽明山莊,False,POINT Z (22.257911 114.198465 0),22.257911,114.198465
1333,1997-12-05,"PARKVIEW RISE(Block 7,HONG KONG PARKVIEW),TAI TAM RESERVOIR RD|陽明山莊,7座(凌雲閣),大潭水塘道",12508.00159672076,1924,1517,"{'bay_window': '', 'flat_roof': '', 'roof': '', 'ac_platform': '', 'plant_room': '', 'garden': '', 'yard': ''}",22.5,21.0168,14832,13854.185893210284,7379814,5146896,ASP,HRB,淺水灣/壽臣山,1988/00,1988,38,51,7.0,7,blank,HONG KONG PARKVIEW,陽明山莊,True,POINT Z (22.2575764 114.2006442 0),22.2575764,114.2006442
1334,1997-12-19,"PARKVIEW RISE(Block 7,HONG KONG PARKVIEW),TAI TAM RESERVOIR RD|陽明山莊,7座(凌雲閣),大潭水塘道",12619.174310847906,1924,1517,"{'bay_window': '', 'flat_roof': '', 'roof': '', 'ac_platform': '', 'plant_room': '', 'garden': '', 'yard': ''}",22.7,21.2036,14964,13977.323665128542,7384572,5149072,ASP,HRB,淺水灣/壽臣山,1988/00,1988,38,51,20.0,7,blank,HONG KONG PARKVIEW,陽明山莊,True,POINT Z (22.2575764 114.2006442 0),22.2575764,114.2006442
1335,1998-02-21,"PARKVIEW RISE(Block 7,HONG KONG PARKVIEW),TAI TAM RESERVOIR RD|陽明山莊,7座(凌雲閣),大潭水塘道",8757.797956244427,2092,1649,"{'bay_window': '', 'flat_roof': '', 'roof': '', 'ac_platform': '', 'plant_room': '', 'garden': '', 'yard': ''}",15.0,14.0904,9096,8544.815039417828,7429756,5164203,ASP,HRB,淺水灣/壽臣山,1988/00,1988,38,49,18.0,7,blank,HONG KONG PARKVIEW,陽明山莊,True,POINT Z (22.2575764 114.2006442 0),22.2575764,114.2006442
1336,1998-06-08,"PARKVIEW RISE(Block 7,HONG KONG PARKVIEW),TAI TAM RESERVOIR RD|陽明山莊,7座(凌雲閣),大潭水塘道",12501.898852053231,1924,1517,"{'bay_window': '', 'flat_roof': '', 'roof': '', 'ac_platform': '', 'plant_room': '', 'garden': '', 'yard': ''}",16.38,15.300199999999998,10798,10085.827290705338,7509233,5204084,ASP,HRB,淺水灣/壽臣山,1988/00,1988,38,51,16.0,7,blank,HONG KONG PARKVIEW,陽明山莊,True,POINT Z (22.2575764 114.2006442 0),22.2575764,114.2006442
1337,1998-06-26,"PARKVIEW RISE(Block 7,HONG KONG PARKVIEW),TAI TAM RESERVOIR RD|陽明山莊,7座(凌雲閣),大潭水塘道",10303.799604859838,1924,1517,"{'bay_window': '', 'flat_roof': '', 'roof': '', 'ac_platform': '', 'plant_room': '', 'garden': '', 'yard': ''}",13.5,12.6101,8899,8312.524719841793,7525465,5211156,ASP,HRB,淺水灣/壽臣山,1988/00,1988,38,51,5.0,7,blank,HONG KONG PARKVIEW,陽明山莊,True,POINT Z (22.2575764 114.2006442 0),22.2575764,114.2006442
1338,1998-08-27,"PARKVIEW RISE(Block 7,HONG KONG PARKVIEW),TAI TAM RESERVOIR RD|陽明山莊,7座(凌雲閣),大潭水塘道",9054.96486837582,2092,1649,"{'bay_window': '', 'flat_roof': '', 'roof': '', 'ac_platform': '', 'plant_room': '', 'garden': '', 'yard': ''}",11.2,10.5208,6792,6380.109157064888,7567737,28580,ASP,HRB,淺水灣/壽臣山,1988/00,1988,38,49,1.0,7,blank,HONG KONG PARKVIEW,陽明山莊,True,POINT Z (22.2575764 114.2006442 0),22.2575764,114.2006442
1339,1998-11-23,"PARKVIEW RISE(Block 7,HONG KONG PARKVIEW),TAI TAM RESERVOIR RD|陽明山莊,7座(凌雲閣),大潭水塘道",11214.432224044893,2092,1649,"{'bay_window': '', 'flat_roof': '', 'roof': '', 'ac_platform': '', 'plant_room': '', 'garden': '', 'yard': ''}",14.0,13.151,8490,7975.13644633111,7627435,87543,ASP,HRB,淺水灣/壽臣山,1988/00,1988,38,49,11.0,7,blank,HONG KONG PARKVIEW,陽明山莊,True,POINT Z (22.2575764 114.2006442 0),22.2575764,114.2006442
1340,1998-11-12,"PARKVIEW RISE(Block 7,HONG KONG PARKVIEW),TAI TAM RESERVOIR RD|陽明山莊,7座(凌雲閣),大潭水塘道",11667.1684625752,1924,1517,"{'bay_window': '', 'flat_roof': '', 'roof': '', 'ac_platform': '', 'plant_room': '', 'garden': '', 'yard': ''}",13.475,12.5867,8883,8297.099538562954,7629222,90808,ASP,HRB,淺水灣/壽臣山,1988/00,1988,38,51,15.0,7,blank,HONG KONG PARKVIEW,陽明山莊,True,POINT Z (22.2575764 114.2006442 0),22.2575764,114.2006442
1341,1999-10-06,"PARKVIEW RISE(Block 7,HONG KONG PARKVIEW),TAI TAM RESERVOIR RD|陽明山莊,7座(凌雲閣),大潭水塘道",11908.638879900363,1924,1517,"{'bay_window': '', 'flat_roof': '', 'roof': '', 'ac_platform': '', 'plant_room': '', 'garden': '', 'yard': ''}",13.475,12.5867,8883,8297.099538562954,7902865,317806,PRO-ASP,HRB,淺水灣/壽臣山,1988/00,1988,38,51,1.0,7,blank,HONG KONG PARKVIEW,陽明山莊,True,POINT Z (22.2575764 114.2006442 0),22.2575764,114.2006442
1342,2000-09-05,"PARKVIEW RISE(Block 7,HONG KONG PARKVIEW),TAI TAM RESERVOIR RD|陽明山莊,7座(凌雲閣),大潭水塘道",10974.787483617338,2092,1649,"{'bay_window': '', 'flat_roof': '', 'roof': '', 'ac_platform': '', 'plant_room': '', 'garden': '', 'yard': ''}",13.0,12.2116,7884,7405.45785324439,8198885,534145,ASP,HRB,淺水灣/壽臣山,1988/00,1988,38,49,2.0,7,blank,HONG KONG PARKVIEW,陽明山莊,True,POINT Z (22.2575764 114.2006442 0),22.2575764,114.2006442
1343,2002-06-18,"PARKVIEW RISE(Block 7,HONG KONG PARKVIEW),TAI TAM RESERVOIR RD|陽明山莊,7座(凌雲閣),大潭水塘道",11011.174542219163,2092,1649,"{'bay_window': '', 'flat_roof': '', 'roof': '', 'ac_platform': '', 'plant_room': '', 'garden': '', 'yard': ''}",11.0,10.3329,6671,6266.161309884778,8729962,944846,ASP,HRB,淺水灣/壽臣山,1988/00,1988,38,49,20.0,7,blank,HONG KONG PARKVIEW,陽明山莊,True,POINT Z (22.2575764 114.2006442 0),22.2575764,114.2006442
1344,2002-09-30,"PARKVIEW RISE(Block 7,HONG KONG PARKVIEW),TAI TAM RESERVOIR RD|陽明山莊,7座(凌雲閣),大潭水塘道",12111.845500593685,1860,1466,"{'bay_window': '', 'flat_roof': '', 'roof': '', 'ac_platform': '', 'plant_room': '', 'garden': '', 'yard': ''}",10.25,9.5508,6992,6514.870395634379,8790633,991940,ASP,HRB,淺水灣/壽臣山,1988/00,1988,38,47,8.0,7,blank,HONG KONG PARKVIEW,陽明山莊,True,POINT Z (22.2575764 114.2006442 0),22.2575764,114.2006442
1345,2002-11-27,"PARKVIEW RISE(Block 7,HONG KONG PARKVIEW),TAI TAM RESERVOIR RD|陽明山莊,7座(凌雲閣),大潭水塘道",11638.524185997505,1924,1517,"{'bay_window': '', 'flat_roof': '', 'roof': '', 'ac_platform': '', 'plant_room': '', 'garden': '', 'yard': ''}",9.6,8.9672,6328,5911.140408701384,8831364,1023529,ASP,HRB,淺水灣/壽臣山,1988/00,1988,38,51,7.0,7,blank,HONG KONG PARKVIEW,陽明山莊,True,POINT Z (22.2575764 114.2006442 0),22.2575764,114.2006442
1346,2004-01-16,"PARKVIEW RISE(Block 7,HONG KONG PARKVIEW),TAI TAM RESERVOIR RD|陽明山莊,7座(凌雲閣),大潭水塘道",11866.702012869062,2092,1649,"{'bay_window': '', 'flat_roof': '', 'roof': '', 'ac_platform': '', 'plant_room': '', 'garden': '', 'yard': ''}",12.6,11.8359,7641,7177.622801697999,9127740,1259322,PRO-ASP,HRB,淺水灣/壽臣山,1988/00,1988,38,49,3.0,7,blank,HONG KONG PARKVIEW,陽明山莊,True,POINT Z (22.2575764 114.2006442 0),22.2575764,114.2006442
1347,2004-03-01,"PARKVIEW RISE(Block 7,HONG KONG PARKVIEW),TAI TAM RESERVOIR RD|陽明山莊,7座(凌雲閣),大潭水塘道",13313.49319517718,1924,1517,"{'bay_window': '', 'flat_roof': '', 'roof': '', 'ac_platform': '', 'plant_room': '', 'garden': '', 'yard': ''}",14.0,13.0771,9229,8620.369149637443,9153749,1278853,ASP,HRB,淺水灣/壽臣山,1988/00,1988,38,51,7.0,7,blank,HONG KONG PARKVIEW,陽明山莊,True,POINT Z (22.2575764 114.2006442 0),22.2575764,114.2006442
1348,2004-02-27,"PARKVIEW RISE(Block 7,HONG KONG PARKVIEW),TAI TAM RESERVOIR RD|陽明山莊,7座(凌雲閣),大潭水塘道",13167.379455676402,2092,1649,"{'bay_window': '', 'flat_roof': '', 'roof': '', 'ac_platform': '', 'plant_room': '', 'garden': '', 'yard': ''}",15.0,14.0904,9096,8544.815039417828,9158642,1285251,ASP,HRB,淺水灣/壽臣山,1988/00,1988,38,49,11.0,7,blank,HONG KONG PARKVIEW,陽明山莊,True,POINT Z (22.2575764 114.2006442 0),22.2575764,114.2006442
1349,2004-03-08,"PARKVIEW RISE(Block 7,HONG KONG PARKVIEW),TAI TAM RESERVOIR RD|陽明山莊,7座(凌雲閣),大潭水塘道",13372.69569326199,2092,1649,"{'bay_window': '', 'flat_roof': '', 'roof': '', 'ac_platform': '', 'plant_room': '', 'garden': '', 'yard': ''}",15.2,14.2782,9218,8658.702243784111,9168866,1296346,ASP,HRB,淺水灣/壽臣山,1988/00,1988,38,49,18.0,7,blank,HONG KONG PARKVIEW,陽明山莊,True,POINT Z (22.2575764 114.2006442 0),22.2575764,114.2006442
1350,2004-03-15,"PARKVIEW RISE(Block 7,HONG KONG PARKVIEW),TAI TAM RESERVOIR RD|陽明山莊,7座(凌雲閣),大潭水塘道",14606.69834065485,1860,1466,"{'bay_window': '', 'flat_roof': '', 'roof': '', 'ac_platform': '', 'plant_room': '', 'garden': '', 'yard': ''}",14.88,13.865,10150,9457.708049113233,9168918,1296352,ASP,HRB,淺水灣/壽臣山,1988/00,1988,38,47,12.0,7,blank,HONG KONG PARKVIEW,陽明山莊,True,POINT Z (22.2575764 114.2006442 0),22.2575764,114.2006442
1351,2004-03-25,"PARKVIEW RISE(Block 7,HONG KONG PARKVIEW),TAI TAM RESERVOIR RD|陽明山莊,7座(凌雲閣),大潭水塘道",15215.30199239638,1860,1466,"{'bay_window': '', 'flat_roof': '', 'roof': '', 'ac_platform': '', 'plant_room': '', 'garden': '', 'yard': ''}",15.5,14.4427,10573,9851.773533424284,9188088,1309881,PRO-ASP,HRB,淺水灣/壽臣山,1988/00,1988,38,47,22.0,7,blank,HONG KONG PARKVIEW,陽明山莊,True,POINT Z (22.2575764 114.2006442 0),22.2575764,114.2006442
1352,2004-09-23,"PARKVIEW RISE(Block 7,HONG KONG PARKVIEW),TAI TAM RESERVOIR RD|陽明山莊,7座(凌雲閣),大潭水塘道",12807.718141593165,2092,1649,"{'bay_window': '', 'flat_roof': '', 'roof': '', 'ac_platform': '', 'plant_room': '', 'garden': '', 'yard': ''}",15.38,14.4473,9327,8761.249241964828,9346618,1427183,ASP,HRB,淺水灣/壽臣山,1988/00,1988,38,49,21.0,7,blank,HONG KONG PARKVIEW,陽明山莊,True,POINT Z (22.2575764 114.2006442 0),22.2575764,114.2006442
1353,2004-09-27,"PARKVIEW RISE(Block 7,HONG KONG PARKVIEW),TAI TAM RESERVOIR RD|陽明山莊,7座(凌雲閣),大潭水塘道",13937.327541236618,1860,1466,"{'bay_window': '', 'flat_roof': '', 'roof': '', 'ac_platform': '', 'plant_room': '', 'garden': '', 'yard': ''}",15.0,13.9768,10232,9533.969986357435,9356353,1437072,ASP,HRB,淺水灣/壽臣山,1988/00,1988,38,47,1.0,7,blank,HONG KONG PARKVIEW,陽明山莊,True,POINT Z (22.2575764 114.2006442 0),22.2575764,114.2006442
1354,2004-10-05,"PARKVIEW RISE(Block 7,HONG KONG PARKVIEW),TAI TAM RESERVOIR RD|陽明山莊,7座(凌雲閣),大潭水塘道",10961.491491858947,2092,1649,"{'bay_window': '', 'flat_roof': '', 'roof': '', 'ac_platform': '', 'plant_room': '', 'garden': '', 'yard': ''}",14.1,13.2449,8551,8032.080048514251,9360099,1440156,ASP,HRB,淺水灣/壽臣山,1988/00,1988,38,49,1.0,7,blank,HONG KONG PARKVIEW,陽明山莊,True,POINT Z (22.2575764 114.2006442 0),22.2575764,114.2006442
1355,2005-04-25,"PARKVIEW RISE(Block 7,HONG KONG PARKVIEW),TAI TAM RESERVOIR RD|陽明山莊,7座(凌雲閣),大潭水塘道",13665.958663642758,2092,1649,"{'bay_window': '', 'flat_roof': '', 'roof': '', 'ac_platform': '', 'plant_room': '', 'garden': '', 'yard': ''}",18.0,16.9084,10916,10253.729533050331,5051800730128,1616875,ASP,HRB,淺水灣/壽臣山,1988/00,1988,38,49,11.0,7,blank,HONG KONG PARKVIEW,陽明山莊,True,POINT Z (22.2575764 114.2006442 0),22.2575764,114.2006442
1356,2005-05-10,"PARKVIEW RISE(Block 7,HONG KONG PARKVIEW),TAI TAM RESERVOIR RD|陽明山莊,7座(凌雲閣),大潭水塘道",13857.222057546993,2092,1649,"{'bay_window': '', 'flat_roof': '', 'roof': '', 'ac_platform': '', 'plant_room': '', 'garden': '', 'yard': ''}",18.38,17.2654,11146,10470.224378411158,5052300100016,1622125,ASP,HRB,淺水灣/壽臣山,1988/00,1988,38,49,18.0,7,blank,HONG KONG PARKVIEW,陽明山莊,True,POINT Z (22.2575764 114.2006442 0),22.2575764,114.2006442
1357,2005-05-13,"PARKVIEW RISE(Block 7,HONG KONG PARKVIEW),TAI TAM RESERVOIR RD|陽明山莊,7座(凌雲閣),大潭水塘道",15562.36557676706,1860,1466,"{'bay_window': '', 'flat_roof': '', 'roof': '', 'ac_platform': '', 'plant_room': '', 'garden': '', 'yard': ''}",18.5,17.2381,12619,11758.594815825376,5060100890215,1633776,ASP,HRB,淺水灣/壽臣山,1988/00,1988,38,47,19.0,7,blank,HONG KONG PARKVIEW,陽明山莊,True,POINT Z (22.2575764 114.2006442 0),22.2575764,114.2006442
1358,2005-09-21,"PARKVIEW RISE(Block 7,HONG KONG PARKVIEW),TAI TAM RESERVOIR RD|陽明山莊,7座(凌雲閣),大潭水塘道",11755.102075808923,1924,1517,"{'bay_window': '', 'flat_roof': '', 'roof': '', 'ac_platform': '', 'plant_room': '', 'garden': '', 'yard': ''}",15.0,14.0112,9888,9236.123928806855,5101501610017,1744553,PRO-ASP,HRB,淺水灣/壽臣山,1988/00,1988,38,51,1.0,7,blank,HONG KONG PARKVIEW,陽明山莊,True,POINT Z (22.2575764 114.2006442 0),22.2575764,114.2006442
1359,2005-10-05,"PARKVIEW RISE(Block 7,HONG KONG PARKVIEW),TAI TAM RESERVOIR RD|陽明山莊,7座(凌雲閣),大潭水塘道",12369.110205200204,2092,1649,"{'bay_window': '', 'flat_roof': '', 'roof': '', 'ac_platform': '', 'plant_room': '', 'garden': '', 'yard': ''}",16.6,15.5933,10067,9456.215888417222,5103100930010,1757240,ASP,HRB,淺水灣/壽臣山,1988/00,1988,38,49,15.0,7,blank,HONG KONG PARKVIEW,陽明山莊,True,POINT Z (22.2575764 114.2006442 0),22.2575764,114.2006442
1360,2005-12-05,"PARKVIEW RISE(Block 7,HONG KONG PARKVIEW),TAI TAM RESERVOIR RD|陽明山莊,7座(凌雲閣),大潭水塘道",12530.052823463864,1924,1517,"{'bay_window': '', 'flat_roof': '', 'roof': '', 'ac_platform': '', 'plant_room': '', 'garden': '', 'yard': ''}",14.8,13.8244,9756,9112.986156888595,5121400350015,1784243,ASP,HRB,淺水灣/壽臣山,1988/00,1988,38,51,15.0,7,blank,HONG KONG PARKVIEW,陽明山莊,True,POINT Z (22.2575764 114.2006442 0),22.2575764,114.2006442
1361,2006-05-19,"PARKVIEW RISE(Block 7,HONG KONG PARKVIEW),TAI TAM RESERVOIR RD|陽明山莊,7座(凌雲閣),大潭水塘道",13709.661590687952,1860,1466,"{'bay_window': '', 'flat_roof': '', 'roof': '', 'ac_platform': '', 'plant_room': '', 'garden': '', 'yard': ''}",16.35,15.234700000000002,11153,10392.019099590723,6060200700011,1891431,ASP,HRB,淺水灣/壽臣山,1988/00,1988,38,47,18.0,7,blank,HONG KONG PARKVIEW,陽明山莊,True,POINT Z (22.2575764 114.2006442 0),22.2575764,114.2006442
1362,2007-01-12,"PARKVIEW RISE(Block 7,HONG KONG PARKVIEW),TAI TAM RESERVOIR RD|陽明山莊,7座(凌雲閣),大潭水塘道",12450.486992857424,2092,1649,"{'bay_window': '', 'flat_roof': '', 'roof': '', 'ac_platform': '', 'plant_room': '', 'garden': '', 'yard': ''}",17.5,16.4388,10612,9968.9508793208,7011602320027,2042469,ASP,HRB,淺水灣/壽臣山,1988/00,1988,38,49,2.0,7,blank,HONG KONG PARKVIEW,陽明山莊,True,POINT Z (22.2575764 114.2006442 0),22.2575764,114.2006442
1363,2007-04-17,"PARKVIEW RISE(Block 7,HONG KONG PARKVIEW),TAI TAM RESERVOIR RD|陽明山莊,7座(凌雲閣),大潭水塘道",13001.934202465396,2092,1649,"{'bay_window': '', 'flat_roof': '', 'roof': '', 'ac_platform': '', 'plant_room': '', 'garden': '', 'yard': ''}",18.5,17.3781,11219,10538.568829593692,7050302530108,2121361,ASP,HRB,淺水灣/壽臣山,1988/00,1988,38,49,21.0,7,blank,HONG KONG PARKVIEW,陽明山莊,True,POINT Z (22.2575764 114.2006442 0),22.2575764,114.2006442
1364,2007-04-30,"PARKVIEW RISE(Block 7,HONG KONG PARKVIEW),TAI TAM RESERVOIR RD|陽明山莊,7座(凌雲閣),大潭水塘道",13066.338825536704,1924,1517,"{'bay_window': '', 'flat_roof': '', 'roof': '', 'ac_platform': '', 'plant_room': '', 'garden': '', 'yard': ''}",17.2,16.0662,11338,10590.77125906394,7051701870053,2133945,ASP,HRB,淺水灣/壽臣山,1988/00,1988,38,51,22.0,7,blank,HONG KONG PARKVIEW,陽明山莊,True,POINT Z (22.2575764 114.2006442 0),22.2575764,114.2006442
1365,2007-06-08,"PARKVIEW RISE(Block 7,HONG KONG PARKVIEW),TAI TAM RESERVOIR RD|陽明山莊,7座(凌雲閣),大潭水塘道",12803.78106510678,2092,1649,"{'bay_window': '', 'flat_roof': '', 'roof': '', 'ac_platform': '', 'plant_room': '', 'garden': '', 'yard': ''}",18.7,17.566,11340,10652.516676773805,7062501100011,2168594,ASP,HRB,淺水灣/壽臣山,1988/00,1988,38,49,18.0,7,blank,HONG KONG PARKVIEW,陽明山莊,True,POINT Z (22.2575764 114.2006442 0),22.2575764,114.2006442
1366,2007-07-23,"PARKVIEW RISE(Block 7,HONG KONG PARKVIEW),TAI TAM RESERVOIR RD|陽明山莊,7座(凌雲閣),大潭水塘道",14240.327477547156,1924,1517,"{'bay_window': '', 'flat_roof': '', 'roof': '', 'ac_platform': '', 'plant_room': '', 'garden': '', 'yard': ''}",19.5,18.2146,12854,12006.98747528016,7080701100020,2211002,ASP,HRB,淺水灣/壽臣山,1988/00,1988,38,51,5.0,7,blank,HONG KONG PARKVIEW,陽明山莊,True,POINT Z (22.2575764 114.2006442 0),22.2575764,114.2006442
1367,2007-08-06,"PARKVIEW RISE(Block 7,HONG KONG PARKVIEW),TAI TAM RESERVOIR RD|陽明山莊,7座(凌雲閣),大潭水塘道",13867.841550293026,1924,1517,"{'bay_window': '', 'flat_roof': '', 'roof': '', 'ac_platform': '', 'plant_room': '', 'garden': '', 'yard': ''}",19.1,17.8409,12591,11760.646011865523,7090601720011,2239248,ASP,HRB,淺水灣/壽臣山,1988/00,1988,38,51,7.0,7,blank,HONG KONG PARKVIEW,陽明山莊,True,POINT Z (22.2575764 114.2006442 0),22.2575764,114.2006442
1368,2007-08-17,"PARKVIEW RISE(Block 7,HONG KONG PARKVIEW),TAI TAM RESERVOIR RD|陽明山莊,7座(凌雲閣),大潭水塘道",13940.441946057665,1924,1517,"{'bay_window': '', 'flat_roof': '', 'roof': '', 'ac_platform': '', 'plant_room': '', 'garden': '', 'yard': ''}",19.2,17.9343,12657,11822.214897824651,7090602300023,2239285,ASP,HRB,淺水灣/壽臣山,1988/00,1988,38,51,16.0,7,blank,HONG KONG PARKVIEW,陽明山莊,True,POINT Z (22.2575764 114.2006442 0),22.2575764,114.2006442
1369,2007-09-05,"PARKVIEW RISE(Block 7,HONG KONG PARKVIEW),TAI TAM RESERVOIR RD|陽明山莊,7座(凌雲閣),大潭水塘道",12094.433087953475,2092,1649,"{'bay_window': '', 'flat_roof': '', 'roof': '', 'ac_platform': '', 'plant_room': '', 'garden': '', 'yard': ''}",18.45,17.3311,11189,10510.06670709521,7100302040017,2262482,PRO-ASP,HRB,淺水灣/壽臣山,1988/00,1988,38,49,5.0,7,blank,HONG KONG PARKVIEW,陽明山莊,True,POINT Z (22.2575764 114.2006442 0),22.2575764,114.2006442
1370,2007-10-18,"PARKVIEW RISE(Block 7,HONG KONG PARKVIEW),TAI TAM RESERVOIR RD|陽明山莊,7座(凌雲閣),大潭水塘道",13921.18816080143,1924,1517,"{'bay_window': '', 'flat_roof': '', 'roof': '', 'ac_platform': '', 'plant_room': '', 'garden': '', 'yard': ''}",20.4,19.0552,13448,12561.107448912328,7102502070037,2281255,ASP,HRB,淺水灣/壽臣山,1988/00,1988,38,51,20.0,7,blank,HONG KONG PARKVIEW,陽明山莊,True,POINT Z (22.2575764 114.2006442 0),22.2575764,114.2006442
1371,2007-10-16,"PARKVIEW RISE(Block 7,HONG KONG PARKVIEW),TAI TAM RESERVOIR RD|陽明山莊,7座(凌雲閣),大潭水塘道",12947.186800027714,1860,1466,"{'bay_window': '', 'flat_roof': '', 'roof': '', 'ac_platform': '', 'plant_room': '', 'garden': '', 'yard': ''}",18.38,17.126199999999997,12538,11682.26466575716,7111601820070,2305531,PRO-ASP,HRB,淺水灣/壽臣山,1988/00,1988,38,47,6.0,7,blank,HONG KONG PARKVIEW,陽明山莊,True,POINT Z (22.2575764 114.2006442 0),22.2575764,114.2006442
1372,2007-11-05,"PARKVIEW RISE(Block 7,HONG KONG PARKVIEW),TAI TAM RESERVOIR RD|陽明山莊,7座(凌雲閣),大潭水塘道",14912.97775981854,1924,1517,"{'bay_window': '', 'flat_roof': '', 'roof': '1393', 'ac_platform': '', 'plant_room': '', 'garden': '', 'yard': ''}",23.0,21.4838,15162,14162.030323005933,7112301070379,2313673,PRO-ASP,HRB,淺水灣/壽臣山,1988/00,1988,38,51,23.0,7,blank,HONG KONG PARKVIEW,陽明山莊,True,POINT Z (22.2575764 114.2006442 0),22.2575764,114.2006442
1373,2007-11-15,"PARKVIEW RISE(Block 7,HONG KONG PARKVIEW),TAI TAM RESERVOIR RD|陽明山莊,7座(凌雲閣),大潭水塘道",13646.8005945245,2092,1649,"{'bay_window': '', 'flat_roof': '', 'roof': '', 'ac_platform': '', 'plant_room': '', 'garden': '', 'yard': ''}",22.75,21.3704,13796,12959.61188599151,7121401740207,2339561,PRO-ASP,HRB,淺水灣/壽臣山,1988/00,1988,38,49,11.0,7,blank,HONG KONG PARKVIEW,陽明山莊,True,POINT Z (22.2575764 114.2006442 0),22.2575764,114.2006442
1374,2008-01-24,"PARKVIEW RISE(Block 7,HONG KONG PARKVIEW),TAI TAM RESERVOIR RD|陽明山莊,7座(凌雲閣),大潭水塘道",14800.946773326414,2092,1649,"{'bay_window': '', 'flat_roof': '', 'roof': '', 'ac_platform': '', 'plant_room': '', 'garden': '', 'yard': ''}",26.8,25.1748,16252,15266.707095209218,8021201900057,2409109,ASP,HRB,淺水灣/壽臣山,1988/00,1988,38,49,7.0,7,blank,HONG KONG PARKVIEW,陽明山莊,True,POINT Z (22.2575764 114.2006442 0),22.2575764,114.2006442
1375,2008-01-28,"PARKVIEW RISE(Block 7,HONG KONG PARKVIEW),TAI TAM RESERVOIR RD|陽明山莊,7座(凌雲閣),大潭水塘道",14665.712194353238,1860,1466,"{'bay_window': '', 'flat_roof': '', 'roof': '', 'ac_platform': '', 'plant_room': '', 'garden': '', 'yard': ''}",23.8,22.1765,16235,15127.216916780357,8021400300026,2413661,ASP,HRB,淺水灣/壽臣山,1988/00,1988,38,47,12.0,7,blank,HONG KONG PARKVIEW,陽明山莊,True,POINT Z (22.2575764 114.2006442 0),22.2575764,114.2006442
1376,2008-02-05,"PARKVIEW RISE(Block 7,HONG KONG PARKVIEW),TAI TAM RESERVOIR RD|陽明山莊,7座(凌雲閣),大潭水塘道",14571.629311108554,2092,1649,"{'bay_window': '', 'flat_roof': '', 'roof': '', 'ac_platform': '', 'plant_room': '', 'garden': '', 'yard': ''}",27.1,25.4566,16434,15437.598544572467,8021802160018,2417685,PRO-ASP,HRB,淺水灣/壽臣山,1988/00,1988,38,49,19.0,7,blank,HONG KONG PARKVIEW,陽明山莊,True,POINT Z (22.2575764 114.2006442 0),22.2575764,114.2006442
1377,2008-03-04,"PARKVIEW RISE(Block 7,HONG KONG PARKVIEW),TAI TAM RESERVOIR RD|陽明山莊,7座(凌雲閣),大潭水塘道",15453.079217378618,1860,1466,"{'bay_window': '', 'flat_roof': '', 'roof': '', 'ac_platform': '', 'plant_room': '', 'garden': '', 'yard': ''}",25.75,23.9935,17565,16366.643929058662,8031202840093,2442272,ASP,HRB,淺水灣/壽臣山,1988/00,1988,38,47,5.0,7,blank,HONG KONG PARKVIEW,陽明山莊,True,POINT Z (22.2575764 114.2006442 0),22.2575764,114.2006442
1378,2008-06-16,"PARKVIEW RISE(Block 7,HONG KONG PARKVIEW),TAI TAM RESERVOIR RD|陽明山莊,7座(凌雲閣),大潭水塘道",13474.174952479249,1924,1517,"{'bay_window': '', 'flat_roof': '', 'roof': '', 'ac_platform': '', 'plant_room': '', 'garden': '', 'yard': ''}",23.38,21.8388,15412,14396.044825313118,8062602430015,2546187,ASP,HRB,淺水灣/壽臣山,1988/00,1988,38,51,19.0,7,blank,HONG KONG PARKVIEW,陽明山莊,True,POINT Z (22.2575764 114.2006442 0),22.2575764,114.2006442
1379,2009-04-06,"PARKVIEW RISE(Block 7,HONG KONG PARKVIEW),TAI TAM RESERVOIR RD|陽明山莊,7座(凌雲閣),大潭水塘道",14050.42970226202,1924,1517,"{'bay_window': '', 'flat_roof': '', 'roof': '1393', 'ac_platform': '', 'plant_room': '', 'garden': '', 'yard': ''}",21.0,19.6157,13843,12930.58668424522,9041600500122,2709077,ASP,HRB,淺水灣/壽臣山,1988/00,1988,38,51,23.0,7,blank,HONG KONG PARKVIEW,陽明山莊,True,POINT Z (22.2575764 114.2006442 0),22.2575764,114.2006442
1380,2009-06-04,"PARKVIEW RISE(Block 7,HONG KONG PARKVIEW),TAI TAM RESERVOIR RD|陽明山莊,7座(凌雲閣),大潭水塘道",13403.306858388714,1860,1466,"{'bay_window': '', 'flat_roof': '', 'roof': '', 'ac_platform': '', 'plant_room': '', 'garden': '', 'yard': ''}",21.5,20.0334,14666,13665.347885402456,9063001980014,2776005,PRO-ASP,HRB,淺水灣/壽臣山,1988/00,1988,38,47,6.0,7,blank,HONG KONG PARKVIEW,陽明山莊,True,POINT Z (22.2575764 114.2006442 0),22.2575764,114.2006442
1381,2009-09-02,"PARKVIEW RISE(Block 7,HONG KONG PARKVIEW),TAI TAM RESERVOIR RD|陽明山莊,7座(凌雲閣),大潭水塘道",15186.55447368484,1860,1466,"{'bay_window': '', 'flat_roof': '', 'roof': '', 'ac_platform': '', 'plant_room': '', 'garden': '', 'yard': ''}",25.8,24.0401,17599,16398.431105047748,9091002490076,2850961,ASP,HRB,淺水灣/壽臣山,1988/00,1988,38,47,12.0,7,blank,HONG KONG PARKVIEW,陽明山莊,True,POINT Z (22.2575764 114.2006442 0),22.2575764,114.2006442
1382,2009-10-16,"PARKVIEW RISE(Block 7,HONG KONG PARKVIEW),TAI TAM RESERVOIR RD|陽明山莊,7座(凌雲閣),大潭水塘道",14487.196761804384,2092,1649,"{'bay_window': '', 'flat_roof': '', 'roof': '', 'ac_platform': '', 'plant_room': '', 'garden': '', 'yard': ''}",27.8,26.1141,16859,15836.32504548211,9102702930010,2896727,ASP,HRB,淺水灣/壽臣山,1988/00,1988,38,49,15.0,7,blank,HONG KONG PARKVIEW,陽明山莊,True,POINT Z (22.2575764 114.2006442 0),22.2575764,114.2006442
1383,2009-11-16,"PARKVIEW RISE(Block 7,HONG KONG PARKVIEW),TAI TAM RESERVOIR RD|陽明山莊,7座(凌雲閣),大潭水塘道",14798.026033186708,1924,1517,"{'bay_window': '', 'flat_roof': '', 'roof': '', 'ac_platform': '', 'plant_room': '', 'garden': '', 'yard': ''}",24.8,24.8,16348,16348.055372445617,9112301720262,2922884,ASP,HRB,淺水灣/壽臣山,1988/00,1988,38,51,15.0,7,blank,HONG KONG PARKVIEW,陽明山莊,False,POINT Z (22.2575764 114.2006442 0),22.2575764,114.2006442
1384,2010-05-07,"PARKVIEW RISE(Block 7,HONG KONG PARKVIEW),TAI TAM RESERVOIR RD|陽明山莊,7座(凌雲閣),大潭水塘道",13602.895344720811,1924,1517,"{'bay_window': '', 'flat_roof': '', 'roof': '', 'ac_platform': '', 'plant_room': '', 'garden': '', 'yard': ''}",26.3,24.5663,17337,16194.001318391562,10052500990011,3104024,PRO-ASP,HRB,淺水灣/壽臣山,1988/00,1988,38,51,21.0,7,blank,HONG KONG PARKVIEW,陽明山莊,True,POINT Z (22.2575764 114.2006442 0),22.2575764,114.2006442
1385,2010-06-29,"PARKVIEW RISE(Block 7,HONG KONG PARKVIEW),TAI TAM RESERVOIR RD|陽明山莊,7座(凌雲閣),大潭水塘道",11171.909643997453,2092,1649,"{'bay_window': '', 'flat_roof': '', 'roof': '', 'ac_platform': '', 'plant_room': '', 'garden': '', 'yard': ''}",23.2,21.7931,14069,13215.949060036386,10072102770011,3160507,ASP,HRB,淺水灣/壽臣山,1988/00,1988,38,49,1.0,7,blank,HONG KONG PARKVIEW,陽明山莊,True,POINT Z (22.2575764 114.2006442 0),22.2575764,114.2006442
1386,2010-11-19,"PARKVIEW RISE(Block 7,HONG KONG PARKVIEW),TAI TAM RESERVOIR RD|陽明山莊,7座(凌雲閣),大潭水塘道",12618.402953839512,1924,1517,"{'bay_window': '', 'flat_roof': '', 'roof': '', 'ac_platform': '', 'plant_room': '', 'garden': '', 'yard': ''}",26.8,25.0334,17666,16501.911667765326,10120303030335,3319197,ASP,HRB,淺水灣/壽臣山,1988/12,1988,38,51,9.0,7,blank,HONG KONG PARKVIEW,陽明山莊,True,POINT Z (22.2575764 114.2006442 0),22.2575764,114.2006442
1387,2011-09-12,"PARKVIEW RISE(Block 7,HONG KONG PARKVIEW),TAI TAM RESERVOIR RD|陽明山莊,7座(凌雲閣),大潭水塘道",12294.946379181298,2092,1649,"{'bay_window': '', 'flat_roof': '', 'roof': '', 'ac_platform': '', 'plant_room': '', 'garden': '', 'yard': ''}",31.49,29.5804,19096,17938.386901152215,11092002270092,3574952,ASP,HRB,淺水灣/壽臣山,1988/12,1988,38,49,7.0,7,blank,HONG KONG PARKVIEW,陽明山莊,True,POINT Z (22.2575764 114.2006442 0),22.2575764,114.2006442
1388,2012-07-23,"PARKVIEW RISE(Block 7,HONG KONG PARKVIEW),TAI TAM RESERVOIR RD|陽明山莊,7座(凌雲閣),大潭水塘道",11775.039809066282,1860,1466,"{'bay_window': '', 'flat_roof': '', 'roof': '', 'ac_platform': '', 'plant_room': '', 'garden': '', 'yard': ''}",30.0,27.9536,20464,19067.93997271487,12081701960155,3782540,PRO-ASP,HRB,淺水灣/壽臣山,1988/12,1988,38,47,3.0,7,blank,HONG KONG PARKVIEW,陽明山莊,True,POINT Z (22.2575764 114.2006442 0),22.2575764,114.2006442
1389,2012-12-06,"PARKVIEW RISE(Block 7,HONG KONG PARKVIEW),TAI TAM RESERVOIR RD|陽明山莊,7座(凌雲閣),大潭水塘道",11332.589123471804,1924,1517,"{'bay_window': '', 'flat_roof': '', 'roof': '', 'ac_platform': '', 'plant_room': '', 'garden': '', 'yard': ''}",31.8,29.7038,20962,19580.61964403428,12121800720052,3882452,ASP,HRB,淺水灣/壽臣山,1988/12,1988,38,51,6.0,7,blank,HONG KONG PARKVIEW,陽明山莊,True,POINT Z (22.2575764 114.2006442 0),22.2575764,114.2006442
1390,2013-02-06,"PARKVIEW RISE(Block 7,HONG KONG PARKVIEW),TAI TAM RESERVOIR RD|陽明山莊,7座(凌雲閣),大潭水塘道",10347.20320593165,2092,1649,"{'bay_window': '', 'flat_roof': '', 'roof': '', 'ac_platform': '', 'plant_room': '', 'garden': '', 'yard': ''}",33.0,30.9988,20012,18798.544572468163,13022802310019,3938536,PRE-ASP,HRB,淺水灣/壽臣山,1988/12,1988,38,49,11.0,7,blank,HONG KONG PARKVIEW,陽明山莊,True,POINT Z (22.2575764 114.2006442 0),22.2575764,114.2006442
1391,2013-12-10,"PARKVIEW RISE(Block 7,HONG KONG PARKVIEW),TAI TAM RESERVOIR RD|陽明山莊,7座(凌雲閣),大潭水塘道",10476.260970061858,1924,1517,"{'bay_window': '', 'flat_roof': '', 'roof': '', 'ac_platform': '', 'plant_room': '', 'garden': '', 'yard': ''}",31.5,29.4235,20765,19395.84706657877,13123000910015,4077946,ASP,HRB,淺水灣/壽臣山,1988/12,1988,38,51,1.0,7,blank,HONG KONG PARKVIEW,陽明山莊,True,POINT Z (22.2575764 114.2006442 0),22.2575764,114.2006442
1392,2014-01-07,"PARKVIEW RISE(Block 7,HONG KONG PARKVIEW),TAI TAM RESERVOIR RD|陽明山莊,7座(凌雲閣),大潭水塘道",10923.614188158142,2092,1649,"{'bay_window': '', 'flat_roof': '', 'roof': '', 'ac_platform': '', 'plant_room': '', 'garden': '', 'yard': ''}",32.5,32.5,19709,19708.914493632503,14012200620020,4088356,ASP,HRB,淺水灣/壽臣山,1988/12,1988,38,49,16.0,7,blank,HONG KONG PARKVIEW,陽明山莊,False,POINT Z (22.2575764 114.2006442 0),22.2575764,114.2006442
1393,2014-09-10,"PARKVIEW RISE(Block 7,HONG KONG PARKVIEW),TAI TAM RESERVOIR RD|陽明山莊,7座(凌雲閣),大潭水塘道",9624.369593359505,2092,1649,"{'bay_window': '', 'flat_roof': '', 'roof': '', 'ac_platform': '', 'plant_room': '', 'garden': '', 'yard': ''}",32.8,30.8109,19891,18684.59672528805,14092901970017,4213044,ASP,HRB,淺水灣/壽臣山,1988/12,1988,38,49,12.0,7,blank,HONG KONG PARKVIEW,陽明山莊,True,POINT Z (22.2575764 114.2006442 0),22.2575764,114.2006442
1394,2014-11-25,"PARKVIEW RISE(Block 7,HONG KONG PARKVIEW),TAI TAM RESERVOIR RD|陽明山莊,7座(凌雲閣),大潭水塘道",10656.340451115157,1860,1466,"{'bay_window': '', 'flat_roof': '', 'roof': '', 'ac_platform': '', 'plant_room': '', 'garden': '', 'yard': ''}",33.0,30.749,22510,20974.76125511596,14121001170023,4257494,ASP,HRB,淺水灣/壽臣山,1988/12,1988,38,47,12.0,7,blank,HONG KONG PARKVIEW,陽明山莊,True,POINT Z (22.2575764 114.2006442 0),22.2575764,114.2006442
1395,2015-03-02,"PARKVIEW RISE(Block 7,HONG KONG PARKVIEW),TAI TAM RESERVOIR RD|陽明山莊,7座(凌雲閣),大潭水塘道",9128.06955894594,2092,1649,"{'bay_window': '', 'flat_roof': '', 'roof': '', 'ac_platform': '', 'plant_room': '', 'garden': '', 'yard': ''}",33.08,31.0739,20061,18844.08732565191,15031300440058,4315690,ASP,HRB,淺水灣/壽臣山,1988/12,1988,38,49,2.0,7,blank,HONG KONG PARKVIEW,陽明山莊,True,POINT Z (22.2575764 114.2006442 0),22.2575764,114.2006442
1396,2015-07-09,"PARKVIEW RISE(Block 7,HONG KONG PARKVIEW),TAI TAM RESERVOIR RD|陽明山莊,7座(凌雲閣),大潭水塘道",10212.655327942251,1860,1466,"{'bay_window': '', 'flat_roof': '', 'roof': '', 'ac_platform': '', 'plant_room': '', 'garden': '', 'yard': ''}",34.0,31.6808,23192,21610.36834924966,15080301770079,4394096,PRO-ASP,HRB,淺水灣/壽臣山,1988/12,1988,38,47,1.0,7,blank,HONG KONG PARKVIEW,陽明山莊,True,POINT Z (22.2575764 114.2006442 0),22.2575764,114.2006442
1397,2016-05-19,"PARKVIEW RISE(Block 7,HONG KONG PARKVIEW),TAI TAM RESERVOIR RD|陽明山莊,7座(凌雲閣),大潭水塘道",11172.075150806604,1924,1517,"{'bay_window': '', 'flat_roof': '', 'roof': '', 'ac_platform': '', 'plant_room': '', 'garden': '', 'yard': ''}",35.28,32.9544,23256,21723.40145023072,16061300210014,4518745,PRE-ASP,HRB,淺水灣/壽臣山,1988/12,1988,38,51,19.0,7,blank,HONG KONG PARKVIEW,陽明山莊,True,POINT Z (22.2575764 114.2006442 0),22.2575764,114.2006442
1398,2017-04-26,"PARKVIEW RISE(Block 7,HONG KONG PARKVIEW),TAI TAM RESERVOIR RD|陽明山莊,7座(凌雲閣),大潭水塘道",11197.427719532305,2092,1649,"{'bay_window': '', 'flat_roof': '', 'roof': '1650', 'ac_platform': '', 'plant_room': '', 'garden': '', 'yard': ''}",43.8,41.1438,26562,24950.758035172832,17050900590026,4696299,PRO-ASP,HRB,淺水灣/壽臣山,1988/12,1988,38,49,23.0,7,blank,HONG KONG PARKVIEW,陽明山莊,True,POINT Z (22.2575764 114.2006442 0),22.2575764,114.2006442
1399,2017-08-18,"PARKVIEW RISE(Block 7,HONG KONG PARKVIEW),TAI TAM RESERVOIR RD|陽明山莊,7座(凌雲閣),大潭水塘道",10444.62390206964,1924,1517,"{'bay_window': '', 'flat_roof': '', 'roof': '', 'ac_platform': '', 'plant_room': '', 'garden': '', 'yard': ''}",39.0,36.4291,25709,24013.9090309822,17090801820023,4766375,PRE-ASP,HRB,淺水灣/壽臣山,1988/12,1988,38,51,15.0,7,blank,HONG KONG PARKVIEW,陽明山莊,True,POINT Z (22.2575764 114.2006442 0),22.2575764,114.2006442
1400,2017-11-21,"PARKVIEW RISE(Block 7,HONG KONG PARKVIEW),TAI TAM RESERVOIR RD|陽明山莊,7座(凌雲閣),大潭水塘道",12187.859226338223,1924,1517,"{'bay_window': '', 'flat_roof': '', 'roof': '', 'ac_platform': '', 'plant_room': '', 'garden': '', 'yard': ''}",42.5,42.5,28016,28015.820698747528,17112900260026,5256464,ASP,HRB,淺水灣/壽臣山,1988/12,1988,38,51,9.0,7,blank,HONG KONG PARKVIEW,陽明山莊,False,POINT Z (22.2575764 114.2006442 0),22.2575764,114.2006442
1401,2017-12-15,"PARKVIEW RISE(Block 7,HONG KONG PARKVIEW),TAI TAM RESERVOIR RD|陽明山莊,7座(凌雲閣),大潭水塘道",12382.729844848627,1860,1466,"{'bay_window': '', 'flat_roof': '', 'roof': '', 'ac_platform': '', 'plant_room': '', 'garden': '', 'yard': ''}",42.8,42.8,29195,29195.088676671214,18010401980258,5278126,ASP,HRB,淺水灣/壽臣山,1988/12,1988,38,47,12.0,7,blank,HONG KONG PARKVIEW,陽明山莊,False,POINT Z (22.2575764 114.2006442 0),22.2575764,114.2006442
1402,2018-05-18,"PARKVIEW RISE(Block 7,HONG KONG PARKVIEW),TAI TAM RESERVOIR RD|陽明山莊,7座(凌雲閣),大潭水塘道",13373.503677775709,1860,1466,"{'bay_window': '', 'flat_roof': '', 'roof': '', 'ac_platform': '', 'plant_room': '', 'garden': '', 'yard': ''}",49.5,49.5,33765,33765.34788540246,18060700170014,5370640,ASP,HRB,淺水灣/壽臣山,1988/12,1988,38,47,22.0,7,blank,HONG KONG PARKVIEW,陽明山莊,False,POINT Z (22.2575764 114.2006442 0),22.2575764,114.2006442
1403,2018-05-21,"PARKVIEW RISE(Block 7,HONG KONG PARKVIEW),TAI TAM RESERVOIR RD|陽明山莊,7座(凌雲閣),大潭水塘道",10880.566790284276,2092,1649,"{'bay_window': '', 'flat_roof': '', 'roof': '', 'ac_platform': '', 'plant_room': '', 'garden': '', 'yard': ''}",45.3,45.3,27471,27471.194663432383,18061900590025,5377346,PRO-ASP,HRB,淺水灣/壽臣山,1988/12,1988,38,49,8.0,7,blank,HONG KONG PARKVIEW,陽明山莊,False,POINT Z (22.2575764 114.2006442 0),22.2575764,114.2006442
1404,2020-05-10,"PARKVIEW RISE(Block 7,HONG KONG PARKVIEW),TAI TAM RESERVOIR RD|陽明山莊,7座(凌雲閣),大潭水塘道",8495.291067034916,2092,1649,"{'bay_window': '', 'flat_roof': '', 'roof': '', 'ac_platform': '', 'plant_room': '', 'garden': '', 'yard': ''}",36.0,36.0,21831,21831.41297756216,20060502080039,5718619,ASP,HRB,淺水灣/壽臣山,1988/12,1988,38,49,12.0,7,blank,HONG KONG PARKVIEW,陽明山莊,False,POINT Z (22.2575764 114.2006442 0),22.2575764,114.2006442
1405,2020-07-13,"PARKVIEW RISE(Block 7,HONG KONG PARKVIEW),TAI TAM RESERVOIR RD|陽明山莊,7座(凌雲閣),大潭水塘道",10611.429663144238,1924,1517,"{'bay_window': '', 'flat_roof': '', 'roof': '', 'ac_platform': '', 'plant_room': '', 'garden': '', 'yard': ''}",41.0,41.0,27027,27027.027027027027,20080501710018,5750912,PRO-ASP,HRB,淺水灣/壽臣山,1988/12,1988,38,51,6.0,7,blank,HONG KONG PARKVIEW,陽明山莊,False,POINT Z (22.2575764 114.2006442 0),22.2575764,114.2006442
1406,2020-12-21,"PARKVIEW RISE(Block 7,HONG KONG PARKVIEW),TAI TAM RESERVOIR RD|陽明山莊,7座(凌雲閣),大潭水塘道",11394.30282509942,1924,1517,"{'bay_window': '', 'flat_roof': '', 'roof': '', 'ac_platform': '', 'plant_room': '', 'garden': '', 'yard': ''}",43.38,43.38,28596,28595.912986156887,21011900160013,5842604,PRE-ASP,HRB,淺水灣/壽臣山,1988/12,1988,38,51,21.0,7,blank,HONG KONG PARKVIEW,陽明山莊,False,POINT Z (22.2575764 114.2006442 0),22.2575764,114.2006442
1407,2021-03-19,"PARKVIEW RISE(Block 7,HONG KONG PARKVIEW),TAI TAM RESERVOIR RD|陽明山莊,7座(凌雲閣),大潭水塘道",11628.972540317412,1924,1517,"{'bay_window': '', 'flat_roof': '', 'roof': '', 'ac_platform': '', 'plant_room': '', 'garden': '', 'yard': ''}",44.8,44.8,29532,29531.97099538563,21032901290216,5883165,ASP,HRB,淺水灣/壽臣山,1988/12,1988,38,51,16.0,7,blank,HONG KONG PARKVIEW,陽明山莊,False,POINT Z (22.2575764 114.2006442 0),22.2575764,114.2006442
1408,2022-01-06,"PARKVIEW RISE(Block 7,HONG KONG PARKVIEW),TAI TAM RESERVOIR RD|陽明山莊,7座(凌雲閣),大潭水塘道",14169.916770871285,1860,1466,"{'bay_window': '', 'flat_roof': '', 'roof': '', 'ac_platform': '', 'plant_room': '', 'garden': '', 'yard': ''}",51.88,51.88,35389,35388.81309686221,22012800130018,6083238,ASP,HRB,淺水灣/壽臣山,1988/12,1988,38,47,15.0,7,blank,HONG KONG PARKVIEW,陽明山莊,False,POINT Z (22.2575764 114.2006442 0),22.2575764,114.2006442
1409,2022-12-05,"PARKVIEW RISE(Block 7,HONG KONG PARKVIEW),TAI TAM RESERVOIR RD|陽明山莊,7座(凌雲閣),大潭水塘道",18295.4880764931,1860,1466,"{'bay_window': '', 'flat_roof': '', 'roof': '1347', 'ac_platform': '', 'plant_room': '', 'garden': '', 'yard': ''}",57.0,57.0,38881,38881.30968622101,22122102120015,6216451,MEM-ASP,HRB,淺水灣/壽臣山,1988/12,1988,38,47,23.0,7,blank,HONG KONG PARKVIEW,陽明山莊,False,POINT Z (22.2575764 114.2006442 0),22.2575764,114.2006442
1410,2023-04-11,"PARKVIEW RISE(Block 7,HONG KONG PARKVIEW),TAI TAM RESERVOIR RD|陽明山莊,7座(凌雲閣),大潭水塘道",14154.518086665084,1860,1466,"{'bay_window': '', 'flat_roof': '', 'roof': '', 'ac_platform': '', 'plant_room': '', 'garden': '', 'yard': ''}",48.0,48.0,32742,32742.155525238744,23050400190011,6277424,ASP,HRB,淺水灣/壽臣山,1988/12,1988,38,47,6.0,7,blank,HONG KONG PARKVIEW,陽明山莊,False,POINT Z (22.2575764 114.2006442 0),22.2575764,114.2006442
1411,2023-05-16,"PARKVIEW RISE(Block 7,HONG KONG PARKVIEW),TAI TAM RESERVOIR RD|陽明山莊,7座(凌雲閣),大潭水塘道",13535.022227738318,1860,1466,"{'bay_window': '', 'flat_roof': '', 'roof': '', 'ac_platform': '', 'plant_room': '', 'garden': '', 'yard': ''}",44.0,44.0,30014,30013.642564802183,23060101820043,6292080,ASP,HRB,淺水灣/壽臣山,1988/12,1988,38,47,10.0,7,blank,HONG KONG PARKVIEW,陽明山莊,False,POINT Z (22.2575764 114.2006442 0),22.2575764,114.2006442
1412,2025-07-18,"PARKVIEW RISE(Block 7,HONG KONG PARKVIEW),TAI TAM RESERVOIR RD|陽明山莊,7座(凌雲閣),大潭水塘道",10547.002240176706,2092,1649,"{'bay_window': '', 'flat_roof': '', 'roof': '', 'ac_platform': '', 'plant_room': '', 'garden': '', 'yard': ''}",31.88,31.88,19333,19332.929047907823,25081301340012,6636167,ASP,HRB,淺水灣/壽臣山,1988/12,1988,38,49,7.0,7,blank,HONG KONG PARKVIEW,陽明山莊,False,POINT Z (22.2575764 114.2006442 0),22.2575764,114.2006442
1413,2025-12-26,"PARKVIEW RISE(Block 7,HONG KONG PARKVIEW),TAI TAM RESERVOIR RD|陽明山莊,7座(凌雲閣),大潭水塘道",10049.792823749538,2092,1649,"{'bay_window': '', 'flat_roof': '', 'roof': '', 'ac_platform': '', 'plant_room': '', 'garden': '', 'yard': ''}",31.28,31.28,18969,18969.07216494845,26020200850011,6738736,PRE-ASP,HRB,淺水灣/壽臣山,1988/12,1988,38,49,2.0,7,blank,HONG KONG PARKVIEW,陽明山莊,False,POINT Z (22.2575764 114.2006442 0),22.2575764,114.2006442
1414,1998-03-31,"RUBY COURT(Block 2),SOUTH BAY RD|嘉麟閣2座,南灣道",9174.310343343725,1780,1517,"{'bay_window': '50', 'flat_roof': '', 'roof': '', 'ac_platform': '', 'plant_room': '', 'garden': '', 'yard': ''}",14.3,13.3573,9427,8805.075807514831,7458883,5183643,ASP,HRB,淺水灣/壽臣山,1987/05,1987,39,A,4.0,2,blank,RUBY COURT,嘉麟閣,True,POINT Z (22.229194 114.199179 0),22.229194,114.199179
1415,1998-03-31,"RUBY COURT(Block 2),SOUTH BAY RD|嘉麟閣2座,南灣道",8360.20045212579,1780,1517,"{'bay_window': '50', 'flat_roof': '', 'roof': '', 'ac_platform': '', 'plant_room': '', 'garden': '', 'yard': ''}",13.031,12.172,8590,8023.731048121292,7460839,5184478,ASP,HRB,淺水灣/壽臣山,1987/05,1987,39,B,2.0,2,blank,RUBY COURT,嘉麟閣,True,POINT Z (22.229194 114.199179 0),22.229194,114.199179
1416,1998-06-19,"RUBY COURT(Block 2),SOUTH BAY RD|嘉麟閣2座,南灣道",9922.128976123346,1780,1517,"{'bay_window': '50', 'flat_roof': '', 'roof': '', 'ac_platform': '', 'plant_room': '', 'garden': '', 'yard': ''}",13.0,12.143,8570,8004.614370468029,7518300,5207818,ASP,HRB,淺水灣/壽臣山,1987/05,1987,39,B,17.0,2,blank,RUBY COURT,嘉麟閣,True,POINT Z (22.229194 114.199179 0),22.229194,114.199179
1417,1998-08-12,"RUBY COURT(Block 2),SOUTH BAY RD|嘉麟閣2座,南灣道",10486.72667958151,1780,1517,"{'bay_window': '50', 'flat_roof': '', 'roof': '', 'ac_platform': '', 'plant_room': '', 'garden': '', 'yard': ''}",12.0,11.209,7910,7388.92551087673,7563275,24542,ASP,HRB,淺水灣/壽臣山,1987/05,1987,39,B,7.0,2,blank,RUBY COURT,嘉麟閣,True,POINT Z (22.229194 114.199179 0),22.229194,114.199179
1418,1998-10-30,"RUBY COURT(Block 2),SOUTH BAY RD|嘉麟閣2座,南灣道",11348.241543948892,1780,1517,"{'bay_window': '50', 'flat_roof': '', 'roof': '', 'ac_platform': '', 'plant_room': '', 'garden': '', 'yard': ''}",12.38,11.5639,8161,7622.874093605801,7610526,68104,ASP,HRB,淺水灣/壽臣山,1987/05,1987,39,A,12.0,2,blank,RUBY COURT,嘉麟閣,True,POINT Z (22.229194 114.199179 0),22.229194,114.199179
1419,1998-10-28,"RUBY COURT(Block 2),SOUTH BAY RD|嘉麟閣2座,南灣道",9899.964157378636,1780,1517,"{'bay_window': '50', 'flat_roof': '', 'roof': '', 'ac_platform': '', 'plant_room': '', 'garden': '', 'yard': ''}",10.8,10.0881,7119,6650.032959789058,7617404,73955,PRO-ASP,HRB,淺水灣/壽臣山,1987/05,1987,39,B,7.0,2,blank,RUBY COURT,嘉麟閣,True,POINT Z (22.229194 114.199179 0),22.229194,114.199179
1420,1998-11-13,"RUBY COURT(Block 2),SOUTH BAY RD|嘉麟閣2座,南灣道",9091.283247177182,1780,1517,"{'bay_window': '50', 'flat_roof': '', 'roof': '', 'ac_platform': '', 'plant_room': '', 'garden': '', 'yard': ''}",10.5,9.8078,6922,6465.260382333553,7619911,77776,ASP,HRB,淺水灣/壽臣山,1987/05,1987,39,A,1.0,2,blank,RUBY COURT,嘉麟閣,True,POINT Z (22.229194 114.199179 0),22.229194,114.199179
1421,1999-02-08,"RUBY COURT(Block 2),SOUTH BAY RD|嘉麟閣2座,南灣道",10285.263584901071,1780,1517,"{'bay_window': '50', 'flat_roof': '', 'roof': '', 'ac_platform': '', 'plant_room': '', 'garden': '', 'yard': ''}",12.35,11.5359,8141,7604.416611733684,7698582,152205,ASP,HRB,淺水灣/壽臣山,1987/05,1987,39,A,10.0,2,blank,RUBY COURT,嘉麟閣,True,POINT Z (22.229194 114.199179 0),22.229194,114.199179
1422,1999-03-09,"RUBY COURT(Block 2),SOUTH BAY RD|嘉麟閣2座,南灣道",11526.003969914937,1780,1517,"{'bay_window': '50', 'flat_roof': '', 'roof': '', 'ac_platform': '', 'plant_room': '', 'garden': '', 'yard': ''}",13.3,12.4233,8767,8189.386947923534,7727702,175549,ASP,HRB,淺水灣/壽臣山,1987/05,1987,39,A,14.0,2,blank,RUBY COURT,嘉麟閣,True,POINT Z (22.229194 114.199179 0),22.229194,114.199179
1423,2000-04-25,"RUBY COURT(Block 2),SOUTH BAY RD|嘉麟閣2座,南灣道",11676.532884061951,1780,1517,"{'bay_window': '50', 'flat_roof': '', 'roof': '', 'ac_platform': '', 'plant_room': '', 'garden': '', 'yard': ''}",13.0,12.143,8570,8004.614370468029,8110998,469695,ASP,HRB,淺水灣/壽臣山,1987/05,1987,39,B,8.0,2,blank,RUBY COURT,嘉麟閣,True,POINT Z (22.229194 114.199179 0),22.229194,114.199179
1424,2001-03-13,"RUBY COURT(Block 2),SOUTH BAY RD|嘉麟閣2座,南灣道",12549.677048838565,1780,1517,"{'bay_window': '50', 'flat_roof': '', 'roof': '', 'ac_platform': '', 'plant_room': '', 'garden': '', 'yard': ''}",12.83,11.9843,8457,7900.0,8348612,649754,ASP,HRB,淺水灣/壽臣山,1987/05,1987,39,B,18.0,2,blank,RUBY COURT,嘉麟閣,True,POINT Z (22.229194 114.199179 0),22.229194,114.199179
1425,2001-11-28,"RUBY COURT(Block 2),SOUTH BAY RD|嘉麟閣2座,南灣道",10942.217047611322,1780,1517,"{'bay_window': '50', 'flat_roof': '', 'roof': '', 'ac_platform': '', 'plant_room': '', 'garden': '', 'yard': ''}",10.1,9.4342,6658,6218.984838497034,8553402,814919,ASP,HRB,淺水灣/壽臣山,1987/05,1987,39,B,11.0,2,blank,RUBY COURT,嘉麟閣,True,POINT Z (22.229194 114.199179 0),22.229194,114.199179
1426,2001-12-08,"RUBY COURT(Block 2),SOUTH BAY RD|嘉麟閣2座,南灣道",11656.64197368473,1780,1517,"{'bay_window': '50', 'flat_roof': '', 'roof': '', 'ac_platform': '', 'plant_room': '', 'garden': '', 'yard': ''}",11.0,10.2749,7251,6773.170731707317,8575244,830640,PRO-ASP,HRB,淺水灣/壽臣山,1987/05,1987,39,B,6.0,2,blank,RUBY COURT,嘉麟閣,True,POINT Z (22.229194 114.199179 0),22.229194,114.199179
1427,2002-01-31,"RUBY COURT(Block 2),SOUTH BAY RD|嘉麟閣2座,南灣道",11830.340560234674,1780,1517,"{'bay_window': '50', 'flat_roof': '', 'roof': '', 'ac_platform': '', 'plant_room': '', 'garden': '', 'yard': ''}",11.1,10.3683,7317,6834.739617666447,8614190,856900,ASP,HRB,淺水灣/壽臣山,1987/05,1987,39,A,12.0,2,blank,RUBY COURT,嘉麟閣,True,POINT Z (22.229194 114.199179 0),22.229194,114.199179
1428,2002-05-07,"RUBY COURT(Block 2),SOUTH BAY RD|嘉麟閣2座,南灣道",13112.755949227432,1780,1517,"{'bay_window': '50', 'flat_roof': '', 'roof': '', 'ac_platform': '', 'plant_room': '', 'garden': '', 'yard': ''}",12.0,11.209,7910,7388.92551087673,8692740,916462,ASP,HRB,淺水灣/壽臣山,1987/05,1987,39,B,16.0,2,blank,RUBY COURT,嘉麟閣,True,POINT Z (22.229194 114.199179 0),22.229194,114.199179
1429,2002-05-27,"RUBY COURT(Block 2),SOUTH BAY RD|嘉麟閣2座,南灣道",12347.796442117093,1780,1517,"{'bay_window': '50', 'flat_roof': '', 'roof': '', 'ac_platform': '', 'plant_room': '', 'garden': '', 'yard': ''}",11.3,10.5551,7449,6957.877389584707,8731610,945922,PRO-ASP,HRB,淺水灣/壽臣山,1987/05,1987,39,B,19.0,2,blank,RUBY COURT,嘉麟閣,True,POINT Z (22.229194 114.199179 0),22.229194,114.199179
1430,2002-07-19,"RUBY COURT(Block 2),SOUTH BAY RD|嘉麟閣2座,南灣道",13304.666055922744,1780,1517,"{'bay_window': '50', 'flat_roof': '', 'roof': '', 'ac_platform': '', 'plant_room': '', 'garden': '', 'yard': ''}",12.0,11.209,7910,7388.92551087673,8755605,964863,ASP,HRB,淺水灣/壽臣山,1987/05,1987,39,B,18.0,2,blank,RUBY COURT,嘉麟閣,True,POINT Z (22.229194 114.199179 0),22.229194,114.199179
1431,2004-02-10,"RUBY COURT(Block 2),SOUTH BAY RD|嘉麟閣2座,南灣道",13853.166439278366,1780,1517,"{'bay_window': '50', 'flat_roof': '', 'roof': '', 'ac_platform': '', 'plant_room': '', 'garden': '', 'yard': ''}",14.6,13.6376,9624,8989.848384970337,9151598,1277908,PRO-ASP,HRB,淺水灣/壽臣山,1987/05,1987,39,A,14.0,2,blank,RUBY COURT,嘉麟閣,True,POINT Z (22.229194 114.199179 0),22.229194,114.199179
1432,2004-10-25,"RUBY COURT(Block 2),SOUTH BAY RD|嘉麟閣2座,南灣道",14621.420849682136,1780,1517,"{'bay_window': '50', 'flat_roof': '', 'roof': '', 'ac_platform': '', 'plant_room': '', 'garden': '', 'yard': ''}",17.4,16.253,11470,10713.909030982202,9375865,1453359,ASP,HRB,淺水灣/壽臣山,1987/05,1987,39,A,10.0,2,blank,RUBY COURT,嘉麟閣,True,POINT Z (22.229194 114.199179 0),22.229194,114.199179
1433,2005-01-25,"RUBY COURT(Block 2),SOUTH BAY RD|嘉麟閣2座,南灣道",14117.880566952726,1780,1517,"{'bay_window': '50', 'flat_roof': '', 'roof': '', 'ac_platform': '', 'plant_room': '', 'garden': '', 'yard': ''}",17.268,16.1297,11383,10632.630191166776,5022201800155,1538489,ASP,HRB,淺水灣/壽臣山,1987/05,1987,39,B,8.0,2,blank,RUBY COURT,嘉麟閣,True,POINT Z (22.229194 114.199179 0),22.229194,114.199179
1434,2005-05-20,"RUBY COURT(Block 2),SOUTH BAY RD|嘉麟閣2座,南灣道",13935.278758095255,1780,1517,"{'bay_window': '50', 'flat_roof': '', 'roof': '', 'ac_platform': '', 'plant_room': '', 'garden': '', 'yard': ''}",17.1,15.9728,11272,10529.202373104812,5052601190168,1626929,PRO-ASP,HRB,淺水灣/壽臣山,1987/05,1987,39,B,9.0,2,blank,RUBY COURT,嘉麟閣,True,POINT Z (22.229194 114.199179 0),22.229194,114.199179
1435,2005-06-01,"RUBY COURT(Block 2),SOUTH BAY RD|嘉麟閣2座,南灣道",16282.902608317632,1780,1517,"{'bay_window': '50', 'flat_roof': '', 'roof': '', 'ac_platform': '', 'plant_room': '', 'garden': '', 'yard': ''}",20.0,18.6816,13184,12314.831905075807,5062401120170,1661040,ASP,HRB,淺水灣/壽臣山,1987/05,1987,39,A,13.0,2,blank,RUBY COURT,嘉麟閣,True,POINT Z (22.229194 114.199179 0),22.229194,114.199179
1436,2005-06-17,"RUBY COURT(Block 2),SOUTH BAY RD|嘉麟閣2座,南灣道",15794.457366919616,1780,1517,"{'bay_window': '50', 'flat_roof': '', 'roof': '', 'ac_platform': '', 'plant_room': '', 'garden': '', 'yard': ''}",19.4,18.1212,12788,11945.418589321029,5070800060013,1673721,ASP,HRB,淺水灣/壽臣山,1987/05,1987,39,A,12.0,2,blank,RUBY COURT,嘉麟閣,True,POINT Z (22.229194 114.199179 0),22.229194,114.199179
1437,2006-06-06,"RUBY COURT(Block 2),SOUTH BAY RD|嘉麟閣2座,南灣道",15676.523729691786,1780,1517,"{'bay_window': '50', 'flat_roof': '', 'roof': '', 'ac_platform': '', 'plant_room': '', 'garden': '', 'yard': ''}",19.5,18.2146,12854,12006.98747528016,6070300520017,1910695,ASP,HRB,淺水灣/壽臣山,1987/05,1987,39,A,15.0,2,blank,RUBY COURT,嘉麟閣,True,POINT Z (22.229194 114.199179 0),22.229194,114.199179
1438,2007-05-11,"RUBY COURT(Block 2),SOUTH BAY RD|嘉麟閣2座,南灣道",13295.152609872574,1780,1517,"{'bay_window': '50', 'flat_roof': '', 'roof': '', 'ac_platform': '', 'plant_room': '', 'garden': '', 'yard': ''}",18.0,16.8134,11866,11083.32234673698,7060201420029,2148508,ASP,HRB,淺水灣/壽臣山,1987/05,1987,39,B,2.0,2,blank,RUBY COURT,嘉麟閣,True,POINT Z (22.229194 114.199179 0),22.229194,114.199179
1439,2007-08-03,"RUBY COURT(Block 2),SOUTH BAY RD|嘉麟閣2座,南灣道",15537.806114112647,1780,1517,"{'bay_window': '50', 'flat_roof': '', 'roof': '', 'ac_platform': '', 'plant_room': '', 'garden': '', 'yard': ''}",21.4,19.9893,14107,13176.86222808174,7082400510016,2228109,ASP,HRB,淺水灣/壽臣山,1987/05,1987,39,B,11.0,2,blank,RUBY COURT,嘉麟閣,True,POINT Z (22.229194 114.199179 0),22.229194,114.199179
1440,2007-10-17,"RUBY COURT(Block 2),SOUTH BAY RD|嘉麟閣2座,南灣道",15013.10049051373,1780,1517,"{'bay_window': '50', 'flat_roof': '', 'roof': '', 'ac_platform': '', 'plant_room': '', 'garden': '', 'yard': ''}",22.0,20.5498,14502,13546.341463414634,7110600180061,2292697,PRO-ASP,HRB,淺水灣/壽臣山,1987/05,1987,39,B,9.0,2,blank,RUBY COURT,嘉麟閣,True,POINT Z (22.229194 114.199179 0),22.229194,114.199179
1441,2007-10-08,"RUBY COURT(Block 2),SOUTH BAY RD|嘉麟閣2座,南灣道",13566.349529367426,1780,1517,"{'bay_window': '50', 'flat_roof': '', 'roof': '', 'ac_platform': '', 'plant_room': '', 'garden': '', 'yard': ''}",19.88,18.5695,13105,12240.936058009229,7110702740019,2294348,ASP,HRB,淺水灣/壽臣山,1987/05,1987,39,A,9.0,2,blank,RUBY COURT,嘉麟閣,True,POINT Z (22.229194 114.199179 0),22.229194,114.199179
1442,2007-11-13,"RUBY COURT(Block 2),SOUTH BAY RD|嘉麟閣2座,南灣道",14912.97775981854,1780,1517,"{'bay_window': '50', 'flat_roof': '', 'roof': '', 'ac_platform': '', 'plant_room': '', 'garden': '', 'yard': ''}",23.0,21.4838,15162,14162.030323005933,7113000350015,2322481,ASP,HRB,淺水灣/壽臣山,1987/05,1987,39,A,5.0,2,blank,RUBY COURT,嘉麟閣,True,POINT Z (22.229194 114.199179 0),22.229194,114.199179
1443,2007-12-28,"RUBY COURT(Block 2),SOUTH BAY RD|嘉麟閣2座,南灣道",16976.01720723183,1780,1517,"{'bay_window': '50', 'flat_roof': '', 'roof': '', 'ac_platform': '', 'plant_room': '', 'garden': '', 'yard': ''}",27.0,25.2202,17798,16625.049439683586,8012402780108,2389077,PRO-ASP,HRB,淺水灣/壽臣山,1987/05,1987,39,A,19.0,2,blank,RUBY COURT,嘉麟閣,True,POINT Z (22.229194 114.199179 0),22.229194,114.199179
1444,2008-01-22,"RUBY COURT(Block 2),SOUTH BAY RD|嘉麟閣2座,南灣道",16595.372709546147,1780,1517,"{'bay_window': '50', 'flat_roof': '', 'roof': '', 'ac_platform': '', 'plant_room': '', 'garden': '', 'yard': ''}",27.8,25.9674,18326,17117.600527356626,8021802390390,2417699,PRO-ASP,HRB,淺水灣/壽臣山,1987/05,1987,39,B,7.0,2,blank,RUBY COURT,嘉麟閣,True,POINT Z (22.229194 114.199179 0),22.229194,114.199179
1445,2008-01-18,"RUBY COURT(Block 2),SOUTH BAY RD|嘉麟閣2座,南灣道",14625.457475833682,1780,1517,"{'bay_window': '50', 'flat_roof': '', 'roof': '', 'ac_platform': '', 'plant_room': '', 'garden': '', 'yard': ''}",24.5,22.885,16150,15085.69545154911,8022102400016,2422482,ASP,HRB,淺水灣/壽臣山,1987/05,1987,39,B,1.0,2,blank,RUBY COURT,嘉麟閣,True,POINT Z (22.229194 114.199179 0),22.229194,114.199179
1446,2009-02-16,"RUBY COURT(Block 2),SOUTH BAY RD|嘉麟閣2座,南灣道",15911.238306303434,1780,1517,"{'bay_window': '50', 'flat_roof': '', 'roof': '', 'ac_platform': '', 'plant_room': '', 'garden': '', 'yard': ''}",22.5,21.0168,14832,13854.185893210284,9030602040017,2686914,ASP,HRB,淺水灣/壽臣山,1987/05,1987,39,B,12.0,2,blank,RUBY COURT,嘉麟閣,True,POINT Z (22.229194 114.199179 0),22.229194,114.199179
1447,2009-06-19,"RUBY COURT(Block 2),SOUTH BAY RD|嘉麟閣2座,南灣道",15460.754018649392,1780,1517,"{'bay_window': '50', 'flat_roof': '', 'roof': '', 'ac_platform': '', 'plant_room': '', 'garden': '', 'yard': ''}",25.6,23.9125,16875,15763.019116677651,9070300590032,2779481,ASP,HRB,淺水灣/壽臣山,1987/05,1987,39,A,14.0,2,blank,RUBY COURT,嘉麟閣,True,POINT Z (22.229194 114.199179 0),22.229194,114.199179
1448,2009-09-22,"RUBY COURT(Block 2),SOUTH BAY RD|嘉麟閣2座,南灣道",15396.425263252231,1780,1517,"{'bay_window': '50', 'flat_roof': '', 'roof': '', 'ac_platform': '', 'plant_room': '', 'garden': '', 'yard': ''}",27.0,25.2202,17798,16625.049439683586,9100902660023,2880476,ASP,HRB,淺水灣/壽臣山,1987/05,1987,39,A,9.0,2,blank,RUBY COURT,嘉麟閣,True,POINT Z (22.229194 114.199179 0),22.229194,114.199179
1449,2009-10-06,"RUBY COURT(Block 2),SOUTH BAY RD|嘉麟閣2座,南灣道",16335.26262944581,1780,1517,"{'bay_window': '50', 'flat_roof': '', 'roof': '', 'ac_platform': '', 'plant_room': '', 'garden': '', 'yard': ''}",29.0,27.0883,19117,17856.4930784443,9102100750017,2890876,ASP,HRB,淺水灣/壽臣山,1987/05,1987,39,A,19.0,2,blank,RUBY COURT,嘉麟閣,True,POINT Z (22.229194 114.199179 0),22.229194,114.199179
1450,2010-03-11,"RUBY COURT(Block 2),SOUTH BAY RD|嘉麟閣2座,南灣道",15666.642768724636,1780,1517,"{'bay_window': '50', 'flat_roof': '', 'roof': '', 'ac_platform': '', 'plant_room': '', 'garden': '', 'yard': ''}",30.88,28.8444,20356,19014.106789716545,10033002250127,3046924,PRO-ASP,HRB,淺水灣/壽臣山,1987/05,1987,39,A,16.0,2,blank,RUBY COURT,嘉麟閣,True,POINT Z (22.229194 114.199179 0),22.229194,114.199179
1451,2010-07-13,"RUBY COURT(Block 2),SOUTH BAY RD|嘉麟閣2座,南灣道",12312.457454399097,1780,1517,"{'bay_window': '50', 'flat_roof': '', 'roof': '', 'ac_platform': '', 'plant_room': '', 'garden': '', 'yard': ''}",25.0,23.352,16480,15393.53988134476,10072201460055,3162175,ASP,HRB,淺水灣/壽臣山,1987/05,1987,39,A,13.0,2,blank,RUBY COURT,嘉麟閣,True,POINT Z (22.229194 114.199179 0),22.229194,114.199179
1452,2010-12-03,"RUBY COURT(Block 2),SOUTH BAY RD|嘉麟閣2座,南灣道",14906.86132489765,1780,1517,"{'bay_window': '50', 'flat_roof': '', 'roof': '', 'ac_platform': '', 'plant_room': '', 'garden': '', 'yard': ''}",31.8,29.7038,20962,19580.61964403428,10122901420013,3344490,PRO-ASP,HRB,淺水灣/壽臣山,1987/05,1987,39,B,11.0,2,blank,RUBY COURT,嘉麟閣,True,POINT Z (22.229194 114.199179 0),22.229194,114.199179
1453,2011-01-31,"RUBY COURT(Block 2),SOUTH BAY RD|嘉麟閣2座,南灣道",15198.301779440071,1780,1517,"{'bay_window': '50', 'flat_roof': '', 'roof': '', 'ac_platform': '', 'plant_room': '', 'garden': '', 'yard': ''}",33.38,31.1796,22004,20553.46077785102,11022401730015,3399150,ASP,HRB,淺水灣/壽臣山,1987/05,1987,39,A,12.0,2,blank,RUBY COURT,嘉麟閣,True,POINT Z (22.229194 114.199179 0),22.229194,114.199179
1454,2011-03-17,"RUBY COURT(Block 2),SOUTH BAY RD|嘉麟閣2座,南灣道",13475.656949880116,1780,1517,"{'bay_window': '50', 'flat_roof': '', 'roof': '', 'ac_platform': '', 'plant_room': '', 'garden': '', 'yard': ''}",31.8,29.7038,20962,19580.61964403428,11033100180017,3434052,ASP,HRB,淺水灣/壽臣山,1987/05,1987,39,B,3.0,2,blank,RUBY COURT,嘉麟閣,True,POINT Z (22.229194 114.199179 0),22.229194,114.199179
1455,2012-06-01,"RUBY COURT(Block 2),SOUTH BAY RD|嘉麟閣2座,南灣道",12242.113312011588,1780,1517,"{'bay_window': '50', 'flat_roof': '', 'roof': '', 'ac_platform': '', 'plant_room': '', 'garden': '', 'yard': ''}",31.8,29.7038,20962,19580.61964403428,12062002080024,3741530,ASP,HRB,淺水灣/壽臣山,1987/05,1987,39,B,7.0,2,blank,RUBY COURT,嘉麟閣,True,POINT Z (22.229194 114.199179 0),22.229194,114.199179
1456,2012-08-20,"RUBY COURT(Block 2),SOUTH BAY RD|嘉麟閣2座,南灣道",12747.950421385132,1780,1517,"{'bay_window': '50', 'flat_roof': '', 'roof': '', 'ac_platform': '', 'plant_room': '', 'garden': '', 'yard': ''}",33.68,31.4598,22202,20738.16743572841,12091002110044,3798120,ASP,HRB,淺水灣/壽臣山,1987/05,1987,39,B,8.0,2,blank,RUBY COURT,嘉麟閣,True,POINT Z (22.229194 114.199179 0),22.229194,114.199179
1457,2012-10-05,"RUBY COURT(Block 2),SOUTH BAY RD|嘉麟閣2座,南灣道",13396.661745393778,1780,1517,"{'bay_window': '50', 'flat_roof': '', 'roof': '', 'ac_platform': '', 'plant_room': '', 'garden': '', 'yard': ''}",37.5,35.028,24720,23090.309822017138,12102902290038,3838159,PRE-ASP,HRB,淺水灣/壽臣山,1987/05,1987,39,A,10.0,2,blank,RUBY COURT,嘉麟閣,True,POINT Z (22.229194 114.199179 0),22.229194,114.199179
1458,2013-01-31,"RUBY COURT(Block 2),SOUTH BAY RD|嘉麟閣2座,南灣道",11249.23299073777,1780,1517,"{'bay_window': '50', 'flat_roof': '', 'roof': '', 'ac_platform': '', 'plant_room': '', 'garden': '', 'yard': ''}",32.5,30.3576,21424,20011.601845748188,13022101970147,3931796,ASP,HRB,淺水灣/壽臣山,1987/05,1987,39,B,1.0,2,blank,RUBY COURT,嘉麟閣,True,POINT Z (22.229194 114.199179 0),22.229194,114.199179
1459,2013-11-29,"RUBY COURT(Block 2),SOUTH BAY RD|嘉麟閣2座,南灣道",12760.471679049931,1780,1517,"{'bay_window': '50', 'flat_roof': '', 'roof': '', 'ac_platform': '', 'plant_room': '', 'garden': '', 'yard': ''}",37.668,35.1849,24831,23193.737640079104,13121301740104,4071386,ASP,HRB,淺水灣/壽臣山,1987/05,1987,39,A,19.0,2,blank,RUBY COURT,嘉麟閣,True,POINT Z (22.229194 114.199179 0),22.229194,114.199179
1460,2013-12-18,"RUBY COURT(Block 2),SOUTH BAY RD|嘉麟閣2座,南灣道",11972.884939391066,1780,1517,"{'bay_window': '50', 'flat_roof': '', 'roof': '', 'ac_platform': '', 'plant_room': '', 'garden': '', 'yard': ''}",36.0,33.6269,23731,22166.71061305208,13123001710071,4078011,ASP,HRB,淺水灣/壽臣山,1987/05,1987,39,B,12.0,2,blank,RUBY COURT,嘉麟閣,True,POINT Z (22.229194 114.199179 0),22.229194,114.199179
1461,2014-04-22,"RUBY COURT(Block 2),SOUTH BAY RD|嘉麟閣2座,南灣道",11408.352070693863,1780,1517,"{'bay_window': '50', 'flat_roof': '', 'roof': '', 'ac_platform': '', 'plant_room': '', 'garden': '', 'yard': ''}",33.0,30.8247,21753,20319.51219512195,14051401780026,4134692,ASP,HRB,淺水灣/壽臣山,1987/05,1987,39,B,3.0,2,blank,RUBY COURT,嘉麟閣,True,POINT Z (22.229194 114.199179 0),22.229194,114.199179
1462,2016-10-26,"RUBY COURT(Block 2),SOUTH BAY RD|嘉麟閣2座,南灣道",10879.829740818088,1780,1517,"{'bay_window': '50', 'flat_roof': '', 'roof': '', 'ac_platform': '', 'plant_room': '', 'garden': '', 'yard': ''}",37.7,35.214800000000004,24852,23213.447593935405,16111601210012,4598198,ASP,HRB,淺水灣/壽臣山,1987/05,1987,39,A,14.0,2,blank,RUBY COURT,嘉麟閣,True,POINT Z (22.229194 114.199179 0),22.229194,114.199179
1463,2019-04-24,"RUBY COURT(Block 2),SOUTH BAY RD|嘉麟閣2座,南灣道",9081.357685792513,1780,1517,"{'bay_window': '50', 'flat_roof': '', 'roof': '', 'ac_platform': '', 'plant_room': '', 'garden': '', 'yard': ''}",35.5509,35.5509,23435,23435.003295978902,19052102310341,5548404,ASP,HRB,淺水灣/壽臣山,1987/05,1987,39,B,4.0,2,blank,RUBY COURT,嘉麟閣,False,POINT Z (22.229194 114.199179 0),22.229194,114.199179
1464,2019-06-05,"RUBY COURT(Block 2),SOUTH BAY RD|嘉麟閣2座,南灣道",8418.812259819531,1780,1517,"{'bay_window': '50', 'flat_roof': '', 'roof': '', 'ac_platform': '', 'plant_room': '', 'garden': '', 'yard': ''}",33.5,33.5,22083,22083.05866842452,19062802350036,5574419,ASP,HRB,淺水灣/壽臣山,1987/05,1987,39,A,2.0,2,blank,RUBY COURT,嘉麟閣,False,POINT Z (22.229194 114.199179 0),22.229194,114.199179
1465,2019-11-22,"RUBY COURT(Block 2),SOUTH BAY RD|嘉麟閣2座,南灣道",11065.497803903718,1780,1517,"{'bay_window': '50', 'flat_roof': '', 'roof': '', 'ac_platform': '', 'plant_room': '', 'garden': '', 'yard': ''}",44.0,44.0,29005,29004.61437046803,19121000660217,5651478,ASP,HRB,淺水灣/壽臣山,1987/05,1987,39,A,17.0,2,blank,RUBY COURT,嘉麟閣,False,POINT Z (22.229194 114.199179 0),22.229194,114.199179
1466,2020-03-15,"RUBY COURT(Block 2),SOUTH BAY RD|嘉麟閣2座,南灣道",9157.546814501202,1780,1517,"{'bay_window': '50', 'flat_roof': '', 'roof': '', 'ac_platform': '', 'plant_room': '', 'garden': '', 'yard': ''}",35.5,35.5,23401,23401.450230718525,20041401600013,5695794,PRO-ASP,HRB,淺水灣/壽臣山,1987/05,1987,39,B,2.0,2,blank,RUBY COURT,嘉麟閣,False,POINT Z (22.229194 114.199179 0),22.229194,114.199179
1467,2020-05-29,"RUBY COURT(Block 2),SOUTH BAY RD|嘉麟閣2座,南灣道",9465.361465905791,1780,1517,"{'bay_window': '50', 'flat_roof': '', 'roof': '', 'ac_platform': '', 'plant_room': '', 'garden': '', 'yard': ''}",36.9,36.9,24324,24324.324324324323,20062601900012,5730135,PRO-ASP,HRB,淺水灣/壽臣山,1987/05,1987,39,B,6.0,2,blank,RUBY COURT,嘉麟閣,False,POINT Z (22.229194 114.199179 0),22.229194,114.199179
1468,2020-08-28,"RUBY COURT(Block 2),SOUTH BAY RD|嘉麟閣2座,南灣道",11490.927126494493,1780,1517,"{'bay_window': '50', 'flat_roof': '', 'roof': '', 'ac_platform': '', 'plant_room': '', 'garden': '', 'yard': ''}",43.0,43.0,28345,28345.418589321027,20092200580043,5778347,PRE-ASP,HRB,淺水灣/壽臣山,1987/05,1987,39,A,16.0,2,blank,RUBY COURT,嘉麟閣,False,POINT Z (22.229194 114.199179 0),22.229194,114.199179
1469,2021-09-01,"RUBY COURT(Block 2),SOUTH BAY RD|嘉麟閣2座,南灣道",11140.257389739429,1780,1517,"{'bay_window': '50', 'flat_roof': '', 'roof': '', 'ac_platform': '', 'plant_room': '', 'garden': '', 'yard': ''}",43.98,43.98,28991,28991.43045484509,21092700280013,6006324,PRO-ASP,HRB,淺水灣/壽臣山,1987/05,1987,39,A,15.0,2,blank,RUBY COURT,嘉麟閣,False,POINT Z (22.229194 114.199179 0),22.229194,114.199179
1470,2022-12-13,"RUBY COURT(Block 2),SOUTH BAY RD|嘉麟閣2座,南灣道",17246.156598546553,1780,1517,"{'bay_window': '50', 'flat_roof': '', 'roof': '', 'ac_platform': '', 'plant_room': '', 'garden': '', 'yard': ''}",55.6,55.6,36651,36651.285431773234,23010600570171,6221608,ASP,HRB,淺水灣/壽臣山,1987/05,1987,39,B,17.0,2,blank,RUBY COURT,嘉麟閣,False,POINT Z (22.229194 114.199179 0),22.229194,114.199179
1471,2023-04-29,"RUBY COURT(Block 2),SOUTH BAY RD|嘉麟閣2座,南灣道",11398.881298094382,1780,1517,"{'bay_window': '50', 'flat_roof': '', 'roof': '', 'ac_platform': '', 'plant_room': '', 'garden': '', 'yard': ''}",40.0,40.0,26368,26367.831245880025,23052201780022,6287353,PRO-ASP,HRB,淺水灣/壽臣山,1987/05,1987,39,B,2.0,2,blank,RUBY COURT,嘉麟閣,False,POINT Z (22.229194 114.199179 0),22.229194,114.199179
1472,2025-06-16,"RUBY COURT(Block 2),SOUTH BAY RD|嘉麟閣2座,南灣道",13420.612663520373,1780,1517,"{'bay_window': '50', 'flat_roof': '', 'roof': '', 'ac_platform': '', 'plant_room': '', 'garden': '', 'yard': ''}",36.5,36.5,24061,24060.646011865523,25062301630072,6607870,ASP,HRB,淺水灣/壽臣山,1987/05,1987,39,B,12.0,2,blank,RUBY COURT,嘉麟閣,False,POINT Z (22.229194 114.199179 0),22.229194,114.199179
1473,1998-04-15,"PARKVIEW SUITE(Block 3,HONG KONG PARKVIEW),TAI TAM RESERVOIR RD|陽明山莊,3座(陽明居),大潭水塘道",11484.094939827082,1290,1091,"{'bay_window': '', 'flat_roof': '', 'roof': '', 'ac_platform': '', 'plant_room': '', 'garden': '', 'yard': ''}",13.1,11.8993,12007,10906.782768102656,7472485,5188338,ASP,HRB,淺水灣/壽臣山,1989/11,1989,37,21,8.0,3,blank,HONG KONG PARKVIEW,陽明山莊,True,POINT Z (22.257911 114.198465 0),22.257911,114.198465
1474,1998-05-05,"PARKVIEW SUITE(Block 3,HONG KONG PARKVIEW),TAI TAM RESERVOIR RD|陽明山莊,3座(陽明居),大潭水塘道",12472.469645811594,1235,1012,"{'bay_window': '', 'flat_roof': '', 'roof': '', 'ac_platform': '', 'plant_room': '', 'garden': '', 'yard': ''}",12.6,11.3549,12451,11220.256916996048,7483941,5193017,ASP,HRB,淺水灣/壽臣山,1989/11,1989,37,25,17.0,3,blank,HONG KONG PARKVIEW,陽明山莊,True,POINT Z (22.257911 114.198465 0),22.257911,114.198465
1475,1998-08-27,"PARKVIEW SUITE(Block 3,HONG KONG PARKVIEW),TAI TAM RESERVOIR RD|陽明山莊,3座(陽明居),大潭水塘道",13707.007383391729,1290,1091,"{'bay_window': '', 'flat_roof': '', 'roof': '', 'ac_platform': '', 'plant_room': '', 'garden': '', 'yard': ''}",11.6,10.5368,10632,9657.928505957836,7563536,24576,MEM-ASP,HRB,淺水灣/壽臣山,1989/11,1989,37,21,19.0,3,blank,HONG KONG PARKVIEW,陽明山莊,True,POINT Z (22.257911 114.198465 0),22.257911,114.198465
1476,1998-11-30,"PARKVIEW SUITE(Block 3,HONG KONG PARKVIEW),TAI TAM RESERVOIR RD|陽明山莊,3座(陽明居),大潭水塘道",11895.92922125062,1235,1012,"{'bay_window': '', 'flat_roof': '', 'roof': '', 'ac_platform': '', 'plant_room': '', 'garden': '', 'yard': ''}",9.5,8.5613,9387,8459.782608695652,7642357,104387,ASP,HRB,淺水灣/壽臣山,1989/11,1989,37,25,10.0,3,blank,HONG KONG PARKVIEW,陽明山莊,True,POINT Z (22.257911 114.198465 0),22.257911,114.198465
1477,1999-07-05,"PARKVIEW SUITE(Block 3,HONG KONG PARKVIEW),TAI TAM RESERVOIR RD|陽明山莊,3座(陽明居),大潭水塘道",11272.960402389615,1290,1091,"{'bay_window': '', 'flat_roof': '', 'roof': '', 'ac_platform': '', 'plant_room': '', 'garden': '', 'yard': ''}",9.98,9.0652,9148,8309.074243813016,7814315,254443,ASP,HRB,淺水灣/壽臣山,1989/11,1989,37,21,18.0,3,blank,HONG KONG PARKVIEW,陽明山莊,True,POINT Z (22.257911 114.198465 0),22.257911,114.198465
1478,1999-09-18,"PARKVIEW SUITE(Block 3,HONG KONG PARKVIEW),TAI TAM RESERVOIR RD|陽明山莊,3座(陽明居),大潭水塘道",11396.581517219336,1290,1091,"{'bay_window': '', 'flat_roof': '', 'roof': '', 'ac_platform': '', 'plant_room': '', 'garden': '', 'yard': ''}",9.75,8.8563,8937,8117.598533455545,7893897,308295,ASP,HRB,淺水灣/壽臣山,1989/11,1989,37,21,15.0,3,blank,HONG KONG PARKVIEW,陽明山莊,True,POINT Z (22.257911 114.198465 0),22.257911,114.198465
1479,1999-09-15,"PARKVIEW SUITE(Block 3,HONG KONG PARKVIEW),TAI TAM RESERVOIR RD|陽明山莊,3座(陽明居),大潭水塘道",11221.314825412908,1290,1091,"{'bay_window': '', 'flat_roof': '', 'roof': '', 'ac_platform': '', 'plant_room': '', 'garden': '', 'yard': ''}",9.6,8.7201,8799,7992.75893675527,7894970,309917,ASP,HRB,淺水灣/壽臣山,1989/11,1989,37,21,10.0,3,blank,HONG KONG PARKVIEW,陽明山莊,True,POINT Z (22.257911 114.198465 0),22.257911,114.198465
1480,1999-10-05,"PARKVIEW SUITE(Block 3,HONG KONG PARKVIEW),TAI TAM RESERVOIR RD|陽明山莊,3座(陽明居),大潭水塘道",12333.74088974102,1235,1012,"{'bay_window': '', 'flat_roof': '', 'roof': '', 'ac_platform': '', 'plant_room': '', 'garden': '', 'yard': ''}",9.65,8.6964,9536,8593.280632411068,7898248,312422,PRO-ASP,HRB,淺水灣/壽臣山,1989/11,1989,37,25,1.0,3,blank,HONG KONG PARKVIEW,陽明山莊,True,POINT Z (22.257911 114.198465 0),22.257911,114.198465
1481,1999-11-09,"PARKVIEW SUITE(Block 3,HONG KONG PARKVIEW),TAI TAM RESERVOIR RD|陽明山莊,3座(陽明居),大潭水塘道",12368.63497972302,1290,1091,"{'bay_window': '', 'flat_roof': '', 'roof': '', 'ac_platform': '', 'plant_room': '', 'garden': '', 'yard': ''}",9.8,8.9017,8983,8159.211732355637,7920553,335292,ASP,HRB,淺水灣/壽臣山,1989/11,1989,37,21,12.0,3,blank,HONG KONG PARKVIEW,陽明山莊,True,POINT Z (22.257911 114.198465 0),22.257911,114.198465
1482,1999-12-20,"PARKVIEW SUITE(Block 3,HONG KONG PARKVIEW),TAI TAM RESERVOIR RD|陽明山莊,3座(陽明居),大潭水塘道",11456.326157283533,1290,1091,"{'bay_window': '', 'flat_roof': '', 'roof': '', 'ac_platform': '', 'plant_room': '', 'garden': '', 'yard': ''}",9.65,8.765500000000001,8845,8034.372135655363,7951163,355095,ASP,HRB,淺水灣/壽臣山,1989/11,1989,37,21,5.0,3,blank,HONG KONG PARKVIEW,陽明山莊,True,POINT Z (22.257911 114.198465 0),22.257911,114.198465
1483,1999-12-29,"PARKVIEW SUITE(Block 3,HONG KONG PARKVIEW),TAI TAM RESERVOIR RD|陽明山莊,3座(陽明居),大潭水塘道",12380.374139747924,1235,1012,"{'bay_window': '', 'flat_roof': '', 'roof': '', 'ac_platform': '', 'plant_room': '', 'garden': '', 'yard': ''}",9.75,8.7866,9634,8682.411067193676,7960085,361293,ASP,HRB,淺水灣/壽臣山,1989/11,1989,37,25,6.0,3,blank,HONG KONG PARKVIEW,陽明山莊,True,POINT Z (22.257911 114.198465 0),22.257911,114.198465
1484,2000-09-06,"PARKVIEW SUITE(Block 3,HONG KONG PARKVIEW),TAI TAM RESERVOIR RD|陽明山莊,3座(陽明居),大潭水塘道",12520.734512534596,1235,1012,"{'bay_window': '', 'flat_roof': '', 'roof': '', 'ac_platform': '', 'plant_room': '', 'garden': '', 'yard': ''}",8.55,8.55,8449,8448.616600790514,8199036,534165,ASP,HRB,淺水灣/壽臣山,1989/11,1989,37,25,21.0,3,blank,HONG KONG PARKVIEW,陽明山莊,False,POINT Z (22.257911 114.198465 0),22.257911,114.198465
1485,2000-09-20,"PARKVIEW SUITE(Block 3,HONG KONG PARKVIEW),TAI TAM RESERVOIR RD|陽明山莊,3座(陽明居),大潭水塘道",11217.553033855702,1235,1012,"{'bay_window': '', 'flat_roof': '', 'roof': '', 'ac_platform': '', 'plant_room': '', 'garden': '', 'yard': ''}",8.5,7.6601,8399,7569.268774703557,8211689,546871,ASP,HRB,淺水灣/壽臣山,1989/11,1989,37,25,3.0,3,blank,HONG KONG PARKVIEW,陽明山莊,True,POINT Z (22.257911 114.198465 0),22.257911,114.198465
1486,2001-01-19,"PARKVIEW SUITE(Block 3,HONG KONG PARKVIEW),TAI TAM RESERVOIR RD|陽明山莊,3座(陽明居),大潭水塘道",11339.10331722901,1235,1012,"{'bay_window': '', 'flat_roof': '', 'roof': '', 'ac_platform': '', 'plant_room': '', 'garden': '', 'yard': ''}",8.0,7.2095,7905,7124.01185770751,8308521,617349,ASP,HRB,淺水灣/壽臣山,1989/11,1989,37,25,17.0,3,blank,HONG KONG PARKVIEW,陽明山莊,True,POINT Z (22.257911 114.198465 0),22.257911,114.198465
1487,2001-02-13,"PARKVIEW SUITE(Block 3,HONG KONG PARKVIEW),TAI TAM RESERVOIR RD|陽明山莊,3座(陽明居),大潭水塘道",11085.20442420399,1290,1091,"{'bay_window': '', 'flat_roof': '', 'roof': '', 'ac_platform': '', 'plant_room': '', 'garden': '', 'yard': ''}",8.45,7.675499999999999,7745,7035.288725939504,8338215,641116,PRO-ASP,HRB,淺水灣/壽臣山,1989/11,1989,37,21,3.0,3,blank,HONG KONG PARKVIEW,陽明山莊,True,POINT Z (22.257911 114.198465 0),22.257911,114.198465
1488,2001-03-09,"PARKVIEW SUITE(Block 3,HONG KONG PARKVIEW),TAI TAM RESERVOIR RD|陽明山莊,3座(陽明居),大潭水塘道",10713.142495508084,1290,1091,"{'bay_window': '', 'flat_roof': '', 'roof': '', 'ac_platform': '', 'plant_room': '', 'garden': '', 'yard': ''}",8.1,7.3576,7424,6743.90467461045,8345844,647568,ASP,HRB,淺水灣/壽臣山,1989/11,1989,37,21,2.0,3,blank,HONG KONG PARKVIEW,陽明山莊,True,POINT Z (22.257911 114.198465 0),22.257911,114.198465
1489,2001-03-26,"PARKVIEW SUITE(Block 3,HONG KONG PARKVIEW),TAI TAM RESERVOIR RD|陽明山莊,3座(陽明居),大潭水塘道",11572.803163300294,1290,1091,"{'bay_window': '', 'flat_roof': '', 'roof': '', 'ac_platform': '', 'plant_room': '', 'garden': '', 'yard': ''}",8.75,7.948,8020,7285.059578368469,8361373,660754,ASP,HRB,淺水灣/壽臣山,1989/11,1989,37,21,11.0,3,blank,HONG KONG PARKVIEW,陽明山莊,True,POINT Z (22.257911 114.198465 0),22.257911,114.198465
1490,2001-08-24,"PARKVIEW SUITE(Block 3,HONG KONG PARKVIEW),TAI TAM RESERVOIR RD|陽明山莊,3座(陽明居),大潭水塘道",10518.814326107577,1290,1091,"{'bay_window': '', 'flat_roof': '', 'roof': '', 'ac_platform': '', 'plant_room': '', 'garden': '', 'yard': ''}",7.7,6.9942,7058,6410.815765352887,8497301,767859,PRO-ASP,HRB,淺水灣/壽臣山,1989/11,1989,37,21,7.0,3,blank,HONG KONG PARKVIEW,陽明山莊,True,POINT Z (22.257911 114.198465 0),22.257911,114.198465
1491,2002-04-04,"PARKVIEW SUITE(Block 3,HONG KONG PARKVIEW),TAI TAM RESERVOIR RD|陽明山莊,3座(陽明居),大潭水塘道",11724.434062492268,1290,1091,"{'bay_window': '', 'flat_roof': '', 'roof': '', 'ac_platform': '', 'plant_room': '', 'garden': '', 'yard': ''}",8.0,7.2667,7333,6660.586617781852,8666476,895319,ASP,HRB,淺水灣/壽臣山,1989/11,1989,37,21,23.0,3,blank,HONG KONG PARKVIEW,陽明山莊,True,POINT Z (22.257911 114.198465 0),22.257911,114.198465
1492,2002-07-31,"PARKVIEW SUITE(Block 3,HONG KONG PARKVIEW),TAI TAM RESERVOIR RD|陽明山莊,3座(陽明居),大潭水塘道",12930.15350703982,1290,1091,"{'bay_window': '', 'flat_roof': '', 'roof': '', 'ac_platform': '', 'plant_room': '', 'garden': '', 'yard': ''}",8.625,7.8344,7906,7180.934922089826,8750587,959872,ASP,HRB,淺水灣/壽臣山,1989/11,1989,37,21,3.0,3,blank,HONG KONG PARKVIEW,陽明山莊,True,POINT Z (22.257911 114.198465 0),22.257911,114.198465
1493,2002-07-31,"PARKVIEW SUITE(Block 3,HONG KONG PARKVIEW),TAI TAM RESERVOIR RD|陽明山莊,3座(陽明居),大潭水塘道",13409.934425105845,1290,1091,"{'bay_window': '', 'flat_roof': '', 'roof': '', 'ac_platform': '', 'plant_room': '', 'garden': '', 'yard': ''}",8.945,8.1251,8199,7447.387717690192,8750589,959873,ASP,HRB,淺水灣/壽臣山,1989/11,1989,37,21,11.0,3,blank,HONG KONG PARKVIEW,陽明山莊,True,POINT Z (22.257911 114.198465 0),22.257911,114.198465
1494,2002-09-04,"PARKVIEW SUITE(Block 3,HONG KONG PARKVIEW),TAI TAM RESERVOIR RD|陽明山莊,3座(陽明居),大潭水塘道",11940.908926938517,1235,1012,"{'bay_window': '', 'flat_roof': '', 'roof': '', 'ac_platform': '', 'plant_room': '', 'garden': '', 'yard': ''}",6.5,6.5,6423,6422.924901185771,8775422,978130,ASP,HRB,淺水灣/壽臣山,1989/11,1989,37,25,16.0,3,blank,HONG KONG PARKVIEW,陽明山莊,False,POINT Z (22.257911 114.198465 0),22.257911,114.198465
1495,2003-06-24,"PARKVIEW SUITE(Block 3,HONG KONG PARKVIEW),TAI TAM RESERVOIR RD|陽明山莊,3座(陽明居),大潭水塘道",11333.931829108053,1275,994,"{'bay_window': '', 'flat_roof': '', 'roof': '', 'ac_platform': '', 'plant_room': '', 'garden': '', 'yard': ''}",6.13,5.5133,6167,5546.579476861167,8967998,1127031,ASP,HRB,淺水灣/壽臣山,1989/05,1989,37,27,22.0,3,blank,HONG KONG PARKVIEW,陽明山莊,True,POINT Z (22.257911 114.198465 0),22.257911,114.198465
1496,2003-09-29,"PARKVIEW SUITE(Block 3,HONG KONG PARKVIEW),TAI TAM RESERVOIR RD|陽明山莊,3座(陽明居),大潭水塘道",10907.559881434405,1290,1091,"{'bay_window': '', 'flat_roof': '', 'roof': '', 'ac_platform': '', 'plant_room': '', 'garden': '', 'yard': ''}",6.68,6.067699999999999,6123,5561.594867094408,9026625,1180767,ASP,HRB,淺水灣/壽臣山,1989/05,1989,37,21,21.0,3,blank,HONG KONG PARKVIEW,陽明山莊,True,POINT Z (22.257911 114.198465 0),22.257911,114.198465
1497,2003-12-16,"PARKVIEW SUITE(Block 3,HONG KONG PARKVIEW),TAI TAM RESERVOIR RD|陽明山莊,3座(陽明居),大潭水塘道",12583.349341505522,1235,1012,"{'bay_window': '', 'flat_roof': '', 'roof': '', 'ac_platform': '', 'plant_room': '', 'garden': '', 'yard': ''}",7.1,7.1,7016,7015.810276679842,9096318,1237648,ASP,HRB,淺水灣/壽臣山,1989/05,1989,37,25,16.0,3,blank,HONG KONG PARKVIEW,陽明山莊,False,POINT Z (22.257911 114.198465 0),22.257911,114.198465
1498,2004-01-29,"PARKVIEW SUITE(Block 3,HONG KONG PARKVIEW),TAI TAM RESERVOIR RD|陽明山莊,3座(陽明居),大潭水塘道",11892.72045352273,1275,994,"{'bay_window': '', 'flat_roof': '', 'roof': '', 'ac_platform': '', 'plant_room': '', 'garden': '', 'yard': ''}",7.95,7.1502,7998,7193.360160965794,9138116,1266123,ASP,HRB,淺水灣/壽臣山,1989/05,1989,37,27,5.0,3,blank,HONG KONG PARKVIEW,陽明山莊,True,POINT Z (22.257911 114.198465 0),22.257911,114.198465
1499,2004-02-26,"PARKVIEW SUITE(Block 3,HONG KONG PARKVIEW),TAI TAM RESERVOIR RD|陽明山莊,3座(陽明居),大潭水塘道",11546.88945062616,1290,1091,"{'bay_window': '', 'flat_roof': '', 'roof': '', 'ac_platform': '', 'plant_room': '', 'garden': '', 'yard': ''}",9.0,8.1751,8249,7493.217231897343,9157624,1285113,ASP,HRB,淺水灣/壽臣山,1989/05,1989,37,21,11.0,3,blank,HONG KONG PARKVIEW,陽明山莊,True,POINT Z (22.257911 114.198465 0),22.257911,114.198465
1500,2004-09-15,"PARKVIEW SUITE(Block 3,HONG KONG PARKVIEW),TAI TAM RESERVOIR RD|陽明山莊,3座(陽明居),大潭水塘道",12106.56823858013,1235,1012,"{'bay_window': '', 'flat_roof': '', 'roof': '', 'ac_platform': '', 'plant_room': '', 'garden': '', 'yard': ''}",9.3,8.381,9190,8281.620553359684,9350107,1431123,ASP,HRB,淺水灣/壽臣山,1989/05,1989,37,25,10.0,3,blank,HONG KONG PARKVIEW,陽明山莊,True,POINT Z (22.257911 114.198465 0),22.257911,114.198465
1501,2004-09-30,"PARKVIEW SUITE(Block 3,HONG KONG PARKVIEW),TAI TAM RESERVOIR RD|陽明山莊,3座(陽明居),大潭水塘道",11716.11299518576,1235,1012,"{'bay_window': '', 'flat_roof': '', 'roof': '', 'ac_platform': '', 'plant_room': '', 'garden': '', 'yard': ''}",9.0,8.1107,8893,8014.525691699605,9350962,1432118,ASP,HRB,淺水灣/壽臣山,1989/05,1989,37,25,17.0,3,blank,HONG KONG PARKVIEW,陽明山莊,True,POINT Z (22.257911 114.198465 0),22.257911,114.198465
1502,2004-10-11,"PARKVIEW SUITE(Block 3,HONG KONG PARKVIEW),TAI TAM RESERVOIR RD|陽明山莊,3座(陽明居),大潭水塘道",11589.560944001118,1290,1091,"{'bay_window': '', 'flat_roof': '', 'roof': '', 'ac_platform': '', 'plant_room': '', 'garden': '', 'yard': ''}",10.2,9.2651,9349,8492.3006416132,9368667,1445038,ASP,HRB,淺水灣/壽臣山,1989/05,1989,37,21,8.0,3,blank,HONG KONG PARKVIEW,陽明山莊,True,POINT Z (22.257911 114.198465 0),22.257911,114.198465
1503,2004-10-15,"PARKVIEW SUITE(Block 3,HONG KONG PARKVIEW),TAI TAM RESERVOIR RD|陽明山莊,3座(陽明居),大潭水塘道",11909.691208754164,1235,1012,"{'bay_window': '', 'flat_roof': '', 'roof': '', 'ac_platform': '', 'plant_room': '', 'garden': '', 'yard': ''}",9.8,8.8316,9684,8726.877470355732,9372377,1449782,ASP,HRB,淺水灣/壽臣山,1989/05,1989,37,25,3.0,3,blank,HONG KONG PARKVIEW,陽明山莊,True,POINT Z (22.257911 114.198465 0),22.257911,114.198465
1504,2004-11-15,"PARKVIEW SUITE(Block 3,HONG KONG PARKVIEW),TAI TAM RESERVOIR RD|陽明山莊,3座(陽明居),大潭水塘道",13963.493300995551,1290,1091,"{'bay_window': '', 'flat_roof': '', 'roof': '', 'ac_platform': '', 'plant_room': '', 'garden': '', 'yard': ''}",12.0,10.9001,10999,9990.925756186984,9397557,1470416,ASP,HRB,淺水灣/壽臣山,1989/05,1989,37,21,23.0,3,blank,HONG KONG PARKVIEW,陽明山莊,True,POINT Z (22.257911 114.198465 0),22.257911,114.198465
1505,2005-01-27,"PARKVIEW SUITE(Block 3,HONG KONG PARKVIEW),TAI TAM RESERVOIR RD|陽明山莊,3座(陽明居),大潭水塘道",12134.300747541178,1275,994,"{'bay_window': '', 'flat_roof': '', 'roof': '', 'ac_platform': '', 'plant_room': '', 'garden': '', 'yard': ''}",10.1,9.0839,10161,9138.732394366198,9470599,1526198,ASP,HRB,淺水灣/壽臣山,1989/05,1989,37,27,20.0,3,blank,HONG KONG PARKVIEW,陽明山莊,True,POINT Z (22.257911 114.198465 0),22.257911,114.198465
1506,2005-02-21,"PARKVIEW SUITE(Block 3,HONG KONG PARKVIEW),TAI TAM RESERVOIR RD|陽明山莊,3座(陽明居),大潭水塘道",11370.325858605478,1290,1091,"{'bay_window': '', 'flat_roof': '', 'roof': '', 'ac_platform': '', 'plant_room': '', 'garden': '', 'yard': ''}",10.5,9.5376,9624,8742.071494042164,5031000180136,1552299,ASP,HRB,淺水灣/壽臣山,1989/05,1989,37,21,16.0,3,blank,HONG KONG PARKVIEW,陽明山莊,True,POINT Z (22.257911 114.198465 0),22.257911,114.198465
1507,2005-04-01,"PARKVIEW SUITE(Block 3,HONG KONG PARKVIEW),TAI TAM RESERVOIR RD|陽明山莊,3座(陽明居),大潭水塘道",13047.188780993029,1290,1091,"{'bay_window': '', 'flat_roof': '', 'roof': '', 'ac_platform': '', 'plant_room': '', 'garden': '', 'yard': ''}",11.758,10.6803,10777,9789.459211732355,5042102060070,1588705,PRO-ASP,HRB,淺水灣/壽臣山,1989/05,1989,37,21,11.0,3,blank,HONG KONG PARKVIEW,陽明山莊,True,POINT Z (22.257911 114.198465 0),22.257911,114.198465
1508,2005-05-31,"PARKVIEW SUITE(Block 3,HONG KONG PARKVIEW),TAI TAM RESERVOIR RD|陽明山莊,3座(陽明居),大潭水塘道",12782.157772943508,1290,1091,"{'bay_window': '', 'flat_roof': '', 'roof': '', 'ac_platform': '', 'plant_room': '', 'garden': '', 'yard': ''}",11.6,10.5368,10632,9657.928505957836,5061801710020,1651204,ASP,HRB,淺水灣/壽臣山,1989/05,1989,37,21,18.0,3,blank,HONG KONG PARKVIEW,陽明山莊,True,POINT Z (22.257911 114.198465 0),22.257911,114.198465
1509,2005-06-10,"PARKVIEW SUITE(Block 3,HONG KONG PARKVIEW),TAI TAM RESERVOIR RD|陽明山莊,3座(陽明居),大潭水塘道",11558.931524982285,1290,1091,"{'bay_window': '', 'flat_roof': '', 'roof': '', 'ac_platform': '', 'plant_room': '', 'garden': '', 'yard': ''}",10.5,9.5376,9624,8742.071494042164,5070701740275,1671583,ASP,HRB,淺水灣/壽臣山,1989/05,1989,37,21,12.0,3,blank,HONG KONG PARKVIEW,陽明山莊,True,POINT Z (22.257911 114.198465 0),22.257911,114.198465
1510,2005-08-01,"PARKVIEW SUITE(Block 3,HONG KONG PARKVIEW),TAI TAM RESERVOIR RD|陽明山莊,3座(陽明居),大潭水塘道",11346.883590996678,1290,1091,"{'bay_window': '', 'flat_roof': '', 'roof': '', 'ac_platform': '', 'plant_room': '', 'garden': '', 'yard': ''}",10.2,9.2651,9349,8492.3006416132,5082901510017,1713328,ASP,HRB,淺水灣/壽臣山,1989/05,1989,37,21,3.0,3,blank,HONG KONG PARKVIEW,陽明山莊,True,POINT Z (22.257911 114.198465 0),22.257911,114.198465
1511,2005-08-19,"PARKVIEW SUITE(Block 3,HONG KONG PARKVIEW),TAI TAM RESERVOIR RD|陽明山莊,3座(陽明居),大潭水塘道",12136.2766215426,1235,1012,"{'bay_window': '', 'flat_roof': '', 'roof': '', 'ac_platform': '', 'plant_room': '', 'garden': '', 'yard': ''}",10.2,9.1921,10079,9083.102766798418,5090201230045,1717405,ASP,HRB,淺水灣/壽臣山,1989/05,1989,37,25,1.0,3,blank,HONG KONG PARKVIEW,陽明山莊,True,POINT Z (22.257911 114.198465 0),22.257911,114.198465
1512,2006-02-08,"PARKVIEW SUITE(Block 3,HONG KONG PARKVIEW),TAI TAM RESERVOIR RD|陽明山莊,3座(陽明居),大潭水塘道",11050.57921937274,1290,1091,"{'bay_window': '', 'flat_roof': '', 'roof': '', 'ac_platform': '', 'plant_room': '', 'garden': '', 'yard': ''}",10.0,9.0834,9166,8325.756186984418,6030300910035,1829535,PRO-ASP,HRB,淺水灣/壽臣山,1989/05,1989,37,21,17.0,3,blank,HONG KONG PARKVIEW,陽明山莊,True,POINT Z (22.257911 114.198465 0),22.257911,114.198465
1513,2006-03-13,"PARKVIEW SUITE(Block 3,HONG KONG PARKVIEW),TAI TAM RESERVOIR RD|陽明山莊,3座(陽明居),大潭水塘道",11164.419707103176,1290,1091,"{'bay_window': '', 'flat_roof': '', 'roof': '', 'ac_platform': '', 'plant_room': '', 'garden': '', 'yard': ''}",9.98,9.0652,9148,8309.074243813016,6033100460011,1848909,ASP,HRB,淺水灣/壽臣山,1989/05,1989,37,21,20.0,3,blank,HONG KONG PARKVIEW,陽明山莊,True,POINT Z (22.257911 114.198465 0),22.257911,114.198465
1514,2006-05-22,"PARKVIEW SUITE(Block 3,HONG KONG PARKVIEW),TAI TAM RESERVOIR RD|陽明山莊,3座(陽明居),大潭水塘道",12533.79526678568,1275,994,"{'bay_window': '', 'flat_roof': '', 'roof': '', 'ac_platform': '', 'plant_room': '', 'garden': '', 'yard': ''}",10.5,9.4437,10563,9500.704225352112,6060501180061,1892101,ASP,HRB,淺水灣/壽臣山,1989/05,1989,37,27,16.0,3,blank,HONG KONG PARKVIEW,陽明山莊,True,POINT Z (22.257911 114.198465 0),22.257911,114.198465
1515,2006-11-02,"PARKVIEW SUITE(Block 3,HONG KONG PARKVIEW),TAI TAM RESERVOIR RD|陽明山莊,3座(陽明居),大潭水塘道",12198.66898241018,1235,1012,"{'bay_window': '', 'flat_roof': '', 'roof': '', 'ac_platform': '', 'plant_room': '', 'garden': '', 'yard': ''}",10.4,9.3723,10277,9261.166007905138,6110801760070,1998517,ASP,HRB,淺水灣/壽臣山,1989/05,1989,37,25,19.0,3,blank,HONG KONG PARKVIEW,陽明山莊,True,POINT Z (22.257911 114.198465 0),22.257911,114.198465
1516,2006-12-06,"PARKVIEW SUITE(Block 3,HONG KONG PARKVIEW),TAI TAM RESERVOIR RD|陽明山莊,3座(陽明居),大潭水塘道",11867.700731829613,1235,1012,"{'bay_window': '', 'flat_roof': '', 'roof': '', 'ac_platform': '', 'plant_room': '', 'garden': '', 'yard': ''}",10.3,9.2822,10178,9172.134387351778,6121501330097,2023340,ASP,HRB,淺水灣/壽臣山,1989/05,1989,37,25,12.0,3,blank,HONG KONG PARKVIEW,陽明山莊,True,POINT Z (22.257911 114.198465 0),22.257911,114.198465
1517,2006-12-28,"PARKVIEW SUITE(Block 3,HONG KONG PARKVIEW),TAI TAM RESERVOIR RD|陽明山莊,3座(陽明居),大潭水塘道",11614.29331924977,1235,1012,"{'bay_window': '', 'flat_roof': '', 'roof': '', 'ac_platform': '', 'plant_room': '', 'garden': '', 'yard': ''}",10.08,9.084,9960,8976.284584980238,7011200340097,2040091,ASP,HRB,淺水灣/壽臣山,1989/05,1989,37,25,3.0,3,blank,HONG KONG PARKVIEW,陽明山莊,True,POINT Z (22.257911 114.198465 0),22.257911,114.198465
1518,2007-01-10,"PARKVIEW SUITE(Block 3,HONG KONG PARKVIEW),TAI TAM RESERVOIR RD|陽明山莊,3座(陽明居),大潭水塘道",10231.94147313146,1235,1012,"{'bay_window': '', 'flat_roof': '', 'roof': '', 'ac_platform': '', 'plant_room': '', 'garden': '', 'yard': ''}",9.2,8.290899999999999,9091,8192.588932806324,7011801190010,2044622,ASP,HRB,淺水灣/壽臣山,1989/05,1989,37,25,17.0,3,blank,HONG KONG PARKVIEW,陽明山莊,True,POINT Z (22.257911 114.198465 0),22.257911,114.198465
1519,2007-01-19,"PARKVIEW SUITE(Block 3,HONG KONG PARKVIEW),TAI TAM RESERVOIR RD|陽明山莊,3座(陽明居),大潭水塘道",10481.481195262368,1290,1091,"{'bay_window': '', 'flat_roof': '', 'roof': '', 'ac_platform': '', 'plant_room': '', 'garden': '', 'yard': ''}",10.08,9.1561,9239,8392.392300641613,7020201650011,2057779,ASP,HRB,淺水灣/壽臣山,1989/05,1989,37,21,2.0,3,blank,HONG KONG PARKVIEW,陽明山莊,True,POINT Z (22.257911 114.198465 0),22.257911,114.198465
1520,2007-03-01,"PARKVIEW SUITE(Block 3,HONG KONG PARKVIEW),TAI TAM RESERVOIR RD|陽明山莊,3座(陽明居),大潭水塘道",12092.686394093376,1290,1091,"{'bay_window': '', 'flat_roof': '', 'roof': '', 'ac_platform': '', 'plant_room': '', 'garden': '', 'yard': ''}",11.48,10.4278,10522,9558.020164986252,7032002220122,2088273,ASP,HRB,淺水灣/壽臣山,1989/05,1989,37,21,21.0,3,blank,HONG KONG PARKVIEW,陽明山莊,True,POINT Z (22.257911 114.198465 0),22.257911,114.198465
1521,2007-03-10,"PARKVIEW SUITE(Block 3,HONG KONG PARKVIEW),TAI TAM RESERVOIR RD|陽明山莊,3座(陽明居),大潭水塘道",11886.135295876444,1235,1012,"{'bay_window': '', 'flat_roof': '', 'roof': '', 'ac_platform': '', 'plant_room': '', 'garden': '', 'yard': ''}",10.55,9.5075,10425,9394.762845849802,7032400670077,2092229,PRO-ASP,HRB,淺水灣/壽臣山,1989/05,1989,37,25,16.0,3,blank,HONG KONG PARKVIEW,陽明山莊,True,POINT Z (22.257911 114.198465 0),22.257911,114.198465
1522,2007-03-19,"PARKVIEW SUITE(Block 3,HONG KONG PARKVIEW),TAI TAM RESERVOIR RD|陽明山莊,3座(陽明居),大潭水塘道",11848.466990971514,1275,994,"{'bay_window': '', 'flat_roof': '', 'roof': '', 'ac_platform': '', 'plant_room': '', 'garden': '', 'yard': ''}",10.35,9.3088,10412,9364.989939637828,7040300270014,2098548,ASP,HRB,淺水灣/壽臣山,1989/05,1989,37,27,8.0,3,blank,HONG KONG PARKVIEW,陽明山莊,True,POINT Z (22.257911 114.198465 0),22.257911,114.198465
1523,2007-04-19,"PARKVIEW SUITE(Block 3,HONG KONG PARKVIEW),TAI TAM RESERVOIR RD|陽明山莊,3座(陽明居),大潭水塘道",12279.63651410704,1275,994,"{'bay_window': '', 'flat_roof': '', 'roof': '', 'ac_platform': '', 'plant_room': '', 'garden': '', 'yard': ''}",11.0,9.8934,11066,9953.11871227364,7051000860015,2127307,PRO-ASP,HRB,淺水灣/壽臣山,1989/05,1989,37,27,10.0,3,blank,HONG KONG PARKVIEW,陽明山莊,True,POINT Z (22.257911 114.198465 0),22.257911,114.198465
1524,2007-06-29,"PARKVIEW SUITE(Block 3,HONG KONG PARKVIEW),TAI TAM RESERVOIR RD|陽明山莊,3座(陽明居),大潭水塘道",13379.164380261203,1235,1012,"{'bay_window': '', 'flat_roof': '', 'roof': '', 'ac_platform': '', 'plant_room': '', 'garden': '', 'yard': ''}",12.5,11.2648,12352,11131.225296442688,7070602810047,2181795,ASP,HRB,淺水灣/壽臣山,1989/05,1989,37,25,22.0,3,blank,HONG KONG PARKVIEW,陽明山莊,True,POINT Z (22.257911 114.198465 0),22.257911,114.198465
1525,2007-08-04,"PARKVIEW SUITE(Block 3,HONG KONG PARKVIEW),TAI TAM RESERVOIR RD|陽明山莊,3座(陽明居),大潭水塘道",13524.72332430812,1235,1012,"{'bay_window': '', 'flat_roof': '', 'roof': '', 'ac_platform': '', 'plant_room': '', 'garden': '', 'yard': ''}",12.88,11.6073,12727,11469.664031620554,7090301580010,2236098,PRO-ASP,HRB,淺水灣/壽臣山,1989/05,1989,37,25,23.0,3,blank,HONG KONG PARKVIEW,陽明山莊,True,POINT Z (22.257911 114.198465 0),22.257911,114.198465
1526,2007-08-31,"PARKVIEW SUITE(Block 3,HONG KONG PARKVIEW),TAI TAM RESERVOIR RD|陽明山莊,3座(陽明居),大潭水塘道",14275.709656571336,1275,994,"{'bay_window': '', 'flat_roof': '', 'roof': '', 'ac_platform': '', 'plant_room': '', 'garden': '', 'yard': ''}",13.38,12.0339,13461,12106.539235412474,7091802190027,2249020,ASP,HRB,淺水灣/壽臣山,1989/05,1989,37,27,23.0,3,blank,HONG KONG PARKVIEW,陽明山莊,True,POINT Z (22.257911 114.198465 0),22.257911,114.198465
1527,2007-09-21,"PARKVIEW SUITE(Block 3,HONG KONG PARKVIEW),TAI TAM RESERVOIR RD|陽明山莊,3座(陽明居),大潭水塘道",13810.44834706358,1235,1012,"{'bay_window': '', 'flat_roof': '', 'roof': '', 'ac_platform': '', 'plant_room': '', 'garden': '', 'yard': ''}",13.477,12.1453,13317,12001.284584980238,7100502720056,2264312,ASP,HRB,淺水灣/壽臣山,1989/05,1989,37,25,23.0,3,blank,HONG KONG PARKVIEW,陽明山莊,True,POINT Z (22.257911 114.198465 0),22.257911,114.198465
1528,2007-10-02,"PARKVIEW SUITE(Block 3,HONG KONG PARKVIEW),TAI TAM RESERVOIR RD|陽明山莊,3座(陽明居),大潭水塘道",12107.92768673634,1290,976,"{'bay_window': '', 'flat_roof': '', 'roof': '', 'ac_platform': '', 'plant_room': '', 'garden': '', 'yard': ''}",11.88,10.6628,12172,10925.0,7100800750048,2266484,ASP,HRB,淺水灣/壽臣山,1989/05,1989,37,21,12.0,3,blank,HONG KONG PARKVIEW,陽明山莊,True,POINT Z (22.257911 114.198465 0),22.257911,114.198465
1529,2007-10-24,"PARKVIEW SUITE(Block 3,HONG KONG PARKVIEW),TAI TAM RESERVOIR RD|陽明山莊,3座(陽明居),大潭水塘道",12617.5534835071,1290,976,"{'bay_window': '', 'flat_roof': '', 'roof': '', 'ac_platform': '', 'plant_room': '', 'garden': '', 'yard': ''}",12.38,11.1116,12684,11384.83606557377,7112002540033,2308861,ASP,HRB,淺水灣/壽臣山,1989/05,1989,37,21,6.0,3,blank,HONG KONG PARKVIEW,陽明山莊,True,POINT Z (22.257911 114.198465 0),22.257911,114.198465
1530,2007-11-15,"PARKVIEW SUITE(Block 3,HONG KONG PARKVIEW),TAI TAM RESERVOIR RD|陽明山莊,3座(陽明居),大潭水塘道",12659.196753397538,1235,1012,"{'bay_window': '', 'flat_roof': '', 'roof': '', 'ac_platform': '', 'plant_room': '', 'garden': '', 'yard': ''}",13.5,12.166,13340,12021.739130434782,7112701140167,2316917,ASP,HRB,淺水灣/壽臣山,1989/05,1989,37,25,19.0,3,blank,HONG KONG PARKVIEW,陽明山莊,True,POINT Z (22.257911 114.198465 0),22.257911,114.198465
1531,2007-11-23,"PARKVIEW SUITE(Block 3,HONG KONG PARKVIEW),TAI TAM RESERVOIR RD|陽明山莊,3座(陽明居),大潭水塘道",12492.053362830324,1290,976,"{'bay_window': '', 'flat_roof': '', 'roof': '', 'ac_platform': '', 'plant_room': '', 'garden': '', 'yard': ''}",12.9,11.5783,13217,11863.012295081968,7121301990046,2337629,ASP,HRB,淺水灣/壽臣山,1989/05,1989,37,21,8.0,3,blank,HONG KONG PARKVIEW,陽明山莊,True,POINT Z (22.257911 114.198465 0),22.257911,114.198465
1532,2007-12-21,"PARKVIEW SUITE(Block 3,HONG KONG PARKVIEW),TAI TAM RESERVOIR RD|陽明山莊,3座(陽明居),大潭水塘道",11198.01034577633,1275,994,"{'bay_window': '', 'flat_roof': '', 'roof': '', 'ac_platform': '', 'plant_room': '', 'garden': '', 'yard': ''}",12.12,10.9007,12193,10966.498993963784,7123102960179,2357233,ASP,HRB,淺水灣/壽臣山,1989/05,1989,37,27,2.0,3,blank,HONG KONG PARKVIEW,陽明山莊,True,POINT Z (22.257911 114.198465 0),22.257911,114.198465
1533,2008-01-28,"PARKVIEW SUITE(Block 3,HONG KONG PARKVIEW),TAI TAM RESERVOIR RD|陽明山莊,3座(陽明居),大潭水塘道",13813.34162775199,1235,1012,"{'bay_window': '', 'flat_roof': '', 'roof': '', 'ac_platform': '', 'plant_room': '', 'garden': '', 'yard': ''}",16.0,14.419,15810,14248.02371541502,8021402800122,2412617,ASP,HRB,淺水灣/壽臣山,1989/05,1989,37,25,3.0,3,blank,HONG KONG PARKVIEW,陽明山莊,True,POINT Z (22.257911 114.198465 0),22.257911,114.198465
1534,2008-02-15,"PARKVIEW SUITE(Block 3,HONG KONG PARKVIEW),TAI TAM RESERVOIR RD|陽明山莊,3座(陽明居),大潭水塘道",11956.923679771317,1275,994,"{'bay_window': '', 'flat_roof': '', 'roof': '', 'ac_platform': '', 'plant_room': '', 'garden': '', 'yard': ''}",14.0,12.5915,14085,12667.505030181086,8022700390019,2429361,ASP,HRB,淺水灣/壽臣山,1989/05,1989,37,27,1.0,3,blank,HONG KONG PARKVIEW,陽明山莊,True,POINT Z (22.257911 114.198465 0),22.257911,114.198465
1535,2008-02-26,"PARKVIEW SUITE(Block 3,HONG KONG PARKVIEW),TAI TAM RESERVOIR RD|陽明山莊,3座(陽明居),大潭水塘道",13196.577965761677,1235,1012,"{'bay_window': '', 'flat_roof': '', 'roof': '', 'ac_platform': '', 'plant_room': '', 'garden': '', 'yard': ''}",15.7,14.1486,15514,13980.830039525692,8031701430015,2446569,ASP,HRB,淺水灣/壽臣山,1989/05,1989,37,25,10.0,3,blank,HONG KONG PARKVIEW,陽明山莊,True,POINT Z (22.257911 114.198465 0),22.257911,114.198465
1536,2008-03-20,"PARKVIEW SUITE(Block 3,HONG KONG PARKVIEW),TAI TAM RESERVOIR RD|陽明山莊,3座(陽明居),大潭水塘道",12546.187709783702,1290,1091,"{'bay_window': '', 'flat_roof': '', 'roof': '', 'ac_platform': '', 'plant_room': '', 'garden': '', 'yard': ''}",15.96,14.4971,14629,13287.901008249311,8040901750249,2470818,ASP,HRB,淺水灣/壽臣山,1989/05,1989,37,21,20.0,3,blank,HONG KONG PARKVIEW,陽明山莊,True,POINT Z (22.257911 114.198465 0),22.257911,114.198465
1537,2009-01-05,"PARKVIEW SUITE(Block 3,HONG KONG PARKVIEW),TAI TAM RESERVOIR RD|陽明山莊,3座(陽明居),大潭水塘道",10667.191596238476,1275,994,"{'bay_window': '', 'flat_roof': '', 'roof': '', 'ac_platform': '', 'plant_room': '', 'garden': '', 'yard': ''}",10.2,9.1738,10262,9229.17505030181,9011500170058,2664625,PRO-ASP,HRB,淺水灣/壽臣山,1989/05,1989,37,27,21.0,3,blank,HONG KONG PARKVIEW,陽明山莊,True,POINT Z (22.257911 114.198465 0),22.257911,114.198465
1538,2009-04-15,"PARKVIEW SUITE(Block 3,HONG KONG PARKVIEW),TAI TAM RESERVOIR RD|陽明山莊,3座(陽明居),大潭水塘道",11080.78583630613,1235,1012,"{'bay_window': '', 'flat_roof': '', 'roof': '', 'ac_platform': '', 'plant_room': '', 'garden': '', 'yard': ''}",10.32,10.32,10198,10197.628458498024,9043001630071,2720023,ASP,HRB,淺水灣/壽臣山,1989/05,1989,37,25,16.0,3,blank,HONG KONG PARKVIEW,陽明山莊,False,POINT Z (22.257911 114.198465 0),22.257911,114.198465
1539,2009-05-17,"PARKVIEW SUITE(Block 3,HONG KONG PARKVIEW),TAI TAM RESERVOIR RD|陽明山莊,3座(陽明居),大潭水塘道",10968.709768006436,1275,994,"{'bay_window': '', 'flat_roof': '', 'roof': '', 'ac_platform': '', 'plant_room': '', 'garden': '', 'yard': ''}",11.7,10.5229,11771,10586.418511066398,9060502290010,2750974,ASP,HRB,淺水灣/壽臣山,1989/05,1989,37,27,19.0,3,blank,HONG KONG PARKVIEW,陽明山莊,True,POINT Z (22.257911 114.198465 0),22.257911,114.198465
1540,2009-07-08,"PARKVIEW SUITE(Block 3,HONG KONG PARKVIEW),TAI TAM RESERVOIR RD|陽明山莊,3座(陽明居),大潭水塘道",12440.943550977145,1235,1012,"{'bay_window': '', 'flat_roof': '', 'roof': '', 'ac_platform': '', 'plant_room': '', 'garden': '', 'yard': ''}",14.48,13.0492,14308,12894.466403162056,9071600560076,2792358,ASP,HRB,淺水灣/壽臣山,1989/05,1989,37,25,23.0,3,blank,HONG KONG PARKVIEW,陽明山莊,True,POINT Z (22.257911 114.198465 0),22.257911,114.198465
1541,2009-07-12,"PARKVIEW SUITE(Block 3,HONG KONG PARKVIEW),TAI TAM RESERVOIR RD|陽明山莊,3座(陽明居),大潭水塘道",9880.526207346558,1235,1012,"{'bay_window': '', 'flat_roof': '', 'roof': '', 'ac_platform': '', 'plant_room': '', 'garden': '', 'yard': ''}",11.5,10.3636,11364,10240.711462450592,9080500490141,2812698,PRO-ASP,HRB,淺水灣/壽臣山,1989/05,1989,37,25,1.0,3,blank,HONG KONG PARKVIEW,陽明山莊,True,POINT Z (22.257911 114.198465 0),22.257911,114.198465
1542,2009-07-20,"PARKVIEW SUITE(Block 3,HONG KONG PARKVIEW),TAI TAM RESERVOIR RD|陽明山莊,3座(陽明居),大潭水塘道",11470.013768897388,1235,1012,"{'bay_window': '', 'flat_roof': '', 'roof': '', 'ac_platform': '', 'plant_room': '', 'garden': '', 'yard': ''}",13.35,12.0308,13192,11888.142292490118,9081700320043,2823999,ASP,HRB,淺水灣/壽臣山,1989/05,1989,37,25,6.0,3,blank,HONG KONG PARKVIEW,陽明山莊,True,POINT Z (22.257911 114.198465 0),22.257911,114.198465
1543,2009-08-21,"PARKVIEW SUITE(Block 3,HONG KONG PARKVIEW),TAI TAM RESERVOIR RD|陽明山莊,3座(陽明居),大潭水塘道",12750.181360012906,1290,976,"{'bay_window': '', 'flat_roof': '', 'roof': '', 'ac_platform': '', 'plant_room': '', 'garden': '', 'yard': ''}",14.5,13.0143,14857,13334.323770491805,9090801260013,2847804,ASP,HRB,淺水灣/壽臣山,1989/05,1989,37,21,10.0,3,blank,HONG KONG PARKVIEW,陽明山莊,True,POINT Z (22.257911 114.198465 0),22.257911,114.198465
1544,2009-11-04,"PARKVIEW SUITE(Block 3,HONG KONG PARKVIEW),TAI TAM RESERVOIR RD|陽明山莊,3座(陽明居),大潭水塘道",11455.89592996372,1290,1051,"{'bay_window': '', 'flat_roof': '', 'roof': '', 'ac_platform': '', 'plant_room': '', 'garden': '', 'yard': ''}",14.7,13.3013,13987,12655.851569933397,9112402450094,2924957,ASP,HRB,淺水灣/壽臣山,1989/05,1989,37,23,7.0,3,blank,HONG KONG PARKVIEW,陽明山莊,True,POINT Z (22.257911 114.198465 0),22.257911,114.198465
1545,2009-11-27,"PARKVIEW SUITE(Block 3,HONG KONG PARKVIEW),TAI TAM RESERVOIR RD|陽明山莊,3座(陽明居),大潭水塘道",11384.577076292053,1275,994,"{'bay_window': '', 'flat_roof': '', 'roof': '', 'ac_platform': '', 'plant_room': '', 'garden': '', 'yard': ''}",13.9,12.5016,13984,12577.062374245474,9121802300035,2947815,PRO-ASP,HRB,淺水灣/壽臣山,1989/05,1989,37,27,6.0,3,blank,HONG KONG PARKVIEW,陽明山莊,True,POINT Z (22.257911 114.198465 0),22.257911,114.198465
1546,2009-12-15,"PARKVIEW SUITE(Block 3,HONG KONG PARKVIEW),TAI TAM RESERVOIR RD|陽明山莊,3座(陽明居),大潭水塘道",11328.031620395015,1290,976,"{'bay_window': '', 'flat_roof': '', 'roof': '', 'ac_platform': '', 'plant_room': '', 'garden': '', 'yard': ''}",13.5,12.1168,13832,12414.754098360656,10010500290154,2961692,ASP,HRB,淺水灣/壽臣山,1989/05,1989,37,21,7.0,3,blank,HONG KONG PARKVIEW,陽明山莊,True,POINT Z (22.257911 114.198465 0),22.257911,114.198465
1547,2010-03-29,"PARKVIEW SUITE(Block 3,HONG KONG PARKVIEW),TAI TAM RESERVOIR RD|陽明山莊,3座(陽明居),大潭水塘道",11033.862654496646,1275,994,"{'bay_window': '', 'flat_roof': '', 'roof': '', 'ac_platform': '', 'plant_room': '', 'garden': '', 'yard': ''}",14.8,13.3111,14889,13391.448692152915,10041501770019,3061128,PRE-ASP,HRB,淺水灣/壽臣山,1989/05,1989,37,27,7.0,3,blank,HONG KONG PARKVIEW,陽明山莊,True,POINT Z (22.257911 114.198465 0),22.257911,114.198465
1548,2010-05-18,"PARKVIEW SUITE(Block 3,HONG KONG PARKVIEW),TAI TAM RESERVOIR RD|陽明山莊,3座(陽明居),大潭水塘道",12004.9885845615,1290,1051,"{'bay_window': '', 'flat_roof': '', 'roof': '', 'ac_platform': '', 'plant_room': '', 'garden': '', 'yard': ''}",16.6,15.020600000000002,15794,14291.722169362514,10060701320015,3116510,PRO-ASP,HRB,淺水灣/壽臣山,1989/05,1989,37,23,9.0,3,blank,HONG KONG PARKVIEW,陽明山莊,True,POINT Z (22.257911 114.198465 0),22.257911,114.198465
1549,2010-04-24,"PARKVIEW SUITE(Block 3,HONG KONG PARKVIEW),TAI TAM RESERVOIR RD|陽明山莊,3座(陽明居),大潭水塘道",12170.017369239744,1290,976,"{'bay_window': '', 'flat_roof': '', 'roof': '', 'ac_platform': '', 'plant_room': '', 'garden': '', 'yard': ''}",15.6,14.0016,15984,14345.901639344262,10061002520022,3120072,PRO-ASP,HRB,淺水灣/壽臣山,1989/05,1989,37,21,8.0,3,blank,HONG KONG PARKVIEW,陽明山莊,True,POINT Z (22.257911 114.198465 0),22.257911,114.198465
1550,2010-07-14,"PARKVIEW SUITE(Block 3,HONG KONG PARKVIEW),TAI TAM RESERVOIR RD|陽明山莊,3座(陽明居),大潭水塘道",10185.387532248937,1235,1012,"{'bay_window': '', 'flat_roof': '', 'roof': '', 'ac_platform': '', 'plant_room': '', 'garden': '', 'yard': ''}",14.3,12.887,14130,12734.189723320158,10080400600040,3176607,PRO-ASP,HRB,淺水灣/壽臣山,1989/05,1989,37,25,5.0,3,blank,HONG KONG PARKVIEW,陽明山莊,True,POINT Z (22.257911 114.198465 0),22.257911,114.198465
1551,2010-10-18,"PARKVIEW SUITE(Block 3,HONG KONG PARKVIEW),TAI TAM RESERVOIR RD|陽明山莊,3座(陽明居),大潭水塘道",12036.811761233002,1290,976,"{'bay_window': '', 'flat_roof': '', 'roof': '', 'ac_platform': '', 'plant_room': '', 'garden': '', 'yard': ''}",16.88,15.1505,17295,15523.053278688523,10110800880092,3285192,PRE-ASP,HRB,淺水灣/壽臣山,1989/05,1989,37,21,17.0,3,blank,HONG KONG PARKVIEW,陽明山莊,True,POINT Z (22.257911 114.198465 0),22.257911,114.198465
1552,2010-11-18,"PARKVIEW SUITE(Block 3,HONG KONG PARKVIEW),TAI TAM RESERVOIR RD|陽明山莊,3座(陽明居),大潭水塘道",9873.523397008415,1235,1012,"{'bay_window': '', 'flat_roof': '', 'roof': '', 'ac_platform': '', 'plant_room': '', 'garden': '', 'yard': ''}",14.5,13.0672,14328,12912.252964426878,10121502620238,3331793,PRO-ASP,HRB,淺水灣/壽臣山,1989/05,1989,37,25,1.0,3,blank,HONG KONG PARKVIEW,陽明山莊,True,POINT Z (22.257911 114.198465 0),22.257911,114.198465
1553,2011-01-11,"PARKVIEW SUITE(Block 3,HONG KONG PARKVIEW),TAI TAM RESERVOIR RD|陽明山莊,3座(陽明居),大潭水塘道",11510.19614471683,1290,1051,"{'bay_window': '', 'flat_roof': '', 'roof': '', 'ac_platform': '', 'plant_room': '', 'garden': '', 'yard': ''}",18.08,16.359699999999997,17203,15565.842055185534,11020202880030,3379649,PRO-ASP,HRB,淺水灣/壽臣山,1989/05,1989,37,23,15.0,3,blank,HONG KONG PARKVIEW,陽明山莊,True,POINT Z (22.257911 114.198465 0),22.257911,114.198465
1554,2011-01-17,"PARKVIEW SUITE(Block 3,HONG KONG PARKVIEW),TAI TAM RESERVOIR RD|陽明山莊,3座(陽明居),大潭水塘道",11062.482564379416,1235,1012,"{'bay_window': '', 'flat_roof': '', 'roof': '', 'ac_platform': '', 'plant_room': '', 'garden': '', 'yard': ''}",16.8,15.1399,16601,14960.375494071146,11020701450010,3380190,PRO-ASP,HRB,淺水灣/壽臣山,1989/05,1989,37,25,12.0,3,blank,HONG KONG PARKVIEW,陽明山莊,True,POINT Z (22.257911 114.198465 0),22.257911,114.198465
1555,2011-01-28,"PARKVIEW SUITE(Block 3,HONG KONG PARKVIEW),TAI TAM RESERVOIR RD|陽明山莊,3座(陽明居),大潭水塘道",11394.333505053211,1275,994,"{'bay_window': '', 'flat_roof': '', 'roof': '', 'ac_platform': '', 'plant_room': '', 'garden': '', 'yard': ''}",17.03,15.3167,17133,15409.154929577464,11021803470369,3393308,ASP,HRB,淺水灣/壽臣山,1989/05,1989,37,27,8.0,3,blank,HONG KONG PARKVIEW,陽明山莊,True,POINT Z (22.257911 114.198465 0),22.257911,114.198465
1556,2011-05-27,"PARKVIEW SUITE(Block 3,HONG KONG PARKVIEW),TAI TAM RESERVOIR RD|陽明山莊,3座(陽明居),大潭水塘道",10935.44934900609,1275,994,"{'bay_window': '', 'flat_roof': '', 'roof': '', 'ac_platform': '', 'plant_room': '', 'garden': '', 'yard': ''}",18.3,16.459,18410,16558.35010060362,11061003050279,3501392,ASP,HRB,淺水灣/壽臣山,1989/05,1989,37,27,12.0,3,blank,HONG KONG PARKVIEW,陽明山莊,True,POINT Z (22.257911 114.198465 0),22.257911,114.198465
1557,2011-05-26,"PARKVIEW SUITE(Block 3,HONG KONG PARKVIEW),TAI TAM RESERVOIR RD|陽明山莊,3座(陽明居),大潭水塘道",10803.097886296631,1290,1051,"{'bay_window': '', 'flat_roof': '', 'roof': '', 'ac_platform': '', 'plant_room': '', 'garden': '', 'yard': ''}",19.0,17.1922,18078,16357.944814462417,11062401310390,3514600,PRE-ASP,HRB,淺水灣/壽臣山,1989/05,1989,37,23,20.0,3,blank,HONG KONG PARKVIEW,陽明山莊,True,POINT Z (22.257911 114.198465 0),22.257911,114.198465
1558,2011-01-19,"PARKVIEW SUITE(Block 3,HONG KONG PARKVIEW),TAI TAM RESERVOIR RD|陽明山莊,3座(陽明居),大潭水塘道",12043.32555620055,1275,994,"{'bay_window': '', 'flat_roof': '', 'roof': '', 'ac_platform': '', 'plant_room': '', 'garden': '', 'yard': ''}",18.0,16.1891,18109,16286.82092555332,11090202200011,3565778,MEM-ASP,HRB,淺水灣/壽臣山,1989/05,1989,37,27,23.0,3,blank,HONG KONG PARKVIEW,陽明山莊,True,POINT Z (22.257911 114.198465 0),22.257911,114.198465
1559,2011-09-06,"PARKVIEW SUITE(Block 3,HONG KONG PARKVIEW),TAI TAM RESERVOIR RD|陽明山莊,3座(陽明居),大潭水塘道",11596.579633248695,1235,1012,"{'bay_window': '', 'flat_roof': '', 'roof': '', 'ac_platform': '', 'plant_room': '', 'garden': '', 'yard': ''}",19.0,17.1225,18775,16919.466403162056,11091601100076,3573225,ASP,HRB,淺水灣/壽臣山,1989/05,1989,37,25,19.0,3,blank,HONG KONG PARKVIEW,陽明山莊,True,POINT Z (22.257911 114.198465 0),22.257911,114.198465
1560,2012-01-12,"PARKVIEW SUITE(Block 3,HONG KONG PARKVIEW),TAI TAM RESERVOIR RD|陽明山莊,3座(陽明居),大潭水塘道",11447.78757351567,1275,994,"{'bay_window': '', 'flat_roof': '', 'roof': '', 'ac_platform': '', 'plant_room': '', 'garden': '', 'yard': ''}",18.0,16.1891,18109,16286.82092555332,12020302130015,3645733,ASP,HRB,淺水灣/壽臣山,1989/05,1989,37,27,5.0,3,blank,HONG KONG PARKVIEW,陽明山莊,True,POINT Z (22.257911 114.198465 0),22.257911,114.198465
1561,2012-04-30,"PARKVIEW SUITE(Block 3,HONG KONG PARKVIEW),TAI TAM RESERVOIR RD|陽明山莊,3座(陽明居),大潭水塘道",9343.893026014624,1290,1051,"{'bay_window': '', 'flat_roof': '', 'roof': '', 'ac_platform': '', 'plant_room': '', 'garden': '', 'yard': ''}",17.18,15.5454,16346,14791.056137012369,12050801080027,3705280,ASP,HRB,淺水灣/壽臣山,1989/05,1989,37,23,1.0,3,blank,HONG KONG PARKVIEW,陽明山莊,True,POINT Z (22.257911 114.198465 0),22.257911,114.198465
1562,2012-06-20,"PARKVIEW SUITE(Block 3,HONG KONG PARKVIEW),TAI TAM RESERVOIR RD|陽明山莊,3座(陽明居),大潭水塘道",11096.620051606851,1290,976,"{'bay_window': '', 'flat_roof': '', 'roof': '', 'ac_platform': '', 'plant_room': '', 'garden': '', 'yard': ''}",19.3,17.3225,19775,17748.463114754097,12070600640017,3753246,ASP,HRB,淺水灣/壽臣山,1989/05,1989,37,21,12.0,3,blank,HONG KONG PARKVIEW,陽明山莊,True,POINT Z (22.257911 114.198465 0),22.257911,114.198465
1563,2012-08-21,"PARKVIEW SUITE(Block 3,HONG KONG PARKVIEW),TAI TAM RESERVOIR RD|陽明山莊,3座(陽明居),大潭水塘道",10400.55827171141,1235,1012,"{'bay_window': '', 'flat_roof': '', 'roof': '', 'ac_platform': '', 'plant_room': '', 'garden': '', 'yard': ''}",19.0,17.1225,18775,16919.466403162056,12082700820043,3788437,ASP,HRB,淺水灣/壽臣山,1989/05,1989,37,25,6.0,3,blank,HONG KONG PARKVIEW,陽明山莊,True,POINT Z (22.257911 114.198465 0),22.257911,114.198465
1564,2012-09-21,"PARKVIEW SUITE(Block 3,HONG KONG PARKVIEW),TAI TAM RESERVOIR RD|陽明山莊,3座(陽明居),大潭水塘道",9706.33868783528,1275,994,"{'bay_window': '', 'flat_roof': '', 'roof': '', 'ac_platform': '', 'plant_room': '', 'garden': '', 'yard': ''}",18.0,16.1891,18109,16286.82092555332,12101902290534,3831513,ASP,HRB,淺水灣/壽臣山,1989/05,1989,37,27,19.0,3,blank,HONG KONG PARKVIEW,陽明山莊,True,POINT Z (22.257911 114.198465 0),22.257911,114.198465
1565,2012-10-10,"PARKVIEW SUITE(Block 3,HONG KONG PARKVIEW),TAI TAM RESERVOIR RD|陽明山莊,3座(陽明居),大潭水塘道",11413.484220265396,1290,976,"{'bay_window': '', 'flat_roof': '', 'roof': '', 'ac_platform': '', 'plant_room': '', 'garden': '', 'yard': ''}",19.2,19.2,19672,19672.131147540986,12110201470012,3842048,PRE-ASP,HRB,淺水灣/壽臣山,1989/05,1989,37,21,11.0,3,blank,HONG KONG PARKVIEW,陽明山莊,False,POINT Z (22.257911 114.198465 0),22.257911,114.198465
1566,2012-11-01,"PARKVIEW SUITE(Block 3,HONG KONG PARKVIEW),TAI TAM RESERVOIR RD|陽明山莊,3座(陽明居),大潭水塘道",9757.612129231104,1275,994,"{'bay_window': '', 'flat_roof': '', 'roof': '', 'ac_platform': '', 'plant_room': '', 'garden': '', 'yard': ''}",18.93,17.0256,19044,17128.37022132797,12110700050026,3846749,ASP,HRB,淺水灣/壽臣山,1989/05,1989,37,27,1.0,3,blank,HONG KONG PARKVIEW,陽明山莊,True,POINT Z (22.257911 114.198465 0),22.257911,114.198465
1567,2013-01-22,"PARKVIEW SUITE(Block 3,HONG KONG PARKVIEW),TAI TAM RESERVOIR RD|陽明山莊,3座(陽明居),大潭水塘道",10070.935649183506,1275,994,"{'bay_window': '', 'flat_roof': '', 'roof': '', 'ac_platform': '', 'plant_room': '', 'garden': '', 'yard': ''}",19.8,17.808,19920,17915.49295774648,13012801620011,3913655,ASP,HRB,淺水灣/壽臣山,1989/05,1989,37,27,21.0,3,blank,HONG KONG PARKVIEW,陽明山莊,True,POINT Z (22.257911 114.198465 0),22.257911,114.198465
1568,2013-05-21,"PARKVIEW SUITE(Block 3,HONG KONG PARKVIEW),TAI TAM RESERVOIR RD|陽明山莊,3座(陽明居),大潭水塘道",9703.471293988465,1235,1012,"{'bay_window': '', 'flat_roof': '', 'roof': '', 'ac_platform': '', 'plant_room': '', 'garden': '', 'yard': ''}",19.8,17.843500000000002,19565,17631.916996047436,13052701100018,3984149,ASP,HRB,淺水灣/壽臣山,1989/05,1989,37,25,3.0,3,blank,HONG KONG PARKVIEW,陽明山莊,True,POINT Z (22.257911 114.198465 0),22.257911,114.198465
1569,2013-06-05,"PARKVIEW SUITE(Block 3,HONG KONG PARKVIEW),TAI TAM RESERVOIR RD|陽明山莊,3座(陽明居),大潭水塘道",9709.60646041804,1235,1012,"{'bay_window': '', 'flat_roof': '', 'roof': '', 'ac_platform': '', 'plant_room': '', 'garden': '', 'yard': ''}",19.8,17.843500000000002,19565,17631.916996047436,13062602510161,3998356,ASP,HRB,淺水灣/壽臣山,1989/05,1989,37,25,9.0,3,blank,HONG KONG PARKVIEW,陽明山莊,True,POINT Z (22.257911 114.198465 0),22.257911,114.198465
1570,2013-12-12,"PARKVIEW SUITE(Block 3,HONG KONG PARKVIEW),TAI TAM RESERVOIR RD|陽明山莊,3座(陽明居),大潭水塘道",9969.97149688927,1235,1012,"{'bay_window': '', 'flat_roof': '', 'roof': '', 'ac_platform': '', 'plant_room': '', 'garden': '', 'yard': ''}",18.68,18.68,18458,18458.498023715416,14010300150011,4079605,PRE-ASP,HRB,淺水灣/壽臣山,1989/05,1989,37,25,16.0,3,blank,HONG KONG PARKVIEW,陽明山莊,False,POINT Z (22.257911 114.198465 0),22.257911,114.198465
1571,2014-01-28,"PARKVIEW SUITE(Block 3,HONG KONG PARKVIEW),TAI TAM RESERVOIR RD|陽明山莊,3座(陽明居),大潭水塘道",8859.35955173145,1235,1012,"{'bay_window': '', 'flat_roof': '', 'roof': '', 'ac_platform': '', 'plant_room': '', 'garden': '', 'yard': ''}",17.95,16.176299999999998,17737,15984.486166007904,14022502240010,4102132,PRO-ASP,HRB,淺水灣/壽臣山,1989/05,1989,37,25,6.0,3,blank,HONG KONG PARKVIEW,陽明山莊,True,POINT Z (22.257911 114.198465 0),22.257911,114.198465
1572,2014-05-15,"PARKVIEW SUITE(Block 3,HONG KONG PARKVIEW),TAI TAM RESERVOIR RD|陽明山莊,3座(陽明居),大潭水塘道",9724.553112459018,1275,994,"{'bay_window': '', 'flat_roof': '', 'roof': '', 'ac_platform': '', 'plant_room': '', 'garden': '', 'yard': ''}",19.5,17.5382,19618,17644.064386317907,14052302360067,4140398,ASP,HRB,淺水灣/壽臣山,1989/05,1989,37,27,16.0,3,blank,HONG KONG PARKVIEW,陽明山莊,True,POINT Z (22.257911 114.198465 0),22.257911,114.198465
1573,2014-09-17,"PARKVIEW SUITE(Block 3,HONG KONG PARKVIEW),TAI TAM RESERVOIR RD|陽明山莊,3座(陽明居),大潭水塘道",9091.133918809664,1290,1051,"{'bay_window': '', 'flat_roof': '', 'roof': '', 'ac_platform': '', 'plant_room': '', 'garden': '', 'yard': ''}",20.5,18.5495,19505,17649.381541389153,14100901530087,4218798,PRO-ASP,HRB,淺水灣/壽臣山,1989/05,1989,37,23,22.0,3,blank,HONG KONG PARKVIEW,陽明山莊,True,POINT Z (22.257911 114.198465 0),22.257911,114.198465
1574,2014-09-11,"PARKVIEW SUITE(Block 3,HONG KONG PARKVIEW),TAI TAM RESERVOIR RD|陽明山莊,3座(陽明居),大潭水塘道",8625.488681134198,1290,1051,"{'bay_window': '', 'flat_roof': '', 'roof': '', 'ac_platform': '', 'plant_room': '', 'garden': '', 'yard': ''}",19.45,17.5994,18506,16745.3853472883,14101002320012,4219930,ASP,HRB,淺水灣/壽臣山,1989/05,1989,37,23,15.0,3,blank,HONG KONG PARKVIEW,陽明山莊,True,POINT Z (22.257911 114.198465 0),22.257911,114.198465
1575,2014-11-17,"PARKVIEW SUITE(Block 3,HONG KONG PARKVIEW),TAI TAM RESERVOIR RD|陽明山莊,3座(陽明居),大潭水塘道",9811.507336370769,1290,976,"{'bay_window': '', 'flat_roof': '', 'roof': '', 'ac_platform': '', 'plant_room': '', 'garden': '', 'yard': ''}",21.0,18.8484,21516,19311.88524590164,14112501580071,4247792,ASP,HRB,淺水灣/壽臣山,1989/05,1989,37,21,17.0,3,blank,HONG KONG PARKVIEW,陽明山莊,True,POINT Z (22.257911 114.198465 0),22.257911,114.198465
1576,2014-11-18,"PARKVIEW SUITE(Block 3,HONG KONG PARKVIEW),TAI TAM RESERVOIR RD|陽明山莊,3座(陽明居),大潭水塘道",10185.261197044048,1290,976,"{'bay_window': '', 'flat_roof': '', 'roof': '', 'ac_platform': '', 'plant_room': '', 'garden': '', 'yard': ''}",21.8,19.5664,22336,20047.54098360656,14112601920044,4248786,ASP,HRB,淺水灣/壽臣山,1989/05,1989,37,21,18.0,3,blank,HONG KONG PARKVIEW,陽明山莊,True,POINT Z (22.257911 114.198465 0),22.257911,114.198465
1577,2015-07-06,"PARKVIEW SUITE(Block 3,HONG KONG PARKVIEW),TAI TAM RESERVOIR RD|陽明山莊,3座(陽明居),大潭水塘道",8629.029719522297,1275,994,"{'bay_window': '', 'flat_roof': '', 'roof': '', 'ac_platform': '', 'plant_room': '', 'garden': '', 'yard': ''}",20.18,18.1498,20302,18259.356136820927,15080501350025,4395459,PRO-ASP,HRB,淺水灣/壽臣山,1989/05,1989,37,27,6.0,3,blank,HONG KONG PARKVIEW,陽明山莊,True,POINT Z (22.257911 114.198465 0),22.257911,114.198465
1578,2015-07-21,"PARKVIEW SUITE(Block 3,HONG KONG PARKVIEW),TAI TAM RESERVOIR RD|陽明山莊,3座(陽明居),大潭水塘道",9073.110742198773,1290,1051,"{'bay_window': '', 'flat_roof': '', 'roof': '', 'ac_platform': '', 'plant_room': '', 'garden': '', 'yard': ''}",22.3,20.1782,21218,19199.04852521408,15080702660022,4396997,PRO-ASP,HRB,淺水灣/壽臣山,1989/05,1989,37,23,16.0,3,blank,HONG KONG PARKVIEW,陽明山莊,True,POINT Z (22.257911 114.198465 0),22.257911,114.198465
1579,2016-04-15,"PARKVIEW SUITE(Block 3,HONG KONG PARKVIEW),TAI TAM RESERVOIR RD|陽明山莊,3座(陽明居),大潭水塘道",10142.586805631438,1290,1051,"{'bay_window': '', 'flat_roof': '', 'roof': '', 'ac_platform': '', 'plant_room': '', 'garden': '', 'yard': ''}",22.8,20.6306,21694,19629.495718363465,16042502030016,4499046,ASP,HRB,淺水灣/壽臣山,1989/05,1989,37,23,6.0,3,blank,HONG KONG PARKVIEW,陽明山莊,True,POINT Z (22.257911 114.198465 0),22.257911,114.198465
1580,2016-06-23,"PARKVIEW SUITE(Block 3,HONG KONG PARKVIEW),TAI TAM RESERVOIR RD|陽明山莊,3座(陽明居),大潭水塘道",8797.078693605192,1235,1012,"{'bay_window': '', 'flat_roof': '', 'roof': '', 'ac_platform': '', 'plant_room': '', 'garden': '', 'yard': ''}",19.0,17.1225,18775,16919.466403162056,16080100300019,4540021,PRE-ASP,HRB,淺水灣/壽臣山,1989/05,1989,37,25,2.0,3,blank,HONG KONG PARKVIEW,陽明山莊,True,POINT Z (22.257911 114.198465 0),22.257911,114.198465
1581,2017-03-10,"PARKVIEW SUITE(Block 3,HONG KONG PARKVIEW),TAI TAM RESERVOIR RD|陽明山莊,3座(陽明居),大潭水塘道",9225.89114721244,1235,1012,"{'bay_window': '', 'flat_roof': '', 'roof': '', 'ac_platform': '', 'plant_room': '', 'garden': '', 'yard': ''}",22.68,20.4389,22411,20196.541501976284,17032101040016,4666325,ASP,HRB,淺水灣/壽臣山,1989/05,1989,37,25,12.0,3,blank,HONG KONG PARKVIEW,陽明山莊,True,POINT Z (22.257911 114.198465 0),22.257911,114.198465
1582,2017-03-10,"PARKVIEW SUITE(Block 3,HONG KONG PARKVIEW),TAI TAM RESERVOIR RD|陽明山莊,3座(陽明居),大潭水塘道",8731.694581060518,1275,994,"{'bay_window': '', 'flat_roof': '', 'roof': '', 'ac_platform': '', 'plant_room': '', 'garden': '', 'yard': ''}",19.0,19.0,19115,19114.68812877264,17040700630196,4676028,ASP,HRB,淺水灣/壽臣山,1989/05,1989,37,27,8.0,3,blank,HONG KONG PARKVIEW,陽明山莊,False,POINT Z (22.257911 114.198465 0),22.257911,114.198465
1583,2017-04-07,"PARKVIEW SUITE(Block 3,HONG KONG PARKVIEW),TAI TAM RESERVOIR RD|陽明山莊,3座(陽明居),大潭水塘道",8886.63365900257,1290,1051,"{'bay_window': '', 'flat_roof': '', 'roof': '', 'ac_platform': '', 'plant_room': '', 'garden': '', 'yard': ''}",23.0,20.8116,21884,19801.712654614654,17042802240191,4691302,ASP,HRB,淺水灣/壽臣山,1989/05,1989,37,23,9.0,3,blank,HONG KONG PARKVIEW,陽明山莊,True,POINT Z (22.257911 114.198465 0),22.257911,114.198465
1584,2017-05-23,"PARKVIEW SUITE(Block 3,HONG KONG PARKVIEW),TAI TAM RESERVOIR RD|陽明山莊,3座(陽明居),大潭水塘道",9325.879038032725,1235,1012,"{'bay_window': '', 'flat_roof': '', 'roof': '', 'ac_platform': '', 'plant_room': '', 'garden': '', 'yard': ''}",23.5,21.1779,23221,20926.778656126484,17061400660156,4718353,PRE-ASP,HRB,淺水灣/壽臣山,1989/05,1989,37,25,17.0,3,blank,HONG KONG PARKVIEW,陽明山莊,True,POINT Z (22.257911 114.198465 0),22.257911,114.198465
1585,2017-11-21,"PARKVIEW SUITE(Block 3,HONG KONG PARKVIEW),TAI TAM RESERVOIR RD|陽明山莊,3座(陽明居),大潭水塘道",10162.700091053424,1290,976,"{'bay_window': '', 'flat_roof': '', 'roof': '', 'ac_platform': '', 'plant_room': '', 'garden': '', 'yard': ''}",22.8,22.8,23361,23360.65573770492,17120600800018,5260559,ASP,HRB,淺水灣/壽臣山,1989/05,1989,37,21,21.0,3,blank,HONG KONG PARKVIEW,陽明山莊,False,POINT Z (22.257911 114.198465 0),22.257911,114.198465
1586,2017-12-31,"PARKVIEW SUITE(Block 3,HONG KONG PARKVIEW),TAI TAM RESERVOIR RD|陽明山莊,3座(陽明居),大潭水塘道",9555.66539188838,1235,1012,"{'bay_window': '', 'flat_roof': '', 'roof': '', 'ac_platform': '', 'plant_room': '', 'garden': '', 'yard': ''}",22.8,22.8,22530,22529.644268774704,18012502180013,5290731,PRO-ASP,HRB,淺水灣/壽臣山,1989/05,1989,37,25,16.0,3,blank,HONG KONG PARKVIEW,陽明山莊,False,POINT Z (22.257911 114.198465 0),22.257911,114.198465
1587,2019-03-22,"PARKVIEW SUITE(Block 3,HONG KONG PARKVIEW),TAI TAM RESERVOIR RD|陽明山莊,3座(陽明居),大潭水塘道",11811.575891638142,1275,994,"{'bay_window': '', 'flat_roof': '', 'roof': '', 'ac_platform': '', 'plant_room': '', 'garden': '', 'yard': ''}",29.6,29.6,29779,29778.67203219316,19040201650204,5519532,ASP,HRB,淺水灣/壽臣山,1989/05,1989,37,27,19.0,3,blank,HONG KONG PARKVIEW,陽明山莊,False,POINT Z (22.257911 114.198465 0),22.257911,114.198465
1588,2019-04-16,"PARKVIEW SUITE(Block 3,HONG KONG PARKVIEW),TAI TAM RESERVOIR RD|陽明山莊,3座(陽明居),大潭水塘道",10987.51068963017,1290,1051,"{'bay_window': '', 'flat_roof': '', 'roof': '', 'ac_platform': '', 'plant_room': '', 'garden': '', 'yard': ''}",29.8,29.8,28354,28353.94862036156,19050902160041,5540825,PRE-ASP,HRB,淺水灣/壽臣山,1989/05,1989,37,23,15.0,3,blank,HONG KONG PARKVIEW,陽明山莊,False,POINT Z (22.257911 114.198465 0),22.257911,114.198465
1589,2019-04-18,"PARKVIEW SUITE(Block 3,HONG KONG PARKVIEW),TAI TAM RESERVOIR RD|陽明山莊,3座(陽明居),大潭水塘道",10951.441388416764,1235,1012,"{'bay_window': '', 'flat_roof': '', 'roof': '', 'ac_platform': '', 'plant_room': '', 'garden': '', 'yard': ''}",28.6,28.6,28261,28260.869565217392,19051002210024,5541775,ASP,HRB,淺水灣/壽臣山,1989/05,1989,37,25,15.0,3,blank,HONG KONG PARKVIEW,陽明山莊,False,POINT Z (22.257911 114.198465 0),22.257911,114.198465
1590,2020-03-12,"PARKVIEW SUITE(Block 3,HONG KONG PARKVIEW),TAI TAM RESERVOIR RD|陽明山莊,3座(陽明居),大潭水塘道",10826.365495336917,1275,994,"{'bay_window': '', 'flat_roof': '', 'roof': '', 'ac_platform': '', 'plant_room': '', 'garden': '', 'yard': ''}",27.5,27.5,27666,27665.99597585513,20032301260013,5687240,ASP,HRB,淺水灣/壽臣山,1989/05,1989,37,27,16.0,3,blank,HONG KONG PARKVIEW,陽明山莊,False,POINT Z (22.257911 114.198465 0),22.257911,114.198465
1591,2020-03-16,"PARKVIEW SUITE(Block 3,HONG KONG PARKVIEW),TAI TAM RESERVOIR RD|陽明山莊,3座(陽明居),大潭水塘道",10131.112875384846,1235,1012,"{'bay_window': '', 'flat_roof': '', 'roof': '', 'ac_platform': '', 'plant_room': '', 'garden': '', 'yard': ''}",26.2,26.2,25889,25889.328063241108,20040201150016,5691666,ASP,HRB,淺水灣/壽臣山,1989/05,1989,37,25,8.0,3,blank,HONG KONG PARKVIEW,陽明山莊,False,POINT Z (22.257911 114.198465 0),22.257911,114.198465
1592,2021-04-26,"PARKVIEW SUITE(Block 3,HONG KONG PARKVIEW),TAI TAM RESERVOIR RD|陽明山莊,3座(陽明居),大潭水塘道",11213.482042631324,1290,976,"{'bay_window': '', 'flat_roof': '', 'roof': '', 'ac_platform': '', 'plant_room': '', 'garden': '', 'yard': ''}",28.0,28.0,28689,28688.524590163932,21050400430122,5904733,ASP,HRB,淺水灣/壽臣山,1989/05,1989,37,21,20.0,3,blank,HONG KONG PARKVIEW,陽明山莊,False,POINT Z (22.257911 114.198465 0),22.257911,114.198465
1593,2021-07-08,"PARKVIEW SUITE(Block 3,HONG KONG PARKVIEW),TAI TAM RESERVOIR RD|陽明山莊,3座(陽明居),大潭水塘道",11133.192429825907,1235,1012,"{'bay_window': '', 'flat_roof': '', 'roof': '', 'ac_platform': '', 'plant_room': '', 'garden': '', 'yard': ''}",29.38,29.38,29032,29031.620553359684,21072301660139,5962493,ASP,HRB,淺水灣/壽臣山,1989/05,1989,37,25,22.0,3,blank,HONG KONG PARKVIEW,陽明山莊,False,POINT Z (22.257911 114.198465 0),22.257911,114.198465
1594,2021-08-17,"PARKVIEW SUITE(Block 3,HONG KONG PARKVIEW),TAI TAM RESERVOIR RD|陽明山莊,3座(陽明居),大潭水塘道",11908.53092549836,1290,976,"{'bay_window': '', 'flat_roof': '', 'roof': '', 'ac_platform': '', 'plant_room': '', 'garden': '', 'yard': ''}",30.0,30.0,30738,30737.70491803279,21090302640018,5991751,PRO-ASP,HRB,淺水灣/壽臣山,1989/05,1989,37,21,22.0,3,blank,HONG KONG PARKVIEW,陽明山莊,False,POINT Z (22.257911 114.198465 0),22.257911,114.198465
1595,2021-09-24,"PARKVIEW SUITE(Block 3,HONG KONG PARKVIEW),TAI TAM RESERVOIR RD|陽明山莊,3座(陽明居),大潭水塘道",11269.61202405527,1235,1012,"{'bay_window': '', 'flat_roof': '', 'roof': '', 'ac_platform': '', 'plant_room': '', 'garden': '', 'yard': ''}",29.68,29.68,29328,29328.06324110672,21092902420043,6008623,ASP,HRB,淺水灣/壽臣山,1989/05,1989,37,25,19.0,3,blank,HONG KONG PARKVIEW,陽明山莊,False,POINT Z (22.257911 114.198465 0),22.257911,114.198465
1596,2022-04-20,"PARKVIEW SUITE(Block 3,HONG KONG PARKVIEW),TAI TAM RESERVOIR RD|陽明山莊,3座(陽明居),大潭水塘道",11517.38453680229,1235,1012,"{'bay_window': '', 'flat_roof': '', 'roof': '', 'ac_platform': '', 'plant_room': '', 'garden': '', 'yard': ''}",29.0,29.0,28656,28656.12648221344,22042500530017,6115301,ASP,HRB,淺水灣/壽臣山,1989/05,1989,37,25,10.0,3,blank,HONG KONG PARKVIEW,陽明山莊,False,POINT Z (22.257911 114.198465 0),22.257911,114.198465
1597,2023-05-19,"PARKVIEW SUITE(Block 3,HONG KONG PARKVIEW),TAI TAM RESERVOIR RD|陽明山莊,3座(陽明居),大潭水塘道",11140.373801801325,1235,1012,"{'bay_window': '', 'flat_roof': '', 'roof': '', 'ac_platform': '', 'plant_room': '', 'garden': '', 'yard': ''}",25.0,25.0,24704,24703.557312252964,23060200980040,6292479,ASP,HRB,淺水灣/壽臣山,1989/05,1989,37,25,5.0,3,blank,HONG KONG PARKVIEW,陽明山莊,False,POINT Z (22.257911 114.198465 0),22.257911,114.198465
1598,2024-05-02,"PARKVIEW SUITE(Block 3,HONG KONG PARKVIEW),TAI TAM RESERVOIR RD|陽明山莊,3座(陽明居),大潭水塘道",13703.35138005996,1235,1012,"{'bay_window': '', 'flat_roof': '', 'roof': '', 'ac_platform': '', 'plant_room': '', 'garden': '', 'yard': ''}",27.2,27.2,26877,26877.470355731224,24051001690043,6421159,ASP,HRB,淺水灣/壽臣山,1989/05,1989,37,25,12.0,3,blank,HONG KONG PARKVIEW,陽明山莊,False,POINT Z (22.257911 114.198465 0),22.257911,114.198465
1599,2024-10-03,"PARKVIEW SUITE(Block 3,HONG KONG PARKVIEW),TAI TAM RESERVOIR RD|陽明山莊,3座(陽明居),大潭水塘道",10721.778198849172,1290,1051,"{'bay_window': '', 'flat_roof': '', 'roof': '', 'ac_platform': '', 'plant_room': '', 'garden': '', 'yard': ''}",20.5,20.5,19505,19505.23311132255,24101001810024,6487533,ASP,HRB,淺水灣/壽臣山,1989/05,1989,37,23,10.0,3,blank,HONG KONG PARKVIEW,陽明山莊,False,POINT Z (22.257911 114.198465 0),22.257911,114.198465
1600,2024-11-29,"PARKVIEW SUITE(Block 3,HONG KONG PARKVIEW),TAI TAM RESERVOIR RD|陽明山莊,3座(陽明居),大潭水塘道",11196.87578982098,1290,976,"{'bay_window': '', 'flat_roof': '', 'roof': '', 'ac_platform': '', 'plant_room': '', 'garden': '', 'yard': ''}",20.3,20.3,20799,20799.180327868853,24120600730022,6513980,ASP,HRB,淺水灣/壽臣山,1989/05,1989,37,21,5.0,3,blank,HONG KONG PARKVIEW,陽明山莊,False,POINT Z (22.257911 114.198465 0),22.257911,114.198465
1601,2025-08-07,"PARKVIEW SUITE(Block 3,HONG KONG PARKVIEW),TAI TAM RESERVOIR RD|陽明山莊,3座(陽明居),大潭水塘道",10386.98342580172,1290,976,"{'bay_window': '', 'flat_roof': '', 'roof': '', 'ac_platform': '', 'plant_room': '', 'garden': '', 'yard': ''}",18.98,18.98,19447,19446.72131147541,25090301810212,6649606,ASP,HRB,淺水灣/壽臣山,1989/05,1989,37,21,15.0,3,blank,HONG KONG PARKVIEW,陽明山莊,False,POINT Z (22.257911 114.198465 0),22.257911,114.198465
1602,2025-12-04,"PARKVIEW SUITE(Block 3,HONG KONG PARKVIEW),TAI TAM RESERVOIR RD|陽明山莊,3座(陽明居),大潭水塘道",10931.02787931204,1235,1012,"{'bay_window': '', 'flat_roof': '', 'roof': '', 'ac_platform': '', 'plant_room': '', 'garden': '', 'yard': ''}",20.88,20.88,20632,20632.41106719368,25121500750045,6708072,ASP,HRB,淺水灣/壽臣山,1989/05,1989,37,25,20.0,3,blank,HONG KONG PARKVIEW,陽明山莊,False,POINT Z (22.257911 114.198465 0),22.257911,114.198465
1603,1998-10-26,"PARKVIEW SUITE(Block 4,HONG KONG PARKVIEW),TAI TAM RESERVOIR RD|陽明山莊,4座(陽明居),大潭水塘道",9106.049645074689,1857,1541,"{'bay_window': '', 'flat_roof': '', 'roof': '', 'ac_platform': '', 'plant_room': '', 'garden': '', 'yard': ''}",10.08,9.4259,6541,6116.742375081116,7605295,61932,ASP,HRB,淺水灣/壽臣山,1989/11,1989,37,29,1.0,4,blank,HONG KONG PARKVIEW,陽明山莊,True,POINT Z (22.257911 114.198465 0),22.257911,114.198465
1604,1998-12-23,"PARKVIEW SUITE(Block 4,HONG KONG PARKVIEW),TAI TAM RESERVOIR RD|陽明山莊,4座(陽明居),大潭水塘道",10942.216621055735,2105,1747,"{'bay_window': '', 'flat_roof': '', 'roof': '', 'ac_platform': '', 'plant_room': '', 'garden': '', 'yard': ''}",14.8,13.9528,8472,7986.720091585576,7661413,121735,ASP,HRB,淺水灣/壽臣山,1989/11,1989,37,31,16.0,4,blank,HONG KONG PARKVIEW,陽明山莊,True,POINT Z (22.257911 114.198465 0),22.257911,114.198465
1605,1999-04-07,"PARKVIEW SUITE(Block 4,HONG KONG PARKVIEW),TAI TAM RESERVOIR RD|陽明山莊,4座(陽明居),大潭水塘道",9591.366071583108,2105,1747,"{'bay_window': '', 'flat_roof': '', 'roof': '', 'ac_platform': '', 'plant_room': '', 'garden': '', 'yard': ''}",12.38,12.38,7086,7086.43388666285,7740436,187373,ASP,HRB,淺水灣/壽臣山,1989/11,1989,37,31,2.0,4,blank,HONG KONG PARKVIEW,陽明山莊,False,POINT Z (22.257911 114.198465 0),22.257911,114.198465
1606,1999-04-21,"PARKVIEW SUITE(Block 4,HONG KONG PARKVIEW),TAI TAM RESERVOIR RD|陽明山莊,4座(陽明居),大潭水塘道",11087.755335105308,1857,1541,"{'bay_window': '', 'flat_roof': '', 'roof': '', 'ac_platform': '', 'plant_room': '', 'garden': '', 'yard': ''}",13.5,12.6239,8761,8192.018170019468,7745311,193497,ASP,HRB,淺水灣/壽臣山,1989/11,1989,37,29,7.0,4,blank,HONG KONG PARKVIEW,陽明山莊,True,POINT Z (22.257911 114.198465 0),22.257911,114.198465
1607,1999-03-08,"PARKVIEW SUITE(Block 4,HONG KONG PARKVIEW),TAI TAM RESERVOIR RD|陽明山莊,4座(陽明居),大潭水塘道",8882.164452959416,1857,1541,"{'bay_window': '', 'flat_roof': '', 'roof': '', 'ac_platform': '', 'plant_room': '', 'garden': '', 'yard': ''}",10.4,9.7251,6749,6310.902011680727,7752631,200799,ASP,HRB,淺水灣/壽臣山,1989/11,1989,37,29,18.0,4,blank,HONG KONG PARKVIEW,陽明山莊,True,POINT Z (22.257911 114.198465 0),22.257911,114.198465
1608,1999-04-26,"PARKVIEW SUITE(Block 4,HONG KONG PARKVIEW),TAI TAM RESERVOIR RD|陽明山莊,4座(陽明居),大潭水塘道",10503.165645867935,2105,1747,"{'bay_window': '', 'flat_roof': '', 'roof': '', 'ac_platform': '', 'plant_room': '', 'garden': '', 'yard': ''}",14.38,13.5569,8231,7760.103033772181,7763823,215282,PRO-ASP,HRB,淺水灣/壽臣山,1989/11,1989,37,31,17.0,4,blank,HONG KONG PARKVIEW,陽明山莊,True,POINT Z (22.257911 114.198465 0),22.257911,114.198465
1609,1999-07-12,"PARKVIEW SUITE(Block 4,HONG KONG PARKVIEW),TAI TAM RESERVOIR RD|陽明山莊,4座(陽明居),大潭水塘道",11690.463254628345,1857,1541,"{'bay_window': '', 'flat_roof': '', 'roof': '', 'ac_platform': '', 'plant_room': '', 'garden': '', 'yard': ''}",14.2,13.2785,9215,8616.807268007788,7827092,264047,SUB-ASP,HRB,淺水灣/壽臣山,1989/11,1989,37,29,18.0,4,blank,HONG KONG PARKVIEW,陽明山莊,True,POINT Z (22.257911 114.198465 0),22.257911,114.198465
1610,1999-09-10,"PARKVIEW SUITE(Block 4,HONG KONG PARKVIEW),TAI TAM RESERVOIR RD|陽明山莊,4座(陽明居),大潭水塘道",10606.74174270503,2105,1747,"{'bay_window': '', 'flat_roof': '', 'roof': '', 'ac_platform': '', 'plant_room': '', 'garden': '', 'yard': ''}",14.0,13.1986,8014,7555.008586147682,7879275,298048,ASP,HRB,淺水灣/壽臣山,1989/11,1989,37,31,20.0,4,blank,HONG KONG PARKVIEW,陽明山莊,True,POINT Z (22.257911 114.198465 0),22.257911,114.198465
1611,1999-12-06,"PARKVIEW SUITE(Block 4,HONG KONG PARKVIEW),TAI TAM RESERVOIR RD|陽明山莊,4座(陽明居),大潭水塘道",11419.05407382436,1903,1579,"{'bay_window': '', 'flat_roof': '', 'roof': '', 'ac_platform': '', 'plant_room': '', 'garden': '', 'yard': ''}",13.5,12.645,8550,8008.233058898037,7942142,349281,ASP,HRB,淺水灣/壽臣山,1989/11,1989,37,33,7.0,4,blank,HONG KONG PARKVIEW,陽明山莊,True,POINT Z (22.257911 114.198465 0),22.257911,114.198465
1612,1999-12-24,"PARKVIEW SUITE(Block 4,HONG KONG PARKVIEW),TAI TAM RESERVOIR RD|陽明山莊,4座(陽明居),大潭水塘道",11248.52995023119,1857,1541,"{'bay_window': '', 'flat_roof': '', 'roof': '', 'ac_platform': '', 'plant_room': '', 'garden': '', 'yard': ''}",13.0,12.1564,8436,7888.643737832576,7957993,360341,ASP,HRB,淺水灣/壽臣山,1989/11,1989,37,29,3.0,4,blank,HONG KONG PARKVIEW,陽明山莊,True,POINT Z (22.257911 114.198465 0),22.257911,114.198465
1613,2000-03-20,"PARKVIEW SUITE(Block 4,HONG KONG PARKVIEW),TAI TAM RESERVOIR RD|陽明山莊,4座(陽明居),大潭水塘道",11163.47225905368,1903,1579,"{'bay_window': '', 'flat_roof': '', 'roof': '', 'ac_platform': '', 'plant_room': '', 'garden': '', 'yard': ''}",13.5,12.645,8550,8008.233058898037,8048113,420629,ASP,HRB,淺水灣/壽臣山,1989/11,1989,37,33,16.0,4,blank,HONG KONG PARKVIEW,陽明山莊,True,POINT Z (22.257911 114.198465 0),22.257911,114.198465
1614,2000-07-14,"PARKVIEW SUITE(Block 4,HONG KONG PARKVIEW),TAI TAM RESERVOIR RD|陽明山莊,4座(陽明居),大潭水塘道",13209.713710504326,2105,1747,"{'bay_window': '', 'flat_roof': '', 'roof': '', 'ac_platform': '', 'plant_room': '', 'garden': '', 'yard': ''}",16.5,15.5555,9445,8904.121350887235,8147594,497133,ASP,HRB,淺水灣/壽臣山,1989/11,1989,37,31,21.0,4,blank,HONG KONG PARKVIEW,陽明山莊,True,POINT Z (22.257911 114.198465 0),22.257911,114.198465
1615,2000-10-03,"PARKVIEW SUITE(Block 4,HONG KONG PARKVIEW),TAI TAM RESERVOIR RD|陽明山莊,4座(陽明居),大潭水塘道",10837.814178228324,1857,1541,"{'bay_window': '', 'flat_roof': '', 'roof': '', 'ac_platform': '', 'plant_room': '', 'garden': '', 'yard': ''}",11.8,11.0343,7657,7160.480207657365,8221671,553463,ASP,HRB,淺水灣/壽臣山,1989/11,1989,37,29,9.0,4,blank,HONG KONG PARKVIEW,陽明山莊,True,POINT Z (22.257911 114.198465 0),22.257911,114.198465
1616,2000-10-19,"PARKVIEW SUITE(Block 4,HONG KONG PARKVIEW),TAI TAM RESERVOIR RD|陽明山莊,4座(陽明居),大潭水塘道",11197.00222323146,1857,1541,"{'bay_window': '', 'flat_roof': '', 'roof': '', 'ac_platform': '', 'plant_room': '', 'garden': '', 'yard': ''}",11.4,11.4,7398,7397.793640493186,8242205,568957,ASP,HRB,淺水灣/壽臣山,1989/11,1989,37,29,5.0,4,blank,HONG KONG PARKVIEW,陽明山莊,False,POINT Z (22.257911 114.198465 0),22.257911,114.198465
1617,2000-11-27,"PARKVIEW SUITE(Block 4,HONG KONG PARKVIEW),TAI TAM RESERVOIR RD|陽明山莊,4座(陽明居),大潭水塘道",12084.77144293663,1857,1541,"{'bay_window': '', 'flat_roof': '', 'roof': '', 'ac_platform': '', 'plant_room': '', 'garden': '', 'yard': ''}",11.8,11.0343,7657,7160.480207657365,8266428,586520,PRO-ASP,HRB,淺水灣/壽臣山,1989/11,1989,37,29,22.0,4,blank,HONG KONG PARKVIEW,陽明山莊,True,POINT Z (22.257911 114.198465 0),22.257911,114.198465
1618,2001-04-24,"PARKVIEW SUITE(Block 4,HONG KONG PARKVIEW),TAI TAM RESERVOIR RD|陽明山莊,4座(陽明居),大潭水塘道",11357.612488176002,1903,1579,"{'bay_window': '', 'flat_roof': '', 'roof': '', 'ac_platform': '', 'plant_room': '', 'garden': '', 'yard': ''}",12.0,11.24,7600,7118.429385687144,8385555,681237,PRO-ASP,HRB,淺水灣/壽臣山,1989/11,1989,37,33,18.0,4,blank,HONG KONG PARKVIEW,陽明山莊,True,POINT Z (22.257911 114.198465 0),22.257911,114.198465
1619,2001-08-27,"PARKVIEW SUITE(Block 4,HONG KONG PARKVIEW),TAI TAM RESERVOIR RD|陽明山莊,4座(陽明居),大潭水塘道",10890.93207420558,2105,1747,"{'bay_window': '', 'flat_roof': '', 'roof': '', 'ac_platform': '', 'plant_room': '', 'garden': '', 'yard': ''}",12.3,11.5959,7041,6637.607326846021,8487881,760075,PRO-ASP,HRB,淺水灣/壽臣山,1989/11,1989,37,31,23.0,4,blank,HONG KONG PARKVIEW,陽明山莊,True,POINT Z (22.257911 114.198465 0),22.257911,114.198465
1620,2001-11-22,"PARKVIEW SUITE(Block 4,HONG KONG PARKVIEW),TAI TAM RESERVOIR RD|陽明山莊,4座(陽明居),大潭水塘道",10437.35145856749,1903,1579,"{'bay_window': '', 'flat_roof': '', 'roof': '', 'ac_platform': '', 'plant_room': '', 'garden': '', 'yard': ''}",10.0,9.3667,6333,5932.045598480051,8550867,812789,ASP,HRB,淺水灣/壽臣山,1989/11,1989,37,33,17.0,4,blank,HONG KONG PARKVIEW,陽明山莊,True,POINT Z (22.257911 114.198465 0),22.257911,114.198465
1621,2002-02-08,"PARKVIEW SUITE(Block 4,HONG KONG PARKVIEW),TAI TAM RESERVOIR RD|陽明山莊,4座(陽明居),大潭水塘道",10542.961881451984,1903,1579,"{'bay_window': '', 'flat_roof': '', 'roof': '', 'ac_platform': '', 'plant_room': '', 'garden': '', 'yard': ''}",10.38,9.7226,6574,6157.441418619379,8617309,859653,ASP,HRB,淺水灣/壽臣山,1989/11,1989,37,33,8.0,4,blank,HONG KONG PARKVIEW,陽明山莊,True,POINT Z (22.257911 114.198465 0),22.257911,114.198465
1622,2002-04-17,"PARKVIEW SUITE(Block 4,HONG KONG PARKVIEW),TAI TAM RESERVOIR RD|陽明山莊,4座(陽明居),大潭水塘道",10259.142567010758,2105,1747,"{'bay_window': '', 'flat_roof': '', 'roof': '', 'ac_platform': '', 'plant_room': '', 'garden': '', 'yard': ''}",10.8,10.1818,6182,5828.162564396108,8675410,901117,ASP,HRB,淺水灣/壽臣山,1989/11,1989,37,31,19.0,4,blank,HONG KONG PARKVIEW,陽明山莊,True,POINT Z (22.257911 114.198465 0),22.257911,114.198465
1623,2002-05-07,"PARKVIEW SUITE(Block 4,HONG KONG PARKVIEW),TAI TAM RESERVOIR RD|陽明山莊,4座(陽明居),大潭水塘道",10112.049586547097,1857,1541,"{'bay_window': '', 'flat_roof': '', 'roof': '', 'ac_platform': '', 'plant_room': '', 'garden': '', 'yard': ''}",9.39,8.780700000000001,6093,5698.053212199871,8696241,918437,ASP,HRB,淺水灣/壽臣山,1989/11,1989,37,29,2.0,4,blank,HONG KONG PARKVIEW,陽明山莊,True,POINT Z (22.257911 114.198465 0),22.257911,114.198465
1624,2002-12-17,"PARKVIEW SUITE(Block 4,HONG KONG PARKVIEW),TAI TAM RESERVOIR RD|陽明山莊,4座(陽明居),大潭水塘道",11015.775305447158,2105,1747,"{'bay_window': '', 'flat_roof': '', 'roof': '', 'ac_platform': '', 'plant_room': '', 'garden': '', 'yard': ''}",10.58,9.9744,6056,5709.444762449914,8853302,1041284,PRO-ASP,HRB,淺水灣/壽臣山,1989/11,1989,37,31,21.0,4,blank,HONG KONG PARKVIEW,陽明山莊,True,POINT Z (22.257911 114.198465 0),22.257911,114.198465
1625,2002-12-31,"PARKVIEW SUITE(Block 4,HONG KONG PARKVIEW),TAI TAM RESERVOIR RD|陽明山莊,4座(陽明居),大潭水塘道",11181.101838310236,1857,1541,"{'bay_window': '', 'flat_roof': '', 'roof': '', 'ac_platform': '', 'plant_room': '', 'garden': '', 'yard': ''}",9.55,8.9303,6197,5795.133030499675,8858437,1045777,ASP,HRB,淺水灣/壽臣山,1989/11,1989,37,29,17.0,4,blank,HONG KONG PARKVIEW,陽明山莊,True,POINT Z (22.257911 114.198465 0),22.257911,114.198465
1626,2003-01-18,"PARKVIEW SUITE(Block 4,HONG KONG PARKVIEW),TAI TAM RESERVOIR RD|陽明山莊,4座(陽明居),大潭水塘道",12269.511291344284,1857,1541,"{'bay_window': '', 'flat_roof': '', 'roof': '', 'ac_platform': '', 'plant_room': '', 'garden': '', 'yard': ''}",10.2,9.5381,6619,6189.55223880597,8872933,1057436,PRO-ASP,HRB,淺水灣/壽臣山,1989/11,1989,37,29,9.0,4,blank,HONG KONG PARKVIEW,陽明山莊,True,POINT Z (22.257911 114.198465 0),22.257911,114.198465
1627,2003-04-22,"PARKVIEW SUITE(Block 4,HONG KONG PARKVIEW),TAI TAM RESERVOIR RD|陽明山莊,4座(陽明居),大潭水塘道",11804.044274579945,1857,1541,"{'bay_window': '', 'flat_roof': '', 'roof': '', 'ac_platform': '', 'plant_room': '', 'garden': '', 'yard': ''}",9.6,8.977,6230,5825.438027255029,8926269,1096907,ASP,HRB,淺水灣/壽臣山,1989/11,1989,37,29,15.0,4,blank,HONG KONG PARKVIEW,陽明山莊,True,POINT Z (22.257911 114.198465 0),22.257911,114.198465
1628,2003-10-24,"PARKVIEW SUITE(Block 4,HONG KONG PARKVIEW),TAI TAM RESERVOIR RD|陽明山莊,4座(陽明居),大潭水塘道",10586.829964903727,2105,1747,"{'bay_window': '', 'flat_roof': '', 'roof': '', 'ac_platform': '', 'plant_room': '', 'garden': '', 'yard': ''}",9.9,9.9,5667,5666.857469948483,9054655,1201778,ASP,HRB,淺水灣/壽臣山,1989/11,1989,37,31,1.0,4,blank,HONG KONG PARKVIEW,陽明山莊,False,POINT Z (22.257911 114.198465 0),22.257911,114.198465
1629,2003-10-31,"PARKVIEW SUITE(Block 4,HONG KONG PARKVIEW),TAI TAM RESERVOIR RD|陽明山莊,4座(陽明居),大潭水塘道",11177.92911629482,1857,1541,"{'bay_window': '', 'flat_roof': '', 'roof': '', 'ac_platform': '', 'plant_room': '', 'garden': '', 'yard': ''}",9.86,9.2202,6398,5983.257624918884,9061459,1207077,ASP,HRB,淺水灣/壽臣山,1989/11,1989,37,29,11.0,4,blank,HONG KONG PARKVIEW,陽明山莊,True,POINT Z (22.257911 114.198465 0),22.257911,114.198465
1630,2003-11-18,"PARKVIEW SUITE(Block 4,HONG KONG PARKVIEW),TAI TAM RESERVOIR RD|陽明山莊,4座(陽明居),大潭水塘道",10728.91518492773,2105,1747,"{'bay_window': '', 'flat_roof': '', 'roof': '', 'ac_platform': '', 'plant_room': '', 'garden': '', 'yard': ''}",10.85,10.2289,6211,5855.123068116772,9080276,1223754,PRO-ASP,HRB,淺水灣/壽臣山,1989/11,1989,37,31,16.0,4,blank,HONG KONG PARKVIEW,陽明山莊,True,POINT Z (22.257911 114.198465 0),22.257911,114.198465
1631,2003-12-29,"PARKVIEW SUITE(Block 4,HONG KONG PARKVIEW),TAI TAM RESERVOIR RD|陽明山莊,4座(陽明居),大潭水塘道",10453.219610377952,2105,1747,"{'bay_window': '', 'flat_roof': '', 'roof': '', 'ac_platform': '', 'plant_room': '', 'garden': '', 'yard': ''}",10.8,10.1818,6182,5828.162564396108,9102297,1241873,ASP,HRB,淺水灣/壽臣山,1989/11,1989,37,31,17.0,4,blank,HONG KONG PARKVIEW,陽明山莊,True,POINT Z (22.257911 114.198465 0),22.257911,114.198465
1632,2003-12-23,"PARKVIEW SUITE(Block 4,HONG KONG PARKVIEW),TAI TAM RESERVOIR RD|陽明山莊,4座(陽明居),大潭水塘道",10046.663307395213,2105,1747,"{'bay_window': '', 'flat_roof': '', 'roof': '', 'ac_platform': '', 'plant_room': '', 'garden': '', 'yard': ''}",10.38,9.7858,5942,5601.488265598168,9108538,1247943,ASP,HRB,淺水灣/壽臣山,1989/11,1989,37,31,3.0,4,blank,HONG KONG PARKVIEW,陽明山莊,True,POINT Z (22.257911 114.198465 0),22.257911,114.198465
1633,2004-01-20,"PARKVIEW SUITE(Block 4,HONG KONG PARKVIEW),TAI TAM RESERVOIR RD|陽明山莊,4座(陽明居),大潭水塘道",11424.98381750962,1857,1541,"{'bay_window': '', 'flat_roof': '', 'roof': '', 'ac_platform': '', 'plant_room': '', 'garden': '', 'yard': ''}",11.388,10.649,7390,6910.44776119403,9122684,1254026,ASP,HRB,淺水灣/壽臣山,1989/11,1989,37,29,1.0,4,blank,HONG KONG PARKVIEW,陽明山莊,True,POINT Z (22.257911 114.198465 0),22.257911,114.198465
1634,2004-01-14,"PARKVIEW SUITE(Block 4,HONG KONG PARKVIEW),TAI TAM RESERVOIR RD|陽明山莊,4座(陽明居),大潭水塘道",12420.177261882043,1857,1541,"{'bay_window': '', 'flat_roof': '', 'roof': '', 'ac_platform': '', 'plant_room': '', 'garden': '', 'yard': ''}",12.38,11.5766,8034,7512.39454899416,9129396,1258314,PRO-ASP,HRB,淺水灣/壽臣山,1989/11,1989,37,29,11.0,4,blank,HONG KONG PARKVIEW,陽明山莊,True,POINT Z (22.257911 114.198465 0),22.257911,114.198465
1635,2004-02-18,"PARKVIEW SUITE(Block 4,HONG KONG PARKVIEW),TAI TAM RESERVOIR RD|陽明山莊,4座(陽明居),大潭水塘道",11243.58302992247,1903,1579,"{'bay_window': '', 'flat_roof': '', 'roof': '', 'ac_platform': '', 'plant_room': '', 'garden': '', 'yard': ''}",12.3,11.521,7790,7296.390120329323,9150037,1277484,ASP,HRB,淺水灣/壽臣山,1989/11,1989,37,33,19.0,4,blank,HONG KONG PARKVIEW,陽明山莊,True,POINT Z (22.257911 114.198465 0),22.257911,114.198465
1636,2004-02-27,"PARKVIEW SUITE(Block 4,HONG KONG PARKVIEW),TAI TAM RESERVOIR RD|陽明山莊,4座(陽明居),大潭水塘道",11226.300126926815,2105,1747,"{'bay_window': '', 'flat_roof': '', 'roof': '', 'ac_platform': '', 'plant_room': '', 'garden': '', 'yard': ''}",13.5,12.7272,7728,7285.174585002862,9160867,1286317,ASP,HRB,淺水灣/壽臣山,1989/11,1989,37,31,7.0,4,blank,HONG KONG PARKVIEW,陽明山莊,True,POINT Z (22.257911 114.198465 0),22.257911,114.198465
1637,2004-09-23,"PARKVIEW SUITE(Block 4,HONG KONG PARKVIEW),TAI TAM RESERVOIR RD|陽明山莊,4座(陽明居),大潭水塘道",12148.833219160131,2105,1747,"{'bay_window': '', 'flat_roof': '', 'roof': '', 'ac_platform': '', 'plant_room': '', 'garden': '', 'yard': ''}",15.4,14.5185,8815,8310.532341156268,9357004,1437144,PRO-ASP,HRB,淺水灣/壽臣山,1989/11,1989,37,31,10.0,4,blank,HONG KONG PARKVIEW,陽明山莊,True,POINT Z (22.257911 114.198465 0),22.257911,114.198465
1638,2005-01-14,"PARKVIEW SUITE(Block 4,HONG KONG PARKVIEW),TAI TAM RESERVOIR RD|陽明山莊,4座(陽明居),大潭水塘道",13390.058341306829,1903,1579,"{'bay_window': '', 'flat_roof': '', 'roof': '', 'ac_platform': '', 'plant_room': '', 'garden': '', 'yard': ''}",17.0,15.9234,10766,10084.483850538316,5022502600014,1543657,PRO-ASP,HRB,淺水灣/壽臣山,1989/11,1989,37,33,19.0,4,blank,HONG KONG PARKVIEW,陽明山莊,True,POINT Z (22.257911 114.198465 0),22.257911,114.198465
1639,2005-03-14,"PARKVIEW SUITE(Block 4,HONG KONG PARKVIEW),TAI TAM RESERVOIR RD|陽明山莊,4座(陽明居),大潭水塘道",12062.190553692442,2105,1747,"{'bay_window': '', 'flat_roof': '', 'roof': '', 'ac_platform': '', 'plant_room': '', 'garden': '', 'yard': ''}",16.5,15.5555,9445,8904.121350887235,5040700130059,1575116,ASP,HRB,淺水灣/壽臣山,1989/11,1989,37,31,15.0,4,blank,HONG KONG PARKVIEW,陽明山莊,True,POINT Z (22.257911 114.198465 0),22.257911,114.198465
1640,2005-04-28,"PARKVIEW SUITE(Block 4,HONG KONG PARKVIEW),TAI TAM RESERVOIR RD|陽明山莊,4座(陽明居),大潭水塘道",13835.667360513722,1903,1579,"{'bay_window': '', 'flat_roof': '', 'roof': '', 'ac_platform': '', 'plant_room': '', 'garden': '', 'yard': ''}",17.5,16.3917,11083,10381.063964534516,5051701450018,1615785,ASP,HRB,淺水灣/壽臣山,1989/11,1989,37,33,18.0,4,blank,HONG KONG PARKVIEW,陽明山莊,True,POINT Z (22.257911 114.198465 0),22.257911,114.198465
1641,2005-05-05,"PARKVIEW SUITE(Block 4,HONG KONG PARKVIEW),TAI TAM RESERVOIR RD|陽明山莊,4座(陽明居),大潭水塘道",13412.066326246477,1857,1541,"{'bay_window': '', 'flat_roof': '', 'roof': '', 'ac_platform': '', 'plant_room': '', 'garden': '', 'yard': ''}",16.7,15.6163,10837,10133.874107722258,5052502700368,1625187,ASP,HRB,淺水灣/壽臣山,1989/11,1989,37,29,16.0,4,blank,HONG KONG PARKVIEW,陽明山莊,True,POINT Z (22.257911 114.198465 0),22.257911,114.198465
1642,2005-06-09,"PARKVIEW SUITE(Block 4,HONG KONG PARKVIEW),TAI TAM RESERVOIR RD|陽明山莊,4座(陽明居),大潭水塘道",12401.156233681337,2105,1747,"{'bay_window': '', 'flat_roof': '', 'roof': '', 'ac_platform': '', 'plant_room': '', 'garden': '', 'yard': ''}",17.38,16.385199999999998,9948,9379.049799656554,5062801630032,1663160,ASP,HRB,淺水灣/壽臣山,1989/11,1989,37,31,11.0,4,blank,HONG KONG PARKVIEW,陽明山莊,True,POINT Z (22.257911 114.198465 0),22.257911,114.198465
1643,2005-12-28,"PARKVIEW SUITE(Block 4,HONG KONG PARKVIEW),TAI TAM RESERVOIR RD|陽明山莊,4座(陽明居),大潭水塘道",11317.699857604732,2105,1747,"{'bay_window': '', 'flat_roof': '', 'roof': '', 'ac_platform': '', 'plant_room': '', 'garden': '', 'yard': ''}",14.38,14.38,8231,8231.253577561534,6011301630038,1801325,ASP,HRB,淺水灣/壽臣山,1989/11,1989,37,31,2.0,4,blank,HONG KONG PARKVIEW,陽明山莊,False,POINT Z (22.257911 114.198465 0),22.257911,114.198465
1644,2006-04-03,"PARKVIEW SUITE(Block 4,HONG KONG PARKVIEW),TAI TAM RESERVOIR RD|陽明山莊,4座(陽明居),大潭水塘道",11355.035127790376,2105,1747,"{'bay_window': '', 'flat_roof': '', 'roof': '', 'ac_platform': '', 'plant_room': '', 'garden': '', 'yard': ''}",16.0,15.0841,9159,8634.287349742415,6041800840085,1857943,ASP,HRB,淺水灣/壽臣山,1989/11,1989,37,31,7.0,4,blank,HONG KONG PARKVIEW,陽明山莊,True,POINT Z (22.257911 114.198465 0),22.257911,114.198465
1645,2006-04-03,"PARKVIEW SUITE(Block 4,HONG KONG PARKVIEW),TAI TAM RESERVOIR RD|陽明山莊,4座(陽明居),大潭水塘道",11467.856611372868,1903,1579,"{'bay_window': '', 'flat_roof': '', 'roof': '', 'ac_platform': '', 'plant_room': '', 'garden': '', 'yard': ''}",14.7,13.768999999999998,9310,8720.07599746675,6050300060018,1868388,ASP,HRB,淺水灣/壽臣山,1989/11,1989,37,33,2.0,4,blank,HONG KONG PARKVIEW,陽明山莊,True,POINT Z (22.257911 114.198465 0),22.257911,114.198465
1646,2006-04-25,"PARKVIEW SUITE(Block 4,HONG KONG PARKVIEW),TAI TAM RESERVOIR RD|陽明山莊,4座(陽明居),大潭水塘道",11780.883761238243,2105,1747,"{'bay_window': '', 'flat_roof': '', 'roof': '', 'ac_platform': '', 'plant_room': '', 'garden': '', 'yard': ''}",16.6,15.6498,9502,8958.099599313107,6052001750099,1879907,PRO-ASP,HRB,淺水灣/壽臣山,1989/11,1989,37,31,17.0,4,blank,HONG KONG PARKVIEW,陽明山莊,True,POINT Z (22.257911 114.198465 0),22.257911,114.198465
1647,2006-10-11,"PARKVIEW SUITE(Block 4,HONG KONG PARKVIEW),TAI TAM RESERVOIR RD|陽明山莊,4座(陽明居),大潭水塘道",12461.056813958829,1903,1579,"{'bay_window': '', 'flat_roof': '', 'roof': '', 'ac_platform': '', 'plant_room': '', 'garden': '', 'yard': ''}",16.38,15.3426,10374,9716.656111462951,6101800410013,1984429,ASP,HRB,淺水灣/壽臣山,1989/11,1989,37,33,19.0,4,blank,HONG KONG PARKVIEW,陽明山莊,True,POINT Z (22.257911 114.198465 0),22.257911,114.198465
1648,2007-04-10,"PARKVIEW SUITE(Block 4,HONG KONG PARKVIEW),TAI TAM RESERVOIR RD|陽明山莊,4座(陽明居),大潭水塘道",12353.884487611922,1903,1579,"{'bay_window': '', 'flat_roof': '', 'roof': '', 'ac_platform': '', 'plant_room': '', 'garden': '', 'yard': ''}",16.88,15.811,10690,10013.299556681444,7042702220018,2117485,ASP,HRB,淺水灣/壽臣山,1989/11,1989,37,33,20.0,4,blank,HONG KONG PARKVIEW,陽明山莊,True,POINT Z (22.257911 114.198465 0),22.257911,114.198465
1649,2007-05-04,"PARKVIEW SUITE(Block 4,HONG KONG PARKVIEW),TAI TAM RESERVOIR RD|陽明山莊,4座(陽明居),大潭水塘道",12132.535964044637,1903,1579,"{'bay_window': '', 'flat_roof': '', 'roof': '', 'ac_platform': '', 'plant_room': '', 'garden': '', 'yard': ''}",17.05,15.9702,10798,10114.122862571248,7060102080124,2147605,ASP,HRB,淺水灣/壽臣山,1989/11,1989,37,33,22.0,4,blank,HONG KONG PARKVIEW,陽明山莊,True,POINT Z (22.257911 114.198465 0),22.257911,114.198465
1650,2007-06-05,"PARKVIEW SUITE(Block 4,HONG KONG PARKVIEW),TAI TAM RESERVOIR RD|陽明山莊,4座(陽明居),大潭水塘道",11415.831645054568,2105,1747,"{'bay_window': '', 'flat_roof': '', 'roof': '', 'ac_platform': '', 'plant_room': '', 'garden': '', 'yard': ''}",17.6,16.5926,10074,9497.767601602747,7070300860047,2176346,PRO-ASP,HRB,淺水灣/壽臣山,1989/11,1989,37,31,7.0,4,blank,HONG KONG PARKVIEW,陽明山莊,True,POINT Z (22.257911 114.198465 0),22.257911,114.198465
1651,2007-08-01,"PARKVIEW SUITE(Block 4,HONG KONG PARKVIEW),TAI TAM RESERVOIR RD|陽明山莊,4座(陽明居),大潭水塘道",12926.548940459104,1903,1579,"{'bay_window': '', 'flat_roof': '', 'roof': '', 'ac_platform': '', 'plant_room': '', 'garden': '', 'yard': ''}",18.48,17.3096,11704,10962.3812539582,7080600600281,2209754,ASP,HRB,淺水灣/壽臣山,1989/11,1989,37,33,6.0,4,blank,HONG KONG PARKVIEW,陽明山莊,True,POINT Z (22.257911 114.198465 0),22.257911,114.198465
1652,2007-09-06,"PARKVIEW SUITE(Block 4,HONG KONG PARKVIEW),TAI TAM RESERVOIR RD|陽明山莊,4座(陽明居),大潭水塘道",12904.501987220652,1857,1541,"{'bay_window': '', 'flat_roof': '', 'roof': '', 'ac_platform': '', 'plant_room': '', 'garden': '', 'yard': ''}",18.48,17.2808,11992,11214.016872160935,7092502760182,2256616,ASP,HRB,淺水灣/壽臣山,1989/11,1989,37,29,10.0,4,blank,HONG KONG PARKVIEW,陽明山莊,True,POINT Z (22.257911 114.198465 0),22.257911,114.198465
1653,2007-09-14,"PARKVIEW SUITE(Block 4,HONG KONG PARKVIEW),TAI TAM RESERVOIR RD|陽明山莊,4座(陽明居),大潭水塘道",12419.905232556684,2105,1747,"{'bay_window': '', 'flat_roof': '', 'roof': '', 'ac_platform': '', 'plant_room': '', 'garden': '', 'yard': ''}",20.0,18.8552,11448,10792.902117916428,7100200470025,2261285,ASP,HRB,淺水灣/壽臣山,1989/11,1989,37,31,1.0,4,blank,HONG KONG PARKVIEW,陽明山莊,True,POINT Z (22.257911 114.198465 0),22.257911,114.198465
1654,2007-10-12,"PARKVIEW SUITE(Block 4,HONG KONG PARKVIEW),TAI TAM RESERVOIR RD|陽明山莊,4座(陽明居),大潭水塘道",12425.47821381568,1903,1579,"{'bay_window': '', 'flat_roof': '', 'roof': '', 'ac_platform': '', 'plant_room': '', 'garden': '', 'yard': ''}",18.9,17.703,11970,11211.526282457253,7102400850044,2279856,ASP,HRB,淺水灣/壽臣山,1989/11,1989,37,33,1.0,4,blank,HONG KONG PARKVIEW,陽明山莊,True,POINT Z (22.257911 114.198465 0),22.257911,114.198465
1655,2007-10-26,"PARKVIEW SUITE(Block 4,HONG KONG PARKVIEW),TAI TAM RESERVOIR RD|陽明山莊,4座(陽明居),大潭水塘道",11483.070634725997,2105,1747,"{'bay_window': '', 'flat_roof': '', 'roof': '', 'ac_platform': '', 'plant_room': '', 'garden': '', 'yard': ''}",19.2,18.101,10990,10361.190612478536,7111300840109,2300400,ASP,HRB,淺水灣/壽臣山,1989/11,1989,37,31,20.0,4,blank,HONG KONG PARKVIEW,陽明山莊,True,POINT Z (22.257911 114.198465 0),22.257911,114.198465
1656,2007-10-26,"PARKVIEW SUITE(Block 4,HONG KONG PARKVIEW),TAI TAM RESERVOIR RD|陽明山莊,4座(陽明居),大潭水塘道",12777.910341452298,1857,1541,"{'bay_window': '', 'flat_roof': '', 'roof': '', 'ac_platform': '', 'plant_room': '', 'garden': '', 'yard': ''}",19.0,17.767,12330,11529.526281635302,7111902640042,2307320,ASP,HRB,淺水灣/壽臣山,1989/11,1989,37,29,9.0,4,blank,HONG KONG PARKVIEW,陽明山莊,True,POINT Z (22.257911 114.198465 0),22.257911,114.198465
1657,2007-11-17,"PARKVIEW SUITE(Block 4,HONG KONG PARKVIEW),TAI TAM RESERVOIR RD|陽明山莊,4座(陽明居),大潭水塘道",12217.566058132694,2105,1747,"{'bay_window': '', 'flat_roof': '', 'roof': '', 'ac_platform': '', 'plant_room': '', 'garden': '', 'yard': ''}",21.5,20.2693,12307,11602.346880366342,7120401350148,2325978,PRO-ASP,HRB,淺水灣/壽臣山,1989/11,1989,37,31,11.0,4,blank,HONG KONG PARKVIEW,陽明山莊,True,POINT Z (22.257911 114.198465 0),22.257911,114.198465
1658,2007-11-17,"PARKVIEW SUITE(Block 4,HONG KONG PARKVIEW),TAI TAM RESERVOIR RD|陽明山莊,4座(陽明居),大潭水塘道",13610.609651281826,1857,1541,"{'bay_window': '', 'flat_roof': '', 'roof': '', 'ac_platform': '', 'plant_room': '', 'garden': '', 'yard': ''}",21.3,19.9178,13822,12925.243348475016,7121400930240,2339510,ASP,HRB,淺水灣/壽臣山,1989/11,1989,37,29,16.0,4,blank,HONG KONG PARKVIEW,陽明山莊,True,POINT Z (22.257911 114.198465 0),22.257911,114.198465
1659,2007-11-23,"PARKVIEW SUITE(Block 4,HONG KONG PARKVIEW),TAI TAM RESERVOIR RD|陽明山莊,4座(陽明居),大潭水塘道",13738.39404538106,1857,1541,"{'bay_window': '', 'flat_roof': '', 'roof': '', 'ac_platform': '', 'plant_room': '', 'garden': '', 'yard': ''}",21.5,20.1048,13952,13046.593121349772,7121701120016,2341244,ASP,HRB,淺水灣/壽臣山,1989/11,1989,37,29,11.0,4,blank,HONG KONG PARKVIEW,陽明山莊,True,POINT Z (22.257911 114.198465 0),22.257911,114.198465
1660,2008-03-19,"PARKVIEW SUITE(Block 4,HONG KONG PARKVIEW),TAI TAM RESERVOIR RD|陽明山莊,4座(陽明居),大潭水塘道",11719.035671996668,2105,1747,"{'bay_window': '', 'flat_roof': '', 'roof': '', 'ac_platform': '', 'plant_room': '', 'garden': '', 'yard': ''}",23.0,21.6835,13165,12411.848883800802,8040702970283,2467503,ASP,HRB,淺水灣/壽臣山,1989/11,1989,37,31,18.0,4,blank,HONG KONG PARKVIEW,陽明山莊,True,POINT Z (22.257911 114.198465 0),22.257911,114.198465
1661,2008-04-09,"PARKVIEW SUITE(Block 4,HONG KONG PARKVIEW),TAI TAM RESERVOIR RD|陽明山莊,4座(陽明居),大潭水塘道",12741.90647234992,2105,1747,"{'bay_window': '', 'flat_roof': '', 'roof': '', 'ac_platform': '', 'plant_room': '', 'garden': '', 'yard': ''}",24.5,23.0976,14024,13221.293646250717,8042202680312,2484000,ASP,HRB,淺水灣/壽臣山,1989/11,1989,37,31,19.0,4,blank,HONG KONG PARKVIEW,陽明山莊,True,POINT Z (22.257911 114.198465 0),22.257911,114.198465
1662,2008-05-14,"PARKVIEW SUITE(Block 4,HONG KONG PARKVIEW),TAI TAM RESERVOIR RD|陽明山莊,4座(陽明居),大潭水塘道",12222.575962317524,2105,1747,"{'bay_window': '', 'flat_roof': '', 'roof': '', 'ac_platform': '', 'plant_room': '', 'garden': '', 'yard': ''}",23.5,22.1548,13452,12681.625643961075,8051901890025,2505941,ASP,HRB,淺水灣/壽臣山,1989/11,1989,37,31,7.0,4,blank,HONG KONG PARKVIEW,陽明山莊,True,POINT Z (22.257911 114.198465 0),22.257911,114.198465
1663,2008-05-11,"PARKVIEW SUITE(Block 4,HONG KONG PARKVIEW),TAI TAM RESERVOIR RD|陽明山莊,4座(陽明居),大潭水塘道",15280.86806367286,2105,1747,"{'bay_window': '', 'flat_roof': '', 'roof': '', 'ac_platform': '', 'plant_room': '', 'garden': '', 'yard': ''}",29.38,27.6983,16817,15854.779622209502,8052800390013,2517161,PRO-ASP,HRB,淺水灣/壽臣山,1989/11,1989,37,31,17.0,4,blank,HONG KONG PARKVIEW,陽明山莊,True,POINT Z (22.257911 114.198465 0),22.257911,114.198465
1664,2009-06-01,"PARKVIEW SUITE(Block 4,HONG KONG PARKVIEW),TAI TAM RESERVOIR RD|陽明山莊,4座(陽明居),大潭水塘道",11248.929471258029,1857,1541,"{'bay_window': '', 'flat_roof': '', 'roof': '', 'ac_platform': '', 'plant_room': '', 'garden': '', 'yard': ''}",18.9,17.673499999999997,12265,11468.85139519792,9061501960313,2758895,ASP,HRB,淺水灣/壽臣山,1989/11,1989,37,29,11.0,4,blank,HONG KONG PARKVIEW,陽明山莊,True,POINT Z (22.257911 114.198465 0),22.257911,114.198465
1665,2009-08-20,"PARKVIEW SUITE(Block 4,HONG KONG PARKVIEW),TAI TAM RESERVOIR RD|陽明山莊,4座(陽明居),大潭水塘道",13046.003220232811,1903,1579,"{'bay_window': '', 'flat_roof': '', 'roof': '', 'ac_platform': '', 'plant_room': '', 'garden': '', 'yard': ''}",23.0,21.5434,14566,13643.698543381888,9090202320014,2842930,ASP,HRB,淺水灣/壽臣山,1989/11,1989,37,33,6.0,4,blank,HONG KONG PARKVIEW,陽明山莊,True,POINT Z (22.257911 114.198465 0),22.257911,114.198465
1666,2009-09-02,"PARKVIEW SUITE(Block 4,HONG KONG PARKVIEW),TAI TAM RESERVOIR RD|陽明山莊,4座(陽明居),大潭水塘道",12965.020285861385,1903,1579,"{'bay_window': '', 'flat_roof': '', 'roof': '', 'ac_platform': '', 'plant_room': '', 'garden': '', 'yard': ''}",23.6,22.105400000000003,14946,13999.620012666246,9090801360043,2848731,ASP,HRB,淺水灣/壽臣山,1989/11,1989,37,33,10.0,4,blank,HONG KONG PARKVIEW,陽明山莊,True,POINT Z (22.257911 114.198465 0),22.257911,114.198465
1667,2009-09-01,"PARKVIEW SUITE(Block 4,HONG KONG PARKVIEW),TAI TAM RESERVOIR RD|陽明山莊,4座(陽明居),大潭水塘道",13993.409900540522,2105,1747,"{'bay_window': '', 'flat_roof': '', 'roof': '', 'ac_platform': '', 'plant_room': '', 'garden': '', 'yard': ''}",28.0,26.3973,16027,15110.074413279908,9091702590345,2858784,PRO-ASP,HRB,淺水灣/壽臣山,1989/11,1989,37,31,23.0,4,blank,HONG KONG PARKVIEW,陽明山莊,True,POINT Z (22.257911 114.198465 0),22.257911,114.198465
1668,2010-01-19,"PARKVIEW SUITE(Block 4,HONG KONG PARKVIEW),TAI TAM RESERVOIR RD|陽明山莊,4座(陽明居),大潭水塘道",13310.46269452351,1857,1541,"{'bay_window': '', 'flat_roof': '', 'roof': '', 'ac_platform': '', 'plant_room': '', 'garden': '', 'yard': ''}",24.5,22.9101,15899,14867.034393251137,10020401770018,2992500,ASP,HRB,淺水灣/壽臣山,1989/11,1989,37,29,16.0,4,blank,HONG KONG PARKVIEW,陽明山莊,True,POINT Z (22.257911 114.198465 0),22.257911,114.198465
1669,2010-02-24,"PARKVIEW SUITE(Block 4,HONG KONG PARKVIEW),TAI TAM RESERVOIR RD|陽明山莊,4座(陽明居),大潭水塘道",13119.306670296592,1857,1541,"{'bay_window': '', 'flat_roof': '', 'roof': '', 'ac_platform': '', 'plant_room': '', 'garden': '', 'yard': ''}",25.3,23.6582,16418,15352.498377676831,10030302990168,3021578,ASP,HRB,淺水灣/壽臣山,1989/11,1989,37,29,19.0,4,blank,HONG KONG PARKVIEW,陽明山莊,True,POINT Z (22.257911 114.198465 0),22.257911,114.198465
1670,2010-08-02,"PARKVIEW SUITE(Block 4,HONG KONG PARKVIEW),TAI TAM RESERVOIR RD|陽明山莊,4座(陽明居),大潭水塘道",12606.373143525869,1903,1579,"{'bay_window': '', 'flat_roof': '', 'roof': '', 'ac_platform': '', 'plant_room': '', 'garden': '', 'yard': ''}",27.0,25.2901,17099,16016.529449018366,10081901660102,3194027,ASP,HRB,淺水灣/壽臣山,1989/11,1989,37,33,19.0,4,blank,HONG KONG PARKVIEW,陽明山莊,True,POINT Z (22.257911 114.198465 0),22.257911,114.198465
1671,2010-10-05,"PARKVIEW SUITE(Block 4,HONG KONG PARKVIEW),TAI TAM RESERVOIR RD|陽明山莊,4座(陽明居),大潭水塘道",12364.263309207876,1903,1579,"{'bay_window': '', 'flat_roof': '', 'roof': '', 'ac_platform': '', 'plant_room': '', 'garden': '', 'yard': ''}",26.88,25.1777,17023,15945.345155161494,10102201520034,3265869,ASP,HRB,淺水灣/壽臣山,1989/11,1989,37,33,10.0,4,blank,HONG KONG PARKVIEW,陽明山莊,True,POINT Z (22.257911 114.198465 0),22.257911,114.198465
1672,2011-02-01,"PARKVIEW SUITE(Block 4,HONG KONG PARKVIEW),TAI TAM RESERVOIR RD|陽明山莊,4座(陽明居),大潭水塘道",10312.464438227536,2105,1747,"{'bay_window': '', 'flat_roof': '', 'roof': '', 'ac_platform': '', 'plant_room': '', 'garden': '', 'yard': ''}",27.0,25.4545,15455,14570.406410990268,11021702190222,3391454,ASP,HRB,淺水灣/壽臣山,1989/05,1989,37,31,1.0,4,blank,HONG KONG PARKVIEW,陽明山莊,True,POINT Z (22.257911 114.198465 0),22.257911,114.198465
1673,2011-03-31,"PARKVIEW SUITE(Block 4,HONG KONG PARKVIEW),TAI TAM RESERVOIR RD|陽明山莊,4座(陽明居),大潭水塘道",11142.144781801811,1857,1541,"{'bay_window': '', 'flat_roof': '', 'roof': '', 'ac_platform': '', 'plant_room': '', 'garden': '', 'yard': ''}",26.68,24.9487,17313,16189.941596365996,11041901260101,3451891,PRO-ASP,HRB,淺水灣/壽臣山,1989/05,1989,37,29,21.0,4,blank,HONG KONG PARKVIEW,陽明山莊,True,POINT Z (22.257911 114.198465 0),22.257911,114.198465
1674,2011-06-22,"PARKVIEW SUITE(Block 4,HONG KONG PARKVIEW),TAI TAM RESERVOIR RD|陽明山莊,4座(陽明居),大潭水塘道",10844.93221745982,1903,1579,"{'bay_window': '', 'flat_roof': '', 'roof': '', 'ac_platform': '', 'plant_room': '', 'garden': '', 'yard': ''}",27.5,25.7584,17416,16313.109563014566,11070500430145,3522259,ASP,HRB,淺水灣/壽臣山,1989/05,1989,37,33,12.0,4,blank,HONG KONG PARKVIEW,陽明山莊,True,POINT Z (22.257911 114.198465 0),22.257911,114.198465
1675,2012-01-12,"PARKVIEW SUITE(Block 4,HONG KONG PARKVIEW),TAI TAM RESERVOIR RD|陽明山莊,4座(陽明居),大潭水塘道",11942.685830299371,1857,1541,"{'bay_window': '', 'flat_roof': '', 'roof': '', 'ac_platform': '', 'plant_room': '', 'garden': '', 'yard': ''}",28.0,26.183,18170,16990.91499026606,12020102160028,3644466,ASP,HRB,淺水灣/壽臣山,1989/05,1989,37,29,11.0,4,blank,HONG KONG PARKVIEW,陽明山莊,True,POINT Z (22.257911 114.198465 0),22.257911,114.198465
1676,2012-07-03,"PARKVIEW SUITE(Block 4,HONG KONG PARKVIEW),TAI TAM RESERVOIR RD|陽明山莊,4座(陽明居),大潭水塘道",13490.262402699916,1857,1541,"{'bay_window': '', 'flat_roof': '', 'roof': '', 'ac_platform': '', 'plant_room': '', 'garden': '', 'yard': ''}",36.0,33.6639,23361,21845.489941596366,12072001540013,3763268,ASP,HRB,淺水灣/壽臣山,1989/05,1989,37,29,23.0,4,blank,HONG KONG PARKVIEW,陽明山莊,True,POINT Z (22.257911 114.198465 0),22.257911,114.198465
1677,2012-07-20,"PARKVIEW SUITE(Block 4,HONG KONG PARKVIEW),TAI TAM RESERVOIR RD|陽明山莊,4座(陽明居),大潭水塘道",9664.1622636625,2105,1747,"{'bay_window': '', 'flat_roof': '', 'roof': '', 'ac_platform': '', 'plant_room': '', 'garden': '', 'yard': ''}",29.0,27.34,16600,15649.685174585004,12080700640060,3774789,ASP,HRB,淺水灣/壽臣山,1989/05,1989,37,31,16.0,4,blank,HONG KONG PARKVIEW,陽明山莊,True,POINT Z (22.257911 114.198465 0),22.257911,114.198465
1678,2013-09-02,"PARKVIEW SUITE(Block 4,HONG KONG PARKVIEW),TAI TAM RESERVOIR RD|陽明山莊,4座(陽明居),大潭水塘道",11162.099665083351,1903,1579,"{'bay_window': '', 'flat_roof': '', 'roof': '', 'ac_platform': '', 'plant_room': '', 'garden': '', 'yard': ''}",34.0,31.8467,21533,20168.90436985434,13091700290014,4034624,ASP,HRB,淺水灣/壽臣山,1989/05,1989,37,33,22.0,4,blank,HONG KONG PARKVIEW,陽明山莊,True,POINT Z (22.257911 114.198465 0),22.257911,114.198465
1679,2014-09-12,"PARKVIEW SUITE(Block 4,HONG KONG PARKVIEW),TAI TAM RESERVOIR RD|陽明山莊,4座(陽明居),大潭水塘道",7783.145811209826,2105,1747,"{'bay_window': '', 'flat_roof': '', 'roof': '', 'ac_platform': '', 'plant_room': '', 'garden': '', 'yard': ''}",28.0,26.3973,16027,15110.074413279908,14100901830019,4218799,ASP,HRB,淺水灣/壽臣山,1989/05,1989,37,31,7.0,4,blank,HONG KONG PARKVIEW,陽明山莊,True,POINT Z (22.257911 114.198465 0),22.257911,114.198465
1680,2014-10-16,"PARKVIEW SUITE(Block 4,HONG KONG PARKVIEW),TAI TAM RESERVOIR RD|陽明山莊,4座(陽明居),大潭水塘道",9841.122369884268,1903,1579,"{'bay_window': '', 'flat_roof': '', 'roof': '', 'ac_platform': '', 'plant_room': '', 'garden': '', 'yard': ''}",32.6,30.535400000000003,20646,19338.442051931605,14102701530048,4230485,ASP,HRB,淺水灣/壽臣山,1989/05,1989,37,33,21.0,4,blank,HONG KONG PARKVIEW,陽明山莊,True,POINT Z (22.257911 114.198465 0),22.257911,114.198465
1681,2015-04-19,"PARKVIEW SUITE(Block 4,HONG KONG PARKVIEW),TAI TAM RESERVOIR RD|陽明山莊,4座(陽明居),大潭水塘道",9465.59506074677,1903,1579,"{'bay_window': '', 'flat_roof': '', 'roof': '', 'ac_platform': '', 'plant_room': '', 'garden': '', 'yard': ''}",32.88,30.797700000000003,20823,19504.55984800507,15051501930061,4350425,PRO-ASP,HRB,淺水灣/壽臣山,1989/05,1989,37,33,10.0,4,blank,HONG KONG PARKVIEW,陽明山莊,True,POINT Z (22.257911 114.198465 0),22.257911,114.198465
1682,2015-05-27,"PARKVIEW SUITE(Block 4,HONG KONG PARKVIEW),TAI TAM RESERVOIR RD|陽明山莊,4座(陽明居),大潭水塘道",10117.589926269273,1857,1541,"{'bay_window': '', 'flat_roof': '', 'roof': '', 'ac_platform': '', 'plant_room': '', 'garden': '', 'yard': ''}",34.3,32.0742,22258,20813.88708630759,15061000500387,4364585,ASP,HRB,淺水灣/壽臣山,1989/05,1989,37,29,6.0,4,blank,HONG KONG PARKVIEW,陽明山莊,True,POINT Z (22.257911 114.198465 0),22.257911,114.198465
1683,2015-06-22,"PARKVIEW SUITE(Block 4,HONG KONG PARKVIEW),TAI TAM RESERVOIR RD|陽明山莊,4座(陽明居),大潭水塘道",8487.880541601304,2105,1747,"{'bay_window': '', 'flat_roof': '', 'roof': '', 'ac_platform': '', 'plant_room': '', 'garden': '', 'yard': ''}",32.5,30.6397,18603,17538.465941614195,15062901700098,4375547,ASP,HRB,淺水灣/壽臣山,1989/05,1989,37,31,1.0,4,blank,HONG KONG PARKVIEW,陽明山莊,True,POINT Z (22.257911 114.198465 0),22.257911,114.198465
1684,2015-10-05,"PARKVIEW SUITE(Block 4,HONG KONG PARKVIEW),TAI TAM RESERVOIR RD|陽明山莊,4座(陽明居),大潭水塘道",6901.021681600054,2105,1747,"{'bay_window': '', 'flat_roof': '', 'roof': '', 'ac_platform': '', 'plant_room': '', 'garden': '', 'yard': ''}",25.686,24.2157,14703,13861.305094447624,15110301950060,4436468,ASP,HRB,淺水灣/壽臣山,1989/05,1989,37,31,19.0,4,blank,HONG KONG PARKVIEW,陽明山莊,True,POINT Z (22.257911 114.198465 0),22.257911,114.198465
1685,2015-11-06,"PARKVIEW SUITE(Block 4,HONG KONG PARKVIEW),TAI TAM RESERVOIR RD|陽明山莊,4座(陽明居),大潭水塘道",8177.57470868759,1903,1579,"{'bay_window': '', 'flat_roof': '', 'roof': '', 'ac_platform': '', 'plant_room': '', 'garden': '', 'yard': ''}",28.8,26.9761,18239,17084.293856871438,15120200370018,4447906,ASP,HRB,淺水灣/壽臣山,1989/05,1989,37,33,7.0,4,blank,HONG KONG PARKVIEW,陽明山莊,True,POINT Z (22.257911 114.198465 0),22.257911,114.198465
1686,2015-11-26,"PARKVIEW SUITE(Block 4,HONG KONG PARKVIEW),TAI TAM RESERVOIR RD|陽明山莊,4座(陽明居),大潭水塘道",8802.228029394499,1903,1579,"{'bay_window': '', 'flat_roof': '', 'roof': '', 'ac_platform': '', 'plant_room': '', 'garden': '', 'yard': ''}",31.0,29.0367,19633,18389.29702343255,15122201660020,4456262,MEM-ASP,HRB,淺水灣/壽臣山,1989/05,1989,37,33,20.0,4,blank,HONG KONG PARKVIEW,陽明山莊,True,POINT Z (22.257911 114.198465 0),22.257911,114.198465
1687,2016-10-14,"PARKVIEW SUITE(Block 4,HONG KONG PARKVIEW),TAI TAM RESERVOIR RD|陽明山莊,4座(陽明居),大潭水塘道",10787.418132738,1903,1579,"{'bay_window': '', 'flat_roof': '', 'roof': '', 'ac_platform': '', 'plant_room': '', 'garden': '', 'yard': ''}",38.8,36.3427,24573,23016.2761241292,16110301760056,4590860,ASP,HRB,淺水灣/壽臣山,1989/05,1989,37,33,23.0,4,blank,HONG KONG PARKVIEW,陽明山莊,True,POINT Z (22.257911 114.198465 0),22.257911,114.198465
1688,2017-09-27,"PARKVIEW SUITE(Block 4,HONG KONG PARKVIEW),TAI TAM RESERVOIR RD|陽明山莊,4座(陽明居),大潭水塘道",9058.075476068285,1857,1541,"{'bay_window': '', 'flat_roof': '', 'roof': '', 'ac_platform': '', 'plant_room': '', 'garden': '', 'yard': ''}",32.0,32.0,20766,20765.736534717715,17101201300018,5230842,ASP,HRB,淺水灣/壽臣山,1989/05,1989,37,29,5.0,4,blank,HONG KONG PARKVIEW,陽明山莊,False,POINT Z (22.257911 114.198465 0),22.257911,114.198465
1689,2017-12-04,"PARKVIEW SUITE(Block 4,HONG KONG PARKVIEW),TAI TAM RESERVOIR RD|陽明山莊,4座(陽明居),大潭水塘道",11039.929273965638,1903,1579,"{'bay_window': '', 'flat_roof': '', 'roof': '', 'ac_platform': '', 'plant_room': '', 'garden': '', 'yard': ''}",41.1,41.1,26029,26029.132362254597,17121401790026,5266071,ASP,HRB,淺水灣/壽臣山,1989/05,1989,37,33,12.0,4,blank,HONG KONG PARKVIEW,陽明山莊,False,POINT Z (22.257911 114.198465 0),22.257911,114.198465
1690,2018-03-23,"PARKVIEW SUITE(Block 4,HONG KONG PARKVIEW),TAI TAM RESERVOIR RD|陽明山莊,4座(陽明居),大潭水塘道",10672.37463113472,1857,1541,"{'bay_window': '', 'flat_roof': '', 'roof': '', 'ac_platform': '', 'plant_room': '', 'garden': '', 'yard': ''}",40.88,40.88,26528,26528.22842310188,18041901700012,5340377,ASP,HRB,淺水灣/壽臣山,1989/05,1989,37,29,2.0,4,blank,HONG KONG PARKVIEW,陽明山莊,False,POINT Z (22.257911 114.198465 0),22.257911,114.198465
1691,2020-05-05,"PARKVIEW SUITE(Block 4,HONG KONG PARKVIEW),TAI TAM RESERVOIR RD|陽明山莊,4座(陽明居),大潭水塘道",9132.451404807663,2105,1747,"{'bay_window': '', 'flat_roof': '', 'roof': '', 'ac_platform': '', 'plant_room': '', 'garden': '', 'yard': ''}",41.0,41.0,23469,23468.80366342301,20051901370012,5708484,ASP,HRB,淺水灣/壽臣山,1989/05,1989,37,31,16.0,4,blank,HONG KONG PARKVIEW,陽明山莊,False,POINT Z (22.257911 114.198465 0),22.257911,114.198465
1692,2020-05-10,"PARKVIEW SUITE(Block 4,HONG KONG PARKVIEW),TAI TAM RESERVOIR RD|陽明山莊,4座(陽明居),大潭水塘道",8018.73781885551,2105,1747,"{'bay_window': '', 'flat_roof': '', 'roof': '', 'ac_platform': '', 'plant_room': '', 'garden': '', 'yard': ''}",36.0,36.0,20607,20606.754436176303,20060502080023,5718618,ASP,HRB,淺水灣/壽臣山,1989/05,1989,37,31,10.0,4,blank,HONG KONG PARKVIEW,陽明山莊,False,POINT Z (22.257911 114.198465 0),22.257911,114.198465
1693,2021-01-14,"PARKVIEW SUITE(Block 4,HONG KONG PARKVIEW),TAI TAM RESERVOIR RD|陽明山莊,4座(陽明居),大潭水塘道",8475.80822190426,2105,1747,"{'bay_window': '', 'flat_roof': '', 'roof': '', 'ac_platform': '', 'plant_room': '', 'garden': '', 'yard': ''}",37.0,37.0,21179,21179.164281625643,21020301650084,5853123,PRO-ASP,HRB,淺水灣/壽臣山,1989/05,1989,37,31,1.0,4,blank,HONG KONG PARKVIEW,陽明山莊,False,POINT Z (22.257911 114.198465 0),22.257911,114.198465
1694,2022-08-01,"PARKVIEW SUITE(Block 4,HONG KONG PARKVIEW),TAI TAM RESERVOIR RD|陽明山莊,4座(陽明居),大潭水塘道",9994.743316228944,2105,1747,"{'bay_window': '', 'flat_roof': '', 'roof': '', 'ac_platform': '', 'plant_room': '', 'garden': '', 'yard': ''}",41.6,41.6,23812,23812.249570692617,22082200930019,6170549,ASP,HRB,淺水灣/壽臣山,1989/05,1989,37,31,5.0,4,blank,HONG KONG PARKVIEW,陽明山莊,False,POINT Z (22.257911 114.198465 0),22.257911,114.198465
1695,2023-04-17,"PARKVIEW SUITE(Block 4,HONG KONG PARKVIEW),TAI TAM RESERVOIR RD|陽明山莊,4座(陽明居),大潭水塘道",10021.89708976777,2105,1747,"{'bay_window': '', 'flat_roof': '', 'roof': '', 'ac_platform': '', 'plant_room': '', 'garden': '', 'yard': ''}",40.5,40.5,23183,23182.59874069834,23050401360051,6277781,ASP,HRB,淺水灣/壽臣山,1989/05,1989,37,31,8.0,4,blank,HONG KONG PARKVIEW,陽明山莊,False,POINT Z (22.257911 114.198465 0),22.257911,114.198465
1696,2023-05-29,"PARKVIEW SUITE(Block 4,HONG KONG PARKVIEW),TAI TAM RESERVOIR RD|陽明山莊,4座(陽明居),大潭水塘道",14046.847444420537,1857,1541,"{'bay_window': '', 'flat_roof': '', 'roof': '', 'ac_platform': '', 'plant_room': '', 'garden': '', 'yard': ''}",48.0,48.0,31149,31148.60480207657,23061301350077,6297197,ASP,HRB,淺水灣/壽臣山,1989/05,1989,37,29,6.0,4,blank,HONG KONG PARKVIEW,陽明山莊,False,POINT Z (22.257911 114.198465 0),22.257911,114.198465
1697,2023-09-29,"PARKVIEW SUITE(Block 4,HONG KONG PARKVIEW),TAI TAM RESERVOIR RD|陽明山莊,4座(陽明居),大潭水塘道",15587.40425598559,1903,1579,"{'bay_window': '', 'flat_roof': '', 'roof': '', 'ac_platform': '', 'plant_room': '', 'garden': '', 'yard': ''}",50.0,50.0,31666,31665.611146295123,23100501520045,6346303,ASP,HRB,淺水灣/壽臣山,1989/05,1989,37,33,22.0,4,blank,HONG KONG PARKVIEW,陽明山莊,False,POINT Z (22.257911 114.198465 0),22.257911,114.198465
1698,1999-01-04,"GRAND GARDEN(Block 3),SOUTH BAY RD|華景園3座,南灣道",9563.601303189482,1657,1217,"{'bay_window': '', 'flat_roof': '', 'roof': '', 'ac_platform': '', 'plant_room': '', 'garden': '', 'yard': ''}",9.18,8.425699999999999,7543,6923.336072308956,7666759,125795,SUB-ASP,HRB,淺水灣/壽臣山,1986/12,1986,40,B,8.0,3,blank,GRAND GARDEN,華景園,True,POINT Z (22.227781 114.2010439 0),22.227781,114.2010439
1699,1999-07-29,"GRAND GARDEN(Block 3),SOUTH BAY RD|華景園3座,南灣道",10743.496228145854,1657,1217,"{'bay_window': '', 'flat_roof': '', 'roof': '', 'ac_platform': '', 'plant_room': '', 'garden': '', 'yard': ''}",10.5,9.6372,8628,7918.816762530813,7843043,274184,ASP,HRB,淺水灣/壽臣山,1986/12,1986,40,B,15.0,3,blank,GRAND GARDEN,華景園,True,POINT Z (22.227781 114.2010439 0),22.227781,114.2010439
1700,1999-08-13,"GRAND GARDEN(Block 3),SOUTH BAY RD|華景園3座,南灣道",11987.721908186122,1657,1217,"{'bay_window': '', 'flat_roof': '', 'roof': '', 'ac_platform': '', 'plant_room': '', 'garden': '', 'yard': ''}",11.7,10.7386,9614,8823.829087921118,7862608,285545,ASP,HRB,淺水灣/壽臣山,1986/12,1986,40,B,22.0,3,blank,GRAND GARDEN,華景園,True,POINT Z (22.227781 114.2010439 0),22.227781,114.2010439
1701,1999-09-15,"GRAND GARDEN(Block 3),SOUTH BAY RD|華景園3座,南灣道",12493.98415631657,1657,1217,"{'bay_window': '', 'flat_roof': '', 'roof': '', 'ac_platform': '', 'plant_room': '', 'garden': '', 'yard': ''}",11.8,10.8304,9696,8899.260476581758,7891499,306685,ASP,HRB,淺水灣/壽臣山,1986/12,1986,40,B,25.0,3,blank,GRAND GARDEN,華景園,True,POINT Z (22.227781 114.2010439 0),22.227781,114.2010439
1702,2001-11-24,"GRAND GARDEN(Block 3),SOUTH BAY RD|華景園3座,南灣道",9421.418875550356,1657,1217,"{'bay_window': '', 'flat_roof': '', 'roof': '', 'ac_platform': '', 'plant_room': '', 'garden': '', 'yard': ''}",7.1,6.5166,5834,5354.642563681184,8546965,809676,PRO-ASP,HRB,淺水灣/壽臣山,1986/12,1986,40,B,2.0,3,blank,GRAND GARDEN,華景園,True,POINT Z (22.227781 114.2010439 0),22.227781,114.2010439
1703,2001-11-21,"GRAND GARDEN(Block 3),SOUTH BAY RD|華景園3座,南灣道",10084.87667900462,1657,1217,"{'bay_window': '', 'flat_roof': '', 'roof': '', 'ac_platform': '', 'plant_room': '', 'garden': '', 'yard': ''}",7.6,6.975499999999999,6245,5731.717337715693,8553070,814864,ASP,HRB,淺水灣/壽臣山,1986/12,1986,40,B,8.0,3,blank,GRAND GARDEN,華景園,True,POINT Z (22.227781 114.2010439 0),22.227781,114.2010439
1704,2002-04-22,"GRAND GARDEN(Block 3),SOUTH BAY RD|華景園3座,南灣道",11124.85163421816,1657,1217,"{'bay_window': '', 'flat_roof': '', 'roof': '', 'ac_platform': '', 'plant_room': '', 'garden': '', 'yard': ''}",8.38,7.691400000000001,6886,6319.967132292523,8666540,895321,ASP,HRB,淺水灣/壽臣山,1986/12,1986,40,B,12.0,3,blank,GRAND GARDEN,華景園,True,POINT Z (22.227781 114.2010439 0),22.227781,114.2010439
1705,2002-12-03,"GRAND GARDEN(Block 3),SOUTH BAY RD|華景園3座,南灣道",13503.388328085666,1657,1217,"{'bay_window': '', 'flat_roof': '', 'roof': '', 'ac_platform': '', 'plant_room': '', 'garden': '', 'yard': ''}",9.28,8.5175,7625,6998.767460969598,8848060,1036427,ASP,HRB,淺水灣/壽臣山,1986/12,1986,40,B,23.0,3,blank,GRAND GARDEN,華景園,True,POINT Z (22.227781 114.2010439 0),22.227781,114.2010439
1706,2004-04-29,"GRAND GARDEN(Block 3),SOUTH BAY RD|華景園3座,南灣道",12401.332729358985,1657,1217,"{'bay_window': '', 'flat_roof': '', 'roof': '', 'ac_platform': '', 'plant_room': '', 'garden': '', 'yard': ''}",11.0,10.0961,9039,8295.891536565325,9213216,1330425,ASP,HRB,淺水灣/壽臣山,1986/12,1986,40,B,8.0,3,blank,GRAND GARDEN,華景園,True,POINT Z (22.227781 114.2010439 0),22.227781,114.2010439
1707,2004-06-11,"GRAND GARDEN(Block 3),SOUTH BAY RD|華景園3座,南灣道",11864.607671072758,1657,1217,"{'bay_window': '', 'flat_roof': '', 'roof': '', 'ac_platform': '', 'plant_room': '', 'garden': '', 'yard': ''}",11.0,10.0961,9039,8295.891536565325,9264062,1371665,PRO-ASP,HRB,淺水灣/壽臣山,1986/12,1986,40,B,2.0,3,blank,GRAND GARDEN,華景園,True,POINT Z (22.227781 114.2010439 0),22.227781,114.2010439
1708,2004-12-08,"GRAND GARDEN(Block 3),SOUTH BAY RD|華景園3座,南灣道",12165.583428037868,1657,1217,"{'bay_window': '', 'flat_roof': '', 'roof': '', 'ac_platform': '', 'plant_room': '', 'garden': '', 'yard': ''}",11.8,10.8304,9696,8899.260476581758,9419759,1489477,ASP,HRB,淺水灣/壽臣山,1986/12,1986,40,B,4.0,3,blank,GRAND GARDEN,華景園,True,POINT Z (22.227781 114.2010439 0),22.227781,114.2010439
1709,2005-01-11,"GRAND GARDEN(Block 3),SOUTH BAY RD|華景園3座,南灣道",12006.609068005244,1657,1217,"{'bay_window': '', 'flat_roof': '', 'roof': '', 'ac_platform': '', 'plant_room': '', 'garden': '', 'yard': ''}",11.99,11.0048,9852,9042.563681183236,9463377,1522266,ASP,HRB,淺水灣/壽臣山,1986/12,1986,40,B,9.0,3,blank,GRAND GARDEN,華景園,True,POINT Z (22.227781 114.2010439 0),22.227781,114.2010439
1710,2005-03-06,"GRAND GARDEN(Block 3),SOUTH BAY RD|華景園3座,南灣道",13792.416984852616,1657,1217,"{'bay_window': '', 'flat_roof': '', 'roof': '', 'ac_platform': '', 'plant_room': '', 'garden': '', 'yard': ''}",13.5,12.3907,11093,10181.347576006574,5040102850087,1572696,PRO-ASP,HRB,淺水灣/壽臣山,1986/12,1986,40,B,12.0,3,blank,GRAND GARDEN,華景園,True,POINT Z (22.227781 114.2010439 0),22.227781,114.2010439
1711,2005-04-01,"GRAND GARDEN(Block 3),SOUTH BAY RD|華景園3座,南灣道",13569.489488230509,1657,1217,"{'bay_window': '', 'flat_roof': '', 'roof': '', 'ac_platform': '', 'plant_room': '', 'garden': '', 'yard': ''}",13.5,12.3907,11093,10181.347576006574,5041100090043,1578755,ASP,HRB,淺水灣/壽臣山,1986/12,1986,40,B,15.0,3,blank,GRAND GARDEN,華景園,True,POINT Z (22.227781 114.2010439 0),22.227781,114.2010439
1712,2005-03-19,"GRAND GARDEN(Block 3),SOUTH BAY RD|華景園3座,南灣道",13281.603216917883,1657,1217,"{'bay_window': '', 'flat_roof': '', 'roof': '', 'ac_platform': '', 'plant_room': '', 'garden': '', 'yard': ''}",13.0,11.9318,10682,9804.272801972062,5042100990091,1588653,PRO-ASP,HRB,淺水灣/壽臣山,1986/12,1986,40,B,10.0,3,blank,GRAND GARDEN,華景園,True,POINT Z (22.227781 114.2010439 0),22.227781,114.2010439
1713,2005-12-20,"GRAND GARDEN(Block 3),SOUTH BAY RD|華景園3座,南灣道",14880.484282484986,1657,1217,"{'bay_window': '', 'flat_roof': '', 'roof': '', 'ac_platform': '', 'plant_room': '', 'garden': '', 'yard': ''}",14.35,13.1709,11791,10822.432210353329,6010601430056,1797472,ASP,HRB,淺水灣/壽臣山,1986/12,1986,40,B,20.0,3,blank,GRAND GARDEN,華景園,True,POINT Z (22.227781 114.2010439 0),22.227781,114.2010439
1714,2006-03-17,"GRAND GARDEN(Block 3),SOUTH BAY RD|華景園3座,南灣道",12464.072054572283,1657,1217,"{'bay_window': '', 'flat_roof': '', 'roof': '', 'ac_platform': '', 'plant_room': '', 'garden': '', 'yard': ''}",12.3,11.2893,10107,9276.33525061627,6040402580015,1850674,PRO-ASP,HRB,淺水灣/壽臣山,1986/12,1986,40,B,7.0,3,blank,GRAND GARDEN,華景園,True,POINT Z (22.227781 114.2010439 0),22.227781,114.2010439
1715,2007-05-09,"GRAND GARDEN(Block 3),SOUTH BAY RD|華景園3座,南灣道",13389.281116104205,1657,1217,"{'bay_window': '', 'flat_roof': '', 'roof': '', 'ac_platform': '', 'plant_room': '', 'garden': '', 'yard': ''}",14.8,13.5839,12161,11161.79129005752,7051601010042,2132724,ASP,HRB,淺水灣/壽臣山,1986/12,1986,40,B,25.0,3,blank,GRAND GARDEN,華景園,True,POINT Z (22.227781 114.2010439 0),22.227781,114.2010439
1716,2007-05-08,"GRAND GARDEN(Block 3),SOUTH BAY RD|華景園3座,南灣道",12982.198238510064,1657,1217,"{'bay_window': '', 'flat_roof': '', 'roof': '', 'ac_platform': '', 'plant_room': '', 'garden': '', 'yard': ''}",14.35,13.1709,11791,10822.432210353329,7060401680127,2149088,PRO-ASP,HRB,淺水灣/壽臣山,1986/12,1986,40,B,22.0,3,blank,GRAND GARDEN,華景園,True,POINT Z (22.227781 114.2010439 0),22.227781,114.2010439
1717,2007-08-27,"GRAND GARDEN(Block 3),SOUTH BAY RD|華景園3座,南灣道",12894.84788823346,1657,1217,"{'bay_window': '', 'flat_roof': '', 'roof': '', 'ac_platform': '', 'plant_room': '', 'garden': '', 'yard': ''}",14.5,13.3085,11915,10935.497124075597,7090501590014,2238176,ASP,HRB,淺水灣/壽臣山,1986/12,1986,40,B,11.0,3,blank,GRAND GARDEN,華景園,True,POINT Z (22.227781 114.2010439 0),22.227781,114.2010439
1718,2007-10-03,"GRAND GARDEN(Block 3),SOUTH BAY RD|華景園3座,南灣道",12186.49515569145,1657,1217,"{'bay_window': '', 'flat_roof': '', 'roof': '', 'ac_platform': '', 'plant_room': '', 'garden': '', 'yard': ''}",14.58,13.382,11980,10995.891536565325,7101602240148,2272389,ASP,HRB,淺水灣/壽臣山,1986/12,1986,40,B,10.0,3,blank,GRAND GARDEN,華景園,True,POINT Z (22.227781 114.2010439 0),22.227781,114.2010439
1719,2007-10-17,"GRAND GARDEN(Block 3),SOUTH BAY RD|華景園3座,南灣道",12119.561409319957,1657,1217,"{'bay_window': '', 'flat_roof': '', 'roof': '', 'ac_platform': '', 'plant_room': '', 'garden': '', 'yard': ''}",14.5,13.3085,11915,10935.497124075597,7102901800019,2284475,ASP,HRB,淺水灣/壽臣山,1986/12,1986,40,B,3.0,3,blank,GRAND GARDEN,華景園,True,POINT Z (22.227781 114.2010439 0),22.227781,114.2010439
1720,2007-10-23,"GRAND GARDEN(Block 3),SOUTH BAY RD|華景園3座,南灣道",14919.668665688218,1657,1217,"{'bay_window': '', 'flat_roof': '', 'roof': '', 'ac_platform': '', 'plant_room': '', 'garden': '', 'yard': ''}",17.85,16.383300000000002,14667,13462.0377978636,7110801060028,2295616,ASP,HRB,淺水灣/壽臣山,1986/12,1986,40,B,20.0,3,blank,GRAND GARDEN,華景園,True,POINT Z (22.227781 114.2010439 0),22.227781,114.2010439
1721,2007-10-30,"GRAND GARDEN(Block 3),SOUTH BAY RD|華景園3座,南灣道",13289.76364180116,1657,1217,"{'bay_window': '', 'flat_roof': '', 'roof': '', 'ac_platform': '', 'plant_room': '', 'garden': '', 'yard': ''}",15.9,14.5935,13065,11991.372226787182,7112902160043,2320561,PRO-ASP,HRB,淺水灣/壽臣山,1986/12,1986,40,B,8.0,3,blank,GRAND GARDEN,華景園,True,POINT Z (22.227781 114.2010439 0),22.227781,114.2010439
1722,2009-03-27,"GRAND GARDEN(Block 3),SOUTH BAY RD|華景園3座,南灣道",13578.780126723314,1657,1217,"{'bay_window': '', 'flat_roof': '', 'roof': '', 'ac_platform': '', 'plant_room': '', 'garden': '', 'yard': ''}",15.9,14.5935,13065,11991.372226787182,9042401650075,2715941,ASP,HRB,淺水灣/壽臣山,1986/12,1986,40,B,26.0,3,blank,GRAND GARDEN,華景園,True,POINT Z (22.227781 114.2010439 0),22.227781,114.2010439
1723,2009-06-09,"GRAND GARDEN(Block 3),SOUTH BAY RD|華景園3座,南灣道",14276.435321689403,1657,1217,"{'bay_window': '', 'flat_roof': '', 'roof': '', 'ac_platform': '', 'plant_room': '', 'garden': '', 'yard': ''}",19.3,17.714100000000002,15859,14555.546425636814,9062500860011,2771410,ASP,HRB,淺水灣/壽臣山,1986/12,1986,40,B,22.0,3,blank,GRAND GARDEN,華景園,True,POINT Z (22.227781 114.2010439 0),22.227781,114.2010439
1724,2009-07-02,"GRAND GARDEN(Block 3),SOUTH BAY RD|華景園3座,南灣道",13461.532206752245,1657,1217,"{'bay_window': '', 'flat_roof': '', 'roof': '', 'ac_platform': '', 'plant_room': '', 'garden': '', 'yard': ''}",18.5,16.9799,15201,13952.25965488907,9071003060069,2786937,ASP,HRB,淺水灣/壽臣山,1986/12,1986,40,B,12.0,3,blank,GRAND GARDEN,華景園,True,POINT Z (22.227781 114.2010439 0),22.227781,114.2010439
1725,2009-09-01,"GRAND GARDEN(Block 3),SOUTH BAY RD|華景園3座,南灣道",14876.771526409802,1657,1217,"{'bay_window': '', 'flat_roof': '', 'roof': '', 'ac_platform': '', 'plant_room': '', 'garden': '', 'yard': ''}",21.3,19.5498,17502,16063.92769104355,9092201450023,2863440,PRO-ASP,HRB,淺水灣/壽臣山,1986/12,1986,40,B,25.0,3,blank,GRAND GARDEN,華景園,True,POINT Z (22.227781 114.2010439 0),22.227781,114.2010439
1726,2009-09-19,"GRAND GARDEN(Block 3),SOUTH BAY RD|華景園3座,南灣道",15295.8365848551,1657,1217,"{'bay_window': '', 'flat_roof': '', 'roof': '', 'ac_platform': '', 'plant_room': '', 'garden': '', 'yard': ''}",21.9,20.1005,17995,16516.4338537387,9101402580121,2884610,PRO-ASP,HRB,淺水灣/壽臣山,1986/12,1986,40,B,24.0,3,blank,GRAND GARDEN,華景園,True,POINT Z (22.227781 114.2010439 0),22.227781,114.2010439
1727,2009-10-09,"GRAND GARDEN(Block 3),SOUTH BAY RD|華景園3座,南灣道",11910.527231228576,1657,1274,"{'bay_window': '40', 'flat_roof': '', 'roof': '', 'ac_platform': '', 'plant_room': '', 'garden': '', 'yard': ''}",18.0,16.5871,14129,13019.701726844583,9110601440107,2908799,ASP,HRB,淺水灣/壽臣山,1986/12,1986,40,A,6.0,3,blank,GRAND GARDEN,華景園,True,POINT Z (22.227781 114.2010439 0),22.227781,114.2010439
1728,2009-10-15,"GRAND GARDEN(Block 3),SOUTH BAY RD|華景園3座,南灣道",14488.393769384918,1657,1217,"{'bay_window': '', 'flat_roof': '', 'roof': '', 'ac_platform': '', 'plant_room': '', 'garden': '', 'yard': ''}",21.0,19.2744,17256,15837.633525061628,9111101410013,2912838,PRE-ASP,HRB,淺水灣/壽臣山,1986/12,1986,40,B,19.0,3,blank,GRAND GARDEN,華景園,True,POINT Z (22.227781 114.2010439 0),22.227781,114.2010439
1729,2010-01-08,"GRAND GARDEN(Block 3),SOUTH BAY RD|華景園3座,南灣道",12174.610452543362,1657,1274,"{'bay_window': '40', 'flat_roof': '', 'roof': '', 'ac_platform': '', 'plant_room': '', 'garden': '', 'yard': ''}",18.8,17.3243,14757,13598.351648351649,10012903380010,2987755,PRO-ASP,HRB,淺水灣/壽臣山,1986/12,1986,40,A,7.0,3,blank,GRAND GARDEN,華景園,True,POINT Z (22.227781 114.2010439 0),22.227781,114.2010439
1730,2010-03-19,"GRAND GARDEN(Block 3),SOUTH BAY RD|華景園3座,南灣道",14292.22104349678,1657,1217,"{'bay_window': '', 'flat_roof': '', 'roof': '', 'ac_platform': '', 'plant_room': '', 'garden': '', 'yard': ''}",23.0,21.1101,18899,17346.014790468365,10041201950116,3056336,PRO-ASP,HRB,淺水灣/壽臣山,1986/12,1986,40,B,20.0,3,blank,GRAND GARDEN,華景園,True,POINT Z (22.227781 114.2010439 0),22.227781,114.2010439
1731,2010-05-20,"GRAND GARDEN(Block 3),SOUTH BAY RD|華景園3座,南灣道",12880.75091526741,1657,1274,"{'bay_window': '40', 'flat_roof': '', 'roof': '', 'ac_platform': '', 'plant_room': '', 'garden': '', 'yard': ''}",21.2,19.5359,16641,15334.30141287284,10060201190026,3112645,ASP,HRB,淺水灣/壽臣山,1986/12,1986,40,A,10.0,3,blank,GRAND GARDEN,華景園,True,POINT Z (22.227781 114.2010439 0),22.227781,114.2010439
1732,2010-05-28,"GRAND GARDEN(Block 3),SOUTH BAY RD|華景園3座,南灣道",13176.89274705435,1657,1217,"{'bay_window': '', 'flat_roof': '', 'roof': '', 'ac_platform': '', 'plant_room': '', 'garden': '', 'yard': ''}",20.8,19.0909,17091,15686.85291700904,10061103280097,3121836,ASP,HRB,淺水灣/壽臣山,1986/12,1986,40,B,7.0,3,blank,GRAND GARDEN,華景園,True,POINT Z (22.227781 114.2010439 0),22.227781,114.2010439
1733,2010-07-21,"GRAND GARDEN(Block 3),SOUTH BAY RD|華景園3座,南灣道",13753.469261503178,1657,1217,"{'bay_window': '', 'flat_roof': '', 'roof': '', 'ac_platform': '', 'plant_room': '', 'garden': '', 'yard': ''}",22.8,20.9265,18735,17195.152013147082,10080900180110,3181374,PRO-ASP,HRB,淺水灣/壽臣山,1986/12,1986,40,B,12.0,3,blank,GRAND GARDEN,華景園,True,POINT Z (22.227781 114.2010439 0),22.227781,114.2010439
1734,2010-08-10,"GRAND GARDEN(Block 3),SOUTH BAY RD|華景園3座,南灣道",16252.759467178814,1657,1217,"{'bay_window': '', 'flat_roof': '', 'roof': '', 'ac_platform': '', 'plant_room': '', 'garden': '', 'yard': ''}",27.38,25.1302,22498,20649.301561216103,10082601050025,3202041,PRO-ASP,HRB,淺水灣/壽臣山,1986/12,1986,40,B,27.0,3,blank,GRAND GARDEN,華景園,True,POINT Z (22.227781 114.2010439 0),22.227781,114.2010439
1735,2010-08-26,"GRAND GARDEN(Block 3),SOUTH BAY RD|華景園3座,南灣道",14246.371308905944,1657,1217,"{'bay_window': '', 'flat_roof': '', 'roof': '', 'ac_platform': '', 'plant_room': '', 'garden': '', 'yard': ''}",24.0,22.0279,19721,18100.164338537383,10090603030027,3213686,ASP,HRB,淺水灣/壽臣山,1986/12,1986,40,B,13.0,3,blank,GRAND GARDEN,華景園,True,POINT Z (22.227781 114.2010439 0),22.227781,114.2010439
1736,2011-02-22,"GRAND GARDEN(Block 3),SOUTH BAY RD|華景園3座,南灣道",12798.541729381965,1657,1274,"{'bay_window': '40', 'flat_roof': '', 'roof': '', 'ac_platform': '', 'plant_room': '', 'garden': '', 'yard': ''}",25.0,23.0377,19623,18082.967032967037,11030400020018,3405530,ASP,HRB,淺水灣/壽臣山,1986/12,1986,40,A,7.0,3,blank,GRAND GARDEN,華景園,True,POINT Z (22.227781 114.2010439 0),22.227781,114.2010439
1737,2011-03-18,"GRAND GARDEN(Block 3),SOUTH BAY RD|華景園3座,南灣道",13131.54196272535,1657,1217,"{'bay_window': '', 'flat_roof': '', 'roof': '', 'ac_platform': '', 'plant_room': '', 'garden': '', 'yard': ''}",25.3,23.2211,20789,19080.608052588334,11032500020016,3427063,ASP,HRB,淺水灣/壽臣山,1986/12,1986,40,B,15.0,3,blank,GRAND GARDEN,華景園,True,POINT Z (22.227781 114.2010439 0),22.227781,114.2010439
1738,2011-05-26,"GRAND GARDEN(Block 3),SOUTH BAY RD|華景園3座,南灣道",13348.332798801186,1657,1217,"{'bay_window': '', 'flat_roof': '', 'roof': '', 'ac_platform': '', 'plant_room': '', 'garden': '', 'yard': ''}",26.8,24.5979,22021,20211.91454396056,11060900330169,3499689,ASP,HRB,淺水灣/壽臣山,1986/12,1986,40,B,24.0,3,blank,GRAND GARDEN,華景園,True,POINT Z (22.227781 114.2010439 0),22.227781,114.2010439
1739,2011-05-26,"GRAND GARDEN(Block 3),SOUTH BAY RD|華景園3座,南灣道",13447.91118023131,1657,1217,"{'bay_window': '', 'flat_roof': '', 'roof': '', 'ac_platform': '', 'plant_room': '', 'garden': '', 'yard': ''}",27.0,24.7814,22186,20362.695152013148,11060901280016,3499736,ASP,HRB,淺水灣/壽臣山,1986/12,1986,40,B,23.0,3,blank,GRAND GARDEN,華景園,True,POINT Z (22.227781 114.2010439 0),22.227781,114.2010439
1740,2011-05-31,"GRAND GARDEN(Block 3),SOUTH BAY RD|華景園3座,南灣道",13970.928313868106,1657,1217,"{'bay_window': '', 'flat_roof': '', 'roof': '', 'ac_platform': '', 'plant_room': '', 'garden': '', 'yard': ''}",28.05,25.7452,23048,21154.642563681184,11061600840049,3505622,ASP,HRB,淺水灣/壽臣山,1986/12,1986,40,B,26.0,3,blank,GRAND GARDEN,華景園,True,POINT Z (22.227781 114.2010439 0),22.227781,114.2010439
1741,2011-06-28,"GRAND GARDEN(Block 3),SOUTH BAY RD|華景園3座,南灣道",14185.413845327002,1657,1274,"{'bay_window': '40', 'flat_roof': '', 'roof': '', 'ac_platform': '', 'plant_room': '', 'garden': '', 'yard': ''}",29.5,27.1845,23155,21337.91208791209,11072001990037,3534309,ASP,HRB,淺水灣/壽臣山,1986/12,1986,40,A,27.0,3,blank,GRAND GARDEN,華景園,True,POINT Z (22.227781 114.2010439 0),22.227781,114.2010439
1742,2012-04-02,"GRAND GARDEN(Block 3),SOUTH BAY RD|華景園3座,南灣道",11434.342332686168,1657,1217,"{'bay_window': '', 'flat_roof': '', 'roof': '', 'ac_platform': '', 'plant_room': '', 'garden': '', 'yard': ''}",24.0,22.0279,19721,18100.164338537383,12041902000072,3691730,ASP,HRB,淺水灣/壽臣山,1986/12,1986,40,B,11.0,3,blank,GRAND GARDEN,華景園,True,POINT Z (22.227781 114.2010439 0),22.227781,114.2010439
1743,2014-09-26,"GRAND GARDEN(Block 3),SOUTH BAY RD|華景園3座,南灣道",10877.254235383743,1657,1217,"{'bay_window': '', 'flat_roof': '', 'roof': '', 'ac_platform': '', 'plant_room': '', 'garden': '', 'yard': ''}",28.0,25.6993,23007,21116.926869350864,14102001910133,4225854,ASP,HRB,淺水灣/壽臣山,1986/12,1986,40,B,17.0,3,blank,GRAND GARDEN,華景園,True,POINT Z (22.227781 114.2010439 0),22.227781,114.2010439
1744,2015-02-06,"GRAND GARDEN(Block 3),SOUTH BAY RD|華景園3座,南灣道",11729.696072529094,1657,1217,"{'bay_window': '', 'flat_roof': '', 'roof': '', 'ac_platform': '', 'plant_room': '', 'garden': '', 'yard': ''}",31.8,29.187,26130,23982.744453574363,15030602600015,4312026,PRO-ASP,HRB,淺水灣/壽臣山,1986/12,1986,40,B,24.0,3,blank,GRAND GARDEN,華景園,True,POINT Z (22.227781 114.2010439 0),22.227781,114.2010439
1745,2015-02-27,"GRAND GARDEN(Block 3),SOUTH BAY RD|華景園3座,南灣道",9792.260119992496,1657,1274,"{'bay_window': '40', 'flat_roof': '', 'roof': '', 'ac_platform': '', 'plant_room': '', 'garden': '', 'yard': ''}",27.68,25.5073,21727,20021.42857142857,15030901370030,4312851,ASP,HRB,淺水灣/壽臣山,1986/12,1986,40,A,7.0,3,blank,GRAND GARDEN,華景園,True,POINT Z (22.227781 114.2010439 0),22.227781,114.2010439
1746,2015-04-13,"GRAND GARDEN(Block 3),SOUTH BAY RD|華景園3座,南灣道",10248.079435287666,1657,1217,"{'bay_window': '', 'flat_roof': '', 'roof': '', 'ac_platform': '', 'plant_room': '', 'garden': '', 'yard': ''}",28.0,25.6993,23007,21116.926869350864,15042401380046,4337170,ASP,HRB,淺水灣/壽臣山,1986/12,1986,40,B,10.0,3,blank,GRAND GARDEN,華景園,True,POINT Z (22.227781 114.2010439 0),22.227781,114.2010439
1747,2015-03-09,"GRAND GARDEN(Block 3),SOUTH BAY RD|華景園3座,南灣道",9810.499997477877,1657,1274,"{'bay_window': '40', 'flat_roof': '', 'roof': '', 'ac_platform': '', 'plant_room': '', 'garden': '', 'yard': ''}",28.0,25.8022,21978,20252.904238618525,15050500660072,4343200,ASP,HRB,淺水灣/壽臣山,1986/12,1986,40,A,8.0,3,blank,GRAND GARDEN,華景園,True,POINT Z (22.227781 114.2010439 0),22.227781,114.2010439
1748,2016-08-05,"GRAND GARDEN(Block 3),SOUTH BAY RD|華景園3座,南灣道",11404.473555660146,1657,1274,"{'bay_window': '40', 'flat_roof': '', 'roof': '', 'ac_platform': '', 'plant_room': '', 'garden': '', 'yard': ''}",31.38,28.9169,24631,22697.723704866563,16082900150062,4553192,PRO-ASP,HRB,淺水灣/壽臣山,1986/12,1986,40,A,13.0,3,blank,GRAND GARDEN,華景園,True,POINT Z (22.227781 114.2010439 0),22.227781,114.2010439
1749,2017-06-23,"GRAND GARDEN(Block 3),SOUTH BAY RD|華景園3座,南灣道",11500.934689936144,1657,1217,"{'bay_window': '', 'flat_roof': '', 'roof': '', 'ac_platform': '', 'plant_room': '', 'garden': '', 'yard': ''}",35.0,32.1241,28759,26396.138044371404,17070601590052,4732849,ASP,HRB,淺水灣/壽臣山,1986/12,1986,40,B,13.0,3,blank,GRAND GARDEN,華景園,True,POINT Z (22.227781 114.2010439 0),22.227781,114.2010439
1750,2017-06-23,"GRAND GARDEN(Block 3),SOUTH BAY RD|華景園3座,南灣道",10843.725124210852,1657,1217,"{'bay_window': '', 'flat_roof': '', 'roof': '', 'ac_platform': '', 'plant_room': '', 'garden': '', 'yard': ''}",33.0,30.2884,27116,24887.756778964667,17070601590079,4732850,ASP,HRB,淺水灣/壽臣山,1986/12,1986,40,B,7.0,3,blank,GRAND GARDEN,華景園,True,POINT Z (22.227781 114.2010439 0),22.227781,114.2010439
1751,2021-06-30,"GRAND GARDEN(Block 3),SOUTH BAY RD|華景園3座,南灣道",11871.715881856113,1657,1274,"{'bay_window': '40', 'flat_roof': '', 'roof': '', 'ac_platform': '', 'plant_room': '', 'garden': '', 'yard': ''}",39.9,39.9,31319,31318.68131868132,21071900810022,5958084,ASP,HRB,淺水灣/壽臣山,1986/12,1986,40,A,11.0,3,blank,GRAND GARDEN,華景園,False,POINT Z (22.227781 114.2010439 0),22.227781,114.2010439
1752,2022-09-22,"GRAND GARDEN(Block 3),SOUTH BAY RD|華景園3座,南灣道",13871.166481583165,1657,1217,"{'bay_window': '', 'flat_roof': '', 'roof': '', 'ac_platform': '', 'plant_room': '', 'garden': '', 'yard': ''}",38.5,38.5,31635,31635.168447000822,22101001260018,6189874,ASP,HRB,淺水灣/壽臣山,1986/12,1986,40,B,25.0,3,blank,GRAND GARDEN,華景園,False,POINT Z (22.227781 114.2010439 0),22.227781,114.2010439
1753,2022-09-27,"GRAND GARDEN(Block 3),SOUTH BAY RD|華景園3座,南灣道",11701.79059053086,1657,1274,"{'bay_window': '40', 'flat_roof': '', 'roof': '', 'ac_platform': '', 'plant_room': '', 'garden': '', 'yard': ''}",34.0,34.0,26688,26687.598116169545,22101300470017,6191517,ASP,HRB,淺水灣/壽臣山,1986/12,1986,40,A,9.0,3,blank,GRAND GARDEN,華景園,False,POINT Z (22.227781 114.2010439 0),22.227781,114.2010439
1754,2022-11-21,"GRAND GARDEN(Block 3),SOUTH BAY RD|華景園3座,南灣道",12311.591657342156,1657,1274,"{'bay_window': '40', 'flat_roof': '', 'roof': '', 'ac_platform': '', 'plant_room': '', 'garden': '', 'yard': ''}",34.0,34.0,26688,26687.598116169545,22121201120178,6212662,PRO-ASP,HRB,淺水灣/壽臣山,1986/12,1986,40,A,12.0,3,blank,GRAND GARDEN,華景園,False,POINT Z (22.227781 114.2010439 0),22.227781,114.2010439
1755,2023-09-21,"GRAND GARDEN(Block 3),SOUTH BAY RD|華景園3座,南灣道",14156.744391241473,1657,1217,"{'bay_window': '', 'flat_roof': '', 'roof': '', 'ac_platform': '', 'plant_room': '', 'garden': '', 'yard': ''}",35.0,35.0,28759,28759.24404272802,23092900690016,6344986,ASP,HRB,淺水灣/壽臣山,1986/12,1986,40,B,23.0,3,blank,GRAND GARDEN,華景園,False,POINT Z (22.227781 114.2010439 0),22.227781,114.2010439
1756,2023-12-22,"GRAND GARDEN(Block 3),SOUTH BAY RD|華景園3座,南灣道",11642.60734294234,1657,1217,"{'bay_window': '', 'flat_roof': '', 'roof': '', 'ac_platform': '', 'plant_room': '', 'garden': '', 'yard': ''}",28.0,28.0,23007,23007.39523418241,24011601860014,6375618,PRE-ASP,HRB,淺水灣/壽臣山,1986/12,1986,40,B,2.0,3,blank,GRAND GARDEN,華景園,False,POINT Z (22.227781 114.2010439 0),22.227781,114.2010439
1757,1999-01-12,"PARKVIEW RISE(Block 8,HONG KONG PARKVIEW),TAI TAM RESERVOIR RD|陽明山莊,8座(凌雲閣),大潭水塘道",8427.776007259252,2366,1939,"{'bay_window': '', 'flat_roof': '', 'roof': '', 'ac_platform': '', 'plant_room': '', 'garden': '', 'yard': ''}",11.83,11.83,6101,6101.083032490975,7678392,134809,ASP,HRB,淺水灣/壽臣山,1989/11,1989,37,53,1.0,8,blank,HONG KONG PARKVIEW,陽明山莊,False,POINT Z (22.2575764 114.2006442 0),22.2575764,114.2006442
1758,1999-07-22,"PARKVIEW RISE(Block 8,HONG KONG PARKVIEW),TAI TAM RESERVOIR RD|陽明山莊,8座(凌雲閣),大潭水塘道",10153.17524269893,2366,1939,"{'bay_window': '', 'flat_roof': '', 'roof': '', 'ac_platform': '', 'plant_room': '', 'garden': '', 'yard': ''}",15.3,14.5109,7891,7483.702939659618,7835576,265286,ASP,HRB,淺水灣/壽臣山,1989/11,1989,37,53,20.0,8,blank,HONG KONG PARKVIEW,陽明山莊,True,POINT Z (22.2575764 114.2006442 0),22.2575764,114.2006442
1759,2000-01-21,"PARKVIEW RISE(Block 8,HONG KONG PARKVIEW),TAI TAM RESERVOIR RD|陽明山莊,8座(凌雲閣),大潭水塘道",10673.423191721184,2366,1939,"{'bay_window': '', 'flat_roof': '', 'roof': '', 'ac_platform': '', 'plant_room': '', 'garden': '', 'yard': ''}",15.5,14.7006,7994,7581.536874677668,7986467,378953,ASP,HRB,淺水灣/壽臣山,1989/11,1989,37,53,12.0,8,blank,HONG KONG PARKVIEW,陽明山莊,True,POINT Z (22.2575764 114.2006442 0),22.2575764,114.2006442
1760,2000-01-19,"PARKVIEW RISE(Block 8,HONG KONG PARKVIEW),TAI TAM RESERVOIR RD|陽明山莊,8座(凌雲閣),大潭水塘道",11017.717797214444,2366,1939,"{'bay_window': '', 'flat_roof': '', 'roof': '', 'ac_platform': '', 'plant_room': '', 'garden': '', 'yard': ''}",16.0,15.1748,8252,7826.095925734915,7986468,378954,ASP,HRB,淺水灣/壽臣山,1989/11,1989,37,53,6.0,8,blank,HONG KONG PARKVIEW,陽明山莊,True,POINT Z (22.2575764 114.2006442 0),22.2575764,114.2006442
1761,2000-08-11,"PARKVIEW RISE(Block 8,HONG KONG PARKVIEW),TAI TAM RESERVOIR RD|陽明山莊,8座(凌雲閣),大潭水塘道",11855.24395279947,2366,1939,"{'bay_window': '', 'flat_roof': '', 'roof': '', 'ac_platform': '', 'plant_room': '', 'garden': '', 'yard': ''}",15.9,15.08,8200,7777.20474471377,8179416,522856,PRO-ASP,HRB,淺水灣/壽臣山,1989/11,1989,37,53,22.0,8,blank,HONG KONG PARKVIEW,陽明山莊,True,POINT Z (22.2575764 114.2006442 0),22.2575764,114.2006442
1762,2000-09-08,"PARKVIEW RISE(Block 8,HONG KONG PARKVIEW),TAI TAM RESERVOIR RD|陽明山莊,8座(凌雲閣),大潭水塘道",9387.263846540416,2366,1939,"{'bay_window': '', 'flat_roof': '', 'roof': '', 'ac_platform': '', 'plant_room': '', 'garden': '', 'yard': ''}",12.95,12.2821,6679,6334.2444559051055,8204831,540897,MEM-ASP,HRB,淺水灣/壽臣山,1989/11,1989,37,53,7.0,8,blank,HONG KONG PARKVIEW,陽明山莊,True,POINT Z (22.2575764 114.2006442 0),22.2575764,114.2006442
1763,2001-11-02,"PARKVIEW RISE(Block 8,HONG KONG PARKVIEW),TAI TAM RESERVOIR RD|陽明山莊,8座(凌雲閣),大潭水塘道",10155.292492204762,2366,1939,"{'bay_window': '', 'flat_roof': '', 'roof': '', 'ac_platform': '', 'plant_room': '', 'garden': '', 'yard': ''}",11.8,11.191400000000002,6086,5771.738009283136,8537991,801559,ASP,HRB,淺水灣/壽臣山,1989/11,1989,37,53,9.0,8,blank,HONG KONG PARKVIEW,陽明山莊,True,POINT Z (22.2575764 114.2006442 0),22.2575764,114.2006442
1764,2001-11-19,"PARKVIEW RISE(Block 8,HONG KONG PARKVIEW),TAI TAM RESERVOIR RD|陽明山莊,8座(凌雲閣),大潭水塘道",10568.440505116534,2366,1939,"{'bay_window': '', 'flat_roof': '', 'roof': '', 'ac_platform': '', 'plant_room': '', 'garden': '', 'yard': ''}",12.28,11.6467,6333,6006.549767921609,8549919,812095,ASP,HRB,淺水灣/壽臣山,1989/11,1989,37,53,5.0,8,blank,HONG KONG PARKVIEW,陽明山莊,True,POINT Z (22.2575764 114.2006442 0),22.2575764,114.2006442
1765,2002-05-27,"PARKVIEW RISE(Block 8,HONG KONG PARKVIEW),TAI TAM RESERVOIR RD|陽明山莊,8座(凌雲閣),大潭水塘道",10799.829225527052,2366,1939,"{'bay_window': '', 'flat_roof': '', 'roof': '', 'ac_platform': '', 'plant_room': '', 'garden': '', 'yard': ''}",11.8,11.8,6086,6085.611139762765,8702256,922737,ASP,HRB,淺水灣/壽臣山,1989/11,1989,37,53,1.0,8,blank,HONG KONG PARKVIEW,陽明山莊,False,POINT Z (22.2575764 114.2006442 0),22.2575764,114.2006442
1766,2003-02-18,"PARKVIEW RISE(Block 8,HONG KONG PARKVIEW),TAI TAM RESERVOIR RD|陽明山莊,8座(凌雲閣),大潭水塘道",11567.69495217318,2366,1939,"{'bay_window': '', 'flat_roof': '', 'roof': '', 'ac_platform': '', 'plant_room': '', 'garden': '', 'yard': ''}",11.5,10.9069,5931,5625.01289324394,8884534,1066297,PRO-ASP,HRB,淺水灣/壽臣山,1989/11,1989,37,53,12.0,8,blank,HONG KONG PARKVIEW,陽明山莊,True,POINT Z (22.2575764 114.2006442 0),22.2575764,114.2006442
1767,2004-10-18,"PARKVIEW RISE(Block 8,HONG KONG PARKVIEW),TAI TAM RESERVOIR RD|陽明山莊,8座(凌雲閣),大潭水塘道",12349.218186216109,2366,1939,"{'bay_window': '', 'flat_roof': '', 'roof': '', 'ac_platform': '', 'plant_room': '', 'garden': '', 'yard': ''}",18.5,17.5459,9541,9048.942753996906,9389239,1464879,ASP,HRB,淺水灣/壽臣山,1989/11,1989,37,53,7.0,8,blank,HONG KONG PARKVIEW,陽明山莊,True,POINT Z (22.2575764 114.2006442 0),22.2575764,114.2006442
1768,2004-11-27,"PARKVIEW RISE(Block 8,HONG KONG PARKVIEW),TAI TAM RESERVOIR RD|陽明山莊,8座(凌雲閣),大潭水塘道",12988.761338487824,2366,1939,"{'bay_window': '', 'flat_roof': '', 'roof': '', 'ac_platform': '', 'plant_room': '', 'garden': '', 'yard': ''}",19.0,18.0201,9799,9293.501805054151,9412621,1483506,ASP,HRB,淺水灣/壽臣山,1989/11,1989,37,53,9.0,8,blank,HONG KONG PARKVIEW,陽明山莊,True,POINT Z (22.2575764 114.2006442 0),22.2575764,114.2006442
1769,2005-01-11,"PARKVIEW RISE(Block 8,HONG KONG PARKVIEW),TAI TAM RESERVOIR RD|陽明山莊,8座(凌雲閣),大潭水塘道",12469.7044812714,2366,1939,"{'bay_window': '', 'flat_roof': '', 'roof': '', 'ac_platform': '', 'plant_room': '', 'garden': '', 'yard': ''}",19.2,18.2098,9902,9391.335740072202,9475376,1530370,PRO-ASP,HRB,淺水灣/壽臣山,1989/11,1989,37,53,11.0,8,blank,HONG KONG PARKVIEW,陽明山莊,True,POINT Z (22.2575764 114.2006442 0),22.2575764,114.2006442
1770,2005-09-26,"PARKVIEW RISE(Block 8,HONG KONG PARKVIEW),TAI TAM RESERVOIR RD|陽明山莊,8座(凌雲閣),大潭水塘道",12326.193845830514,2366,1939,"{'bay_window': '', 'flat_roof': '', 'roof': '', 'ac_platform': '', 'plant_room': '', 'garden': '', 'yard': ''}",19.8,18.7789,10211,9684.837545126356,5102502440013,1752760,PRO-ASP,HRB,淺水灣/壽臣山,1988/08,1988,38,53,18.0,8,blank,HONG KONG PARKVIEW,陽明山莊,True,POINT Z (22.2575764 114.2006442 0),22.2575764,114.2006442
1771,2005-11-08,"PARKVIEW RISE(Block 8,HONG KONG PARKVIEW),TAI TAM RESERVOIR RD|陽明山莊,8座(凌雲閣),大潭水塘道",11729.363232683849,2366,1939,"{'bay_window': '', 'flat_roof': '', 'roof': '', 'ac_platform': '', 'plant_room': '', 'garden': '', 'yard': ''}",17.7,16.7872,9128,8657.658586900465,5120701450087,1780066,MEM-ASP,HRB,淺水灣/壽臣山,1988/08,1988,38,53,10.0,8,blank,HONG KONG PARKVIEW,陽明山莊,True,POINT Z (22.2575764 114.2006442 0),22.2575764,114.2006442
1772,2006-11-03,"PARKVIEW RISE(Block 8,HONG KONG PARKVIEW),TAI TAM RESERVOIR RD|陽明山莊,8座(凌雲閣),大潭水塘道",12756.72277773347,2366,1939,"{'bay_window': '', 'flat_roof': '', 'roof': '', 'ac_platform': '', 'plant_room': '', 'garden': '', 'yard': ''}",19.8,18.7789,10211,9684.837545126356,6112800880018,2011313,PRO-ASP,HRB,淺水灣/壽臣山,1988/08,1988,38,53,17.0,8,blank,HONG KONG PARKVIEW,陽明山莊,True,POINT Z (22.2575764 114.2006442 0),22.2575764,114.2006442
1773,2007-04-30,"PARKVIEW RISE(Block 8,HONG KONG PARKVIEW),TAI TAM RESERVOIR RD|陽明山莊,8座(凌雲閣),大潭水塘道",11827.942878485916,2366,1939,"{'bay_window': '', 'flat_roof': '', 'roof': '', 'ac_platform': '', 'plant_room': '', 'garden': '', 'yard': ''}",19.6,18.5892,10108,9587.003610108302,7051802170034,2135344,ASP,HRB,淺水灣/壽臣山,1988/08,1988,38,53,6.0,8,blank,HONG KONG PARKVIEW,陽明山莊,True,POINT Z (22.2575764 114.2006442 0),22.2575764,114.2006442
1774,2007-09-07,"PARKVIEW RISE(Block 8,HONG KONG PARKVIEW),TAI TAM RESERVOIR RD|陽明山莊,8座(凌雲閣),大潭水塘道",11869.49468290942,2366,1939,"{'bay_window': '', 'flat_roof': '', 'roof': '', 'ac_platform': '', 'plant_room': '', 'garden': '', 'yard': ''}",20.0,20.0,10315,10314.59515214028,7100301990053,2261769,ASP,HRB,淺水灣/壽臣山,1988/08,1988,38,53,1.0,8,blank,HONG KONG PARKVIEW,陽明山莊,False,POINT Z (22.2575764 114.2006442 0),22.2575764,114.2006442
1775,2007-10-25,"PARKVIEW RISE(Block 8,HONG KONG PARKVIEW),TAI TAM RESERVOIR RD|陽明山莊,8座(凌雲閣),大潭水塘道",13010.224742095226,2366,1939,"{'bay_window': '', 'flat_roof': '', 'roof': '', 'ac_platform': '', 'plant_room': '', 'garden': '', 'yard': ''}",24.0,22.7622,12378,11739.143888602372,7112001560274,2308753,ASP,HRB,淺水灣/壽臣山,1988/08,1988,38,53,10.0,8,blank,HONG KONG PARKVIEW,陽明山莊,True,POINT Z (22.2575764 114.2006442 0),22.2575764,114.2006442
1776,2010-06-29,"PARKVIEW RISE(Block 8,HONG KONG PARKVIEW),TAI TAM RESERVOIR RD|陽明山莊,8座(凌雲閣),大潭水塘道",12551.310542658995,2366,1915,"{'bay_window': '', 'flat_roof': '', 'roof': '', 'ac_platform': '', 'plant_room': '', 'garden': '', 'yard': ''}",30.0,28.4334,15666,14847.728459530026,10071403180466,3152511,PRO-ASP,HRB,淺水灣/壽臣山,1988/08,1988,38,53,12.0,8,blank,HONG KONG PARKVIEW,陽明山莊,True,POINT Z (22.2575764 114.2006442 0),22.2575764,114.2006442
1777,2010-07-27,"PARKVIEW RISE(Block 8,HONG KONG PARKVIEW),TAI TAM RESERVOIR RD|陽明山莊,8座(凌雲閣),大潭水塘道",12192.572950968452,2366,1915,"{'bay_window': '', 'flat_roof': '', 'roof': '', 'ac_platform': '', 'plant_room': '', 'garden': '', 'yard': ''}",30.8,29.1916,16084,15243.65535248042,10081102180449,3184512,ASP,HRB,淺水灣/壽臣山,1988/08,1988,38,55,16.0,8,blank,HONG KONG PARKVIEW,陽明山莊,True,POINT Z (22.2575764 114.2006442 0),22.2575764,114.2006442
1778,2010-08-27,"PARKVIEW RISE(Block 8,HONG KONG PARKVIEW),TAI TAM RESERVOIR RD|陽明山莊,8座(凌雲閣),大潭水塘道",12855.094573213555,2366,1915,"{'bay_window': '', 'flat_roof': '', 'roof': '', 'ac_platform': '', 'plant_room': '', 'garden': '', 'yard': ''}",33.0,31.2768,17232,16332.532637075718,10091401850064,3222911,ASP,HRB,淺水灣/壽臣山,1988/08,1988,38,55,9.0,8,blank,HONG KONG PARKVIEW,陽明山莊,True,POINT Z (22.2575764 114.2006442 0),22.2575764,114.2006442
1779,2011-01-28,"PARKVIEW RISE(Block 8,HONG KONG PARKVIEW),TAI TAM RESERVOIR RD|陽明山莊,8座(凌雲閣),大潭水塘道",12296.684633856468,2366,1915,"{'bay_window': '', 'flat_roof': '', 'roof': '', 'ac_platform': '', 'plant_room': '', 'garden': '', 'yard': ''}",33.6,31.8454,17546,16629.451697127937,11022400400021,3399058,PRE-ASP,HRB,淺水灣/壽臣山,1988/08,1988,38,53,6.0,8,blank,HONG KONG PARKVIEW,陽明山莊,True,POINT Z (22.2575764 114.2006442 0),22.2575764,114.2006442
1780,2011-02-18,"PARKVIEW RISE(Block 8,HONG KONG PARKVIEW),TAI TAM RESERVOIR RD|陽明山莊,8座(凌雲閣),大潭水塘道",11559.640634250967,2366,1915,"{'bay_window': '', 'flat_roof': '', 'roof': '', 'ac_platform': '', 'plant_room': '', 'garden': '', 'yard': ''}",33.0,31.2768,17232,16332.532637075718,11030302580039,3405441,ASP,HRB,淺水灣/壽臣山,1988/08,1988,38,53,8.0,8,blank,HONG KONG PARKVIEW,陽明山莊,True,POINT Z (22.2575764 114.2006442 0),22.2575764,114.2006442
1781,2011-06-03,"PARKVIEW RISE(Block 8,HONG KONG PARKVIEW),TAI TAM RESERVOIR RD|陽明山莊,8座(凌雲閣),大潭水塘道",12502.969470973185,2366,1915,"{'bay_window': '', 'flat_roof': '', 'roof': '', 'ac_platform': '', 'plant_room': '', 'garden': '', 'yard': ''}",38.0,36.0157,19843,18807.154046997388,11062300890013,3513135,ASP,HRB,淺水灣/壽臣山,1988/08,1988,38,55,20.0,8,blank,HONG KONG PARKVIEW,陽明山莊,True,POINT Z (22.2575764 114.2006442 0),22.2575764,114.2006442
1782,2011-07-07,"PARKVIEW RISE(Block 8,HONG KONG PARKVIEW),TAI TAM RESERVOIR RD|陽明山莊,8座(凌雲閣),大潭水塘道",11520.786187643069,2366,1915,"{'bay_window': '', 'flat_roof': '', 'roof': '', 'ac_platform': '', 'plant_room': '', 'garden': '', 'yard': ''}",35.0,33.1723,18277,17322.349869451697,11072600740075,3538724,ASP,HRB,淺水灣/壽臣山,1988/08,1988,38,53,18.0,8,blank,HONG KONG PARKVIEW,陽明山莊,True,POINT Z (22.2575764 114.2006442 0),22.2575764,114.2006442
1783,2012-10-22,"PARKVIEW RISE(Block 8,HONG KONG PARKVIEW),TAI TAM RESERVOIR RD|陽明山莊,8座(凌雲閣),大潭水塘道",11342.337685274084,2366,1915,"{'bay_window': '', 'flat_roof': '', 'roof': '', 'ac_platform': '', 'plant_room': '', 'garden': '', 'yard': ''}",39.5,37.4373,20627,19549.503916449084,12110601840067,3845570,ASP,HRB,淺水灣/壽臣山,1988/08,1988,38,53,15.0,8,blank,HONG KONG PARKVIEW,陽明山莊,True,POINT Z (22.2575764 114.2006442 0),22.2575764,114.2006442
1784,2013-08-05,"PARKVIEW RISE(Block 8,HONG KONG PARKVIEW),TAI TAM RESERVOIR RD|陽明山莊,8座(凌雲閣),大潭水塘道",9149.536824700574,2366,1915,"{'bay_window': '', 'flat_roof': '', 'roof': '', 'ac_platform': '', 'plant_room': '', 'garden': '', 'yard': ''}",33.6,31.8454,17546,16629.451697127937,13081501830015,4019998,ASP,HRB,淺水灣/壽臣山,1988/08,1988,38,53,9.0,8,blank,HONG KONG PARKVIEW,陽明山莊,True,POINT Z (22.2575764 114.2006442 0),22.2575764,114.2006442
1785,2014-05-13,"PARKVIEW RISE(Block 8,HONG KONG PARKVIEW),TAI TAM RESERVOIR RD|陽明山莊,8座(凌雲閣),大潭水塘道",9820.023695966203,2366,1915,"{'bay_window': '', 'flat_roof': '', 'roof': '', 'ac_platform': '', 'plant_room': '', 'garden': '', 'yard': ''}",36.0,34.1201,18799,17817.28459530026,14052602210084,4141378,ASP,HRB,淺水灣/壽臣山,1988/08,1988,38,53,1.0,8,blank,HONG KONG PARKVIEW,陽明山莊,True,POINT Z (22.2575764 114.2006442 0),22.2575764,114.2006442
1786,2015-04-15,"PARKVIEW RISE(Block 8,HONG KONG PARKVIEW),TAI TAM RESERVOIR RD|陽明山莊,8座(凌雲閣),大潭水塘道",9818.881455840168,2366,1915,"{'bay_window': '', 'flat_roof': '', 'roof': '', 'ac_platform': '', 'plant_room': '', 'garden': '', 'yard': ''}",40.88,38.7453,21347,20232.53263707572,15042901170017,4340667,ASP,HRB,淺水灣/壽臣山,1988/08,1988,38,53,2.0,8,blank,HONG KONG PARKVIEW,陽明山莊,True,POINT Z (22.2575764 114.2006442 0),22.2575764,114.2006442
1787,2016-06-21,"PARKVIEW RISE(Block 8,HONG KONG PARKVIEW),TAI TAM RESERVOIR RD|陽明山莊,8座(凌雲閣),大潭水塘道",10936.54251021928,2366,1915,"{'bay_window': '', 'flat_roof': '', 'roof': '', 'ac_platform': '', 'plant_room': '', 'garden': '', 'yard': ''}",42.5,40.2807,22193,21034.30809399478,16070802170076,4529849,ASP,HRB,淺水灣/壽臣山,1988/08,1988,38,53,8.0,8,blank,HONG KONG PARKVIEW,陽明山莊,True,POINT Z (22.2575764 114.2006442 0),22.2575764,114.2006442
1788,2017-09-22,"PARKVIEW RISE(Block 8,HONG KONG PARKVIEW),TAI TAM RESERVOIR RD|陽明山莊,8座(凌雲閣),大潭水塘道",10774.098903358095,2366,1915,"{'bay_window': '', 'flat_roof': '', 'roof': '', 'ac_platform': '', 'plant_room': '', 'garden': '', 'yard': ''}",47.3,47.3,24700,24699.738903394256,17101302050147,5232091,ASP,HRB,淺水灣/壽臣山,1988/08,1988,38,53,22.0,8,blank,HONG KONG PARKVIEW,陽明山莊,False,POINT Z (22.2575764 114.2006442 0),22.2575764,114.2006442
1789,2017-10-06,"PARKVIEW RISE(Block 8,HONG KONG PARKVIEW),TAI TAM RESERVOIR RD|陽明山莊,8座(凌雲閣),大潭水塘道",9969.49469553623,2366,1915,"{'bay_window': '', 'flat_roof': '', 'roof': '', 'ac_platform': '', 'plant_room': '', 'garden': '', 'yard': ''}",43.8,43.8,22872,22872.062663185377,17102701620056,5239796,PRO-ASP,HRB,淺水灣/壽臣山,1988/08,1988,38,55,3.0,8,blank,HONG KONG PARKVIEW,陽明山莊,False,POINT Z (22.2575764 114.2006442 0),22.2575764,114.2006442
1790,2018-04-20,"PARKVIEW RISE(Block 8,HONG KONG PARKVIEW),TAI TAM RESERVOIR RD|陽明山莊,8座(凌雲閣),大潭水塘道",11835.2074402712,2366,1915,"{'bay_window': '', 'flat_roof': '', 'roof': '', 'ac_platform': '', 'plant_room': '', 'garden': '', 'yard': ''}",57.38,57.38,29963,29963.446475195826,18042402200237,5343821,ASP,HRB,淺水灣/壽臣山,1988/08,1988,38,53,9.0,8,blank,HONG KONG PARKVIEW,陽明山莊,False,POINT Z (22.2575764 114.2006442 0),22.2575764,114.2006442
1791,2018-05-29,"PARKVIEW RISE(Block 8,HONG KONG PARKVIEW),TAI TAM RESERVOIR RD|陽明山莊,8座(凌雲閣),大潭水塘道",10196.523249274214,2366,1915,"{'bay_window': '', 'flat_roof': '', 'roof': '', 'ac_platform': '', 'plant_room': '', 'garden': '', 'yard': ''}",49.3,49.3,25744,25744.12532637076,18061402090041,5375747,ASP,HRB,淺水灣/壽臣山,1988/08,1988,38,55,21.0,8,blank,HONG KONG PARKVIEW,陽明山莊,False,POINT Z (22.2575764 114.2006442 0),22.2575764,114.2006442
1792,2018-08-15,"PARKVIEW RISE(Block 8,HONG KONG PARKVIEW),TAI TAM RESERVOIR RD|陽明山莊,8座(凌雲閣),大潭水塘道",10546.079505807706,2366,1915,"{'bay_window': '', 'flat_roof': '', 'roof': '', 'ac_platform': '', 'plant_room': '', 'garden': '', 'yard': ''}",53.0,53.0,27676,27676.240208877283,18082402350065,5420343,ASP,HRB,淺水灣/壽臣山,1988/08,1988,38,55,15.0,8,blank,HONG KONG PARKVIEW,陽明山莊,False,POINT Z (22.2575764 114.2006442 0),22.2575764,114.2006442
1793,2019-03-25,"PARKVIEW RISE(Block 8,HONG KONG PARKVIEW),TAI TAM RESERVOIR RD|陽明山莊,8座(凌雲閣),大潭水塘道",10356.279052544203,2366,1915,"{'bay_window': '', 'flat_roof': '', 'roof': '', 'ac_platform': '', 'plant_room': '', 'garden': '', 'yard': ''}",50.0,50.0,26110,26109.660574412534,19041801750079,5529267,ASP,HRB,淺水灣/壽臣山,1988/08,1988,38,55,16.0,8,blank,HONG KONG PARKVIEW,陽明山莊,False,POINT Z (22.2575764 114.2006442 0),22.2575764,114.2006442
1794,2019-05-24,"PARKVIEW RISE(Block 8,HONG KONG PARKVIEW),TAI TAM RESERVOIR RD|陽明山莊,8座(凌雲閣),大潭水塘道",9674.21663659476,2366,1915,"{'bay_window': '', 'flat_roof': '', 'roof': '', 'ac_platform': '', 'plant_room': '', 'garden': '', 'yard': ''}",49.2,49.2,25692,25691.90600522193,19061802510022,5567262,PRO-ASP,HRB,淺水灣/壽臣山,1988/08,1988,38,55,10.0,8,blank,HONG KONG PARKVIEW,陽明山莊,False,POINT Z (22.2575764 114.2006442 0),22.2575764,114.2006442
1795,2020-03-23,"PARKVIEW RISE(Block 8,HONG KONG PARKVIEW),TAI TAM RESERVOIR RD|陽明山莊,8座(凌雲閣),大潭水塘道",9236.470165049008,2366,1915,"{'bay_window': '', 'flat_roof': '', 'roof': '', 'ac_platform': '', 'plant_room': '', 'garden': '', 'yard': ''}",45.2,45.2,23603,23603.13315926893,20041702000018,5697513,MEM-ASP,HRB,淺水灣/壽臣山,1988/08,1988,38,55,22.0,8,blank,HONG KONG PARKVIEW,陽明山莊,False,POINT Z (22.2575764 114.2006442 0),22.2575764,114.2006442
1796,2021-05-18,"PARKVIEW RISE(Block 8,HONG KONG PARKVIEW),TAI TAM RESERVOIR RD|陽明山莊,8座(凌雲閣),大潭水塘道",11698.568314113852,2366,1915,"{'bay_window': '', 'flat_roof': '', 'roof': '', 'ac_platform': '', 'plant_room': '', 'garden': '', 'yard': ''}",57.0,57.0,29765,29765.013054830288,21060402290021,5927161,ASP,HRB,淺水灣/壽臣山,1988/08,1988,38,53,7.0,8,blank,HONG KONG PARKVIEW,陽明山莊,False,POINT Z (22.2575764 114.2006442 0),22.2575764,114.2006442
1797,2022-01-27,"PARKVIEW RISE(Block 8,HONG KONG PARKVIEW),TAI TAM RESERVOIR RD|陽明山莊,8座(凌雲閣),大潭水塘道",12102.1086161408,2366,1915,"{'bay_window': '', 'flat_roof': '', 'roof': '', 'ac_platform': '', 'plant_room': '', 'garden': '', 'yard': ''}",57.88,57.88,30225,30224.543080939948,22021400270063,6088912,ASP,HRB,淺水灣/壽臣山,1988/08,1988,38,55,7.0,8,blank,HONG KONG PARKVIEW,陽明山莊,False,POINT Z (22.2575764 114.2006442 0),22.2575764,114.2006442
1798,2023-04-14,"PARKVIEW RISE(Block 8,HONG KONG PARKVIEW),TAI TAM RESERVOIR RD|陽明山莊,8座(凌雲閣),大潭水塘道",11964.509859635593,2366,1915,"{'bay_window': '', 'flat_roof': '', 'roof': '', 'ac_platform': '', 'plant_room': '', 'garden': '', 'yard': ''}",53.0,53.0,27676,27676.240208877283,23051000520083,6280807,PRO-ASP,HRB,淺水灣/壽臣山,1988/08,1988,38,55,12.0,8,blank,HONG KONG PARKVIEW,陽明山莊,False,POINT Z (22.2575764 114.2006442 0),22.2575764,114.2006442
1799,2004-09-17,"56 REPULSE BAY RD,REPULSE BAY RD|淺水灣道56號,淺水灣道",27068.21056174362,2671,2131,"{'bay_window': '', 'flat_roof': '', 'roof': '', 'ac_platform': '', 'plant_room': '', 'garden': '', 'yard': ''}",41.401,39.458200000000005,19428,18516.28343500704,9347966,1429897,ASP,HRB,淺水灣/壽臣山,1994/04,1994,32,31,0.0,blank,blank,blank,,True,POINT Z (22.237556 114.19317 0),22.237556,114.19317
1800,2005-05-05,"56 REPULSE BAY RD,REPULSE BAY RD|淺水灣道56號,淺水灣道",26636.588892750773,0,2131,"{'bay_window': '', 'flat_roof': '', 'roof': '', 'ac_platform': '', 'plant_room': '', 'garden': '', 'yard': ''}",45.0,42.8886,21114,20126.04411074613,5060100280036,1633741,ASP,HRB,淺水灣/壽臣山,1994/04,1994,32,35,0.0,blank,blank,blank,,True,POINT Z (22.237556 114.19317 0),22.237556,114.19317
1801,2006-04-12,"56 REPULSE BAY RD,REPULSE BAY RD|淺水灣道56號,淺水灣道",22200.266151642038,3265,2621,"{'bay_window': '', 'flat_roof': '', 'roof': '879', 'ac_platform': '', 'plant_room': '', 'garden': '', 'yard': ''}",46.0,44.2449,17551,16880.923311713086,6051000600324,1872699,PRO-ASP,HRB,淺水灣/壽臣山,1994/04,1994,32,8,0.0,blank,blank,blank,,True,POINT Z (22.237556 114.19317 0),22.237556,114.19317
1802,2007-12-14,"56 REPULSE BAY RD,REPULSE BAY RD|淺水灣道56號,淺水灣道",36260.69319313429,2813,2131,"{'bay_window': '', 'flat_roof': '', 'roof': '', 'ac_platform': '', 'plant_room': '', 'garden': '', 'yard': ''}",79.4,75.674,37260,35511.02768653214,8010803120099,2366111,PRO-ASP,HRB,淺水灣/壽臣山,1994/04,1994,32,35,0.0,blank,blank,blank,,True,POINT Z (22.237556 114.19317 0),22.237556,114.19317
1803,2014-01-10,"56 REPULSE BAY RD,REPULSE BAY RD|淺水灣道56號,淺水灣道",22879.59706784653,2671,2131,"{'bay_window': '', 'flat_roof': '', 'roof': '', 'ac_platform': '', 'plant_room': '', 'garden': '', 'yard': ''}",92.3,87.9687,43313,41280.47864852182,14012300410013,4089372,ASP,HRB,淺水灣/壽臣山,1994/04,1994,32,31,0.0,blank,blank,blank,,True,POINT Z (22.237556 114.19317 0),22.237556,114.19317
1804,2017-06-09,"56 REPULSE BAY RD,REPULSE BAY RD|淺水灣道56號,淺水灣道",30379.82373782468,3265,2621,"{'bay_window': '', 'flat_roof': '', 'roof': '879', 'ac_platform': '', 'plant_room': '', 'garden': '', 'yard': ''}",190.0,182.7509,72491,69725.63906905761,17070601780013,4732943,PRE-ASP,HRB,淺水灣/壽臣山,1994/04,1994,32,8,0.0,blank,blank,blank,,True,POINT Z (22.237556 114.19317 0),22.237556,114.19317
1805,2022-12-01,"56 REPULSE BAY RD,REPULSE BAY RD|淺水灣道56號,淺水灣道",34057.08135608361,6422,5148,"{'bay_window': '', 'flat_roof': '', 'roof': '', 'ac_platform': '', 'plant_room': '', 'garden': '', 'yard': ''}",372.6,372.6,72378,72377.62237762238,22122001030015,6215705,ASP,HRB,淺水灣/壽臣山,1994/04,1994,32,19,0.0,blank,blank,blank,,False,POINT Z (22.237556 114.19317 0),22.237556,114.19317
1806,2022-01-24,"56 REPULSE BAY RD,REPULSE BAY RD|淺水灣道56號,淺水灣道",29648.19450664739,3201,2566,"{'bay_window': '', 'flat_roof': '', 'roof': '', 'ac_platform': '', 'plant_room': '', 'garden': '', 'yard': ''}",190.0,190.0,74045,74045.2065471551,23011601660017,6225373,ASP,HRB,淺水灣/壽臣山,1994/04,1994,32,7,0.0,blank,blank,blank,,False,POINT Z (22.237556 114.19317 0),22.237556,114.19317
1807,2022-01-24,"56 REPULSE BAY RD,REPULSE BAY RD|淺水灣道56號,淺水灣道",29556.04782597405,3211,2574,"{'bay_window': '', 'flat_roof': '', 'roof': '', 'ac_platform': '', 'plant_room': '', 'garden': '', 'yard': ''}",190.0,190.0,73815,73815.07381507382,23011601660030,6225375,ASP,HRB,淺水灣/壽臣山,1994/04,1994,32,6,0.0,blank,blank,blank,,False,POINT Z (22.237556 114.19317 0),22.237556,114.19317
1808,2025-10-15,"56 REPULSE BAY RD,REPULSE BAY RD|淺水灣道56號,淺水灣道",26412.374181978856,6485,5160,"{'bay_window': '', 'flat_roof': '', 'roof': '', 'ac_platform': '', 'plant_room': '', 'garden': '', 'yard': ''}",255.0,255.0,49419,49418.6046511628,25110401140011,6683853,PRO-ASP,HRB,淺水灣/壽臣山,1994/04,1994,32,27,0.0,blank,blank,blank,,False,POINT Z (22.237556 114.19317 0),22.237556,114.19317
1809,2005-10-04,"CELESTIAL GARDEN,REPULSE BAY RD|詩禮花園,淺水灣道",14910.386834400262,0,2264,"{'bay_window': '', 'flat_roof': '', 'roof': '', 'ac_platform': '', 'plant_room': '', 'garden': '', 'yard': ''}",27.0,25.8074,11926,11399.028268551236,5102700320274,1754725,ASP,HRB,淺水灣/壽臣山,1978/09,1978,48,C,6.0,blank,blank,blank,,True,POINT Z (22.2551539 114.193469 0),22.2551539,114.193469
1810,2006-01-20,"CELESTIAL GARDEN,REPULSE BAY RD|詩禮花園,淺水灣道",16416.645627017053,0,2264,"{'bay_window': '', 'flat_roof': '', 'roof': '', 'ac_platform': '', 'plant_room': '', 'garden': '', 'yard': ''}",28.8,27.5279,12721,12158.966431095409,6020901130034,1815197,ASP,HRB,淺水灣/壽臣山,1978/09,1978,48,C,12.0,blank,blank,blank,,True,POINT Z (22.2551539 114.193469 0),22.2551539,114.193469
1811,2006-05-12,"CELESTIAL GARDEN,REPULSE BAY RD|詩禮花園,淺水灣道",18397.27128322688,0,1962,"{'bay_window': '', 'flat_roof': '', 'roof': '', 'ac_platform': '', 'plant_room': '', 'garden': '', 'yard': ''}",28.83,27.3606,14694,13945.25993883792,6052701390221,1884959,ASP,HRB,淺水灣/壽臣山,1978/09,1978,48,B,5.0,blank,blank,blank,,True,POINT Z (22.2551539 114.193469 0),22.2551539,114.193469
1812,2006-11-15,"CELESTIAL GARDEN,REPULSE BAY RD|詩禮花園,淺水灣道",20706.725617580032,0,1962,"{'bay_window': '', 'flat_roof': '', 'roof': '', 'ac_platform': '', 'plant_room': '', 'garden': '', 'yard': ''}",32.5,30.8435,16565,15720.438328236494,6112501310031,2010566,ASP,HRB,淺水灣/壽臣山,1978/09,1978,48,B,12.0,blank,blank,blank,,True,POINT Z (22.2551539 114.193469 0),22.2551539,114.193469
1813,2007-10-17,"CELESTIAL GARDEN,REPULSE BAY RD|詩禮花園,淺水灣道",17490.07194599518,0,2264,"{'bay_window': '', 'flat_roof': '', 'roof': '', 'ac_platform': '', 'plant_room': '', 'garden': '', 'yard': ''}",37.38,35.7289,16511,15781.31625441696,7110201400176,2289972,ASP,HRB,淺水灣/壽臣山,1978/09,1978,48,C,2.0,blank,blank,blank,,True,POINT Z (22.2551539 114.193469 0),22.2551539,114.193469
1814,2007-10-17,"CELESTIAL GARDEN,REPULSE BAY RD|詩禮花園,淺水灣道",18049.89646898232,0,1970,"{'bay_window': '', 'flat_roof': '', 'roof': '', 'ac_platform': '', 'plant_room': '', 'garden': '', 'yard': ''}",33.8,32.0843,17157,16286.446700507617,7110902450296,2297511,ASP,HRB,淺水灣/壽臣山,1978/09,1978,48,A,9.0,blank,blank,blank,,True,POINT Z (22.2551539 114.193469 0),22.2551539,114.193469
1815,2007-11-05,"CELESTIAL GARDEN,REPULSE BAY RD|詩禮花園,淺水灣道",16997.80784951909,0,1970,"{'bay_window': '', 'flat_roof': '', 'roof': '', 'ac_platform': '', 'plant_room': '', 'garden': '', 'yard': ''}",33.5,31.7995,17005,16141.878172588831,7120301800081,2324417,ASP,HRB,淺水灣/壽臣山,1978/09,1978,48,A,3.0,blank,blank,blank,,True,POINT Z (22.2551539 114.193469 0),22.2551539,114.193469
1816,2007-12-12,"CELESTIAL GARDEN,REPULSE BAY RD|詩禮花園,淺水灣道",18883.70747649385,0,1970,"{'bay_window': '', 'flat_roof': '', 'roof': '', 'ac_platform': '', 'plant_room': '', 'garden': '', 'yard': ''}",38.38,36.4318,19482,18493.299492385788,8010401610262,2362413,ASP,HRB,淺水灣/壽臣山,1978/09,1978,48,A,5.0,blank,blank,blank,,True,POINT Z (22.2551539 114.193469 0),22.2551539,114.193469
1817,2009-07-27,"CELESTIAL GARDEN,REPULSE BAY RD|詩禮花園,淺水灣道",17108.18360745189,0,2264,"{'bay_window': '', 'flat_roof': '', 'roof': '', 'ac_platform': '', 'plant_room': '', 'garden': '', 'yard': ''}",42.0,40.1449,18551,17731.84628975265,9081201860109,2820254,PRO-ASP,HRB,淺水灣/壽臣山,1978/09,1978,48,C,11.0,blank,blank,blank,,True,POINT Z (22.2551539 114.193469 0),22.2551539,114.193469
1818,2009-09-28,"CELESTIAL GARDEN,REPULSE BAY RD|詩禮花園,淺水灣道",18276.747267226943,0,1962,"{'bay_window': '', 'flat_roof': '', 'roof': '', 'ac_platform': '', 'plant_room': '', 'garden': '', 'yard': ''}",40.8,38.7205,20795,19735.219164118247,9101402580114,2884609,PRO-ASP,HRB,淺水灣/壽臣山,1978/09,1978,48,B,7.0,blank,blank,blank,,True,POINT Z (22.2551539 114.193469 0),22.2551539,114.193469
1819,2010-01-11,"CELESTIAL GARDEN,REPULSE BAY RD|詩禮花園,淺水灣道",18118.699817847075,0,1970,"{'bay_window': '', 'flat_roof': '', 'roof': '', 'ac_platform': '', 'plant_room': '', 'garden': '', 'yard': ''}",42.0,39.868,21320,20237.56345177665,10021003000476,2999610,MEM-ASP,HRB,淺水灣/壽臣山,1978/09,1978,48,A,11.0,blank,blank,blank,,True,POINT Z (22.2551539 114.193469 0),22.2551539,114.193469
1820,2010-04-19,"CELESTIAL GARDEN,REPULSE BAY RD|詩禮花園,淺水灣道",19286.038155721773,0,1962,"{'bay_window': '', 'flat_roof': '', 'roof': '', 'ac_platform': '', 'plant_room': '', 'garden': '', 'yard': ''}",47.0,44.6045,23955,22734.1997961264,10051002170076,3088370,PRO-ASP,HRB,淺水灣/壽臣山,1978/09,1978,48,B,12.0,blank,blank,blank,,True,POINT Z (22.2551539 114.193469 0),22.2551539,114.193469
1821,2010-10-21,"CELESTIAL GARDEN,REPULSE BAY RD|詩禮花園,淺水灣道",19642.185397468947,0,2264,"{'bay_window': '', 'flat_roof': '', 'roof': '', 'ac_platform': '', 'plant_room': '', 'garden': '', 'yard': ''}",60.0,57.3498,26502,25331.18374558304,10111601150019,3295541,PRO-ASP,HRB,淺水灣/壽臣山,1978/09,1978,48,C,11.0,blank,blank,blank,,True,POINT Z (22.2551539 114.193469 0),22.2551539,114.193469
1822,2011-03-22,"CELESTIAL GARDEN,REPULSE BAY RD|詩禮花園,淺水灣道",15678.703145168522,0,1970,"{'bay_window': '', 'flat_roof': '', 'roof': '', 'ac_platform': '', 'plant_room': '', 'garden': '', 'yard': ''}",47.28,44.88,24000,22781.725888324872,11040802310098,3441679,ASP,HRB,淺水灣/壽臣山,1978/09,1978,48,A,4.0,blank,blank,blank,,True,POINT Z (22.2551539 114.193469 0),22.2551539,114.193469
1823,2011-11-08,"CELESTIAL GARDEN,REPULSE BAY RD|詩禮花園,淺水灣道",16768.025716903132,0,1962,"{'bay_window': '', 'flat_roof': '', 'roof': '', 'ac_platform': '', 'plant_room': '', 'garden': '', 'yard': ''}",52.0,49.3496,26504,25152.70132517839,11112801760131,3614774,ASP,HRB,淺水灣/壽臣山,1978/09,1978,48,B,15.0,blank,blank,blank,,True,POINT Z (22.2551539 114.193469 0),22.2551539,114.193469
1824,2011-11-22,"CELESTIAL GARDEN,REPULSE BAY RD|詩禮花園,淺水灣道",16141.43592938091,0,1970,"{'bay_window': '', 'flat_roof': '', 'roof': '', 'ac_platform': '', 'plant_room': '', 'garden': '', 'yard': ''}",50.25,47.6992,25508,24212.79187817259,11122000590022,3627358,ASP,HRB,淺水灣/壽臣山,1978/09,1978,48,A,17.0,blank,blank,blank,,True,POINT Z (22.2551539 114.193469 0),22.2551539,114.193469
1825,2012-02-24,"CELESTIAL GARDEN,REPULSE BAY RD|詩禮花園,淺水灣道",16664.913119009736,0,1970,"{'bay_window': '', 'flat_roof': '', 'roof': '', 'ac_platform': '', 'plant_room': '', 'garden': '', 'yard': ''}",50.25,47.6992,25508,24212.79187817259,12032102670011,3671670,PRO-ASP,HRB,淺水灣/壽臣山,1978/09,1978,48,A,16.0,blank,blank,blank,,True,POINT Z (22.2551539 114.193469 0),22.2551539,114.193469
1826,2012-03-08,"CELESTIAL GARDEN,REPULSE BAY RD|詩禮花園,淺水灣道",16430.89023539003,0,1962,"{'bay_window': '', 'flat_roof': '', 'roof': '', 'ac_platform': '', 'plant_room': '', 'garden': '', 'yard': ''}",51.5,48.8751,26249,24910.85626911315,12032301580012,3673929,ASP,HRB,淺水灣/壽臣山,1978/09,1978,48,B,14.0,blank,blank,blank,,True,POINT Z (22.2551539 114.193469 0),22.2551539,114.193469
1827,2012-02-28,"CELESTIAL GARDEN,REPULSE BAY RD|詩禮花園,淺水灣道",16579.424057454195,0,1962,"{'bay_window': '', 'flat_roof': '', 'roof': '', 'ac_platform': '', 'plant_room': '', 'garden': '', 'yard': ''}",49.8,47.2618,25382,24088.58307849133,12032702030205,3676328,PRO-ASP,HRB,淺水灣/壽臣山,1978/09,1978,48,B,5.0,blank,blank,blank,,True,POINT Z (22.2551539 114.193469 0),22.2551539,114.193469
1828,2012-03-12,"CELESTIAL GARDEN,REPULSE BAY RD|詩禮花園,淺水灣道",16986.622275632562,0,2264,"{'bay_window': '', 'flat_roof': '', 'roof': '', 'ac_platform': '', 'plant_room': '', 'garden': '', 'yard': ''}",61.0,58.3057,26943,25753.40106007067,12032901850058,3678385,PRO-ASP,HRB,淺水灣/壽臣山,1978/09,1978,48,C,18.0,blank,blank,blank,,True,POINT Z (22.2551539 114.193469 0),22.2551539,114.193469
1829,2012-03-13,"CELESTIAL GARDEN,REPULSE BAY RD|詩禮花園,淺水灣道",17003.396527989797,0,1970,"{'bay_window': '', 'flat_roof': '', 'roof': '', 'ac_platform': '', 'plant_room': '', 'garden': '', 'yard': ''}",53.5,50.7843,27157,25778.832487309646,12033000290019,3679646,PRO-ASP,HRB,淺水灣/壽臣山,1978/09,1978,48,A,19.0,blank,blank,blank,,True,POINT Z (22.2551539 114.193469 0),22.2551539,114.193469
1830,2012-04-11,"CELESTIAL GARDEN,REPULSE BAY RD|詩禮花園,淺水灣道",16589.53861110056,0,1970,"{'bay_window': '', 'flat_roof': '', 'roof': '', 'ac_platform': '', 'plant_room': '', 'garden': '', 'yard': ''}",54.5,51.7335,27665,26260.65989847716,12042001600014,3693053,ASP,HRB,淺水灣/壽臣山,1978/09,1978,48,A,18.0,blank,blank,blank,,True,POINT Z (22.2551539 114.193469 0),22.2551539,114.193469
1831,2012-04-19,"CELESTIAL GARDEN,REPULSE BAY RD|詩禮花園,淺水灣道",16637.13178727627,0,2264,"{'bay_window': '', 'flat_roof': '', 'roof': '', 'ac_platform': '', 'plant_room': '', 'garden': '', 'yard': ''}",62.38,59.6247,27553,26335.99823321555,12051502400355,3711865,PRO-ASP,HRB,淺水灣/壽臣山,1978/09,1978,48,C,19.0,blank,blank,blank,,True,POINT Z (22.2551539 114.193469 0),22.2551539,114.193469
1832,2012-05-14,"CELESTIAL GARDEN,REPULSE BAY RD|詩禮花園,淺水灣道",19180.2237005898,0,1962,"{'bay_window': '', 'flat_roof': '', 'roof': '', 'ac_platform': '', 'plant_room': '', 'garden': '', 'yard': ''}",60.0,60.0,30581,30581.03975535168,12052801350012,3722588,ASP,HRB,淺水灣/壽臣山,1978/09,1978,48,B,20.0,blank,blank,blank,,False,POINT Z (22.2551539 114.193469 0),22.2551539,114.193469
1833,2012-05-14,"CELESTIAL GARDEN,REPULSE BAY RD|詩禮花園,淺水灣道",18809.4060423784,0,1962,"{'bay_window': '', 'flat_roof': '', 'roof': '', 'ac_platform': '', 'plant_room': '', 'garden': '', 'yard': ''}",62.0,58.84,31600,29989.80632008155,12052801350025,3723474,ASP,HRB,淺水灣/壽臣山,1978/09,1978,48,B,19.0,blank,blank,blank,,True,POINT Z (22.2551539 114.193469 0),22.2551539,114.193469
1834,2012-05-29,"CELESTIAL GARDEN,REPULSE BAY RD|詩禮花園,淺水灣道",16703.122039093163,0,2264,"{'bay_window': '', 'flat_roof': '', 'roof': '', 'ac_platform': '', 'plant_room': '', 'garden': '', 'yard': ''}",63.08,60.2938,27862,26631.5371024735,12060701000016,3732103,ASP,HRB,淺水灣/壽臣山,1978/09,1978,48,C,20.0,blank,blank,blank,,True,POINT Z (22.2551539 114.193469 0),22.2551539,114.193469
1835,2012-06-27,"CELESTIAL GARDEN,REPULSE BAY RD|詩禮花園,淺水灣道",18213.083840245366,0,2264,"{'bay_window': '', 'flat_roof': '', 'roof': '', 'ac_platform': '', 'plant_room': '', 'garden': '', 'yard': ''}",69.0,65.9523,30477,29130.874558303884,12071302020045,3758426,PRO-ASP,HRB,淺水灣/壽臣山,1978/09,1978,48,C,17.0,blank,blank,blank,,True,POINT Z (22.2551539 114.193469 0),22.2551539,114.193469
1836,2012-10-18,"CELESTIAL GARDEN,REPULSE BAY RD|詩禮花園,淺水灣道",15096.278098218225,0,1970,"{'bay_window': '', 'flat_roof': '', 'roof': '', 'ac_platform': '', 'plant_room': '', 'garden': '', 'yard': ''}",54.0,51.2589,27411,26019.746192893403,12110901420303,3849364,PRO-ASP,HRB,淺水灣/壽臣山,1978/09,1978,48,A,20.0,blank,blank,blank,,True,POINT Z (22.2551539 114.193469 0),22.2551539,114.193469
1837,2016-10-24,"CELESTIAL GARDEN,REPULSE BAY RD|詩禮花園,淺水灣道",16504.238859032033,0,1962,"{'bay_window': '', 'flat_roof': '', 'roof': '', 'ac_platform': '', 'plant_room': '', 'garden': '', 'yard': ''}",72.8,69.0895,37105,35213.8124362895,16111001470090,4594959,ASP,HRB,淺水灣/壽臣山,1978/09,1978,48,B,17.0,blank,blank,blank,,True,POINT Z (22.2551539 114.193469 0),22.2551539,114.193469
1838,2018-09-12,"CELESTIAL GARDEN,REPULSE BAY RD|詩禮花園,淺水灣道",17592.93058799937,0,1962,"{'bay_window': '', 'flat_roof': '', 'roof': '', 'ac_platform': '', 'plant_room': '', 'garden': '', 'yard': ''}",87.8,87.8,44750,44750.254841997965,18101000790057,5442794,PRE-ASP,HRB,淺水灣/壽臣山,1978/09,1978,48,B,6.0,blank,blank,blank,,False,POINT Z (22.2551539 114.193469 0),22.2551539,114.193469
1839,2022-11-14,"CELESTIAL GARDEN,REPULSE BAY RD|詩禮花園,淺水灣道",17727.502028119023,0,2264,"{'bay_window': '', 'flat_roof': '', 'roof': '', 'ac_platform': '', 'plant_room': '', 'garden': '', 'yard': ''}",87.0,87.0,38428,38427.56183745583,23041400990010,6267283,ASP,HRB,淺水灣/壽臣山,1978/09,1978,48,C,4.0,blank,blank,blank,,False,POINT Z (22.2551539 114.193469 0),22.2551539,114.193469
1840,2024-03-20,"CELESTIAL GARDEN,REPULSE BAY RD|詩禮花園,淺水灣道",17640.368485882093,0,1962,"{'bay_window': '', 'flat_roof': '', 'roof': '', 'ac_platform': '', 'plant_room': '', 'garden': '', 'yard': ''}",68.0,68.0,34659,34658.511722731906,24041100370017,6404750,ASP,HRB,淺水灣/壽臣山,1978/09,1978,48,B,1.0,blank,blank,blank,,False,POINT Z (22.2551539 114.193469 0),22.2551539,114.193469
1841,2007-04-24,"SOUTH BAY PALACE(Block 1),SOUTH BAY CLOSE|南灣御苑1座,南灣坊",17506.120184226,0,1903,"{'bay_window': '', 'flat_roof': '', 'roof': '', 'ac_platform': '', 'plant_room': '', 'garden': '', 'yard': ''}",28.5,27.0024,14976,14189.385181292697,7051701580386,2133916,PRO-ASP,HRB,淺水灣/壽臣山,2000/01,2000,26,A,7.0,1,blank,SOUTH BAY PALACE,南灣御苑,True,POINT Z (22.2385733 114.2015963 0),22.2385733,114.2015963
1842,2007-05-08,"SOUTH BAY PALACE(Block 1),SOUTH BAY CLOSE|南灣御苑1座,南灣坊",14632.157316796323,0,1903,"{'bay_window': '', 'flat_roof': '', 'roof': '', 'ac_platform': '', 'plant_room': '', 'garden': '', 'yard': ''}",24.5,23.2126,12874,12197.898055701524,7051801150018,2135268,ASP,HRB,淺水灣/壽臣山,2000/01,2000,26,A,5.0,1,blank,SOUTH BAY PALACE,南灣御苑,True,POINT Z (22.2385733 114.2015963 0),22.2385733,114.2015963
1843,2007-05-10,"SOUTH BAY PALACE(Block 1),SOUTH BAY CLOSE|南灣御苑1座,南灣坊",16650.803250095847,0,1903,"{'bay_window': '', 'flat_roof': '', 'roof': '', 'ac_platform': '', 'plant_room': '', 'garden': '', 'yard': ''}",27.88,26.415,14650,13880.714661061482,7052201560045,2138026,ASP,HRB,淺水灣/壽臣山,2000/01,2000,26,A,6.0,1,blank,SOUTH BAY PALACE,南灣御苑,True,POINT Z (22.2385733 114.2015963 0),22.2385733,114.2015963
1844,2007-05-11,"SOUTH BAY PALACE(Block 1),SOUTH BAY CLOSE|南灣御苑1座,南灣坊",16849.45973135594,0,1373,"{'bay_window': '', 'flat_roof': '', 'roof': '', 'ac_platform': '', 'plant_room': '', 'garden': '', 'yard': ''}",20.8,19.2856,15144,14046.321922796797,7052302590016,2139550,ASP,HRB,淺水灣/壽臣山,2000/01,2000,26,C,7.0,1,blank,SOUTH BAY PALACE,南灣御苑,True,POINT Z (22.2385733 114.2015963 0),22.2385733,114.2015963
1845,2007-05-08,"SOUTH BAY PALACE(Block 1),SOUTH BAY CLOSE|南灣御苑1座,南灣坊",14160.834172262552,0,1424,"{'bay_window': '', 'flat_roof': '', 'roof': '', 'ac_platform': '', 'plant_room': '', 'garden': '', 'yard': ''}",18.08,16.810299999999998,12697,11804.985955056178,7053101430132,2146179,ASP,HRB,淺水灣/壽臣山,2000/01,2000,26,B,2.0,1,blank,SOUTH BAY PALACE,南灣御苑,True,POINT Z (22.2385733 114.2015963 0),22.2385733,114.2015963
1846,2007-05-08,"SOUTH BAY PALACE(Block 1),SOUTH BAY CLOSE|南灣御苑1座,南灣坊",14143.407981556673,0,1373,"{'bay_window': '', 'flat_roof': '', 'roof': '', 'ac_platform': '', 'plant_room': '', 'garden': '', 'yard': ''}",17.46,16.1883,12717,11790.458849235252,7060101640045,2147571,ASP,HRB,淺水灣/壽臣山,2000/01,2000,26,C,5.0,1,blank,SOUTH BAY PALACE,南灣御苑,True,POINT Z (22.2385733 114.2015963 0),22.2385733,114.2015963
1847,2007-05-04,"SOUTH BAY PALACE(Block 1),SOUTH BAY CLOSE|南灣御苑1座,南灣坊",15531.48747896668,0,1424,"{'bay_window': '', 'flat_roof': '', 'roof': '', 'ac_platform': '', 'plant_room': '', 'garden': '', 'yard': ''}",19.83,18.4374,13926,12947.61235955056,7060102510190,2147623,ASP,HRB,淺水灣/壽臣山,2000/01,2000,26,B,5.0,1,blank,SOUTH BAY PALACE,南灣御苑,True,POINT Z (22.2385733 114.2015963 0),22.2385733,114.2015963
1848,2007-05-09,"SOUTH BAY PALACE(Block 1),SOUTH BAY CLOSE|南灣御苑1座,南灣坊",17477.46798535418,0,1423,"{'bay_window': '', 'flat_roof': '', 'roof': '', 'ac_platform': '', 'plant_room': '', 'garden': '', 'yard': ''}",22.3,20.7329,15671,14569.852424455376,7060501870123,2150471,ASP,HRB,淺水灣/壽臣山,2000/01,2000,26,B,7.0,1,blank,SOUTH BAY PALACE,南灣御苑,True,POINT Z (22.2385733 114.2015963 0),22.2385733,114.2015963
1849,2007-05-08,"SOUTH BAY PALACE(Block 1),SOUTH BAY CLOSE|南灣御苑1座,南灣坊",15348.806880113909,0,1903,"{'bay_window': '', 'flat_roof': '', 'roof': '', 'ac_platform': '', 'plant_room': '', 'garden': '', 'yard': ''}",25.7,24.3495,13505,12795.32317393589,7060700720028,2152774,ASP,HRB,淺水灣/壽臣山,2000/01,2000,26,A,3.0,1,blank,SOUTH BAY PALACE,南灣御苑,True,POINT Z (22.2385733 114.2015963 0),22.2385733,114.2015963
1850,2007-05-10,"SOUTH BAY PALACE(Block 1),SOUTH BAY CLOSE|南灣御苑1座,南灣坊",13689.792875336483,0,1373,"{'bay_window': '', 'flat_roof': '', 'roof': '', 'ac_platform': '', 'plant_room': '', 'garden': '', 'yard': ''}",16.9,15.669099999999998,12309,11412.308812818645,7060802110224,2154393,ASP,HRB,淺水灣/壽臣山,2000/01,2000,26,C,3.0,1,blank,SOUTH BAY PALACE,南灣御苑,True,POINT Z (22.2385733 114.2015963 0),22.2385733,114.2015963
1851,2007-05-10,"SOUTH BAY PALACE(Block 1),SOUTH BAY CLOSE|南灣御苑1座,南灣坊",13257.154738085506,0,1367,"{'bay_window': '', 'flat_roof': '', 'roof': '', 'ac_platform': '', 'plant_room': '', 'garden': '', 'yard': ''}",16.3,15.1076,11924,11051.64594001463,7060901510029,2156041,ASP,HRB,淺水灣/壽臣山,2000/01,2000,26,C,2.0,1,blank,SOUTH BAY PALACE,南灣御苑,True,POINT Z (22.2385733 114.2015963 0),22.2385733,114.2015963
1852,2007-05-16,"SOUTH BAY PALACE(Block 1),SOUTH BAY CLOSE|南灣御苑1座,南灣坊",14621.398783970122,0,1373,"{'bay_window': '', 'flat_roof': '', 'roof': '', 'ac_platform': '', 'plant_room': '', 'garden': '', 'yard': ''}",18.05,16.735400000000002,13146,12188.929351784414,7061401660017,2159973,ASP,HRB,淺水灣/壽臣山,2000/01,2000,26,C,6.0,1,blank,SOUTH BAY PALACE,南灣御苑,True,POINT Z (22.2385733 114.2015963 0),22.2385733,114.2015963
1853,2007-12-12,"SOUTH BAY PALACE(Block 1),SOUTH BAY CLOSE|南灣御苑1座,南灣坊",13846.546031345148,0,1367,"{'bay_window': '', 'flat_roof': '', 'roof': '', 'ac_platform': '', 'plant_room': '', 'garden': '', 'yard': ''}",20.0,18.5369,14631,13560.277980980249,7122102990028,2347310,PRO-ASP,HRB,淺水灣/壽臣山,2000/01,2000,26,C,2.0,1,blank,SOUTH BAY PALACE,南灣御苑,True,POINT Z (22.2385733 114.2015963 0),22.2385733,114.2015963
1854,2007-12-10,"SOUTH BAY PALACE(Block 1),SOUTH BAY CLOSE|南灣御苑1座,南灣坊",24992.747758147063,0,2838,"{'bay_window': '', 'flat_roof': '', 'roof': '', 'ac_platform': '', 'plant_room': '', 'garden': '', 'yard': ''}",72.0,69.463,25370,24476.03946441156,8010300310033,2359979,ASP,HRB,淺水灣/壽臣山,2000/01,2000,26,B,8.0,1,blank,SOUTH BAY PALACE,南灣御苑,True,POINT Z (22.2385733 114.2015963 0),22.2385733,114.2015963
1855,2008-01-28,"SOUTH BAY PALACE(Block 1),SOUTH BAY CLOSE|南灣御苑1座,南灣坊",16794.34549668828,0,1905,"{'bay_window': '', 'flat_roof': '', 'roof': '', 'ac_platform': '', 'plant_room': '', 'garden': '', 'yard': ''}",33.0,33.0,17323,17322.834645669293,8022102030090,2422459,ASP,HRB,淺水灣/壽臣山,2000/01,2000,26,A,9.0,1,blank,SOUTH BAY PALACE,南灣御苑,False,POINT Z (22.2385733 114.2015963 0),22.2385733,114.2015963
1856,2008-02-14,"SOUTH BAY PALACE(Block 1),SOUTH BAY CLOSE|南灣御苑1座,南灣坊",16351.113441997595,0,1905,"{'bay_window': '', 'flat_roof': '', 'roof': '', 'ac_platform': '', 'plant_room': '', 'garden': '', 'yard': ''}",33.0,33.0,17321,17322.834645669293,8022501470056,2426112,ASP,HRB,淺水灣/壽臣山,2000/01,2000,26,A,8.0,1,blank,SOUTH BAY PALACE,南灣御苑,False,POINT Z (22.2385733 114.2015963 0),22.2385733,114.2015963
1857,2008-02-26,"SOUTH BAY PALACE(Block 1),SOUTH BAY CLOSE|南灣御苑1座,南灣坊",13449.239560364796,0,1373,"{'bay_window': '', 'flat_roof': '', 'roof': '', 'ac_platform': '', 'plant_room': '', 'garden': '', 'yard': ''}",21.1,19.5632,15368,14248.506919155136,8032000400015,2450058,PRO-ASP,HRB,淺水灣/壽臣山,2000/01,2000,26,C,3.0,1,blank,SOUTH BAY PALACE,南灣御苑,True,POINT Z (22.2385733 114.2015963 0),22.2385733,114.2015963
1858,2008-04-14,"SOUTH BAY PALACE(Block 1),SOUTH BAY CLOSE|南灣御苑1座,南灣坊",16675.295939189862,0,1424,"{'bay_window': '', 'flat_roof': '', 'roof': '', 'ac_platform': '', 'plant_room': '', 'garden': '', 'yard': ''}",26.5,24.639,18610,17302.66853932584,8042301500099,2484295,ASP,HRB,淺水灣/壽臣山,2000/01,2000,26,B,3.0,1,blank,SOUTH BAY PALACE,南灣御苑,True,POINT Z (22.2385733 114.2015963 0),22.2385733,114.2015963
1859,2008-04-19,"SOUTH BAY PALACE(Block 1),SOUTH BAY CLOSE|南灣御苑1座,南灣坊",14576.95403561336,0,1903,"{'bay_window': '', 'flat_roof': '', 'roof': '', 'ac_platform': '', 'plant_room': '', 'garden': '', 'yard': ''}",30.38,28.7836,15964,15125.380977404098,8042500420143,2486800,ASP,HRB,淺水灣/壽臣山,2000/01,2000,26,A,2.0,1,blank,SOUTH BAY PALACE,南灣御苑,True,POINT Z (22.2385733 114.2015963 0),22.2385733,114.2015963
1860,2008-06-17,"SOUTH BAY PALACE(Block 1),SOUTH BAY CLOSE|南灣御苑1座,南灣坊",14315.540477978724,0,1373,"{'bay_window': '', 'flat_roof': '', 'roof': '', 'ac_platform': '', 'plant_room': '', 'garden': '', 'yard': ''}",21.0,21.0,15290,15294.97450837582,8062301360115,2542331,ASP,HRB,淺水灣/壽臣山,2000/01,2000,26,C,8.0,1,blank,SOUTH BAY PALACE,南灣御苑,False,POINT Z (22.2385733 114.2015963 0),22.2385733,114.2015963
1861,2009-04-27,"SOUTH BAY PALACE(Block 1),SOUTH BAY CLOSE|南灣御苑1座,南灣坊",13524.767674314313,0,1903,"{'bay_window': '', 'flat_roof': '', 'roof': '', 'ac_platform': '', 'plant_room': '', 'garden': '', 'yard': ''}",25.0,23.6863,13137,12446.820809248557,9052601600041,2741598,PRO-ASP,HRB,淺水灣/壽臣山,2000/01,2000,26,A,7.0,1,blank,SOUTH BAY PALACE,南灣御苑,True,POINT Z (22.2385733 114.2015963 0),22.2385733,114.2015963
1862,2009-11-03,"SOUTH BAY PALACE(Block 1),SOUTH BAY CLOSE|南灣御苑1座,南灣坊",12530.789645127154,0,1373,"{'bay_window': '', 'flat_roof': '', 'roof': '', 'ac_platform': '', 'plant_room': '', 'garden': '', 'yard': ''}",20.5,19.0069,14931,13843.335761107064,9120101510027,2930870,ASP,HRB,淺水灣/壽臣山,2000/01,2000,26,C,6.0,1,blank,SOUTH BAY PALACE,南灣御苑,True,POINT Z (22.2385733 114.2015963 0),22.2385733,114.2015963
1863,2009-12-08,"SOUTH BAY PALACE(Block 1),SOUTH BAY CLOSE|南灣御苑1座,南灣坊",12707.551391630395,0,1905,"{'bay_window': '', 'flat_roof': '', 'roof': '', 'ac_platform': '', 'plant_room': '', 'garden': '', 'yard': ''}",28.0,26.5302,14698,13926.614173228349,9121101880038,2941196,ASP,HRB,淺水灣/壽臣山,2000/01,2000,26,A,3.0,1,blank,SOUTH BAY PALACE,南灣御苑,True,POINT Z (22.2385733 114.2015963 0),22.2385733,114.2015963
1864,2010-05-20,"SOUTH BAY PALACE(Block 1),SOUTH BAY CLOSE|南灣御苑1座,南灣坊",13610.64958980535,0,1423,"{'bay_window': '', 'flat_roof': '', 'roof': '', 'ac_platform': '', 'plant_room': '', 'garden': '', 'yard': ''}",24.8,23.0572,17428,16203.232607167954,10061500220112,3124602,ASP,HRB,淺水灣/壽臣山,2000/01,2000,26,B,7.0,1,blank,SOUTH BAY PALACE,南灣御苑,True,POINT Z (22.2385733 114.2015963 0),22.2385733,114.2015963
1865,2010-12-29,"SOUTH BAY PALACE(Block 1),SOUTH BAY CLOSE|南灣御苑1座,南灣坊",12242.799487378628,0,1903,"{'bay_window': '', 'flat_roof': '', 'roof': '', 'ac_platform': '', 'plant_room': '', 'garden': '', 'yard': ''}",32.3,30.6027,16973,16081.292695743565,11011900650135,3363904,ASP,HRB,淺水灣/壽臣山,2000/01,2000,26,A,2.0,1,blank,SOUTH BAY PALACE,南灣御苑,True,POINT Z (22.2385733 114.2015963 0),22.2385733,114.2015963
1866,2012-07-23,"SOUTH BAY PALACE(Block 1),SOUTH BAY CLOSE|南灣御苑1座,南灣坊",11990.611020024098,0,1903,"{'bay_window': '', 'flat_roof': '', 'roof': '', 'ac_platform': '', 'plant_room': '', 'garden': '', 'yard': ''}",39.0,36.9506,20494,19417.025748817658,12081701180145,3782511,ASP,HRB,淺水灣/壽臣山,2000/01,2000,26,A,7.0,1,blank,SOUTH BAY PALACE,南灣御苑,True,POINT Z (22.2385733 114.2015963 0),22.2385733,114.2015963
1867,2012-09-05,"SOUTH BAY PALACE(Block 1),SOUTH BAY CLOSE|南灣御苑1座,南灣坊",11169.061585476433,0,1905,"{'bay_window': '', 'flat_roof': '', 'roof': '', 'ac_platform': '', 'plant_room': '', 'garden': '', 'yard': ''}",37.68,35.702,19780,18741.207349081364,12091901270018,3805956,ASP,HRB,淺水灣/壽臣山,2000/01,2000,26,A,3.0,1,blank,SOUTH BAY PALACE,南灣御苑,True,POINT Z (22.2385733 114.2015963 0),22.2385733,114.2015963
1868,2014-08-22,"SOUTH BAY PALACE(Block 1),SOUTH BAY CLOSE|南灣御苑1座,南灣坊",9535.152802185588,0,1424,"{'bay_window': '', 'flat_roof': '', 'roof': '', 'ac_platform': '', 'plant_room': '', 'garden': '', 'yard': ''}",27.88,25.9221,19579,18203.72191011236,14091600340024,4203539,ASP,HRB,淺水灣/壽臣山,2000/01,2000,26,B,5.0,1,blank,SOUTH BAY PALACE,南灣御苑,True,POINT Z (22.2385733 114.2015963 0),22.2385733,114.2015963
1869,2014-09-15,"SOUTH BAY PALACE(Block 1),SOUTH BAY CLOSE|南灣御苑1座,南灣坊",9174.577108713756,0,1380,"{'bay_window': '', 'flat_roof': '', 'roof': '', 'ac_platform': '', 'plant_room': '', 'garden': '', 'yard': ''}",26.5,24.5797,19203,17811.376811594204,14101001910032,4219931,PRO-ASP,HRB,淺水灣/壽臣山,2000/01,2000,26,C,9.0,1,blank,SOUTH BAY PALACE,南灣御苑,True,POINT Z (22.2385733 114.2015963 0),22.2385733,114.2015963
1870,2015-06-19,"SOUTH BAY PALACE(Block 1),SOUTH BAY CLOSE|南灣御苑1座,南灣坊",7967.612059183992,0,1373,"{'bay_window': '', 'flat_roof': '', 'roof': '', 'ac_platform': '', 'plant_room': '', 'garden': '', 'yard': ''}",24.38,22.6043,17757,16463.43772760379,15071000500280,4381462,ASP,HRB,淺水灣/壽臣山,2000/01,2000,26,C,5.0,1,blank,SOUTH BAY PALACE,南灣御苑,True,POINT Z (22.2385733 114.2015963 0),22.2385733,114.2015963
1871,2016-05-20,"SOUTH BAY PALACE(Block 1),SOUTH BAY CLOSE|南灣御苑1座,南灣坊",7169.379397586224,0,1903,"{'bay_window': '', 'flat_roof': '', 'roof': '', 'ac_platform': '', 'plant_room': '', 'garden': '', 'yard': ''}",28.0,26.5286,14714,13940.409879138202,16052601830012,4512364,MEM-ASP,HRB,淺水灣/壽臣山,2000/01,2000,26,A,2.0,1,blank,SOUTH BAY PALACE,南灣御苑,True,POINT Z (22.2385733 114.2015963 0),22.2385733,114.2015963
1872,2018-06-15,"SOUTH BAY PALACE(Block 1),SOUTH BAY CLOSE|南灣御苑1座,南灣坊",8594.101080037957,0,1905,"{'bay_window': '', 'flat_roof': '', 'roof': '', 'ac_platform': '', 'plant_room': '', 'garden': '', 'yard': ''}",42.18,42.18,22142,22141.732283464567,18071001140014,5392744,ASP,HRB,淺水灣/壽臣山,2000/01,2000,26,A,3.0,1,blank,SOUTH BAY PALACE,南灣御苑,False,POINT Z (22.2385733 114.2015963 0),22.2385733,114.2015963
1873,2019-05-16,"SOUTH BAY PALACE(Block 1),SOUTH BAY CLOSE|南灣御苑1座,南灣坊",9141.609616068856,0,1903,"{'bay_window': '', 'flat_roof': '', 'roof': '', 'ac_platform': '', 'plant_room': '', 'garden': '', 'yard': ''}",46.2,46.2,24277,24277.456647398845,19061001290013,5562495,PRO-ASP,HRB,淺水灣/壽臣山,2000/01,2000,26,A,6.0,1,blank,SOUTH BAY PALACE,南灣御苑,False,POINT Z (22.2385733 114.2015963 0),22.2385733,114.2015963
1874,2020-07-20,"SOUTH BAY PALACE(Block 1),SOUTH BAY CLOSE|南灣御苑1座,南灣坊",7720.916411858043,0,1373,"{'bay_window': '', 'flat_roof': '', 'roof': '', 'ac_platform': '', 'plant_room': '', 'garden': '', 'yard': ''}",27.0,27.0,19665,19664.967225054625,20073101220036,5749049,ASP,HRB,淺水灣/壽臣山,2000/01,2000,26,C,5.0,1,blank,SOUTH BAY PALACE,南灣御苑,False,POINT Z (22.2385733 114.2015963 0),22.2385733,114.2015963
1875,2021-08-02,"SOUTH BAY PALACE(Block 1),SOUTH BAY CLOSE|南灣御苑1座,南灣坊",9495.157860409534,0,1424,"{'bay_window': '', 'flat_roof': '', 'roof': '', 'ac_platform': '', 'plant_room': '', 'garden': '', 'yard': ''}",34.9,34.9,24508,24508.426966292136,21081202630028,5976836,ASP,HRB,淺水灣/壽臣山,2000/01,2000,26,B,3.0,1,blank,SOUTH BAY PALACE,南灣御苑,False,POINT Z (22.2385733 114.2015963 0),22.2385733,114.2015963
1876,2022-10-20,"SOUTH BAY PALACE(Block 1),SOUTH BAY CLOSE|南灣御苑1座,南灣坊",9603.857206599738,0,1373,"{'bay_window': '', 'flat_roof': '', 'roof': '', 'ac_platform': '', 'plant_room': '', 'garden': '', 'yard': ''}",29.5,29.5,21486,21485.797523670797,22111001540089,6202447,PRO-ASP,HRB,淺水灣/壽臣山,2000/01,2000,26,C,6.0,1,blank,SOUTH BAY PALACE,南灣御苑,False,POINT Z (22.2385733 114.2015963 0),22.2385733,114.2015963
1877,2024-04-03,"SOUTH BAY PALACE(Block 1),SOUTH BAY CLOSE|南灣御苑1座,南灣坊",9288.312581666316,0,1373,"{'bay_window': '', 'flat_roof': '', 'roof': '', 'ac_platform': '', 'plant_room': '', 'garden': '', 'yard': ''}",25.0,25.0,18208,18208.30298616169,24041101240014,6404997,ASP,HRB,淺水灣/壽臣山,2000/01,2000,26,C,5.0,1,blank,SOUTH BAY PALACE,南灣御苑,False,POINT Z (22.2385733 114.2015963 0),22.2385733,114.2015963
1878,2025-05-29,"SOUTH BAY PALACE(Block 1),SOUTH BAY CLOSE|南灣御苑1座,南灣坊",12105.260670404326,0,1373,"{'bay_window': '', 'flat_roof': '', 'roof': '', 'ac_platform': '', 'plant_room': '', 'garden': '', 'yard': ''}",29.8,29.8,21704,21704.29715950473,25060201520010,6594105,ASP,HRB,淺水灣/壽臣山,2000/01,2000,26,C,5.0,1,blank,SOUTH BAY PALACE,南灣御苑,False,POINT Z (22.2385733 114.2015963 0),22.2385733,114.2015963
1879,2015-06-29,"PARKVIEW CORNER(Block 17,HONG KONG PARKVIEW),TAI TAM RESERVOIR RD|陽明山莊,17座(眺景台),大潭水塘道",16938.529284432017,2645,2188,"{'bay_window': '', 'flat_roof': '', 'roof': '', 'ac_platform': '', 'plant_room': '', 'garden': '', 'yard': ''}",76.58,76.58,35000,35000.0,15072001470045,4386092,PRO-ASP,HRB,淺水灣/壽臣山,1989/11,1989,37,91,17.0,17,blank,HONG KONG PARKVIEW,陽明山莊,False,POINT Z (22.257695 114.198495 0),22.257695,114.198495
1880,2015-06-29,"PARKVIEW CORNER(Block 17,HONG KONG PARKVIEW),TAI TAM RESERVOIR RD|陽明山莊,17座(眺景台),大潭水塘道",16938.529284432017,3225,2626,"{'bay_window': '', 'flat_roof': '', 'roof': '', 'ac_platform': '', 'plant_room': '', 'garden': '', 'yard': ''}",91.91,91.91,35000,35000.0,15072001470052,4386093,PRO-ASP,HRB,淺水灣/壽臣山,1989/11,1989,37,93,17.0,17,blank,HONG KONG PARKVIEW,陽明山莊,False,POINT Z (22.257695 114.198495 0),22.257695,114.198495
1881,2017-06-20,"PARKVIEW CORNER(Block 17,HONG KONG PARKVIEW),TAI TAM RESERVOIR RD|陽明山莊,17座(眺景台),大潭水塘道",15249.68211149355,3225,2626,"{'bay_window': '', 'flat_roof': '', 'roof': '', 'ac_platform': '', 'plant_room': '', 'garden': '', 'yard': ''}",91.91,91.91,35000,35000.0,17070602230229,4732423,ASP,HRB,淺水灣/壽臣山,1989/11,1989,37,93,18.0,17,blank,HONG KONG PARKVIEW,陽明山莊,False,POINT Z (22.257695 114.198495 0),22.257695,114.198495
1882,2017-06-20,"PARKVIEW CORNER(Block 17,HONG KONG PARKVIEW),TAI TAM RESERVOIR RD|陽明山莊,17座(眺景台),大潭水塘道",15249.68211149355,2645,2188,"{'bay_window': '', 'flat_roof': '', 'roof': '', 'ac_platform': '', 'plant_room': '', 'garden': '', 'yard': ''}",76.58,76.58,35000,35000.0,17070602230242,4732424,ASP,HRB,淺水灣/壽臣山,1989/11,1989,37,91,18.0,17,blank,HONG KONG PARKVIEW,陽明山莊,False,POINT Z (22.257695 114.198495 0),22.257695,114.198495
1883,2017-06-20,"PARKVIEW CORNER(Block 17,HONG KONG PARKVIEW),TAI TAM RESERVOIR RD|陽明山莊,17座(眺景台),大潭水塘道",16231.412756696778,2645,2188,"{'bay_window': '', 'flat_roof': '', 'roof': '', 'ac_platform': '', 'plant_room': '', 'garden': '', 'yard': ''}",81.51,81.51,37253,37253.19926873857,17070602230267,4732425,ASP,HRB,淺水灣/壽臣山,1989/11,1989,37,91,19.0,17,blank,HONG KONG PARKVIEW,陽明山莊,False,POINT Z (22.257695 114.198495 0),22.257695,114.198495
1884,2018-06-19,"PARKVIEW CORNER(Block 17,HONG KONG PARKVIEW),TAI TAM RESERVOIR RD|陽明山莊,17座(眺景台),大潭水塘道",14749.33563736244,3225,2626,"{'bay_window': '', 'flat_roof': '', 'roof': '', 'ac_platform': '', 'plant_room': '', 'garden': '', 'yard': ''}",99.788,99.788,38000,38000.0,18070401930228,5388157,ASP,HRB,淺水灣/壽臣山,1989/11,1989,37,93,9.0,17,blank,HONG KONG PARKVIEW,陽明山莊,False,POINT Z (22.257695 114.198495 0),22.257695,114.198495
1885,2018-06-19,"PARKVIEW CORNER(Block 17,HONG KONG PARKVIEW),TAI TAM RESERVOIR RD|陽明山莊,17座(眺景台),大潭水塘道",12187.396047316395,2645,2188,"{'bay_window': '', 'flat_roof': '', 'roof': '', 'ac_platform': '', 'plant_room': '', 'garden': '', 'yard': ''}",68.702,68.702,31399,31399.45155393053,18070401930248,5388159,ASP,HRB,淺水灣/壽臣山,1989/11,1989,37,91,9.0,17,blank,HONG KONG PARKVIEW,陽明山莊,False,POINT Z (22.257695 114.198495 0),22.257695,114.198495
1886,2019-07-18,"PARKVIEW CORNER(Block 17,HONG KONG PARKVIEW),TAI TAM RESERVOIR RD|陽明山莊,17座(眺景台),大潭水塘道",15602.109229826685,3225,2626,"{'bay_window': '', 'flat_roof': '', 'roof': '', 'ac_platform': '', 'plant_room': '', 'garden': '', 'yard': ''}",108.0,108.0,41127,41127.18964204113,19080600600203,5592704,PRO-ASP,HRB,淺水灣/壽臣山,1989/11,1989,37,93,15.0,17,blank,HONG KONG PARKVIEW,陽明山莊,False,POINT Z (22.257695 114.198495 0),22.257695,114.198495
1887,2019-07-18,"PARKVIEW CORNER(Block 17,HONG KONG PARKVIEW),TAI TAM RESERVOIR RD|陽明山莊,17座(眺景台),大潭水塘道",15604.486150794051,2645,2188,"{'bay_window': '', 'flat_roof': '', 'roof': '', 'ac_platform': '', 'plant_room': '', 'garden': '', 'yard': ''}",90.0,90.0,41133,41133.45521023766,19080600600213,5592705,PRO-ASP,HRB,淺水灣/壽臣山,1989/11,1989,37,91,15.0,17,blank,HONG KONG PARKVIEW,陽明山莊,False,POINT Z (22.257695 114.198495 0),22.257695,114.198495
1888,2021-05-05,"PARKVIEW CORNER(Block 17,HONG KONG PARKVIEW),TAI TAM RESERVOIR RD|陽明山莊,17座(眺景台),大潭水塘道",14550.04509480556,2645,2188,"{'bay_window': '', 'flat_roof': '', 'roof': '', 'ac_platform': '', 'plant_room': '', 'garden': '', 'yard': ''}",81.0,81.0,37020,37020.109689213896,21053102410213,5923492,MEM-ASP,HRB,淺水灣/壽臣山,1989/11,1989,37,91,18.0,17,blank,HONG KONG PARKVIEW,陽明山莊,False,POINT Z (22.257695 114.198495 0),22.257695,114.198495
1889,2021-05-05,"PARKVIEW CORNER(Block 17,HONG KONG PARKVIEW),TAI TAM RESERVOIR RD|陽明山莊,17座(眺景台),大潭水塘道",13769.549882955724,3225,2626,"{'bay_window': '', 'flat_roof': '', 'roof': '', 'ac_platform': '', 'plant_room': '', 'garden': '', 'yard': ''}",92.0,92.0,35034,35034.272658035035,21053102410234,5923494,MEM-ASP,HRB,淺水灣/壽臣山,1989/11,1989,37,93,18.0,17,blank,HONG KONG PARKVIEW,陽明山莊,False,POINT Z (22.257695 114.198495 0),22.257695,114.198495
1890,2022-08-22,"PARKVIEW CORNER(Block 17,HONG KONG PARKVIEW),TAI TAM RESERVOIR RD|陽明山莊,17座(眺景台),大潭水塘道",13426.28258987387,3225,2626,"{'bay_window': '', 'flat_roof': '', 'roof': '', 'ac_platform': '', 'plant_room': '', 'garden': '', 'yard': ''}",84.0,84.0,31988,31987.81416603199,22090501060050,6177535,ASP,HRB,淺水灣/壽臣山,1989/11,1989,37,93,15.0,17,blank,HONG KONG PARKVIEW,陽明山莊,False,POINT Z (22.257695 114.198495 0),22.257695,114.198495
1891,2024-03-15,"PARKVIEW CORNER(Block 17,HONG KONG PARKVIEW),TAI TAM RESERVOIR RD|陽明山莊,17座(眺景台),大潭水塘道",17814.177998904757,2645,2188,"{'bay_window': '', 'flat_roof': '', 'roof': '', 'ac_platform': '', 'plant_room': '', 'garden': '', 'yard': ''}",76.58,76.58,35000,35000.0,24040201680033,6400026,PRO-ASP,HRB,淺水灣/壽臣山,1989/11,1989,37,91,8.0,17,blank,HONG KONG PARKVIEW,陽明山莊,False,POINT Z (22.257695 114.198495 0),22.257695,114.198495
1892,2024-04-05,"PARKVIEW CORNER(Block 17,HONG KONG PARKVIEW),TAI TAM RESERVOIR RD|陽明山莊,17座(眺景台),大潭水塘道",12822.79569660936,2645,2188,"{'bay_window': '', 'flat_roof': '', 'roof': '', 'ac_platform': '', 'plant_room': '', 'garden': '', 'yard': ''}",55.0,55.0,25137,25137.11151736746,24042501800038,6413949,ASP,HRB,淺水灣/壽臣山,1989/11,1989,37,91,9.0,17,blank,HONG KONG PARKVIEW,陽明山莊,False,POINT Z (22.257695 114.198495 0),22.257695,114.198495
1893,2024-05-07,"PARKVIEW CORNER(Block 17,HONG KONG PARKVIEW),TAI TAM RESERVOIR RD|陽明山莊,17座(眺景台),大潭水塘道",21668.42436971981,2645,2188,"{'bay_window': '', 'flat_roof': '', 'roof': '', 'ac_platform': '', 'plant_room': '', 'garden': '', 'yard': ''}",92.99,92.99,42500,42500.0,24052301090025,6426585,ASP,HRB,淺水灣/壽臣山,1989/11,1989,37,91,22.0,17,blank,HONG KONG PARKVIEW,陽明山莊,False,POINT Z (22.257695 114.198495 0),22.257695,114.198495
1894,2024-05-07,"PARKVIEW CORNER(Block 17,HONG KONG PARKVIEW),TAI TAM RESERVOIR RD|陽明山莊,17座(眺景台),大潭水塘道",21668.42436971981,3225,2626,"{'bay_window': '', 'flat_roof': '', 'roof': '', 'ac_platform': '', 'plant_room': '', 'garden': '', 'yard': ''}",111.605,111.605,42500,42500.0,24052301090032,6426586,ASP,HRB,淺水灣/壽臣山,1989/11,1989,37,93,22.0,17,blank,HONG KONG PARKVIEW,陽明山莊,False,POINT Z (22.257695 114.198495 0),22.257695,114.198495
1895,2025-01-21,"PARKVIEW CORNER(Block 17,HONG KONG PARKVIEW),TAI TAM RESERVOIR RD|陽明山莊,17座(眺景台),大潭水塘道",18776.293303829883,2645,2188,"{'bay_window': '', 'flat_roof': '', 'roof': '', 'ac_platform': '', 'plant_room': '', 'garden': '', 'yard': ''}",74.392,74.392,34000,34000.0,25021901650256,6545687,PRO-ASP,HRB,淺水灣/壽臣山,1989/11,1989,37,91,7.0,17,blank,HONG KONG PARKVIEW,陽明山莊,False,POINT Z (22.257695 114.198495 0),22.257695,114.198495
1896,2025-04-30,"PARKVIEW CORNER(Block 17,HONG KONG PARKVIEW),TAI TAM RESERVOIR RD|陽明山莊,17座(眺景台),大潭水塘道",13110.068310488849,2645,2188,"{'bay_window': '', 'flat_roof': '', 'roof': '', 'ac_platform': '', 'plant_room': '', 'garden': '', 'yard': ''}",51.418,51.418,23500,23500.0,25052200410040,6587998,PRO-ASP,HRB,淺水灣/壽臣山,1989/11,1989,37,91,1.0,17,blank,HONG KONG PARKVIEW,陽明山莊,False,POINT Z (22.257695 114.198495 0),22.257695,114.198495
1897,2025-05-23,"PARKVIEW CORNER(Block 17,HONG KONG PARKVIEW),TAI TAM RESERVOIR RD|陽明山莊,17座(眺景台),大潭水塘道",13106.788193319824,2645,2188,"{'bay_window': '', 'flat_roof': '', 'roof': '', 'ac_platform': '', 'plant_room': '', 'garden': '', 'yard': ''}",51.418,51.418,23500,23500.0,25060500390055,6596190,ASP,HRB,淺水灣/壽臣山,1989/11,1989,37,91,3.0,17,blank,HONG KONG PARKVIEW,陽明山莊,False,POINT Z (22.257695 114.198495 0),22.257695,114.198495
1898,2025-05-23,"PARKVIEW CORNER(Block 17,HONG KONG PARKVIEW),TAI TAM RESERVOIR RD|陽明山莊,17座(眺景台),大潭水塘道",13106.788193319824,3225,2626,"{'bay_window': '', 'flat_roof': '', 'roof': '', 'ac_platform': '', 'plant_room': '', 'garden': '', 'yard': ''}",61.711,61.711,23500,23500.0,25060500390066,6596191,ASP,HRB,淺水灣/壽臣山,1989/11,1989,37,93,3.0,17,blank,HONG KONG PARKVIEW,陽明山莊,False,POINT Z (22.257695 114.198495 0),22.257695,114.198495
1899,2025-05-23,"PARKVIEW CORNER(Block 17,HONG KONG PARKVIEW),TAI TAM RESERVOIR RD|陽明山莊,17座(眺景台),大潭水塘道",13106.788193319824,2645,2188,"{'bay_window': '', 'flat_roof': '', 'roof': '', 'ac_platform': '', 'plant_room': '', 'garden': '', 'yard': ''}",51.418,51.418,23500,23500.0,25060500390077,6596192,ASP,HRB,淺水灣/壽臣山,1989/11,1989,37,91,2.0,17,blank,HONG KONG PARKVIEW,陽明山莊,False,POINT Z (22.257695 114.198495 0),22.257695,114.198495
1900,2025-05-23,"PARKVIEW CORNER(Block 17,HONG KONG PARKVIEW),TAI TAM RESERVOIR RD|陽明山莊,17座(眺景台),大潭水塘道",13106.788193319824,3225,2626,"{'bay_window': '', 'flat_roof': '', 'roof': '', 'ac_platform': '', 'plant_room': '', 'garden': '', 'yard': ''}",61.711,61.711,23500,23500.0,25060500390081,6596193,ASP,HRB,淺水灣/壽臣山,1989/11,1989,37,93,2.0,17,blank,HONG KONG PARKVIEW,陽明山莊,False,POINT Z (22.257695 114.198495 0),22.257695,114.198495
1901,2025-06-23,"PARKVIEW CORNER(Block 17,HONG KONG PARKVIEW),TAI TAM RESERVOIR RD|陽明山莊,17座(眺景台),大潭水塘道",16570.327711382462,2645,2188,"{'bay_window': '', 'flat_roof': '', 'roof': '', 'ac_platform': '', 'plant_room': '', 'garden': '', 'yard': ''}",65.0,65.0,29708,29707.495429616087,25063001450069,6611742,ASP,HRB,淺水灣/壽臣山,1989/11,1989,37,91,12.0,17,blank,HONG KONG PARKVIEW,陽明山莊,False,POINT Z (22.257695 114.198495 0),22.257695,114.198495
1902,2025-09-25,"PARKVIEW CORNER(Block 17,HONG KONG PARKVIEW),TAI TAM RESERVOIR RD|陽明山莊,17座(眺景台),大潭水塘道",14606.15015745422,2645,2188,"{'bay_window': '', 'flat_roof': '', 'roof': '', 'ac_platform': '', 'plant_room': '', 'garden': '', 'yard': ''}",58.3,58.3,26645,26645.338208409503,25101701660043,6674689,PRO-ASP,HRB,淺水灣/壽臣山,1989/11,1989,37,91,6.0,17,blank,HONG KONG PARKVIEW,陽明山莊,False,POINT Z (22.257695 114.198495 0),22.257695,114.198495
1903,2025-10-31,"PARKVIEW CORNER(Block 17,HONG KONG PARKVIEW),TAI TAM RESERVOIR RD|陽明山莊,17座(眺景台),大潭水塘道",13923.374367142742,2645,2188,"{'bay_window': '', 'flat_roof': '', 'roof': '', 'ac_platform': '', 'plant_room': '', 'garden': '', 'yard': ''}",57.0,57.0,26051,26051.188299817182,25111401560050,6690507,ASP,HRB,淺水灣/壽臣山,1989/11,1989,37,91,5.0,17,blank,HONG KONG PARKVIEW,陽明山莊,False,POINT Z (22.257695 114.198495 0),22.257695,114.198495
1904,2025-12-04,"PARKVIEW CORNER(Block 17,HONG KONG PARKVIEW),TAI TAM RESERVOIR RD|陽明山莊,17座(眺景台),大潭水塘道",15012.581979281686,2645,2188,"{'bay_window': '', 'flat_roof': '', 'roof': '', 'ac_platform': '', 'plant_room': '', 'garden': '', 'yard': ''}",62.0,62.0,28336,28336.380255941494,25121701350167,6709701,ASP,HRB,淺水灣/壽臣山,1989/11,1989,37,91,10.0,17,blank,HONG KONG PARKVIEW,陽明山莊,False,POINT Z (22.257695 114.198495 0),22.257695,114.198495
1905,2016-05-11,"SOUTH BAY GARDEN(Block C),SOUTH BAY CLOSE|南灣花園C座,南灣坊",7901.151062347792,1027,850,"{'bay_window': '', 'flat_roof': '', 'roof': '', 'ac_platform': '', 'plant_room': '', 'garden': '', 'yard': ''}",14.8,13.058800000000002,17412,15363.29411764706,16060300850055,4515644,MEM-ASP,HRB,淺水灣/壽臣山,1985/09,1985,41,1,2.0,C,blank,SOUTH BAY GARDEN,南灣花園,True,POINT Z (22.2373685 114.2003888 0),22.2373685,114.2003888
1906,2016-08-11,"SOUTH BAY GARDEN(Block C),SOUTH BAY CLOSE|南灣花園C座,南灣坊",8345.164162605497,1027,850,"{'bay_window': '', 'flat_roof': '', 'roof': '', 'ac_platform': '', 'plant_room': '', 'garden': '', 'yard': ''}",16.0,14.1176,18824,16608.941176470587,16090801680120,4557865,PRE-ASP,HRB,淺水灣/壽臣山,1985/09,1985,41,2,4.0,C,blank,SOUTH BAY GARDEN,南灣花園,True,POINT Z (22.2373685 114.2003888 0),22.2373685,114.2003888
1907,2019-04-10,"SOUTH BAY GARDEN(Block C),SOUTH BAY CLOSE|南灣花園C座,南灣坊",8662.04504386991,1027,850,"{'bay_window': '', 'flat_roof': '', 'roof': '', 'ac_platform': '', 'plant_room': '', 'garden': '', 'yard': ''}",19.0,19.0,22353,22352.941176470587,19050900550031,5540140,ASP,HRB,淺水灣/壽臣山,1985/09,1985,41,1,3.0,C,blank,SOUTH BAY GARDEN,南灣花園,False,POINT Z (22.2373685 114.2003888 0),22.2373685,114.2003888
1908,2023-01-10,"SOUTH BAY GARDEN(Block C),SOUTH BAY CLOSE|南灣花園C座,南灣坊",10025.187127640736,1027,850,"{'bay_window': '', 'flat_roof': '', 'roof': '', 'ac_platform': '', 'plant_room': '', 'garden': '', 'yard': ''}",18.8,18.8,22118,22117.647058823528,23020600450014,6233657,PRO-ASP,HRB,淺水灣/壽臣山,1985/09,1985,41,1,5.0,C,blank,SOUTH BAY GARDEN,南灣花園,False,POINT Z (22.2373685 114.2003888 0),22.2373685,114.2003888
1909,2024-09-03,"SOUTH BAY GARDEN(Block C),SOUTH BAY CLOSE|南灣花園C座,南灣坊",12284.799692441877,1027,850,"{'bay_window': '', 'flat_roof': '', 'roof': '624', 'ac_platform': '', 'plant_room': '', 'garden': '', 'yard': ''}",18.8,18.8,22118,22117.647058823528,24091100430019,6476474,ASP,HRB,淺水灣/壽臣山,1985/09,1985,41,1,10.0,C,blank,SOUTH BAY GARDEN,南灣花園,False,POINT Z (22.2373685 114.2003888 0),22.2373685,114.2003888
1910,2025-09-30,"SOUTH BAY GARDEN(Block C),SOUTH BAY CLOSE|南灣花園C座,南灣坊",7609.876444863607,1027,850,"{'bay_window': '', 'flat_roof': '', 'roof': '', 'ac_platform': '', 'plant_room': '', 'garden': '', 'yard': ''}",11.8,11.8,13882,13882.35294117647,25102000730028,6675412,MEM-ASP,HRB,淺水灣/壽臣山,1985/09,1985,41,1,1.0,C,blank,SOUTH BAY GARDEN,南灣花園,False,POINT Z (22.2373685 114.2003888 0),22.2373685,114.2003888
1911,2018-10-19,"8 DEEP WATER BAY DR(Block 2),DEEP WATER BAY DR|深水灣徑8號2座,深水灣徑",26311.372027776026,0,4214,"{'bay_window': '', 'flat_roof': '', 'roof': '', 'ac_platform': '', 'plant_room': '', 'garden': '73', 'yard': ''}",287.7,287.7,68272,68272.42524916944,18110800510114,5457237,ASP,HRB,淺水灣/壽臣山,2018/01,2018,8,C,6.0,2,blank,8 DEEP WATER BAY DR,深水灣徑8號,False,POINT Z (22.2527702 114.1829961 0),22.2527702,114.1829961
1912,2018-10-26,"8 DEEP WATER BAY DR(Block 2),DEEP WATER BAY DR|深水灣徑8號2座,深水灣徑",28518.710488889694,0,4214,"{'bay_window': '', 'flat_roof': '', 'roof': '', 'ac_platform': '', 'plant_room': '', 'garden': '73', 'yard': ''}",311.836,311.836,74000,74000.0,18111600580149,5460848,ASP,HRB,淺水灣/壽臣山,2018/01,2018,8,C,10.0,2,blank,8 DEEP WATER BAY DR,深水灣徑8號,False,POINT Z (22.2527702 114.1829961 0),22.2527702,114.1829961
1913,2019-02-14,"8 DEEP WATER BAY DR(Block 2),DEEP WATER BAY DR|深水灣徑8號2座,深水灣徑",27932.18106576125,0,4214,"{'bay_window': '', 'flat_roof': '', 'roof': '', 'ac_platform': '', 'plant_room': '', 'garden': '73', 'yard': ''}",292.0302,292.0302,69300,69300.0,19022700490087,5504258,ASP,HRB,淺水灣/壽臣山,2018/01,2018,8,C,7.0,2,blank,8 DEEP WATER BAY DR,深水灣徑8號,False,POINT Z (22.2527702 114.1829961 0),22.2527702,114.1829961
1914,2020-07-02,"8 DEEP WATER BAY DR(Block 2),DEEP WATER BAY DR|深水灣徑8號2座,深水灣徑",23982.20142019509,0,2865,"{'bay_window': '', 'flat_roof': '', 'roof': '', 'ac_platform': '', 'plant_room': '', 'garden': '84', 'yard': ''}",175.0,175.0,61082,61082.024432809776,20072000760244,5741682,ASP,HRB,淺水灣/壽臣山,2018/01,2018,8,D,6.0,2,blank,8 DEEP WATER BAY DR,深水灣徑8號,False,POINT Z (22.2527702 114.1829961 0),22.2527702,114.1829961
1915,2020-08-31,"8 DEEP WATER BAY DR(Block 2),DEEP WATER BAY DR|深水灣徑8號2座,深水灣徑",25412.88093331896,0,2865,"{'bay_window': '', 'flat_roof': '', 'roof': '', 'ac_platform': '', 'plant_room': '', 'garden': '84', 'yard': ''}",179.6,179.6,62688,62687.60907504363,20090801180059,5769231,ASP,HRB,淺水灣/壽臣山,2018/01,2018,8,D,8.0,2,blank,8 DEEP WATER BAY DR,深水灣徑8號,False,POINT Z (22.2527702 114.1829961 0),22.2527702,114.1829961
1916,2020-10-19,"8 DEEP WATER BAY DR(Block 2),DEEP WATER BAY DR|深水灣徑8號2座,深水灣徑",24156.33842725207,0,2865,"{'bay_window': '', 'flat_roof': '', 'roof': '', 'ac_platform': '', 'plant_room': '', 'garden': '84', 'yard': ''}",174.765,174.765,61000,61000.0,20111600550019,5805283,ASP,HRB,淺水灣/壽臣山,2018/01,2018,8,D,5.0,2,blank,8 DEEP WATER BAY DR,深水灣徑8號,False,POINT Z (22.2527702 114.1829961 0),22.2527702,114.1829961
1917,2020-11-16,"8 DEEP WATER BAY DR(Block 2),DEEP WATER BAY DR|深水灣徑8號2座,深水灣徑",25378.22095256606,0,2865,"{'bay_window': '', 'flat_roof': '', 'roof': '', 'ac_platform': '', 'plant_room': '', 'garden': '84', 'yard': ''}",180.495,180.495,63000,63000.0,20112700660189,5812290,ASP,HRB,淺水灣/壽臣山,2018/01,2018,8,D,7.0,2,blank,8 DEEP WATER BAY DR,深水灣徑8號,False,POINT Z (22.2527702 114.1829961 0),22.2527702,114.1829961
1918,2021-01-19,"8 DEEP WATER BAY DR(Block 2),DEEP WATER BAY DR|深水灣徑8號2座,深水灣徑",26012.713584819958,0,2865,"{'bay_window': '', 'flat_roof': '', 'roof': '', 'ac_platform': '', 'plant_room': '', 'garden': '84', 'yard': ''}",186.225,186.225,65000,65000.0,21020501710150,5854966,ASP,HRB,淺水灣/壽臣山,2018/01,2018,8,D,9.0,2,blank,8 DEEP WATER BAY DR,深水灣徑8號,False,POINT Z (22.2527702 114.1829961 0),22.2527702,114.1829961
1919,2021-08-02,"8 DEEP WATER BAY DR(Block 2),DEEP WATER BAY DR|深水灣徑8號2座,深水灣徑",31768.784900982824,0,4214,"{'bay_window': '', 'flat_roof': '', 'roof': '', 'ac_platform': '', 'plant_room': '', 'garden': '73', 'yard': ''}",345.548,345.548,82000,82000.0,21082301850264,5983497,ASP,HRB,淺水灣/壽臣山,2018/01,2018,8,C,8.0,2,blank,8 DEEP WATER BAY DR,深水灣徑8號,False,POINT Z (22.2527702 114.1829961 0),22.2527702,114.1829961
1920,2018-10-26,"8 DEEP WATER BAY DR(Block 1),DEEP WATER BAY DR|深水灣徑8號1座,深水灣徑",26399.07660120195,0,3641,"{'bay_window': '', 'flat_roof': '', 'roof': '', 'ac_platform': '', 'plant_room': '', 'garden': '74', 'yard': ''}",249.4085,249.4085,68500,68500.0,18111400480210,5459559,ASP,HRB,淺水灣/壽臣山,2018/01,2018,8,B,10.0,1,blank,8 DEEP WATER BAY DR,深水灣徑8號,False,POINT Z (22.2527702 114.1829961 0),22.2527702,114.1829961
1921,2019-02-14,"8 DEEP WATER BAY DR(Block 1),DEEP WATER BAY DR|深水灣徑8號1座,深水灣徑",25312.27952279663,0,3641,"{'bay_window': '', 'flat_roof': '', 'roof': '', 'ac_platform': '', 'plant_room': '', 'garden': '74', 'yard': ''}",228.6548,228.6548,62800,62800.0,19022700490098,5504259,ASP,HRB,淺水灣/壽臣山,2018/01,2018,8,B,7.0,1,blank,8 DEEP WATER BAY DR,深水灣徑8號,False,POINT Z (22.2527702 114.1829961 0),22.2527702,114.1829961
1922,2019-03-25,"8 DEEP WATER BAY DR(Block 1),DEEP WATER BAY DR|深水灣徑8號1座,深水灣徑",24116.04565291653,0,3641,"{'bay_window': '', 'flat_roof': '', 'roof': '', 'ac_platform': '', 'plant_room': '', 'garden': '74', 'yard': ''}",221.3728,221.3728,60800,60800.0,19040201040035,5519340,ASP,HRB,淺水灣/壽臣山,2018/01,2018,8,B,5.0,1,blank,8 DEEP WATER BAY DR,深水灣徑8號,False,POINT Z (22.2527702 114.1829961 0),22.2527702,114.1829961
1923,2019-04-26,"8 DEEP WATER BAY DR(Block 1),DEEP WATER BAY DR|深水灣徑8號1座,深水灣徑",24335.787602198725,0,3641,"{'bay_window': '', 'flat_roof': '', 'roof': '', 'ac_platform': '', 'plant_room': '', 'garden': '74', 'yard': ''}",228.6548,228.6548,62800,62800.0,19051600460263,5544516,ASP,HRB,淺水灣/壽臣山,2018/01,2018,8,B,6.0,1,blank,8 DEEP WATER BAY DR,深水灣徑8號,False,POINT Z (22.2527702 114.1829961 0),22.2527702,114.1829961
1924,2019-04-23,"8 DEEP WATER BAY DR(Block 1),DEEP WATER BAY DR|深水灣徑8號1座,深水灣徑",31001.00331490284,0,7568,"{'bay_window': '', 'flat_roof': '', 'roof': '', 'ac_platform': '', 'plant_room': '2983', 'garden': '', 'yard': ''}",605.44,605.44,80000,80000.0,19051601450276,5544772,ASP,HRB,淺水灣/壽臣山,2018/01,2018,8,B,0.0,1,blank,8 DEEP WATER BAY DR,深水灣徑8號,False,POINT Z (22.2527702 114.1829961 0),22.2527702,114.1829961
1925,2019-06-12,"8 DEEP WATER BAY DR(Block 1),DEEP WATER BAY DR|深水灣徑8號1座,深水灣徑",25618.92319150527,0,3641,"{'bay_window': '', 'flat_roof': '', 'roof': '', 'ac_platform': '', 'plant_room': '', 'garden': '74', 'yard': ''}",244.6752,244.6752,67200,67200.0,19062502540385,5571439,ASP,HRB,淺水灣/壽臣山,2018/01,2018,8,B,8.0,1,blank,8 DEEP WATER BAY DR,深水灣徑8號,False,POINT Z (22.2527702 114.1829961 0),22.2527702,114.1829961
1926,2021-03-08,"8 DEEP WATER BAY DR(Block 1),DEEP WATER BAY DR|深水灣徑8號1座,深水灣徑",27170.523274835818,0,3641,"{'bay_window': '', 'flat_roof': '', 'roof': '', 'ac_platform': '', 'plant_room': '', 'garden': '74', 'yard': ''}",251.229,251.229,69000,69000.0,21031701990112,5876572,ASP,HRB,淺水灣/壽臣山,2018/01,2018,8,B,9.0,1,blank,8 DEEP WATER BAY DR,深水灣徑8號,False,POINT Z (22.2527702 114.1829961 0),22.2527702,114.1829961
1927,2021-12-17,"8 DEEP WATER BAY DR(Block 1),DEEP WATER BAY DR|深水灣徑8號1座,深水灣徑",41773.180353967626,0,3641,"{'bay_window': '', 'flat_roof': '', 'roof': '', 'ac_platform': '', 'plant_room': '', 'garden': '74', 'yard': ''}",393.228,393.228,108000,108000.0,22010601350014,6066651,ASP,HRB,淺水灣/壽臣山,2018/01,2018,8,B,16.0,1,blank,8 DEEP WATER BAY DR,深水灣徑8號,False,POINT Z (22.2527702 114.1829961 0),22.2527702,114.1829961
1928,2025-05-23,"8 DEEP WATER BAY DR(Block 1),DEEP WATER BAY DR|深水灣徑8號1座,深水灣徑",34947.713670343524,0,3407,"{'bay_window': '', 'flat_roof': '', 'roof': '', 'ac_platform': '', 'plant_room': '', 'garden': '79', 'yard': ''}",213.4826,213.4826,62660,62659.994129732906,25060500540088,6596237,ASP,HRB,淺水灣/壽臣山,2018/01,2018,8,A,7.0,1,blank,8 DEEP WATER BAY DR,深水灣徑8號,False,POINT Z (22.2527702 114.1829961 0),22.2527702,114.1829961
