,instr_date,final_address,time_adj_npsf,gfa,nfa,other_area,original_consid,consid,original_npsf,npsf,memo_no,MW_data_code,nat_instr,d_code,code_chinese,op_date,op_year,bldg_age,unit,floor,block,phase,est_name_en,est_name_ch,with_CPS
21,1995-11-01,"BEACH POINTE,STANLEY BEACH RD|海灣閣,赤柱灘道",3364.4859813084113,1238.0,1070.0,"{'bay_window': '', 'flat_roof': '', 'roof': '', 'ac_platform': '', 'plant_room': '', 'garden': '', 'yard': ''}",3.6,3.6,3364.0,3364.4859813084113,6469015.0,4777829.0,ASP,HSL,赤柱,1988/04,1988.0,38.0,E,1.0,blank,blank,blank,,False
46,1996-01-19,"CHIK TAK MANSION,STANLEY NEW ST|積德樓,赤柱新街",4326.923076923077,508.0,416.0,"{'bay_window': '', 'flat_roof': '', 'roof': '', 'ac_platform': '', 'plant_room': '', 'garden': '', 'yard': ''}",1.8,1.8,4327.0,4326.923076923077,6528326.0,4797237.0,ASP,HSL,赤柱,1986/10,1986.0,40.0,B,2.0,blank,blank,blank,,False
48,1996-01-24,"YAU SHING LAU,STANLEY MAIN ST|友誠樓,赤柱大街",4614.035087719299,0.0,285.0,"{'bay_window': '', 'flat_roof': '', 'roof': '', 'ac_platform': '', 'plant_room': '', 'garden': '', 'yard': ''}",1.315,1.315,4614.0,4614.035087719299,6534149.0,4798982.0,ASP,HSL,赤柱,1988/07,1988.0,38.0,D,3.0,blank,blank,blank,,False
57,1996-02-14,10A STANLEY BEACH RD|10A 赤柱灘道,5313.983050847458,0.0,2832.0,"{'bay_window': '', 'flat_roof': '', 'roof': '', 'ac_platform': '', 'plant_room': '', 'garden': '', 'yard': ''}",15.6,15.0492,5508.0,5313.983050847458,6546098.0,4804446.0,ASP,HSL,赤柱,9999,9999.0,-7973.0,whole floor,2.0,blank,blank,blank,,True
59,1996-02-12,"BEACH POINTE,STANLEY BEACH RD|海灣閣,赤柱灘道",7362.251655629139,1544.0,1359.0,"{'bay_window': '', 'flat_roof': '', 'roof': '1337', 'ac_platform': '', 'plant_room': '', 'garden': '', 'yard': ''}",10.8,10.0053,7947.0,7362.251655629139,6547106.0,4805015.0,ASP,HSL,赤柱,1988/04,1988.0,38.0,C,3.0,blank,blank,blank,,True
64,1996-02-22,10A STANLEY BEACH RD|10A 赤柱灘道,5961.193502824859,0.0,2832.0,"{'bay_window': '', 'flat_roof': '', 'roof': '', 'ac_platform': '', 'plant_room': '', 'garden': '', 'yard': ''}",17.5,16.8821,6179.0,5961.193502824859,6555048.0,4808844.0,SUB-ASP,HSL,赤柱,9999,9999.0,-7973.0,whole floor,2.0,blank,blank,blank,,True
69,1996-03-01,"STANFORD VILLA(Block 2),STANLEY VILLAGE RD|旭日居2座,赤柱村道",6986.9061413673235,1052.0,863.0,"{'bay_window': '', 'flat_roof': '', 'roof': '', 'ac_platform': '', 'plant_room': '', 'garden': '', 'yard': ''}",6.82,6.0297,7903.0,6986.9061413673235,6557791.0,4810364.0,ASP,HSL,赤柱,1995/09,1995.0,31.0,C,1.0,2,blank,STANFORD VILLA,旭日居,True
71,1996-02-09,"STANFORD VILLA(Block 2),STANLEY VILLAGE RD|旭日居2座,赤柱村道",9039.871382636657,758.0,622.0,"{'bay_window': '', 'flat_roof': '', 'roof': '', 'ac_platform': '', 'plant_room': '', 'garden': '', 'yard': ''}",6.7,5.6228,10772.0,9039.871382636657,6560516.0,4815208.0,ASP,HSL,赤柱,1995/09,1995.0,31.0,B,1.0,2,blank,STANFORD VILLA,旭日居,True
75,1996-03-14,"GREENVILLE,WONG MA KOK RD|綠怡居,黃麻角道",6583.969465648855,657.0,524.0,"{'bay_window': '', 'flat_roof': '325', 'roof': '', 'ac_platform': '', 'plant_room': '', 'garden': '', 'yard': ''}",3.45,3.45,6584.0,6583.969465648855,6573831.0,4813635.0,ASP,HSL,赤柱,1995/09,1995.0,31.0,B,2.0,blank,blank,blank,,False
77,1996-03-25,"GREENVILLE,WONG MA KOK RD|綠怡居,黃麻角道",6870.229007633588,657.0,524.0,"{'bay_window': '', 'flat_roof': '', 'roof': '', 'ac_platform': '', 'plant_room': '', 'garden': '', 'yard': ''}",3.6,3.6,6870.0,6870.229007633588,6586716.0,4822890.0,ASP,HSL,赤柱,1995/09,1995.0,31.0,A,3.0,blank,blank,blank,,False
82,1996-04-03,"GREENVILLE,WONG MA KOK RD|綠怡居,黃麻角道",6603.053435114503,657.0,524.0,"{'bay_window': '', 'flat_roof': '', 'roof': '', 'ac_platform': '', 'plant_room': '', 'garden': '', 'yard': ''}",3.46,3.46,6603.0,6603.053435114503,6592902.0,4819521.0,ASP,HSL,赤柱,1995/09,1995.0,31.0,B,3.0,blank,blank,blank,,False
84,1996-03-29,"BEACH POINTE,STANLEY BEACH RD|海灣閣,赤柱灘道",6268.911564625851,1666.0,1470.0,"{'bay_window': '', 'flat_roof': '', 'roof': '', 'ac_platform': '', 'plant_room': '', 'garden': '', 'yard': ''}",9.888,9.2153,6727.0,6268.911564625851,6596878.0,4821312.0,ASP,HSL,赤柱,1988/04,1988.0,38.0,B,3.0,blank,blank,blank,,True
114,1996-07-11,"BEACH POINTE,STANLEY BEACH RD|海灣閣,赤柱灘道",6356.245954692557,1803.0,1545.0,"{'bay_window': '', 'flat_roof': '', 'roof': '', 'ac_platform': '', 'plant_room': '', 'garden': '', 'yard': ''}",10.5,9.8204,6796.0,6356.245954692557,6711153.0,4869709.0,ASP,HSL,赤柱,1988/06,1988.0,38.0,A,1.0,blank,blank,blank,,True
139,1996-10-18,10A STANLEY BEACH RD|10A 赤柱灘道,5109.569209039548,0.0,2832.0,"{'bay_window': '', 'flat_roof': '', 'roof': '', 'ac_platform': '', 'plant_room': '', 'garden': '', 'yard': ''}",15.0,14.4703,5297.0,5109.569209039548,6811785.0,4903634.0,ASP,HSL,赤柱,1980/11,1980.0,46.0,whole floor,1.0,blank,blank,blank,,True
150,1996-11-05,"BEACH POINTE,STANLEY BEACH RD|海灣閣,赤柱灘道",7893.966151582045,1544.0,1359.0,"{'bay_window': '', 'flat_roof': '', 'roof': '', 'ac_platform': '', 'plant_room': '', 'garden': '', 'yard': ''}",11.58,10.7279,8521.0,7893.966151582045,6829923.0,4915170.0,ASP,HSL,赤柱,1988/04,1988.0,38.0,C,0.0,blank,blank,blank,,True
170,1996-11-26,43 STANLEY VILLAGE RD|43 赤柱村道,6884.810126582277,1565.0,1264.0,"{'bay_window': '', 'flat_roof': '', 'roof': '', 'ac_platform': '', 'plant_room': '', 'garden': '', 'yard': ''}",9.45,8.702399999999999,7476.0,6884.810126582277,6856629.0,4923740.0,ASP,HSL,赤柱,1990/02,1990.0,36.0,A,0.0,blank,blank,blank,,True
174,1996-11-25,"STANFORD VILLA(Block 2),STANLEY VILLAGE RD|旭日居2座,赤柱村道",11269.293163383545,1052.0,863.0,"{'bay_window': '', 'flat_roof': '', 'roof': '', 'ac_platform': '', 'plant_room': '', 'garden': '', 'yard': ''}",11.0,9.7254,12746.0,11269.293163383545,6860516.0,4925752.0,ASP,HSL,赤柱,1995/09,1995.0,31.0,C,2.0,2,blank,STANFORD VILLA,旭日居,True
182,1996-11-27,"BEACH POINTE,STANLEY BEACH RD|海灣閣,赤柱灘道",9708.73786407767,1803.0,1545.0,"{'bay_window': '', 'flat_roof': '', 'roof': '1522', 'ac_platform': '', 'plant_room': '', 'garden': '', 'yard': ''}",15.0,15.0,9709.0,9708.73786407767,6869019.0,4931458.0,ASP,HSL,赤柱,1988/06,1988.0,38.0,A,3.0,blank,blank,blank,,False
184,1996-12-13,"BEACH POINTE,STANLEY BEACH RD|海灣閣,赤柱灘道",7960.747051114024,1785.0,1526.0,"{'bay_window': '', 'flat_roof': '', 'roof': '', 'ac_platform': '', 'plant_room': '', 'garden': '', 'yard': ''}",13.0,12.1481,8519.0,7960.747051114024,6873604.0,4929643.0,ASP,HSL,赤柱,1988/04,1988.0,38.0,A,0.0,blank,blank,blank,,True
216,1997-01-21,"BEACH POINTE,STANLEY BEACH RD|海灣閣,赤柱灘道",7059.814658803708,1423.0,1187.0,"{'bay_window': '', 'flat_roof': '', 'roof': '', 'ac_platform': '', 'plant_room': '', 'garden': '', 'yard': ''}",8.38,8.38,7060.0,7059.814658803708,6918659.0,4988004.0,ASP,HSL,赤柱,1988/06,1988.0,38.0,D,1.0,1,blank,blank,,False
231,1997-01-23,"STANFORD VILLA(Block 2),STANLEY VILLAGE RD|旭日居2座,赤柱村道",12129.779837775202,1052.0,863.0,"{'bay_window': '', 'flat_roof': '', 'roof': '', 'ac_platform': '', 'plant_room': '', 'garden': '', 'yard': ''}",11.84,10.468,13720.0,12129.779837775202,6943593.0,4975183.0,PRO-ASP,HSL,赤柱,1995/09,1995.0,31.0,C,2.0,2,blank,STANFORD VILLA,旭日居,True
235,1997-01-30,"BAUHINIA GARDEN,CHUNG HOM KOK RD|紫荊園,舂磡角道",7728.0,0.0,1250.0,"{'bay_window': '', 'flat_roof': '', 'roof': '', 'ac_platform': '', 'plant_room': '', 'garden': '', 'yard': ''}",10.5,9.66,8400.0,7728.0,6951660.0,4978070.0,ASP,HSL,赤柱,1972/04,1972.0,54.0,B,2.0,blank,blank,BAUHINIA GARDEN,紫荊園,True
246,1997-03-06,"BEACH POINTE,STANLEY BEACH RD|海灣閣,赤柱灘道",7268.268606960635,1668.0,1472.0,"{'bay_window': '', 'flat_roof': '', 'roof': '', 'ac_platform': '', 'plant_room': '', 'garden': '', 'yard': ''}",12.88,12.005,8750.0,8155.570652173913,7001102.0,4992896.0,ASP,HSL,赤柱,1988/04,1988.0,38.0,B,0.0,blank,blank,blank,,True
247,1997-03-10,"PINE VILLA,STANLEY VILLAGE RD|翠屋,赤柱村道",8535.245911070273,0.0,1611.0,"{'bay_window': '', 'flat_roof': '', 'roof': '', 'ac_platform': '', 'plant_room': '', 'garden': '', 'yard': ''}",16.45,15.4289,10211.0,9577.2191185599,7001261.0,4992928.0,ASP,HSL,赤柱,1963/10,1963.0,63.0,B,0.0,blank,blank,blank,,True
269,1997-05-07,"STANFORD VILLA(Block 2),STANLEY VILLAGE RD|旭日居2座,赤柱村道",12382.91215785765,1052.0,863.0,"{'bay_window': '', 'flat_roof': '', 'roof': '648', 'ac_platform': '', 'plant_room': '', 'garden': '', 'yard': ''}",14.1,12.4662,16338.0,14445.191193511007,7092905.0,5035448.0,ASP,HSL,赤柱,1995/09,1995.0,31.0,D,2.0,2,blank,STANFORD VILLA,旭日居,True
274,1997-04-02,"BAUHINIA GARDEN,CHUNG HOM KOK RD|紫荊園,舂磡角道",8450.086137133276,0.0,1250.0,"{'bay_window': '', 'flat_roof': '', 'roof': '', 'ac_platform': '', 'plant_room': '', 'garden': '', 'yard': ''}",12.8,11.776,10240.0,9420.8,7101078.0,5038446.0,ASP,HSL,赤柱,1972/04,1972.0,54.0,A,1.0,blank,blank,BAUHINIA GARDEN,紫荊園,True
304,1997-05-27,"SEA AND SKY COURT,STANLEY MAIN ST|海天別墅,赤柱大街",7235.965116598635,0.0,1510.0,"{'bay_window': '', 'flat_roof': '', 'roof': '1264', 'ac_platform': '', 'plant_room': '', 'garden': '', 'yard': ''}",13.65,12.746,9040.0,8441.059602649008,7155477.0,5051434.0,PRO-ASP,HSL,赤柱,1973/00,1973.0,53.0,B,9.0,blank,blank,blank,,True
319,1997-07-30,"STANFORD VILLA(Block 2),STANLEY VILLAGE RD|旭日居2座,赤柱村道",12111.798722167734,0.0,590.0,"{'bay_window': '', 'flat_roof': '', 'roof': '', 'ac_platform': '', 'plant_room': '', 'garden': '', 'yard': ''}",10.1,8.3881,17119.0,14217.118644067798,7214313.0,5086809.0,ASP,HSL,赤柱,1995/05,1995.0,31.0,A,1.0,2,blank,STANFORD VILLA,旭日居,True
333,1997-09-12,"STANFORD VILLA(Block 2),STANLEY VILLAGE RD|旭日居2座,赤柱村道",10513.983185793972,1052.0,863.0,"{'bay_window': '', 'flat_roof': '', 'roof': '', 'ac_platform': '', 'plant_room': '', 'garden': '', 'yard': ''}",12.3,10.8747,14253.0,12601.042873696408,7284460.0,5109096.0,ASP,HSL,赤柱,1995/05,1995.0,31.0,C,1.0,2,blank,STANFORD VILLA,旭日居,True
346,1997-12-16,"BEACH POINTE,STANLEY BEACH RD|海灣閣,赤柱灘道",6951.273556851646,1423.0,1187.0,"{'bay_window': '', 'flat_roof': '', 'roof': '', 'ac_platform': '', 'plant_room': '', 'garden': '', 'yard': ''}",9.98,9.1392,8408.0,7699.410278011795,7393686.0,5151911.0,ASP,HSL,赤柱,1988/04,1988.0,38.0,D,1.0,blank,blank,blank,,True
347,1997-12-24,"LUNG TAN HSE(Block B,LUNG YAN COURT),CAPE RD|龍欣苑,B座(龍騰閣),環角道",3206.3190571021814,785.0,535.0,"{'bay_window': '', 'flat_roof': '', 'roof': '', 'ac_platform': '', 'plant_room': '', 'garden': '', 'yard': ''}",1.9,1.9,3551.0,3551.4018691588785,7399191.0,5153436.0,ASP,HSL,赤柱,1993/12,1993.0,33.0,7,11.0,B,blank,LUNG YAN COURT,龍欣苑,False
352,1998-02-16,"LUNG TAN HSE(Block B,LUNG YAN COURT),CAPE RD|龍欣苑,B座(龍騰閣),環角道",3480.8787106388927,776.0,530.0,"{'bay_window': '', 'flat_roof': '', 'roof': '', 'ac_platform': '', 'plant_room': '', 'garden': '', 'yard': ''}",1.8,1.8,3396.0,3396.2264150943397,7426919.0,5163524.0,ASP,HSL,赤柱,1993/12,1993.0,33.0,11,3.0,B,blank,LUNG YAN COURT,龍欣苑,False
354,1998-02-28,"STANFORD VILLA(Block 2),STANLEY VILLAGE RD|旭日居2座,赤柱村道",11062.932697720898,758.0,622.0,"{'bay_window': '', 'flat_roof': '', 'roof': '', 'ac_platform': '', 'plant_room': '', 'garden': '', 'yard': ''}",8.0,6.7138,12862.0,10793.890675241157,7434950.0,5167354.0,ASP,HSL,赤柱,1995/05,1995.0,31.0,B,0.0,2,blank,STANFORD VILLA,旭日居,True
364,1998-05-25,"LUNG TAN HSE(Block B,LUNG YAN COURT),CAPE RD|龍欣苑,B座(龍騰閣),環角道",3907.9787943301185,939.0,640.0,"{'bay_window': '', 'flat_roof': '', 'roof': '', 'ac_platform': '', 'plant_room': '', 'garden': '', 'yard': ''}",2.25,2.25,3516.0,3515.625,7491977.0,5197169.0,ASP,HSL,赤柱,1993/12,1993.0,33.0,1,5.0,B,blank,LUNG YAN COURT,龍欣苑,False
373,1998-07-10,"GREENVILLE,WONG MA KOK RD|綠怡居,黃麻角道",8819.760748769122,657.0,524.0,"{'bay_window': '', 'flat_roof': '', 'roof': '241', 'ac_platform': '', 'plant_room': '', 'garden': '', 'yard': ''}",3.5,3.5,6679.0,6679.3893129770995,7531836.0,1224.0,ASP,HSL,赤柱,1995/09,1995.0,31.0,B,4.0,blank,blank,blank,,False
400,1999-01-07,"BEACH POINTE,STANLEY BEACH RD|海灣閣,赤柱灘道",8609.881963627726,1548.0,1352.0,"{'bay_window': '', 'flat_roof': '', 'roof': '', 'ac_platform': '', 'plant_room': '', 'garden': '', 'yard': ''}",9.1,8.4269,6731.0,6232.914201183432,7668227.0,126654.0,ASP,HSL,赤柱,1988/04,1988.0,38.0,F,2.0,blank,blank,blank,,True
435,1999-08-26,"LUNG TAN HSE(Block B,LUNG YAN COURT),CAPE RD|龍欣苑,B座(龍騰閣),環角道",5673.810243635374,632.0,431.0,"{'bay_window': '', 'flat_roof': '', 'roof': '', 'ac_platform': '', 'plant_room': '', 'garden': '', 'yard': ''}",1.8,1.8,4176.0,4176.334106728538,7874734.0,294907.0,ASP,HSL,赤柱,1993/12,1993.0,33.0,6,5.0,B,blank,LUNG YAN COURT,龍欣苑,False
479,2000-09-19,"LUNG CHUN HSE(Block A,LUNG YAN COURT),CAPE RD|龍欣苑,A座(龍駿閣),環角道",4781.503142145287,776.0,530.0,"{'bay_window': '', 'flat_roof': '', 'roof': '', 'ac_platform': '', 'plant_room': '', 'garden': '', 'yard': ''}",1.71,1.71,3226.0,3226.4150943396226,8212166.0,545795.0,ASP,HSL,赤柱,1993/12,1993.0,33.0,14,5.0,A,blank,LUNG YAN COURT,龍欣苑,False
490,2000-10-26,"LUNG TAN HSE(Block B,LUNG YAN COURT),CAPE RD|龍欣苑,B座(龍騰閣),環角道",5246.061676831325,626.0,427.0,"{'bay_window': '', 'flat_roof': '', 'roof': '', 'ac_platform': '', 'plant_room': '', 'garden': '', 'yard': ''}",1.48,1.48,3466.0,3466.0421545667446,8244786.0,569891.0,ASP,HSL,赤柱,1993/12,1993.0,33.0,12,3.0,B,blank,LUNG YAN COURT,龍欣苑,False
492,2000-11-15,"YAU SHING LAU,STANLEY MAIN ST|友誠樓,赤柱大街",5921.768594790104,0.0,285.0,"{'bay_window': '', 'flat_roof': '', 'roof': '', 'ac_platform': '', 'plant_room': '', 'garden': '', 'yard': ''}",1.0,1.0,3509.0,3508.7719298245615,8249426.0,574276.0,ASP,HSL,赤柱,1988/07,1988.0,38.0,C,5.0,blank,blank,blank,,False
505,2001-02-20,"BAUHINIA GARDEN,CHUNG HOM KOK RD|紫荊園,舂磡角道",8349.723454583194,0.0,1250.0,"{'bay_window': '', 'flat_roof': '', 'roof': '', 'ac_platform': '', 'plant_room': '', 'garden': '', 'yard': ''}",7.2,6.6240000000000006,5760.0,5299.200000000001,8332848.0,636524.0,ASP,HSL,赤柱,1972/04,1972.0,54.0,A,1.0,blank,blank,BAUHINIA GARDEN,紫荊園,True
517,2001-04-10,"BEACH POINTE,STANLEY BEACH RD|海灣閣,赤柱灘道",7577.104827822829,1668.0,1472.0,"{'bay_window': '', 'flat_roof': '', 'roof': '', 'ac_platform': '', 'plant_room': '', 'garden': '', 'yard': ''}",7.5,6.9905,5095.0,4748.98097826087,8371870.0,669752.0,ASP,HSL,赤柱,1988/04,1988.0,38.0,B,0.0,blank,blank,blank,,True
521,2001-05-15,10B STANLEY BEACH RD|10B 赤柱灘道,8023.620492509023,0.0,2832.0,"{'bay_window': '', 'flat_roof': '', 'roof': '', 'ac_platform': '', 'plant_room': '', 'garden': '', 'yard': ''}",14.6,14.0845,5155.0,4973.340395480226,8395605.0,691558.0,ASP,HSL,赤柱,1980/11,1980.0,46.0,whole floor,0.0,blank,blank,blank,,True
523,2001-06-14,"STANFORD VILLA(Block 2),STANLEY VILLAGE RD|旭日居2座,赤柱村道",8511.871431834861,1052.0,863.0,"{'bay_window': '', 'flat_roof': '', 'roof': '', 'ac_platform': '', 'plant_room': '', 'garden': '', 'yard': ''}",5.138,4.5426,5954.0,5263.731170336037,8422401.0,711401.0,ASP,HSL,赤柱,1995/05,1995.0,31.0,C,1.0,2,blank,STANFORD VILLA,旭日居,True
524,2001-06-27,"LUNG TAN HSE(Block B,LUNG YAN COURT),CAPE RD|龍欣苑,B座(龍騰閣),環角道",5264.029077161984,626.0,427.0,"{'bay_window': '', 'flat_roof': '', 'roof': '', 'ac_platform': '', 'plant_room': '', 'garden': '', 'yard': ''}",1.39,1.39,3255.0,3255.2693208430915,8436204.0,724390.0,ASP,HSL,赤柱,1993/12,1993.0,33.0,12,6.0,B,blank,LUNG YAN COURT,龍欣苑,False
528,2001-06-29,"BEACH POINTE,STANLEY BEACH RD|海灣閣,赤柱灘道",7994.719828121968,1238.0,1070.0,"{'bay_window': '', 'flat_roof': '', 'roof': '', 'ac_platform': '', 'plant_room': '', 'garden': '', 'yard': ''}",5.29,5.29,4944.0,4943.92523364486,8446347.0,729134.0,ASP,HSL,赤柱,1988/04,1988.0,38.0,E,1.0,blank,blank,blank,,False
535,2001-08-07,"PINE VILLA,STANLEY VILLAGE RD|翠屋,赤柱村道",10985.66676865144,0.0,1611.0,"{'bay_window': '', 'flat_roof': '', 'roof': '', 'ac_platform': '', 'plant_room': '', 'garden': '', 'yard': ''}",11.5,10.7862,7138.0,6695.344506517691,8472306.0,746922.0,ASP,HSL,赤柱,1963/10,1963.0,63.0,B,0.0,blank,blank,blank,,True
537,2001-08-30,"LUNG TAN HSE(Block B,LUNG YAN COURT),CAPE RD|龍欣苑,B座(龍騰閣),環角道",5213.731145093444,785.0,535.0,"{'bay_window': '', 'flat_roof': '', 'roof': '', 'ac_platform': '', 'plant_room': '', 'garden': '', 'yard': ''}",1.7,1.7,3178.0,3177.570093457944,8504093.0,774359.0,ASP,HSL,赤柱,1993/12,1993.0,33.0,7,7.0,B,blank,LUNG YAN COURT,龍欣苑,False
538,2001-09-14,"LUNG CHUN HSE(Block A,LUNG YAN COURT),CAPE RD|龍欣苑,A座(龍駿閣),環角道",5637.206395346811,786.0,536.0,"{'bay_window': '', 'flat_roof': '', 'roof': '', 'ac_platform': '', 'plant_room': '', 'garden': '', 'yard': ''}",1.83,1.83,3414.0,3414.179104477612,8504843.0,774894.0,ASP,HSL,赤柱,1993/12,1993.0,33.0,13,8.0,A,blank,LUNG YAN COURT,龍欣苑,False
539,2001-10-11,"LUNG CHUN HSE(Block A,LUNG YAN COURT),CAPE RD|龍欣苑,A座(龍駿閣),環角道",5325.659931720426,786.0,536.0,"{'bay_window': '', 'flat_roof': '', 'roof': '', 'ac_platform': '', 'plant_room': '', 'garden': '', 'yard': ''}",1.63,1.63,3041.0,3041.044776119403,8521429.0,785416.0,ASP,HSL,赤柱,1993/12,1993.0,33.0,13,4.0,A,blank,LUNG YAN COURT,龍欣苑,False
546,2001-12-03,"STANFORD VILLA(Block 2),STANLEY VILLAGE RD|旭日居2座,赤柱村道",12655.176891882955,758.0,622.0,"{'bay_window': '', 'flat_roof': '', 'roof': '', 'ac_platform': '', 'plant_room': '', 'garden': '', 'yard': ''}",5.45,4.5738,8762.0,7353.376205787781,8559403.0,819394.0,ASP,HSL,赤柱,1995/05,1995.0,31.0,B,0.0,2,blank,STANFORD VILLA,旭日居,True
549,2001-12-20,"PINE VILLA,STANLEY VILLAGE RD|翠屋,赤柱村道",5080.00119961183,0.0,1611.0,"{'bay_window': '', 'flat_roof': '', 'roof': '', 'ac_platform': '', 'plant_room': '', 'garden': '', 'yard': ''}",5.07,4.7553,3147.0,2951.7690875232774,8583560.0,836229.0,ASP,HSL,赤柱,1963/10,1963.0,63.0,C,0.0,blank,blank,blank,,True
574,2002-12-19,10A STANLEY BEACH RD|10A 赤柱灘道,10187.029509415934,0.0,2832.0,"{'bay_window': '', 'flat_roof': '', 'roof': '', 'ac_platform': '', 'plant_room': '', 'garden': '', 'yard': ''}",15.5,14.9527,5473.0,5279.9081920903955,8846202.0,1035128.0,ASP,HSL,赤柱,1980/11,1980.0,46.0,whole floor,2.0,blank,blank,blank,,True
597,2003-07-11,"SEA AND SKY COURT,STANLEY MAIN ST|海天別墅,赤柱大街",8843.686763088652,0.0,1510.0,"{'bay_window': '', 'flat_roof': '', 'roof': '1264', 'ac_platform': '', 'plant_room': '', 'garden': '', 'yard': ''}",6.95,6.4897,4603.0,4297.814569536424,8981181.0,1138648.0,ASP,HSL,赤柱,1966/07,1966.0,60.0,B,9.0,blank,blank,blank,,True
667,2003-12-30,"BAUHINIA GARDEN,CHUNG HOM KOK RD|紫荊園,舂磡角道",10956.562595898255,0.0,1250.0,"{'bay_window': '', 'flat_roof': '', 'roof': '', 'ac_platform': '', 'plant_room': '', 'garden': '', 'yard': ''}",8.3,7.636000000000001,6640.0,6108.800000000001,9127607.0,1259308.0,ASP,HSL,赤柱,1972/04,1972.0,54.0,A,3.0,blank,blank,BAUHINIA GARDEN,紫荊園,True
712,2004-04-15,"BEACH POINTE,STANLEY BEACH RD|海灣閣,赤柱灘道",15564.808205286383,1803.0,1545.0,"{'bay_window': '', 'flat_roof': '', 'roof': '1522', 'ac_platform': '', 'plant_room': '', 'garden': '', 'yard': ''}",17.2,16.0867,11133.0,10412.10355987055,9199026.0,1318504.0,ASP,HSL,赤柱,1988/04,1988.0,38.0,A,3.0,blank,blank,blank,,True
745,2004-09-01,"LUNG TAN HSE(Block B,LUNG YAN COURT),CAPE RD|龍欣苑,B座(龍騰閣),環角道",4964.806897766864,776.0,530.0,"{'bay_window': '', 'flat_roof': '', 'roof': '', 'ac_platform': '', 'plant_room': '', 'garden': '', 'yard': ''}",1.8,1.8,3396.0,3396.2264150943397,9337339.0,1420919.0,PRO-ASP,HSL,赤柱,1993/12,1993.0,33.0,11,7.0,B,blank,LUNG YAN COURT,龍欣苑,False
757,2004-10-11,"LUNG TAN HSE(Block B,LUNG YAN COURT),CAPE RD|龍欣苑,B座(龍騰閣),環角道",4119.891095443451,776.0,530.0,"{'bay_window': '', 'flat_roof': '', 'roof': '', 'ac_platform': '', 'plant_room': '', 'garden': '', 'yard': ''}",1.6,1.6,3019.0,3018.867924528302,9358262.0,1438616.0,PRO-ASP,HSL,赤柱,1993/12,1993.0,33.0,11,4.0,B,blank,LUNG YAN COURT,龍欣苑,False
763,2004-09-27,"BEACH POINTE,STANLEY BEACH RD|海灣閣,赤柱灘道",12257.355655000703,1544.0,1359.0,"{'bay_window': '', 'flat_roof': '', 'roof': '1337', 'ac_platform': '', 'plant_room': '', 'garden': '', 'yard': ''}",12.3,11.3949,9051.0,8384.76821192053,9374351.0,1448539.0,PRO-ASP,HSL,赤柱,1988/04,1988.0,38.0,C,3.0,blank,blank,blank,,True
768,2004-10-19,74 STANLEY MAIN ST|74 赤柱大街,6237.266569312811,0.0,547.0,"{'bay_window': '', 'flat_roof': '', 'roof': '', 'ac_platform': '', 'plant_room': '', 'garden': '', 'yard': ''}",2.5,2.5,4570.0,4570.383912248629,9379765.0,1455825.0,ASP,HSL,赤柱,1976/08,1976.0,50.0,whole floor,5.0,blank,blank,blank,,False
826,2005-04-14,"LUNG CHUN HSE(Block A,LUNG YAN COURT),CAPE RD|龍欣苑,A座(龍駿閣),環角道",4608.676149601887,785.0,535.0,"{'bay_window': '', 'flat_roof': '', 'roof': '', 'ac_platform': '', 'plant_room': '', 'garden': '', 'yard': ''}",1.85,1.85,3458.0,3457.9439252336447,5042701360058.0,1595265.0,ASP,HSL,赤柱,1993/12,1993.0,33.0,4,8.0,A,blank,LUNG YAN COURT,龍欣苑,False
827,2005-04-20,"LUNG TAN HSE(Block B,LUNG YAN COURT),CAPE RD|龍欣苑,B座(龍騰閣),環角道",4164.935371684138,939.0,640.0,"{'bay_window': '', 'flat_roof': '', 'roof': '', 'ac_platform': '', 'plant_room': '', 'garden': '', 'yard': ''}",2.0,2.0,3125.0,3125.0,5043001570095.0,1598111.0,ASP,HSL,赤柱,1993/12,1993.0,33.0,16,6.0,B,blank,LUNG YAN COURT,龍欣苑,False
831,2005-04-15,"YAU SHING LAU,STANLEY MAIN ST|友誠樓,赤柱大街",4582.890289684722,0.0,285.0,"{'bay_window': '', 'flat_roof': '', 'roof': '', 'ac_platform': '', 'plant_room': '', 'garden': '', 'yard': ''}",0.98,0.98,3439.0,3438.59649122807,5051301320117.0,1614684.0,ASP,HSL,赤柱,1978/02,1978.0,48.0,C,5.0,blank,blank,blank,,False
845,2005-06-16,10B STANLEY BEACH RD|10B 赤柱灘道,12611.17564557018,0.0,2832.0,"{'bay_window': '', 'flat_roof': '', 'roof': '', 'ac_platform': '', 'plant_room': '', 'garden': '', 'yard': ''}",28.0,27.0113,9887.0,9537.888418079096,5062802140027.0,1663181.0,ASP,HSL,赤柱,1962/01,1962.0,64.0,whole floor,2.0,blank,blank,blank,,True
847,2005-06-13,"BEACH POINTE,STANLEY BEACH RD|海灣閣,赤柱灘道",11497.498517627499,1785.0,1526.0,"{'bay_window': '', 'flat_roof': '', 'roof': '', 'ac_platform': '', 'plant_room': '', 'garden': '', 'yard': ''}",14.2,13.2695,9305.0,8695.609436435125,5071101030066.0,1674485.0,ASP,HSL,赤柱,1988/04,1988.0,38.0,A,0.0,blank,blank,blank,,True
848,2005-06-01,"YAU SHING LAU,STANLEY MAIN ST|友誠樓,赤柱大街",4927.523582539484,0.0,322.0,"{'bay_window': '', 'flat_roof': '', 'roof': '', 'ac_platform': '', 'plant_room': '', 'garden': '', 'yard': ''}",1.2,1.2,3729.0,3726.7080745341614,5071302360019.0,1676648.0,PRO-ASP,HSL,赤柱,1978/02,1978.0,48.0,B,1.0,blank,blank,blank,,False
852,2005-07-08,"LUNG CHUN HSE(Block A,LUNG YAN COURT),CAPE RD|龍欣苑,A座(龍駿閣),環角道",4902.603180029328,786.0,536.0,"{'bay_window': '', 'flat_roof': '', 'roof': '', 'ac_platform': '', 'plant_room': '', 'garden': '', 'yard': ''}",1.92,1.92,3582.0,3582.089552238806,5072301440025.0,1684067.0,ASP,HSL,赤柱,1993/12,1993.0,33.0,13,10.0,A,blank,LUNG YAN COURT,龍欣苑,False
860,2005-07-28,"GREENVILLE,WONG MA KOK RD|綠怡居,黃麻角道",12928.97856756303,657.0,524.0,"{'bay_window': '', 'flat_roof': '', 'roof': '381', 'ac_platform': '', 'plant_room': '', 'garden': '', 'yard': ''}",4.95,4.95,9447.0,9446.564885496184,5082502420105.0,1710836.0,ASP,HSL,赤柱,1995/10,1995.0,31.0,A,4.0,blank,blank,blank,,False
868,2005-09-07,"LUNG TAK COURT(Block B),CAPE RD|龍德苑B座,環角道",4573.971827210819,559.0,421.0,"{'bay_window': '', 'flat_roof': '', 'roof': '', 'ac_platform': '', 'plant_room': '', 'garden': '', 'yard': ''}",1.513,1.513,3594.0,3593.8242280285035,5100300170205.0,1735728.0,PRO-ASP,HSL,赤柱,2000/08,2000.0,26.0,28,3.0,B,blank,LUNG TAK COURT,龍德苑,False
871,2005-09-15,"LUNG TAK COURT(Block D),CAPE RD|龍德苑D座,環角道",4248.541192707186,552.0,417.0,"{'bay_window': '', 'flat_roof': '', 'roof': '', 'ac_platform': '', 'plant_room': '', 'garden': '', 'yard': ''}",1.392,1.392,3338.0,3338.1294964028775,5100402630010.0,1736704.0,ASP,HSL,赤柱,2000/08,2000.0,26.0,22,1.0,D,blank,LUNG TAK COURT,龍德苑,False
873,2005-09-27,"GREENVILLE,WONG MA KOK RD|綠怡居,黃麻角道",12144.38063031182,657.0,524.0,"{'bay_window': '', 'flat_roof': '', 'roof': '241', 'ac_platform': '', 'plant_room': '', 'garden': '', 'yard': ''}",5.0,5.0,9542.0,9541.984732824427,5101200160017.0,1742871.0,ASP,HSL,赤柱,1995/10,1995.0,31.0,B,4.0,blank,blank,blank,,False
877,2005-10-03,"LUNG TAK COURT(Block B),CAPE RD|龍德苑B座,環角道",5012.116525863406,283.0,214.0,"{'bay_window': '', 'flat_roof': '', 'roof': '', 'ac_platform': '', 'plant_room': '', 'garden': '', 'yard': ''}",0.82,0.82,3832.0,3831.7757009345796,5101801560032.0,1746379.0,ASP,HSL,赤柱,2000/08,2000.0,26.0,1,5.0,B,blank,LUNG TAK COURT,龍德苑,False
880,2005-09-21,"LUNG TAK COURT(Block D),CAPE RD|龍德苑D座,環角道",5233.660557242417,283.0,214.0,"{'bay_window': '', 'flat_roof': '', 'roof': '', 'ac_platform': '', 'plant_room': '', 'garden': '', 'yard': ''}",0.88,0.88,4112.0,4112.14953271028,5102001140017.0,1749100.0,ASP,HSL,赤柱,2000/08,2000.0,26.0,34,0.0,D,blank,LUNG TAK COURT,龍德苑,False
895,2005-11-28,"LUNG TAK COURT(Block A),CAPE RD|龍德苑A座,環角道",4788.448440436419,559.0,421.0,"{'bay_window': '', 'flat_roof': '', 'roof': '', 'ac_platform': '', 'plant_room': '', 'garden': '', 'yard': ''}",1.488,1.488,3534.0,3534.4418052256533,5120501000044.0,1778457.0,ASP,HSL,赤柱,2000/08,2000.0,26.0,24,3.0,A,blank,LUNG TAK COURT,龍德苑,False
897,2005-12-01,"LUNG CHUN HSE(Block A,LUNG YAN COURT),CAPE RD|龍欣苑,A座(龍駿閣),環角道",4881.644957017038,786.0,536.0,"{'bay_window': '', 'flat_roof': '', 'roof': '', 'ac_platform': '', 'plant_room': '', 'garden': '', 'yard': ''}",1.903,1.903,3550.0,3550.373134328358,5120901570141.0,1781561.0,ASP,HSL,赤柱,1993/12,1993.0,33.0,13,6.0,A,blank,LUNG YAN COURT,龍欣苑,False
898,2005-11-03,"LUNG CHUN HSE(Block A,LUNG YAN COURT),CAPE RD|龍欣苑,A座(龍駿閣),環角道",4972.8251490599905,635.0,431.0,"{'bay_window': '3', 'flat_roof': '', 'roof': '', 'ac_platform': '', 'plant_room': '', 'garden': '', 'yard': ''}",1.582,1.582,3671.0,3670.5336426914155,5121601630138.0,1785967.0,ASP,HSL,赤柱,1993/12,1993.0,33.0,2,7.0,A,blank,LUNG YAN COURT,龍欣苑,False
899,2005-12-10,"HORIZON COURT,STANLEY MAIN ST|海山閣,赤柱大街",6615.405989798519,0.0,530.0,"{'bay_window': '', 'flat_roof': '', 'roof': '', 'ac_platform': '', 'plant_room': '', 'garden': '', 'yard': ''}",2.55,2.55,4815.0,4811.320754716981,5122101230011.0,1788649.0,ASP,HSL,赤柱,1981/01,1981.0,45.0,whole floor,4.0,blank,blank,blank,,False
902,2006-01-06,"LUNG TAN HSE(Block B,LUNG YAN COURT),CAPE RD|龍欣苑,B座(龍騰閣),環角道",4517.3840386997845,785.0,535.0,"{'bay_window': '', 'flat_roof': '', 'roof': '', 'ac_platform': '', 'plant_room': '', 'garden': '', 'yard': ''}",1.79,1.79,3346.0,3345.7943925233644,6012600520024.0,1808368.0,ASP,HSL,赤柱,1993/12,1993.0,33.0,7,0.0,B,blank,LUNG YAN COURT,龍欣苑,False
908,2006-01-23,"LUNG TAK COURT(Block B),CAPE RD|龍德苑B座,環角道",4650.221828874265,559.0,421.0,"{'bay_window': '', 'flat_roof': '', 'roof': '', 'ac_platform': '', 'plant_room': '', 'garden': '', 'yard': ''}",1.45,1.45,3444.0,3444.1805225653206,6020800270020.0,1813732.0,ASP,HSL,赤柱,2000/08,2000.0,26.0,4,1.0,B,blank,LUNG TAK COURT,龍德苑,False
909,2006-01-25,"LUNG TAK COURT(Block B),CAPE RD|龍德苑B座,環角道",4986.962030275506,559.0,421.0,"{'bay_window': '', 'flat_roof': '', 'roof': '', 'ac_platform': '', 'plant_room': '', 'garden': '', 'yard': ''}",1.555,1.555,3694.0,3693.586698337292,6021002320017.0,1816386.0,PRO-ASP,HSL,赤柱,2000/08,2000.0,26.0,7,8.0,B,blank,LUNG TAK COURT,龍德苑,False
910,2006-01-25,"LUNG TAN HSE(Block B,LUNG YAN COURT),CAPE RD|龍欣苑,B座(龍騰閣),環角道",5120.44790346349,776.0,530.0,"{'bay_window': '', 'flat_roof': '', 'roof': '', 'ac_platform': '', 'plant_room': '', 'garden': '', 'yard': ''}",2.01,2.01,3792.0,3792.452830188679,6021400010017.0,1817470.0,ASP,HSL,赤柱,1993/12,1993.0,33.0,10,6.0,B,blank,LUNG YAN COURT,龍欣苑,False
913,2006-02-18,"STANFORD VILLA(Block 2),STANLEY VILLAGE RD|旭日居2座,赤柱村道",14326.689123917007,0.0,622.0,"{'bay_window': '', 'flat_roof': '', 'roof': '', 'ac_platform': '', 'plant_room': '', 'garden': '', 'yard': ''}",8.0,6.7139,12861.0,10794.051446945337,6022402260035.0,1824554.0,ASP,HSL,赤柱,1995/05,1995.0,31.0,A,0.0,2,blank,STANFORD VILLA,旭日居,True
914,2006-02-11,"LUNG TAK COURT(Block C),CAPE RD|龍德苑C座,環角道",4729.0130963505635,559.0,421.0,"{'bay_window': '', 'flat_roof': '', 'roof': '', 'ac_platform': '', 'plant_room': '', 'garden': '', 'yard': ''}",1.5,1.5,3563.0,3562.9453681710215,6030302220100.0,1829047.0,ASP,HSL,赤柱,2000/08,2000.0,26.0,17,7.0,C,blank,LUNG TAK COURT,龍德苑,False
916,2006-03-03,"LUNG TAK COURT(Block B),CAPE RD|龍德苑B座,環角道",5364.349503978714,698.0,526.0,"{'bay_window': '', 'flat_roof': '', 'roof': '', 'ac_platform': '', 'plant_room': '', 'garden': '', 'yard': ''}",2.1,2.1,3992.0,3992.3954372623575,6030802540010.0,1831283.0,ASP,HSL,赤柱,2000/08,2000.0,26.0,13,1.0,B,blank,LUNG TAK COURT,龍德苑,False
917,2006-02-23,"LUNG TAN HSE(Block B,LUNG YAN COURT),CAPE RD|龍欣苑,B座(龍騰閣),環角道",4249.747917583527,632.0,431.0,"{'bay_window': '', 'flat_roof': '', 'roof': '', 'ac_platform': '', 'plant_room': '', 'garden': '', 'yard': ''}",1.38,1.38,3202.0,3201.856148491879,6031401930147.0,1834881.0,ASP,HSL,赤柱,1993/12,1993.0,33.0,6,10.0,B,blank,LUNG YAN COURT,龍欣苑,False
922,2006-04-22,"LUNG TAK COURT(Block C),CAPE RD|龍德苑C座,環角道",5185.468213016275,559.0,421.0,"{'bay_window': '', 'flat_roof': '', 'roof': '', 'ac_platform': '', 'plant_room': '', 'garden': '', 'yard': ''}",1.66,1.66,3943.0,3942.9928741092635,6050401150035.0,1869391.0,ASP,HSL,赤柱,2000/08,2000.0,26.0,23,6.0,C,blank,LUNG TAK COURT,龍德苑,False
928,2006-04-13,"LUNG TAN HSE(Block B,LUNG YAN COURT),CAPE RD|龍欣苑,B座(龍騰閣),環角道",4726.95093678122,776.0,530.0,"{'bay_window': '', 'flat_roof': '', 'roof': '', 'ac_platform': '', 'plant_room': '', 'garden': '', 'yard': ''}",1.905,1.905,3594.0,3594.3396226415093,6051301730013.0,1874056.0,ASP,HSL,赤柱,1993/12,1993.0,33.0,11,10.0,B,blank,LUNG YAN COURT,龍欣苑,False
936,2006-05-09,"YAU WING LAU,STANLEY MAIN ST|友榮樓,赤柱大街",7601.621067547793,0.0,269.0,"{'bay_window': '', 'flat_roof': '', 'roof': '', 'ac_platform': '', 'plant_room': '', 'garden': '', 'yard': ''}",1.55,1.55,5760.0,5762.081784386617,6052402460010.0,1882942.0,ASP,HSL,赤柱,1978/09,1978.0,48.0,B,5.0,blank,blank,blank,,False
939,2006-05-17,"LUNG CHUN HSE(Block A,LUNG YAN COURT),CAPE RD|龍欣苑,A座(龍駿閣),環角道",4741.051365415141,939.0,640.0,"{'bay_window': '', 'flat_roof': '', 'roof': '', 'ac_platform': '', 'plant_room': '', 'garden': '', 'yard': ''}",2.3,2.3,3594.0,3593.75,6052602270077.0,1885920.0,ASP,HSL,赤柱,1993/12,1993.0,33.0,1,5.0,A,blank,LUNG YAN COURT,龍欣苑,False
940,2006-04-29,"STANFORD VILLA(Block 2),STANLEY VILLAGE RD|旭日居2座,赤柱村道",13041.786528575358,758.0,622.0,"{'bay_window': '', 'flat_roof': '', 'roof': '434', 'ac_platform': '', 'plant_room': '', 'garden': '', 'yard': ''}",7.35,6.1683,11817.0,9916.881028938908,6052701300048.0,1885489.0,PRO-ASP,HSL,赤柱,1995/05,1995.0,31.0,B,2.0,2,blank,STANFORD VILLA,旭日居,True
942,2006-04-28,"LUNG TAK COURT(Block D),CAPE RD|龍德苑D座,環角道",5045.984496674125,552.0,417.0,"{'bay_window': '', 'flat_roof': '', 'roof': '', 'ac_platform': '', 'plant_room': '', 'garden': '', 'yard': ''}",1.6,1.6,3837.0,3836.9304556354914,6052701810035.0,1885005.0,ASP,HSL,赤柱,2000/08,2000.0,26.0,13,4.0,D,blank,LUNG TAK COURT,龍德苑,False
946,2006-05-30,"LUNG TAK COURT(Block D),CAPE RD|龍德苑D座,環角道",5557.368022425405,699.0,527.0,"{'bay_window': '', 'flat_roof': '', 'roof': '', 'ac_platform': '', 'plant_room': '', 'garden': '', 'yard': ''}",2.22,2.22,4213.0,4212.523719165086,6060801390042.0,1894305.0,ASP,HSL,赤柱,2000/08,2000.0,26.0,5,4.0,D,blank,LUNG TAK COURT,龍德苑,False
952,2006-05-17,"LUNG TAK COURT(Block C),CAPE RD|龍德苑C座,環角道",5346.596973029941,552.0,417.0,"{'bay_window': '', 'flat_roof': '', 'roof': '', 'ac_platform': '', 'plant_room': '', 'garden': '', 'yard': ''}",1.69,1.69,4053.0,4052.757793764988,6061502170029.0,1899152.0,PRO-ASP,HSL,赤柱,2000/08,2000.0,26.0,29,1.0,C,blank,LUNG TAK COURT,龍德苑,False
958,2006-06-16,"LUNG TAK COURT(Block C),CAPE RD|龍德苑C座,環角道",4815.440123234668,552.0,417.0,"{'bay_window': '', 'flat_roof': '', 'roof': '', 'ac_platform': '', 'plant_room': '', 'garden': '', 'yard': ''}",1.538,1.538,3688.0,3688.2494004796163,6062902470064.0,1908505.0,ASP,HSL,赤柱,2000/08,2000.0,26.0,2,2.0,C,blank,LUNG TAK COURT,龍德苑,False
967,2006-08-18,"LUNG TAK COURT(Block D),CAPE RD|龍德苑D座,環角道",5038.16527413674,559.0,421.0,"{'bay_window': '', 'flat_roof': '', 'roof': '', 'ac_platform': '', 'plant_room': '', 'garden': '', 'yard': ''}",1.62,1.62,3848.0,3847.980997624703,6082400090010.0,1946468.0,ASP,HSL,赤柱,2000/08,2000.0,26.0,24,5.0,D,blank,LUNG TAK COURT,龍德苑,False
975,2006-09-06,"LUNG TAK COURT(Block A),CAPE RD|龍德苑A座,環角道",6126.809414422097,283.0,214.0,"{'bay_window': '', 'flat_roof': '', 'roof': '', 'ac_platform': '', 'plant_room': '', 'garden': '', 'yard': ''}",0.995,0.995,4650.0,4649.532710280374,6091500390026.0,1961623.0,ASP,HSL,赤柱,2000/08,2000.0,26.0,18,9.0,A,blank,LUNG TAK COURT,龍德苑,False
982,2006-09-16,"LUNG TAN HSE(Block B,LUNG YAN COURT),CAPE RD|龍欣苑,B座(龍騰閣),環角道",4586.052821018067,632.0,431.0,"{'bay_window': '', 'flat_roof': '', 'roof': '', 'ac_platform': '', 'plant_room': '', 'garden': '', 'yard': ''}",1.5,1.5,3480.0,3480.278422273782,6092800470014.0,1972148.0,ASP,HSL,赤柱,1993/12,1993.0,33.0,3,7.0,B,blank,LUNG YAN COURT,龍欣苑,False
984,2006-08-15,"LUNG TAK COURT(Block A),CAPE RD|龍德苑A座,環角道",4975.965702851101,559.0,421.0,"{'bay_window': '', 'flat_roof': '', 'roof': '', 'ac_platform': '', 'plant_room': '', 'garden': '', 'yard': ''}",1.6,1.6,3800.0,3800.475059382423,6101001990030.0,1979067.0,ASP,HSL,赤柱,2000/08,2000.0,26.0,26,7.0,A,blank,LUNG TAK COURT,龍德苑,False
985,2006-09-25,"LUNG TAK COURT(Block D),CAPE RD|龍德苑D座,環角道",5333.414089281205,699.0,527.0,"{'bay_window': '', 'flat_roof': '', 'roof': '', 'ac_platform': '', 'plant_room': '', 'garden': '', 'yard': ''}",2.133,2.133,4047.0,4047.438330170778,6101201420012.0,1980776.0,ASP,HSL,赤柱,2000/08,2000.0,26.0,29,7.0,D,blank,LUNG TAK COURT,龍德苑,False
993,2006-10-24,"LUNG TAK COURT(Block A),CAPE RD|龍德苑A座,環角道",5802.688486971953,698.0,526.0,"{'bay_window': '', 'flat_roof': '', 'roof': '', 'ac_platform': '', 'plant_room': '', 'garden': '', 'yard': ''}",2.38,2.38,4525.0,4524.7148288973385,6110800050045.0,1997821.0,ASP,HSL,赤柱,2000/08,2000.0,26.0,20,5.0,A,blank,LUNG TAK COURT,龍德苑,False
998,2006-10-24,"LUNG TAK COURT(Block A),CAPE RD|龍德苑A座,環角道",4096.015402568438,698.0,526.0,"{'bay_window': '', 'flat_roof': '', 'roof': '', 'ac_platform': '', 'plant_room': '', 'garden': '', 'yard': ''}",1.68,1.68,3194.0,3193.916349809886,6111502470122.0,2002596.0,ASP,HSL,赤柱,2000/08,2000.0,26.0,4,7.0,A,blank,LUNG TAK COURT,龍德苑,False
1000,2006-11-15,"LUNG TAK COURT(Block D),CAPE RD|龍德苑D座,環角道",4924.056088606744,283.0,214.0,"{'bay_window': '', 'flat_roof': '', 'roof': '', 'ac_platform': '', 'plant_room': '', 'garden': '', 'yard': ''}",0.8,0.8,3738.0,3738.3177570093458,6112200390023.0,2006887.0,ASP,HSL,赤柱,2000/08,2000.0,26.0,15,2.0,D,blank,LUNG TAK COURT,龍德苑,False
1001,2006-10-31,"YAU SHING LAU,STANLEY MAIN ST|友誠樓,赤柱大街",5541.420014791662,0.0,324.0,"{'bay_window': '', 'flat_roof': '', 'roof': '', 'ac_platform': '', 'plant_room': '', 'garden': '', 'yard': ''}",1.4,1.4,4321.0,4320.9876543209875,6112901590013.0,2012229.0,PRO-ASP,HSL,赤柱,1978/02,1978.0,48.0,A,1.0,blank,blank,blank,,False
1003,2006-11-20,"LUNG TAK COURT(Block A),CAPE RD|龍德苑A座,環角道",5256.225192921309,559.0,421.0,"{'bay_window': '', 'flat_roof': '', 'roof': '', 'ac_platform': '', 'plant_room': '', 'garden': '', 'yard': ''}",1.68,1.68,3990.0,3990.498812351544,6120501060044.0,2015438.0,ASP,HSL,赤柱,2000/08,2000.0,26.0,7,1.0,A,blank,LUNG TAK COURT,龍德苑,False
1007,2006-11-24,"LUNG CHUN HSE(Block A,LUNG YAN COURT),CAPE RD|龍欣苑,A座(龍駿閣),環角道",4339.6814507129275,635.0,431.0,"{'bay_window': '3', 'flat_roof': '', 'roof': '', 'ac_platform': '', 'plant_room': '', 'garden': '', 'yard': ''}",1.42,1.42,3295.0,3294.663573085847,6121300260038.0,2020782.0,ASP,HSL,赤柱,1993/12,1993.0,33.0,2,2.0,A,blank,LUNG YAN COURT,龍欣苑,False
1012,2006-12-08,"STANFORD VILLA(Block 2),STANLEY VILLAGE RD|旭日居2座,赤柱村道",14713.723286887827,1052.0,863.0,"{'bay_window': '', 'flat_roof': '', 'roof': '', 'ac_platform': '', 'plant_room': '', 'garden': '', 'yard': ''}",11.1,9.8138,12862.0,11371.726535341832,6122900250027.0,2030666.0,ASP,HSL,赤柱,1995/05,1995.0,31.0,D,0.0,2,blank,STANFORD VILLA,旭日居,True
1014,2006-12-21,"SEA AND SKY COURT,STANLEY MAIN ST|海天別墅,赤柱大街",8641.447969733677,1750.0,1510.0,"{'bay_window': '', 'flat_roof': '', 'roof': '', 'ac_platform': '', 'plant_room': '', 'garden': '', 'yard': ''}",10.8,10.0848,7152.0,6678.675496688742,7010402570053.0,2033959.0,ASP,HSL,赤柱,1966/07,1966.0,60.0,B,3.0,blank,blank,blank,,True
1016,2006-12-14,"LUNG TAK COURT(Block C),CAPE RD|龍德苑C座,環角道",5429.979257912385,552.0,417.0,"{'bay_window': '', 'flat_roof': '', 'roof': '', 'ac_platform': '', 'plant_room': '', 'garden': '', 'yard': ''}",1.75,1.75,4197.0,4196.642685851319,7010600570016.0,2035784.0,ASP,HSL,赤柱,2000/08,2000.0,26.0,29,2.0,C,blank,LUNG TAK COURT,龍德苑,False
1017,2006-12-15,"LUNG TAK COURT(Block B),CAPE RD|龍德苑B座,環角道",5441.578679558127,283.0,214.0,"{'bay_window': '', 'flat_roof': '', 'roof': '', 'ac_platform': '', 'plant_room': '', 'garden': '', 'yard': ''}",0.9,0.9,4206.0,4205.607476635514,7011201910277.0,2039346.0,ASP,HSL,赤柱,2000/08,2000.0,26.0,10,5.0,B,blank,LUNG TAK COURT,龍德苑,False
1022,2007-01-06,"LUNG TAK COURT(Block A),CAPE RD|龍德苑A座,環角道",4805.84546354521,559.0,421.0,"{'bay_window': '', 'flat_roof': '', 'roof': '', 'ac_platform': '', 'plant_room': '', 'garden': '', 'yard': ''}",1.62,1.62,3848.0,3847.980997624703,7013001900068.0,2054125.0,ASP,HSL,赤柱,2000/08,2000.0,26.0,7,7.0,A,blank,LUNG TAK COURT,龍德苑,False
1026,2007-02-01,"YAU SHING LAU,STANLEY MAIN ST|友誠樓,赤柱大街",5781.9716345725055,0.0,285.0,"{'bay_window': '', 'flat_roof': '', 'roof': '', 'ac_platform': '', 'plant_room': '', 'garden': '', 'yard': ''}",1.3,1.3,4561.0,4561.403508771929,7020601020026.0,2059849.0,ASP,HSL,赤柱,1978/02,1978.0,48.0,C,5.0,blank,blank,blank,,False
1027,2007-01-31,"STANFORD VILLA(Block 2),STANLEY VILLAGE RD|旭日居2座,赤柱村道",16353.267115662868,1052.0,863.0,"{'bay_window': '', 'flat_roof': '', 'roof': '', 'ac_platform': '', 'plant_room': '', 'garden': '', 'yard': ''}",11.3,11.3,13094.0,13093.858632676709,7020601030029.0,2059851.0,ASP,HSL,赤柱,1995/05,1995.0,31.0,C,0.0,2,blank,STANFORD VILLA,旭日居,False
1030,2007-01-26,"LUNG TAK COURT(Block D),CAPE RD|龍德苑D座,環角道",6127.910427945541,283.0,214.0,"{'bay_window': '', 'flat_roof': '', 'roof': '', 'ac_platform': '', 'plant_room': '', 'garden': '', 'yard': ''}",1.05,1.05,4907.0,4906.542056074766,7022301950184.0,2070867.0,ASP,HSL,赤柱,2000/08,2000.0,26.0,34,3.0,D,blank,LUNG TAK COURT,龍德苑,False
1035,2007-02-02,"LUNG TAK COURT(Block B),CAPE RD|龍德苑B座,環角道",6253.745411207455,699.0,527.0,"{'bay_window': '', 'flat_roof': '', 'roof': '', 'ac_platform': '', 'plant_room': '', 'garden': '', 'yard': ''}",2.6,2.6,4934.0,4933.586337760911,7030301590164.0,2078035.0,ASP,HSL,赤柱,2000/08,2000.0,26.0,25,8.0,B,blank,LUNG TAK COURT,龍德苑,False
1039,2007-02-02,"LUNG TAK COURT(Block B),CAPE RD|龍德苑B座,環角道",5181.197892781959,698.0,526.0,"{'bay_window': '', 'flat_roof': '', 'roof': '', 'ac_platform': '', 'plant_room': '', 'garden': '', 'yard': ''}",2.15,2.15,4087.0,4087.45247148289,7031000790091.0,2082463.0,PRO-ASP,HSL,赤柱,2000/08,2000.0,26.0,24,1.0,B,blank,LUNG TAK COURT,龍德苑,False
1048,2007-03-22,"CHIK TAK MANSION,STANLEY NEW ST|積德樓,赤柱新街",7651.07075320124,0.0,401.0,"{'bay_window': '', 'flat_roof': '', 'roof': '', 'ac_platform': '', 'plant_room': '', 'garden': '', 'yard': ''}",2.425,2.425,6047.0,6047.381546134663,7041300150125.0,2104192.0,ASP,HSL,赤柱,1986/10,1986.0,40.0,B,4.0,blank,blank,blank,,False
1049,2007-03-17,"LUNG CHUN HSE(Block A,LUNG YAN COURT),CAPE RD|龍欣苑,A座(龍駿閣),環角道",4168.366740773411,635.0,431.0,"{'bay_window': '3', 'flat_roof': '', 'roof': '', 'ac_platform': '', 'plant_room': '', 'garden': '', 'yard': ''}",1.42,1.42,3295.0,3294.663573085847,7041302080077.0,2103456.0,PRO-ASP,HSL,赤柱,1993/12,1993.0,33.0,8,1.0,A,blank,LUNG YAN COURT,龍欣苑,False
1052,2007-03-30,"LUNG TAK COURT(Block A),CAPE RD|龍德苑A座,環角道",4425.750495505471,698.0,526.0,"{'bay_window': '', 'flat_roof': '', 'roof': '', 'ac_platform': '', 'plant_room': '', 'garden': '', 'yard': ''}",1.84,1.84,3498.0,3498.0988593155894,7042101140048.0,2111803.0,ASP,HSL,赤柱,2000/08,2000.0,26.0,27,1.0,A,blank,LUNG TAK COURT,龍德苑,False
1058,2007-04-24,"LUNG CHUN HSE(Block A,LUNG YAN COURT),CAPE RD|龍欣苑,A座(龍駿閣),環角道",4496.837116426278,785.0,535.0,"{'bay_window': '', 'flat_roof': '', 'roof': '', 'ac_platform': '', 'plant_room': '', 'garden': '', 'yard': ''}",1.95,1.95,3645.0,3644.8598130841124,7050201920056.0,2119851.0,ASP,HSL,赤柱,1993/12,1993.0,33.0,4,1.0,A,blank,LUNG YAN COURT,龍欣苑,False
1061,2007-04-30,"CHIK TAK MANSION,STANLEY NEW ST|積德樓,赤柱新街",5575.590201801714,508.0,416.0,"{'bay_window': '', 'flat_roof': '', 'roof': '', 'ac_platform': '', 'plant_room': '', 'garden': '', 'yard': ''}",1.88,1.88,4519.0,4519.2307692307695,7050800990035.0,2124223.0,ASP,HSL,赤柱,1986/10,1986.0,40.0,A,3.0,blank,blank,blank,,False
1075,2007-05-07,74 STANLEY MAIN ST|74 赤柱大街,6359.661990310333,0.0,547.0,"{'bay_window': '', 'flat_roof': '', 'roof': '', 'ac_platform': '', 'plant_room': '', 'garden': '', 'yard': ''}",2.9,2.9,5303.0,5301.645338208409,7060101090018.0,2147539.0,ASP,HSL,赤柱,1976/08,1976.0,50.0,whole floor,3.0,blank,blank,blank,,False
1076,2007-05-14,"LUNG TAK COURT(Block A),CAPE RD|龍德苑A座,環角道",4832.775144807395,552.0,417.0,"{'bay_window': '', 'flat_roof': '', 'roof': '', 'ac_platform': '', 'plant_room': '', 'garden': '', 'yard': ''}",1.68,1.68,4029.0,4028.776978417266,7060500630054.0,2149454.0,ASP,HSL,赤柱,2000/08,2000.0,26.0,2,7.0,A,blank,LUNG TAK COURT,龍德苑,False
1083,2007-05-21,"LUNG TAK COURT(Block D),CAPE RD|龍德苑D座,環角道",5321.805963031954,552.0,417.0,"{'bay_window': '', 'flat_roof': '', 'roof': '', 'ac_platform': '', 'plant_room': '', 'garden': '', 'yard': ''}",1.85,1.85,4436.0,4436.450839328537,7060800390062.0,2153100.0,ASP,HSL,赤柱,2000/08,2000.0,26.0,13,3.0,D,blank,LUNG TAK COURT,龍德苑,False
1089,2007-05-30,"LUNG TAK COURT(Block D),CAPE RD|龍德苑D座,環角道",5033.683737693164,283.0,214.0,"{'bay_window': '', 'flat_roof': '', 'roof': '', 'ac_platform': '', 'plant_room': '', 'garden': '', 'yard': ''}",0.898,0.898,4196.0,4196.261682242991,7062001770087.0,2163732.0,ASP,HSL,赤柱,2000/08,2000.0,26.0,20,1.0,D,blank,LUNG TAK COURT,龍德苑,False
1090,2007-05-25,"LUNG TAK COURT(Block C),CAPE RD|龍德苑C座,環角道",4697.357430052195,283.0,214.0,"{'bay_window': '', 'flat_roof': '', 'roof': '', 'ac_platform': '', 'plant_room': '', 'garden': '', 'yard': ''}",0.838,0.838,3916.0,3915.88785046729,7062002300070.0,2163861.0,ASP,HSL,赤柱,2000/08,2000.0,26.0,11,3.0,C,blank,LUNG TAK COURT,龍德苑,False
1095,2007-06-29,"LUNG TAK COURT(Block D),CAPE RD|龍德苑D座,環角道",4900.0316258181665,552.0,417.0,"{'bay_window': '', 'flat_roof': '', 'roof': '', 'ac_platform': '', 'plant_room': '', 'garden': '', 'yard': ''}",1.7,1.7,4077.0,4076.73860911271,7071602390211.0,2189207.0,ASP,HSL,赤柱,2000/08,2000.0,26.0,22,7.0,D,blank,LUNG TAK COURT,龍德苑,False
1096,2007-07-09,"YAU WING LAU,STANLEY MAIN ST|友榮樓,赤柱大街",7570.234206592407,0.0,235.0,"{'bay_window': '', 'flat_roof': '', 'roof': '', 'ac_platform': '', 'plant_room': '', 'garden': '', 'yard': ''}",1.5,1.5,6383.0,6382.978723404255,7071800340168.0,2192272.0,ASP,HSL,赤柱,1978/09,1978.0,48.0,D,5.0,blank,blank,blank,,False
1097,2007-06-22,"LUNG TAK COURT(Block D),CAPE RD|龍德苑D座,環角道",5053.324497275578,559.0,421.0,"{'bay_window': '', 'flat_roof': '', 'roof': '', 'ac_platform': '', 'plant_room': '', 'garden': '', 'yard': ''}",1.77,1.77,4204.0,4204.275534441806,7071901740057.0,2192794.0,ASP,HSL,赤柱,2000/08,2000.0,26.0,23,3.0,D,blank,LUNG TAK COURT,龍德苑,False
1099,2007-07-09,"LUNG TAK COURT(Block C),CAPE RD|龍德苑C座,環角道",4958.113804982771,559.0,421.0,"{'bay_window': '', 'flat_roof': '', 'roof': '', 'ac_platform': '', 'plant_room': '', 'garden': '', 'yard': ''}",1.76,1.76,4181.0,4180.522565320665,7071902950119.0,2193034.0,ASP,HSL,赤柱,2000/08,2000.0,26.0,13,3.0,C,blank,LUNG TAK COURT,龍德苑,False
1100,2007-06-13,"LUNG TAK COURT(Block D),CAPE RD|龍德苑D座,環角道",4931.360580083293,283.0,214.0,"{'bay_window': '', 'flat_roof': '', 'roof': '', 'ac_platform': '', 'plant_room': '', 'garden': '', 'yard': ''}",0.878,0.878,4103.0,4102.803738317757,7072003390121.0,2194642.0,PRO-ASP,HSL,赤柱,2000/08,2000.0,26.0,21,4.0,D,blank,LUNG TAK COURT,龍德苑,False
1101,2007-07-02,"LUNG TAK COURT(Block B),CAPE RD|龍德苑B座,環角道",4692.819046532704,552.0,417.0,"{'bay_window': '', 'flat_roof': '', 'roof': '', 'ac_platform': '', 'plant_room': '', 'garden': '', 'yard': ''}",1.65,1.65,3957.0,3956.834532374101,7072601650652.0,2199893.0,PRO-ASP,HSL,赤柱,2000/08,2000.0,26.0,19,6.0,B,blank,LUNG TAK COURT,龍德苑,False
1104,2007-07-03,"LUNG TAN HSE(Block B,LUNG YAN COURT),CAPE RD|龍欣苑,B座(龍騰閣),環角道",4878.277967342505,776.0,530.0,"{'bay_window': '', 'flat_roof': '', 'roof': '', 'ac_platform': '', 'plant_room': '', 'garden': '', 'yard': ''}",2.18,2.18,4113.0,4113.207547169812,7080101830306.0,2205093.0,ASP,HSL,赤柱,1993/12,1993.0,33.0,15,5.0,B,blank,LUNG YAN COURT,龍欣苑,False
1105,2007-07-20,"LUNG TAK COURT(Block B),CAPE RD|龍德苑B座,環角道",5204.76294251809,552.0,417.0,"{'bay_window': '', 'flat_roof': '', 'roof': '', 'ac_platform': '', 'plant_room': '', 'garden': '', 'yard': ''}",1.83,1.83,4388.0,4388.489208633094,7080102110041.0,2205134.0,ASP,HSL,赤柱,2000/08,2000.0,26.0,12,5.0,B,blank,LUNG TAK COURT,龍德苑,False
1109,2007-07-31,"LUNG TAN HSE(Block B,LUNG YAN COURT),CAPE RD|龍欣苑,B座(龍騰閣),環角道",3799.6547895945782,626.0,427.0,"{'bay_window': '', 'flat_roof': '', 'roof': '', 'ac_platform': '', 'plant_room': '', 'garden': '', 'yard': ''}",1.368,1.368,3204.0,3203.7470725995317,7081400050020.0,2215975.0,ASP,HSL,赤柱,1993/12,1993.0,33.0,11,0.0,B,blank,LUNG YAN COURT,龍欣苑,False
1112,2007-07-27,"LUNG TAK COURT(Block C),CAPE RD|龍德苑C座,環角道",4635.936391423216,552.0,417.0,"{'bay_window': '', 'flat_roof': '', 'roof': '', 'ac_platform': '', 'plant_room': '', 'garden': '', 'yard': ''}",1.63,1.63,3909.0,3908.872901678657,7081701090046.0,2220041.0,ASP,HSL,赤柱,2000/08,2000.0,26.0,19,6.0,C,blank,LUNG TAK COURT,龍德苑,False
1121,2007-08-04,"LUNG TAN HSE(Block B,LUNG YAN COURT),CAPE RD|龍欣苑,B座(龍騰閣),環角道",4397.104739899606,745.0,535.0,"{'bay_window': '', 'flat_roof': '', 'roof': '', 'ac_platform': '', 'plant_room': '', 'garden': '', 'yard': ''}",1.995,1.995,3729.0,3728.9719626168226,7083100220139.0,2233738.0,ASP,HSL,赤柱,1993/12,1993.0,33.0,5,2.0,B,blank,LUNG YAN COURT,龍欣苑,False
1123,2007-08-17,"LUNG TAK COURT(Block A),CAPE RD|龍德苑A座,環角道",3845.745549426268,552.0,417.0,"{'bay_window': '', 'flat_roof': '', 'roof': '', 'ac_platform': '', 'plant_room': '', 'garden': '', 'yard': ''}",1.36,1.36,3261.0,3261.390887290168,7090500740023.0,2238109.0,ASP,HSL,赤柱,2000/08,2000.0,26.0,17,0.0,A,blank,LUNG TAK COURT,龍德苑,False
1127,2007-08-28,"YAU SHING LAU,STANLEY MAIN ST|友誠樓,赤柱大街",7084.181588781545,0.0,258.0,"{'bay_window': '', 'flat_roof': '', 'roof': '', 'ac_platform': '', 'plant_room': '', 'garden': '', 'yard': ''}",1.55,1.55,6000.0,6007.751937984496,7091200610243.0,2244083.0,ASP,HSL,赤柱,1978/02,1978.0,48.0,B,4.0,blank,blank,blank,,False
1128,2007-08-19,"LUNG TAK COURT(Block B),CAPE RD|龍德苑B座,環角道",5317.300844615438,283.0,214.0,"{'bay_window': '', 'flat_roof': '', 'roof': '', 'ac_platform': '', 'plant_room': '', 'garden': '', 'yard': ''}",0.965,0.965,4509.0,4509.345794392523,7091301770163.0,2244434.0,PRO-ASP,HSL,赤柱,2000/08,2000.0,26.0,21,7.0,B,blank,LUNG TAK COURT,龍德苑,False
1129,2007-09-06,"LUNG CHUN HSE(Block A,LUNG YAN COURT),CAPE RD|龍欣苑,A座(龍駿閣),環角道",3572.3901803289914,635.0,431.0,"{'bay_window': '3', 'flat_roof': '', 'roof': '', 'ac_platform': '', 'plant_room': '', 'garden': '', 'yard': ''}",1.338,1.338,3104.0,3104.4083526682134,7091402500083.0,2245587.0,ASP,HSL,赤柱,1993/12,1993.0,33.0,6,2.0,A,blank,LUNG YAN COURT,龍欣苑,False
1130,2007-09-11,"LUNG TAK COURT(Block D),CAPE RD|龍德苑D座,環角道",4622.307142508427,552.0,417.0,"{'bay_window': '', 'flat_roof': '', 'roof': '', 'ac_platform': '', 'plant_room': '', 'garden': '', 'yard': ''}",1.675,1.675,4017.0,4016.7865707434053,7091702070192.0,2247102.0,ASP,HSL,赤柱,2000/08,2000.0,26.0,16,4.0,D,blank,LUNG TAK COURT,龍德苑,False
1132,2007-08-24,"BAUHINIA GARDEN,CHUNG HOM KOK RD|紫荊園,舂磡角道",11976.345911095232,0.0,1250.0,"{'bay_window': '', 'flat_roof': '', 'roof': '', 'ac_platform': '', 'plant_room': '', 'garden': '', 'yard': ''}",13.8,12.6957,11043.0,10156.56,7091900540023.0,2250293.0,ASP,HSL,赤柱,1972/03,1972.0,54.0,A,1.0,blank,blank,BAUHINIA GARDEN,紫荊園,True
1133,2007-08-24,"LUNG TAK COURT(Block B),CAPE RD|龍德苑B座,環角道",4481.9902175298785,552.0,417.0,"{'bay_window': '', 'flat_roof': '', 'roof': '', 'ac_platform': '', 'plant_room': '', 'garden': '', 'yard': ''}",1.585,1.585,3801.0,3800.959232613909,7091900870341.0,2250309.0,ASP,HSL,赤柱,2000/08,2000.0,26.0,19,0.0,B,blank,LUNG TAK COURT,龍德苑,False
1134,2007-08-24,"LUNG CHUN HSE(Block A,LUNG YAN COURT),CAPE RD|龍欣苑,A座(龍駿閣),環角道",3994.4158683664873,635.0,431.0,"{'bay_window': '3', 'flat_roof': '', 'roof': '', 'ac_platform': '', 'plant_room': '', 'garden': '', 'yard': ''}",1.46,1.46,3387.0,3387.4709976798144,7092002240020.0,2250750.0,ASP,HSL,赤柱,1993/12,1993.0,33.0,3,11.0,A,blank,LUNG YAN COURT,龍欣苑,False
1135,2007-09-17,"LUNG TAK COURT(Block C),CAPE RD|龍德苑C座,環角道",5548.735022093534,559.0,421.0,"{'bay_window': '', 'flat_roof': '', 'roof': '', 'ac_platform': '', 'plant_room': '', 'garden': '', 'yard': ''}",2.03,2.03,4822.0,4821.852731591448,7092800110017.0,2258182.0,PRO-ASP,HSL,赤柱,2000/08,2000.0,26.0,7,6.0,C,blank,LUNG TAK COURT,龍德苑,False
1136,2007-09-11,"YAU SHING LAU,STANLEY MAIN ST|友誠樓,赤柱大街",5652.794783548405,0.0,285.0,"{'bay_window': '', 'flat_roof': '', 'roof': '', 'ac_platform': '', 'plant_room': '', 'garden': '', 'yard': ''}",1.4,1.4,4908.0,4912.2807017543855,7092800230355.0,2259861.0,PRO-ASP,HSL,赤柱,1978/02,1978.0,48.0,D,4.0,blank,blank,blank,,False
1138,2007-09-25,"PINE VILLA,STANLEY VILLAGE RD|翠屋,赤柱村道",18885.296228109582,0.0,1783.0,"{'bay_window': '', 'flat_roof': '', 'roof': '', 'ac_platform': '', 'plant_room': '', 'garden': '', 'yard': ''}",31.0,29.2614,17386.0,16411.32922041503,7101500770097.0,2270881.0,ASP,HSL,赤柱,1963/10,1963.0,63.0,D,0.0,blank,blank,blank,,True
1139,2007-10-02,"LUNG TAK COURT(Block C),CAPE RD|龍德苑C座,環角道",5023.499157866613,283.0,214.0,"{'bay_window': '', 'flat_roof': '', 'roof': '', 'ac_platform': '', 'plant_room': '', 'garden': '', 'yard': ''}",0.97,0.97,4533.0,4532.710280373832,7101602750091.0,2271551.0,ASP,HSL,赤柱,2000/08,2000.0,26.0,11,4.0,C,blank,LUNG TAK COURT,龍德苑,False
1142,2007-10-11,"LUNG TAK COURT(Block B),CAPE RD|龍德苑B座,環角道",3423.859966579348,698.0,526.0,"{'bay_window': '', 'flat_roof': '', 'roof': '', 'ac_platform': '', 'plant_room': '', 'garden': '', 'yard': ''}",1.625,1.625,3089.0,3089.3536121673005,7102602510580.0,2281813.0,ASP,HSL,赤柱,2000/08,2000.0,26.0,23,7.0,B,blank,LUNG TAK COURT,龍德苑,False
1151,2007-10-15,"LUNG TAK COURT(Block C),CAPE RD|龍德苑C座,環角道",5696.751622322964,283.0,214.0,"{'bay_window': '', 'flat_roof': '', 'roof': '', 'ac_platform': '', 'plant_room': '', 'garden': '', 'yard': ''}",1.1,1.1,5140.0,5140.186915887851,7110600340206.0,2291778.0,ASP,HSL,赤柱,2000/08,2000.0,26.0,30,5.0,C,blank,LUNG TAK COURT,龍德苑,False
1157,2007-10-23,"LUNG TAK COURT(Block D),CAPE RD|龍德苑D座,環角道",4949.0760369099,559.0,421.0,"{'bay_window': '', 'flat_roof': '', 'roof': '', 'ac_platform': '', 'plant_room': '', 'garden': '', 'yard': ''}",1.88,1.88,4466.0,4465.558194774347,7111402290510.0,2301089.0,ASP,HSL,赤柱,2000/08,2000.0,26.0,26,3.0,D,blank,LUNG TAK COURT,龍德苑,False
1158,2007-10-23,"GREENVILLE,WONG MA KOK RD|綠怡居,黃麻角道",15016.732156414835,657.0,524.0,"{'bay_window': '', 'flat_roof': '', 'roof': '241', 'ac_platform': '', 'plant_room': '', 'garden': '', 'yard': ''}",7.1,7.1,13550.0,13549.618320610687,7111500220035.0,2303611.0,ASP,HSL,赤柱,1995/10,1995.0,31.0,B,4.0,blank,blank,blank,,False
1160,2007-11-02,"LUNG TAN HSE(Block B,LUNG YAN COURT),CAPE RD|龍欣苑,B座(龍騰閣),環角道",3615.957317694685,632.0,431.0,"{'bay_window': '', 'flat_roof': '', 'roof': '', 'ac_platform': '', 'plant_room': '', 'garden': '', 'yard': ''}",1.48,1.48,3434.0,3433.874709976798,7111600450027.0,2304088.0,ASP,HSL,赤柱,1993/12,1993.0,33.0,6,6.0,B,blank,LUNG YAN COURT,龍欣苑,False
1165,2007-11-15,"BEACH POINTE,STANLEY BEACH RD|海灣閣,赤柱灘道",11521.829160821435,1668.0,1472.0,"{'bay_window': '', 'flat_roof': '', 'roof': '', 'ac_platform': '', 'plant_room': '', 'garden': '', 'yard': ''}",17.28,16.1061,11739.0,10941.644021739132,7112602240033.0,2315495.0,ASP,HSL,赤柱,1988/04,1988.0,38.0,B,0.0,blank,blank,blank,,True
1166,2007-11-13,"LUNG TAN HSE(Block B,LUNG YAN COURT),CAPE RD|龍欣苑,B座(龍騰閣),環角道",4397.785926925969,632.0,431.0,"{'bay_window': '', 'flat_roof': '', 'roof': '', 'ac_platform': '', 'plant_room': '', 'garden': '', 'yard': ''}",1.8,1.8,4176.0,4176.334106728538,7112902560011.0,2319627.0,ASP,HSL,赤柱,1993/12,1993.0,33.0,8,5.0,B,blank,LUNG YAN COURT,龍欣苑,False
1172,2007-11-22,"LUNG TAK COURT(Block A),CAPE RD|龍德苑A座,環角道",4702.34624026072,559.0,421.0,"{'bay_window': '', 'flat_roof': '', 'roof': '', 'ac_platform': '', 'plant_room': '', 'garden': '', 'yard': ''}",1.88,1.88,4466.0,4465.558194774347,7121002340052.0,2331882.0,ASP,HSL,赤柱,2000/08,2000.0,26.0,7,2.0,A,blank,LUNG TAK COURT,龍德苑,False
1177,2007-12-20,"YAU WING LAU,STANLEY MAIN ST|友榮樓,赤柱大街",5628.169655644574,0.0,254.0,"{'bay_window': '', 'flat_roof': '', 'roof': '', 'ac_platform': '', 'plant_room': '', 'garden': '', 'yard': ''}",1.4,1.4,5511.0,5511.811023622047,7122700630058.0,2352755.0,ASP,HSL,赤柱,1978/09,1978.0,48.0,A,4.0,blank,blank,blank,,False
1178,2007-12-07,"LUNG TAK COURT(Block A),CAPE RD|龍德苑A座,環角道",4652.543124039177,552.0,417.0,"{'bay_window': '', 'flat_roof': '', 'roof': '', 'ac_platform': '', 'plant_room': '', 'garden': '', 'yard': ''}",1.9,1.9,4556.0,4556.354916067146,7123100080016.0,2355554.0,ASP,HSL,赤柱,2000/08,2000.0,26.0,2,1.0,A,blank,LUNG TAK COURT,龍德苑,False
1189,2007-12-31,"LUNG TAK COURT(Block C),CAPE RD|龍德苑C座,環角道",4317.285484747242,559.0,421.0,"{'bay_window': '', 'flat_roof': '', 'roof': '', 'ac_platform': '', 'plant_room': '', 'garden': '', 'yard': ''}",1.78,1.78,4228.0,4228.028503562945,8011701700108.0,2378425.0,ASP,HSL,赤柱,2000/08,2000.0,26.0,23,2.0,C,blank,LUNG TAK COURT,龍德苑,False
1191,2008-01-02,"LUNG TAK COURT(Block B),CAPE RD|龍德苑B座,環角道",4145.095422741244,559.0,421.0,"{'bay_window': '', 'flat_roof': '', 'roof': '', 'ac_platform': '', 'plant_room': '', 'garden': '', 'yard': ''}",1.8,1.8,4276.0,4275.5344418052255,8012802790011.0,2392474.0,PRO-ASP,HSL,赤柱,2000/08,2000.0,26.0,28,2.0,B,blank,LUNG TAK COURT,龍德苑,False
1194,2007-12-30,"STANFORD VILLA(Block 2),STANLEY VILLAGE RD|旭日居2座,赤柱村道",15403.19651761516,0.0,590.0,"{'bay_window': '', 'flat_roof': '', 'roof': '', 'ac_platform': '', 'plant_room': '', 'garden': '', 'yard': ''}",8.9,8.9,15085.0,15084.745762711864,8020103330044.0,2400821.0,PRO-ASP,HSL,赤柱,1995/05,1995.0,31.0,A,1.0,2,blank,STANFORD VILLA,旭日居,False
1197,2008-01-15,"LUNG TAK COURT(Block D),CAPE RD|龍德苑D座,環角道",4260.236962261834,559.0,421.0,"{'bay_window': '', 'flat_roof': '', 'roof': '', 'ac_platform': '', 'plant_room': '', 'garden': '', 'yard': ''}",1.85,1.85,4394.0,4394.299287410927,8020601100107.0,2405416.0,ASP,HSL,赤柱,2000/08,2000.0,26.0,17,1.0,D,blank,LUNG TAK COURT,龍德苑,False
1199,2008-01-21,"LUNG TAK COURT(Block A),CAPE RD|龍德苑A座,環角道",4599.107033981825,699.0,527.0,"{'bay_window': '', 'flat_roof': '', 'roof': '', 'ac_platform': '', 'plant_room': '', 'garden': '', 'yard': ''}",2.5,2.5,4744.0,4743.833017077799,8021201900153.0,2409111.0,ASP,HSL,赤柱,2000/08,2000.0,26.0,13,4.0,A,blank,LUNG TAK COURT,龍德苑,False
1200,2008-01-18,"LUNG TAK COURT(Block D),CAPE RD|龍德苑D座,環角道",4294.779424118011,559.0,421.0,"{'bay_window': '', 'flat_roof': '', 'roof': '', 'ac_platform': '', 'plant_room': '', 'garden': '', 'yard': ''}",1.865,1.865,4430.0,4429.928741092636,8021402380125.0,2412520.0,ASP,HSL,赤柱,2000/08,2000.0,26.0,24,3.0,D,blank,LUNG TAK COURT,龍德苑,False
1209,2008-02-05,"LUNG TAK COURT(Block C),CAPE RD|龍德苑C座,環角道",4170.222432810054,559.0,421.0,"{'bay_window': '', 'flat_roof': '', 'roof': '', 'ac_platform': '', 'plant_room': '', 'garden': '', 'yard': ''}",1.86,1.86,4418.0,4418.052256532066,8030301370038.0,2433476.0,PRO-ASP,HSL,赤柱,2000/08,2000.0,26.0,27,3.0,C,blank,LUNG TAK COURT,龍德苑,False
1211,2008-02-29,74 STANLEY MAIN ST|74 赤柱大街,6212.173064385326,0.0,547.0,"{'bay_window': '', 'flat_roof': '', 'roof': '', 'ac_platform': '', 'plant_room': '', 'garden': '', 'yard': ''}",3.6,3.6,6581.0,6581.352833638026,8031000540052.0,2438719.0,ASP,HSL,赤柱,1976/08,1976.0,50.0,whole floor,4.0,blank,blank,blank,,False
1213,2008-03-10,"LUNG TAK COURT(Block B),CAPE RD|龍德苑B座,環角道",4837.361522780228,699.0,527.0,"{'bay_window': '', 'flat_roof': '', 'roof': '', 'ac_platform': '', 'plant_room': '', 'garden': '', 'yard': ''}",2.7,2.7,5123.0,5123.3396584440225,8031401500028.0,2443803.0,ASP,HSL,赤柱,2000/08,2000.0,26.0,5,3.0,B,blank,LUNG TAK COURT,龍德苑,False
1219,2008-03-14,"LUNG TAK COURT(Block C),CAPE RD|龍德苑C座,環角道",4891.109984144453,699.0,527.0,"{'bay_window': '', 'flat_roof': '', 'roof': '', 'ac_platform': '', 'plant_room': '', 'garden': '', 'yard': ''}",2.73,2.73,5180.0,5180.265654648956,8040100730016.0,2461658.0,ASP,HSL,赤柱,2000/08,2000.0,26.0,26,1.0,C,blank,LUNG TAK COURT,龍德苑,False
1226,2008-03-10,"LUNG TAK COURT(Block C),CAPE RD|龍德苑C座,環角道",4911.536952833945,559.0,421.0,"{'bay_window': '', 'flat_roof': '', 'roof': '', 'ac_platform': '', 'plant_room': '', 'garden': '', 'yard': ''}",2.19,2.19,5202.0,5201.900237529691,8040902150081.0,2470869.0,ASP,HSL,赤柱,2000/08,2000.0,26.0,7,5.0,C,blank,LUNG TAK COURT,龍德苑,False
1228,2008-03-22,"YAU SHING LAU,STANLEY MAIN ST|友誠樓,赤柱大街",5565.700322038601,0.0,285.0,"{'bay_window': '', 'flat_roof': '', 'roof': '', 'ac_platform': '', 'plant_room': '', 'garden': '', 'yard': ''}",1.68,1.68,5890.0,5894.736842105263,8041100390278.0,2474748.0,PRO-ASP,HSL,赤柱,1978/02,1978.0,48.0,D,3.0,blank,blank,blank,,False
1230,2008-03-28,"LUNG CHUN HSE(Block A,LUNG YAN COURT),CAPE RD|龍欣苑,A座(龍駿閣),環角道",4453.685399205417,776.0,530.0,"{'bay_window': '', 'flat_roof': '', 'roof': '', 'ac_platform': '', 'plant_room': '', 'garden': '', 'yard': ''}",2.5,2.5,4717.0,4716.981132075472,8041602370010.0,2477917.0,ASP,HSL,赤柱,1993/12,1993.0,33.0,10,3.0,A,blank,LUNG YAN COURT,龍欣苑,False
1231,2008-04-03,"LUNG TAK COURT(Block B),CAPE RD|龍德苑B座,環角道",5259.430594980182,699.0,527.0,"{'bay_window': '', 'flat_roof': '', 'roof': '', 'ac_platform': '', 'plant_room': '', 'garden': '', 'yard': ''}",2.876,2.876,5457.0,5457.3055028462995,8041700280096.0,2479086.0,ASP,HSL,赤柱,2000/08,2000.0,26.0,15,4.0,B,blank,LUNG TAK COURT,龍德苑,False
1235,2008-04-08,"GREENVILLE,WONG MA KOK RD|綠怡居,黃麻角道",16736.728349612524,657.0,524.0,"{'bay_window': '', 'flat_roof': '', 'roof': '381', 'ac_platform': '', 'plant_room': '', 'garden': '', 'yard': ''}",9.1,9.1,17366.0,17366.41221374046,8042102040011.0,2482136.0,ASP,HSL,赤柱,1995/10,1995.0,31.0,A,4.0,blank,blank,blank,,False
1239,2008-04-01,"LUNG TAK COURT(Block C),CAPE RD|龍德苑C座,環角道",4818.706403954374,283.0,214.0,"{'bay_window': '', 'flat_roof': '', 'roof': '', 'ac_platform': '', 'plant_room': '', 'garden': '', 'yard': ''}",1.07,1.07,5000.0,5000.0,8042902860015.0,2490071.0,ASP,HSL,赤柱,2000/08,2000.0,26.0,20,7.0,C,blank,LUNG TAK COURT,龍德苑,False
1241,2008-04-14,"LUNG TAK COURT(Block B),CAPE RD|龍德苑B座,環角道",4807.150753105562,552.0,417.0,"{'bay_window': '', 'flat_roof': '', 'roof': '', 'ac_platform': '', 'plant_room': '', 'garden': '', 'yard': ''}",2.08,2.08,4988.0,4988.009592326139,8050601370049.0,2495125.0,ASP,HSL,赤柱,2000/08,2000.0,26.0,9,4.0,B,blank,LUNG TAK COURT,龍德苑,False
1242,2008-04-11,"LUNG TAK COURT(Block C),CAPE RD|龍德苑C座,環角道",4503.463928929322,283.0,214.0,"{'bay_window': '', 'flat_roof': '', 'roof': '', 'ac_platform': '', 'plant_room': '', 'garden': '', 'yard': ''}",1.0,1.0,4673.0,4672.897196261682,8050602550206.0,2495235.0,PRO-ASP,HSL,赤柱,2000/08,2000.0,26.0,1,4.0,C,blank,LUNG TAK COURT,龍德苑,False
1246,2008-05-02,"PINE VILLA,STANLEY VILLAGE RD|翠屋,赤柱村道",10941.994274168143,0.0,1611.0,"{'bay_window': '', 'flat_roof': '', 'roof': '', 'ac_platform': '', 'plant_room': '', 'garden': '', 'yard': ''}",19.5,18.2896,12104.0,11352.948479205463,8051901710030.0,2506937.0,ASP,HSL,赤柱,1963/10,1963.0,63.0,B,1.0,blank,blank,blank,,True
1248,2008-04-30,"LUNG TAK COURT(Block B),CAPE RD|龍德苑B座,環角道",4189.184189661048,559.0,421.0,"{'bay_window': '', 'flat_roof': '', 'roof': '', 'ac_platform': '', 'plant_room': '', 'garden': '', 'yard': ''}",1.83,1.83,4347.0,4346.793349168646,8052001860155.0,2507393.0,ASP,HSL,赤柱,2000/08,2000.0,26.0,29,2.0,B,blank,LUNG TAK COURT,龍德苑,False
1250,2008-04-30,"LUNG TAK COURT(Block B),CAPE RD|龍德苑B座,環角道",4680.038593768636,552.0,417.0,"{'bay_window': '', 'flat_roof': '', 'roof': '', 'ac_platform': '', 'plant_room': '', 'garden': '', 'yard': ''}",2.025,2.025,4856.0,4856.115107913669,8052301800321.0,2511456.0,ASP,HSL,赤柱,2000/08,2000.0,26.0,33,6.0,B,blank,LUNG TAK COURT,龍德苑,False
1251,2008-04-25,"LUNG TAK COURT(Block B),CAPE RD|龍德苑B座,環角道",4548.304174092186,552.0,417.0,"{'bay_window': '', 'flat_roof': '', 'roof': '', 'ac_platform': '', 'plant_room': '', 'garden': '', 'yard': ''}",1.968,1.968,4719.0,4719.424460431655,8052302710027.0,2511606.0,ASP,HSL,赤柱,2000/08,2000.0,26.0,12,4.0,B,blank,LUNG TAK COURT,龍德苑,False
1256,2008-05-28,"BEACH POINTE,STANLEY BEACH RD|海灣閣,赤柱灘道",12394.202990564421,1785.0,1526.0,"{'bay_window': '', 'flat_roof': '', 'roof': '', 'ac_platform': '', 'plant_room': '', 'garden': '', 'yard': ''}",21.0,19.6239,13761.0,12859.698558322412,8060202590013.0,2521395.0,ASP,HSL,赤柱,1988/04,1988.0,38.0,A,0.0,blank,blank,blank,,True
1257,2008-05-05,"LUNG TAK COURT(Block C),CAPE RD|龍德苑C座,環角道",4578.63175533758,559.0,421.0,"{'bay_window': '', 'flat_roof': '', 'roof': '', 'ac_platform': '', 'plant_room': '', 'garden': '', 'yard': ''}",2.0,2.0,4751.0,4750.593824228028,8060301740036.0,2521927.0,ASP,HSL,赤柱,2000/08,2000.0,26.0,23,7.0,C,blank,LUNG TAK COURT,龍德苑,False
1258,2008-05-23,"LUNG TAK COURT(Block C),CAPE RD|龍德苑C座,環角道",4464.165961454141,559.0,421.0,"{'bay_window': '', 'flat_roof': '', 'roof': '', 'ac_platform': '', 'plant_room': '', 'garden': '', 'yard': ''}",1.95,1.95,4632.0,4631.828978622328,8060302270035.0,2521986.0,ASP,HSL,赤柱,2000/08,2000.0,26.0,24,3.0,C,blank,LUNG TAK COURT,龍德苑,False
1260,2008-05-20,"LUNG TAK COURT(Block C),CAPE RD|龍德苑C座,環角道",5082.281248424714,559.0,421.0,"{'bay_window': '', 'flat_roof': '', 'roof': '', 'ac_platform': '', 'plant_room': '', 'garden': '', 'yard': ''}",2.22,2.22,5273.0,5273.159144893111,8061901520048.0,2538165.0,ASP,HSL,赤柱,2000/08,2000.0,26.0,8,3.0,C,blank,LUNG TAK COURT,龍德苑,False
1264,2008-07-03,"LUNG TAK COURT(Block D),CAPE RD|龍德苑D座,環角道",5211.8385052091435,699.0,527.0,"{'bay_window': '', 'flat_roof': '', 'roof': '', 'ac_platform': '', 'plant_room': '', 'garden': '', 'yard': ''}",2.95,2.95,5598.0,5597.722960151803,8071002010640.0,2556474.0,PRO-ASP,HSL,赤柱,2000/08,2000.0,26.0,29,2.0,D,blank,LUNG TAK COURT,龍德苑,False
1265,2008-06-23,"LUNG TAK COURT(Block B),CAPE RD|龍德苑B座,環角道",4174.801982625615,552.0,417.0,"{'bay_window': '', 'flat_roof': '', 'roof': '', 'ac_platform': '', 'plant_room': '', 'garden': '', 'yard': ''}",1.86,1.86,4460.0,4460.431654676259,8071102270045.0,2557683.0,ASP,HSL,赤柱,2000/08,2000.0,26.0,22,1.0,B,blank,LUNG TAK COURT,龍德苑,False
1266,2008-06-25,"DONMARK MANSION,STANLEY MAIN ST|敦勝樓,赤柱大街",6364.5529580285975,0.0,375.0,"{'bay_window': '', 'flat_roof': '', 'roof': '', 'ac_platform': '', 'plant_room': '', 'garden': '', 'yard': ''}",2.55,2.55,6807.0,6800.0,8071400430065.0,2559896.0,ASP,HSL,赤柱,1987/12,1987.0,39.0,B,1.0,blank,blank,blank,,False
1273,2008-07-18,"LUNG TAK COURT(Block C),CAPE RD|龍德苑C座,環角道",4309.241199880724,552.0,417.0,"{'bay_window': '', 'flat_roof': '', 'roof': '', 'ac_platform': '', 'plant_room': '', 'garden': '', 'yard': ''}",1.93,1.93,4628.0,4628.297362110312,8073101720022.0,2574475.0,ASP,HSL,赤柱,2000/08,2000.0,26.0,19,3.0,C,blank,LUNG TAK COURT,龍德苑,False
1278,2008-08-18,"LUNG TAK COURT(Block A),CAPE RD|龍德苑A座,環角道",5858.336101123621,698.0,526.0,"{'bay_window': '', 'flat_roof': '', 'roof': '', 'ac_platform': '', 'plant_room': '', 'garden': '', 'yard': ''}",3.1,3.1,5894.0,5893.536121673003,8082501990022.0,2589650.0,ASP,HSL,赤柱,2000/08,2000.0,26.0,4,8.0,A,blank,LUNG TAK COURT,龍德苑,False
1279,2008-08-18,"LUNG CHUN HSE(Block A,LUNG YAN COURT),CAPE RD|龍欣苑,A座(龍駿閣),環角道",4566.529363519369,635.0,431.0,"{'bay_window': '3', 'flat_roof': '', 'roof': '', 'ac_platform': '', 'plant_room': '', 'garden': '', 'yard': ''}",1.98,1.98,4594.0,4593.967517401392,8082800670307.0,2592671.0,ASP,HSL,赤柱,1993/12,1993.0,33.0,6,3.0,A,blank,LUNG YAN COURT,龍欣苑,False
1280,2008-08-29,"LUNG TAN HSE(Block B,LUNG YAN COURT),CAPE RD|龍欣苑,B座(龍騰閣),環角道",4644.987623139923,785.0,535.0,"{'bay_window': '', 'flat_roof': '', 'roof': '', 'ac_platform': '', 'plant_room': '', 'garden': '', 'yard': ''}",2.5,2.5,4673.0,4672.897196261682,8090301550058.0,2596340.0,ASP,HSL,赤柱,1993/12,1993.0,33.0,9,1.0,B,blank,LUNG YAN COURT,龍欣苑,False
1281,2008-09-03,"LUNG TAK COURT(Block B),CAPE RD|龍德苑B座,環角道",4785.128560554824,552.0,417.0,"{'bay_window': '', 'flat_roof': '', 'roof': '', 'ac_platform': '', 'plant_room': '', 'garden': '', 'yard': ''}",2.05,2.05,4916.0,4916.067146282973,8091700510414.0,2604802.0,ASP,HSL,赤柱,2000/08,2000.0,26.0,2,5.0,B,blank,LUNG TAK COURT,龍德苑,False
1285,2008-10-02,"LUNG TAN HSE(Block B,LUNG YAN COURT),CAPE RD|龍欣苑,B座(龍騰閣),環角道",5175.6592455117225,626.0,427.0,"{'bay_window': '', 'flat_roof': '', 'roof': '', 'ac_platform': '', 'plant_room': '', 'garden': '', 'yard': ''}",2.0,2.0,4684.0,4683.84074941452,8101402680095.0,2620556.0,ASP,HSL,赤柱,1993/12,1993.0,33.0,12,8.0,B,blank,LUNG YAN COURT,龍欣苑,False
1286,2008-10-02,"LUNG TAK COURT(Block A),CAPE RD|龍德苑A座,環角道",5144.433177854715,559.0,421.0,"{'bay_window': '', 'flat_roof': '', 'roof': '', 'ac_platform': '', 'plant_room': '', 'garden': '', 'yard': ''}",1.96,1.96,4656.0,4655.581947743468,8102002170125.0,2623807.0,ASP,HSL,赤柱,2000/08,2000.0,26.0,8,7.0,A,blank,LUNG TAK COURT,龍德苑,False
1292,2008-10-24,"LUNG TAK COURT(Block C),CAPE RD|龍德苑C座,環角道",5525.016244583763,283.0,214.0,"{'bay_window': '', 'flat_roof': '', 'roof': '', 'ac_platform': '', 'plant_room': '', 'garden': '', 'yard': ''}",1.07,1.07,5000.0,5000.0,8112001290010.0,2639145.0,PRO-ASP,HSL,赤柱,2000/08,2000.0,26.0,10,7.0,C,blank,LUNG TAK COURT,龍德苑,False
1298,2008-11-27,"LUNG TAN HSE(Block B,LUNG YAN COURT),CAPE RD|龍欣苑,B座(龍騰閣),環角道",4453.108033189055,785.0,535.0,"{'bay_window': '', 'flat_roof': '', 'roof': '', 'ac_platform': '', 'plant_room': '', 'garden': '', 'yard': ''}",2.0,2.0,3738.0,3738.3177570093458,8121601770066.0,2650133.0,ASP,HSL,赤柱,1993/12,1993.0,33.0,7,1.0,B,blank,LUNG YAN COURT,龍欣苑,False
1299,2008-12-11,"LUNG TAK COURT(Block D),CAPE RD|龍德苑D座,環角道",5810.836830146244,559.0,421.0,"{'bay_window': '', 'flat_roof': '', 'roof': '', 'ac_platform': '', 'plant_room': '', 'garden': '', 'yard': ''}",2.08,2.08,4941.0,4940.617577197149,8122401450014.0,2654536.0,ASP,HSL,赤柱,2000/08,2000.0,26.0,7,6.0,D,blank,LUNG TAK COURT,龍德苑,False
1302,2009-01-04,"LUNG TAK COURT(Block B),CAPE RD|龍德苑B座,環角道",4860.891735971245,283.0,214.0,"{'bay_window': '', 'flat_roof': '', 'roof': '', 'ac_platform': '', 'plant_room': '', 'garden': '', 'yard': ''}",0.9,0.9,4206.0,4205.607476635514,9013000120012.0,2670584.0,PRO-ASP,HSL,赤柱,2000/08,2000.0,26.0,21,4.0,B,blank,LUNG TAK COURT,龍德苑,False
1306,2009-02-04,"LUNG TAK COURT(Block A),CAPE RD|龍德苑A座,環角道",4986.743901733121,559.0,421.0,"{'bay_window': '', 'flat_roof': '', 'roof': '', 'ac_platform': '', 'plant_room': '', 'garden': '', 'yard': ''}",1.828,1.828,4342.0,4342.042755344418,9021702090084.0,2678745.0,ASP,HSL,赤柱,2000/08,2000.0,26.0,12,7.0,A,blank,LUNG TAK COURT,龍德苑,False
1309,2009-02-26,"LUNG TAN HSE(Block B,LUNG YAN COURT),CAPE RD|龍欣苑,B座(龍騰閣),環角道",4249.640395506328,626.0,427.0,"{'bay_window': '', 'flat_roof': '', 'roof': '', 'ac_platform': '', 'plant_room': '', 'garden': '', 'yard': ''}",1.58,1.58,3700.0,3700.2341920374706,9031700730039.0,2691834.0,ASP,HSL,赤柱,1993/12,1993.0,33.0,12,3.0,B,blank,LUNG YAN COURT,龍欣苑,False
1319,2009-04-06,"LUNG TAK COURT(Block C),CAPE RD|龍德苑C座,環角道",4701.057986419272,699.0,527.0,"{'bay_window': '', 'flat_roof': '', 'roof': '', 'ac_platform': '', 'plant_room': '', 'garden': '', 'yard': ''}",2.28,2.28,4326.0,4326.375711574952,9043001630155.0,2720030.0,ASP,HSL,赤柱,2000/08,2000.0,26.0,16,2.0,C,blank,LUNG TAK COURT,龍德苑,False
1320,2009-04-07,"LUNG TAK COURT(Block B),CAPE RD|龍德苑B座,環角道",4413.522967059899,559.0,421.0,"{'bay_window': '', 'flat_roof': '', 'roof': '', 'ac_platform': '', 'plant_room': '', 'garden': '', 'yard': ''}",1.71,1.71,4062.0,4061.7577197149644,9050401370027.0,2721292.0,ASP,HSL,赤柱,2000/08,2000.0,26.0,28,2.0,B,blank,LUNG TAK COURT,龍德苑,False
1321,2009-04-25,"STANFORD VILLA(Block 2),STANLEY VILLAGE RD|旭日居2座,赤柱村道",13002.232739295641,1052.0,863.0,"{'bay_window': '', 'flat_roof': '', 'roof': '648', 'ac_platform': '', 'plant_room': '', 'garden': '', 'yard': ''}",11.68,10.3266,13534.0,11965.93279258401,9050500580037.0,2722908.0,ASP,HSL,赤柱,1995/05,1995.0,31.0,D,2.0,2,blank,STANFORD VILLA,旭日居,True
1324,2009-04-27,"LUNG TAK COURT(Block A),CAPE RD|龍德苑A座,環角道",4800.674104521293,559.0,421.0,"{'bay_window': '', 'flat_roof': '', 'roof': '', 'ac_platform': '', 'plant_room': '', 'garden': '', 'yard': ''}",1.86,1.86,4418.0,4418.052256532066,9050601020028.0,2723268.0,ASP,HSL,赤柱,2000/08,2000.0,26.0,26,7.0,A,blank,LUNG TAK COURT,龍德苑,False
1329,2009-05-05,"LUNG TAK COURT(Block D),CAPE RD|龍德苑D座,環角道",4720.891642638781,552.0,417.0,"{'bay_window': '', 'flat_roof': '', 'roof': '', 'ac_platform': '', 'plant_room': '', 'garden': '', 'yard': ''}",1.9,1.9,4556.0,4556.354916067146,9051400420015.0,2731408.0,ASP,HSL,赤柱,2000/08,2000.0,26.0,13,6.0,D,blank,LUNG TAK COURT,龍德苑,False
1336,2009-05-18,"LUNG TAK COURT(Block D),CAPE RD|龍德苑D座,環角道",5111.745449864145,699.0,527.0,"{'bay_window': '', 'flat_roof': '', 'roof': '', 'ac_platform': '', 'plant_room': '', 'garden': '', 'yard': ''}",2.6,2.6,4934.0,4933.586337760911,9052700840126.0,2742697.0,ASP,HSL,赤柱,2000/08,2000.0,26.0,10,4.0,D,blank,LUNG TAK COURT,龍德苑,False
1338,2009-05-07,"LUNG TAK COURT(Block A),CAPE RD|龍德苑A座,環角道",4799.0911854128335,559.0,421.0,"{'bay_window': '', 'flat_roof': '', 'roof': '', 'ac_platform': '', 'plant_room': '', 'garden': '', 'yard': ''}",1.95,1.95,4632.0,4631.828978622328,9060101440014.0,2745377.0,ASP,HSL,赤柱,2000/08,2000.0,26.0,29,8.0,A,blank,LUNG TAK COURT,龍德苑,False
1342,2009-05-20,"PINE VILLA,STANLEY VILLAGE RD|翠屋,赤柱村道",6032.278348278415,0.0,1611.0,"{'bay_window': '', 'flat_roof': '', 'roof': '', 'ac_platform': '', 'plant_room': '', 'garden': '', 'yard': ''}",10.0,9.3793,6207.0,5822.03600248293,9060901440018.0,2752760.0,ASP,HSL,赤柱,1963/10,1963.0,63.0,C,0.0,blank,blank,blank,,True
1348,2009-05-22,"LUNG TAK COURT(Block B),CAPE RD|龍德苑B座,環角道",4552.983945135252,559.0,421.0,"{'bay_window': '', 'flat_roof': '', 'roof': '', 'ac_platform': '', 'plant_room': '', 'garden': '', 'yard': ''}",1.85,1.85,4394.0,4394.299287410927,9061701380013.0,2760581.0,ASP,HSL,赤柱,2000/08,2000.0,26.0,7,5.0,B,blank,LUNG TAK COURT,龍德苑,False
1351,2009-05-27,"LUNG TAK COURT(Block A),CAPE RD|龍德苑A座,環角道",4183.823084718881,559.0,421.0,"{'bay_window': '', 'flat_roof': '', 'roof': '', 'ac_platform': '', 'plant_room': '', 'garden': '', 'yard': ''}",1.7,1.7,4038.0,4038.004750593824,9062401480014.0,2768722.0,ASP,HSL,赤柱,2000/08,2000.0,26.0,16,1.0,A,blank,LUNG TAK COURT,龍德苑,False
1355,2009-06-19,"LUNG TAK COURT(Block A),CAPE RD|龍德苑A座,環角道",4801.759000263342,699.0,527.0,"{'bay_window': '', 'flat_roof': '', 'roof': '', 'ac_platform': '', 'plant_room': '', 'garden': '', 'yard': ''}",2.58,2.58,4896.0,4895.635673624289,9062900480031.0,2774273.0,ASP,HSL,赤柱,2000/08,2000.0,26.0,6,1.0,A,blank,LUNG TAK COURT,龍德苑,False
1357,2009-06-05,"SEA AND SKY COURT,STANLEY MAIN ST|海天別墅,赤柱大街",7230.4363995964995,0.0,1560.0,"{'bay_window': '', 'flat_roof': '', 'roof': '', 'ac_platform': '', 'plant_room': '', 'garden': '', 'yard': ''}",11.5,11.5,7372.0,7371.794871794872,9070201600365.0,2778099.0,ASP,HSL,赤柱,1966/07,1966.0,60.0,A,1.0,blank,blank,blank,,False
1362,2009-06-25,"LUNG TAK COURT(Block C),CAPE RD|龍德苑C座,環角道",4077.061111411431,559.0,421.0,"{'bay_window': '', 'flat_roof': '', 'roof': '', 'ac_platform': '', 'plant_room': '', 'garden': '', 'yard': ''}",1.75,1.75,4157.0,4156.769596199525,9071500520042.0,2790148.0,ASP,HSL,赤柱,2000/08,2000.0,26.0,8,1.0,C,blank,LUNG TAK COURT,龍德苑,False
1363,2009-07-08,"LUNG CHUN HSE(Block A,LUNG YAN COURT),CAPE RD|龍欣苑,A座(龍駿閣),環角道",4779.055086559609,785.0,535.0,"{'bay_window': '', 'flat_roof': '', 'roof': '', 'ac_platform': '', 'plant_room': '', 'garden': '', 'yard': ''}",2.65,2.65,4953.0,4953.271028037383,9071702080030.0,2792966.0,ASP,HSL,赤柱,1993/12,1993.0,33.0,4,1.0,A,blank,LUNG YAN COURT,龍欣苑,False
1366,2009-07-03,"LUNG TAK COURT(Block A),CAPE RD|龍德苑A座,環角道",4493.971199302681,698.0,526.0,"{'bay_window': '', 'flat_roof': '', 'roof': '', 'ac_platform': '', 'plant_room': '', 'garden': '', 'yard': ''}",2.45,2.45,4658.0,4657.794676806084,9072302360128.0,2798894.0,PRO-ASP,HSL,赤柱,2000/08,2000.0,26.0,21,7.0,A,blank,LUNG TAK COURT,龍德苑,False
1367,2009-07-17,"LUNG TAN HSE(Block B,LUNG YAN COURT),CAPE RD|龍欣苑,B座(龍騰閣),環角道",4029.4445111035357,632.0,431.0,"{'bay_window': '', 'flat_roof': '', 'roof': '', 'ac_platform': '', 'plant_room': '', 'garden': '', 'yard': ''}",1.8,1.8,4176.0,4176.334106728538,9072401620106.0,2800233.0,ASP,HSL,赤柱,1993/12,1993.0,33.0,6,10.0,B,blank,LUNG YAN COURT,龍欣苑,False
1368,2009-07-16,"LUNG TAK COURT(Block D),CAPE RD|龍德苑D座,環角道",4750.769553548549,698.0,526.0,"{'bay_window': '', 'flat_roof': '', 'roof': '', 'ac_platform': '', 'plant_room': '', 'garden': '', 'yard': ''}",2.59,2.59,4924.0,4923.954372623574,9072402400139.0,2800347.0,ASP,HSL,赤柱,2000/08,2000.0,26.0,31,2.0,D,blank,LUNG TAK COURT,龍德苑,False
1371,2009-07-14,"LUNG TAK COURT(Block B),CAPE RD|龍德苑B座,環角道",4905.294277525335,283.0,214.0,"{'bay_window': '', 'flat_roof': '', 'roof': '', 'ac_platform': '', 'plant_room': '', 'garden': '', 'yard': ''}",1.088,1.088,5084.0,5084.112149532711,9080502630010.0,2812116.0,ASP,HSL,赤柱,2000/08,2000.0,26.0,10,5.0,B,blank,LUNG TAK COURT,龍德苑,False
1380,2009-08-04,"LUNG CHUN HSE(Block A,LUNG YAN COURT),CAPE RD|龍欣苑,A座(龍駿閣),環角道",4631.5577771728795,939.0,640.0,"{'bay_window': '', 'flat_roof': '', 'roof': '', 'ac_platform': '', 'plant_room': '', 'garden': '', 'yard': ''}",3.1,3.1,4844.0,4843.75,9082700920017.0,2836028.0,PRO-ASP,HSL,赤柱,1993/12,1993.0,33.0,16,3.0,A,blank,LUNG YAN COURT,龍欣苑,False
1384,2009-08-12,"BEACH POINTE,STANLEY BEACH RD|海灣閣,赤柱灘道",14340.214919792583,1544.0,1359.0,"{'bay_window': '', 'flat_roof': '', 'roof': '', 'ac_platform': '', 'plant_room': '', 'garden': '', 'yard': ''}",22.0,20.3812,16188.0,14997.203826342899,9090902640016.0,2850368.0,PRO-ASP,HSL,赤柱,1988/04,1988.0,38.0,C,2.0,blank,blank,blank,,True
1386,2009-09-04,"LUNG CHUN HSE(Block A,LUNG YAN COURT),CAPE RD|龍欣苑,A座(龍駿閣),環角道",4333.439762077285,776.0,530.0,"{'bay_window': '', 'flat_roof': '', 'roof': '', 'ac_platform': '', 'plant_room': '', 'garden': '', 'yard': ''}",2.48,2.48,4679.0,4679.245283018868,9091101570019.0,2852288.0,ASP,HSL,赤柱,1993/12,1993.0,33.0,10,1.0,A,blank,LUNG YAN COURT,龍欣苑,False
1387,2009-08-31,"LUNG TAK COURT(Block A),CAPE RD|龍德苑A座,環角道",4468.189595101965,283.0,214.0,"{'bay_window': '', 'flat_roof': '', 'roof': '', 'ac_platform': '', 'plant_room': '', 'garden': '', 'yard': ''}",1.0,1.0,4673.0,4672.897196261682,9091600960215.0,2855906.0,ASP,HSL,赤柱,2000/08,2000.0,26.0,18,3.0,A,blank,LUNG TAK COURT,龍德苑,False
1393,2009-09-10,"LUNG TAK COURT(Block A),CAPE RD|龍德苑A座,環角道",4751.476744718868,559.0,421.0,"{'bay_window': '', 'flat_roof': '', 'roof': '', 'ac_platform': '', 'plant_room': '', 'garden': '', 'yard': ''}",2.16,2.16,5131.0,5130.641330166271,9092300870032.0,2863816.0,ASP,HSL,赤柱,2000/08,2000.0,26.0,11,4.0,A,blank,LUNG TAK COURT,龍德苑,False
1396,2009-09-03,"LUNG TAK COURT(Block D),CAPE RD|龍德苑D座,環角道",4619.491279587789,559.0,421.0,"{'bay_window': '', 'flat_roof': '', 'roof': '', 'ac_platform': '', 'plant_room': '', 'garden': '', 'yard': ''}",2.1,2.1,4988.0,4988.12351543943,9092402590045.0,2865504.0,ASP,HSL,赤柱,2000/08,2000.0,26.0,17,4.0,D,blank,LUNG TAK COURT,龍德苑,False
1401,2009-06-29,"STANFORD VILLA(Block 2),STANLEY VILLAGE RD|旭日居2座,赤柱村道",11777.93512079867,758.0,622.0,"{'bay_window': '', 'flat_roof': '', 'roof': '434', 'ac_platform': '', 'plant_room': '', 'garden': '', 'yard': ''}",8.9,7.4691,14309.0,12008.199356913183,9101502990019.0,2886002.0,PRE-ASP,HSL,赤柱,1995/05,1995.0,31.0,B,2.0,2,blank,STANFORD VILLA,旭日居,True
1402,2009-09-21,"LUNG CHUN HSE(Block A,LUNG YAN COURT),CAPE RD|龍欣苑,A座(龍駿閣),環角道",4350.913309505016,776.0,530.0,"{'bay_window': '', 'flat_roof': '', 'roof': '', 'ac_platform': '', 'plant_room': '', 'garden': '', 'yard': ''}",2.49,2.49,4698.0,4698.11320754717,9101602580080.0,2886532.0,ASP,HSL,赤柱,1993/12,1993.0,33.0,15,1.0,A,blank,LUNG YAN COURT,龍欣苑,False
1403,2009-09-26,12A STANLEY MAIN ST|12A 赤柱大街,4409.990541284487,0.0,294.0,"{'bay_window': '', 'flat_roof': '', 'roof': '', 'ac_platform': '', 'plant_room': '', 'garden': '', 'yard': ''}",1.4,1.4,4762.0,4761.9047619047615,9101603100080.0,2887619.0,ASP,HSL,赤柱,1965/11,1965.0,61.0,whole floor,3.0,blank,blank,blank,,False
1404,2009-09-24,"LUNG TAK COURT(Block B),CAPE RD|龍德苑B座,環角道",4263.130523733874,559.0,421.0,"{'bay_window': '', 'flat_roof': '', 'roof': '', 'ac_platform': '', 'plant_room': '', 'garden': '', 'yard': ''}",1.938,1.938,4603.0,4603.32541567696,9101901930019.0,2888072.0,ASP,HSL,赤柱,2000/08,2000.0,26.0,29,2.0,B,blank,LUNG TAK COURT,龍德苑,False
1406,2009-10-15,"STANFORD VILLA(Block 2),STANLEY VILLAGE RD|旭日居2座,赤柱村道",13236.771630716828,758.0,622.0,"{'bay_window': '', 'flat_roof': '', 'roof': '434', 'ac_platform': '', 'plant_room': '', 'garden': '', 'yard': ''}",9.0,9.0,14469.0,14469.453376205787,9102701320059.0,2895320.0,ASP,HSL,赤柱,1995/05,1995.0,31.0,A,2.0,2,blank,STANFORD VILLA,旭日居,False
1407,2009-09-27,"LUNG TAK COURT(Block C),CAPE RD|龍德苑C座,環角道",4760.316892694938,283.0,214.0,"{'bay_window': '', 'flat_roof': '', 'roof': '', 'ac_platform': '', 'plant_room': '', 'garden': '', 'yard': ''}",1.1,1.1,5140.0,5140.186915887851,9102802310043.0,2897186.0,PRO-ASP,HSL,赤柱,2000/08,2000.0,26.0,1,1.0,C,blank,LUNG TAK COURT,龍德苑,False
1408,2009-10-12,"LUNG TAN HSE(Block B,LUNG YAN COURT),CAPE RD|龍欣苑,B座(龍騰閣),環角道",4616.7880117603,745.0,535.0,"{'bay_window': '', 'flat_roof': '', 'roof': '', 'ac_platform': '', 'plant_room': '', 'garden': '', 'yard': ''}",2.7,2.7,5047.0,5046.728971962617,9110200620027.0,2901266.0,PRO-ASP,HSL,赤柱,1993/12,1993.0,33.0,5,2.0,B,blank,LUNG YAN COURT,龍欣苑,False
1411,2009-10-28,"CHIK TAK MANSION,STANLEY NEW ST|積德樓,赤柱新街",5277.738432247352,508.0,416.0,"{'bay_window': '', 'flat_roof': '', 'roof': '', 'ac_platform': '', 'plant_room': '', 'garden': '', 'yard': ''}",2.4,2.4,5769.0,5769.2307692307695,9110902220060.0,2909404.0,ASP,HSL,赤柱,1986/10,1986.0,40.0,B,2.0,blank,blank,blank,,False
1416,2009-10-22,"LUNG TAK COURT(Block B),CAPE RD|龍德苑B座,環角道",4360.299788884728,283.0,214.0,"{'bay_window': '', 'flat_roof': '', 'roof': '', 'ac_platform': '', 'plant_room': '', 'garden': '', 'yard': ''}",1.02,1.02,4766.0,4766.355140186916,9111302670302.0,2914584.0,ASP,HSL,赤柱,2000/08,2000.0,26.0,11,2.0,B,blank,LUNG TAK COURT,龍德苑,False
1417,2009-10-27,"LUNG CHUN HSE(Block A,LUNG YAN COURT),CAPE RD|龍欣苑,A座(龍駿閣),環角道",4284.814964509949,626.0,427.0,"{'bay_window': '', 'flat_roof': '', 'roof': '', 'ac_platform': '', 'plant_room': '', 'garden': '', 'yard': ''}",2.0,2.0,4684.0,4683.84074941452,9111700930115.0,2918217.0,PRO-ASP,HSL,赤柱,1993/12,1993.0,33.0,11,0.0,A,blank,LUNG YAN COURT,龍欣苑,False
1420,2009-11-30,"YAU WING LAU,STANLEY MAIN ST|友榮樓,赤柱大街",5416.859339021342,0.0,254.0,"{'bay_window': '', 'flat_roof': '', 'roof': '', 'ac_platform': '', 'plant_room': '', 'garden': '', 'yard': ''}",1.52,1.52,5984.0,5984.251968503937,9121601620012.0,2945082.0,ASP,HSL,赤柱,1978/09,1978.0,48.0,A,2.0,blank,blank,blank,,False
1422,2009-12-17,"LUNG TAK COURT(Block B),CAPE RD|龍德苑B座,環角道",3836.2552989510177,559.0,421.0,"{'bay_window': '', 'flat_roof': '', 'roof': '', 'ac_platform': '', 'plant_room': '', 'garden': '', 'yard': ''}",1.77,1.77,4204.0,4204.275534441806,10010802740522.0,2965447.0,ASP,HSL,赤柱,2000/08,2000.0,26.0,31,1.0,B,blank,LUNG TAK COURT,龍德苑,False
1423,2009-12-28,"LUNG TAK COURT(Block B),CAPE RD|龍德苑B座,環角道",5031.3504076584995,283.0,214.0,"{'bay_window': '', 'flat_roof': '', 'roof': '', 'ac_platform': '', 'plant_room': '', 'garden': '', 'yard': ''}",1.18,1.18,5514.0,5514.018691588785,10011202040120.0,2968410.0,ASP,HSL,赤柱,2000/08,2000.0,26.0,21,3.0,B,blank,LUNG TAK COURT,龍德苑,False
1427,2010-01-04,"LUNG TAK COURT(Block B),CAPE RD|龍德苑B座,環角道",4036.3665711583494,552.0,417.0,"{'bay_window': '', 'flat_roof': '', 'roof': '', 'ac_platform': '', 'plant_room': '', 'garden': '', 'yard': ''}",1.88,1.88,4508.0,4508.393285371702,10012200910036.0,2980447.0,ASP,HSL,赤柱,2000/08,2000.0,26.0,9,0.0,B,blank,LUNG TAK COURT,龍德苑,False
1430,2010-01-09,"LUNG TAK COURT(Block D),CAPE RD|龍德苑D座,環角道",4671.871457745405,699.0,527.0,"{'bay_window': '', 'flat_roof': '', 'roof': '', 'ac_platform': '', 'plant_room': '', 'garden': '', 'yard': ''}",2.75,2.75,5218.0,5218.216318785579,10012902060052.0,2986663.0,PRO-ASP,HSL,赤柱,2000/08,2000.0,26.0,6,1.0,D,blank,LUNG TAK COURT,龍德苑,False
1431,2010-01-06,"LUNG TAK COURT(Block B),CAPE RD|龍德苑B座,環角道",4572.199486243516,559.0,421.0,"{'bay_window': '', 'flat_roof': '', 'roof': '', 'ac_platform': '', 'plant_room': '', 'garden': '', 'yard': ''}",2.15,2.15,5107.0,5106.88836104513,10020101490014.0,2988301.0,PRO-ASP,HSL,赤柱,2000/08,2000.0,26.0,18,7.0,B,blank,LUNG TAK COURT,龍德苑,False
1434,2010-01-25,"LUNG TAK COURT(Block A),CAPE RD|龍德苑A座,環角道",4253.208824412573,559.0,421.0,"{'bay_window': '', 'flat_roof': '', 'roof': '', 'ac_platform': '', 'plant_room': '', 'garden': '', 'yard': ''}",2.0,2.0,4751.0,4750.593824228028,10020902470239.0,2997495.0,ASP,HSL,赤柱,2000/08,2000.0,26.0,24,3.0,A,blank,LUNG TAK COURT,龍德苑,False
1437,2010-01-18,"LUNG TAK COURT(Block B),CAPE RD|龍德苑B座,環角道",4830.757864418239,552.0,417.0,"{'bay_window': '', 'flat_roof': '', 'roof': '', 'ac_platform': '', 'plant_room': '', 'garden': '', 'yard': ''}",2.25,2.25,5396.0,5395.6834532374105,10021202570035.0,3002318.0,PRO-ASP,HSL,赤柱,2000/08,2000.0,26.0,12,5.0,B,blank,LUNG TAK COURT,龍德苑,False
1438,2010-01-25,"BAUHINIA GARDEN,CHUNG HOM KOK RD|紫荊園,舂磡角道",11979.549866089386,0.0,1250.0,"{'bay_window': '', 'flat_roof': '', 'roof': '', 'ac_platform': '', 'plant_room': '', 'garden': '', 'yard': ''}",18.18,16.7256,14544.0,13380.48,10021801780121.0,3006145.0,ASP,HSL,赤柱,1972/03,1972.0,54.0,A,2.0,blank,blank,BAUHINIA GARDEN,紫荊園,True
1440,2010-01-29,"BAUHINIA GARDEN,CHUNG HOM KOK RD|紫荊園,舂磡角道",12111.338093439103,0.0,1250.0,"{'bay_window': '', 'flat_roof': '', 'roof': '', 'ac_platform': '', 'plant_room': '', 'garden': '', 'yard': ''}",18.38,16.909599999999998,14704.0,13527.679999999997,10022302340092.0,3011323.0,ASP,HSL,赤柱,1972/03,1972.0,54.0,A,1.0,blank,blank,BAUHINIA GARDEN,紫荊園,True
1442,2010-02-02,"LUNG TAK COURT(Block B),CAPE RD|龍德苑B座,環角道",3993.1723064479447,283.0,214.0,"{'bay_window': '', 'flat_roof': '', 'roof': '', 'ac_platform': '', 'plant_room': '', 'garden': '', 'yard': ''}",1.0,1.0,4673.0,4672.897196261682,10022603490022.0,3015599.0,MEM-ASP,HSL,赤柱,2000/08,2000.0,26.0,20,2.0,B,blank,LUNG TAK COURT,龍德苑,False
1444,2010-02-14,10B STANLEY BEACH RD|10B 赤柱灘道,16679.409941105878,0.0,2832.0,"{'bay_window': '', 'flat_roof': '', 'roof': '', 'ac_platform': '', 'plant_room': '', 'garden': '', 'yard': ''}",57.3,55.2767,20233.0,19518.608757062146,10030801030153.0,3025672.0,PRO-ASP,HSL,赤柱,1962/06,1962.0,64.0,whole floor,0.0,blank,blank,blank,,True
1452,2010-03-01,"YAU SHING LAU,STANLEY MAIN ST|友誠樓,赤柱大街",5782.093998885071,0.0,285.0,"{'bay_window': '', 'flat_roof': '', 'roof': '', 'ac_platform': '', 'plant_room': '', 'garden': '', 'yard': ''}",2.0,2.0,7018.0,7017.543859649123,10031802400027.0,3035323.0,ASP,HSL,赤柱,1978/02,1978.0,48.0,C,4.0,blank,blank,blank,,False
1459,2010-03-27,"STANFORD VILLA(Block 2),STANLEY VILLAGE RD|旭日居2座,赤柱村道",11539.516490578759,758.0,622.0,"{'bay_window': '', 'flat_roof': '', 'roof': '434', 'ac_platform': '', 'plant_room': '', 'garden': '', 'yard': ''}",10.38,8.711200000000002,16688.0,14005.144694533765,10042102860049.0,3068024.0,PRO-ASP,HSL,赤柱,1995/05,1995.0,31.0,B,2.0,2,blank,STANFORD VILLA,旭日居,True
1462,2010-03-29,"LUNG TAK COURT(Block C),CAPE RD|龍德苑C座,環角道",4620.271372940874,283.0,214.0,"{'bay_window': '', 'flat_roof': '', 'roof': '', 'ac_platform': '', 'plant_room': '', 'garden': '', 'yard': ''}",1.2,1.2,5607.0,5607.476635514019,10042701220042.0,3073940.0,ASP,HSL,赤柱,2000/08,2000.0,26.0,11,4.0,C,blank,LUNG TAK COURT,龍德苑,False
1463,2010-04-20,"LUNG TAK COURT(Block B),CAPE RD|龍德苑B座,環角道",4679.02246431675,552.0,417.0,"{'bay_window': '', 'flat_roof': '', 'roof': '', 'ac_platform': '', 'plant_room': '', 'garden': '', 'yard': ''}",2.3,2.3,5516.0,5515.587529976019,10042702730016.0,3074202.0,ASP,HSL,赤柱,2000/08,2000.0,26.0,22,9.0,B,blank,LUNG TAK COURT,龍德苑,False
1466,2010-04-18,"LUNG TAK COURT(Block B),CAPE RD|龍德苑B座,環角道",4493.514179275833,559.0,421.0,"{'bay_window': '', 'flat_roof': '', 'roof': '', 'ac_platform': '', 'plant_room': '', 'garden': '', 'yard': ''}",2.23,2.23,5297.0,5296.9121140142515,10050500830029.0,3082648.0,PRO-ASP,HSL,赤柱,2000/08,2000.0,26.0,29,3.0,B,blank,LUNG TAK COURT,龍德苑,False
1467,2010-04-16,"LUNG TAK COURT(Block D),CAPE RD|龍德苑D座,環角道",4578.587941083296,283.0,214.0,"{'bay_window': '', 'flat_roof': '', 'roof': '', 'ac_platform': '', 'plant_room': '', 'garden': '', 'yard': ''}",1.155,1.155,5397.0,5397.196261682243,10050503020034.0,3082971.0,ASP,HSL,赤柱,2000/08,2000.0,26.0,20,2.0,D,blank,LUNG TAK COURT,龍德苑,False
1470,2010-04-21,"LUNG TAK COURT(Block C),CAPE RD|龍德苑C座,環角道",4668.2137332713855,699.0,527.0,"{'bay_window': '', 'flat_roof': '', 'roof': '', 'ac_platform': '', 'plant_room': '', 'garden': '', 'yard': ''}",2.9,2.9,5503.0,5502.846299810247,10050602480020.0,3084486.0,ASP,HSL,赤柱,2000/08,2000.0,26.0,5,3.0,C,blank,LUNG TAK COURT,龍德苑,False
1471,2010-04-28,"LUNG TAK COURT(Block A),CAPE RD|龍德苑A座,環角道",4740.0531921121865,552.0,417.0,"{'bay_window': '', 'flat_roof': '', 'roof': '', 'ac_platform': '', 'plant_room': '', 'garden': '', 'yard': ''}",2.33,2.33,5588.0,5587.529976019185,10051102230072.0,3089054.0,ASP,HSL,赤柱,2000/08,2000.0,26.0,17,7.0,A,blank,LUNG TAK COURT,龍德苑,False
1472,2010-04-21,"LUNG TAK COURT(Block A),CAPE RD|龍德苑A座,環角道",4634.566193871935,559.0,421.0,"{'bay_window': '', 'flat_roof': '', 'roof': '', 'ac_platform': '', 'plant_room': '', 'garden': '', 'yard': ''}",2.3,2.3,5463.0,5463.1828978622325,10051102340162.0,3089082.0,ASP,HSL,赤柱,2000/08,2000.0,26.0,12,2.0,A,blank,LUNG TAK COURT,龍德苑,False
1473,2010-04-26,"LUNG TAK COURT(Block B),CAPE RD|龍德苑B座,環角道",4598.408668100972,283.0,214.0,"{'bay_window': '', 'flat_roof': '', 'roof': '', 'ac_platform': '', 'plant_room': '', 'garden': '', 'yard': ''}",1.16,1.16,5421.0,5420.560747663551,10051102340174.0,3089083.0,ASP,HSL,赤柱,2000/08,2000.0,26.0,21,1.0,B,blank,LUNG TAK COURT,龍德苑,False
1474,2010-04-26,"LUNG TAK COURT(Block A),CAPE RD|龍德苑A座,環角道",4553.965042674163,559.0,421.0,"{'bay_window': '', 'flat_roof': '', 'roof': '', 'ac_platform': '', 'plant_room': '', 'garden': '', 'yard': ''}",2.26,2.26,5368.0,5368.171021377672,10051102340192.0,3089085.0,ASP,HSL,赤柱,2000/08,2000.0,26.0,29,3.0,A,blank,LUNG TAK COURT,龍德苑,False
1475,2010-04-30,"LUNG TAK COURT(Block B),CAPE RD|龍德苑B座,環角道",5773.7853166473005,698.0,526.0,"{'bay_window': '', 'flat_roof': '', 'roof': '', 'ac_platform': '', 'plant_room': '', 'garden': '', 'yard': ''}",3.58,3.58,6806.0,6806.083650190114,10051201870315.0,3090447.0,ASP,HSL,赤柱,2000/08,2000.0,26.0,13,4.0,B,blank,LUNG TAK COURT,龍德苑,False
1480,2010-05-04,"LUNG TAN HSE(Block B,LUNG YAN COURT),CAPE RD|龍欣苑,B座(龍騰閣),環角道",4560.425713973299,786.0,536.0,"{'bay_window': '', 'flat_roof': '', 'roof': '', 'ac_platform': '', 'plant_room': '', 'garden': '', 'yard': ''}",2.91,2.91,5429.0,5429.104477611941,10052002180626.0,3099852.0,ASP,HSL,赤柱,1993/12,1993.0,33.0,13,9.0,B,blank,LUNG YAN COURT,龍欣苑,False
1482,2010-04-30,"LUNG TAK COURT(Block C),CAPE RD|龍德苑C座,環角道",4479.484305994913,283.0,214.0,"{'bay_window': '', 'flat_roof': '', 'roof': '', 'ac_platform': '', 'plant_room': '', 'garden': '', 'yard': ''}",1.13,1.13,5280.0,5280.373831775701,10052402350197.0,3101697.0,ASP,HSL,赤柱,2000/08,2000.0,26.0,21,6.0,C,blank,LUNG TAK COURT,龍德苑,False
1486,2010-05-24,"LUNG TAK COURT(Block D),CAPE RD|龍德苑D座,環角道",3990.4795205160153,559.0,421.0,"{'bay_window': '', 'flat_roof': '', 'roof': '', 'ac_platform': '', 'plant_room': '', 'garden': '', 'yard': ''}",2.0,2.0,4751.0,4750.593824228028,10060201550095.0,3111628.0,ASP,HSL,赤柱,2000/08,2000.0,26.0,24,1.0,D,blank,LUNG TAK COURT,龍德苑,False
1487,2010-05-28,"LUNG TAK COURT(Block A),CAPE RD|龍德苑A座,環角道",4589.051448593418,559.0,421.0,"{'bay_window': '', 'flat_roof': '', 'roof': '', 'ac_platform': '', 'plant_room': '', 'garden': '', 'yard': ''}",2.3,2.3,5463.0,5463.1828978622325,10060301790023.0,3112954.0,ASP,HSL,赤柱,2000/08,2000.0,26.0,12,5.0,A,blank,LUNG TAK COURT,龍德苑,False
1489,2010-06-08,"LUNG TAK COURT(Block A),CAPE RD|龍德苑A座,環角道",4537.9050215703355,559.0,421.0,"{'bay_window': '', 'flat_roof': '', 'roof': '', 'ac_platform': '', 'plant_room': '', 'garden': '', 'yard': ''}",2.26,2.26,5368.0,5368.171021377672,10061401320048.0,3122088.0,ASP,HSL,赤柱,2000/08,2000.0,26.0,7,4.0,A,blank,LUNG TAK COURT,龍德苑,False
1491,2010-06-01,"LUNG TAK COURT(Block D),CAPE RD|龍德苑D座,環角道",4748.736892041524,559.0,421.0,"{'bay_window': '', 'flat_roof': '', 'roof': '', 'ac_platform': '', 'plant_room': '', 'garden': '', 'yard': ''}",2.365,2.365,5618.0,5617.577197149643,10062402670237.0,3131950.0,PRO-ASP,HSL,赤柱,2000/08,2000.0,26.0,23,7.0,D,blank,LUNG TAK COURT,龍德苑,False
1494,2010-06-18,"STANFORD VILLA(Block 2),STANLEY VILLAGE RD|旭日居2座,赤柱村道",9959.285273827816,1052.0,863.0,"{'bay_window': '', 'flat_roof': '', 'roof': '', 'ac_platform': '', 'plant_room': '', 'garden': '', 'yard': ''}",11.5,10.1674,13326.0,11781.460023174972,10062901570016.0,3137635.0,ASP,HSL,赤柱,1995/05,1995.0,31.0,C,1.0,2,blank,STANFORD VILLA,旭日居,True
1497,2010-06-21,"LUNG TAK COURT(Block B),CAPE RD|龍德苑B座,環角道",4661.195220857893,283.0,214.0,"{'bay_window': '', 'flat_roof': '', 'roof': '', 'ac_platform': '', 'plant_room': '', 'garden': '', 'yard': ''}",1.18,1.18,5514.0,5514.018691588785,10071900270266.0,3155876.0,ASP,HSL,赤柱,2000/08,2000.0,26.0,10,1.0,B,blank,LUNG TAK COURT,龍德苑,False
1499,2010-07-06,"LUNG TAK COURT(Block C),CAPE RD|龍德苑C座,環角道",4559.690737397483,559.0,421.0,"{'bay_window': '', 'flat_roof': '', 'roof': '', 'ac_platform': '', 'plant_room': '', 'garden': '', 'yard': ''}",2.4,2.4,5701.0,5700.712589073634,10072200330109.0,3160894.0,ASP,HSL,赤柱,2000/08,2000.0,26.0,13,3.0,C,blank,LUNG TAK COURT,龍德苑,False
1504,2010-07-12,"LUNG TAK COURT(Block B),CAPE RD|龍德苑B座,環角道",4426.699757556723,559.0,421.0,"{'bay_window': '', 'flat_roof': '', 'roof': '', 'ac_platform': '', 'plant_room': '', 'garden': '', 'yard': ''}",2.33,2.33,5534.0,5534.441805225653,10080302350116.0,3174053.0,ASP,HSL,赤柱,2000/08,2000.0,26.0,4,1.0,B,blank,LUNG TAK COURT,龍德苑,False
1507,2010-07-23,"STANFORD VILLA(Block 2),STANLEY VILLAGE RD|旭日居2座,赤柱村道",10718.47532078611,0.0,590.0,"{'bay_window': '', 'flat_roof': '', 'roof': '', 'ac_platform': '', 'plant_room': '', 'garden': '', 'yard': ''}",9.52,7.9064,16136.0,13400.677966101695,10081002370015.0,3182850.0,ASP,HSL,赤柱,1995/05,1995.0,31.0,A,1.0,2,blank,STANFORD VILLA,旭日居,True
1513,2010-08-05,"YAU WING LAU,STANLEY MAIN ST|友榮樓,赤柱大街",5500.81843654551,0.0,269.0,"{'bay_window': '', 'flat_roof': '', 'roof': '', 'ac_platform': '', 'plant_room': '', 'garden': '', 'yard': ''}",1.88,1.88,6989.0,6988.847583643123,10082400360078.0,3198728.0,ASP,HSL,赤柱,1978/09,1978.0,48.0,B,3.0,blank,blank,blank,,False
1517,2010-08-25,"LUNG TAK COURT(Block B),CAPE RD|龍德苑B座,環角道",3740.899197654777,698.0,526.0,"{'bay_window': '', 'flat_roof': '', 'roof': '', 'ac_platform': '', 'plant_room': '', 'garden': '', 'yard': ''}",2.5,2.5,4753.0,4752.851711026616,10090300020034.0,3210128.0,ASP,HSL,赤柱,2000/08,2000.0,26.0,23,4.0,B,blank,LUNG TAK COURT,龍德苑,False
1530,2010-09-21,"LUNG TAK COURT(Block A),CAPE RD|龍德苑A座,環角道",3618.3572083607983,552.0,417.0,"{'bay_window': '', 'flat_roof': '', 'roof': '', 'ac_platform': '', 'plant_room': '', 'garden': '', 'yard': ''}",1.92,1.92,4604.0,4604.3165467625895,10100703050018.0,3248588.0,ASP,HSL,赤柱,2000/08,2000.0,26.0,2,0.0,A,blank,LUNG TAK COURT,龍德苑,False
1533,2010-09-21,"LUNG TAK COURT(Block C),CAPE RD|龍德苑C座,環角道",4591.972475604555,559.0,421.0,"{'bay_window': '', 'flat_roof': '', 'roof': '', 'ac_platform': '', 'plant_room': '', 'garden': '', 'yard': ''}",2.46,2.46,5843.0,5843.230403800475,10101900410058.0,3259571.0,ASP,HSL,赤柱,2000/08,2000.0,26.0,23,9.0,C,blank,LUNG TAK COURT,龍德苑,False
1534,2010-09-28,"LUNG TAK COURT(Block A),CAPE RD|龍德苑A座,環角道",4590.315164666244,283.0,214.0,"{'bay_window': '', 'flat_roof': '', 'roof': '', 'ac_platform': '', 'plant_room': '', 'garden': '', 'yard': ''}",1.25,1.25,5841.0,5841.121495327103,10102200500195.0,3264350.0,ASP,HSL,赤柱,2000/08,2000.0,26.0,1,2.0,A,blank,LUNG TAK COURT,龍德苑,False
1536,2010-09-28,"LUNG TAK COURT(Block C),CAPE RD|龍德苑C座,環角道",4629.305585162317,559.0,421.0,"{'bay_window': '', 'flat_roof': '', 'roof': '', 'ac_platform': '', 'plant_room': '', 'garden': '', 'yard': ''}",2.48,2.48,5891.0,5890.7363420427555,10102202430452.0,3264553.0,ASP,HSL,赤柱,2000/08,2000.0,26.0,27,5.0,C,blank,LUNG TAK COURT,龍德苑,False
1538,2010-10-04,"LUNG TAK COURT(Block B),CAPE RD|龍德苑B座,環角道",2643.0423743393767,559.0,421.0,"{'bay_window': '', 'flat_roof': '', 'roof': '', 'ac_platform': '', 'plant_room': '', 'garden': '', 'yard': ''}",1.435,1.435,3409.0,3408.5510688836102,10102601170182.0,3268182.0,ASP,HSL,赤柱,2000/08,2000.0,26.0,17,1.0,B,blank,LUNG TAK COURT,龍德苑,False
1539,2010-10-22,"LUNG TAN HSE(Block B,LUNG YAN COURT),CAPE RD|龍欣苑,B座(龍騰閣),環角道",4670.482387759597,632.0,431.0,"{'bay_window': '', 'flat_roof': '', 'roof': '', 'ac_platform': '', 'plant_room': '', 'garden': '', 'yard': ''}",2.596,2.596,6023.0,6023.201856148492,10110100380013.0,3275775.0,ASP,HSL,赤柱,1993/12,1993.0,33.0,3,8.0,B,blank,LUNG YAN COURT,龍欣苑,False
1540,2010-10-11,"LUNG TAK COURT(Block A),CAPE RD|龍德苑A座,環角道",4766.68548069011,559.0,421.0,"{'bay_window': '', 'flat_roof': '', 'roof': '', 'ac_platform': '', 'plant_room': '', 'garden': '', 'yard': ''}",2.588,2.588,6147.0,6147.268408551069,10110101490016.0,3275958.0,ASP,HSL,赤柱,2000/08,2000.0,26.0,7,10.0,A,blank,LUNG TAK COURT,龍德苑,False
1542,2010-10-22,"GREENVILLE,WONG MA KOK RD|綠怡居,黃麻角道",14502.040359668857,657.0,524.0,"{'bay_window': '', 'flat_roof': '', 'roof': '381', 'ac_platform': '', 'plant_room': '', 'garden': '', 'yard': ''}",9.8,9.8,18702.0,18702.290076335878,10110800880109.0,3285193.0,ASP,HSL,赤柱,1995/10,1995.0,31.0,A,4.0,blank,blank,blank,,False
1543,2010-10-18,"LUNG TAK COURT(Block B),CAPE RD|龍德苑B座,環角道",4692.349107030371,283.0,214.0,"{'bay_window': '', 'flat_roof': '', 'roof': '', 'ac_platform': '', 'plant_room': '', 'garden': '', 'yard': ''}",1.295,1.295,6051.0,6051.401869158878,10111001740064.0,3287384.0,PRO-ASP,HSL,赤柱,2000/08,2000.0,26.0,34,8.0,B,blank,LUNG TAK COURT,龍德苑,False
1545,2010-10-26,"LUNG TAK COURT(Block C),CAPE RD|龍德苑C座,環角道",4819.169353166327,283.0,214.0,"{'bay_window': '', 'flat_roof': '', 'roof': '', 'ac_platform': '', 'plant_room': '', 'garden': '', 'yard': ''}",1.33,1.33,6215.0,6214.953271028037,10111500340148.0,3292534.0,PRO-ASP,HSL,赤柱,2000/08,2000.0,26.0,20,7.0,C,blank,LUNG TAK COURT,龍德苑,False
1549,2010-10-18,"LUNG TAK COURT(Block B),CAPE RD|龍德苑B座,環角道",4166.950944467124,283.0,214.0,"{'bay_window': '', 'flat_roof': '', 'roof': '', 'ac_platform': '', 'plant_room': '', 'garden': '', 'yard': ''}",1.15,1.15,5374.0,5373.8317757009345,10111701940121.0,3296179.0,SUB-ASP,HSL,赤柱,2000/08,2000.0,26.0,34,1.0,B,blank,LUNG TAK COURT,龍德苑,False
1550,2010-11-04,"STANFORD VILLA(Block 2),STANLEY VILLAGE RD|旭日居2座,赤柱村道",10729.870656683426,758.0,622.0,"{'bay_window': '', 'flat_roof': '', 'roof': '434', 'ac_platform': '', 'plant_room': '', 'garden': '', 'yard': ''}",10.4,8.728,16720.0,14032.154340836012,10111702940108.0,3296377.0,ASP,HSL,赤柱,1995/05,1995.0,31.0,A,2.0,2,blank,STANFORD VILLA,旭日居,True
1552,2010-11-09,"LUNG TAK COURT(Block A),CAPE RD|龍德苑A座,環角道",4870.0026415860275,698.0,526.0,"{'bay_window': '', 'flat_roof': '', 'roof': '', 'ac_platform': '', 'plant_room': '', 'garden': '', 'yard': ''}",3.35,3.35,6369.0,6368.821292775666,10111900340014.0,3301330.0,ASP,HSL,赤柱,2000/08,2000.0,26.0,4,0.0,A,blank,LUNG TAK COURT,龍德苑,False
1554,2010-11-06,"LUNG TAK COURT(Block C),CAPE RD|龍德苑C座,環角道",4216.3666335327325,283.0,214.0,"{'bay_window': '', 'flat_roof': '', 'roof': '', 'ac_platform': '', 'plant_room': '', 'garden': '', 'yard': ''}",1.18,1.18,5514.0,5514.018691588785,10112402420072.0,3305244.0,ASP,HSL,赤柱,2000/08,2000.0,26.0,1,3.0,C,blank,LUNG TAK COURT,龍德苑,False
1555,2010-10-29,"LUNG TAK COURT(Block A),CAPE RD|龍德苑A座,環角道",5660.8259350724165,698.0,526.0,"{'bay_window': '', 'flat_roof': '', 'roof': '', 'ac_platform': '', 'plant_room': '', 'garden': '', 'yard': ''}",3.84,3.84,7300.0,7300.380228136883,10112502960037.0,3307181.0,ASP,HSL,赤柱,2000/08,2000.0,26.0,4,7.0,A,blank,LUNG TAK COURT,龍德苑,False
1557,2010-11-01,"LUNG TAK COURT(Block C),CAPE RD|龍德苑C座,環角道",5245.445947479704,283.0,214.0,"{'bay_window': '', 'flat_roof': '', 'roof': '', 'ac_platform': '', 'plant_room': '', 'garden': '', 'yard': ''}",1.468,1.468,6860.0,6859.813084112149,10112602410044.0,3308905.0,PRO-ASP,HSL,赤柱,2000/08,2000.0,26.0,10,7.0,C,blank,LUNG TAK COURT,龍德苑,False
1558,2010-10-28,"LUNG TAK COURT(Block A),CAPE RD|龍德苑A座,環角道",4782.934997127481,283.0,214.0,"{'bay_window': '', 'flat_roof': '', 'roof': '', 'ac_platform': '', 'plant_room': '', 'garden': '', 'yard': ''}",1.32,1.32,6168.0,6168.22429906542,10112603370073.0,3309152.0,ASP,HSL,赤柱,2000/08,2000.0,26.0,18,8.0,A,blank,LUNG TAK COURT,龍德苑,False
1560,2010-11-17,"LUNG TAK COURT(Block D),CAPE RD|龍德苑D座,環角道",3554.8853857157746,699.0,527.0,"{'bay_window': '', 'flat_roof': '', 'roof': '', 'ac_platform': '', 'plant_room': '', 'garden': '', 'yard': ''}",2.45,2.45,4649.0,4648.956356736243,10112901890208.0,3311223.0,ASP,HSL,赤柱,2000/08,2000.0,26.0,10,6.0,D,blank,LUNG TAK COURT,龍德苑,False
1561,2010-11-17,"LUNG TAK COURT(Block A),CAPE RD|龍德苑A座,環角道",5359.788093473812,283.0,214.0,"{'bay_window': '', 'flat_roof': '', 'roof': '', 'ac_platform': '', 'plant_room': '', 'garden': '', 'yard': ''}",1.5,1.5,7009.0,7009.345794392523,10112902060018.0,3311262.0,ASP,HSL,赤柱,2000/08,2000.0,26.0,18,2.0,A,blank,LUNG TAK COURT,龍德苑,False
1566,2010-11-19,"YAU WING LAU,STANLEY MAIN ST|友榮樓,赤柱大街",5954.610533804863,0.0,235.0,"{'bay_window': '', 'flat_roof': '', 'roof': '', 'ac_platform': '', 'plant_room': '', 'garden': '', 'yard': ''}",1.83,1.83,7787.0,7787.234042553191,10120600300057.0,3320498.0,ASP,HSL,赤柱,1978/09,1978.0,48.0,D,1.0,blank,blank,blank,,False
1572,2010-12-20,"LUNG TAK COURT(Block A),CAPE RD|龍德苑A座,環角道",3037.9943788457717,559.0,421.0,"{'bay_window': '', 'flat_roof': '', 'roof': '', 'ac_platform': '', 'plant_room': '', 'garden': '', 'yard': ''}",1.68,1.68,3990.0,3990.498812351544,10122800110429.0,3342028.0,ASP,HSL,赤柱,2000/08,2000.0,26.0,11,5.0,A,blank,LUNG TAK COURT,龍德苑,False
1573,2010-11-29,"LUNG TAK COURT(Block B),CAPE RD|龍德苑B座,環角道",5368.602419244231,699.0,527.0,"{'bay_window': '', 'flat_roof': '', 'roof': '', 'ac_platform': '', 'plant_room': '', 'garden': '', 'yard': ''}",3.7,3.7,7021.0,7020.872865275142,10122800970058.0,3342086.0,ASP,HSL,赤柱,2000/08,2000.0,26.0,16,2.0,B,blank,LUNG TAK COURT,龍德苑,False
1574,2010-11-12,"LUNG TAK COURT(Block B),CAPE RD|龍德苑B座,環角道",4922.178158241018,559.0,421.0,"{'bay_window': '', 'flat_roof': '', 'roof': '', 'ac_platform': '', 'plant_room': '', 'garden': '', 'yard': ''}",2.71,2.71,6437.0,6437.054631828979,10122902900078.0,3343350.0,PRO-ASP,HSL,赤柱,2000/08,2000.0,26.0,8,7.0,B,blank,LUNG TAK COURT,龍德苑,False
1575,2010-12-24,"LUNG TAK COURT(Block B),CAPE RD|龍德苑B座,環角道",5336.263490879797,283.0,214.0,"{'bay_window': '', 'flat_roof': '', 'roof': '', 'ac_platform': '', 'plant_room': '', 'garden': '', 'yard': ''}",1.5,1.5,7009.0,7009.345794392523,10123002350013.0,3344731.0,ASP,HSL,赤柱,2000/08,2000.0,26.0,34,1.0,B,blank,LUNG TAK COURT,龍德苑,False
1576,2010-12-24,"LUNG TAK COURT(Block B),CAPE RD|龍德苑B座,環角道",5111.893019560631,552.0,417.0,"{'bay_window': '', 'flat_roof': '', 'roof': '', 'ac_platform': '', 'plant_room': '', 'garden': '', 'yard': ''}",2.8,2.8,6715.0,6714.62829736211,10123002350029.0,3344732.0,ASP,HSL,赤柱,2000/08,2000.0,26.0,9,4.0,B,blank,LUNG TAK COURT,龍德苑,False
1578,2010-12-15,"STANFORD VILLA(Block 2),STANLEY VILLAGE RD|旭日居2座,赤柱村道",11309.157025787174,1052.0,863.0,"{'bay_window': '', 'flat_roof': '', 'roof': '', 'ac_platform': '', 'plant_room': '', 'garden': '', 'yard': ''}",14.5,12.8198,16802.0,14854.924681344148,11011102850073.0,3355395.0,ASP,HSL,赤柱,1995/05,1995.0,31.0,D,1.0,2,blank,STANFORD VILLA,旭日居,True
1579,2011-01-06,"LUNG TAK COURT(Block B),CAPE RD|龍德苑B座,環角道",5355.845370182496,283.0,214.0,"{'bay_window': '', 'flat_roof': '', 'roof': '', 'ac_platform': '', 'plant_room': '', 'garden': '', 'yard': ''}",1.55,1.55,7243.0,7242.990654205608,11011402990066.0,3358778.0,ASP,HSL,赤柱,2000/08,2000.0,26.0,21,6.0,B,blank,LUNG TAK COURT,龍德苑,False
1582,2011-01-14,"LUNG CHUN HSE(Block A,LUNG YAN COURT),CAPE RD|龍欣苑,A座(龍駿閣),環角道",4683.657121808725,786.0,536.0,"{'bay_window': '', 'flat_roof': '', 'roof': '', 'ac_platform': '', 'plant_room': '', 'garden': '', 'yard': ''}",3.395,3.395,6334.0,6333.955223880597,11012600150103.0,3371151.0,PRO-ASP,HSL,赤柱,1993/12,1993.0,33.0,13,6.0,A,blank,LUNG YAN COURT,龍欣苑,False
1587,2011-01-17,"LUNG TAK COURT(Block D),CAPE RD|龍德苑D座,環角道",4906.645435909125,283.0,214.0,"{'bay_window': '', 'flat_roof': '', 'roof': '', 'ac_platform': '', 'plant_room': '', 'garden': '', 'yard': ''}",1.42,1.42,6636.0,6635.514018691589,11020902150012.0,3381761.0,PRO-ASP,HSL,赤柱,2000/08,2000.0,26.0,15,1.0,D,blank,LUNG TAK COURT,龍德苑,False
1592,2011-02-08,"LUNG TAK COURT(Block B),CAPE RD|龍德苑B座,環角道",4960.989227135767,283.0,214.0,"{'bay_window': '', 'flat_roof': '', 'roof': '', 'ac_platform': '', 'plant_room': '', 'garden': '', 'yard': ''}",1.5,1.5,7009.0,7009.345794392523,11021601790034.0,3388854.0,ASP,HSL,赤柱,2000/08,2000.0,26.0,34,3.0,B,blank,LUNG TAK COURT,龍德苑,False
1594,2011-01-25,"BEACH POINTE,STANLEY BEACH RD|海灣閣,赤柱灘道",11398.154173328905,1423.0,1187.0,"{'bay_window': '', 'flat_roof': '', 'roof': '', 'ac_platform': '', 'plant_room': '', 'garden': '', 'yard': ''}",19.98,18.2968,16832.0,15414.321819713563,11021701800030.0,3390448.0,ASP,HSL,赤柱,1988/04,1988.0,38.0,D,1.0,blank,blank,blank,,True
1597,2011-02-28,"LUNG TAK COURT(Block A),CAPE RD|龍德苑A座,環角道",5225.575319249674,283.0,214.0,"{'bay_window': '', 'flat_roof': '', 'roof': '', 'ac_platform': '', 'plant_room': '', 'garden': '', 'yard': ''}",1.58,1.58,7383.0,7383.177570093458,11031000340058.0,3410603.0,ASP,HSL,赤柱,2000/08,2000.0,26.0,18,4.0,A,blank,LUNG TAK COURT,龍德苑,False
1599,2011-03-04,"LUNG TAK COURT(Block A),CAPE RD|龍德苑A座,環角道",4642.583884636616,559.0,421.0,"{'bay_window': '', 'flat_roof': '', 'roof': '', 'ac_platform': '', 'plant_room': '', 'garden': '', 'yard': ''}",2.84,2.84,6746.0,6745.843230403801,11032400330171.0,3425498.0,ASP,HSL,赤柱,2000/08,2000.0,26.0,25,5.0,A,blank,LUNG TAK COURT,龍德苑,False
1600,2011-03-07,"LUNG TAK COURT(Block B),CAPE RD|龍德苑B座,環角道",5419.522165087303,699.0,527.0,"{'bay_window': '', 'flat_roof': '', 'roof': '', 'ac_platform': '', 'plant_room': '', 'garden': '', 'yard': ''}",4.15,4.15,7875.0,7874.762808349147,11032400510010.0,3425517.0,PRO-ASP,HSL,赤柱,2000/08,2000.0,26.0,6,9.0,B,blank,LUNG TAK COURT,龍德苑,False
1602,2011-03-14,"LUNG TAK COURT(Block D),CAPE RD|龍德苑D座,環角道",4413.724115675656,559.0,421.0,"{'bay_window': '', 'flat_roof': '', 'roof': '', 'ac_platform': '', 'plant_room': '', 'garden': '', 'yard': ''}",2.7,2.7,6413.0,6413.301662707839,11032502240235.0,3427339.0,ASP,HSL,赤柱,2000/08,2000.0,26.0,17,6.0,D,blank,LUNG TAK COURT,龍德苑,False
1604,2011-03-16,"LUNG TAK COURT(Block D),CAPE RD|龍德苑D座,環角道",5145.525379576189,283.0,214.0,"{'bay_window': '', 'flat_roof': '', 'roof': '', 'ac_platform': '', 'plant_room': '', 'garden': '', 'yard': ''}",1.6,1.6,7477.0,7476.6355140186915,11032902090431.0,3430615.0,ASP,HSL,赤柱,2000/08,2000.0,26.0,20,3.0,D,blank,LUNG TAK COURT,龍德苑,False
1605,2011-03-22,"LUNG TAK COURT(Block D),CAPE RD|龍德苑D座,環角道",4670.613130064346,552.0,417.0,"{'bay_window': '', 'flat_roof': '', 'roof': '', 'ac_platform': '', 'plant_room': '', 'garden': '', 'yard': ''}",2.83,2.83,6787.0,6786.570743405276,11040100500061.0,3434464.0,ASP,HSL,赤柱,2000/08,2000.0,26.0,19,7.0,D,blank,LUNG TAK COURT,龍德苑,False
1606,2011-03-18,"LUNG TAK COURT(Block A),CAPE RD|龍德苑A座,環角道",4217.558599423404,559.0,421.0,"{'bay_window': '', 'flat_roof': '', 'roof': '', 'ac_platform': '', 'plant_room': '', 'garden': '', 'yard': ''}",2.58,2.58,6128.0,6128.266033254156,11040402880018.0,3437000.0,ASP,HSL,赤柱,2000/08,2000.0,26.0,7,0.0,A,blank,LUNG TAK COURT,龍德苑,False
1610,2011-03-30,"LUNG TAK COURT(Block A),CAPE RD|龍德苑A座,環角道",4871.443653597576,559.0,421.0,"{'bay_window': '', 'flat_roof': '', 'roof': '', 'ac_platform': '', 'plant_room': '', 'garden': '', 'yard': ''}",2.98,2.98,7078.0,7078.3847980997625,11041902480064.0,3450788.0,ASP,HSL,赤柱,2000/08,2000.0,26.0,8,7.0,A,blank,LUNG TAK COURT,龍德苑,False
1614,2011-04-14,"BAUHINIA GARDEN,CHUNG HOM KOK RD|紫荊園,舂磡角道",11914.799088617021,0.0,1250.0,"{'bay_window': '', 'flat_roof': '', 'roof': '', 'ac_platform': '', 'plant_room': '', 'garden': '', 'yard': ''}",24.0,22.08,19200.0,17664.0,11050401210016.0,3464495.0,ASP,HSL,赤柱,1972/03,1972.0,54.0,B,2.0,blank,blank,BAUHINIA GARDEN,紫荊園,True
1618,2011-04-28,"LUNG TAK COURT(Block B),CAPE RD|龍德苑B座,環角道",5055.733205803851,699.0,527.0,"{'bay_window': '', 'flat_roof': '', 'roof': '', 'ac_platform': '', 'plant_room': '', 'garden': '', 'yard': ''}",3.95,3.95,7495.0,7495.256166982922,11052301880056.0,3481955.0,PRO-ASP,HSL,赤柱,2000/08,2000.0,26.0,15,4.0,B,blank,LUNG TAK COURT,龍德苑,False
1619,2011-05-18,"LUNG TAK COURT(Block B),CAPE RD|龍德苑B座,環角道",4517.8308267887305,559.0,421.0,"{'bay_window': '', 'flat_roof': '', 'roof': '', 'ac_platform': '', 'plant_room': '', 'garden': '', 'yard': ''}",2.88,2.88,6841.0,6840.855106888361,11052600320185.0,3486132.0,ASP,HSL,赤柱,2000/08,2000.0,26.0,7,2.0,B,blank,LUNG TAK COURT,龍德苑,False
1620,2011-04-13,"LUNG CHUN HSE(Block A,LUNG YAN COURT),CAPE RD|龍欣苑,A座(龍駿閣),環角道",3912.5545529364,635.0,431.0,"{'bay_window': '3', 'flat_roof': '', 'roof': '', 'ac_platform': '', 'plant_room': '', 'garden': '', 'yard': ''}",2.5,2.5,5800.0,5800.46403712297,11052602730017.0,3486432.0,PRO-ASP,HSL,赤柱,1993/12,1993.0,33.0,3,1.0,A,blank,LUNG YAN COURT,龍欣苑,False
1621,2011-05-17,"LUNG TAK COURT(Block B),CAPE RD|龍德苑B座,環角道",4436.258881305045,559.0,421.0,"{'bay_window': '', 'flat_roof': '', 'roof': '', 'ac_platform': '', 'plant_room': '', 'garden': '', 'yard': ''}",2.828,2.828,6717.0,6717.339667458432,11053002920039.0,3489775.0,ASP,HSL,赤柱,2000/08,2000.0,26.0,29,3.0,B,blank,LUNG TAK COURT,龍德苑,False
1626,2011-05-28,"STANFORD VILLA(Block 2),STANLEY VILLAGE RD|旭日居2座,赤柱村道",9445.266108669819,758.0,622.0,"{'bay_window': '', 'flat_roof': '', 'roof': '', 'ac_platform': '', 'plant_room': '', 'garden': '', 'yard': ''}",10.6,8.8958,17042.0,14301.92926045016,11062401310263.0,3514597.0,PRO-ASP,HSL,赤柱,1995/05,1995.0,31.0,B,1.0,2,blank,STANFORD VILLA,旭日居,True
1629,2011-06-24,"LUNG TAK COURT(Block A),CAPE RD|龍德苑A座,環角道",4659.803192965051,283.0,214.0,"{'bay_window': '', 'flat_roof': '', 'roof': '', 'ac_platform': '', 'plant_room': '', 'garden': '', 'yard': ''}",1.5,1.5,7009.0,7009.345794392523,11070600080044.0,3523517.0,ASP,HSL,赤柱,2000/08,2000.0,26.0,18,0.0,A,blank,LUNG TAK COURT,龍德苑,False
1630,2011-06-19,"LUNG TAK COURT(Block A),CAPE RD|龍德苑A座,環角道",5622.829186177827,283.0,214.0,"{'bay_window': '', 'flat_roof': '', 'roof': '', 'ac_platform': '', 'plant_room': '', 'garden': '', 'yard': ''}",1.81,1.81,8458.0,8457.943925233645,11071400270084.0,3529128.0,PRO-ASP,HSL,赤柱,2000/08,2000.0,26.0,1,2.0,A,blank,LUNG TAK COURT,龍德苑,False
1633,2011-06-28,"LUNG TAK COURT(Block D),CAPE RD|龍德苑D座,環角道",5187.914221501089,283.0,214.0,"{'bay_window': '', 'flat_roof': '', 'roof': '', 'ac_platform': '', 'plant_room': '', 'garden': '', 'yard': ''}",1.67,1.67,7804.0,7803.738317757009,11071801550084.0,3531431.0,ASP,HSL,赤柱,2000/08,2000.0,26.0,34,3.0,D,blank,LUNG TAK COURT,龍德苑,False
1635,2011-07-21,"LUNG TAK COURT(Block B),CAPE RD|龍德苑B座,環角道",4549.730817185116,559.0,421.0,"{'bay_window': '', 'flat_roof': '', 'roof': '', 'ac_platform': '', 'plant_room': '', 'garden': '', 'yard': ''}",2.88,2.88,6841.0,6840.855106888361,11081501800101.0,3551756.0,ASP,HSL,赤柱,2000/08,2000.0,26.0,8,6.0,B,blank,LUNG TAK COURT,龍德苑,False
1638,2011-08-18,"LUNG TAK COURT(Block A),CAPE RD|龍德苑A座,環角道",4430.340765530498,559.0,421.0,"{'bay_window': '', 'flat_roof': '', 'roof': '', 'ac_platform': '', 'plant_room': '', 'garden': '', 'yard': ''}",2.83,2.83,6722.0,6722.09026128266,11082600030041.0,3560590.0,ASP,HSL,赤柱,2000/08,2000.0,26.0,15,1.0,A,blank,LUNG TAK COURT,龍德苑,False
1641,2011-09-08,"LUNG TAK COURT(Block B),CAPE RD|龍德苑B座,環角道",5332.323555789995,699.0,527.0,"{'bay_window': '', 'flat_roof': '', 'roof': '', 'ac_platform': '', 'plant_room': '', 'garden': '', 'yard': ''}",4.1,4.1,7780.0,7779.886148007589,11091902110015.0,3573611.0,ASP,HSL,赤柱,2000/08,2000.0,26.0,6,8.0,B,blank,LUNG TAK COURT,龍德苑,False
1645,2011-10-19,"LUNG CHUN HSE(Block A,LUNG YAN COURT),CAPE RD|龍欣苑,A座(龍駿閣),環角道",4829.048776661496,939.0,640.0,"{'bay_window': '', 'flat_roof': '', 'roof': '', 'ac_platform': '', 'plant_room': '', 'garden': '', 'yard': ''}",4.6,4.6,7188.0,7187.5,11102500010074.0,3595074.0,ASP,HSL,赤柱,1993/12,1993.0,33.0,16,3.0,A,blank,LUNG YAN COURT,龍欣苑,False
1646,2011-09-30,"LUNG TAK COURT(Block D),CAPE RD|龍德苑D座,環角道",6405.594971281805,283.0,214.0,"{'bay_window': '', 'flat_roof': '', 'roof': '', 'ac_platform': '', 'plant_room': '', 'garden': '', 'yard': ''}",2.0,2.0,9346.0,9345.794392523365,11102501710057.0,3595182.0,ASP,HSL,赤柱,2000/08,2000.0,26.0,1,4.0,D,blank,LUNG TAK COURT,龍德苑,False
1647,2011-09-30,"LUNG TAK COURT(Block C),CAPE RD|龍德苑C座,環角道",5765.035474153624,283.0,214.0,"{'bay_window': '', 'flat_roof': '', 'roof': '', 'ac_platform': '', 'plant_room': '', 'garden': '', 'yard': ''}",1.8,1.8,8411.0,8411.214953271028,11102602450024.0,3596019.0,ASP,HSL,赤柱,2000/08,2000.0,26.0,20,5.0,C,blank,LUNG TAK COURT,龍德苑,False
1648,2011-10-03,"LUNG CHUN HSE(Block A,LUNG YAN COURT),CAPE RD|龍欣苑,A座(龍駿閣),環角道",4598.630127275752,635.0,431.0,"{'bay_window': '3', 'flat_roof': '', 'roof': '', 'ac_platform': '', 'plant_room': '', 'garden': '', 'yard': ''}",2.95,2.95,6845.0,6844.547563805105,11110201910091.0,3599507.0,ASP,HSL,赤柱,1993/12,1993.0,33.0,6,3.0,A,blank,LUNG YAN COURT,龍欣苑,False
1653,2011-11-17,"LUNG CHUN HSE(Block A,LUNG YAN COURT),CAPE RD|龍欣苑,A座(龍駿閣),環角道",5197.07883555578,635.0,431.0,"{'bay_window': '3', 'flat_roof': '', 'roof': '', 'ac_platform': '', 'plant_room': '', 'garden': '', 'yard': ''}",3.36,3.36,7796.0,7795.823665893271,11112900300015.0,3614814.0,ASP,HSL,赤柱,1993/12,1993.0,33.0,8,7.0,A,blank,LUNG YAN COURT,龍欣苑,False
1655,2011-12-20,"LUNG TAK COURT(Block C),CAPE RD|龍德苑C座,環角道",6183.22596026129,283.0,214.0,"{'bay_window': '', 'flat_roof': '', 'roof': '', 'ac_platform': '', 'plant_room': '', 'garden': '', 'yard': ''}",1.88,1.88,8785.0,8785.046728971962,12010500690036.0,3633016.0,ASP,HSL,赤柱,2000/08,2000.0,26.0,1,3.0,C,blank,LUNG TAK COURT,龍德苑,False
1657,2012-01-12,"LUNG TAK COURT(Block A),CAPE RD|龍德苑A座,環角道",5077.887713479305,698.0,526.0,"{'bay_window': '', 'flat_roof': '', 'roof': '', 'ac_platform': '', 'plant_room': '', 'garden': '', 'yard': ''}",3.8,3.8,7224.0,7224.334600760456,12011600670023.0,3638176.0,ASP,HSL,赤柱,2000/08,2000.0,26.0,3,0.0,A,blank,LUNG TAK COURT,龍德苑,False
1660,2012-02-22,"LUNG TAK COURT(Block A),CAPE RD|龍德苑A座,環角道",4495.818631587484,559.0,421.0,"{'bay_window': '', 'flat_roof': '', 'roof': '', 'ac_platform': '', 'plant_room': '', 'garden': '', 'yard': ''}",2.75,2.75,6532.0,6532.066508313539,12030500890017.0,3658382.0,ASP,HSL,赤柱,2000/08,2000.0,26.0,12,4.0,A,blank,LUNG TAK COURT,龍德苑,False
1663,2012-03-19,"LUNG TAK COURT(Block D),CAPE RD|龍德苑D座,環角道",5794.507300637619,283.0,214.0,"{'bay_window': '', 'flat_roof': '', 'roof': '', 'ac_platform': '', 'plant_room': '', 'garden': '', 'yard': ''}",1.88,1.88,8785.0,8785.046728971962,12032701600026.0,3675672.0,ASP,HSL,赤柱,2000/08,2000.0,26.0,1,1.0,D,blank,LUNG TAK COURT,龍德苑,False
1666,2012-03-23,"LUNG TAK COURT(Block D),CAPE RD|龍德苑D座,環角道",6041.082079388157,283.0,214.0,"{'bay_window': '', 'flat_roof': '', 'roof': '', 'ac_platform': '', 'plant_room': '', 'garden': '', 'yard': ''}",1.96,1.96,9159.0,9158.878504672897,12041001950133.0,3683660.0,ASP,HSL,赤柱,2000/08,2000.0,26.0,15,5.0,D,blank,LUNG TAK COURT,龍德苑,False
1667,2012-03-29,"LUNG TAK COURT(Block A),CAPE RD|龍德苑A座,環角道",4825.485990797326,559.0,421.0,"{'bay_window': '', 'flat_roof': '', 'roof': '', 'ac_platform': '', 'plant_room': '', 'garden': '', 'yard': ''}",3.08,3.08,7316.0,7315.914489311164,12041100230085.0,3684214.0,ASP,HSL,赤柱,2000/08,2000.0,26.0,24,3.0,A,blank,LUNG TAK COURT,龍德苑,False
1668,2012-03-19,"LUNG TAK COURT(Block A),CAPE RD|龍德苑A座,環角道",4856.820315412893,559.0,421.0,"{'bay_window': '', 'flat_roof': '', 'roof': '', 'ac_platform': '', 'plant_room': '', 'garden': '', 'yard': ''}",3.1,3.1,7363.0,7363.420427553444,12041200310097.0,3685319.0,ASP,HSL,赤柱,2000/08,2000.0,26.0,15,6.0,A,blank,LUNG TAK COURT,龍德苑,False
1670,2012-03-21,"YAU SHING LAU,STANLEY MAIN ST|友誠樓,赤柱大街",4165.815998890651,0.0,285.0,"{'bay_window': '', 'flat_roof': '', 'roof': '', 'ac_platform': '', 'plant_room': '', 'garden': '', 'yard': ''}",1.8,1.8,6316.0,6315.789473684211,12041701300155.0,3689706.0,PRE-ASP,HSL,赤柱,1978/02,1978.0,48.0,C,1.0,blank,blank,blank,,False
1671,2012-04-02,"LUNG TAK COURT(Block A),CAPE RD|龍德苑A座,環角道",4576.636457936718,559.0,421.0,"{'bay_window': '', 'flat_roof': '', 'roof': '', 'ac_platform': '', 'plant_room': '', 'garden': '', 'yard': ''}",3.05,3.05,7245.0,7244.6555819477435,12042702090126.0,3698114.0,ASP,HSL,赤柱,2000/08,2000.0,26.0,7,1.0,A,blank,LUNG TAK COURT,龍德苑,False
1672,2012-04-20,"LUNG TAK COURT(Block C),CAPE RD|龍德苑C座,環角道",5034.627545291134,699.0,527.0,"{'bay_window': '', 'flat_roof': '', 'roof': '', 'ac_platform': '', 'plant_room': '', 'garden': '', 'yard': ''}",4.2,4.2,7970.0,7969.639468690702,12050200950027.0,3700430.0,ASP,HSL,赤柱,2000/08,2000.0,26.0,26,1.0,C,blank,LUNG TAK COURT,龍德苑,False
1673,2012-05-04,"DONMARK MANSION,STANLEY MAIN ST|敦勝樓,赤柱大街",5686.552722750864,0.0,375.0,"{'bay_window': '', 'flat_roof': '', 'roof': '', 'ac_platform': '', 'plant_room': '', 'garden': '', 'yard': ''}",3.4,3.4,9067.0,9066.666666666666,12050901280010.0,3706628.0,ASP,HSL,赤柱,1987/12,1987.0,39.0,A,2.0,blank,blank,blank,,False
1674,2012-04-16,"STANFORD VILLA(Block 2),STANLEY VILLAGE RD|旭日居2座,赤柱村道",11506.754959794724,758.0,622.0,"{'bay_window': '', 'flat_roof': '', 'roof': '434', 'ac_platform': '', 'plant_room': '', 'garden': '', 'yard': ''}",13.5,11.3296,21704.0,18214.790996784566,12051401710045.0,3710632.0,PRO-ASP,HSL,赤柱,1995/05,1995.0,31.0,A,2.0,2,blank,STANFORD VILLA,旭日居,True
1676,2012-05-14,"GREENVILLE,WONG MA KOK RD|綠怡居,黃麻角道",8258.84327016045,657.0,524.0,"{'bay_window': '', 'flat_roof': '', 'roof': '', 'ac_platform': '', 'plant_room': '', 'garden': '', 'yard': ''}",6.9,6.9,13168.0,13167.93893129771,12052102190259.0,3716836.0,ASP,HSL,赤柱,1995/10,1995.0,31.0,A,3.0,blank,blank,blank,,False
1677,2012-05-15,"LUNG CHUN HSE(Block A,LUNG YAN COURT),CAPE RD|龍欣苑,A座(龍駿閣),環角道",4841.697927081033,785.0,535.0,"{'bay_window': '', 'flat_roof': '', 'roof': '', 'ac_platform': '', 'plant_room': '', 'garden': '', 'yard': ''}",4.13,4.13,7720.0,7719.626168224299,12052102250071.0,3716155.0,ASP,HSL,赤柱,1993/12,1993.0,33.0,9,10.0,A,blank,LUNG YAN COURT,龍欣苑,False
1679,2012-05-15,"YAU WING LAU,STANLEY MAIN ST|友榮樓,赤柱大街",5876.850746937408,0.0,254.0,"{'bay_window': '', 'flat_roof': '', 'roof': '', 'ac_platform': '', 'plant_room': '', 'garden': '', 'yard': ''}",2.38,2.38,9370.0,9370.07874015748,12060401870025.0,3728362.0,ASP,HSL,赤柱,1978/09,1978.0,48.0,A,4.0,blank,blank,blank,,False
1684,2012-05-14,"LUNG TAK COURT(Block A),CAPE RD|龍德苑A座,環角道",5127.2457310645095,698.0,526.0,"{'bay_window': '', 'flat_roof': '', 'roof': '', 'ac_platform': '', 'plant_room': '', 'garden': '', 'yard': ''}",4.3,4.3,8175.0,8174.90494296578,12061202620041.0,3734648.0,ASP,HSL,赤柱,2000/08,2000.0,26.0,21,8.0,A,blank,LUNG TAK COURT,龍德苑,False
1685,2012-05-26,"LUNG TAK COURT(Block B),CAPE RD|龍德苑B座,環角道",5861.61976644193,283.0,214.0,"{'bay_window': '', 'flat_roof': '', 'roof': '', 'ac_platform': '', 'plant_room': '', 'garden': '', 'yard': ''}",2.0,2.0,9346.0,9345.794392523365,12061500480031.0,3737488.0,ASP,HSL,赤柱,2000/08,2000.0,26.0,21,8.0,B,blank,LUNG TAK COURT,龍德苑,False
1686,2012-06-12,"LUNG TAK COURT(Block D),CAPE RD|龍德苑D座,環角道",5168.054820424145,559.0,421.0,"{'bay_window': '', 'flat_roof': '', 'roof': '', 'ac_platform': '', 'plant_room': '', 'garden': '', 'yard': ''}",3.48,3.48,8266.0,8266.03325415677,12062002360020.0,3740758.0,ASP,HSL,赤柱,2000/08,2000.0,26.0,18,3.0,D,blank,LUNG TAK COURT,龍德苑,False
1690,2012-07-04,"LUNG TAK COURT(Block B),CAPE RD|龍德苑B座,環角道",4696.051544866193,698.0,526.0,"{'bay_window': '', 'flat_roof': '', 'roof': '', 'ac_platform': '', 'plant_room': '', 'garden': '', 'yard': ''}",4.0,4.0,7605.0,7604.5627376425855,12071302080021.0,3757415.0,ASP,HSL,赤柱,2000/08,2000.0,26.0,23,1.0,B,blank,LUNG TAK COURT,龍德苑,False
1692,2012-07-19,"LUNG TAK COURT(Block D),CAPE RD|龍德苑D座,環角道",5771.315683643967,283.0,214.0,"{'bay_window': '', 'flat_roof': '', 'roof': '', 'ac_platform': '', 'plant_room': '', 'garden': '', 'yard': ''}",2.0,2.0,9346.0,9345.794392523365,12072502220129.0,3764785.0,ASP,HSL,赤柱,2000/08,2000.0,26.0,20,5.0,D,blank,LUNG TAK COURT,龍德苑,False
1693,2012-07-20,"LUNG TAK COURT(Block A),CAPE RD|龍德苑A座,環角道",4869.8389155764435,559.0,421.0,"{'bay_window': '', 'flat_roof': '', 'roof': '', 'ac_platform': '', 'plant_room': '', 'garden': '', 'yard': ''}",3.32,3.32,7886.0,7885.985748218527,12073002390071.0,3768428.0,ASP,HSL,赤柱,2000/08,2000.0,26.0,7,7.0,A,blank,LUNG TAK COURT,龍德苑,False
1698,2012-08-12,"LUNG TAK COURT(Block C),CAPE RD|龍德苑C座,環角道",6233.270151180846,283.0,214.0,"{'bay_window': '', 'flat_roof': '', 'roof': '', 'ac_platform': '', 'plant_room': '', 'garden': '', 'yard': ''}",2.17,2.17,10140.0,10140.18691588785,12083101350015.0,3791693.0,PRO-ASP,HSL,赤柱,2000/08,2000.0,26.0,1,4.0,C,blank,LUNG TAK COURT,龍德苑,False
1700,2012-08-20,"LUNG TAK COURT(Block C),CAPE RD|龍德苑C座,環角道",6577.967118066424,283.0,214.0,"{'bay_window': '', 'flat_roof': '', 'roof': '', 'ac_platform': '', 'plant_room': '', 'garden': '', 'yard': ''}",2.29,2.29,10701.0,10700.934579439252,12091402730266.0,3801890.0,ASP,HSL,赤柱,2000/08,2000.0,26.0,21,5.0,C,blank,LUNG TAK COURT,龍德苑,False
1704,2012-09-24,"LUNG TAK COURT(Block C),CAPE RD|龍德苑C座,環角道",5987.476288497556,283.0,214.0,"{'bay_window': '', 'flat_roof': '', 'roof': '', 'ac_platform': '', 'plant_room': '', 'garden': '', 'yard': ''}",2.15,2.15,10047.0,10046.728971962617,12100902030070.0,3819172.0,ASP,HSL,赤柱,2000/08,2000.0,26.0,1,1.0,C,blank,LUNG TAK COURT,龍德苑,False
1707,2012-10-18,"LUNG CHUN HSE(Block A,LUNG YAN COURT),CAPE RD|龍欣苑,A座(龍駿閣),環角道",4524.580544905582,786.0,536.0,"{'bay_window': '', 'flat_roof': '', 'roof': '', 'ac_platform': '', 'plant_room': '', 'garden': '', 'yard': ''}",4.18,4.18,7799.0,7798.507462686566,12103000240045.0,3838392.0,ASP,HSL,赤柱,1993/12,1993.0,33.0,13,7.0,A,blank,LUNG YAN COURT,龍欣苑,False
1711,2012-10-09,"LUNG TAN HSE(Block B,LUNG YAN COURT),CAPE RD|龍欣苑,B座(龍騰閣),環角道",4891.493237256598,626.0,427.0,"{'bay_window': '', 'flat_roof': '', 'roof': '', 'ac_platform': '', 'plant_room': '', 'garden': '', 'yard': ''}",3.6,3.6,8431.0,8430.913348946136,12110800270132.0,3846919.0,PRO-ASP,HSL,赤柱,1993/12,1993.0,33.0,12,9.0,B,blank,LUNG YAN COURT,龍欣苑,False
1713,2012-10-24,"YAU WING LAU,STANLEY MAIN ST|友榮樓,赤柱大街",6820.139142232057,0.0,245.0,"{'bay_window': '', 'flat_roof': '', 'roof': '', 'ac_platform': '', 'plant_room': '', 'garden': '', 'yard': ''}",2.88,2.88,11755.0,11755.102040816326,12111502130020.0,3853965.0,ASP,HSL,赤柱,1978/09,1978.0,48.0,C,5.0,blank,blank,blank,,False
1714,2012-10-24,"YAU WING LAU,STANLEY MAIN ST|友榮樓,赤柱大街",6686.152001400825,0.0,269.0,"{'bay_window': '', 'flat_roof': '', 'roof': '', 'ac_platform': '', 'plant_room': '', 'garden': '', 'yard': ''}",3.1,3.1,11524.0,11524.163568773234,12111600490339.0,3854290.0,ASP,HSL,赤柱,1978/09,1978.0,48.0,B,4.0,blank,blank,blank,,False
1715,2012-10-31,"LUNG TAK COURT(Block B),CAPE RD|龍德苑B座,環角道",3445.2817569090917,559.0,421.0,"{'bay_window': '', 'flat_roof': '', 'roof': '', 'ac_platform': '', 'plant_room': '', 'garden': '', 'yard': ''}",2.5,2.5,5938.0,5938.242280285036,12112002300080.0,3856965.0,ASP,HSL,赤柱,2000/08,2000.0,26.0,17,1.0,B,blank,LUNG TAK COURT,龍德苑,False
1717,2012-11-23,"LUNG TAK COURT(Block C),CAPE RD|龍德苑C座,環角道",4972.499242985749,699.0,527.0,"{'bay_window': '', 'flat_roof': '', 'roof': '', 'ac_platform': '', 'plant_room': '', 'garden': '', 'yard': ''}",4.6,4.6,8729.0,8728.65275142315,12112902390021.0,3866073.0,ASP,HSL,赤柱,2000/08,2000.0,26.0,6,4.0,C,blank,LUNG TAK COURT,龍德苑,False
1718,2012-11-19,"LUNG TAK COURT(Block C),CAPE RD|龍德苑C座,環角道",4736.019236645263,559.0,421.0,"{'bay_window': '', 'flat_roof': '', 'roof': '', 'ac_platform': '', 'plant_room': '', 'garden': '', 'yard': ''}",3.5,3.5,8314.0,8313.53919239905,12113001020112.0,3867236.0,ASP,HSL,赤柱,2000/08,2000.0,26.0,8,1.0,C,blank,LUNG TAK COURT,龍德苑,False
1727,2012-11-19,74 STANLEY MAIN ST|74 赤柱大街,8852.360845304296,0.0,547.0,"{'bay_window': '', 'flat_roof': '', 'roof': '', 'ac_platform': '', 'plant_room': '', 'garden': '', 'yard': ''}",8.5,8.5,15539.0,15539.305301645338,12121402430080.0,3879293.0,PRO-ASP,HSL,赤柱,1976/08,1976.0,50.0,whole floor,5.0,blank,blank,blank,,False
1728,2012-11-23,"LUNG TAK COURT(Block C),CAPE RD|龍德苑C座,環角道",5054.674316493542,552.0,417.0,"{'bay_window': '', 'flat_roof': '', 'roof': '', 'ac_platform': '', 'plant_room': '', 'garden': '', 'yard': ''}",3.7,3.7,8873.0,8872.901678657074,12122001750044.0,3884174.0,ASP,HSL,赤柱,2000/08,2000.0,26.0,22,5.0,C,blank,LUNG TAK COURT,龍德苑,False
1729,2012-12-06,"LUNG TAK COURT(Block B),CAPE RD|龍德苑B座,環角道",4715.358708317578,559.0,421.0,"{'bay_window': '', 'flat_roof': '', 'roof': '', 'ac_platform': '', 'plant_room': '', 'garden': '', 'yard': ''}",3.43,3.43,8147.0,8147.268408551069,12122400710010.0,3887071.0,ASP,HSL,赤柱,2000/08,2000.0,26.0,7,0.0,B,blank,LUNG TAK COURT,龍德苑,False
1730,2012-11-30,"LUNG TAK COURT(Block D),CAPE RD|龍德苑D座,環角道",6147.576871411066,552.0,417.0,"{'bay_window': '', 'flat_roof': '', 'roof': '', 'ac_platform': '', 'plant_room': '', 'garden': '', 'yard': ''}",4.5,4.5,10791.0,10791.366906474821,12122402530046.0,3887494.0,ASP,HSL,赤柱,2000/08,2000.0,26.0,33,3.0,D,blank,LUNG TAK COURT,龍德苑,False
1734,2013-01-21,"LUNG TAK COURT(Block B),CAPE RD|龍德苑B座,環角道",5949.705800062619,283.0,214.0,"{'bay_window': '', 'flat_roof': '', 'roof': '', 'ac_platform': '', 'plant_room': '', 'garden': '', 'yard': ''}",2.265,2.265,10584.0,10584.11214953271,13013100270389.0,3916004.0,ASP,HSL,赤柱,2000/08,2000.0,26.0,21,7.0,B,blank,LUNG TAK COURT,龍德苑,False
1735,2013-01-18,"LUNG TAN HSE(Block B,LUNG YAN COURT),CAPE RD|龍欣苑,B座(龍騰閣),環角道",4799.67252261573,632.0,431.0,"{'bay_window': '', 'flat_roof': '', 'roof': '', 'ac_platform': '', 'plant_room': '', 'garden': '', 'yard': ''}",3.68,3.68,8538.0,8538.283062645012,13020101540041.0,3917075.0,ASP,HSL,赤柱,1993/12,1993.0,33.0,6,6.0,B,blank,LUNG YAN COURT,龍欣苑,False
1736,2013-02-04,"LUNG TAK COURT(Block B),CAPE RD|龍德苑B座,環角道",5967.232551430178,283.0,214.0,"{'bay_window': '', 'flat_roof': '', 'roof': '', 'ac_platform': '', 'plant_room': '', 'garden': '', 'yard': ''}",2.32,2.32,10841.0,10841.121495327103,13021800860126.0,3927087.0,ASP,HSL,赤柱,2000/08,2000.0,26.0,11,2.0,B,blank,LUNG TAK COURT,龍德苑,False
1738,2013-03-05,"LUNG TAK COURT(Block D),CAPE RD|龍德苑D座,環角道",5230.800701886359,699.0,527.0,"{'bay_window': '', 'flat_roof': '', 'roof': '', 'ac_platform': '', 'plant_room': '', 'garden': '', 'yard': ''}",5.1,5.1,9677.0,9677.41935483871,13031802710170.0,3948863.0,ASP,HSL,赤柱,2000/08,2000.0,26.0,6,1.0,D,blank,LUNG TAK COURT,龍德苑,False
1740,2013-03-01,"LUNG TAK COURT(Block A),CAPE RD|龍德苑A座,環角道",5055.18628983262,552.0,417.0,"{'bay_window': '', 'flat_roof': '', 'roof': '', 'ac_platform': '', 'plant_room': '', 'garden': '', 'yard': ''}",3.9,3.9,9353.0,9352.51798561151,13032102450010.0,3952184.0,ASP,HSL,赤柱,2000/08,2000.0,26.0,2,0.0,A,blank,LUNG TAK COURT,龍德苑,False
1743,2013-03-28,"LUNG TAK COURT(Block B),CAPE RD|龍德苑B座,環角道",3227.5420158162115,552.0,417.0,"{'bay_window': '', 'flat_roof': '', 'roof': '', 'ac_platform': '', 'plant_room': '', 'garden': '', 'yard': ''}",2.49,2.49,5971.0,5971.223021582734,13042401620029.0,3969151.0,ASP,HSL,赤柱,2000/08,2000.0,26.0,19,5.0,B,blank,LUNG TAK COURT,龍德苑,False
1751,2013-05-27,"LUNG TAK COURT(Block B),CAPE RD|龍德苑B座,環角道",5863.388439020889,283.0,214.0,"{'bay_window': '', 'flat_roof': '', 'roof': '', 'ac_platform': '', 'plant_room': '', 'garden': '', 'yard': ''}",2.28,2.28,10654.0,10654.205607476635,13060500470011.0,3987830.0,ASP,HSL,赤柱,2000/08,2000.0,26.0,34,1.0,B,blank,LUNG TAK COURT,龍德苑,False
1752,2013-05-16,"LUNG TAK COURT(Block B),CAPE RD|龍德苑B座,環角道",5991.971518823979,283.0,214.0,"{'bay_window': '', 'flat_roof': '', 'roof': '', 'ac_platform': '', 'plant_room': '', 'garden': '', 'yard': ''}",2.33,2.33,10888.0,10887.85046728972,13060701460016.0,3989038.0,ASP,HSL,赤柱,2000/08,2000.0,26.0,34,3.0,B,blank,LUNG TAK COURT,龍德苑,False
1753,2013-05-27,"LUNG TAK COURT(Block D),CAPE RD|龍德苑D座,環角道",5991.971518823979,283.0,214.0,"{'bay_window': '', 'flat_roof': '', 'roof': '', 'ac_platform': '', 'plant_room': '', 'garden': '', 'yard': ''}",2.33,2.33,10888.0,10887.85046728972,13061402210021.0,3991952.0,ASP,HSL,赤柱,2000/08,2000.0,26.0,14,3.0,D,blank,LUNG TAK COURT,龍德苑,False
1754,2013-05-23,"LUNG TAK COURT(Block D),CAPE RD|龍德苑D座,環角道",5228.841629997375,559.0,421.0,"{'bay_window': '', 'flat_roof': '', 'roof': '', 'ac_platform': '', 'plant_room': '', 'garden': '', 'yard': ''}",4.0,4.0,9501.0,9501.187648456056,13062100370086.0,3995260.0,PRO-ASP,HSL,赤柱,2000/08,2000.0,26.0,8,3.0,D,blank,LUNG TAK COURT,龍德苑,False
1757,2013-06-18,"YAU WING LAU,STANLEY MAIN ST|友榮樓,赤柱大街",7154.549923274752,0.0,254.0,"{'bay_window': '', 'flat_roof': '', 'roof': '', 'ac_platform': '', 'plant_room': '', 'garden': '', 'yard': ''}",3.3,3.3,12992.0,12992.125984251968,13070201870051.0,4000295.0,ASP,HSL,赤柱,1978/09,1978.0,48.0,A,5.0,blank,blank,blank,,False
1763,2013-08-05,"LUNG TAK COURT(Block B),CAPE RD|龍德苑B座,環角道",6376.158244405547,283.0,214.0,"{'bay_window': '', 'flat_roof': '', 'roof': '', 'ac_platform': '', 'plant_room': '', 'garden': '', 'yard': ''}",2.48,2.48,11589.0,11588.785046728972,13080901700124.0,4017754.0,ASP,HSL,赤柱,2000/08,2000.0,26.0,10,6.0,B,blank,LUNG TAK COURT,龍德苑,False
1765,2013-09-06,"LUNG TAK COURT(Block A),CAPE RD|龍德苑A座,環角道",5258.253077308401,559.0,421.0,"{'bay_window': '', 'flat_roof': '', 'roof': '', 'ac_platform': '', 'plant_room': '', 'garden': '', 'yard': ''}",4.0,4.0,9501.0,9501.187648456056,13092401160012.0,4036637.0,ASP,HSL,赤柱,2000/08,2000.0,26.0,7,5.0,A,blank,LUNG TAK COURT,龍德苑,False
1766,2013-11-19,"LUNG TAK COURT(Block C),CAPE RD|龍德苑C座,環角道",5357.938799323042,559.0,421.0,"{'bay_window': '', 'flat_roof': '', 'roof': '', 'ac_platform': '', 'plant_room': '', 'garden': '', 'yard': ''}",4.1,4.1,9739.0,9738.717339667457,13112700810022.0,4064163.0,ASP,HSL,赤柱,2000/08,2000.0,26.0,27,5.0,C,blank,LUNG TAK COURT,龍德苑,False
1772,2013-12-20,"LUNG TAK COURT(Block D),CAPE RD|龍德苑D座,環角道",5375.385296812086,552.0,417.0,"{'bay_window': '', 'flat_roof': '', 'roof': '', 'ac_platform': '', 'plant_room': '', 'garden': '', 'yard': ''}",4.15,4.15,9952.0,9952.038369304557,14010600620320.0,4080510.0,ASP,HSL,赤柱,2000/08,2000.0,26.0,13,4.0,D,blank,LUNG TAK COURT,龍德苑,False
1774,2014-01-17,"LUNG TAK COURT(Block B),CAPE RD|龍德苑B座,環角道",6164.059628343526,283.0,214.0,"{'bay_window': '', 'flat_roof': '', 'roof': '', 'ac_platform': '', 'plant_room': '', 'garden': '', 'yard': ''}",2.38,2.38,11121.0,11121.495327102804,14012400640133.0,4089493.0,ASP,HSL,赤柱,2000/08,2000.0,26.0,34,2.0,B,blank,LUNG TAK COURT,龍德苑,False
1775,2014-01-09,"LUNG TAN HSE(Block B,LUNG YAN COURT),CAPE RD|龍欣苑,B座(龍騰閣),環角道",5143.827177232991,632.0,431.0,"{'bay_window': '', 'flat_roof': '', 'roof': '', 'ac_platform': '', 'plant_room': '', 'garden': '', 'yard': ''}",4.0,4.0,9281.0,9280.742459396752,14020500940012.0,4092971.0,MEM-ASP,HSL,赤柱,1993/12,1993.0,33.0,2,2.0,B,blank,LUNG YAN COURT,龍欣苑,False
1778,2014-02-10,"LUNG TAK COURT(Block B),CAPE RD|龍德苑B座,環角道",5438.33710030845,552.0,417.0,"{'bay_window': '', 'flat_roof': '', 'roof': '', 'ac_platform': '', 'plant_room': '', 'garden': '', 'yard': ''}",4.06,4.06,9736.0,9736.211031175058,14021900780020.0,4098881.0,ASP,HSL,赤柱,2000/08,2000.0,26.0,9,4.0,B,blank,LUNG TAK COURT,龍德苑,False
1780,2014-02-13,"LUNG TAK COURT(Block A),CAPE RD|龍德苑A座,環角道",4189.930652651437,552.0,417.0,"{'bay_window': '', 'flat_roof': '', 'roof': '', 'ac_platform': '', 'plant_room': '', 'garden': '', 'yard': ''}",3.128,3.128,7501.0,7501.199040767386,14030500270019.0,4105762.0,PRO-ASP,HSL,赤柱,2000/08,2000.0,26.0,17,0.0,A,blank,LUNG TAK COURT,龍德苑,False
1781,2014-02-14,"LUNG TAK COURT(Block A),CAPE RD|龍德苑A座,環角道",5670.47333355135,699.0,527.0,"{'bay_window': '', 'flat_roof': '', 'roof': '', 'ac_platform': '', 'plant_room': '', 'garden': '', 'yard': ''}",5.35,5.35,10152.0,10151.80265654649,14030501250044.0,4105269.0,ASP,HSL,赤柱,2000/08,2000.0,26.0,22,6.0,A,blank,LUNG TAK COURT,龍德苑,False
1789,2014-05-05,"LUNG TAK COURT(Block B),CAPE RD|龍德苑B座,環角道",4974.764419414225,559.0,421.0,"{'bay_window': '', 'flat_roof': '', 'roof': '', 'ac_platform': '', 'plant_room': '', 'garden': '', 'yard': ''}",3.8,3.8,9026.0,9026.128266033254,14051601120067.0,4135808.0,PRO-ASP,HSL,赤柱,2000/08,2000.0,26.0,28,3.0,B,blank,LUNG TAK COURT,龍德苑,False
1792,2014-04-29,"LUNG TAK COURT(Block C),CAPE RD|龍德苑C座,環角道",5467.784613184246,559.0,421.0,"{'bay_window': '', 'flat_roof': '', 'roof': '', 'ac_platform': '', 'plant_room': '', 'garden': '', 'yard': ''}",4.1,4.1,9739.0,9738.717339667457,14051602460024.0,4135810.0,ASP,HSL,赤柱,2000/08,2000.0,26.0,18,6.0,C,blank,LUNG TAK COURT,龍德苑,False
1796,2014-06-10,"LUNG CHUN HSE(Block A,LUNG YAN COURT),CAPE RD|龍欣苑,A座(龍駿閣),環角道",4932.409793102386,626.0,427.0,"{'bay_window': '', 'flat_roof': '', 'roof': '', 'ac_platform': '', 'plant_room': '', 'garden': '', 'yard': ''}",3.849,3.849,9014.0,9014.051522248243,14061600020040.0,4151011.0,ASP,HSL,赤柱,1993/12,1993.0,33.0,12,8.0,A,blank,LUNG YAN COURT,龍欣苑,False
1797,2014-06-10,"LUNG TAK COURT(Block A),CAPE RD|龍德苑A座,環角道",4868.545399745372,698.0,526.0,"{'bay_window': '', 'flat_roof': '', 'roof': '', 'ac_platform': '', 'plant_room': '', 'garden': '', 'yard': ''}",4.68,4.68,8897.0,8897.338403041826,14061700250152.0,4151877.0,ASP,HSL,赤柱,2000/08,2000.0,26.0,4,0.0,A,blank,LUNG TAK COURT,龍德苑,False
1798,2014-06-17,"LUNG CHUN HSE(Block A,LUNG YAN COURT),CAPE RD|龍欣苑,A座(龍駿閣),環角道",5038.2889113443,776.0,530.0,"{'bay_window': '', 'flat_roof': '', 'roof': '', 'ac_platform': '', 'plant_room': '', 'garden': '', 'yard': ''}",4.88,4.88,9208.0,9207.547169811322,14070200290023.0,4159943.0,ASP,HSL,赤柱,1993/12,1993.0,33.0,14,6.0,A,blank,LUNG YAN COURT,龍欣苑,False
1799,2014-06-27,"LUNG TAK COURT(Block A),CAPE RD|龍德苑A座,環角道",3405.6682752204447,699.0,527.0,"{'bay_window': '', 'flat_roof': '', 'roof': '', 'ac_platform': '', 'plant_room': '', 'garden': '', 'yard': ''}",3.28,3.28,6224.0,6223.908918406072,14070800370288.0,4163102.0,ASP,HSL,赤柱,2000/08,2000.0,26.0,22,4.0,A,blank,LUNG TAK COURT,龍德苑,False
1801,2014-06-23,"LUNG TAK COURT(Block D),CAPE RD|龍德苑D座,環角道",6043.798441458679,559.0,421.0,"{'bay_window': '', 'flat_roof': '', 'roof': '', 'ac_platform': '', 'plant_room': '', 'garden': '', 'yard': ''}",4.65,4.65,11045.0,11045.130641330166,14072200620012.0,4171881.0,MEM-ASP,HSL,赤柱,2000/08,2000.0,26.0,18,3.0,D,blank,LUNG TAK COURT,龍德苑,False
1805,2014-09-10,"LUNG TAK COURT(Block B),CAPE RD|龍德苑B座,環角道",5016.37880764983,559.0,421.0,"{'bay_window': '', 'flat_roof': '', 'roof': '', 'ac_platform': '', 'plant_room': '', 'garden': '', 'yard': ''}",4.1,4.1,9739.0,9738.717339667457,14091702940045.0,4204053.0,ASP,HSL,赤柱,2000/08,2000.0,26.0,8,3.0,B,blank,LUNG TAK COURT,龍德苑,False
1806,2014-09-02,"LUNG TAK COURT(Block A),CAPE RD|龍德苑A座,環角道",3378.484373166557,698.0,526.0,"{'bay_window': '', 'flat_roof': '', 'roof': '', 'ac_platform': '', 'plant_room': '', 'garden': '', 'yard': ''}",3.45,3.45,6559.0,6558.93536121673,14091900230241.0,4206268.0,ASP,HSL,赤柱,2000/08,2000.0,26.0,27,8.0,A,blank,LUNG TAK COURT,龍德苑,False
1807,2014-09-22,"LUNG TAK COURT(Block A),CAPE RD|龍德苑A座,環角道",3196.1393127816414,699.0,527.0,"{'bay_window': '', 'flat_roof': '', 'roof': '', 'ac_platform': '', 'plant_room': '', 'garden': '', 'yard': ''}",3.27,3.27,6205.0,6204.933586337761,14092500680158.0,4210182.0,ASP,HSL,赤柱,2000/08,2000.0,26.0,13,7.0,A,blank,LUNG TAK COURT,龍德苑,False
1808,2014-08-29,"LUNG TAK COURT(Block A),CAPE RD|龍德苑A座,環角道",4914.535363792335,559.0,421.0,"{'bay_window': '', 'flat_roof': '', 'roof': '', 'ac_platform': '', 'plant_room': '', 'garden': '', 'yard': ''}",3.95,3.95,9382.0,9382.422802850357,14092600490076.0,4211257.0,ASP,HSL,赤柱,2000/08,2000.0,26.0,16,1.0,A,blank,LUNG TAK COURT,龍德苑,False
1809,2014-09-22,"LUNG TAK COURT(Block B),CAPE RD|龍德苑B座,環角道",5326.89885463607,699.0,527.0,"{'bay_window': '', 'flat_roof': '', 'roof': '', 'ac_platform': '', 'plant_room': '', 'garden': '', 'yard': ''}",5.45,5.45,10342.0,10341.555977229602,14100801110014.0,4217345.0,ASP,HSL,赤柱,2000/08,2000.0,26.0,6,6.0,B,blank,LUNG TAK COURT,龍德苑,False
1813,2014-10-28,"YAU WING LAU,STANLEY MAIN ST|友榮樓,赤柱大街",6646.714774615053,0.0,245.0,"{'bay_window': '', 'flat_roof': '', 'roof': '', 'ac_platform': '', 'plant_room': '', 'garden': '', 'yard': ''}",3.2,3.2,13061.0,13061.224489795919,14110402230068.0,4235101.0,ASP,HSL,赤柱,1978/09,1978.0,48.0,C,5.0,blank,blank,blank,,False
1814,2014-10-20,"LUNG TAK COURT(Block D),CAPE RD|龍德苑D座,環角道",4955.927101470324,559.0,421.0,"{'bay_window': '', 'flat_roof': '', 'roof': '', 'ac_platform': '', 'plant_room': '', 'garden': '', 'yard': ''}",4.1,4.1,9739.0,9738.717339667457,14110701920181.0,4237465.0,ASP,HSL,赤柱,2000/08,2000.0,26.0,27,6.0,D,blank,LUNG TAK COURT,龍德苑,False
1818,2014-11-03,"LUNG TAK COURT(Block B),CAPE RD|龍德苑B座,環角道",5887.74467421482,283.0,214.0,"{'bay_window': '', 'flat_roof': '', 'roof': '', 'ac_platform': '', 'plant_room': '', 'garden': '', 'yard': ''}",2.48,2.48,11589.0,11588.785046728972,14112000580030.0,4244882.0,ASP,HSL,赤柱,2000/08,2000.0,26.0,34,5.0,B,blank,LUNG TAK COURT,龍德苑,False
1820,2014-11-18,"LUNG TAK COURT(Block D),CAPE RD|龍德苑D座,環角道",5336.409103074027,552.0,417.0,"{'bay_window': '', 'flat_roof': '', 'roof': '', 'ac_platform': '', 'plant_room': '', 'garden': '', 'yard': ''}",4.38,4.38,10504.0,10503.597122302159,14112700910043.0,4249246.0,ASP,HSL,赤柱,2000/08,2000.0,26.0,16,2.0,D,blank,LUNG TAK COURT,龍德苑,False
1821,2014-11-18,10B STANLEY BEACH RD|10B 赤柱灘道,13672.018039196226,0.0,2832.0,"{'bay_window': '', 'flat_roof': '', 'roof': '', 'ac_platform': '', 'plant_room': '', 'garden': '', 'yard': ''}",79.0,76.2105,27895.0,26910.487288135595,14120802140267.0,4255749.0,PRO-ASP,HSL,赤柱,1962/06,1962.0,64.0,whole floor,1.0,blank,blank,blank,,True
1822,2014-11-24,"LUNG TAK COURT(Block B),CAPE RD|龍德苑B座,環角道",6006.449203936894,283.0,214.0,"{'bay_window': '', 'flat_roof': '', 'roof': '', 'ac_platform': '', 'plant_room': '', 'garden': '', 'yard': ''}",2.53,2.53,11822.0,11822.429906542056,14121100620065.0,4257856.0,ASP,HSL,赤柱,2000/08,2000.0,26.0,10,7.0,B,blank,LUNG TAK COURT,龍德苑,False
1825,2014-12-29,"LUNG TAK COURT(Block B),CAPE RD|龍德苑B座,環角道",5012.047328330592,283.0,214.0,"{'bay_window': '', 'flat_roof': '', 'roof': '', 'ac_platform': '', 'plant_room': '', 'garden': '', 'yard': ''}",2.15,2.15,10047.0,10046.728971962617,15011300830560.0,4276551.0,ASP,HSL,赤柱,2000/08,2000.0,26.0,20,0.0,B,blank,LUNG TAK COURT,龍德苑,False
1826,2015-01-16,"LUNG TAK COURT(Block C),CAPE RD|龍德苑C座,環角道",5136.617523435979,552.0,417.0,"{'bay_window': '', 'flat_roof': '', 'roof': '', 'ac_platform': '', 'plant_room': '', 'garden': '', 'yard': ''}",4.3,4.3,10312.0,10311.750599520383,15012601630074.0,4284297.0,ASP,HSL,赤柱,2000/08,2000.0,26.0,29,1.0,C,blank,LUNG TAK COURT,龍德苑,False
1827,2015-01-26,"STANFORD VILLA(Block 2),STANLEY VILLAGE RD|旭日居2座,赤柱村道",8675.52774024117,1052.0,863.0,"{'bay_window': '', 'flat_roof': '', 'roof': '', 'ac_platform': '', 'plant_room': '', 'garden': '', 'yard': ''}",17.0,15.0301,19699.0,17416.106604866745,15020301550126.0,4289635.0,ASP,HSL,赤柱,1995/05,1995.0,31.0,D,1.0,2,blank,STANFORD VILLA,旭日居,True
1828,2015-02-02,"LUNG TAK COURT(Block A),CAPE RD|龍德苑A座,環角道",3508.076569831341,699.0,527.0,"{'bay_window': '', 'flat_roof': '', 'roof': '', 'ac_platform': '', 'plant_room': '', 'garden': '', 'yard': ''}",3.78,3.78,7173.0,7172.675521821632,15021000460523.0,4294246.0,ASP,HSL,赤柱,2000/08,2000.0,26.0,23,7.0,A,blank,LUNG TAK COURT,龍德苑,False
1829,2015-01-29,"LUNG TAK COURT(Block C),CAPE RD|龍德苑C座,環角道",4732.849819969736,559.0,421.0,"{'bay_window': '', 'flat_roof': '', 'roof': '', 'ac_platform': '', 'plant_room': '', 'garden': '', 'yard': ''}",4.0,4.0,9501.0,9501.187648456056,15021800490494.0,4301592.0,ASP,HSL,赤柱,2000/08,2000.0,26.0,27,1.0,C,blank,LUNG TAK COURT,龍德苑,False
1830,2015-02-17,"LUNG TAK COURT(Block A),CAPE RD|龍德苑A座,環角道",3573.040950754144,699.0,527.0,"{'bay_window': '', 'flat_roof': '', 'roof': '', 'ac_platform': '', 'plant_room': '', 'garden': '', 'yard': ''}",3.85,3.85,7306.0,7305.502846299811,15022601920131.0,4305418.0,ASP,HSL,赤柱,2000/08,2000.0,26.0,6,7.0,A,blank,LUNG TAK COURT,龍德苑,False
1832,2015-02-09,"LUNG TAN HSE(Block B,LUNG YAN COURT),CAPE RD|龍欣苑,B座(龍騰閣),環角道",4539.108882508051,632.0,431.0,"{'bay_window': '', 'flat_roof': '', 'roof': '', 'ac_platform': '', 'plant_room': '', 'garden': '', 'yard': ''}",4.0,4.0,9281.0,9280.742459396752,15030302430019.0,4309057.0,ASP,HSL,赤柱,1993/12,1993.0,33.0,2,7.0,B,blank,LUNG YAN COURT,龍欣苑,False
1833,2015-03-10,"LUNG TAK COURT(Block B),CAPE RD|龍德苑B座,環角道",4715.313612146745,699.0,527.0,"{'bay_window': '', 'flat_roof': '', 'roof': '', 'ac_platform': '', 'plant_room': '', 'garden': '', 'yard': ''}",5.13,5.13,9734.0,9734.345351043643,15031802030185.0,4317157.0,ASP,HSL,赤柱,2000/08,2000.0,26.0,26,2.0,B,blank,LUNG TAK COURT,龍德苑,False
1835,2015-03-15,"LUNG TAK COURT(Block A),CAPE RD|龍德苑A座,環角道",5414.962017497849,698.0,526.0,"{'bay_window': '', 'flat_roof': '', 'roof': '', 'ac_platform': '', 'plant_room': '', 'garden': '', 'yard': ''}",5.88,5.88,11179.0,11178.707224334601,15040802070097.0,4326472.0,PRO-ASP,HSL,赤柱,2000/08,2000.0,26.0,20,7.0,A,blank,LUNG TAK COURT,龍德苑,False
1837,2015-03-31,"LUNG TAK COURT(Block B),CAPE RD|龍德苑B座,環角道",6179.491033987032,283.0,214.0,"{'bay_window': '', 'flat_roof': '', 'roof': '', 'ac_platform': '', 'plant_room': '', 'garden': '', 'yard': ''}",2.73,2.73,12757.0,12757.009345794393,15041600410101.0,4331328.0,ASP,HSL,赤柱,2000/08,2000.0,26.0,20,2.0,B,blank,LUNG TAK COURT,龍德苑,False
1839,2015-04-24,"LUNG TAN HSE(Block B,LUNG YAN COURT),CAPE RD|龍欣苑,B座(龍騰閣),環角道",3659.467192184805,632.0,431.0,"{'bay_window': '', 'flat_roof': '', 'roof': '', 'ac_platform': '', 'plant_room': '', 'garden': '', 'yard': ''}",3.25,3.25,7541.0,7540.603248259861,15050700720017.0,4344363.0,ASP,HSL,赤柱,1993/12,1993.0,33.0,3,8.0,B,blank,LUNG YAN COURT,龍欣苑,False
1841,2015-04-21,"LUNG TAK COURT(Block B),CAPE RD|龍德苑B座,環角道",6122.964732631857,283.0,214.0,"{'bay_window': '', 'flat_roof': '', 'roof': '', 'ac_platform': '', 'plant_room': '', 'garden': '', 'yard': ''}",2.7,2.7,12617.0,12616.822429906542,15051200860083.0,4346978.0,ASP,HSL,赤柱,2000/08,2000.0,26.0,21,3.0,B,blank,LUNG TAK COURT,龍德苑,False
1845,2015-06-08,"LUNG TAK COURT(Block C),CAPE RD|龍德苑C座,環角道",5857.248444149389,283.0,214.0,"{'bay_window': '', 'flat_roof': '', 'roof': '', 'ac_platform': '', 'plant_room': '', 'garden': '', 'yard': ''}",2.59,2.59,12103.0,12102.803738317756,15061700420017.0,4368118.0,ASP,HSL,赤柱,2000/08,2000.0,26.0,20,2.0,C,blank,LUNG TAK COURT,龍德苑,False
1847,2015-06-12,"LUNG TAK COURT(Block A),CAPE RD|龍德苑A座,環角道",4416.346581492324,698.0,526.0,"{'bay_window': '', 'flat_roof': '', 'roof': '', 'ac_platform': '', 'plant_room': '', 'garden': '', 'yard': ''}",4.8,4.8,9125.0,9125.475285171102,15062602490013.0,4374697.0,MEM-ASP,HSL,赤柱,2000/08,2000.0,26.0,4,5.0,A,blank,LUNG TAK COURT,龍德苑,False
1848,2015-06-17,"PINE VILLA,STANLEY VILLAGE RD|翠屋,赤柱村道",12938.39808303053,0.0,1783.0,"{'bay_window': '', 'flat_roof': '', 'roof': '', 'ac_platform': '', 'plant_room': '', 'garden': '', 'yard': ''}",50.5,47.6677,28323.0,26734.548513740887,15062901300036.0,4375624.0,ASP,HSL,赤柱,1963/10,1963.0,63.0,D,0.0,blank,blank,blank,,True
1849,2015-06-23,"LUNG TAK COURT(Block C),CAPE RD|龍德苑C座,環角道",6332.160480161502,283.0,214.0,"{'bay_window': '', 'flat_roof': '', 'roof': '', 'ac_platform': '', 'plant_room': '', 'garden': '', 'yard': ''}",2.8,2.8,13084.0,13084.11214953271,15070700420098.0,4379099.0,ASP,HSL,赤柱,2000/08,2000.0,26.0,21,3.0,C,blank,LUNG TAK COURT,龍德苑,False
1850,2015-06-22,"HORIZON COURT,STANLEY MAIN ST|海山閣,赤柱大街",6848.4619748377445,0.0,530.0,"{'bay_window': '', 'flat_roof': '', 'roof': '463', 'ac_platform': '', 'plant_room': '', 'garden': '', 'yard': ''}",7.5,7.5,14151.0,14150.943396226416,15070900600135.0,4380883.0,ASP,HSL,赤柱,1987/01,1987.0,39.0,whole floor,5.0,blank,blank,blank,,False
1851,2015-06-19,"CHIK TAK MANSION,STANLEY NEW ST|積德樓,赤柱新街",6049.474744440007,508.0,416.0,"{'bay_window': '', 'flat_roof': '', 'roof': '', 'ac_platform': '', 'plant_room': '', 'garden': '', 'yard': ''}",5.2,5.2,12500.0,12500.0,15071300600031.0,4382316.0,PRO-ASP,HSL,赤柱,1986/10,1986.0,40.0,B,4.0,blank,blank,blank,,False
1852,2015-07-27,"LUNG TAK COURT(Block A),CAPE RD|龍德苑A座,環角道",4870.87362136206,552.0,417.0,"{'bay_window': '', 'flat_roof': '', 'roof': '', 'ac_platform': '', 'plant_room': '', 'garden': '', 'yard': ''}",4.298,4.298,10307.0,10306.95443645084,15080300150014.0,4394130.0,ASP,HSL,赤柱,2000/08,2000.0,26.0,17,0.0,A,blank,LUNG TAK COURT,龍德苑,False
1853,2015-07-24,"LUNG TAK COURT(Block D),CAPE RD|龍德苑D座,環角道",6315.805763068259,283.0,214.0,"{'bay_window': '', 'flat_roof': '', 'roof': '', 'ac_platform': '', 'plant_room': '', 'garden': '', 'yard': ''}",2.86,2.86,13364.0,13364.485981308411,15080300600081.0,4393709.0,ASP,HSL,赤柱,2000/08,2000.0,26.0,21,6.0,D,blank,LUNG TAK COURT,龍德苑,False
1855,2015-07-20,"LUNG TAK COURT(Block C),CAPE RD|龍德苑C座,環角道",4714.587495511645,559.0,421.0,"{'bay_window': '', 'flat_roof': '', 'roof': '', 'ac_platform': '', 'plant_room': '', 'garden': '', 'yard': ''}",4.2,4.2,9976.0,9976.24703087886,15080600160089.0,4395744.0,ASP,HSL,赤柱,2000/08,2000.0,26.0,13,2.0,C,blank,LUNG TAK COURT,龍德苑,False
1861,2015-09-02,"LUNG TAK COURT(Block B),CAPE RD|龍德苑B座,環角道",4930.252325137152,699.0,527.0,"{'bay_window': '', 'flat_roof': '', 'roof': '', 'ac_platform': '', 'plant_room': '', 'garden': '', 'yard': ''}",5.45,5.45,10342.0,10341.555977229602,15092102160027.0,4418079.0,ASP,HSL,赤柱,2000/08,2000.0,26.0,5,1.0,B,blank,LUNG TAK COURT,龍德苑,False
1862,2015-09-18,"LUNG TAK COURT(Block A),CAPE RD|龍德苑A座,環角道",3471.3330992360825,698.0,526.0,"{'bay_window': '', 'flat_roof': '', 'roof': '', 'ac_platform': '', 'plant_room': '', 'garden': '', 'yard': ''}",3.83,3.83,7281.0,7281.3688212927755,15092900380022.0,4421814.0,ASP,HSL,赤柱,2000/08,2000.0,26.0,21,5.0,A,blank,LUNG TAK COURT,龍德苑,False
1864,2015-11-16,"LUNG TAK COURT(Block A),CAPE RD|龍德苑A座,環角道",5171.13919259614,552.0,417.0,"{'bay_window': '', 'flat_roof': '', 'roof': '', 'ac_platform': '', 'plant_room': '', 'garden': '', 'yard': ''}",4.505,4.505,10803.0,10803.357314148681,15112301160014.0,4443699.0,ASP,HSL,赤柱,2000/08,2000.0,26.0,17,7.0,A,blank,LUNG TAK COURT,龍德苑,False
1865,2015-11-23,"LUNG TAK COURT(Block B),CAPE RD|龍德苑B座,環角道",4979.887161380016,559.0,421.0,"{'bay_window': '', 'flat_roof': '', 'roof': '', 'ac_platform': '', 'plant_room': '', 'garden': '', 'yard': ''}",4.38,4.38,10404.0,10403.800475059383,15120300950101.0,4448129.0,ASP,HSL,赤柱,2000/08,2000.0,26.0,7,5.0,B,blank,LUNG TAK COURT,龍德苑,False
1866,2015-12-14,"LUNG TAK COURT(Block C),CAPE RD|龍德苑C座,環角道",4939.109958017871,559.0,421.0,"{'bay_window': '', 'flat_roof': '', 'roof': '', 'ac_platform': '', 'plant_room': '', 'garden': '', 'yard': ''}",4.28,4.28,10166.0,10166.270783847982,15123100280012.0,4459787.0,ASP,HSL,赤柱,2000/08,2000.0,26.0,18,6.0,C,blank,LUNG TAK COURT,龍德苑,False
1867,2015-12-16,"LUNG TAK COURT(Block B),CAPE RD|龍德苑B座,環角道",4846.790145718471,559.0,421.0,"{'bay_window': '', 'flat_roof': '', 'roof': '', 'ac_platform': '', 'plant_room': '', 'garden': '', 'yard': ''}",4.2,4.2,9976.0,9976.24703087886,15123101690166.0,4459788.0,ASP,HSL,赤柱,2000/08,2000.0,26.0,17,1.0,B,blank,LUNG TAK COURT,龍德苑,False
1868,2016-02-19,"SEA AND SKY COURT,STANLEY MAIN ST|海天別墅,赤柱大街",11393.086440565155,0.0,1510.0,"{'bay_window': '', 'flat_roof': '', 'roof': '1264', 'ac_platform': '', 'plant_room': '', 'garden': '', 'yard': ''}",35.5,33.149,23510.0,21952.98013245033,16022901280038.0,4479958.0,ASP,HSL,赤柱,1966/07,1966.0,60.0,B,9.0,blank,blank,blank,,True
1869,2016-03-17,"SEA AND SKY COURT,STANLEY MAIN ST|海天別墅,赤柱大街",8998.896250784239,1750.0,1510.0,"{'bay_window': '', 'flat_roof': '', 'roof': '', 'ac_platform': '', 'plant_room': '', 'garden': '', 'yard': ''}",28.0,26.1457,18543.0,17315.03311258278,16033101170013.0,4490063.0,ASP,HSL,赤柱,1966/07,1966.0,60.0,B,8.0,blank,blank,blank,,True
1870,2016-03-24,"LUNG TAK COURT(Block A),CAPE RD|龍德苑A座,環角道",4629.297487754081,559.0,421.0,"{'bay_window': '', 'flat_roof': '', 'roof': '', 'ac_platform': '', 'plant_room': '', 'garden': '', 'yard': ''}",3.75,3.75,8907.0,8907.363420427553,16040701820064.0,4492040.0,ASP,HSL,赤柱,2000/08,2000.0,26.0,7,1.0,A,blank,LUNG TAK COURT,龍德苑,False
1873,2016-04-21,"LUNG TAK COURT(Block C),CAPE RD|龍德苑C座,環角道",6833.013091068912,283.0,214.0,"{'bay_window': '', 'flat_roof': '', 'roof': '', 'ac_platform': '', 'plant_room': '', 'garden': '', 'yard': ''}",2.83,2.83,13224.0,13224.29906542056,16050901360010.0,4503699.0,ASP,HSL,赤柱,2000/08,2000.0,26.0,1,4.0,C,blank,LUNG TAK COURT,龍德苑,False
1874,2016-05-19,"YAU SHING LAU,STANLEY MAIN ST|友誠樓,赤柱大街",6578.096711845015,0.0,258.0,"{'bay_window': '', 'flat_roof': '', 'roof': '', 'ac_platform': '', 'plant_room': '', 'garden': '', 'yard': ''}",3.3,3.3,12791.0,12790.697674418605,16052501380123.0,4511419.0,ASP,HSL,赤柱,1978/02,1978.0,48.0,B,4.0,blank,blank,blank,,False
1877,2016-05-13,"LUNG TAK COURT(Block D),CAPE RD|龍德苑D座,環角道",7017.381674929991,283.0,214.0,"{'bay_window': '', 'flat_roof': '', 'roof': '', 'ac_platform': '', 'plant_room': '', 'garden': '', 'yard': ''}",2.92,2.92,13645.0,13644.859813084113,16053001830021.0,4513233.0,ASP,HSL,赤柱,2000/08,2000.0,26.0,20,3.0,D,blank,LUNG TAK COURT,龍德苑,False
1879,2016-05-16,"LUNG TAK COURT(Block C),CAPE RD|龍德苑C座,環角道",4933.2140154233375,552.0,417.0,"{'bay_window': '', 'flat_roof': '', 'roof': '', 'ac_platform': '', 'plant_room': '', 'garden': '', 'yard': ''}",4.0,4.0,9592.0,9592.32613908873,16061001600050.0,4517859.0,PRO-ASP,HSL,赤柱,2000/08,2000.0,26.0,22,5.0,C,blank,LUNG TAK COURT,龍德苑,False
1881,2016-06-13,"LUNG TAK COURT(Block A),CAPE RD|龍德苑A座,環角道",5224.083213207243,559.0,421.0,"{'bay_window': '', 'flat_roof': '', 'roof': '', 'ac_platform': '', 'plant_room': '', 'garden': '', 'yard': ''}",4.23,4.23,10048.0,10047.50593824228,16062101320022.0,4521981.0,ASP,HSL,赤柱,2000/08,2000.0,26.0,24,3.0,A,blank,LUNG TAK COURT,龍德苑,False
1882,2016-05-30,"LUNG TAK COURT(Block B),CAPE RD|龍德苑B座,環角道",6608.835481526533,283.0,214.0,"{'bay_window': '', 'flat_roof': '', 'roof': '', 'ac_platform': '', 'plant_room': '', 'garden': '', 'yard': ''}",2.75,2.75,12850.0,12850.467289719627,16062201670048.0,4522520.0,ASP,HSL,赤柱,2000/08,2000.0,26.0,34,2.0,B,blank,LUNG TAK COURT,龍德苑,False
1886,2016-07-13,"CHIK TAK MANSION,STANLEY NEW ST|積德樓,赤柱新街",4461.7607260069735,582.0,479.0,"{'bay_window': '', 'flat_roof': '', 'roof': '', 'ac_platform': '', 'plant_room': '', 'garden': '', 'yard': ''}",4.2,4.2,8768.0,8768.267223382047,16072700240056.0,4537791.0,ASP,HSL,赤柱,1986/10,1986.0,40.0,C,3.0,blank,blank,blank,,False
1887,2016-07-21,"LUNG TAK COURT(Block A),CAPE RD|龍德苑A座,環角道",3476.036954877756,699.0,527.0,"{'bay_window': '', 'flat_roof': '', 'roof': '', 'ac_platform': '', 'plant_room': '', 'garden': '', 'yard': ''}",3.6,3.6,6831.0,6831.11954459203,16072802240320.0,4538508.0,ASP,HSL,赤柱,2000/08,2000.0,26.0,14,6.0,A,blank,LUNG TAK COURT,龍德苑,False
1892,2016-07-29,"BEACH POINTE,STANLEY BEACH RD|海灣閣,赤柱灘道",27713.956833474123,1395.0,1213.0,"{'bay_window': '', 'flat_roof': '', 'roof': '1389', 'ac_platform': '', 'plant_room': '', 'garden': '', 'yard': ''}",72.0,66.0643,59357.0,54463.56141797197,16082501980015.0,4551801.0,ASP,HSL,赤柱,1988/04,1988.0,38.0,E,3.0,blank,blank,blank,,True
1897,2016-09-12,"LUNG TAK COURT(Block D),CAPE RD|龍德苑D座,環角道",4909.903702399143,559.0,421.0,"{'bay_window': '', 'flat_roof': '', 'roof': '', 'ac_platform': '', 'plant_room': '', 'garden': '', 'yard': ''}",4.3,4.3,10214.0,10213.77672209026,16092101600016.0,4563528.0,ASP,HSL,赤柱,2000/08,2000.0,26.0,23,3.0,D,blank,LUNG TAK COURT,龍德苑,False
1899,2016-09-15,"LUNG TAK COURT(Block A),CAPE RD|龍德苑A座,環角道",3156.5860515332147,839.0,632.0,"{'bay_window': '', 'flat_roof': '', 'roof': '', 'ac_platform': '', 'plant_room': '', 'garden': '', 'yard': ''}",4.15,4.15,6566.0,6566.455696202533,16092601620037.0,4566176.0,ASP,HSL,赤柱,2000/08,2000.0,26.0,9,3.0,A,blank,LUNG TAK COURT,龍德苑,False
1905,2016-09-12,"LUNG TAN HSE(Block B,LUNG YAN COURT),CAPE RD|龍欣苑,B座(龍騰閣),環角道",5167.673646775099,939.0,640.0,"{'bay_window': '', 'flat_roof': '', 'roof': '', 'ac_platform': '', 'plant_room': '', 'garden': '', 'yard': ''}",6.88,6.88,10750.0,10750.0,16100702640057.0,4575114.0,ASP,HSL,赤柱,1993/12,1993.0,33.0,16,6.0,B,blank,LUNG YAN COURT,龍欣苑,False
1906,2016-10-07,"LUNG TAK COURT(Block A),CAPE RD|龍德苑A座,環角道",4703.564145574027,559.0,421.0,"{'bay_window': '', 'flat_roof': '', 'roof': '', 'ac_platform': '', 'plant_room': '', 'garden': '', 'yard': ''}",4.225,4.225,10036.0,10035.62945368171,16101701590124.0,4579629.0,ASP,HSL,赤柱,2000/08,2000.0,26.0,15,1.0,A,blank,LUNG TAK COURT,龍德苑,False
1907,2016-10-14,"LUNG TAK COURT(Block C),CAPE RD|龍德苑C座,環角道",6285.655533011923,283.0,214.0,"{'bay_window': '', 'flat_roof': '', 'roof': '', 'ac_platform': '', 'plant_room': '', 'garden': '', 'yard': ''}",2.87,2.87,13411.0,13411.214953271028,16102400360107.0,4583454.0,ASP,HSL,赤柱,2000/08,2000.0,26.0,20,5.0,C,blank,LUNG TAK COURT,龍德苑,False
1908,2016-10-04,"LUNG CHUN HSE(Block A,LUNG YAN COURT),CAPE RD|龍欣苑,A座(龍駿閣),環角道",4390.505949667649,626.0,427.0,"{'bay_window': '', 'flat_roof': '', 'roof': '', 'ac_platform': '', 'plant_room': '', 'garden': '', 'yard': ''}",4.0,4.0,9368.0,9367.68149882904,16102602040010.0,4585523.0,ASP,HSL,赤柱,1993/12,1993.0,33.0,12,10.0,A,blank,LUNG YAN COURT,龍欣苑,False
1909,2016-10-19,"LUNG TAN HSE(Block B,LUNG YAN COURT),CAPE RD|龍欣苑,B座(龍騰閣),環角道",4390.505949667649,626.0,427.0,"{'bay_window': '', 'flat_roof': '', 'roof': '', 'ac_platform': '', 'plant_room': '', 'garden': '', 'yard': ''}",4.0,4.0,9368.0,9367.68149882904,16110900300090.0,4593606.0,ASP,HSL,赤柱,1993/12,1993.0,33.0,12,6.0,B,blank,LUNG YAN COURT,龍欣苑,False
1911,2016-11-09,"LUNG TAK COURT(Block A),CAPE RD|龍德苑A座,環角道",4176.395072013064,699.0,527.0,"{'bay_window': '', 'flat_roof': '', 'roof': '', 'ac_platform': '', 'plant_room': '', 'garden': '', 'yard': ''}",4.65,4.65,8824.0,8823.529411764706,16112401820011.0,4603335.0,ASP,HSL,赤柱,2000/08,2000.0,26.0,6,0.0,A,blank,LUNG TAK COURT,龍德苑,False
1912,2016-11-25,"LUNG CHUN HSE(Block A,LUNG YAN COURT),CAPE RD|龍欣苑,A座(龍駿閣),環角道",5176.9897246828605,939.0,640.0,"{'bay_window': '', 'flat_roof': '', 'roof': '', 'ac_platform': '', 'plant_room': '', 'garden': '', 'yard': ''}",7.0,7.0,10938.0,10937.5,16121200880049.0,4613131.0,PRO-ASP,HSL,赤柱,1993/12,1993.0,33.0,16,9.0,A,blank,LUNG YAN COURT,龍欣苑,False
1914,2016-12-06,"LUNG TAK COURT(Block C),CAPE RD|龍德苑C座,環角道",4833.310121695291,699.0,527.0,"{'bay_window': '', 'flat_roof': '', 'roof': '', 'ac_platform': '', 'plant_room': '', 'garden': '', 'yard': ''}",5.5,5.5,10436.0,10436.432637571157,16122302260072.0,4620180.0,ASP,HSL,赤柱,2000/08,2000.0,26.0,5,3.0,C,blank,LUNG TAK COURT,龍德苑,False
1916,2016-12-15,"LUNG TAK COURT(Block C),CAPE RD|龍德苑C座,環角道",6275.911519954897,283.0,214.0,"{'bay_window': '', 'flat_roof': '', 'roof': '', 'ac_platform': '', 'plant_room': '', 'garden': '', 'yard': ''}",2.9,2.9,13551.0,13551.401869158879,17011202090240.0,4630398.0,ASP,HSL,赤柱,2000/08,2000.0,26.0,11,4.0,C,blank,LUNG TAK COURT,龍德苑,False
1919,2017-02-06,"LUNG TAK COURT(Block C),CAPE RD|龍德苑C座,環角道",3651.205353793797,559.0,421.0,"{'bay_window': '', 'flat_roof': '', 'roof': '', 'ac_platform': '', 'plant_room': '', 'garden': '', 'yard': ''}",3.268,3.268,7762.0,7762.470308788598,17021402150122.0,4648106.0,ASP,HSL,赤柱,2000/08,2000.0,26.0,24,9.0,C,blank,LUNG TAK COURT,龍德苑,False
1920,2017-02-03,"LUNG TAK COURT(Block B),CAPE RD|龍德苑B座,環角道",4893.598362795848,559.0,421.0,"{'bay_window': '', 'flat_roof': '', 'roof': '', 'ac_platform': '', 'plant_room': '', 'garden': '', 'yard': ''}",4.38,4.38,10404.0,10403.800475059383,17021601680017.0,4649920.0,ASP,HSL,赤柱,2000/08,2000.0,26.0,4,1.0,B,blank,LUNG TAK COURT,龍德苑,False
1922,2017-02-22,"LUNG TAN HSE(Block B,LUNG YAN COURT),CAPE RD|龍欣苑,B座(龍騰閣),環角道",5409.213806729702,939.0,640.0,"{'bay_window': '', 'flat_roof': '', 'roof': '', 'ac_platform': '', 'plant_room': '', 'garden': '', 'yard': ''}",7.36,7.36,11500.0,11500.0,17030201610016.0,4656288.0,ASP,HSL,赤柱,1993/12,1993.0,33.0,1,5.0,B,blank,LUNG YAN COURT,龍欣苑,False
1924,2017-04-13,"LUNG TAK COURT(Block D),CAPE RD|龍德苑D座,環角道",5445.64071934463,552.0,417.0,"{'bay_window': '', 'flat_roof': '', 'roof': '', 'ac_platform': '', 'plant_room': '', 'garden': '', 'yard': ''}",5.06,5.06,12134.0,12134.292565947242,17042001200119.0,4684174.0,ASP,HSL,赤柱,2000/08,2000.0,26.0,33,3.0,D,blank,LUNG TAK COURT,龍德苑,False
1925,2017-04-13,"LUNG TAK COURT(Block C),CAPE RD|龍德苑C座,環角道",4690.34840435136,559.0,421.0,"{'bay_window': '', 'flat_roof': '', 'roof': '', 'ac_platform': '', 'plant_room': '', 'garden': '', 'yard': ''}",4.4,4.4,10451.0,10451.306413301663,17042701730147.0,4689538.0,ASP,HSL,赤柱,2000/08,2000.0,26.0,14,3.0,C,blank,LUNG TAK COURT,龍德苑,False
1928,2017-06-01,"LUNG TAK COURT(Block B),CAPE RD|龍德苑B座,環角道",6067.296754639623,283.0,214.0,"{'bay_window': '', 'flat_roof': '', 'roof': '', 'ac_platform': '', 'plant_room': '', 'garden': '', 'yard': ''}",2.98,2.98,13925.0,13925.233644859813,17061500880076.0,4718741.0,ASP,HSL,赤柱,2000/08,2000.0,26.0,20,8.0,B,blank,LUNG TAK COURT,龍德苑,False
1929,2017-05-29,"LUNG CHUN HSE(Block A,LUNG YAN COURT),CAPE RD|龍欣苑,A座(龍駿閣),環角道",4804.59200295288,939.0,640.0,"{'bay_window': '', 'flat_roof': '', 'roof': '', 'ac_platform': '', 'plant_room': '', 'garden': '', 'yard': ''}",6.9,6.9,10781.0,10781.25,17061900370022.0,4720687.0,ASP,HSL,赤柱,1993/12,1993.0,33.0,16,10.0,A,blank,LUNG YAN COURT,龍欣苑,False
1930,2017-06-23,"LUNG TAN HSE(Block B,LUNG YAN COURT),CAPE RD|龍欣苑,B座(龍騰閣),環角道",3452.758213923068,776.0,530.0,"{'bay_window': '', 'flat_roof': '', 'roof': '', 'ac_platform': '', 'plant_room': '', 'garden': '', 'yard': ''}",4.2,4.2,7925.0,7924.528301886792,17070401400021.0,4730961.0,ASP,HSL,赤柱,1993/12,1993.0,33.0,15,9.0,B,blank,LUNG YAN COURT,龍欣苑,False
1931,2017-06-30,"LUNG TAK COURT(Block C),CAPE RD|龍德苑C座,環角道",3213.947126159423,698.0,526.0,"{'bay_window': '', 'flat_roof': '', 'roof': '', 'ac_platform': '', 'plant_room': '', 'garden': '', 'yard': ''}",3.88,3.88,7376.0,7376.425855513308,17071001420182.0,4733923.0,ASP,HSL,赤柱,2000/08,2000.0,26.0,3,7.0,C,blank,LUNG TAK COURT,龍德苑,False
1932,2017-07-12,"YAU WING LAU,STANLEY MAIN ST|友榮樓,赤柱大街",6359.92602340466,0.0,235.0,"{'bay_window': '', 'flat_roof': '', 'roof': '', 'ac_platform': '', 'plant_room': '', 'garden': '', 'yard': ''}",3.42,3.42,14553.0,14553.191489361701,17080702130262.0,4749773.0,ASP,HSL,赤柱,1978/09,1978.0,48.0,D,5.0,blank,blank,blank,,False
1933,2017-07-12,"YAU WING LAU,STANLEY MAIN ST|友榮樓,赤柱大街",5978.460428531435,0.0,269.0,"{'bay_window': '', 'flat_roof': '', 'roof': '', 'ac_platform': '', 'plant_room': '', 'garden': '', 'yard': ''}",3.68,3.68,13680.0,13680.297397769516,17080702130274.0,4749774.0,ASP,HSL,赤柱,1978/09,1978.0,48.0,B,5.0,blank,blank,blank,,False
1935,2017-04-12,"YAU SHING LAU,STANLEY MAIN ST|友誠樓,赤柱大街",5164.918903190355,0.0,285.0,"{'bay_window': '', 'flat_roof': '', 'roof': '', 'ac_platform': '', 'plant_room': '', 'garden': '', 'yard': ''}",3.28,3.28,11509.0,11508.771929824561,17081702320263.0,4755994.0,PRE-ASP,HSL,赤柱,1978/02,1978.0,48.0,C,1.0,blank,blank,blank,,False
1937,2017-08-24,"LUNG TAK COURT(Block D),CAPE RD|龍德苑D座,環角道",4588.747083107889,699.0,527.0,"{'bay_window': '', 'flat_roof': '', 'roof': '', 'ac_platform': '', 'plant_room': '', 'garden': '', 'yard': ''}",5.56,5.56,10550.0,10550.284629981024,17090400440014.0,4763202.0,ASP,HSL,赤柱,2000/08,2000.0,26.0,29,5.0,D,blank,LUNG TAK COURT,龍德苑,False
1938,2017-08-20,"LUNG TAK COURT(Block D),CAPE RD|龍德苑D座,環角道",6097.29807234046,283.0,214.0,"{'bay_window': '', 'flat_roof': '', 'roof': '', 'ac_platform': '', 'plant_room': '', 'garden': '', 'yard': ''}",3.0,3.0,14019.0,14018.691588785046,17090401990053.0,4763203.0,PRO-ASP,HSL,赤柱,2000/08,2000.0,26.0,20,6.0,D,blank,LUNG TAK COURT,龍德苑,False
1939,2017-08-29,"LUNG TAK COURT(Block B),CAPE RD|龍德苑B座,環角道",4985.649995330538,552.0,417.0,"{'bay_window': '', 'flat_roof': '', 'roof': '', 'ac_platform': '', 'plant_room': '', 'garden': '', 'yard': ''}",4.78,4.78,11463.0,11462.829736211032,17090700840017.0,4765306.0,ASP,HSL,赤柱,2000/08,2000.0,26.0,12,5.0,B,blank,LUNG TAK COURT,龍德苑,False
1947,2017-09-22,"LUNG TAK COURT(Block A),CAPE RD|龍德苑A座,環角道",5056.224185426928,559.0,421.0,"{'bay_window': '', 'flat_roof': '', 'roof': '', 'ac_platform': '', 'plant_room': '', 'garden': '', 'yard': ''}",4.88,4.88,11591.0,11591.448931116389,17101100660065.0,5230054.0,ASP,HSL,赤柱,2000/08,2000.0,26.0,16,1.0,A,blank,LUNG TAK COURT,龍德苑,False
1948,2017-09-26,"LUNG TAK COURT(Block C),CAPE RD|龍德苑C座,環角道",4849.001882745498,559.0,421.0,"{'bay_window': '', 'flat_roof': '', 'roof': '', 'ac_platform': '', 'plant_room': '', 'garden': '', 'yard': ''}",4.68,4.68,11116.0,11116.389548693587,17101201470035.0,5230880.0,ASP,HSL,赤柱,2000/08,2000.0,26.0,13,3.0,C,blank,LUNG TAK COURT,龍德苑,False
1950,2017-10-26,"LUNG TAK COURT(Block C),CAPE RD|龍德苑C座,環角道",3375.229581381747,559.0,421.0,"{'bay_window': '', 'flat_roof': '', 'roof': '', 'ac_platform': '', 'plant_room': '', 'garden': '', 'yard': ''}",3.26,3.26,7743.0,7743.467933491686,17110601900043.0,5244085.0,ASP,HSL,赤柱,2000/08,2000.0,26.0,13,7.0,C,blank,LUNG TAK COURT,龍德苑,False
1952,2017-11-14,"LUNG TAK COURT(Block A),CAPE RD|龍德苑A座,環角道",5063.351347611565,559.0,421.0,"{'bay_window': '', 'flat_roof': '', 'roof': '', 'ac_platform': '', 'plant_room': '', 'garden': '', 'yard': ''}",4.9,4.9,11639.0,11638.95486935867,17121101470045.0,5263306.0,PRO-ASP,HSL,赤柱,2000/08,2000.0,26.0,7,2.0,A,blank,LUNG TAK COURT,龍德苑,False
1954,2017-11-29,10A STANLEY BEACH RD|10A 赤柱灘道,10138.524771181754,0.0,2832.0,"{'bay_window': '', 'flat_roof': '', 'roof': '', 'ac_platform': '', 'plant_room': '', 'garden': '', 'yard': ''}",66.0,66.0,23305.0,23305.084745762713,17121301470148.0,5265438.0,ASP,HSL,赤柱,1962/06,1962.0,64.0,whole floor,0.0,blank,blank,blank,,False
1958,2017-12-18,"LUNG TAK COURT(Block B),CAPE RD|龍德苑B座,環角道",5218.6030431659765,559.0,421.0,"{'bay_window': '', 'flat_roof': '', 'roof': '', 'ac_platform': '', 'plant_room': '', 'garden': '', 'yard': ''}",5.18,5.18,12304.0,12304.038004750593,18010401280093.0,5277947.0,ASP,HSL,赤柱,2000/08,2000.0,26.0,8,3.0,B,blank,LUNG TAK COURT,龍德苑,False
1963,2018-02-12,"LUNG TAK COURT(Block B),CAPE RD|龍德苑B座,環角道",6214.621291153371,283.0,214.0,"{'bay_window': '', 'flat_roof': '', 'roof': '', 'ac_platform': '', 'plant_room': '', 'garden': '', 'yard': ''}",3.26,3.26,15234.0,15233.644859813085,18022301960200.0,5307570.0,ASP,HSL,赤柱,2000/08,2000.0,26.0,10,7.0,B,blank,LUNG TAK COURT,龍德苑,False
1965,2018-02-09,"CHIK TAK MANSION,STANLEY NEW ST|積德樓,赤柱新街",1660.7717156129859,582.0,479.0,"{'bay_window': '', 'flat_roof': '', 'roof': '', 'ac_platform': '', 'plant_room': '', 'garden': '', 'yard': ''}",1.95,1.95,4071.0,4070.98121085595,18030701610053.0,5314867.0,ASP,HSL,赤柱,1986/10,1986.0,40.0,C,2.0,blank,blank,blank,,False
1966,2018-02-26,"LUNG TAK COURT(Block A),CAPE RD|龍德苑A座,環角道",4637.952342435556,698.0,526.0,"{'bay_window': '', 'flat_roof': '', 'roof': '', 'ac_platform': '', 'plant_room': '', 'garden': '', 'yard': ''}",5.98,5.98,11369.0,11368.821292775665,18031300890329.0,5317794.0,ASP,HSL,赤柱,2000/08,2000.0,26.0,4,0.0,A,blank,LUNG TAK COURT,龍德苑,False
1967,2018-03-08,"LUNG TAK COURT(Block B),CAPE RD|龍德苑B座,環角道",6203.73131203584,283.0,214.0,"{'bay_window': '', 'flat_roof': '', 'roof': '', 'ac_platform': '', 'plant_room': '', 'garden': '', 'yard': ''}",3.3,3.3,15421.0,15420.56074766355,18032101560014.0,5322044.0,ASP,HSL,赤柱,2000/08,2000.0,26.0,34,5.0,B,blank,LUNG TAK COURT,龍德苑,False
1969,2018-03-16,"LUNG TAK COURT(Block D),CAPE RD|龍德苑D座,環角道",6109.735383065601,283.0,214.0,"{'bay_window': '', 'flat_roof': '', 'roof': '', 'ac_platform': '', 'plant_room': '', 'garden': '', 'yard': ''}",3.25,3.25,15187.0,15186.915887850468,18041000160051.0,5332405.0,ASP,HSL,赤柱,2000/08,2000.0,26.0,21,4.0,D,blank,LUNG TAK COURT,龍德苑,False
1970,2018-03-26,"LUNG CHUN HSE(Block A,LUNG YAN COURT),CAPE RD|龍欣苑,A座(龍駿閣),環角道",4691.959785581462,626.0,427.0,"{'bay_window': '', 'flat_roof': '', 'roof': '', 'ac_platform': '', 'plant_room': '', 'garden': '', 'yard': ''}",4.98,4.98,11663.0,11662.763466042155,18041002410039.0,5333236.0,ASP,HSL,赤柱,1993/12,1993.0,33.0,15,11.0,A,blank,LUNG YAN COURT,龍欣苑,False
1971,2018-03-13,"LUNG TAK COURT(Block C),CAPE RD|龍德苑C座,環角道",4971.419665308132,698.0,526.0,"{'bay_window': '', 'flat_roof': '', 'roof': '', 'ac_platform': '', 'plant_room': '', 'garden': '', 'yard': ''}",6.5,6.5,12357.0,12357.414448669202,18041101580020.0,5333788.0,ASP,HSL,赤柱,2000/08,2000.0,26.0,3,5.0,C,blank,LUNG TAK COURT,龍德苑,False
1973,2018-04-20,"LUNG TAK COURT(Block B),CAPE RD|龍德苑B座,環角道",4981.917530151274,559.0,421.0,"{'bay_window': '', 'flat_roof': '', 'roof': '', 'ac_platform': '', 'plant_room': '', 'garden': '', 'yard': ''}",5.31,5.31,12613.0,12612.826603325415,18050400640158.0,5349511.0,ASP,HSL,赤柱,2000/08,2000.0,26.0,8,6.0,B,blank,LUNG TAK COURT,龍德苑,False
1976,2018-05-18,"YAU SHING LAU,STANLEY MAIN ST|友誠樓,赤柱大街",5280.957950604495,0.0,285.0,"{'bay_window': '', 'flat_roof': '', 'roof': '', 'ac_platform': '', 'plant_room': '', 'garden': '', 'yard': ''}",3.8,3.8,13333.0,13333.333333333334,18052901120043.0,5364713.0,ASP,HSL,赤柱,1978/02,1978.0,48.0,D,4.0,blank,blank,blank,,False
1978,2018-05-28,"LUNG TAK COURT(Block A),CAPE RD|龍德苑A座,環角道",4703.941167403054,559.0,421.0,"{'bay_window': '', 'flat_roof': '', 'roof': '', 'ac_platform': '', 'plant_room': '', 'garden': '', 'yard': ''}",5.0,5.0,11876.0,11876.484560570072,18060600900258.0,5370018.0,ASP,HSL,赤柱,2000/08,2000.0,26.0,24,8.0,A,blank,LUNG TAK COURT,龍德苑,False
1982,2018-06-13,"DONMARK MANSION,STANLEY MAIN ST|敦勝樓,赤柱大街",6210.246584152607,0.0,375.0,"{'bay_window': '', 'flat_roof': '', 'roof': '', 'ac_platform': '', 'plant_room': '', 'garden': '', 'yard': ''}",6.0,6.0,16000.0,16000.0,18062500440327.0,5381116.0,ASP,HSL,赤柱,1987/12,1987.0,39.0,A,3.0,blank,blank,blank,,False
1985,2018-06-26,"LUNG TAK COURT(Block A),CAPE RD|龍德苑A座,環角道",5985.342794305958,283.0,214.0,"{'bay_window': '', 'flat_roof': '', 'roof': '', 'ac_platform': '', 'plant_room': '', 'garden': '', 'yard': ''}",3.3,3.3,15421.0,15420.56074766355,18071602250110.0,5396481.0,MEM-ASP,HSL,赤柱,2000/08,2000.0,26.0,1,4.0,A,blank,LUNG TAK COURT,龍德苑,False
1991,2018-08-17,"LUNG TAK COURT(Block B),CAPE RD|龍德苑B座,環角道",5300.000229446911,552.0,417.0,"{'bay_window': '', 'flat_roof': '', 'roof': '', 'ac_platform': '', 'plant_room': '', 'garden': '', 'yard': ''}",5.8,5.8,13909.0,13908.872901678656,18082700450083.0,5420782.0,ASP,HSL,赤柱,2000/08,2000.0,26.0,12,4.0,B,blank,LUNG TAK COURT,龍德苑,False
1992,2018-08-22,"LUNG TAK COURT(Block A),CAPE RD|龍德苑A座,環角道",4871.6741524141335,839.0,632.0,"{'bay_window': '', 'flat_roof': '', 'roof': '', 'ac_platform': '', 'plant_room': '', 'garden': '', 'yard': ''}",8.08,8.08,12785.0,12784.810126582279,18082800150063.0,5421443.0,ASP,HSL,赤柱,2000/08,2000.0,26.0,9,7.0,A,blank,LUNG TAK COURT,龍德苑,False
1995,2018-08-31,"LUNG TAK COURT(Block D),CAPE RD|龍德苑D座,環角道",5848.276115251764,552.0,417.0,"{'bay_window': '', 'flat_roof': '', 'roof': '', 'ac_platform': '', 'plant_room': '', 'garden': '', 'yard': ''}",6.4,6.4,15348.0,15347.721822541966,18091900530024.0,5432980.0,ASP,HSL,赤柱,2000/08,2000.0,26.0,19,7.0,D,blank,LUNG TAK COURT,龍德苑,False
1997,2018-09-14,"LUNG TAK COURT(Block D),CAPE RD|龍德苑D座,環角道",6760.467380955523,283.0,214.0,"{'bay_window': '', 'flat_roof': '', 'roof': '', 'ac_platform': '', 'plant_room': '', 'garden': '', 'yard': ''}",3.68,3.68,17196.0,17196.26168224299,18100201350115.0,5438466.0,ASP,HSL,赤柱,2000/08,2000.0,26.0,20,5.0,D,blank,LUNG TAK COURT,龍德苑,False
1998,2018-09-26,"YAU WING LAU,STANLEY MAIN ST|友榮樓,赤柱大街",5480.518701730249,0.0,269.0,"{'bay_window': '', 'flat_roof': '', 'roof': '', 'ac_platform': '', 'plant_room': '', 'garden': '', 'yard': ''}",3.75,3.75,13941.0,13940.520446096654,18101501670012.0,5445154.0,ASP,HSL,赤柱,1978/09,1978.0,48.0,B,4.0,blank,blank,blank,,False
2000,2018-10-16,"LUNG TAK COURT(Block A),CAPE RD|龍德苑A座,環角道",4620.958987764874,552.0,417.0,"{'bay_window': '', 'flat_roof': '', 'roof': '', 'ac_platform': '', 'plant_room': '', 'garden': '', 'yard': ''}",5.0,5.0,11990.0,11990.407673860911,18103101550132.0,5453812.0,ASP,HSL,赤柱,2000/08,2000.0,26.0,17,0.0,A,blank,LUNG TAK COURT,龍德苑,False
2003,2019-01-02,"LUNG TAK COURT(Block C),CAPE RD|龍德苑C座,環角道",5773.446931364974,552.0,417.0,"{'bay_window': '', 'flat_roof': '', 'roof': '', 'ac_platform': '', 'plant_room': '', 'garden': '', 'yard': ''}",5.86,5.86,14053.0,14052.757793764988,19011401320018.0,5484221.0,ASP,HSL,赤柱,2000/08,2000.0,26.0,2,2.0,C,blank,LUNG TAK COURT,龍德苑,False
2004,2019-01-03,"LUNG TAK COURT(Block B),CAPE RD|龍德苑B座,環角道",3727.8195726283607,559.0,421.0,"{'bay_window': '', 'flat_roof': '', 'roof': '', 'ac_platform': '', 'plant_room': '', 'garden': '', 'yard': ''}",3.82,3.82,9074.0,9073.634204275535,19012200510189.0,5488167.0,ASP,HSL,赤柱,2000/08,2000.0,26.0,28,5.0,B,blank,LUNG TAK COURT,龍德苑,False
2005,2019-02-18,"LUNG TAK COURT(Block B),CAPE RD|龍德苑B座,環角道",5361.391792655534,559.0,421.0,"{'bay_window': '', 'flat_roof': '', 'roof': '', 'ac_platform': '', 'plant_room': '', 'garden': '', 'yard': ''}",5.6,5.6,13302.0,13301.662707838479,19030802130116.0,5508096.0,PRO-ASP,HSL,赤柱,2000/08,2000.0,26.0,18,5.0,B,blank,LUNG TAK COURT,龍德苑,False
2008,2019-03-12,"LUNG TAK COURT(Block C),CAPE RD|龍德苑C座,環角道",5268.535889918598,699.0,527.0,"{'bay_window': '', 'flat_roof': '', 'roof': '', 'ac_platform': '', 'plant_room': '', 'garden': '', 'yard': ''}",7.0,7.0,13283.0,13282.732447817836,19032600950032.0,5515592.0,ASP,HSL,赤柱,2000/08,2000.0,26.0,6,4.0,C,blank,LUNG TAK COURT,龍德苑,False
2009,2019-03-25,"LUNG TAK COURT(Block B),CAPE RD|龍德苑B座,環角道",3768.6032086692917,559.0,421.0,"{'bay_window': '', 'flat_roof': '', 'roof': '', 'ac_platform': '', 'plant_room': '', 'garden': '', 'yard': ''}",4.0,4.0,9501.0,9501.187648456056,19032801520036.0,5517102.0,ASP,HSL,赤柱,2000/08,2000.0,26.0,32,1.0,B,blank,LUNG TAK COURT,龍德苑,False
2013,2019-04-17,"LUNG TAK COURT(Block B),CAPE RD|龍德苑B座,環角道",6790.523506476964,283.0,214.0,"{'bay_window': '', 'flat_roof': '', 'roof': '', 'ac_platform': '', 'plant_room': '', 'garden': '', 'yard': ''}",3.75,3.75,17523.0,17523.364485981307,19050301170286.0,5536276.0,ASP,HSL,赤柱,2000/08,2000.0,26.0,34,3.0,B,blank,LUNG TAK COURT,龍德苑,False
2014,2019-04-26,"LUNG TAK COURT(Block B),CAPE RD|龍德苑B座,環角道",3683.5792912194433,698.0,526.0,"{'bay_window': '', 'flat_roof': '', 'roof': '', 'ac_platform': '', 'plant_room': '', 'garden': '', 'yard': ''}",5.0,5.0,9506.0,9505.703422053231,19050901000115.0,5540321.0,ASP,HSL,赤柱,2000/08,2000.0,26.0,24,8.0,B,blank,LUNG TAK COURT,龍德苑,False
2015,2019-04-17,"LUNG TAK COURT(Block A),CAPE RD|龍德苑A座,環角道",5204.00535262158,552.0,417.0,"{'bay_window': '', 'flat_roof': '', 'roof': '', 'ac_platform': '', 'plant_room': '', 'garden': '', 'yard': ''}",5.6,5.6,13429.0,13429.25659472422,19051500580038.0,5543484.0,PRO-ASP,HSL,赤柱,2000/08,2000.0,26.0,17,0.0,A,blank,LUNG TAK COURT,龍德苑,False
2016,2019-05-09,"LUNG TAK COURT(Block B),CAPE RD|龍德苑B座,環角道",5098.145708859574,559.0,421.0,"{'bay_window': '', 'flat_roof': '', 'roof': '', 'ac_platform': '', 'plant_room': '', 'garden': '', 'yard': ''}",5.7,5.7,13539.0,13539.192399049882,19051600720027.0,5544597.0,ASP,HSL,赤柱,2000/08,2000.0,26.0,8,1.0,B,blank,LUNG TAK COURT,龍德苑,False
2017,2019-05-16,"LUNG TAN HSE(Block B,LUNG YAN COURT),CAPE RD|龍欣苑,B座(龍騰閣),環角道",4700.226837783501,626.0,427.0,"{'bay_window': '', 'flat_roof': '', 'roof': '', 'ac_platform': '', 'plant_room': '', 'garden': '', 'yard': ''}",5.33,5.33,12482.0,12482.435597189695,19052400740107.0,5551238.0,ASP,HSL,赤柱,1993/12,1993.0,33.0,12,9.0,B,blank,LUNG YAN COURT,龍欣苑,False
2021,2019-06-18,"LUNG CHUN HSE(Block A,LUNG YAN COURT),CAPE RD|龍欣苑,A座(龍駿閣),環角道",4731.943965198016,626.0,427.0,"{'bay_window': '', 'flat_roof': '', 'roof': '', 'ac_platform': '', 'plant_room': '', 'garden': '', 'yard': ''}",5.3,5.3,12412.0,12412.177985948478,19070200400032.0,5574516.0,ASP,HSL,赤柱,1993/12,1993.0,33.0,11,0.0,A,blank,LUNG YAN COURT,龍欣苑,False
2023,2019-07-08,"LUNG TAK COURT(Block A),CAPE RD|龍德苑A座,環角道",5316.480142988403,559.0,421.0,"{'bay_window': '', 'flat_roof': '', 'roof': '', 'ac_platform': '', 'plant_room': '', 'garden': '', 'yard': ''}",5.9,5.9,14014.0,14014.251781472683,19072301310020.0,5585843.0,ASP,HSL,赤柱,2000/08,2000.0,26.0,7,1.0,A,blank,LUNG TAK COURT,龍德苑,False
2026,2019-08-07,"LUNG TAK COURT(Block B),CAPE RD|龍德苑B座,環角道",3732.3819455931734,698.0,526.0,"{'bay_window': '', 'flat_roof': '', 'roof': '', 'ac_platform': '', 'plant_room': '', 'garden': '', 'yard': ''}",5.338,5.338,10148.0,10148.288973384031,19090501230018.0,5608355.0,PRO-ASP,HSL,赤柱,2000/08,2000.0,26.0,14,3.0,B,blank,LUNG TAK COURT,龍德苑,False
2029,2019-09-19,"PINE VILLA,STANLEY VILLAGE RD|翠屋,赤柱村道",13666.061237475675,0.0,1783.0,"{'bay_window': '', 'flat_roof': '', 'roof': '', 'ac_platform': '', 'plant_room': '', 'garden': '', 'yard': ''}",62.0,62.0,34773.0,34772.85473920359,19092501340016.0,5616486.0,ASP,HSL,赤柱,1963/10,1963.0,63.0,D,0.0,blank,blank,blank,,False
2031,2019-09-26,"LUNG TAK COURT(Block B),CAPE RD|龍德苑B座,環角道",6978.672845070295,283.0,214.0,"{'bay_window': '', 'flat_roof': '', 'roof': '', 'ac_platform': '', 'plant_room': '', 'garden': '', 'yard': ''}",3.8,3.8,17757.0,17757.00934579439,19100400430066.0,5620481.0,ASP,HSL,赤柱,2000/08,2000.0,26.0,34,2.0,B,blank,LUNG TAK COURT,龍德苑,False
2032,2019-09-26,"LUNG CHUN HSE(Block A,LUNG YAN COURT),CAPE RD|龍欣苑,A座(龍駿閣),環角道",4819.927471446266,776.0,530.0,"{'bay_window': '', 'flat_roof': '', 'roof': '', 'ac_platform': '', 'plant_room': '', 'garden': '', 'yard': ''}",6.5,6.5,12264.0,12264.150943396226,19102202520082.0,5630288.0,PRO-ASP,HSL,赤柱,1993/12,1993.0,33.0,11,5.0,A,blank,LUNG YAN COURT,龍欣苑,False
2034,2019-10-10,"LUNG TAK COURT(Block D),CAPE RD|龍德苑D座,環角道",5189.095051588852,552.0,417.0,"{'bay_window': '', 'flat_roof': '', 'roof': '', 'ac_platform': '', 'plant_room': '', 'garden': '', 'yard': ''}",5.5,5.5,13189.0,13189.448441247003,19102501040067.0,5631866.0,ASP,HSL,赤柱,2000/08,2000.0,26.0,22,7.0,D,blank,LUNG TAK COURT,龍德苑,False
2036,2019-10-23,"LUNG TAK COURT(Block C),CAPE RD|龍德苑C座,環角道",4952.890940840648,559.0,421.0,"{'bay_window': '', 'flat_roof': '', 'roof': '', 'ac_platform': '', 'plant_room': '', 'garden': '', 'yard': ''}",5.3,5.3,12589.0,12589.073634204275,19111901170057.0,5641464.0,PRO-ASP,HSL,赤柱,2000/08,2000.0,26.0,13,2.0,C,blank,LUNG TAK COURT,龍德苑,False
2039,2019-11-09,"SEA AND SKY COURT,STANLEY MAIN ST|海天別墅,赤柱大街",3006.5876882211182,1750.0,1510.0,"{'bay_window': '', 'flat_roof': '', 'roof': '', 'ac_platform': '', 'plant_room': '', 'garden': '', 'yard': ''}",11.9,11.9,7881.0,7880.794701986755,19120501960014.0,5649964.0,MEM-ASP,HSL,赤柱,1966/07,1966.0,60.0,B,8.0,blank,blank,blank,,False
2040,2019-12-17,"YAU WING LAU,STANLEY MAIN ST|友榮樓,赤柱大街",6156.637105332164,0.0,254.0,"{'bay_window': '', 'flat_roof': '', 'roof': '', 'ac_platform': '', 'plant_room': '', 'garden': '', 'yard': ''}",3.88,3.88,15276.0,15275.590551181102,20011300050011.0,5661759.0,PRO-ASP,HSL,赤柱,1978/09,1978.0,48.0,A,4.0,blank,blank,blank,,False
2041,2020-01-14,"STANFORD VILLA(Block 2),STANLEY VILLAGE RD|旭日居2座,赤柱村道",11844.759855662189,1052.0,863.0,"{'bay_window': '', 'flat_roof': '', 'roof': '', 'ac_platform': '', 'plant_room': '', 'garden': '', 'yard': ''}",26.0,26.0,30127.0,30127.462340672075,20012001570014.0,5664880.0,ASP,HSL,赤柱,1995/05,1995.0,31.0,D,0.0,2,blank,STANFORD VILLA,旭日居,False
2043,2020-01-31,"LUNG TAK COURT(Block D),CAPE RD|龍德苑D座,環角道",6705.679602326224,283.0,214.0,"{'bay_window': '', 'flat_roof': '', 'roof': '', 'ac_platform': '', 'plant_room': '', 'garden': '', 'yard': ''}",3.65,3.65,17056.0,17056.07476635514,20020701080096.0,5671309.0,ASP,HSL,赤柱,2000/08,2000.0,26.0,14,3.0,D,blank,LUNG TAK COURT,龍德苑,False
2044,2020-01-21,"LUNG TAK COURT(Block C),CAPE RD|龍德苑C座,環角道",4774.556826360633,699.0,527.0,"{'bay_window': '', 'flat_roof': '', 'roof': '', 'ac_platform': '', 'plant_room': '', 'garden': '', 'yard': ''}",6.4,6.4,12144.0,12144.212523719165,20021001370011.0,5672181.0,PRO-ASP,HSL,赤柱,2000/08,2000.0,26.0,16,5.0,C,blank,LUNG TAK COURT,龍德苑,False
2045,2020-02-07,"LUNG TAK COURT(Block C),CAPE RD|龍德苑C座,環角道",5222.5278321905125,552.0,417.0,"{'bay_window': '', 'flat_roof': '', 'roof': '', 'ac_platform': '', 'plant_room': '', 'garden': '', 'yard': ''}",5.38,5.38,12902.0,12901.67865707434,20022401180021.0,5677957.0,PRO-ASP,HSL,赤柱,2000/08,2000.0,26.0,22,5.0,C,blank,LUNG TAK COURT,龍德苑,False
2046,2020-02-18,"GREENVILLE,WONG MA KOK RD|綠怡居,黃麻角道",8729.345823542424,657.0,524.0,"{'bay_window': '', 'flat_roof': '', 'roof': '241', 'ac_platform': '', 'plant_room': '', 'garden': '', 'yard': ''}",11.3,11.3,21565.0,21564.885496183208,20030201610146.0,5680296.0,ASP,HSL,赤柱,1995/10,1995.0,31.0,B,4.0,blank,blank,blank,,False
2047,2020-02-11,"LUNG TAN HSE(Block B,LUNG YAN COURT),CAPE RD|龍欣苑,B座(龍騰閣),環角道",5635.18946866053,632.0,431.0,"{'bay_window': '', 'flat_roof': '', 'roof': '', 'ac_platform': '', 'plant_room': '', 'garden': '', 'yard': ''}",6.0,6.0,13921.0,13921.113689095127,20030601500064.0,5681942.0,PRO-ASP,HSL,赤柱,1993/12,1993.0,33.0,2,2.0,B,blank,LUNG YAN COURT,龍欣苑,False
2048,2020-03-07,"LUNG TAK COURT(Block A),CAPE RD|龍德苑A座,環角道",6546.446583256809,283.0,214.0,"{'bay_window': '', 'flat_roof': '', 'roof': '', 'ac_platform': '', 'plant_room': '', 'garden': '', 'yard': ''}",3.58,3.58,16729.0,16728.971962616823,20040200830010.0,5691612.0,PRO-ASP,HSL,赤柱,2000/08,2000.0,26.0,1,8.0,A,blank,LUNG TAK COURT,龍德苑,False
2052,2020-03-26,"YAU SHING LAU,STANLEY MAIN ST|友誠樓,赤柱大街",4618.10815911763,0.0,322.0,"{'bay_window': '', 'flat_roof': '', 'roof': '', 'ac_platform': '', 'plant_room': '', 'garden': '', 'yard': ''}",3.8,3.8,11801.0,11801.242236024846,20042200170072.0,5698691.0,ASP,HSL,赤柱,1978/02,1978.0,48.0,B,1.0,blank,blank,blank,,False
2056,2020-05-14,"LUNG TAK COURT(Block B),CAPE RD|龍德苑B座,環角道",6727.974998351523,283.0,214.0,"{'bay_window': '', 'flat_roof': '', 'roof': '', 'ac_platform': '', 'plant_room': '', 'garden': '', 'yard': ''}",3.7,3.7,17290.0,17289.719626168226,20052700300054.0,5712655.0,ASP,HSL,赤柱,2000/08,2000.0,26.0,21,3.0,B,blank,LUNG TAK COURT,龍德苑,False
2059,2020-05-14,"LUNG TAK COURT(Block B),CAPE RD|龍德苑B座,環角道",5213.033358895027,699.0,527.0,"{'bay_window': '', 'flat_roof': '', 'roof': '', 'ac_platform': '', 'plant_room': '', 'garden': '', 'yard': ''}",7.06,7.06,13397.0,13396.584440227703,20060800500013.0,5719021.0,PRO-ASP,HSL,赤柱,2000/08,2000.0,26.0,6,2.0,B,blank,LUNG TAK COURT,龍德苑,False
2060,2020-06-01,"BEACH POINTE,STANLEY BEACH RD|海灣閣,赤柱灘道",9794.188272049472,1544.0,1359.0,"{'bay_window': '', 'flat_roof': '', 'roof': '', 'ac_platform': '', 'plant_room': '', 'garden': '', 'yard': ''}",33.8,33.8,24871.0,24871.22884473878,20061200700083.0,5722772.0,ASP,HSL,赤柱,1988/04,1988.0,38.0,C,0.0,blank,blank,blank,,False
2063,2020-06-16,"LUNG TAK COURT(Block D),CAPE RD|龍德苑D座,環角道",5193.950891790741,552.0,417.0,"{'bay_window': '', 'flat_roof': '', 'roof': '', 'ac_platform': '', 'plant_room': '', 'garden': '', 'yard': ''}",5.5,5.5,13189.0,13189.448441247003,20062201770375.0,5727450.0,ASP,HSL,赤柱,2000/08,2000.0,26.0,13,4.0,D,blank,LUNG TAK COURT,龍德苑,False
2064,2020-06-15,"HORIZON COURT,STANLEY MAIN ST|海山閣,赤柱大街",6018.390369537421,0.0,530.0,"{'bay_window': '', 'flat_roof': '', 'roof': '', 'ac_platform': '', 'plant_room': '', 'garden': '', 'yard': ''}",8.1,8.1,15283.0,15283.018867924528,20062901070015.0,5730910.0,PRO-ASP,HSL,赤柱,1987/01,1987.0,39.0,whole floor,2.0,blank,blank,blank,,False
2065,2020-06-10,"LUNG CHUN HSE(Block A,LUNG YAN COURT),CAPE RD|龍欣苑,A座(龍駿閣),環角道",4961.644056928615,626.0,427.0,"{'bay_window': '', 'flat_roof': '', 'roof': '', 'ac_platform': '', 'plant_room': '', 'garden': '', 'yard': ''}",5.38,5.38,12600.0,12599.531615925058,20062901590065.0,5730627.0,ASP,HSL,赤柱,1993/12,1993.0,33.0,12,10.0,A,blank,LUNG YAN COURT,龍欣苑,False
2066,2020-06-15,"LUNG TAK COURT(Block D),CAPE RD|龍德苑D座,環角道",5674.85365220383,698.0,526.0,"{'bay_window': '', 'flat_roof': '', 'roof': '', 'ac_platform': '', 'plant_room': '', 'garden': '', 'yard': ''}",7.58,7.58,14411.0,14410.6463878327,20063000730018.0,5731117.0,ASP,HSL,赤柱,2000/08,2000.0,26.0,12,6.0,D,blank,LUNG TAK COURT,龍德苑,False
2071,2020-07-16,"LUNG CHUN HSE(Block A,LUNG YAN COURT),CAPE RD|龍欣苑,A座(龍駿閣),環角道",5244.849272749556,776.0,530.0,"{'bay_window': '', 'flat_roof': '', 'roof': '', 'ac_platform': '', 'plant_room': '', 'garden': '', 'yard': ''}",7.08,7.08,13358.0,13358.490566037735,20072301630046.0,5744304.0,ASP,HSL,赤柱,1993/12,1993.0,33.0,14,7.0,A,blank,LUNG YAN COURT,龍欣苑,False
2081,2020-09-09,"LUNG TAK COURT(Block C),CAPE RD|龍德苑C座,環角道",6629.062851962352,283.0,214.0,"{'bay_window': '', 'flat_roof': '', 'roof': '', 'ac_platform': '', 'plant_room': '', 'garden': '', 'yard': ''}",3.6,3.6,16822.0,16822.429906542056,20093001250181.0,5783200.0,ASP,HSL,赤柱,2000/08,2000.0,26.0,1,3.0,C,blank,LUNG TAK COURT,龍德苑,False
2082,2020-09-21,"DONMARK MANSION,STANLEY MAIN ST|敦勝樓,赤柱大街",5779.560723525695,0.0,375.0,"{'bay_window': '', 'flat_roof': '', 'roof': '', 'ac_platform': '', 'plant_room': '', 'garden': '', 'yard': ''}",5.5,5.5,14667.0,14666.666666666666,20100800480016.0,5786279.0,PRO-ASP,HSL,赤柱,1987/12,1987.0,39.0,B,4.0,blank,blank,blank,,False
2083,2020-09-30,"LUNG TAK COURT(Block B),CAPE RD|龍德苑B座,環角道",6076.640947632156,283.0,214.0,"{'bay_window': '', 'flat_roof': '', 'roof': '', 'ac_platform': '', 'plant_room': '', 'garden': '', 'yard': ''}",3.3,3.3,15421.0,15420.56074766355,20101601030318.0,5790619.0,ASP,HSL,赤柱,2000/08,2000.0,26.0,34,1.0,B,blank,LUNG TAK COURT,龍德苑,False
2084,2020-09-29,"LUNG CHUN HSE(Block A,LUNG YAN COURT),CAPE RD|龍欣苑,A座(龍駿閣),環角道",5010.334227734784,635.0,431.0,"{'bay_window': '3', 'flat_roof': '', 'roof': '', 'ac_platform': '', 'plant_room': '', 'garden': '', 'yard': ''}",5.48,5.48,12715.0,12714.61716937355,20101901280018.0,5791576.0,ASP,HSL,赤柱,1993/12,1993.0,33.0,8,7.0,A,blank,LUNG YAN COURT,龍欣苑,False
2085,2020-10-07,"LUNG TAK COURT(Block D),CAPE RD|龍德苑D座,環角道",3700.9864297919526,283.0,214.0,"{'bay_window': '', 'flat_roof': '', 'roof': '', 'ac_platform': '', 'plant_room': '', 'garden': '', 'yard': ''}",2.0,2.0,9346.0,9345.794392523365,20101901900086.0,5791813.0,ASP,HSL,赤柱,2000/08,2000.0,26.0,14,4.0,D,blank,LUNG TAK COURT,龍德苑,False
2087,2020-10-12,"LUNG TAK COURT(Block A),CAPE RD|龍德苑A座,環角道",5921.578287667124,283.0,214.0,"{'bay_window': '', 'flat_roof': '', 'roof': '', 'ac_platform': '', 'plant_room': '', 'garden': '', 'yard': ''}",3.2,3.2,14953.0,14953.271028037383,20110200180119.0,5798121.0,ASP,HSL,赤柱,2000/08,2000.0,26.0,1,4.0,A,blank,LUNG TAK COURT,龍德苑,False
2088,2020-10-21,"LUNG TAK COURT(Block B),CAPE RD|龍德苑B座,環角道",3903.6176345584713,559.0,421.0,"{'bay_window': '', 'flat_roof': '', 'roof': '', 'ac_platform': '', 'plant_room': '', 'garden': '', 'yard': ''}",4.15,4.15,9857.0,9857.48218527316,20110200410386.0,5798187.0,ASP,HSL,赤柱,2000/08,2000.0,26.0,31,2.0,B,blank,LUNG TAK COURT,龍德苑,False
2093,2020-10-28,"YAU WING LAU,STANLEY MAIN ST|友榮樓,赤柱大街",6824.776465320606,0.0,235.0,"{'bay_window': '', 'flat_roof': '', 'roof': '', 'ac_platform': '', 'plant_room': '', 'garden': '', 'yard': ''}",4.05,4.05,17234.0,17234.042553191488,20111702140037.0,5806376.0,ASP,HSL,赤柱,1978/09,1978.0,48.0,D,5.0,blank,blank,blank,,False
2096,2020-11-26,"LUNG TAK COURT(Block C),CAPE RD|龍德苑C座,環角道",6174.200024062949,283.0,214.0,"{'bay_window': '', 'flat_roof': '', 'roof': '', 'ac_platform': '', 'plant_room': '', 'garden': '', 'yard': ''}",3.28,3.28,15327.0,15327.102803738318,20120201960083.0,5815246.0,ASP,HSL,赤柱,2000/08,2000.0,26.0,10,7.0,C,blank,LUNG TAK COURT,龍德苑,False
2098,2020-12-22,12A STANLEY MAIN ST|12A 赤柱大街,4683.9278206590425,0.0,294.0,"{'bay_window': '', 'flat_roof': '', 'roof': '', 'ac_platform': '', 'plant_room': '', 'garden': '', 'yard': ''}",3.456,3.456,11755.0,11755.102040816326,20122901700018.0,5831472.0,ASP,HSL,赤柱,1965/11,1965.0,61.0,whole floor,2.0,blank,blank,blank,,False
2099,2020-12-22,"LUNG TAK COURT(Block B),CAPE RD|龍德苑B座,環角道",3672.2599847572624,559.0,421.0,"{'bay_window': '', 'flat_roof': '', 'roof': '', 'ac_platform': '', 'plant_room': '', 'garden': '', 'yard': ''}",3.88,3.88,9216.0,9216.152019002375,20123101250431.0,5832684.0,ASP,HSL,赤柱,2000/08,2000.0,26.0,8,2.0,B,blank,LUNG TAK COURT,龍德苑,False
2101,2021-02-05,"STANFORD VILLA(Block 2),STANLEY VILLAGE RD|旭日居2座,赤柱村道",13796.186857633145,758.0,622.0,"{'bay_window': '', 'flat_roof': '', 'roof': '', 'ac_platform': '', 'plant_room': '', 'garden': '', 'yard': ''}",21.4,21.4,34405.0,34405.14469453376,21030102260011.0,5867880.0,ASP,HSL,赤柱,1995/05,1995.0,31.0,B,0.0,2,blank,STANFORD VILLA,旭日居,False
2103,2021-02-22,"LUNG TAK COURT(Block C),CAPE RD|龍德苑C座,環角道",4952.869977171471,559.0,421.0,"{'bay_window': '', 'flat_roof': '', 'roof': '', 'ac_platform': '', 'plant_room': '', 'garden': '', 'yard': ''}",5.2,5.2,12352.0,12351.543942992874,21031802300019.0,5877429.0,PRO-ASP,HSL,赤柱,2000/08,2000.0,26.0,23,6.0,C,blank,LUNG TAK COURT,龍德苑,False
2105,2021-03-18,"SEA AND SKY COURT,STANLEY MAIN ST|海天別墅,赤柱大街",7301.801052840031,1750.0,1510.0,"{'bay_window': '', 'flat_roof': '', 'roof': '', 'ac_platform': '', 'plant_room': '', 'garden': '', 'yard': ''}",28.0,28.0,18543.0,18543.046357615895,21041400420013.0,5891115.0,ASP,HSL,赤柱,1966/07,1966.0,60.0,A,9.0,blank,blank,blank,,False
2107,2021-03-26,"DONMARK MANSION,STANLEY MAIN ST|敦勝樓,赤柱大街",5080.231559561573,0.0,375.0,"{'bay_window': '', 'flat_roof': '', 'roof': '', 'ac_platform': '', 'plant_room': '', 'garden': '', 'yard': ''}",4.838,4.838,12901.0,12901.333333333334,21042302380131.0,5898677.0,PRO-ASP,HSL,赤柱,1987/12,1987.0,39.0,B,2.0,blank,blank,blank,,False
2108,2021-05-04,"YAU WING LAU,STANLEY MAIN ST|友榮樓,赤柱大街",7349.238528486661,0.0,269.0,"{'bay_window': '', 'flat_roof': '', 'roof': '', 'ac_platform': '', 'plant_room': '', 'garden': '', 'yard': ''}",5.03,5.03,18699.0,18698.88475836431,21051102120061.0,5909885.0,ASP,HSL,赤柱,1978/09,1978.0,48.0,B,5.0,blank,blank,blank,,False
2111,2021-05-20,"LUNG TAK COURT(Block B),CAPE RD|龍德苑B座,環角道",5041.250778691143,559.0,421.0,"{'bay_window': '', 'flat_roof': '', 'roof': '', 'ac_platform': '', 'plant_room': '', 'garden': '', 'yard': ''}",5.4,5.4,12827.0,12826.603325415677,21060202660026.0,5925428.0,ASP,HSL,赤柱,2000/08,2000.0,26.0,4,1.0,B,blank,LUNG TAK COURT,龍德苑,False
2112,2021-05-21,"LUNG TAK COURT(Block B),CAPE RD|龍德苑B座,環角道",6519.9042499938105,283.0,214.0,"{'bay_window': '', 'flat_roof': '', 'roof': '', 'ac_platform': '', 'plant_room': '', 'garden': '', 'yard': ''}",3.55,3.55,16589.0,16588.78504672897,21060900180067.0,5929321.0,ASP,HSL,赤柱,2000/08,2000.0,26.0,20,6.0,B,blank,LUNG TAK COURT,龍德苑,False
2114,2021-06-07,"LUNG CHUN HSE(Block A,LUNG YAN COURT),CAPE RD|龍欣苑,A座(龍駿閣),環角道",4661.316863938781,635.0,431.0,"{'bay_window': '3', 'flat_roof': '', 'roof': '', 'ac_platform': '', 'plant_room': '', 'garden': '', 'yard': ''}",5.3,5.3,12297.0,12296.983758700697,21061701730081.0,5935037.0,ASP,HSL,赤柱,1993/12,1993.0,33.0,3,8.0,A,blank,LUNG YAN COURT,龍欣苑,False
2115,2021-06-11,"LUNG TAK COURT(Block B),CAPE RD|龍德苑B座,環角道",6376.740650755963,283.0,214.0,"{'bay_window': '', 'flat_roof': '', 'roof': '', 'ac_platform': '', 'plant_room': '', 'garden': '', 'yard': ''}",3.6,3.6,16822.0,16822.429906542056,21062100630146.0,5936908.0,ASP,HSL,赤柱,2000/08,2000.0,26.0,34,5.0,B,blank,LUNG TAK COURT,龍德苑,False
2117,2021-06-03,"LUNG TAK COURT(Block C),CAPE RD|龍德苑C座,環角道",6235.035302961385,283.0,214.0,"{'bay_window': '', 'flat_roof': '', 'roof': '', 'ac_platform': '', 'plant_room': '', 'garden': '', 'yard': ''}",3.52,3.52,16449.0,16448.59813084112,21062901650326.0,5943761.0,ASP,HSL,赤柱,2000/08,2000.0,26.0,21,3.0,C,blank,LUNG TAK COURT,龍德苑,False
2118,2021-06-23,"LUNG TAK COURT(Block B),CAPE RD|龍德苑B座,環角道",3572.452985677311,552.0,417.0,"{'bay_window': '', 'flat_roof': '', 'roof': '', 'ac_platform': '', 'plant_room': '', 'garden': '', 'yard': ''}",3.93,3.93,9424.0,9424.460431654676,21070601500024.0,5948436.0,ASP,HSL,赤柱,2000/08,2000.0,26.0,19,5.0,B,blank,LUNG TAK COURT,龍德苑,False
2119,2021-07-02,"LUNG TAK COURT(Block D),CAPE RD|龍德苑D座,環角道",3752.083932450008,552.0,417.0,"{'bay_window': '', 'flat_roof': '', 'roof': '', 'ac_platform': '', 'plant_room': '', 'garden': '', 'yard': ''}",4.08,4.08,9784.0,9784.172661870503,21070700300026.0,5949128.0,ASP,HSL,赤柱,2000/08,2000.0,26.0,33,4.0,D,blank,LUNG TAK COURT,龍德苑,False
2121,2021-06-29,"LUNG TAK COURT(Block B),CAPE RD|龍德苑B座,環角道",3619.545029712549,559.0,421.0,"{'bay_window': '', 'flat_roof': '', 'roof': '', 'ac_platform': '', 'plant_room': '', 'garden': '', 'yard': ''}",4.02,4.02,9549.0,9548.693586698337,21070901960023.0,5951827.0,ASP,HSL,赤柱,2000/08,2000.0,26.0,18,9.0,B,blank,LUNG TAK COURT,龍德苑,False
2124,2021-06-29,"LUNG TAK COURT(Block B),CAPE RD|龍德苑B座,環角道",3601.537342997561,559.0,421.0,"{'bay_window': '', 'flat_roof': '', 'roof': '', 'ac_platform': '', 'plant_room': '', 'garden': '', 'yard': ''}",4.0,4.0,9501.0,9501.187648456056,21071402170182.0,5955321.0,ASP,HSL,赤柱,2000/08,2000.0,26.0,4,6.0,B,blank,LUNG TAK COURT,龍德苑,False
2125,2021-06-18,"LUNG TAK COURT(Block D),CAPE RD|龍德苑D座,環角道",6199.608966012741,283.0,214.0,"{'bay_window': '', 'flat_roof': '', 'roof': '', 'ac_platform': '', 'plant_room': '', 'garden': '', 'yard': ''}",3.5,3.5,16355.0,16355.140186915887,21071500820050.0,5955931.0,ASP,HSL,赤柱,2000/08,2000.0,26.0,1,4.0,D,blank,LUNG TAK COURT,龍德苑,False
2127,2021-06-25,"LUNG TAK COURT(Block B),CAPE RD|龍德苑B座,環角道",3545.182352198858,552.0,417.0,"{'bay_window': '', 'flat_roof': '', 'roof': '', 'ac_platform': '', 'plant_room': '', 'garden': '', 'yard': ''}",3.9,3.9,9353.0,9352.51798561151,21072101120092.0,5960254.0,ASP,HSL,赤柱,2000/08,2000.0,26.0,19,2.0,B,blank,LUNG TAK COURT,龍德苑,False
2128,2021-07-05,"LUNG CHUN HSE(Block A,LUNG YAN COURT),CAPE RD|龍欣苑,A座(龍駿閣),環角道",5281.963882154582,776.0,530.0,"{'bay_window': '', 'flat_roof': '', 'roof': '', 'ac_platform': '', 'plant_room': '', 'garden': '', 'yard': ''}",7.3,7.3,13774.0,13773.584905660377,21072900450035.0,5966709.0,ASP,HSL,赤柱,1993/12,1993.0,33.0,14,9.0,A,blank,LUNG YAN COURT,龍欣苑,False
2130,2021-07-27,"LUNG TAK COURT(Block A),CAPE RD|龍德苑A座,環角道",3488.7119657650046,559.0,421.0,"{'bay_window': '', 'flat_roof': '', 'roof': '', 'ac_platform': '', 'plant_room': '', 'garden': '', 'yard': ''}",3.83,3.83,9097.0,9097.387173396675,21080301350020.0,5969721.0,ASP,HSL,赤柱,2000/08,2000.0,26.0,25,1.0,A,blank,LUNG TAK COURT,龍德苑,False
2131,2021-07-17,"LUNG TAK COURT(Block D),CAPE RD|龍德苑D座,環角道",5374.2560308129305,559.0,421.0,"{'bay_window': '', 'flat_roof': '', 'roof': '', 'ac_platform': '', 'plant_room': '', 'garden': '', 'yard': ''}",5.9,5.9,14014.0,14014.251781472683,21080302350021.0,5970143.0,PRO-ASP,HSL,赤柱,2000/08,2000.0,26.0,27,6.0,D,blank,LUNG TAK COURT,龍德苑,False
2134,2021-08-04,"LUNG TAK COURT(Block D),CAPE RD|龍德苑D座,環角道",5337.435618611331,559.0,421.0,"{'bay_window': '', 'flat_roof': '', 'roof': '', 'ac_platform': '', 'plant_room': '', 'garden': '', 'yard': ''}",5.8,5.8,13777.0,13776.722090261283,21081600500029.0,5978294.0,ASP,HSL,赤柱,2000/08,2000.0,26.0,18,3.0,D,blank,LUNG TAK COURT,龍德苑,False
2135,2021-08-06,"LUNG TAK COURT(Block B),CAPE RD|龍德苑B座,環角道",3962.6278115387086,698.0,526.0,"{'bay_window': '', 'flat_roof': '', 'roof': '', 'ac_platform': '', 'plant_room': '', 'garden': '', 'yard': ''}",5.38,5.38,10228.0,10228.136882129278,21081700300082.0,5978981.0,ASP,HSL,赤柱,2000/08,2000.0,26.0,23,7.0,B,blank,LUNG TAK COURT,龍德苑,False
2137,2021-07-26,"BAUHINIA GARDEN,CHUNG HOM KOK RD|紫荊園,舂磡角道",9142.283567643779,0.0,1250.0,"{'bay_window': '', 'flat_roof': '', 'roof': '', 'ac_platform': '', 'plant_room': '', 'garden': '', 'yard': ''}",29.8,29.8,23840.0,23840.0,21082401350158.0,5984627.0,ASP,HSL,赤柱,1972/03,1972.0,54.0,B,1.0,blank,blank,BAUHINIA GARDEN,紫荊園,False
2141,2021-08-25,"LUNG TAK COURT(Block D),CAPE RD|龍德苑D座,環角道",3773.0148338459408,559.0,421.0,"{'bay_window': '', 'flat_roof': '', 'roof': '', 'ac_platform': '', 'plant_room': '', 'garden': '', 'yard': ''}",4.1,4.1,9739.0,9738.717339667457,21090600310037.0,5992003.0,ASP,HSL,赤柱,2000/08,2000.0,26.0,27,4.0,D,blank,LUNG TAK COURT,龍德苑,False
2142,2021-08-23,"LUNG TAK COURT(Block A),CAPE RD|龍德苑A座,環角道",5450.454610666626,698.0,526.0,"{'bay_window': '', 'flat_roof': '', 'roof': '', 'ac_platform': '', 'plant_room': '', 'garden': '', 'yard': ''}",7.4,7.4,14068.0,14068.441064638784,21090601910065.0,5992504.0,ASP,HSL,赤柱,2000/08,2000.0,26.0,4,4.0,A,blank,LUNG TAK COURT,龍德苑,False
2143,2021-09-14,"LUNG TAK COURT(Block D),CAPE RD|龍德苑D座,環角道",5745.949249738737,283.0,214.0,"{'bay_window': '', 'flat_roof': '', 'roof': '', 'ac_platform': '', 'plant_room': '', 'garden': '', 'yard': ''}",3.2,3.2,14953.0,14953.271028037383,21092700840026.0,6005721.0,ASP,HSL,赤柱,2000/08,2000.0,26.0,15,1.0,D,blank,LUNG TAK COURT,龍德苑,False
2145,2021-09-29,"LUNG TAK COURT(Block C),CAPE RD|龍德苑C座,環角道",6212.80762628001,283.0,214.0,"{'bay_window': '', 'flat_roof': '', 'roof': '', 'ac_platform': '', 'plant_room': '', 'garden': '', 'yard': ''}",3.46,3.46,16168.0,16168.224299065421,21100800530033.0,6014231.0,ASP,HSL,赤柱,2000/08,2000.0,26.0,11,3.0,C,blank,LUNG TAK COURT,龍德苑,False
2146,2021-10-07,"LUNG TAK COURT(Block A),CAPE RD|龍德苑A座,環角道",3523.6390231889714,283.0,214.0,"{'bay_window': '', 'flat_roof': '', 'roof': '', 'ac_platform': '', 'plant_room': '', 'garden': '', 'yard': ''}",1.95,1.95,9112.0,9112.14953271028,21101200170048.0,6016177.0,ASP,HSL,赤柱,2000/08,2000.0,26.0,1,7.0,A,blank,LUNG TAK COURT,龍德苑,False
2147,2021-10-17,"LUNG TAN HSE(Block B,LUNG YAN COURT),CAPE RD|龍欣苑,B座(龍騰閣),環角道",4916.701713694058,632.0,431.0,"{'bay_window': '', 'flat_roof': '', 'roof': '', 'ac_platform': '', 'plant_room': '', 'garden': '', 'yard': ''}",5.48,5.48,12715.0,12714.61716937355,21102800560062.0,6026039.0,PRO-ASP,HSL,赤柱,1993/12,1993.0,33.0,8,3.0,B,blank,LUNG YAN COURT,龍欣苑,False
2148,2021-10-19,"CHIK TAK MANSION,STANLEY NEW ST|積德樓,赤柱新街",5408.911333920397,582.0,479.0,"{'bay_window': '', 'flat_roof': '', 'roof': '', 'ac_platform': '', 'plant_room': '', 'garden': '', 'yard': ''}",6.7,6.7,13987.0,13987.473903966596,21102801530017.0,6026248.0,PRO-ASP,HSL,赤柱,1986/10,1986.0,40.0,C,2.0,blank,blank,blank,,False
2149,2021-09-29,"LUNG TAK COURT(Block B),CAPE RD|龍德苑B座,環角道",7182.436562173421,283.0,214.0,"{'bay_window': '', 'flat_roof': '', 'roof': '', 'ac_platform': '', 'plant_room': '', 'garden': '', 'yard': ''}",4.0,4.0,18692.0,18691.58878504673,21102902010480.0,6027236.0,ASP,HSL,赤柱,2000/08,2000.0,26.0,21,7.0,B,blank,LUNG TAK COURT,龍德苑,False
2152,2021-11-10,"CHIK TAK MANSION,STANLEY NEW ST|積德樓,赤柱新街",4390.448810780706,508.0,416.0,"{'bay_window': '', 'flat_roof': '', 'roof': '', 'ac_platform': '', 'plant_room': '', 'garden': '', 'yard': ''}",4.65,4.65,11178.0,11177.884615384615,21111901730120.0,6039139.0,ASP,HSL,赤柱,1986/10,1986.0,40.0,A,3.0,blank,blank,blank,,False
2154,2021-11-15,"LUNG TAK COURT(Block C),CAPE RD|龍德苑C座,環角道",6699.283965721459,283.0,214.0,"{'bay_window': '', 'flat_roof': '', 'roof': '', 'ac_platform': '', 'plant_room': '', 'garden': '', 'yard': ''}",3.65,3.65,17056.0,17056.07476635514,21112401650045.0,6041412.0,ASP,HSL,赤柱,2000/08,2000.0,26.0,1,2.0,C,blank,LUNG TAK COURT,龍德苑,False
2155,2021-11-22,"LUNG TAK COURT(Block C),CAPE RD|龍德苑C座,環角道",3875.627458113821,699.0,527.0,"{'bay_window': '', 'flat_roof': '', 'roof': '', 'ac_platform': '', 'plant_room': '', 'garden': '', 'yard': ''}",5.2,5.2,9867.0,9867.172675521822,21112900180581.0,6043761.0,ASP,HSL,赤柱,2000/08,2000.0,26.0,25,6.0,C,blank,LUNG TAK COURT,龍德苑,False
2156,2021-11-30,"LUNG TAK COURT(Block B),CAPE RD|龍德苑B座,環角道",5448.538788273224,559.0,421.0,"{'bay_window': '', 'flat_roof': '', 'roof': '', 'ac_platform': '', 'plant_room': '', 'garden': '', 'yard': ''}",5.84,5.84,13872.0,13871.733966745844,21121402320028.0,6053465.0,ASP,HSL,赤柱,2000/08,2000.0,26.0,3,5.0,B,blank,LUNG TAK COURT,龍德苑,False
2157,2021-12-10,"YAU SHING LAU,STANLEY MAIN ST|友誠樓,赤柱大街",5696.887932280972,0.0,258.0,"{'bay_window': '', 'flat_roof': '', 'roof': '', 'ac_platform': '', 'plant_room': '', 'garden': '', 'yard': ''}",3.8,3.8,14729.0,14728.682170542636,21121701960190.0,6055964.0,ASP,HSL,赤柱,1978/02,1978.0,48.0,B,4.0,blank,blank,blank,,False
2158,2021-12-10,"LUNG CHUN HSE(Block A,LUNG YAN COURT),CAPE RD|龍欣苑,A座(龍駿閣),環角道",4843.895956586762,785.0,535.0,"{'bay_window': '', 'flat_roof': '', 'roof': '', 'ac_platform': '', 'plant_room': '', 'garden': '', 'yard': ''}",6.7,6.7,12523.0,12523.364485981308,21122002210044.0,6057071.0,ASP,HSL,赤柱,1993/12,1993.0,33.0,9,5.0,A,blank,LUNG YAN COURT,龍欣苑,False
2159,2021-11-30,"PEARL VILLA,CHUNG HOM KOK RD|PEARL VILLA,舂磡角道",25137.91594370441,0.0,1250.0,"{'bay_window': '', 'flat_roof': '', 'roof': '', 'ac_platform': '', 'plant_room': '', 'garden': '', 'yard': ''}",80.0,80.0,64000.0,64000.0,21122901820019.0,6061888.0,PRO-ASP,HSL,赤柱,9999,9999.0,-7973.0,A,0.0,blank,blank,blank,,False
2160,2021-11-30,"PEARL VILLA,CHUNG HOM KOK RD|PEARL VILLA,舂磡角道",15369.649693841013,0.0,2300.0,"{'bay_window': '', 'flat_roof': '', 'roof': '', 'ac_platform': '', 'plant_room': '', 'garden': '', 'yard': ''}",90.0,90.0,39130.0,39130.434782608696,21122901820025.0,6061889.0,PRO-ASP,HSL,赤柱,9999,9999.0,-7973.0,whole floor,2.0,blank,blank,blank,,False
2161,2022-01-05,"LUNG TAK COURT(Block C),CAPE RD|龍德苑C座,環角道",3756.7846613454926,559.0,421.0,"{'bay_window': '', 'flat_roof': '', 'roof': '', 'ac_platform': '', 'plant_room': '', 'garden': '', 'yard': ''}",3.95,3.95,9382.0,9382.422802850357,22011200950125.0,6070997.0,ASP,HSL,赤柱,2000/08,2000.0,26.0,13,8.0,C,blank,LUNG TAK COURT,龍德苑,False
2163,2022-01-14,"LUNG TAK COURT(Block C),CAPE RD|龍德苑C座,環角道",6735.813122838315,283.0,214.0,"{'bay_window': '', 'flat_roof': '', 'roof': '', 'ac_platform': '', 'plant_room': '', 'garden': '', 'yard': ''}",3.6,3.6,16822.0,16822.429906542056,22013101240033.0,6084702.0,MEM-ASP,HSL,赤柱,2000/08,2000.0,26.0,21,6.0,C,blank,LUNG TAK COURT,龍德苑,False
2168,2022-03-01,"YAU WING LAU,STANLEY MAIN ST|友榮樓,赤柱大街",6743.400297349052,0.0,245.0,"{'bay_window': '', 'flat_roof': '', 'roof': '', 'ac_platform': '', 'plant_room': '', 'garden': '', 'yard': ''}",4.1,4.1,16735.0,16734.693877551017,22031600340039.0,6101927.0,ASP,HSL,赤柱,1978/09,1978.0,48.0,C,5.0,blank,blank,blank,,False
2169,2022-03-18,"GREENVILLE,WONG MA KOK RD|綠怡居,黃麻角道",3229.8263386576878,657.0,524.0,"{'bay_window': '', 'flat_roof': '', 'roof': '', 'ac_platform': '', 'plant_room': '', 'garden': '', 'yard': ''}",4.2,4.2,8015.0,8015.267175572519,22040701550011.0,6109614.0,MEM-ASP,HSL,赤柱,1995/10,1995.0,31.0,A,3.0,blank,blank,blank,,False
2170,2022-04-08,"LUNG TAK COURT(Block C),CAPE RD|龍德苑C座,環角道",5323.3030292274125,699.0,527.0,"{'bay_window': '', 'flat_roof': '', 'roof': '', 'ac_platform': '', 'plant_room': '', 'garden': '', 'yard': ''}",6.98,6.98,13245.0,13244.781783681214,22042701300011.0,6116948.0,PRO-ASP,HSL,赤柱,2000/08,2000.0,26.0,26,1.0,C,blank,LUNG TAK COURT,龍德苑,False
2171,2022-04-21,74 STANLEY MAIN ST|74 赤柱大街,7421.136659368567,0.0,547.0,"{'bay_window': '', 'flat_roof': '', 'roof': '', 'ac_platform': '', 'plant_room': '', 'garden': '', 'yard': ''}",10.1,10.1,18464.0,18464.35100548446,22050400350035.0,6119582.0,PRE-ASP,HSL,赤柱,1976/08,1976.0,50.0,whole floor,5.0,blank,blank,blank,,False
2173,2022-04-25,"LUNG TAK COURT(Block D),CAPE RD|龍德苑D座,環角道",5250.697217777177,559.0,421.0,"{'bay_window': '', 'flat_roof': '', 'roof': '', 'ac_platform': '', 'plant_room': '', 'garden': '', 'yard': ''}",5.5,5.5,13064.0,13064.133016627078,22050600280034.0,6120841.0,ASP,HSL,赤柱,2000/08,2000.0,26.0,8,4.0,D,blank,LUNG TAK COURT,龍德苑,False
2174,2022-04-29,"LUNG TAK COURT(Block B),CAPE RD|龍德苑B座,環角道",6479.503121461734,283.0,214.0,"{'bay_window': '', 'flat_roof': '', 'roof': '', 'ac_platform': '', 'plant_room': '', 'garden': '', 'yard': ''}",3.45,3.45,16122.0,16121.495327102804,22051000740040.0,6121674.0,ASP,HSL,赤柱,2000/08,2000.0,26.0,20,1.0,B,blank,LUNG TAK COURT,龍德苑,False
2175,2022-04-26,"LUNG TAK COURT(Block D),CAPE RD|龍德苑D座,環角道",5252.872130511812,552.0,417.0,"{'bay_window': '', 'flat_roof': '', 'roof': '', 'ac_platform': '', 'plant_room': '', 'garden': '', 'yard': ''}",5.45,5.45,13070.0,13069.544364508392,22051101230042.0,6122564.0,ASP,HSL,赤柱,2000/08,2000.0,26.0,13,3.0,D,blank,LUNG TAK COURT,龍德苑,False
2176,2022-05-03,"LUNG CHUN HSE(Block A,LUNG YAN COURT),CAPE RD|龍欣苑,A座(龍駿閣),環角道",5107.064228835223,635.0,431.0,"{'bay_window': '3', 'flat_roof': '', 'roof': '', 'ac_platform': '', 'plant_room': '', 'garden': '', 'yard': ''}",5.48,5.48,12715.0,12714.61716937355,22051102240026.0,6122932.0,ASP,HSL,赤柱,1993/12,1993.0,33.0,6,2.0,A,blank,LUNG YAN COURT,龍欣苑,False
2179,2022-05-19,"LUNG TAK COURT(Block B),CAPE RD|龍德苑B座,環角道",6700.735484158105,283.0,214.0,"{'bay_window': '', 'flat_roof': '', 'roof': '', 'ac_platform': '', 'plant_room': '', 'garden': '', 'yard': ''}",3.57,3.57,16682.0,16682.242990654206,22060200380051.0,6134503.0,ASP,HSL,赤柱,2000/08,2000.0,26.0,20,8.0,B,blank,LUNG TAK COURT,龍德苑,False
2184,2022-09-05,"LUNG TAK COURT(Block C),CAPE RD|龍德苑C座,環角道",5557.873786047917,699.0,527.0,"{'bay_window': '', 'flat_roof': '', 'roof': '', 'ac_platform': '', 'plant_room': '', 'garden': '', 'yard': ''}",6.68,6.68,12676.0,12675.521821631879,22091301120050.0,6180385.0,ASP,HSL,赤柱,2000/08,2000.0,26.0,16,2.0,C,blank,LUNG TAK COURT,龍德苑,False
2186,2022-09-19,"LUNG TAK COURT(Block B),CAPE RD|龍德苑B座,環角道",6308.963695444906,552.0,417.0,"{'bay_window': '', 'flat_roof': '', 'roof': '', 'ac_platform': '', 'plant_room': '', 'garden': '', 'yard': ''}",6.0,6.0,14388.0,14388.489208633093,22101000910010.0,6189794.0,ASP,HSL,赤柱,2000/08,2000.0,26.0,9,4.0,B,blank,LUNG TAK COURT,龍德苑,False
2188,2022-09-30,"LUNG TAK COURT(Block C),CAPE RD|龍德苑C座,環角道",3332.8112253371673,559.0,421.0,"{'bay_window': '', 'flat_roof': '', 'roof': '', 'ac_platform': '', 'plant_room': '', 'garden': '', 'yard': ''}",3.2,3.2,7601.0,7600.950118764846,22101101580080.0,6190505.0,ASP,HSL,赤柱,2000/08,2000.0,26.0,23,3.0,C,blank,LUNG TAK COURT,龍德苑,False
2190,2022-09-27,"LUNG TAK COURT(Block B),CAPE RD|龍德苑B座,環角道",5194.38010924964,552.0,417.0,"{'bay_window': '', 'flat_roof': '', 'roof': '', 'ac_platform': '', 'plant_room': '', 'garden': '', 'yard': ''}",4.94,4.94,11847.0,11846.52278177458,22102500910013.0,6196629.0,PRO-ASP,HSL,赤柱,2000/08,2000.0,26.0,9,0.0,B,blank,LUNG TAK COURT,龍德苑,False
2192,2022-11-08,"LUNG TAK COURT(Block A),CAPE RD|龍德苑A座,環角道",3703.7299893470868,559.0,421.0,"{'bay_window': '', 'flat_roof': '', 'roof': '', 'ac_platform': '', 'plant_room': '', 'garden': '', 'yard': ''}",3.38,3.38,8029.0,8028.503562945368,22111101040027.0,6202872.0,ASP,HSL,赤柱,2000/08,2000.0,26.0,8,6.0,A,blank,LUNG TAK COURT,龍德苑,False
2193,2022-11-22,"LUNG CHUN HSE(Block A,LUNG YAN COURT),CAPE RD|龍欣苑,A座(龍駿閣),環角道",5244.734685418599,635.0,431.0,"{'bay_window': '3', 'flat_roof': '', 'roof': '', 'ac_platform': '', 'plant_room': '', 'garden': '', 'yard': ''}",4.9,4.9,11369.0,11368.909512761022,22120701020010.0,6210991.0,ASP,HSL,赤柱,1993/12,1993.0,33.0,2,2.0,A,blank,LUNG YAN COURT,龍欣苑,False
2195,2022-12-16,"LUNG TAK COURT(Block D),CAPE RD|龍德苑D座,環角道",3688.374055776069,559.0,421.0,"{'bay_window': '', 'flat_roof': '', 'roof': '', 'ac_platform': '', 'plant_room': '', 'garden': '', 'yard': ''}",3.3,3.3,7838.0,7838.479809976247,22122001820027.0,6215870.0,ASP,HSL,赤柱,2000/08,2000.0,26.0,27,1.0,D,blank,LUNG TAK COURT,龍德苑,False
2196,2022-12-28,"LUNG TAK COURT(Block C),CAPE RD|龍德苑C座,環角道",3800.1429665571623,559.0,421.0,"{'bay_window': '', 'flat_roof': '', 'roof': '', 'ac_platform': '', 'plant_room': '', 'garden': '', 'yard': ''}",3.4,3.4,8076.0,8076.009501187648,23010300140247.0,6219356.0,ASP,HSL,赤柱,2000/08,2000.0,26.0,17,5.0,C,blank,LUNG TAK COURT,龍德苑,False
2197,2022-12-16,"SEA AND SKY COURT,STANLEY MAIN ST|海天別墅,赤柱大街",7790.515138880821,1750.0,1510.0,"{'bay_window': '', 'flat_roof': '', 'roof': '', 'ac_platform': '', 'plant_room': '', 'garden': '', 'yard': ''}",25.0,25.0,16556.0,16556.29139072848,23011201210042.0,6224097.0,PRO-ASP,HSL,赤柱,1966/07,1966.0,60.0,A,6.0,blank,blank,blank,,False
2198,2022-12-23,"LUNG TAN HSE(Block B,LUNG YAN COURT),CAPE RD|龍欣苑,B座(龍騰閣),環角道",4891.069773689185,632.0,431.0,"{'bay_window': '', 'flat_roof': '', 'roof': '', 'ac_platform': '', 'plant_room': '', 'garden': '', 'yard': ''}",4.48,4.48,10394.0,10394.431554524363,23011701200076.0,6225870.0,ASP,HSL,赤柱,1993/12,1993.0,33.0,6,2.0,B,blank,LUNG YAN COURT,龍欣苑,False
2202,2023-02-28,"PEARL VILLA,CHUNG HOM KOK RD|PEARL VILLA,舂磡角道",25990.007667116442,0.0,1250.0,"{'bay_window': '', 'flat_roof': '', 'roof': '', 'ac_platform': '', 'plant_room': '', 'garden': '', 'yard': ''}",72.8,72.8,58240.0,58240.0,23032301150013.0,6258260.0,ASP,HSL,赤柱,1971/08,1971.0,55.0,A,1.0,blank,blank,blank,,False
2203,2023-03-21,"YAU SHING LAU,STANLEY MAIN ST|友誠樓,赤柱大街",7432.007447331143,0.0,260.0,"{'bay_window': '', 'flat_roof': '', 'roof': '', 'ac_platform': '', 'plant_room': '', 'garden': '', 'yard': ''}",4.4,4.4,16923.0,16923.076923076922,23032301660096.0,6257975.0,ASP,HSL,赤柱,1978/02,1978.0,48.0,A,4.0,blank,blank,blank,,False
2204,2023-03-21,"YAU SHING LAU,STANLEY MAIN ST|友誠樓,赤柱大街",6934.169627892695,0.0,285.0,"{'bay_window': '', 'flat_roof': '', 'roof': '', 'ac_platform': '', 'plant_room': '', 'garden': '', 'yard': ''}",4.5,4.5,15789.0,15789.473684210527,23032800340114.0,6259939.0,ASP,HSL,赤柱,1978/02,1978.0,48.0,C,4.0,blank,blank,blank,,False
2205,2023-04-12,"LUNG TAK COURT(Block B),CAPE RD|龍德苑B座,環角道",3193.0262003575704,552.0,417.0,"{'bay_window': '', 'flat_roof': '', 'roof': '', 'ac_platform': '', 'plant_room': '', 'garden': '', 'yard': ''}",3.08,3.08,7386.0,7386.0911270983215,23041800170364.0,6268382.0,ASP,HSL,赤柱,2000/08,2000.0,26.0,19,1.0,B,blank,LUNG TAK COURT,龍德苑,False
2206,2023-04-12,"YAU WING LAU,STANLEY MAIN ST|友榮樓,赤柱大街",5785.461946575562,0.0,269.0,"{'bay_window': '', 'flat_roof': '', 'roof': '', 'ac_platform': '', 'plant_room': '', 'garden': '', 'yard': ''}",3.6,3.6,13383.0,13382.899628252788,23041900620025.0,6269360.0,ASP,HSL,赤柱,1978/09,1978.0,48.0,B,4.0,blank,blank,blank,,False
2208,2023-04-18,"DONMARK MANSION,STANLEY MAIN ST|敦勝樓,赤柱大街",4380.666075399658,0.0,375.0,"{'bay_window': '', 'flat_roof': '', 'roof': '', 'ac_platform': '', 'plant_room': '', 'garden': '', 'yard': ''}",3.8,3.8,10133.0,10133.333333333334,23050300180082.0,6276764.0,PRO-ASP,HSL,赤柱,1987/12,1987.0,39.0,A,3.0,blank,blank,blank,,False
2209,2023-05-05,"LUNG TAK COURT(Block B),CAPE RD|龍德苑B座,環角道",3188.0982092396,552.0,417.0,"{'bay_window': '', 'flat_roof': '', 'roof': '', 'ac_platform': '', 'plant_room': '', 'garden': '', 'yard': ''}",2.948,2.948,7070.0,7069.544364508393,23051200730021.0,6282517.0,ASP,HSL,赤柱,2000/08,2000.0,26.0,22,3.0,B,blank,LUNG TAK COURT,龍德苑,False
2210,2023-04-28,"STANFORD VILLA(Block 2),STANLEY VILLAGE RD|旭日居2座,赤柱村道",9116.92564633856,1052.0,863.0,"{'bay_window': '', 'flat_roof': '', 'roof': '', 'ac_platform': '', 'plant_room': '', 'garden': '', 'yard': ''}",18.2,18.2,21089.0,21089.223638470452,23051502000015.0,6283690.0,PRE-ASP,HSL,赤柱,1995/05,1995.0,31.0,D,1.0,2,blank,STANFORD VILLA,旭日居,False
2211,2023-05-12,"LUNG TAK COURT(Block D),CAPE RD|龍德苑D座,環角道",4715.385595500088,698.0,526.0,"{'bay_window': '', 'flat_roof': '', 'roof': '', 'ac_platform': '', 'plant_room': '', 'garden': '', 'yard': ''}",5.5,5.5,10456.0,10456.273764258554,23051700950020.0,6284857.0,ASP,HSL,赤柱,2000/08,2000.0,26.0,31,5.0,D,blank,LUNG TAK COURT,龍德苑,False
2214,2023-06-09,"LUNG TAK COURT(Block B),CAPE RD|龍德苑B座,環角道",4014.81249748837,559.0,421.0,"{'bay_window': '', 'flat_roof': '', 'roof': '', 'ac_platform': '', 'plant_room': '', 'garden': '', 'yard': ''}",3.688,3.688,8760.0,8760.095011876485,23061501500189.0,6298712.0,ASP,HSL,赤柱,2000/08,2000.0,26.0,32,7.0,B,blank,LUNG TAK COURT,龍德苑,False
2215,2023-06-21,"LUNG TAK COURT(Block C),CAPE RD|龍德苑C座,環角道",3911.697718210573,699.0,527.0,"{'bay_window': '', 'flat_roof': '', 'roof': '', 'ac_platform': '', 'plant_room': '', 'garden': '', 'yard': ''}",4.498,4.498,8535.0,8535.104364326377,23062900170120.0,6305427.0,ASP,HSL,赤柱,2000/08,2000.0,26.0,25,9.0,C,blank,LUNG TAK COURT,龍德苑,False
2218,2023-10-20,"LUNG TAK COURT(Block B),CAPE RD|龍德苑B座,環角道",1748.7952846730125,699.0,527.0,"{'bay_window': '', 'flat_roof': '', 'roof': '', 'ac_platform': '', 'plant_room': '', 'garden': '', 'yard': ''}",1.9,1.9,3605.0,3605.3130929791273,23110601590081.0,6354912.0,ASP,HSL,赤柱,2000/08,2000.0,26.0,26,1.0,B,blank,LUNG TAK COURT,龍德苑,False
2219,2023-10-24,"SEA AND SKY COURT,STANLEY MAIN ST|海天別墅,赤柱大街",7617.938703797435,0.0,1560.0,"{'bay_window': '', 'flat_roof': '', 'roof': '', 'ac_platform': '', 'plant_room': '', 'garden': '', 'yard': ''}",24.5,24.5,15705.0,15705.128205128205,23112201170013.0,6359687.0,MEM-ASP,HSL,赤柱,1966/07,1966.0,60.0,B,1.0,blank,blank,blank,,False
2220,2023-10-24,"SEA AND SKY COURT,STANLEY MAIN ST|海天別墅,赤柱大街",8512.652683200053,1750.0,1510.0,"{'bay_window': '', 'flat_roof': '', 'roof': '', 'ac_platform': '', 'plant_room': '', 'garden': '', 'yard': ''}",26.5,26.5,17550.0,17549.668874172185,23112201170037.0,6359860.0,MEM-ASP,HSL,赤柱,1966/07,1966.0,60.0,B,2.0,blank,blank,blank,,False
2222,2023-11-12,12A STANLEY MAIN ST|12A 赤柱大街,5576.067638680276,0.0,294.0,"{'bay_window': '', 'flat_roof': '', 'roof': '', 'ac_platform': '', 'plant_room': '', 'garden': '', 'yard': ''}",3.25,3.25,11054.0,11054.421768707483,23120400930024.0,6362901.0,PRO-ASP,HSL,赤柱,1965/11,1965.0,61.0,whole floor,4.0,blank,blank,blank,,False
2226,2024-01-17,"LUNG TAK COURT(Block A),CAPE RD|龍德苑A座,環角道",5200.128389361698,559.0,421.0,"{'bay_window': '', 'flat_roof': '', 'roof': '', 'ac_platform': '', 'plant_room': '', 'garden': '', 'yard': ''}",4.15,4.15,9857.0,9857.48218527316,24030701450018.0,6389662.0,MEM-ASP,HSL,赤柱,2000/08,2000.0,26.0,7,3.0,A,blank,LUNG TAK COURT,龍德苑,False
2228,2024-03-18,"LUNG TAN HSE(Block B,LUNG YAN COURT),CAPE RD|龍欣苑,B座(龍騰閣),環角道",5137.001942010984,632.0,431.0,"{'bay_window': '', 'flat_roof': '', 'roof': '', 'ac_platform': '', 'plant_room': '', 'garden': '', 'yard': ''}",4.35,4.35,10093.0,10092.807424593968,24032200190021.0,6394696.0,MEM-ASP,HSL,赤柱,1993/12,1993.0,33.0,2,10.0,B,blank,LUNG YAN COURT,龍欣苑,False
2229,2024-03-15,"LUNG TAK COURT(Block D),CAPE RD|龍德苑D座,環角道",6778.4255403042125,283.0,214.0,"{'bay_window': '', 'flat_roof': '', 'roof': '', 'ac_platform': '', 'plant_room': '', 'garden': '', 'yard': ''}",2.85,2.85,13318.0,13317.757009345794,24032601640026.0,6397052.0,ASP,HSL,赤柱,2000/08,2000.0,26.0,15,5.0,D,blank,LUNG TAK COURT,龍德苑,False
2230,2024-03-15,43 STANLEY VILLAGE RD|43 赤柱村道,10211.341317229333,1562.0,1280.0,"{'bay_window': '', 'flat_roof': '', 'roof': '', 'ac_platform': '', 'plant_room': '', 'garden': '', 'yard': ''}",25.68,25.68,20062.0,20062.5,24040200630046.0,6399659.0,ASP,HSL,赤柱,1990/02,1990.0,36.0,C,0.0,blank,blank,blank,,False
2231,2024-03-27,"LUNG TAK COURT(Block A),CAPE RD|龍德苑A座,環角道",3464.136731997774,698.0,526.0,"{'bay_window': '', 'flat_roof': '', 'roof': '', 'ac_platform': '', 'plant_room': '', 'garden': '', 'yard': ''}",3.58,3.58,6806.0,6806.083650190114,24040900340040.0,6402901.0,ASP,HSL,赤柱,2000/08,2000.0,26.0,21,9.0,A,blank,LUNG TAK COURT,龍德苑,False
2232,2024-04-17,"LUNG TAK COURT(Block A),CAPE RD|龍德苑A座,環角道",4604.355540483216,559.0,421.0,"{'bay_window': '', 'flat_roof': '', 'roof': '', 'ac_platform': '', 'plant_room': '', 'garden': '', 'yard': ''}",3.8,3.8,9026.0,9026.128266033254,24050800450075.0,6419565.0,ASP,HSL,赤柱,2000/08,2000.0,26.0,16,0.0,A,blank,LUNG TAK COURT,龍德苑,False
2233,2024-04-26,"ONE STANLEY(Block 11),WONG MA KOK RD|ONE STANLEY11座,黃麻角道",17400.74356252746,0.0,2466.0,"{'bay_window': '', 'flat_roof': '', 'roof': '', 'ac_platform': '', 'plant_room': '882', 'garden': '', 'yard': ''}",84.118889,84.118889,34111.0,34111.47161394972,24051001920016.0,6421425.0,ASP,HSL,赤柱,2023/07,2023.0,3.0,A,0.0,11,blank,ONE STANLEY,ONE STANLEY,False
2234,2024-04-26,"ONE STANLEY(Block 2),WONG MA KOK RD|ONE STANLEY2座,黃麻角道",16069.704518070108,0.0,1931.0,"{'bay_window': '', 'flat_roof': '33', 'roof': '818', 'ac_platform': '', 'plant_room': '', 'garden': '', 'yard': ''}",60.8307,60.8307,31502.0,31502.175038839978,24051401680048.0,6422859.0,ASP,HSL,赤柱,2023/07,2023.0,3.0,A,2.0,2,blank,ONE STANLEY,ONE STANLEY,False
2235,2024-04-26,"ONE STANLEY(Block 1),WONG MA KOK RD|ONE STANLEY1座,黃麻角道",15020.925149534409,0.0,1805.0,"{'bay_window': '', 'flat_roof': '', 'roof': '', 'ac_platform': '', 'plant_room': '418', 'garden': '', 'yard': ''}",53.1504,53.1504,29446.0,29446.204986149583,24051401840125.0,6422870.0,ASP,HSL,赤柱,2023/07,2023.0,3.0,B,0.0,1,blank,ONE STANLEY,ONE STANLEY,False
2236,2024-04-26,"LUNG CHUN HSE(Block A,LUNG YAN COURT),CAPE RD|龍欣苑,A座(龍駿閣),環角道",3432.32243215042,635.0,431.0,"{'bay_window': '3', 'flat_roof': '', 'roof': '', 'ac_platform': '', 'plant_room': '', 'garden': '', 'yard': ''}",2.9,2.9,6729.0,6728.538283062645,24051600240043.0,6423018.0,PRO-ASP,HSL,赤柱,1993/12,1993.0,33.0,6,0.0,A,blank,LUNG YAN COURT,龍欣苑,False
2237,2024-05-06,"ONE STANLEY(Block 1),WONG MA KOK RD|ONE STANLEY1座,黃麻角道",16826.003149773158,0.0,1931.0,"{'bay_window': '', 'flat_roof': '33', 'roof': '818', 'ac_platform': '', 'plant_room': '', 'garden': '', 'yard': ''}",63.7272,63.7272,33002.0,33002.17503883998,24051701530115.0,6424155.0,ASP,HSL,赤柱,2023/07,2023.0,3.0,A,2.0,1,blank,ONE STANLEY,ONE STANLEY,False
2238,2024-04-30,"ONE STANLEY(Block 2),WONG MA KOK RD|ONE STANLEY2座,黃麻角道",16323.65206352365,0.0,1909.0,"{'bay_window': '', 'flat_roof': '33', 'roof': '821', 'ac_platform': '', 'plant_room': '', 'garden': '', 'yard': ''}",61.088,61.088,32000.0,32000.0,24052000520033.0,6424418.0,ASP,HSL,赤柱,2023/07,2023.0,3.0,B,2.0,2,blank,ONE STANLEY,ONE STANLEY,False
2240,2024-05-09,"ONE STANLEY(Block 10),WONG MA KOK RD|ONE STANLEY10座,黃麻角道",16602.688814092453,0.0,2551.0,"{'bay_window': '', 'flat_roof': '38', 'roof': '1089', 'ac_platform': '', 'plant_room': '', 'garden': '', 'yard': ''}",83.0712,83.0712,32564.0,32564.170913367307,24052400880025.0,6427712.0,ASP,HSL,赤柱,2023/07,2023.0,3.0,D,2.0,10,blank,ONE STANLEY,ONE STANLEY,False
2242,2024-05-08,"ONE STANLEY(Block 10),WONG MA KOK RD|ONE STANLEY10座,黃麻角道",17947.360155571823,0.0,4932.0,"{'bay_window': '', 'flat_roof': '', 'roof': '', 'ac_platform': '', 'plant_room': '821', 'garden': '', 'yard': ''}",173.6142,173.6142,35202.0,35201.58150851582,24052900810023.0,6429681.0,ASP,HSL,赤柱,2023/07,2023.0,3.0,A,0.0,10,blank,ONE STANLEY,ONE STANLEY,False
2243,2024-06-07,"LUNG CHUN HSE(Block A,LUNG YAN COURT),CAPE RD|龍欣苑,A座(龍駿閣),環角道",5603.730991665469,635.0,431.0,"{'bay_window': '3', 'flat_roof': '', 'roof': '', 'ac_platform': '', 'plant_room': '', 'garden': '', 'yard': ''}",4.6,4.6,10673.0,10672.853828306264,24061401500043.0,6436441.0,ASP,HSL,赤柱,1993/12,1993.0,33.0,6,9.0,A,blank,LUNG YAN COURT,龍欣苑,False
2244,2024-06-12,"LUNG TAK COURT(Block B),CAPE RD|龍德苑B座,環角道",5414.13546390033,552.0,417.0,"{'bay_window': '', 'flat_roof': '', 'roof': '', 'ac_platform': '', 'plant_room': '', 'garden': '', 'yard': ''}",4.3,4.3,10312.0,10311.750599520383,24061901000055.0,6438599.0,ASP,HSL,赤柱,2000/08,2000.0,26.0,9,4.0,B,blank,LUNG TAK COURT,龍德苑,False
2245,2024-06-17,"LUNG TAK COURT(Block C),CAPE RD|龍德苑C座,環角道",2739.7995866147585,699.0,527.0,"{'bay_window': '', 'flat_roof': '', 'roof': '', 'ac_platform': '', 'plant_room': '', 'garden': '', 'yard': ''}",2.75,2.75,5218.0,5218.216318785579,24062500210067.0,6441310.0,ASP,HSL,赤柱,2000/08,2000.0,26.0,15,3.0,C,blank,LUNG TAK COURT,龍德苑,False
2246,2024-06-21,"LUNG TAK COURT(Block C),CAPE RD|龍德苑C座,環角道",3741.4149397002234,559.0,421.0,"{'bay_window': '', 'flat_roof': '', 'roof': '', 'ac_platform': '', 'plant_room': '', 'garden': '', 'yard': ''}",3.0,3.0,7126.0,7125.890736342043,24070401040069.0,6446383.0,ASP,HSL,赤柱,2000/08,2000.0,26.0,7,4.0,C,blank,LUNG TAK COURT,龍德苑,False
2247,2024-07-05,"LUNG CHUN HSE(Block A,LUNG YAN COURT),CAPE RD|龍欣苑,A座(龍駿閣),環角道",4121.559413344786,776.0,530.0,"{'bay_window': '', 'flat_roof': '', 'roof': '', 'ac_platform': '', 'plant_room': '', 'garden': '', 'yard': ''}",4.05,4.05,7642.0,7641.509433962264,24071900320019.0,6454023.0,ASP,HSL,赤柱,1993/12,1993.0,33.0,15,1.0,A,blank,LUNG YAN COURT,龍欣苑,False
2248,2024-07-22,"ONE STANLEY(Block 11),WONG MA KOK RD|ONE STANLEY11座,黃麻角道",19902.552455996043,0.0,2566.0,"{'bay_window': '', 'flat_roof': '38', 'roof': '1089', 'ac_platform': '', 'plant_room': '', 'garden': '', 'yard': ''}",94.6854,94.6854,36900.0,36900.0,24080501820065.0,6461311.0,ASP,HSL,赤柱,2023/07,2023.0,3.0,C,2.0,11,blank,ONE STANLEY,ONE STANLEY,False
2252,2024-11-08,"LUNG CHUN HSE(Block A,LUNG YAN COURT),CAPE RD|龍欣苑,A座(龍駿閣),環角道",4528.030796822774,785.0,535.0,"{'bay_window': '', 'flat_roof': '', 'roof': '', 'ac_platform': '', 'plant_room': '', 'garden': '', 'yard': ''}",4.5,4.5,8411.0,8411.214953271028,24111801280215.0,6504896.0,ASP,HSL,赤柱,1993/12,1993.0,33.0,4,1.0,A,blank,LUNG YAN COURT,龍欣苑,False
2254,2024-11-28,"LUNG TAK COURT(Block B),CAPE RD|龍德苑B座,環角道",3582.060695838887,698.0,526.0,"{'bay_window': '', 'flat_roof': '', 'roof': '', 'ac_platform': '', 'plant_room': '', 'garden': '', 'yard': ''}",3.5,3.5,6654.0,6653.9923954372625,24121701760319.0,6519089.0,ASP,HSL,赤柱,2000/08,2000.0,26.0,23,8.0,B,blank,LUNG TAK COURT,龍德苑,False
2255,2024-12-16,"LUNG TAK COURT(Block B),CAPE RD|龍德苑B座,環角道",3123.6664493032927,699.0,527.0,"{'bay_window': '', 'flat_roof': '', 'roof': '', 'ac_platform': '', 'plant_room': '', 'garden': '', 'yard': ''}",3.0,3.0,5693.0,5692.599620493359,24121900140088.0,6519945.0,ASP,HSL,赤柱,2000/08,2000.0,26.0,15,8.0,B,blank,LUNG TAK COURT,龍德苑,False
2256,2024-12-17,"LUNG TAK COURT(Block A),CAPE RD|龍德苑A座,環角道",3599.04572547578,698.0,526.0,"{'bay_window': '', 'flat_roof': '', 'roof': '', 'ac_platform': '', 'plant_room': '', 'garden': '', 'yard': ''}",3.45,3.45,6559.0,6558.93536121673,24122401020075.0,6522224.0,ASP,HSL,赤柱,2000/08,2000.0,26.0,3,6.0,A,blank,LUNG TAK COURT,龍德苑,False
2257,2024-12-05,"GREENVILLE,WONG MA KOK RD|綠怡居,黃麻角道",6701.97340980289,657.0,524.0,"{'bay_window': '', 'flat_roof': '325', 'roof': '', 'ac_platform': '', 'plant_room': '', 'garden': '', 'yard': ''}",6.4,6.4,12214.0,12213.740458015267,24122701090605.0,6523012.0,ASP,HSL,赤柱,1995/10,1995.0,31.0,B,2.0,blank,blank,blank,,False
2258,2024-12-30,"LUNG TAK COURT(Block B),CAPE RD|龍德苑B座,環角道",3290.2619932661346,699.0,527.0,"{'bay_window': '', 'flat_roof': '', 'roof': '', 'ac_platform': '', 'plant_room': '', 'garden': '', 'yard': ''}",3.16,3.16,5996.0,5996.204933586338,25010600090090.0,6525818.0,ASP,HSL,赤柱,2000/08,2000.0,26.0,15,2.0,B,blank,LUNG TAK COURT,龍德苑,False
2259,2024-12-17,"LUNG TAN HSE(Block B,LUNG YAN COURT),CAPE RD|龍欣苑,B座(龍騰閣),環角道",4801.335638116602,939.0,640.0,"{'bay_window': '', 'flat_roof': '', 'roof': '', 'ac_platform': '', 'plant_room': '', 'garden': '', 'yard': ''}",5.6,5.6,8750.0,8750.0,25010701950023.0,6526807.0,MEM-ASP,HSL,赤柱,1993/12,1993.0,33.0,16,6.0,B,blank,LUNG YAN COURT,龍欣苑,False
2260,2025-01-06,"LUNG TAK COURT(Block A),CAPE RD|龍德苑A座,環角道",5115.798790340684,559.0,421.0,"{'bay_window': '', 'flat_roof': '', 'roof': '', 'ac_platform': '', 'plant_room': '', 'garden': '', 'yard': ''}",3.9,3.9,9264.0,9263.657957244655,25020401260011.0,6537963.0,PRO-ASP,HSL,赤柱,2000/08,2000.0,26.0,7,7.0,A,blank,LUNG TAK COURT,龍德苑,False
2262,2025-01-14,"LUNG TAK COURT(Block C),CAPE RD|龍德苑C座,環角道",3257.8418343505086,552.0,417.0,"{'bay_window': '', 'flat_roof': '', 'roof': '', 'ac_platform': '', 'plant_room': '', 'garden': '', 'yard': ''}",2.46,2.46,5899.0,5899.280575539568,25020401680026.0,6538143.0,ASP,HSL,赤柱,2000/08,2000.0,26.0,12,4.0,C,blank,LUNG TAK COURT,龍德苑,False
2263,2025-01-10,"ONE STANLEY(Block 2),WONG MA KOK RD|ONE STANLEY2座,黃麻角道",15889.866152039527,0.0,1826.0,"{'bay_window': '', 'flat_roof': '', 'roof': '', 'ac_platform': '', 'plant_room': '417', 'garden': '', 'yard': ''}",52.54,52.54,28773.0,28773.274917853232,25020601740035.0,6539457.0,ASP,HSL,赤柱,2023/07,2023.0,3.0,A,0.0,2,blank,ONE STANLEY,ONE STANLEY,False
2265,2025-01-24,"ONE STANLEY(Block 5),WONG MA KOK RD|ONE STANLEY5座,黃麻角道",22181.50011199526,0.0,1919.0,"{'bay_window': '', 'flat_roof': '', 'roof': '1644', 'ac_platform': '', 'plant_room': '', 'garden': '', 'yard': ''}",77.0788,77.0788,40166.0,40166.12819176655,25021802060050.0,6545241.0,ASP,HSL,赤柱,2023/07,2023.0,3.0,B,3.0,5,blank,ONE STANLEY,ONE STANLEY,False
2266,2025-02-21,"ONE STANLEY(Block 6),WONG MA KOK RD|ONE STANLEY6座,黃麻角道",15975.761048119111,0.0,1097.0,"{'bay_window': '', 'flat_roof': '', 'roof': '', 'ac_platform': '', 'plant_room': '339', 'garden': '', 'yard': ''}",31.5946,31.5946,28801.0,28800.91157702826,25030601840149.0,6552132.0,ASP,HSL,赤柱,2023/07,2023.0,3.0,B,0.0,6,blank,ONE STANLEY,ONE STANLEY,False
2267,2025-03-04,"ONE STANLEY(Block 7),WONG MA KOK RD|ONE STANLEY7座,黃麻角道",20390.53096704925,0.0,1214.0,"{'bay_window': '', 'flat_roof': '43', 'roof': '1167', 'ac_platform': '', 'plant_room': '', 'garden': '', 'yard': ''}",43.8048,43.8048,36083.0,36083.031301482704,25031101860100.0,6554120.0,ASP,HSL,赤柱,2023/07,2023.0,3.0,A,3.0,7,blank,ONE STANLEY,ONE STANLEY,False
2268,2025-03-03,"ONE STANLEY(Block 5),WONG MA KOK RD|ONE STANLEY5座,黃麻角道",16600.6675963455,0.0,834.0,"{'bay_window': '', 'flat_roof': '', 'roof': '', 'ac_platform': '', 'plant_room': '452', 'garden': '', 'yard': ''}",24.5,24.5,29376.0,29376.498800959234,25032000120076.0,6558156.0,ASP,HSL,赤柱,2023/07,2023.0,3.0,B,0.0,5,blank,ONE STANLEY,ONE STANLEY,False
2269,2025-03-21,"LUNG TAK COURT(Block C),CAPE RD|龍德苑C座,環角道",3431.348927787389,699.0,527.0,"{'bay_window': '', 'flat_roof': '', 'roof': '', 'ac_platform': '', 'plant_room': '', 'garden': '', 'yard': ''}",3.2,3.2,6072.0,6072.106261859582,25032701540166.0,6562306.0,ASP,HSL,赤柱,2000/08,2000.0,26.0,26,4.0,C,blank,LUNG TAK COURT,龍德苑,False
2271,2025-04-01,12A STANLEY MAIN ST|12A 赤柱大街,5303.609918630239,0.0,294.0,"{'bay_window': '', 'flat_roof': '', 'roof': '', 'ac_platform': '', 'plant_room': '', 'garden': '', 'yard': ''}",2.795,2.795,9507.0,9506.802721088436,25041401620024.0,6570265.0,ASP,HSL,赤柱,1965/11,1965.0,61.0,whole floor,2.0,blank,blank,blank,,False
2272,2025-04-09,"ONE STANLEY(Block 6),WONG MA KOK RD|ONE STANLEY6座,黃麻角道",14504.756428625959,0.0,1100.0,"{'bay_window': '', 'flat_roof': '', 'roof': '', 'ac_platform': '', 'plant_room': '522', 'garden': '', 'yard': ''}",28.6,28.6,26000.0,26000.0,25042300990068.0,6573971.0,ASP,HSL,赤柱,2023/07,2023.0,3.0,A,0.0,6,blank,ONE STANLEY,ONE STANLEY,False
2274,2025-04-29,"ONE STANLEY(Block 7),WONG MA KOK RD|ONE STANLEY7座,黃麻角道",20111.058296100568,0.0,1215.0,"{'bay_window': '', 'flat_roof': '43', 'roof': '1175', 'ac_platform': '', 'plant_room': '', 'garden': '', 'yard': ''}",43.8,43.8,36049.0,36049.38271604938,25051502030144.0,6584656.0,ASP,HSL,赤柱,2023/07,2023.0,3.0,B,3.0,7,blank,ONE STANLEY,ONE STANLEY,False
2277,2025-05-12,"BEACH POINTE,STANLEY BEACH RD|海灣閣,赤柱灘道",9927.088652433493,1668.0,1472.0,"{'bay_window': '', 'flat_roof': '', 'roof': '', 'ac_platform': '', 'plant_room': '', 'garden': '', 'yard': ''}",26.2,26.2,17799.0,17798.91304347826,25060901100620.0,6598849.0,PRO-ASP,HSL,赤柱,1988/04,1988.0,38.0,B,0.0,blank,blank,blank,,False
2279,2025-06-12,"YAU WING LAU,STANLEY MAIN ST|友榮樓,赤柱大街",7257.39603167097,0.0,269.0,"{'bay_window': '', 'flat_roof': '', 'roof': '', 'ac_platform': '', 'plant_room': '', 'garden': '', 'yard': ''}",3.5,3.5,13011.0,13011.152416356877,25061700850058.0,6603825.0,ASP,HSL,赤柱,1978/09,1978.0,48.0,B,5.0,blank,blank,blank,,False
2280,2025-06-11,"LUNG TAN HSE(Block B,LUNG YAN COURT),CAPE RD|龍欣苑,B座(龍騰閣),環角道",3207.2506605677354,939.0,640.0,"{'bay_window': '', 'flat_roof': '', 'roof': '', 'ac_platform': '', 'plant_room': '', 'garden': '', 'yard': ''}",3.68,3.68,5750.0,5750.0,25061800180025.0,6604473.0,ASP,HSL,赤柱,1993/12,1993.0,33.0,1,8.0,B,blank,LUNG YAN COURT,龍欣苑,False
2281,2025-06-30,"LUNG TAK COURT(Block A),CAPE RD|龍德苑A座,環角道",5167.108365677649,559.0,421.0,"{'bay_window': '', 'flat_roof': '', 'roof': '', 'ac_platform': '', 'plant_room': '', 'garden': '', 'yard': ''}",3.9,3.9,9264.0,9263.657957244655,25070900270235.0,6616032.0,ASP,HSL,赤柱,2000/08,2000.0,26.0,8,7.0,A,blank,LUNG TAK COURT,龍德苑,False
2282,2025-06-30,"LUNG TAK COURT(Block A),CAPE RD|龍德苑A座,環角道",5002.655602345253,552.0,417.0,"{'bay_window': '', 'flat_roof': '', 'roof': '', 'ac_platform': '', 'plant_room': '', 'garden': '', 'yard': ''}",3.74,3.74,8969.0,8968.824940047962,25070901170223.0,6616320.0,MEM-ASP,HSL,赤柱,2000/08,2000.0,26.0,2,1.0,A,blank,LUNG TAK COURT,龍德苑,False
2285,2025-07-10,"ONE STANLEY(Block 6),WONG MA KOK RD|ONE STANLEY6座,黃麻角道",19684.953636670416,0.0,1214.0,"{'bay_window': '', 'flat_roof': '43', 'roof': '1167', 'ac_platform': '', 'plant_room': '', 'garden': '', 'yard': ''}",43.8048,43.8048,36083.0,36083.031301482704,25072200450028.0,6623623.0,ASP,HSL,赤柱,2023/07,2023.0,3.0,A,3.0,6,blank,ONE STANLEY,ONE STANLEY,False
2286,2025-07-10,"SEA AND SKY COURT,STANLEY MAIN ST|海天別墅,赤柱大街",7406.419296452205,1750.0,1510.0,"{'bay_window': '', 'flat_roof': '', 'roof': '', 'ac_platform': '', 'plant_room': '', 'garden': '', 'yard': ''}",20.5,20.5,13576.0,13576.15894039735,25072300480019.0,6624255.0,ASP,HSL,赤柱,1966/07,1966.0,60.0,B,5.0,blank,blank,blank,,False
2289,2025-07-14,"LUNG TAK COURT(Block A),CAPE RD|龍德苑A座,環角道",3260.8537403225723,699.0,527.0,"{'bay_window': '', 'flat_roof': '', 'roof': '', 'ac_platform': '', 'plant_room': '', 'garden': '', 'yard': ''}",3.15,3.15,5977.0,5977.229601518026,25081301510550.0,6636267.0,PRO-ASP,HSL,赤柱,2000/08,2000.0,26.0,14,2.0,A,blank,LUNG TAK COURT,龍德苑,False
2291,2025-08-13,"LUNG TAK COURT(Block A),CAPE RD|龍德苑A座,環角道",5118.277294694657,699.0,527.0,"{'bay_window': '', 'flat_roof': '', 'roof': '', 'ac_platform': '', 'plant_room': '', 'garden': '', 'yard': ''}",5.05,5.05,9583.0,9582.542694497153,25082001590014.0,6640592.0,ASP,HSL,赤柱,2000/08,2000.0,26.0,22,2.0,A,blank,LUNG TAK COURT,龍德苑,False
2293,2025-08-29,"LUNG TAK COURT(Block A),CAPE RD|龍德苑A座,環角道",4656.150576372142,559.0,421.0,"{'bay_window': '', 'flat_roof': '', 'roof': '', 'ac_platform': '', 'plant_room': '', 'garden': '', 'yard': ''}",3.67,3.67,8717.0,8717.339667458433,25091801340069.0,6658430.0,ASP,HSL,赤柱,2000/08,2000.0,26.0,16,0.0,A,blank,LUNG TAK COURT,龍德苑,False
2294,2025-09-11,10B STANLEY BEACH RD|10B 赤柱灘道,9678.126164257856,0.0,2832.0,"{'bay_window': '', 'flat_roof': '', 'roof': '', 'ac_platform': '', 'plant_room': '', 'garden': '', 'yard': ''}",50.0,50.0,17655.0,17655.367231638418,25093001900017.0,6664574.0,ASP,HSL,赤柱,1962/01,1962.0,64.0,whole floor,2.0,blank,blank,blank,,False
2295,2025-09-26,"HILLGROVE(Block A2),CAPE DR|壁如村A2座,環角徑",9856.868355133707,1765.0,1724.0,"{'bay_window': '', 'flat_roof': '', 'roof': '1765', 'ac_platform': '', 'plant_room': '', 'garden': '', 'yard': ''}",31.0,31.0,17981.0,17981.438515081205,25100301640147.0,6666553.0,ASP,HSL,赤柱,1980/01,1980.0,46.0,whole floor,3.0,A2,blank,HILLGROVE,壁如村,False
2296,2025-09-23,"ONE STANLEY(Block 9),WONG MA KOK RD|ONE STANLEY9座,黃麻角道",17670.23306395071,0.0,2551.0,"{'bay_window': '', 'flat_roof': '38', 'roof': '1089', 'ac_platform': '', 'plant_room': '', 'garden': '', 'yard': ''}",82.2315,82.2315,32235.0,32235.00588004704,25100801140019.0,6668586.0,ASP,HSL,赤柱,2023/07,2023.0,3.0,D,2.0,9,blank,ONE STANLEY,ONE STANLEY,False
2297,2025-10-02,"LUNG CHUN HSE(Block A,LUNG YAN COURT),CAPE RD|龍欣苑,A座(龍駿閣),環角道",5194.772395461658,785.0,535.0,"{'bay_window': '', 'flat_roof': '', 'roof': '', 'ac_platform': '', 'plant_room': '', 'garden': '', 'yard': ''}",5.2,5.2,9720.0,9719.626168224298,25102300450065.0,6677904.0,ASP,HSL,赤柱,1993/12,1993.0,33.0,9,10.0,A,blank,LUNG YAN COURT,龍欣苑,False
2298,2025-09-30,10A STANLEY BEACH RD|10A 赤柱灘道,9871.688687543014,0.0,2832.0,"{'bay_window': '', 'flat_roof': '', 'roof': '', 'ac_platform': '', 'plant_room': '', 'garden': '', 'yard': ''}",51.0,51.0,18008.0,18008.474576271186,25102300770012.0,6678538.0,PRO-ASP,HSL,赤柱,1962/06,1962.0,64.0,whole floor,0.0,blank,blank,blank,,False
2299,2025-10-03,"LUNG TAK COURT(Block B),CAPE RD|龍德苑B座,環角道",5405.471180951208,699.0,527.0,"{'bay_window': '', 'flat_roof': '', 'roof': '', 'ac_platform': '', 'plant_room': '', 'garden': '', 'yard': ''}",5.33,5.33,10114.0,10113.851992409867,25102301730450.0,6678382.0,ASP,HSL,赤柱,2000/08,2000.0,26.0,25,8.0,B,blank,LUNG TAK COURT,龍德苑,False
2300,2025-10-17,"LUNG CHUN HSE(Block A,LUNG YAN COURT),CAPE RD|龍欣苑,A座(龍駿閣),環角道",2243.544514579855,786.0,536.0,"{'bay_window': '', 'flat_roof': '', 'roof': '', 'ac_platform': '', 'plant_room': '', 'garden': '', 'yard': ''}",2.25,2.25,4198.0,4197.761194029851,25103100270031.0,6682151.0,MEM-ASP,HSL,赤柱,1993/12,1993.0,33.0,13,6.0,A,blank,LUNG YAN COURT,龍欣苑,False
2301,2025-10-17,"ONE STANLEY(Block 9),WONG MA KOK RD|ONE STANLEY9座,黃麻角道",19024.77226179027,0.0,2466.0,"{'bay_window': '', 'flat_roof': '', 'roof': '', 'ac_platform': '', 'plant_room': '834', 'garden': '', 'yard': ''}",87.78,87.78,35596.0,35596.10705596107,25103100480227.0,6682771.0,ASP,HSL,赤柱,2023/07,2023.0,3.0,B,0.0,9,blank,ONE STANLEY,ONE STANLEY,False
2303,2025-11-10,"LUNG TAK COURT(Block C),CAPE RD|龍德苑C座,環角道",5315.5481580214,559.0,421.0,"{'bay_window': '', 'flat_roof': '', 'roof': '', 'ac_platform': '', 'plant_room': '', 'garden': '', 'yard': ''}",4.18,4.18,9929.0,9928.74109263658,25111700360019.0,6691053.0,ASP,HSL,赤柱,2000/08,2000.0,26.0,23,5.0,C,blank,LUNG TAK COURT,龍德苑,False
2304,2025-11-05,"ONE STANLEY(Block 2),WONG MA KOK RD|ONE STANLEY2座,黃麻角道",16411.086522628455,0.0,1805.0,"{'bay_window': '', 'flat_roof': '', 'roof': '', 'ac_platform': '', 'plant_room': '418', 'garden': '', 'yard': ''}",55.33,55.33,30654.0,30653.739612188365,25112501360017.0,6696355.0,ASP,HSL,赤柱,2023/07,2023.0,3.0,B,0.0,2,blank,ONE STANLEY,ONE STANLEY,False
2305,2025-10-31,"LUNG TAK COURT(Block A),CAPE RD|龍德苑A座,環角道",3326.443803662282,699.0,527.0,"{'bay_window': '', 'flat_roof': '', 'roof': '', 'ac_platform': '', 'plant_room': '', 'garden': '', 'yard': ''}",3.28,3.28,6224.0,6223.908918406072,25112600920169.0,6696706.0,ASP,HSL,赤柱,2000/08,2000.0,26.0,6,7.0,A,blank,LUNG TAK COURT,龍德苑,False
2306,2025-10-31,"PINE VILLA,STANLEY VILLAGE RD|翠屋,赤柱村道",8215.842264106883,0.0,1854.0,"{'bay_window': '', 'flat_roof': '', 'roof': '', 'ac_platform': '', 'plant_room': '', 'garden': '', 'yard': ''}",28.5,28.5,15372.0,15372.168284789645,25112700930012.0,6697939.0,PRE-ASP,HSL,赤柱,1963/10,1963.0,63.0,A,2.0,blank,blank,blank,,False
2308,2025-11-17,"YAU WING LAU,STANLEY MAIN ST|友榮樓,赤柱大街",5695.4234310470565,0.0,235.0,"{'bay_window': '', 'flat_roof': '', 'roof': '', 'ac_platform': '', 'plant_room': '', 'garden': '', 'yard': ''}",2.5,2.5,10638.0,10638.297872340425,25121001520027.0,6705611.0,MEM-ASP,HSL,赤柱,1978/09,1978.0,48.0,D,2.0,blank,blank,blank,,False
2309,2025-11-28,"SEA AND SKY COURT,STANLEY MAIN ST|海天別墅,赤柱大街",8509.188914200106,1750.0,1510.0,"{'bay_window': '', 'flat_roof': '', 'roof': '', 'ac_platform': '', 'plant_room': '', 'garden': '', 'yard': ''}",24.0,24.0,15894.0,15894.039735099337,25121001610028.0,6705634.0,ASP,HSL,赤柱,1966/07,1966.0,60.0,B,3.0,blank,blank,blank,,False
2310,2025-11-26,10B STANLEY BEACH RD|10B 赤柱灘道,9641.193477556353,0.0,2832.0,"{'bay_window': '', 'flat_roof': '', 'roof': '', 'ac_platform': '', 'plant_room': '', 'garden': '', 'yard': ''}",51.0,51.0,18008.0,18008.474576271186,25121101800210.0,6706712.0,ASP,HSL,赤柱,1962/06,1962.0,64.0,whole floor,0.0,blank,blank,blank,,False
2311,2025-11-18,"HORIZON COURT,STANLEY MAIN ST|海山閣,赤柱大街",6363.829728049182,0.0,530.0,"{'bay_window': '', 'flat_roof': '', 'roof': '', 'ac_platform': '', 'plant_room': '', 'garden': '', 'yard': ''}",6.3,6.3,11887.0,11886.792452830188,25122201121085.0,6712332.0,PRO-ASP,HSL,赤柱,1987/01,1987.0,39.0,whole floor,2.0,blank,blank,blank,,False
2315,2025-12-01,"BAUHINIA GARDEN,CHUNG HOM KOK RD|紫荊園,舂磡角道",8476.781773075698,0.0,1250.0,"{'bay_window': '', 'flat_roof': '', 'roof': '', 'ac_platform': '', 'plant_room': '', 'garden': '', 'yard': ''}",20.0,20.0,16000.0,16000.0,25122901540014.0,6715301.0,ASP,HSL,赤柱,1972/03,1972.0,54.0,B,3.0,blank,blank,BAUHINIA GARDEN,紫荊園,False
2317,2025-12-10,"LUNG TAK COURT(Block B),CAPE RD|龍德苑B座,環角道",3438.1633851896213,699.0,527.0,"{'bay_window': '', 'flat_roof': '', 'roof': '', 'ac_platform': '', 'plant_room': '', 'garden': '', 'yard': ''}",3.42,3.42,6490.0,6489.563567362429,26010801720038.0,6721621.0,PRO-ASP,HSL,赤柱,2000/08,2000.0,26.0,16,5.0,B,blank,LUNG TAK COURT,龍德苑,False
2318,2025-12-17,"LUNG TAK COURT(Block B),CAPE RD|龍德苑B座,環角道",3548.7714667567493,559.0,421.0,"{'bay_window': '', 'flat_roof': '', 'roof': '', 'ac_platform': '', 'plant_room': '', 'garden': '', 'yard': ''}",2.82,2.82,6698.0,6698.33729216152,26011300150641.0,6724430.0,PRO-ASP,HSL,赤柱,2000/08,2000.0,26.0,31,3.0,B,blank,LUNG TAK COURT,龍德苑,False
2319,2025-12-22,"LUNG TAK COURT(Block B),CAPE RD|龍德苑B座,環角道",5412.333686046533,552.0,417.0,"{'bay_window': '', 'flat_roof': '', 'roof': '', 'ac_platform': '', 'plant_room': '', 'garden': '', 'yard': ''}",4.26,4.26,10216.0,10215.827338129497,26011300260071.0,6724499.0,ASP,HSL,赤柱,2000/08,2000.0,26.0,33,6.0,B,blank,LUNG TAK COURT,龍德苑,False
2320,2025-12-17,"LUNG TAK COURT(Block D),CAPE RD|龍德苑D座,環角道",6684.378150497776,283.0,214.0,"{'bay_window': '', 'flat_roof': '', 'roof': '', 'ac_platform': '', 'plant_room': '', 'garden': '', 'yard': ''}",2.7,2.7,12617.0,12616.822429906542,26011400270136.0,6725589.0,PRO-ASP,HSL,赤柱,2000/08,2000.0,26.0,21,6.0,D,blank,LUNG TAK COURT,龍德苑,False
2321,2026-01-02,"LUNG TAK COURT(Block B),CAPE RD|龍德苑B座,環角道",6663.741531785167,283.0,214.0,"{'bay_window': '', 'flat_roof': '', 'roof': '', 'ac_platform': '', 'plant_room': '', 'garden': '', 'yard': ''}",2.75,2.75,12850.0,12850.467289719627,26011500340068.0,6726756.0,PRO-ASP,HSL,赤柱,2000/08,2000.0,26.0,10,1.0,B,blank,LUNG TAK COURT,龍德苑,False
2323,2026-01-13,"HILLGROVE(Block A2),CAPE DR|壁如村A2座,環角徑",9384.617055351868,1765.0,1724.0,"{'bay_window': '', 'flat_roof': '', 'roof': '', 'ac_platform': '', 'plant_room': '', 'garden': '', 'yard': ''}",31.2,31.2,18097.0,18097.447795823668,26012301050026.0,6733555.0,ASP,HSL,赤柱,1980/01,1980.0,46.0,whole floor,1.0,A2,blank,HILLGROVE,壁如村,False
2325,2026-01-15,"LUNG TAK COURT(Block A),CAPE RD|龍德苑A座,環角道",3089.1902785640086,559.0,421.0,"{'bay_window': '', 'flat_roof': '', 'roof': '', 'ac_platform': '', 'plant_room': '', 'garden': '', 'yard': ''}",2.508,2.508,5957.0,5957.244655581948,26012800580046.0,6735637.0,ASP,HSL,赤柱,2000/08,2000.0,26.0,29,1.0,A,blank,LUNG TAK COURT,龍德苑,False
2326,2026-01-21,"LUNG TAK COURT(Block B),CAPE RD|龍德苑B座,環角道",3312.4761223745636,698.0,526.0,"{'bay_window': '', 'flat_roof': '', 'roof': '', 'ac_platform': '', 'plant_room': '', 'garden': '', 'yard': ''}",3.36,3.36,6388.0,6387.832699619772,26013001620816.0,6737914.0,ASP,HSL,赤柱,2000/08,2000.0,26.0,23,9.0,B,blank,LUNG TAK COURT,龍德苑,False
