,instr_date,final_address,time_adj_npsf,gfa,nfa,other_area,original_consid,consid,original_npsf,npsf,memo_no,MW_data_code,nat_instr,d_code,code_chinese,op_date,op_year,bldg_age,unit,floor,block,phase,est_name_en,est_name_ch,with_CPS,final_coords,lat,long
0,1995-11-01,"BEACH POINTE,STANLEY BEACH RD|海灣閣,赤柱灘道",3364.4859813084117,1238.0,1070.0,"{'bay_window': '', 'flat_roof': '', 'roof': '', 'ac_platform': '', 'plant_room': '', 'garden': '', 'yard': ''}",3.6,3.6,3364.0,3364.4859813084117,6469015.0,4777829.0,ASP,HSL,赤柱,1988/04,1988.0,38.0,E,1.0,blank,blank,blank,,False,POINT Z (22.2212998 114.213578 0),22.2212998,114.213578
1,1996-02-12,"BEACH POINTE,STANLEY BEACH RD|海灣閣,赤柱灘道",7362.251655629139,1544.0,1359.0,"{'bay_window': '', 'flat_roof': '', 'roof': '1337', 'ac_platform': '', 'plant_room': '', 'garden': '', 'yard': ''}",10.8,10.0053,7947.0,7362.251655629139,6547106.0,4805015.0,ASP,HSL,赤柱,1988/04,1988.0,38.0,C,3.0,blank,blank,blank,,True,POINT Z (22.2212998 114.213578 0),22.2212998,114.213578
2,1996-03-29,"BEACH POINTE,STANLEY BEACH RD|海灣閣,赤柱灘道",6268.911564625851,1666.0,1470.0,"{'bay_window': '', 'flat_roof': '', 'roof': '', 'ac_platform': '', 'plant_room': '', 'garden': '', 'yard': ''}",9.888,9.2153,6727.0,6268.911564625851,6596878.0,4821312.0,ASP,HSL,赤柱,1988/04,1988.0,38.0,B,3.0,blank,blank,blank,,True,POINT Z (22.2212998 114.213578 0),22.2212998,114.213578
3,1996-07-11,"BEACH POINTE,STANLEY BEACH RD|海灣閣,赤柱灘道",6356.245954692557,1803.0,1545.0,"{'bay_window': '', 'flat_roof': '', 'roof': '', 'ac_platform': '', 'plant_room': '', 'garden': '', 'yard': ''}",10.5,9.8204,6796.0,6356.245954692557,6711153.0,4869709.0,ASP,HSL,赤柱,1988/06,1988.0,38.0,A,1.0,blank,blank,blank,,True,POINT Z (22.2212998 114.213578 0),22.2212998,114.213578
4,1996-11-05,"BEACH POINTE,STANLEY BEACH RD|海灣閣,赤柱灘道",7893.966151582045,1544.0,1359.0,"{'bay_window': '', 'flat_roof': '', 'roof': '', 'ac_platform': '', 'plant_room': '', 'garden': '', 'yard': ''}",11.58,10.7279,8521.0,7893.966151582045,6829923.0,4915170.0,ASP,HSL,赤柱,1988/04,1988.0,38.0,C,0.0,blank,blank,blank,,True,POINT Z (22.2212998 114.213578 0),22.2212998,114.213578
5,1996-11-27,"BEACH POINTE,STANLEY BEACH RD|海灣閣,赤柱灘道",9708.73786407767,1803.0,1545.0,"{'bay_window': '', 'flat_roof': '', 'roof': '1522', 'ac_platform': '', 'plant_room': '', 'garden': '', 'yard': ''}",15.0,15.0,9709.0,9708.73786407767,6869019.0,4931458.0,ASP,HSL,赤柱,1988/06,1988.0,38.0,A,3.0,blank,blank,blank,,False,POINT Z (22.2212998 114.213578 0),22.2212998,114.213578
6,1996-12-13,"BEACH POINTE,STANLEY BEACH RD|海灣閣,赤柱灘道",7960.747051114024,1785.0,1526.0,"{'bay_window': '', 'flat_roof': '', 'roof': '', 'ac_platform': '', 'plant_room': '', 'garden': '', 'yard': ''}",13.0,12.1481,8519.0,7960.747051114024,6873604.0,4929643.0,ASP,HSL,赤柱,1988/04,1988.0,38.0,A,0.0,blank,blank,blank,,True,POINT Z (22.2212998 114.213578 0),22.2212998,114.213578
7,1997-01-21,"BEACH POINTE,STANLEY BEACH RD|海灣閣,赤柱灘道",7059.814658803708,1423.0,1187.0,"{'bay_window': '', 'flat_roof': '', 'roof': '', 'ac_platform': '', 'plant_room': '', 'garden': '', 'yard': ''}",8.38,8.38,7060.0,7059.814658803708,6918659.0,4988004.0,ASP,HSL,赤柱,1988/06,1988.0,38.0,D,1.0,1,blank,blank,,False,POINT Z (22.2212998 114.213578 0),22.2212998,114.213578
8,1997-03-06,"BEACH POINTE,STANLEY BEACH RD|海灣閣,赤柱灘道",7268.072422105722,1668.0,1472.0,"{'bay_window': '', 'flat_roof': '', 'roof': '', 'ac_platform': '', 'plant_room': '', 'garden': '', 'yard': ''}",12.88,12.005,8750.0,8155.570652173913,7001102.0,4992896.0,ASP,HSL,赤柱,1988/04,1988.0,38.0,B,0.0,blank,blank,blank,,True,POINT Z (22.2212998 114.213578 0),22.2212998,114.213578
9,1997-12-16,"BEACH POINTE,STANLEY BEACH RD|海灣閣,赤柱灘道",6952.639076772332,1423.0,1187.0,"{'bay_window': '', 'flat_roof': '', 'roof': '', 'ac_platform': '', 'plant_room': '', 'garden': '', 'yard': ''}",9.98,9.1392,8408.0,7699.410278011795,7393686.0,5151911.0,ASP,HSL,赤柱,1988/04,1988.0,38.0,D,1.0,blank,blank,blank,,True,POINT Z (22.2212998 114.213578 0),22.2212998,114.213578
10,1999-01-07,"BEACH POINTE,STANLEY BEACH RD|海灣閣,赤柱灘道",8611.612954990906,1548.0,1352.0,"{'bay_window': '', 'flat_roof': '', 'roof': '', 'ac_platform': '', 'plant_room': '', 'garden': '', 'yard': ''}",9.1,8.4269,6731.0,6232.914201183432,7668227.0,126654.0,ASP,HSL,赤柱,1988/04,1988.0,38.0,F,2.0,blank,blank,blank,,True,POINT Z (22.2212998 114.213578 0),22.2212998,114.213578
11,2001-04-10,"BEACH POINTE,STANLEY BEACH RD|海灣閣,赤柱灘道",7578.560940025345,1668.0,1472.0,"{'bay_window': '', 'flat_roof': '', 'roof': '', 'ac_platform': '', 'plant_room': '', 'garden': '', 'yard': ''}",7.5,6.9905,5095.0,4748.98097826087,8371870.0,669752.0,ASP,HSL,赤柱,1988/04,1988.0,38.0,B,0.0,blank,blank,blank,,True,POINT Z (22.2212998 114.213578 0),22.2212998,114.213578
12,2001-06-29,"BEACH POINTE,STANLEY BEACH RD|海灣閣,赤柱灘道",7996.157731680677,1238.0,1070.0,"{'bay_window': '', 'flat_roof': '', 'roof': '', 'ac_platform': '', 'plant_room': '', 'garden': '', 'yard': ''}",5.29,5.29,4944.0,4943.92523364486,8446347.0,729134.0,ASP,HSL,赤柱,1988/04,1988.0,38.0,E,1.0,blank,blank,blank,,False,POINT Z (22.2212998 114.213578 0),22.2212998,114.213578
13,2004-04-15,"BEACH POINTE,STANLEY BEACH RD|海灣閣,赤柱灘道",15573.412250673962,1803.0,1545.0,"{'bay_window': '', 'flat_roof': '', 'roof': '1522', 'ac_platform': '', 'plant_room': '', 'garden': '', 'yard': ''}",17.2,16.0867,11133.0,10412.10355987055,9199026.0,1318504.0,ASP,HSL,赤柱,1988/04,1988.0,38.0,A,3.0,blank,blank,blank,,True,POINT Z (22.2212998 114.213578 0),22.2212998,114.213578
14,2004-09-27,"BEACH POINTE,STANLEY BEACH RD|海灣閣,赤柱灘道",12259.63344813514,1544.0,1359.0,"{'bay_window': '', 'flat_roof': '', 'roof': '1337', 'ac_platform': '', 'plant_room': '', 'garden': '', 'yard': ''}",12.3,11.3949,9051.0,8384.76821192053,9374351.0,1448539.0,PRO-ASP,HSL,赤柱,1988/04,1988.0,38.0,C,3.0,blank,blank,blank,,True,POINT Z (22.2212998 114.213578 0),22.2212998,114.213578
15,2005-06-13,"BEACH POINTE,STANLEY BEACH RD|海灣閣,赤柱灘道",11493.839789917249,1785.0,1526.0,"{'bay_window': '', 'flat_roof': '', 'roof': '', 'ac_platform': '', 'plant_room': '', 'garden': '', 'yard': ''}",14.2,13.2695,9305.0,8695.609436435125,5071101030066.0,1674485.0,ASP,HSL,赤柱,1988/04,1988.0,38.0,A,0.0,blank,blank,blank,,True,POINT Z (22.2212998 114.213578 0),22.2212998,114.213578
16,2007-11-15,"BEACH POINTE,STANLEY BEACH RD|海灣閣,赤柱灘道",11524.633251054043,1668.0,1472.0,"{'bay_window': '', 'flat_roof': '', 'roof': '', 'ac_platform': '', 'plant_room': '', 'garden': '', 'yard': ''}",17.28,16.1061,11739.0,10941.644021739132,7112602240033.0,2315495.0,ASP,HSL,赤柱,1988/04,1988.0,38.0,B,0.0,blank,blank,blank,,True,POINT Z (22.2212998 114.213578 0),22.2212998,114.213578
17,2008-05-28,"BEACH POINTE,STANLEY BEACH RD|海灣閣,赤柱灘道",12396.542857311912,1785.0,1526.0,"{'bay_window': '', 'flat_roof': '', 'roof': '', 'ac_platform': '', 'plant_room': '', 'garden': '', 'yard': ''}",21.0,19.6239,13761.0,12859.698558322412,8060202590013.0,2521395.0,ASP,HSL,赤柱,1988/04,1988.0,38.0,A,0.0,blank,blank,blank,,True,POINT Z (22.2212998 114.213578 0),22.2212998,114.213578
18,2009-08-12,"BEACH POINTE,STANLEY BEACH RD|海灣閣,赤柱灘道",14342.51610050915,1544.0,1359.0,"{'bay_window': '', 'flat_roof': '', 'roof': '', 'ac_platform': '', 'plant_room': '', 'garden': '', 'yard': ''}",22.0,20.3812,16188.0,14997.2038263429,9090902640016.0,2850368.0,PRO-ASP,HSL,赤柱,1988/04,1988.0,38.0,C,2.0,blank,blank,blank,,True,POINT Z (22.2212998 114.213578 0),22.2212998,114.213578
19,2011-01-25,"BEACH POINTE,STANLEY BEACH RD|海灣閣,赤柱灘道",11399.910223476363,1423.0,1187.0,"{'bay_window': '', 'flat_roof': '', 'roof': '', 'ac_platform': '', 'plant_room': '', 'garden': '', 'yard': ''}",19.98,18.2968,16832.0,15414.321819713565,11021701800030.0,3390448.0,ASP,HSL,赤柱,1988/04,1988.0,38.0,D,1.0,blank,blank,blank,,True,POINT Z (22.2212998 114.213578 0),22.2212998,114.213578
20,2016-07-29,"BEACH POINTE,STANLEY BEACH RD|海灣閣,赤柱灘道",27718.27007446594,1395.0,1213.0,"{'bay_window': '', 'flat_roof': '', 'roof': '1389', 'ac_platform': '', 'plant_room': '', 'garden': '', 'yard': ''}",72.0,66.0643,59357.0,54463.56141797197,16082501980015.0,4551801.0,ASP,HSL,赤柱,1988/04,1988.0,38.0,E,3.0,blank,blank,blank,,True,POINT Z (22.2212998 114.213578 0),22.2212998,114.213578
21,2020-06-01,"BEACH POINTE,STANLEY BEACH RD|海灣閣,赤柱灘道",9795.695188937563,1544.0,1359.0,"{'bay_window': '', 'flat_roof': '', 'roof': '', 'ac_platform': '', 'plant_room': '', 'garden': '', 'yard': ''}",33.8,33.8,24871.0,24871.22884473878,20061200700083.0,5722772.0,ASP,HSL,赤柱,1988/04,1988.0,38.0,C,0.0,blank,blank,blank,,False,POINT Z (22.2212998 114.213578 0),22.2212998,114.213578
22,2025-05-12,"BEACH POINTE,STANLEY BEACH RD|海灣閣,赤柱灘道",9928.6784522438,1668.0,1472.0,"{'bay_window': '', 'flat_roof': '', 'roof': '', 'ac_platform': '', 'plant_room': '', 'garden': '', 'yard': ''}",26.2,26.2,17799.0,17798.91304347826,25060901100620.0,6598849.0,PRO-ASP,HSL,赤柱,1988/04,1988.0,38.0,B,0.0,blank,blank,blank,,False,POINT Z (22.2212998 114.213578 0),22.2212998,114.213578
23,1996-01-24,"YAU SHING LAU,STANLEY MAIN ST|友誠樓,赤柱大街",4614.035087719299,0.0,285.0,"{'bay_window': '', 'flat_roof': '', 'roof': '', 'ac_platform': '', 'plant_room': '', 'garden': '', 'yard': ''}",1.315,1.315,4614.0,4614.035087719299,6534149.0,4798982.0,ASP,HSL,赤柱,1988/07,1988.0,38.0,D,3.0,blank,blank,blank,,False,POINT Z (22.2182205 114.2126492 0),22.2182205,114.2126492
24,2000-11-15,"YAU SHING LAU,STANLEY MAIN ST|友誠樓,赤柱大街",5922.754650862661,0.0,285.0,"{'bay_window': '', 'flat_roof': '', 'roof': '', 'ac_platform': '', 'plant_room': '', 'garden': '', 'yard': ''}",1.0,1.0,3509.0,3508.771929824561,8249426.0,574276.0,ASP,HSL,赤柱,1988/07,1988.0,38.0,C,5.0,blank,blank,blank,,False,POINT Z (22.2182205 114.2126492 0),22.2182205,114.2126492
25,2005-04-15,"YAU SHING LAU,STANLEY MAIN ST|友誠樓,赤柱大街",4583.206746582182,0.0,285.0,"{'bay_window': '', 'flat_roof': '', 'roof': '', 'ac_platform': '', 'plant_room': '', 'garden': '', 'yard': ''}",0.98,0.98,3439.0,3438.59649122807,5051301320117.0,1614684.0,ASP,HSL,赤柱,1978/02,1978.0,48.0,C,5.0,blank,blank,blank,,False,POINT Z (22.2182205 114.2126492 0),22.2182205,114.2126492
26,2005-06-01,"YAU SHING LAU,STANLEY MAIN ST|友誠樓,赤柱大街",4925.95554867136,0.0,322.0,"{'bay_window': '', 'flat_roof': '', 'roof': '', 'ac_platform': '', 'plant_room': '', 'garden': '', 'yard': ''}",1.2,1.2,3729.0,3726.708074534162,5071302360019.0,1676648.0,PRO-ASP,HSL,赤柱,1978/02,1978.0,48.0,B,1.0,blank,blank,blank,,False,POINT Z (22.2182205 114.2126492 0),22.2182205,114.2126492
27,2006-10-31,"YAU SHING LAU,STANLEY MAIN ST|友誠樓,赤柱大街",5539.157355788168,0.0,324.0,"{'bay_window': '', 'flat_roof': '', 'roof': '', 'ac_platform': '', 'plant_room': '', 'garden': '', 'yard': ''}",1.4,1.4,4321.0,4320.987654320988,6112901590013.0,2012229.0,PRO-ASP,HSL,赤柱,1978/02,1978.0,48.0,A,1.0,blank,blank,blank,,False,POINT Z (22.2182205 114.2126492 0),22.2182205,114.2126492
28,2007-02-01,"YAU SHING LAU,STANLEY MAIN ST|友誠樓,赤柱大街",5783.016196354849,0.0,285.0,"{'bay_window': '', 'flat_roof': '', 'roof': '', 'ac_platform': '', 'plant_room': '', 'garden': '', 'yard': ''}",1.3,1.3,4561.0,4561.403508771929,7020601020026.0,2059849.0,ASP,HSL,赤柱,1978/02,1978.0,48.0,C,5.0,blank,blank,blank,,False,POINT Z (22.2182205 114.2126492 0),22.2182205,114.2126492
29,2007-08-28,"YAU SHING LAU,STANLEY MAIN ST|友誠樓,赤柱大街",7085.046713034572,0.0,258.0,"{'bay_window': '', 'flat_roof': '', 'roof': '', 'ac_platform': '', 'plant_room': '', 'garden': '', 'yard': ''}",1.55,1.55,6000.0,6007.751937984496,7091200610243.0,2244083.0,ASP,HSL,赤柱,1978/02,1978.0,48.0,B,4.0,blank,blank,blank,,False,POINT Z (22.2182205 114.2126492 0),22.2182205,114.2126492
30,2007-09-11,"YAU SHING LAU,STANLEY MAIN ST|友誠樓,赤柱大街",5653.74516717248,0.0,285.0,"{'bay_window': '', 'flat_roof': '', 'roof': '', 'ac_platform': '', 'plant_room': '', 'garden': '', 'yard': ''}",1.4,1.4,4908.0,4912.2807017543855,7092800230355.0,2259861.0,PRO-ASP,HSL,赤柱,1978/02,1978.0,48.0,D,4.0,blank,blank,blank,,False,POINT Z (22.2182205 114.2126492 0),22.2182205,114.2126492
31,2008-03-22,"YAU SHING LAU,STANLEY MAIN ST|友誠樓,赤柱大街",5566.767872084763,0.0,285.0,"{'bay_window': '', 'flat_roof': '', 'roof': '', 'ac_platform': '', 'plant_room': '', 'garden': '', 'yard': ''}",1.68,1.68,5890.0,5894.736842105263,8041100390278.0,2474748.0,PRO-ASP,HSL,赤柱,1978/02,1978.0,48.0,D,3.0,blank,blank,blank,,False,POINT Z (22.2182205 114.2126492 0),22.2182205,114.2126492
32,2010-03-01,"YAU SHING LAU,STANLEY MAIN ST|友誠樓,赤柱大街",5783.584204171743,0.0,285.0,"{'bay_window': '', 'flat_roof': '', 'roof': '', 'ac_platform': '', 'plant_room': '', 'garden': '', 'yard': ''}",2.0,2.0,7018.0,7017.543859649123,10031802400027.0,3035323.0,ASP,HSL,赤柱,1978/02,1978.0,48.0,C,4.0,blank,blank,blank,,False,POINT Z (22.2182205 114.2126492 0),22.2182205,114.2126492
33,2012-03-21,"YAU SHING LAU,STANLEY MAIN ST|友誠樓,赤柱大街",4166.654728884314,0.0,285.0,"{'bay_window': '', 'flat_roof': '', 'roof': '', 'ac_platform': '', 'plant_room': '', 'garden': '', 'yard': ''}",1.8,1.8,6316.0,6315.789473684211,12041701300155.0,3689706.0,PRE-ASP,HSL,赤柱,1978/02,1978.0,48.0,C,1.0,blank,blank,blank,,False,POINT Z (22.2182205 114.2126492 0),22.2182205,114.2126492
34,2016-05-19,"YAU SHING LAU,STANLEY MAIN ST|友誠樓,赤柱大街",6579.063087722658,0.0,258.0,"{'bay_window': '', 'flat_roof': '', 'roof': '', 'ac_platform': '', 'plant_room': '', 'garden': '', 'yard': ''}",3.3,3.3,12791.0,12790.697674418603,16052501380123.0,4511419.0,ASP,HSL,赤柱,1978/02,1978.0,48.0,B,4.0,blank,blank,blank,,False,POINT Z (22.2182205 114.2126492 0),22.2182205,114.2126492
35,2017-04-12,"YAU SHING LAU,STANLEY MAIN ST|友誠樓,赤柱大街",5165.714497667098,0.0,285.0,"{'bay_window': '', 'flat_roof': '', 'roof': '', 'ac_platform': '', 'plant_room': '', 'garden': '', 'yard': ''}",3.28,3.28,11509.0,11508.77192982456,17081702320263.0,4755994.0,PRE-ASP,HSL,赤柱,1978/02,1978.0,48.0,C,1.0,blank,blank,blank,,False,POINT Z (22.2182205 114.2126492 0),22.2182205,114.2126492
36,2018-05-18,"YAU SHING LAU,STANLEY MAIN ST|友誠樓,赤柱大街",5281.851159798643,0.0,285.0,"{'bay_window': '', 'flat_roof': '', 'roof': '', 'ac_platform': '', 'plant_room': '', 'garden': '', 'yard': ''}",3.8,3.8,13333.0,13333.333333333334,18052901120043.0,5364713.0,ASP,HSL,赤柱,1978/02,1978.0,48.0,D,4.0,blank,blank,blank,,False,POINT Z (22.2182205 114.2126492 0),22.2182205,114.2126492
37,2020-03-26,"YAU SHING LAU,STANLEY MAIN ST|友誠樓,赤柱大街",4618.823346377539,0.0,322.0,"{'bay_window': '', 'flat_roof': '', 'roof': '', 'ac_platform': '', 'plant_room': '', 'garden': '', 'yard': ''}",3.8,3.8,11801.0,11801.242236024846,20042200170072.0,5698691.0,ASP,HSL,赤柱,1978/02,1978.0,48.0,B,1.0,blank,blank,blank,,False,POINT Z (22.2182205 114.2126492 0),22.2182205,114.2126492
38,2021-12-10,"YAU SHING LAU,STANLEY MAIN ST|友誠樓,赤柱大街",5697.876944122386,0.0,258.0,"{'bay_window': '', 'flat_roof': '', 'roof': '', 'ac_platform': '', 'plant_room': '', 'garden': '', 'yard': ''}",3.8,3.8,14729.0,14728.682170542636,21121701960190.0,6055964.0,ASP,HSL,赤柱,1978/02,1978.0,48.0,B,4.0,blank,blank,blank,,False,POINT Z (22.2182205 114.2126492 0),22.2182205,114.2126492
39,2023-03-21,"YAU SHING LAU,STANLEY MAIN ST|友誠樓,赤柱大街",7433.292820737908,0.0,260.0,"{'bay_window': '', 'flat_roof': '', 'roof': '', 'ac_platform': '', 'plant_room': '', 'garden': '', 'yard': ''}",4.4,4.4,16923.0,16923.076923076922,23032301660096.0,6257975.0,ASP,HSL,赤柱,1978/02,1978.0,48.0,A,4.0,blank,blank,blank,,False,POINT Z (22.2182205 114.2126492 0),22.2182205,114.2126492
40,2023-03-21,"YAU SHING LAU,STANLEY MAIN ST|友誠樓,赤柱大街",6935.368899731543,0.0,285.0,"{'bay_window': '', 'flat_roof': '', 'roof': '', 'ac_platform': '', 'plant_room': '', 'garden': '', 'yard': ''}",4.5,4.5,15789.0,15789.473684210529,23032800340114.0,6259939.0,ASP,HSL,赤柱,1978/02,1978.0,48.0,C,4.0,blank,blank,blank,,False,POINT Z (22.2182205 114.2126492 0),22.2182205,114.2126492
41,1997-05-27,"SEA AND SKY COURT,STANLEY MAIN ST|海天別墅,赤柱大街",7237.16082981621,0.0,1510.0,"{'bay_window': '', 'flat_roof': '', 'roof': '1264', 'ac_platform': '', 'plant_room': '', 'garden': '', 'yard': ''}",13.65,12.746,9040.0,8441.059602649008,7155477.0,5051434.0,PRO-ASP,HSL,赤柱,1973/00,1973.0,53.0,B,9.0,blank,blank,blank,,True,POINT Z (22.2188014 114.2107976 0),22.2188014,114.2107976
42,2003-07-11,"SEA AND SKY COURT,STANLEY MAIN ST|海天別墅,赤柱大街",8845.294557971072,0.0,1510.0,"{'bay_window': '', 'flat_roof': '', 'roof': '1264', 'ac_platform': '', 'plant_room': '', 'garden': '', 'yard': ''}",6.95,6.4897,4603.0,4297.814569536424,8981181.0,1138648.0,ASP,HSL,赤柱,1966/07,1966.0,60.0,B,9.0,blank,blank,blank,,True,POINT Z (22.2188014 114.2107976 0),22.2188014,114.2107976
43,2006-12-21,"SEA AND SKY COURT,STANLEY MAIN ST|海天別墅,赤柱大街",8638.49814742056,1750.0,1510.0,"{'bay_window': '', 'flat_roof': '', 'roof': '', 'ac_platform': '', 'plant_room': '', 'garden': '', 'yard': ''}",10.8,10.0848,7152.0,6678.675496688742,7010402570053.0,2033959.0,ASP,HSL,赤柱,1966/07,1966.0,60.0,B,3.0,blank,blank,blank,,True,POINT Z (22.2188014 114.2107976 0),22.2188014,114.2107976
44,2009-06-05,"SEA AND SKY COURT,STANLEY MAIN ST|海天別墅,赤柱大街",7231.937601577978,0.0,1560.0,"{'bay_window': '', 'flat_roof': '', 'roof': '', 'ac_platform': '', 'plant_room': '', 'garden': '', 'yard': ''}",11.5,11.5,7372.0,7371.794871794872,9070201600365.0,2778099.0,ASP,HSL,赤柱,1966/07,1966.0,60.0,A,1.0,blank,blank,blank,,False,POINT Z (22.2188014 114.2107976 0),22.2188014,114.2107976
45,2016-02-19,"SEA AND SKY COURT,STANLEY MAIN ST|海天別墅,赤柱大街",11394.725772846314,0.0,1510.0,"{'bay_window': '', 'flat_roof': '', 'roof': '1264', 'ac_platform': '', 'plant_room': '', 'garden': '', 'yard': ''}",35.5,33.149,23510.0,21952.98013245033,16022901280038.0,4479958.0,ASP,HSL,赤柱,1966/07,1966.0,60.0,B,9.0,blank,blank,blank,,True,POINT Z (22.2188014 114.2107976 0),22.2188014,114.2107976
46,2016-03-17,"SEA AND SKY COURT,STANLEY MAIN ST|海天別墅,赤柱大街",9000.369624518138,1750.0,1510.0,"{'bay_window': '', 'flat_roof': '', 'roof': '', 'ac_platform': '', 'plant_room': '', 'garden': '', 'yard': ''}",28.0,26.1457,18543.0,17315.03311258278,16033101170013.0,4490063.0,ASP,HSL,赤柱,1966/07,1966.0,60.0,B,8.0,blank,blank,blank,,True,POINT Z (22.2188014 114.2107976 0),22.2188014,114.2107976
47,2019-11-09,"SEA AND SKY COURT,STANLEY MAIN ST|海天別墅,赤柱大街",3007.0365611459247,1750.0,1510.0,"{'bay_window': '', 'flat_roof': '', 'roof': '', 'ac_platform': '', 'plant_room': '', 'garden': '', 'yard': ''}",11.9,11.9,7881.0,7880.794701986755,19120501960014.0,5649964.0,MEM-ASP,HSL,赤柱,1966/07,1966.0,60.0,B,8.0,blank,blank,blank,,False,POINT Z (22.2188014 114.2107976 0),22.2188014,114.2107976
48,2021-03-18,"SEA AND SKY COURT,STANLEY MAIN ST|海天別墅,赤柱大街",7303.043247641411,1750.0,1510.0,"{'bay_window': '', 'flat_roof': '', 'roof': '', 'ac_platform': '', 'plant_room': '', 'garden': '', 'yard': ''}",28.0,28.0,18543.0,18543.04635761589,21041400420013.0,5891115.0,ASP,HSL,赤柱,1966/07,1966.0,60.0,A,9.0,blank,blank,blank,,False,POINT Z (22.2188014 114.2107976 0),22.2188014,114.2107976
49,2022-12-16,"SEA AND SKY COURT,STANLEY MAIN ST|海天別墅,赤柱大街",7791.843603574587,1750.0,1510.0,"{'bay_window': '', 'flat_roof': '', 'roof': '', 'ac_platform': '', 'plant_room': '', 'garden': '', 'yard': ''}",25.0,25.0,16556.0,16556.29139072848,23011201210042.0,6224097.0,PRO-ASP,HSL,赤柱,1966/07,1966.0,60.0,A,6.0,blank,blank,blank,,False,POINT Z (22.2188014 114.2107976 0),22.2188014,114.2107976
50,2023-10-24,"SEA AND SKY COURT,STANLEY MAIN ST|海天別墅,赤柱大街",7619.109785097955,0.0,1560.0,"{'bay_window': '', 'flat_roof': '', 'roof': '', 'ac_platform': '', 'plant_room': '', 'garden': '', 'yard': ''}",24.5,24.5,15705.0,15705.128205128203,23112201170013.0,6359687.0,MEM-ASP,HSL,赤柱,1966/07,1966.0,60.0,B,1.0,blank,blank,blank,,False,POINT Z (22.2188014 114.2107976 0),22.2188014,114.2107976
51,2023-10-24,"SEA AND SKY COURT,STANLEY MAIN ST|海天別墅,赤柱大街",8513.96130601296,1750.0,1510.0,"{'bay_window': '', 'flat_roof': '', 'roof': '', 'ac_platform': '', 'plant_room': '', 'garden': '', 'yard': ''}",26.5,26.5,17550.0,17549.668874172185,23112201170037.0,6359860.0,MEM-ASP,HSL,赤柱,1966/07,1966.0,60.0,B,2.0,blank,blank,blank,,False,POINT Z (22.2188014 114.2107976 0),22.2188014,114.2107976
52,2025-07-10,"SEA AND SKY COURT,STANLEY MAIN ST|海天別墅,赤柱大街",7407.756470175307,1750.0,1510.0,"{'bay_window': '', 'flat_roof': '', 'roof': '', 'ac_platform': '', 'plant_room': '', 'garden': '', 'yard': ''}",20.5,20.5,13576.0,13576.15894039735,25072300480019.0,6624255.0,ASP,HSL,赤柱,1966/07,1966.0,60.0,B,5.0,blank,blank,blank,,False,POINT Z (22.2188014 114.2107976 0),22.2188014,114.2107976
53,2025-11-28,"SEA AND SKY COURT,STANLEY MAIN ST|海天別墅,赤柱大街",8510.710369555529,1750.0,1510.0,"{'bay_window': '', 'flat_roof': '', 'roof': '', 'ac_platform': '', 'plant_room': '', 'garden': '', 'yard': ''}",24.0,24.0,15894.0,15894.039735099335,25121001610028.0,6705634.0,ASP,HSL,赤柱,1966/07,1966.0,60.0,B,3.0,blank,blank,blank,,False,POINT Z (22.2188014 114.2107976 0),22.2188014,114.2107976
54,1997-12-24,"LUNG TAN HSE(Block B,LUNG YAN COURT),CAPE RD|龍欣苑,B座(龍騰閣),環角道",3206.948911834374,785.0,535.0,"{'bay_window': '', 'flat_roof': '', 'roof': '', 'ac_platform': '', 'plant_room': '', 'garden': '', 'yard': ''}",1.9,1.9,3551.0,3551.4018691588785,7399191.0,5153436.0,ASP,HSL,赤柱,1993/12,1993.0,33.0,7,11.0,B,blank,LUNG YAN COURT,龍欣苑,False,POINT Z (22.220921 114.205434 0),22.220921,114.205434
55,1998-02-16,"LUNG TAN HSE(Block B,LUNG YAN COURT),CAPE RD|龍欣苑,B座(龍騰閣),環角道",3480.3182645231204,776.0,530.0,"{'bay_window': '', 'flat_roof': '', 'roof': '', 'ac_platform': '', 'plant_room': '', 'garden': '', 'yard': ''}",1.8,1.8,3396.0,3396.22641509434,7426919.0,5163524.0,ASP,HSL,赤柱,1993/12,1993.0,33.0,11,3.0,B,blank,LUNG YAN COURT,龍欣苑,False,POINT Z (22.220921 114.205434 0),22.220921,114.205434
56,1998-05-25,"LUNG TAN HSE(Block B,LUNG YAN COURT),CAPE RD|龍欣苑,B座(龍騰閣),環角道",3906.052373996408,939.0,640.0,"{'bay_window': '', 'flat_roof': '', 'roof': '', 'ac_platform': '', 'plant_room': '', 'garden': '', 'yard': ''}",2.25,2.25,3516.0,3515.625,7491977.0,5197169.0,ASP,HSL,赤柱,1993/12,1993.0,33.0,1,5.0,B,blank,LUNG YAN COURT,龍欣苑,False,POINT Z (22.220921 114.205434 0),22.220921,114.205434
57,1999-08-26,"LUNG TAN HSE(Block B,LUNG YAN COURT),CAPE RD|龍欣苑,B座(龍騰閣),環角道",5674.821993056059,632.0,431.0,"{'bay_window': '', 'flat_roof': '', 'roof': '', 'ac_platform': '', 'plant_room': '', 'garden': '', 'yard': ''}",1.8,1.8,4176.0,4176.334106728538,7874734.0,294907.0,ASP,HSL,赤柱,1993/12,1993.0,33.0,6,5.0,B,blank,LUNG YAN COURT,龍欣苑,False,POINT Z (22.220921 114.205434 0),22.220921,114.205434
58,2000-10-26,"LUNG TAN HSE(Block B,LUNG YAN COURT),CAPE RD|龍欣苑,B座(龍騰閣),環角道",5245.865005820028,626.0,427.0,"{'bay_window': '', 'flat_roof': '', 'roof': '', 'ac_platform': '', 'plant_room': '', 'garden': '', 'yard': ''}",1.48,1.48,3466.0,3466.042154566745,8244786.0,569891.0,ASP,HSL,赤柱,1993/12,1993.0,33.0,12,3.0,B,blank,LUNG YAN COURT,龍欣苑,False,POINT Z (22.220921 114.205434 0),22.220921,114.205434
59,2001-06-27,"LUNG TAN HSE(Block B,LUNG YAN COURT),CAPE RD|龍欣苑,B座(龍騰閣),環角道",5264.975847818858,626.0,427.0,"{'bay_window': '', 'flat_roof': '', 'roof': '', 'ac_platform': '', 'plant_room': '', 'garden': '', 'yard': ''}",1.39,1.39,3255.0,3255.2693208430915,8436204.0,724390.0,ASP,HSL,赤柱,1993/12,1993.0,33.0,12,6.0,B,blank,LUNG YAN COURT,龍欣苑,False,POINT Z (22.220921 114.205434 0),22.220921,114.205434
60,2001-08-30,"LUNG TAN HSE(Block B,LUNG YAN COURT),CAPE RD|龍欣苑,B座(龍騰閣),環角道",5211.424806772428,785.0,535.0,"{'bay_window': '', 'flat_roof': '', 'roof': '', 'ac_platform': '', 'plant_room': '', 'garden': '', 'yard': ''}",1.7,1.7,3178.0,3177.570093457944,8504093.0,774359.0,ASP,HSL,赤柱,1993/12,1993.0,33.0,7,7.0,B,blank,LUNG YAN COURT,龍欣苑,False,POINT Z (22.220921 114.205434 0),22.220921,114.205434
61,2004-09-01,"LUNG TAN HSE(Block B,LUNG YAN COURT),CAPE RD|龍欣苑,B座(龍騰閣),環角道",4965.729511369979,776.0,530.0,"{'bay_window': '', 'flat_roof': '', 'roof': '', 'ac_platform': '', 'plant_room': '', 'garden': '', 'yard': ''}",1.8,1.8,3396.0,3396.22641509434,9337339.0,1420919.0,PRO-ASP,HSL,赤柱,1993/12,1993.0,33.0,11,7.0,B,blank,LUNG YAN COURT,龍欣苑,False,POINT Z (22.220921 114.205434 0),22.220921,114.205434
62,2004-10-11,"LUNG TAN HSE(Block B,LUNG YAN COURT),CAPE RD|龍欣苑,B座(龍騰閣),環角道",4120.658100632461,776.0,530.0,"{'bay_window': '', 'flat_roof': '', 'roof': '', 'ac_platform': '', 'plant_room': '', 'garden': '', 'yard': ''}",1.6,1.6,3019.0,3018.867924528302,9358262.0,1438616.0,PRO-ASP,HSL,赤柱,1993/12,1993.0,33.0,11,4.0,B,blank,LUNG YAN COURT,龍欣苑,False,POINT Z (22.220921 114.205434 0),22.220921,114.205434
63,2005-04-20,"LUNG TAN HSE(Block B,LUNG YAN COURT),CAPE RD|龍欣苑,B座(龍騰閣),環角道",4165.222968035464,939.0,640.0,"{'bay_window': '', 'flat_roof': '', 'roof': '', 'ac_platform': '', 'plant_room': '', 'garden': '', 'yard': ''}",2.0,2.0,3125.0,3125.0,5043001570095.0,1598111.0,ASP,HSL,赤柱,1993/12,1993.0,33.0,16,6.0,B,blank,LUNG YAN COURT,龍欣苑,False,POINT Z (22.220921 114.205434 0),22.220921,114.205434
64,2006-01-06,"LUNG TAN HSE(Block B,LUNG YAN COURT),CAPE RD|龍欣苑,B座(龍騰閣),環角道",4518.264723379665,785.0,535.0,"{'bay_window': '', 'flat_roof': '', 'roof': '', 'ac_platform': '', 'plant_room': '', 'garden': '', 'yard': ''}",1.79,1.79,3346.0,3345.7943925233644,6012600520024.0,1808368.0,ASP,HSL,赤柱,1993/12,1993.0,33.0,7,0.0,B,blank,LUNG YAN COURT,龍欣苑,False,POINT Z (22.220921 114.205434 0),22.220921,114.205434
65,2006-01-25,"LUNG TAN HSE(Block B,LUNG YAN COURT),CAPE RD|龍欣苑,B座(龍騰閣),環角道",5121.4461582020895,776.0,530.0,"{'bay_window': '', 'flat_roof': '', 'roof': '', 'ac_platform': '', 'plant_room': '', 'garden': '', 'yard': ''}",2.01,2.01,3792.0,3792.452830188679,6021400010017.0,1817470.0,ASP,HSL,赤柱,1993/12,1993.0,33.0,10,6.0,B,blank,LUNG YAN COURT,龍欣苑,False,POINT Z (22.220921 114.205434 0),22.220921,114.205434
66,2006-02-23,"LUNG TAN HSE(Block B,LUNG YAN COURT),CAPE RD|龍欣苑,B座(龍騰閣),環角道",4250.489563833081,632.0,431.0,"{'bay_window': '', 'flat_roof': '', 'roof': '', 'ac_platform': '', 'plant_room': '', 'garden': '', 'yard': ''}",1.38,1.38,3202.0,3201.856148491879,6031401930147.0,1834881.0,ASP,HSL,赤柱,1993/12,1993.0,33.0,6,10.0,B,blank,LUNG YAN COURT,龍欣苑,False,POINT Z (22.220921 114.205434 0),22.220921,114.205434
67,2006-04-13,"LUNG TAN HSE(Block B,LUNG YAN COURT),CAPE RD|龍欣苑,B座(龍騰閣),環角道",4727.7843585911205,776.0,530.0,"{'bay_window': '', 'flat_roof': '', 'roof': '', 'ac_platform': '', 'plant_room': '', 'garden': '', 'yard': ''}",1.905,1.905,3594.0,3594.3396226415093,6051301730013.0,1874056.0,ASP,HSL,赤柱,1993/12,1993.0,33.0,11,10.0,B,blank,LUNG YAN COURT,龍欣苑,False,POINT Z (22.220921 114.205434 0),22.220921,114.205434
68,2006-09-16,"LUNG TAN HSE(Block B,LUNG YAN COURT),CAPE RD|龍欣苑,B座(龍騰閣),環角道",4584.260018051806,632.0,431.0,"{'bay_window': '', 'flat_roof': '', 'roof': '', 'ac_platform': '', 'plant_room': '', 'garden': '', 'yard': ''}",1.5,1.5,3480.0,3480.278422273782,6092800470014.0,1972148.0,ASP,HSL,赤柱,1993/12,1993.0,33.0,3,7.0,B,blank,LUNG YAN COURT,龍欣苑,False,POINT Z (22.220921 114.205434 0),22.220921,114.205434
69,2007-07-03,"LUNG TAN HSE(Block B,LUNG YAN COURT),CAPE RD|龍欣苑,B座(龍騰閣),環角道",4879.772570828189,776.0,530.0,"{'bay_window': '', 'flat_roof': '', 'roof': '', 'ac_platform': '', 'plant_room': '', 'garden': '', 'yard': ''}",2.18,2.18,4113.0,4113.207547169812,7080101830306.0,2205093.0,ASP,HSL,赤柱,1993/12,1993.0,33.0,15,5.0,B,blank,LUNG YAN COURT,龍欣苑,False,POINT Z (22.220921 114.205434 0),22.220921,114.205434
70,2007-07-31,"LUNG TAN HSE(Block B,LUNG YAN COURT),CAPE RD|龍欣苑,B座(龍騰閣),環角道",3800.818925244688,626.0,427.0,"{'bay_window': '', 'flat_roof': '', 'roof': '', 'ac_platform': '', 'plant_room': '', 'garden': '', 'yard': ''}",1.368,1.368,3204.0,3203.747072599532,7081400050020.0,2215975.0,ASP,HSL,赤柱,1993/12,1993.0,33.0,11,0.0,B,blank,LUNG YAN COURT,龍欣苑,False,POINT Z (22.220921 114.205434 0),22.220921,114.205434
71,2007-08-04,"LUNG TAN HSE(Block B,LUNG YAN COURT),CAPE RD|龍欣苑,B座(龍騰閣),環角道",4397.641716811607,745.0,535.0,"{'bay_window': '', 'flat_roof': '', 'roof': '', 'ac_platform': '', 'plant_room': '', 'garden': '', 'yard': ''}",1.995,1.995,3729.0,3728.971962616823,7083100220139.0,2233738.0,ASP,HSL,赤柱,1993/12,1993.0,33.0,5,2.0,B,blank,LUNG YAN COURT,龍欣苑,False,POINT Z (22.220921 114.205434 0),22.220921,114.205434
72,2007-11-02,"LUNG TAN HSE(Block B,LUNG YAN COURT),CAPE RD|龍欣苑,B座(龍騰閣),環角道",3616.837340341658,632.0,431.0,"{'bay_window': '', 'flat_roof': '', 'roof': '', 'ac_platform': '', 'plant_room': '', 'garden': '', 'yard': ''}",1.48,1.48,3434.0,3433.874709976798,7111600450027.0,2304088.0,ASP,HSL,赤柱,1993/12,1993.0,33.0,6,6.0,B,blank,LUNG YAN COURT,龍欣苑,False,POINT Z (22.220921 114.205434 0),22.220921,114.205434
73,2007-11-13,"LUNG TAN HSE(Block B,LUNG YAN COURT),CAPE RD|龍欣苑,B座(龍騰閣),環角道",4398.856224739855,632.0,431.0,"{'bay_window': '', 'flat_roof': '', 'roof': '', 'ac_platform': '', 'plant_room': '', 'garden': '', 'yard': ''}",1.8,1.8,4176.0,4176.334106728538,7112902560011.0,2319627.0,ASP,HSL,赤柱,1993/12,1993.0,33.0,8,5.0,B,blank,LUNG YAN COURT,龍欣苑,False,POINT Z (22.220921 114.205434 0),22.220921,114.205434
74,2008-08-29,"LUNG TAN HSE(Block B,LUNG YAN COURT),CAPE RD|龍欣苑,B座(龍騰閣),環角道",4645.796310517664,785.0,535.0,"{'bay_window': '', 'flat_roof': '', 'roof': '', 'ac_platform': '', 'plant_room': '', 'garden': '', 'yard': ''}",2.5,2.5,4673.0,4672.897196261682,8090301550058.0,2596340.0,ASP,HSL,赤柱,1993/12,1993.0,33.0,9,1.0,B,blank,LUNG YAN COURT,龍欣苑,False,POINT Z (22.220921 114.205434 0),22.220921,114.205434
75,2008-10-02,"LUNG TAN HSE(Block B,LUNG YAN COURT),CAPE RD|龍欣苑,B座(龍騰閣),環角道",5176.636424900869,626.0,427.0,"{'bay_window': '', 'flat_roof': '', 'roof': '', 'ac_platform': '', 'plant_room': '', 'garden': '', 'yard': ''}",2.0,2.0,4684.0,4683.84074941452,8101402680095.0,2620556.0,ASP,HSL,赤柱,1993/12,1993.0,33.0,12,8.0,B,blank,LUNG YAN COURT,龍欣苑,False,POINT Z (22.220921 114.205434 0),22.220921,114.205434
76,2008-11-27,"LUNG TAN HSE(Block B,LUNG YAN COURT),CAPE RD|龍欣苑,B座(龍騰閣),環角道",4453.734122457904,785.0,535.0,"{'bay_window': '', 'flat_roof': '', 'roof': '', 'ac_platform': '', 'plant_room': '', 'garden': '', 'yard': ''}",2.0,2.0,3738.0,3738.3177570093458,8121601770066.0,2650133.0,ASP,HSL,赤柱,1993/12,1993.0,33.0,7,1.0,B,blank,LUNG YAN COURT,龍欣苑,False,POINT Z (22.220921 114.205434 0),22.220921,114.205434
77,2009-02-26,"LUNG TAN HSE(Block B,LUNG YAN COURT),CAPE RD|龍欣苑,B座(龍騰閣),環角道",4251.168209792213,626.0,427.0,"{'bay_window': '', 'flat_roof': '', 'roof': '', 'ac_platform': '', 'plant_room': '', 'garden': '', 'yard': ''}",1.58,1.58,3700.0,3700.234192037471,9031700730039.0,2691834.0,ASP,HSL,赤柱,1993/12,1993.0,33.0,12,3.0,B,blank,LUNG YAN COURT,龍欣苑,False,POINT Z (22.220921 114.205434 0),22.220921,114.205434
78,2009-07-17,"LUNG TAN HSE(Block B,LUNG YAN COURT),CAPE RD|龍欣苑,B座(龍騰閣),環角道",4030.1027317451726,632.0,431.0,"{'bay_window': '', 'flat_roof': '', 'roof': '', 'ac_platform': '', 'plant_room': '', 'garden': '', 'yard': ''}",1.8,1.8,4176.0,4176.334106728538,9072401620106.0,2800233.0,ASP,HSL,赤柱,1993/12,1993.0,33.0,6,10.0,B,blank,LUNG YAN COURT,龍欣苑,False,POINT Z (22.220921 114.205434 0),22.220921,114.205434
79,2009-10-12,"LUNG TAN HSE(Block B,LUNG YAN COURT),CAPE RD|龍欣苑,B座(龍騰閣),環角道",4618.335821881057,745.0,535.0,"{'bay_window': '', 'flat_roof': '', 'roof': '', 'ac_platform': '', 'plant_room': '', 'garden': '', 'yard': ''}",2.7,2.7,5047.0,5046.728971962617,9110200620027.0,2901266.0,PRO-ASP,HSL,赤柱,1993/12,1993.0,33.0,5,2.0,B,blank,LUNG YAN COURT,龍欣苑,False,POINT Z (22.220921 114.205434 0),22.220921,114.205434
80,2010-05-04,"LUNG TAN HSE(Block B,LUNG YAN COURT),CAPE RD|龍欣苑,B座(龍騰閣),環角道",4561.180879214331,786.0,536.0,"{'bay_window': '', 'flat_roof': '', 'roof': '', 'ac_platform': '', 'plant_room': '', 'garden': '', 'yard': ''}",2.91,2.91,5429.0,5429.104477611941,10052002180626.0,3099852.0,ASP,HSL,赤柱,1993/12,1993.0,33.0,13,9.0,B,blank,LUNG YAN COURT,龍欣苑,False,POINT Z (22.220921 114.205434 0),22.220921,114.205434
81,2010-10-22,"LUNG TAN HSE(Block B,LUNG YAN COURT),CAPE RD|龍欣苑,B座(龍騰閣),環角道",4671.282102193792,632.0,431.0,"{'bay_window': '', 'flat_roof': '', 'roof': '', 'ac_platform': '', 'plant_room': '', 'garden': '', 'yard': ''}",2.596,2.596,6023.0,6023.201856148492,10110100380013.0,3275775.0,ASP,HSL,赤柱,1993/12,1993.0,33.0,3,8.0,B,blank,LUNG YAN COURT,龍欣苑,False,POINT Z (22.220921 114.205434 0),22.220921,114.205434
82,2012-10-09,"LUNG TAN HSE(Block B,LUNG YAN COURT),CAPE RD|龍欣苑,B座(龍騰閣),環角道",4891.664608200059,626.0,427.0,"{'bay_window': '', 'flat_roof': '', 'roof': '', 'ac_platform': '', 'plant_room': '', 'garden': '', 'yard': ''}",3.6,3.6,8431.0,8430.913348946136,12110800270132.0,3846919.0,PRO-ASP,HSL,赤柱,1993/12,1993.0,33.0,12,9.0,B,blank,LUNG YAN COURT,龍欣苑,False,POINT Z (22.220921 114.205434 0),22.220921,114.205434
83,2013-01-18,"LUNG TAN HSE(Block B,LUNG YAN COURT),CAPE RD|龍欣苑,B座(龍騰閣),環角道",4800.364584199499,632.0,431.0,"{'bay_window': '', 'flat_roof': '', 'roof': '', 'ac_platform': '', 'plant_room': '', 'garden': '', 'yard': ''}",3.68,3.68,8538.0,8538.283062645012,13020101540041.0,3917075.0,ASP,HSL,赤柱,1993/12,1993.0,33.0,6,6.0,B,blank,LUNG YAN COURT,龍欣苑,False,POINT Z (22.220921 114.205434 0),22.220921,114.205434
84,2014-01-09,"LUNG TAN HSE(Block B,LUNG YAN COURT),CAPE RD|龍欣苑,B座(龍騰閣),環角道",5144.828010504381,632.0,431.0,"{'bay_window': '', 'flat_roof': '', 'roof': '', 'ac_platform': '', 'plant_room': '', 'garden': '', 'yard': ''}",4.0,4.0,9281.0,9280.742459396752,14020500940012.0,4092971.0,MEM-ASP,HSL,赤柱,1993/12,1993.0,33.0,2,2.0,B,blank,LUNG YAN COURT,龍欣苑,False,POINT Z (22.220921 114.205434 0),22.220921,114.205434
85,2015-02-09,"LUNG TAN HSE(Block B,LUNG YAN COURT),CAPE RD|龍欣苑,B座(龍騰閣),環角道",4539.885065205747,632.0,431.0,"{'bay_window': '', 'flat_roof': '', 'roof': '', 'ac_platform': '', 'plant_room': '', 'garden': '', 'yard': ''}",4.0,4.0,9281.0,9280.742459396752,15030302430019.0,4309057.0,ASP,HSL,赤柱,1993/12,1993.0,33.0,2,7.0,B,blank,LUNG YAN COURT,龍欣苑,False,POINT Z (22.220921 114.205434 0),22.220921,114.205434
86,2015-04-24,"LUNG TAN HSE(Block B,LUNG YAN COURT),CAPE RD|龍欣苑,B座(龍騰閣),環角道",3661.764070913445,632.0,431.0,"{'bay_window': '', 'flat_roof': '', 'roof': '', 'ac_platform': '', 'plant_room': '', 'garden': '', 'yard': ''}",3.25,3.25,7541.0,7540.603248259861,15050700720017.0,4344363.0,ASP,HSL,赤柱,1993/12,1993.0,33.0,3,8.0,B,blank,LUNG YAN COURT,龍欣苑,False,POINT Z (22.220921 114.205434 0),22.220921,114.205434
87,2016-09-12,"LUNG TAN HSE(Block B,LUNG YAN COURT),CAPE RD|龍欣苑,B座(龍騰閣),環角道",5168.503660869453,939.0,640.0,"{'bay_window': '', 'flat_roof': '', 'roof': '', 'ac_platform': '', 'plant_room': '', 'garden': '', 'yard': ''}",6.88,6.88,10750.0,10750.0,16100702640057.0,4575114.0,ASP,HSL,赤柱,1993/12,1993.0,33.0,16,6.0,B,blank,LUNG YAN COURT,龍欣苑,False,POINT Z (22.220921 114.205434 0),22.220921,114.205434
88,2016-10-19,"LUNG TAN HSE(Block B,LUNG YAN COURT),CAPE RD|龍欣苑,B座(龍騰閣),環角道",4391.220001163673,626.0,427.0,"{'bay_window': '', 'flat_roof': '', 'roof': '', 'ac_platform': '', 'plant_room': '', 'garden': '', 'yard': ''}",4.0,4.0,9368.0,9367.68149882904,16110900300090.0,4593606.0,ASP,HSL,赤柱,1993/12,1993.0,33.0,12,6.0,B,blank,LUNG YAN COURT,龍欣苑,False,POINT Z (22.220921 114.205434 0),22.220921,114.205434
89,2017-02-22,"LUNG TAN HSE(Block B,LUNG YAN COURT),CAPE RD|龍欣苑,B座(龍騰閣),環角道",5410.009848263473,939.0,640.0,"{'bay_window': '', 'flat_roof': '', 'roof': '', 'ac_platform': '', 'plant_room': '', 'garden': '', 'yard': ''}",7.36,7.36,11500.0,11500.0,17030201610016.0,4656288.0,ASP,HSL,赤柱,1993/12,1993.0,33.0,1,5.0,B,blank,LUNG YAN COURT,龍欣苑,False,POINT Z (22.220921 114.205434 0),22.220921,114.205434
90,2017-06-23,"LUNG TAN HSE(Block B,LUNG YAN COURT),CAPE RD|龍欣苑,B座(龍騰閣),環角道",3453.2575204321297,776.0,530.0,"{'bay_window': '', 'flat_roof': '', 'roof': '', 'ac_platform': '', 'plant_room': '', 'garden': '', 'yard': ''}",4.2,4.2,7925.0,7924.528301886792,17070401400021.0,4730961.0,ASP,HSL,赤柱,1993/12,1993.0,33.0,15,9.0,B,blank,LUNG YAN COURT,龍欣苑,False,POINT Z (22.220921 114.205434 0),22.220921,114.205434
91,2019-05-16,"LUNG TAN HSE(Block B,LUNG YAN COURT),CAPE RD|龍欣苑,B座(龍騰閣),環角道",4701.8918636376175,626.0,427.0,"{'bay_window': '', 'flat_roof': '', 'roof': '', 'ac_platform': '', 'plant_room': '', 'garden': '', 'yard': ''}",5.33,5.33,12482.0,12482.435597189697,19052400740107.0,5551238.0,ASP,HSL,赤柱,1993/12,1993.0,33.0,12,9.0,B,blank,LUNG YAN COURT,龍欣苑,False,POINT Z (22.220921 114.205434 0),22.220921,114.205434
92,2020-02-11,"LUNG TAN HSE(Block B,LUNG YAN COURT),CAPE RD|龍欣苑,B座(龍騰閣),環角道",5636.117293482047,632.0,431.0,"{'bay_window': '', 'flat_roof': '', 'roof': '', 'ac_platform': '', 'plant_room': '', 'garden': '', 'yard': ''}",6.0,6.0,13921.0,13921.113689095127,20030601500064.0,5681942.0,PRO-ASP,HSL,赤柱,1993/12,1993.0,33.0,2,2.0,B,blank,LUNG YAN COURT,龍欣苑,False,POINT Z (22.220921 114.205434 0),22.220921,114.205434
93,2021-10-17,"LUNG TAN HSE(Block B,LUNG YAN COURT),CAPE RD|龍欣苑,B座(龍騰閣),環角道",4917.6626876188775,632.0,431.0,"{'bay_window': '', 'flat_roof': '', 'roof': '', 'ac_platform': '', 'plant_room': '', 'garden': '', 'yard': ''}",5.48,5.48,12715.0,12714.61716937355,21102800560062.0,6026039.0,PRO-ASP,HSL,赤柱,1993/12,1993.0,33.0,8,3.0,B,blank,LUNG YAN COURT,龍欣苑,False,POINT Z (22.220921 114.205434 0),22.220921,114.205434
94,2022-12-23,"LUNG TAN HSE(Block B,LUNG YAN COURT),CAPE RD|龍欣苑,B座(龍騰閣),環角道",4891.903815263236,632.0,431.0,"{'bay_window': '', 'flat_roof': '', 'roof': '', 'ac_platform': '', 'plant_room': '', 'garden': '', 'yard': ''}",4.48,4.48,10394.0,10394.431554524364,23011701200076.0,6225870.0,ASP,HSL,赤柱,1993/12,1993.0,33.0,6,2.0,B,blank,LUNG YAN COURT,龍欣苑,False,POINT Z (22.220921 114.205434 0),22.220921,114.205434
95,2024-03-18,"LUNG TAN HSE(Block B,LUNG YAN COURT),CAPE RD|龍欣苑,B座(龍騰閣),環角道",5137.919105547282,632.0,431.0,"{'bay_window': '', 'flat_roof': '', 'roof': '', 'ac_platform': '', 'plant_room': '', 'garden': '', 'yard': ''}",4.35,4.35,10093.0,10092.807424593968,24032200190021.0,6394696.0,MEM-ASP,HSL,赤柱,1993/12,1993.0,33.0,2,10.0,B,blank,LUNG YAN COURT,龍欣苑,False,POINT Z (22.220921 114.205434 0),22.220921,114.205434
96,2024-12-17,"LUNG TAN HSE(Block B,LUNG YAN COURT),CAPE RD|龍欣苑,B座(龍騰閣),環角道",4802.243677630702,939.0,640.0,"{'bay_window': '', 'flat_roof': '', 'roof': '', 'ac_platform': '', 'plant_room': '', 'garden': '', 'yard': ''}",5.6,5.6,8750.0,8750.0,25010701950023.0,6526807.0,MEM-ASP,HSL,赤柱,1993/12,1993.0,33.0,16,6.0,B,blank,LUNG YAN COURT,龍欣苑,False,POINT Z (22.220921 114.205434 0),22.220921,114.205434
97,2025-06-11,"LUNG TAN HSE(Block B,LUNG YAN COURT),CAPE RD|龍欣苑,B座(龍騰閣),環角道",3207.8497182015326,939.0,640.0,"{'bay_window': '', 'flat_roof': '', 'roof': '', 'ac_platform': '', 'plant_room': '', 'garden': '', 'yard': ''}",3.68,3.68,5750.0,5750.0,25061800180025.0,6604473.0,ASP,HSL,赤柱,1993/12,1993.0,33.0,1,8.0,B,blank,LUNG YAN COURT,龍欣苑,False,POINT Z (22.220921 114.205434 0),22.220921,114.205434
98,2000-09-19,"LUNG CHUN HSE(Block A,LUNG YAN COURT),CAPE RD|龍欣苑,A座(龍駿閣),環角道",4782.365519026924,776.0,530.0,"{'bay_window': '', 'flat_roof': '', 'roof': '', 'ac_platform': '', 'plant_room': '', 'garden': '', 'yard': ''}",1.71,1.71,3226.0,3226.4150943396226,8212166.0,545795.0,ASP,HSL,赤柱,1993/12,1993.0,33.0,14,5.0,A,blank,LUNG YAN COURT,龍欣苑,False,POINT Z (22.2219581 114.2053813 0),22.2219581,114.2053813
99,2001-09-14,"LUNG CHUN HSE(Block A,LUNG YAN COURT),CAPE RD|龍欣苑,A座(龍駿閣),環角道",5638.2920769916,786.0,536.0,"{'bay_window': '', 'flat_roof': '', 'roof': '', 'ac_platform': '', 'plant_room': '', 'garden': '', 'yard': ''}",1.83,1.83,3414.0,3414.179104477612,8504843.0,774894.0,ASP,HSL,赤柱,1993/12,1993.0,33.0,13,8.0,A,blank,LUNG YAN COURT,龍欣苑,False,POINT Z (22.2219581 114.2053813 0),22.2219581,114.2053813
100,2001-10-11,"LUNG CHUN HSE(Block A,LUNG YAN COURT),CAPE RD|龍欣苑,A座(龍駿閣),環角道",5326.637439466288,786.0,536.0,"{'bay_window': '', 'flat_roof': '', 'roof': '', 'ac_platform': '', 'plant_room': '', 'garden': '', 'yard': ''}",1.63,1.63,3041.0,3041.044776119403,8521429.0,785416.0,ASP,HSL,赤柱,1993/12,1993.0,33.0,13,4.0,A,blank,LUNG YAN COURT,龍欣苑,False,POINT Z (22.2219581 114.2053813 0),22.2219581,114.2053813
101,2005-04-14,"LUNG CHUN HSE(Block A,LUNG YAN COURT),CAPE RD|龍欣苑,A座(龍駿閣),環角道",4608.994387059804,785.0,535.0,"{'bay_window': '', 'flat_roof': '', 'roof': '', 'ac_platform': '', 'plant_room': '', 'garden': '', 'yard': ''}",1.85,1.85,3458.0,3457.9439252336447,5042701360058.0,1595265.0,ASP,HSL,赤柱,1993/12,1993.0,33.0,4,8.0,A,blank,LUNG YAN COURT,龍欣苑,False,POINT Z (22.2219581 114.2053813 0),22.2219581,114.2053813
102,2005-07-08,"LUNG CHUN HSE(Block A,LUNG YAN COURT),CAPE RD|龍欣苑,A座(龍駿閣),環角道",4903.458809896155,786.0,536.0,"{'bay_window': '', 'flat_roof': '', 'roof': '', 'ac_platform': '', 'plant_room': '', 'garden': '', 'yard': ''}",1.92,1.92,3582.0,3582.089552238806,5072301440025.0,1684067.0,ASP,HSL,赤柱,1993/12,1993.0,33.0,13,10.0,A,blank,LUNG YAN COURT,龍欣苑,False,POINT Z (22.2219581 114.2053813 0),22.2219581,114.2053813
103,2005-12-01,"LUNG CHUN HSE(Block A,LUNG YAN COURT),CAPE RD|龍欣苑,A座(龍駿閣),環角道",4881.713468231239,786.0,536.0,"{'bay_window': '', 'flat_roof': '', 'roof': '', 'ac_platform': '', 'plant_room': '', 'garden': '', 'yard': ''}",1.903,1.903,3550.0,3550.373134328358,5120901570141.0,1781561.0,ASP,HSL,赤柱,1993/12,1993.0,33.0,13,6.0,A,blank,LUNG YAN COURT,龍欣苑,False,POINT Z (22.2219581 114.2053813 0),22.2219581,114.2053813
104,2005-11-03,"LUNG CHUN HSE(Block A,LUNG YAN COURT),CAPE RD|龍欣苑,A座(龍駿閣),環角道",4973.631962722414,635.0,431.0,"{'bay_window': '3', 'flat_roof': '', 'roof': '', 'ac_platform': '', 'plant_room': '', 'garden': '', 'yard': ''}",1.582,1.582,3671.0,3670.533642691416,5121601630138.0,1785967.0,ASP,HSL,赤柱,1993/12,1993.0,33.0,2,7.0,A,blank,LUNG YAN COURT,龍欣苑,False,POINT Z (22.2219581 114.2053813 0),22.2219581,114.2053813
105,2006-05-17,"LUNG CHUN HSE(Block A,LUNG YAN COURT),CAPE RD|龍欣苑,A座(龍駿閣),環角道",4741.587551961851,939.0,640.0,"{'bay_window': '', 'flat_roof': '', 'roof': '', 'ac_platform': '', 'plant_room': '', 'garden': '', 'yard': ''}",2.3,2.3,3594.0,3593.75,6052602270077.0,1885920.0,ASP,HSL,赤柱,1993/12,1993.0,33.0,1,5.0,A,blank,LUNG YAN COURT,龍欣苑,False,POINT Z (22.2219581 114.2053813 0),22.2219581,114.2053813
106,2006-11-24,"LUNG CHUN HSE(Block A,LUNG YAN COURT),CAPE RD|龍欣苑,A座(龍駿閣),環角道",4339.654211806908,635.0,431.0,"{'bay_window': '3', 'flat_roof': '', 'roof': '', 'ac_platform': '', 'plant_room': '', 'garden': '', 'yard': ''}",1.42,1.42,3295.0,3294.663573085847,6121300260038.0,2020782.0,ASP,HSL,赤柱,1993/12,1993.0,33.0,2,2.0,A,blank,LUNG YAN COURT,龍欣苑,False,POINT Z (22.2219581 114.2053813 0),22.2219581,114.2053813
107,2007-03-17,"LUNG CHUN HSE(Block A,LUNG YAN COURT),CAPE RD|龍欣苑,A座(龍駿閣),環角道",4169.193580394595,635.0,431.0,"{'bay_window': '3', 'flat_roof': '', 'roof': '', 'ac_platform': '', 'plant_room': '', 'garden': '', 'yard': ''}",1.42,1.42,3295.0,3294.663573085847,7041302080077.0,2103456.0,PRO-ASP,HSL,赤柱,1993/12,1993.0,33.0,8,1.0,A,blank,LUNG YAN COURT,龍欣苑,False,POINT Z (22.2219581 114.2053813 0),22.2219581,114.2053813
108,2007-04-24,"LUNG CHUN HSE(Block A,LUNG YAN COURT),CAPE RD|龍欣苑,A座(龍駿閣),環角道",4496.561172130225,785.0,535.0,"{'bay_window': '', 'flat_roof': '', 'roof': '', 'ac_platform': '', 'plant_room': '', 'garden': '', 'yard': ''}",1.95,1.95,3645.0,3644.859813084112,7050201920056.0,2119851.0,ASP,HSL,赤柱,1993/12,1993.0,33.0,4,1.0,A,blank,LUNG YAN COURT,龍欣苑,False,POINT Z (22.2219581 114.2053813 0),22.2219581,114.2053813
109,2007-09-06,"LUNG CHUN HSE(Block A,LUNG YAN COURT),CAPE RD|龍欣苑,A座(龍駿閣),環角道",3572.990793168516,635.0,431.0,"{'bay_window': '3', 'flat_roof': '', 'roof': '', 'ac_platform': '', 'plant_room': '', 'garden': '', 'yard': ''}",1.338,1.338,3104.0,3104.4083526682134,7091402500083.0,2245587.0,ASP,HSL,赤柱,1993/12,1993.0,33.0,6,2.0,A,blank,LUNG YAN COURT,龍欣苑,False,POINT Z (22.2219581 114.2053813 0),22.2219581,114.2053813
110,2007-08-24,"LUNG CHUN HSE(Block A,LUNG YAN COURT),CAPE RD|龍欣苑,A座(龍駿閣),環角道",3994.9036686862696,635.0,431.0,"{'bay_window': '3', 'flat_roof': '', 'roof': '', 'ac_platform': '', 'plant_room': '', 'garden': '', 'yard': ''}",1.46,1.46,3387.0,3387.4709976798144,7092002240020.0,2250750.0,ASP,HSL,赤柱,1993/12,1993.0,33.0,3,11.0,A,blank,LUNG YAN COURT,龍欣苑,False,POINT Z (22.2219581 114.2053813 0),22.2219581,114.2053813
111,2008-03-28,"LUNG CHUN HSE(Block A,LUNG YAN COURT),CAPE RD|龍欣苑,A座(龍駿閣),環角道",4454.53965505435,776.0,530.0,"{'bay_window': '', 'flat_roof': '', 'roof': '', 'ac_platform': '', 'plant_room': '', 'garden': '', 'yard': ''}",2.5,2.5,4717.0,4716.981132075472,8041602370010.0,2477917.0,ASP,HSL,赤柱,1993/12,1993.0,33.0,10,3.0,A,blank,LUNG YAN COURT,龍欣苑,False,POINT Z (22.2219581 114.2053813 0),22.2219581,114.2053813
112,2008-08-18,"LUNG CHUN HSE(Block A,LUNG YAN COURT),CAPE RD|龍欣苑,A座(龍駿閣),環角道",4567.324391398015,635.0,431.0,"{'bay_window': '3', 'flat_roof': '', 'roof': '', 'ac_platform': '', 'plant_room': '', 'garden': '', 'yard': ''}",1.98,1.98,4594.0,4593.967517401392,8082800670307.0,2592671.0,ASP,HSL,赤柱,1993/12,1993.0,33.0,6,3.0,A,blank,LUNG YAN COURT,龍欣苑,False,POINT Z (22.2219581 114.2053813 0),22.2219581,114.2053813
113,2009-07-08,"LUNG CHUN HSE(Block A,LUNG YAN COURT),CAPE RD|龍欣苑,A座(龍駿閣),環角道",4779.835758112928,785.0,535.0,"{'bay_window': '', 'flat_roof': '', 'roof': '', 'ac_platform': '', 'plant_room': '', 'garden': '', 'yard': ''}",2.65,2.65,4953.0,4953.271028037383,9071702080030.0,2792966.0,ASP,HSL,赤柱,1993/12,1993.0,33.0,4,1.0,A,blank,LUNG YAN COURT,龍欣苑,False,POINT Z (22.2219581 114.2053813 0),22.2219581,114.2053813
114,2009-08-04,"LUNG CHUN HSE(Block A,LUNG YAN COURT),CAPE RD|龍欣苑,A座(龍駿閣),環角道",4632.301005325603,939.0,640.0,"{'bay_window': '', 'flat_roof': '', 'roof': '', 'ac_platform': '', 'plant_room': '', 'garden': '', 'yard': ''}",3.1,3.1,4844.0,4843.75,9082700920017.0,2836028.0,PRO-ASP,HSL,赤柱,1993/12,1993.0,33.0,16,3.0,A,blank,LUNG YAN COURT,龍欣苑,False,POINT Z (22.2219581 114.2053813 0),22.2219581,114.2053813
115,2009-09-04,"LUNG CHUN HSE(Block A,LUNG YAN COURT),CAPE RD|龍欣苑,A座(龍駿閣),環角道",4334.4684809317305,776.0,530.0,"{'bay_window': '', 'flat_roof': '', 'roof': '', 'ac_platform': '', 'plant_room': '', 'garden': '', 'yard': ''}",2.48,2.48,4679.0,4679.245283018868,9091101570019.0,2852288.0,ASP,HSL,赤柱,1993/12,1993.0,33.0,10,1.0,A,blank,LUNG YAN COURT,龍欣苑,False,POINT Z (22.2219581 114.2053813 0),22.2219581,114.2053813
116,2009-09-21,"LUNG CHUN HSE(Block A,LUNG YAN COURT),CAPE RD|龍欣苑,A座(龍駿閣),環角道",4351.946176419358,776.0,530.0,"{'bay_window': '', 'flat_roof': '', 'roof': '', 'ac_platform': '', 'plant_room': '', 'garden': '', 'yard': ''}",2.49,2.49,4698.0,4698.11320754717,9101602580080.0,2886532.0,ASP,HSL,赤柱,1993/12,1993.0,33.0,15,1.0,A,blank,LUNG YAN COURT,龍欣苑,False,POINT Z (22.2219581 114.2053813 0),22.2219581,114.2053813
117,2009-10-27,"LUNG CHUN HSE(Block A,LUNG YAN COURT),CAPE RD|龍欣苑,A座(龍駿閣),環角道",4286.251478369964,626.0,427.0,"{'bay_window': '', 'flat_roof': '', 'roof': '', 'ac_platform': '', 'plant_room': '', 'garden': '', 'yard': ''}",2.0,2.0,4684.0,4683.84074941452,9111700930115.0,2918217.0,PRO-ASP,HSL,赤柱,1993/12,1993.0,33.0,11,0.0,A,blank,LUNG YAN COURT,龍欣苑,False,POINT Z (22.2219581 114.2053813 0),22.2219581,114.2053813
118,2011-01-14,"LUNG CHUN HSE(Block A,LUNG YAN COURT),CAPE RD|龍欣苑,A座(龍駿閣),環角道",4684.378706782425,786.0,536.0,"{'bay_window': '', 'flat_roof': '', 'roof': '', 'ac_platform': '', 'plant_room': '', 'garden': '', 'yard': ''}",3.395,3.395,6334.0,6333.955223880597,11012600150103.0,3371151.0,PRO-ASP,HSL,赤柱,1993/12,1993.0,33.0,13,6.0,A,blank,LUNG YAN COURT,龍欣苑,False,POINT Z (22.2219581 114.2053813 0),22.2219581,114.2053813
119,2011-04-13,"LUNG CHUN HSE(Block A,LUNG YAN COURT),CAPE RD|龍欣苑,A座(龍駿閣),環角道",3914.4751564796975,635.0,431.0,"{'bay_window': '3', 'flat_roof': '', 'roof': '', 'ac_platform': '', 'plant_room': '', 'garden': '', 'yard': ''}",2.5,2.5,5800.0,5800.46403712297,11052602730017.0,3486432.0,PRO-ASP,HSL,赤柱,1993/12,1993.0,33.0,3,1.0,A,blank,LUNG YAN COURT,龍欣苑,False,POINT Z (22.2219581 114.2053813 0),22.2219581,114.2053813
120,2011-10-19,"LUNG CHUN HSE(Block A,LUNG YAN COURT),CAPE RD|龍欣苑,A座(龍駿閣),環角道",4827.440550974096,939.0,640.0,"{'bay_window': '', 'flat_roof': '', 'roof': '', 'ac_platform': '', 'plant_room': '', 'garden': '', 'yard': ''}",4.6,4.6,7188.0,7187.5,11102500010074.0,3595074.0,ASP,HSL,赤柱,1993/12,1993.0,33.0,16,3.0,A,blank,LUNG YAN COURT,龍欣苑,False,POINT Z (22.2219581 114.2053813 0),22.2219581,114.2053813
121,2011-10-03,"LUNG CHUN HSE(Block A,LUNG YAN COURT),CAPE RD|龍欣苑,A座(龍駿閣),環角道",4597.098638272518,635.0,431.0,"{'bay_window': '3', 'flat_roof': '', 'roof': '', 'ac_platform': '', 'plant_room': '', 'garden': '', 'yard': ''}",2.95,2.95,6845.0,6844.547563805105,11110201910091.0,3599507.0,ASP,HSL,赤柱,1993/12,1993.0,33.0,6,3.0,A,blank,LUNG YAN COURT,龍欣苑,False,POINT Z (22.2219581 114.2053813 0),22.2219581,114.2053813
122,2011-11-17,"LUNG CHUN HSE(Block A,LUNG YAN COURT),CAPE RD|龍欣苑,A座(龍駿閣),環角道",5198.018065115744,635.0,431.0,"{'bay_window': '3', 'flat_roof': '', 'roof': '', 'ac_platform': '', 'plant_room': '', 'garden': '', 'yard': ''}",3.36,3.36,7796.0,7795.823665893271,11112900300015.0,3614814.0,ASP,HSL,赤柱,1993/12,1993.0,33.0,8,7.0,A,blank,LUNG YAN COURT,龍欣苑,False,POINT Z (22.2219581 114.2053813 0),22.2219581,114.2053813
123,2012-05-15,"LUNG CHUN HSE(Block A,LUNG YAN COURT),CAPE RD|龍欣苑,A座(龍駿閣),環角道",4846.984897061218,785.0,535.0,"{'bay_window': '', 'flat_roof': '', 'roof': '', 'ac_platform': '', 'plant_room': '', 'garden': '', 'yard': ''}",4.13,4.13,7720.0,7719.626168224299,12052102250071.0,3716155.0,ASP,HSL,赤柱,1993/12,1993.0,33.0,9,10.0,A,blank,LUNG YAN COURT,龍欣苑,False,POINT Z (22.2219581 114.2053813 0),22.2219581,114.2053813
124,2012-10-18,"LUNG CHUN HSE(Block A,LUNG YAN COURT),CAPE RD|龍欣苑,A座(龍駿閣),環角道",4524.739061252049,786.0,536.0,"{'bay_window': '', 'flat_roof': '', 'roof': '', 'ac_platform': '', 'plant_room': '', 'garden': '', 'yard': ''}",4.18,4.18,7799.0,7798.507462686566,12103000240045.0,3838392.0,ASP,HSL,赤柱,1993/12,1993.0,33.0,13,7.0,A,blank,LUNG YAN COURT,龍欣苑,False,POINT Z (22.2219581 114.2053813 0),22.2219581,114.2053813
125,2014-06-10,"LUNG CHUN HSE(Block A,LUNG YAN COURT),CAPE RD|龍欣苑,A座(龍駿閣),環角道",4933.330419745352,626.0,427.0,"{'bay_window': '', 'flat_roof': '', 'roof': '', 'ac_platform': '', 'plant_room': '', 'garden': '', 'yard': ''}",3.849,3.849,9014.0,9014.051522248245,14061600020040.0,4151011.0,ASP,HSL,赤柱,1993/12,1993.0,33.0,12,8.0,A,blank,LUNG YAN COURT,龍欣苑,False,POINT Z (22.2219581 114.2053813 0),22.2219581,114.2053813
126,2014-06-17,"LUNG CHUN HSE(Block A,LUNG YAN COURT),CAPE RD|龍欣苑,A座(龍駿閣),環角道",5039.2293001605785,776.0,530.0,"{'bay_window': '', 'flat_roof': '', 'roof': '', 'ac_platform': '', 'plant_room': '', 'garden': '', 'yard': ''}",4.88,4.88,9208.0,9207.547169811322,14070200290023.0,4159943.0,ASP,HSL,赤柱,1993/12,1993.0,33.0,14,6.0,A,blank,LUNG YAN COURT,龍欣苑,False,POINT Z (22.2219581 114.2053813 0),22.2219581,114.2053813
127,2016-10-04,"LUNG CHUN HSE(Block A,LUNG YAN COURT),CAPE RD|龍欣苑,A座(龍駿閣),環角道",4391.220001163673,626.0,427.0,"{'bay_window': '', 'flat_roof': '', 'roof': '', 'ac_platform': '', 'plant_room': '', 'garden': '', 'yard': ''}",4.0,4.0,9368.0,9367.68149882904,16102602040010.0,4585523.0,ASP,HSL,赤柱,1993/12,1993.0,33.0,12,10.0,A,blank,LUNG YAN COURT,龍欣苑,False,POINT Z (22.2219581 114.2053813 0),22.2219581,114.2053813
128,2016-11-25,"LUNG CHUN HSE(Block A,LUNG YAN COURT),CAPE RD|龍欣苑,A座(龍駿閣),環角道",5177.78119861561,939.0,640.0,"{'bay_window': '', 'flat_roof': '', 'roof': '', 'ac_platform': '', 'plant_room': '', 'garden': '', 'yard': ''}",7.0,7.0,10938.0,10937.5,16121200880049.0,4613131.0,PRO-ASP,HSL,赤柱,1993/12,1993.0,33.0,16,9.0,A,blank,LUNG YAN COURT,龍欣苑,False,POINT Z (22.2219581 114.2053813 0),22.2219581,114.2053813
129,2017-05-29,"LUNG CHUN HSE(Block A,LUNG YAN COURT),CAPE RD|龍欣苑,A座(龍駿閣),環角道",4804.935187540226,939.0,640.0,"{'bay_window': '', 'flat_roof': '', 'roof': '', 'ac_platform': '', 'plant_room': '', 'garden': '', 'yard': ''}",6.9,6.9,10781.0,10781.25,17061900370022.0,4720687.0,ASP,HSL,赤柱,1993/12,1993.0,33.0,16,10.0,A,blank,LUNG YAN COURT,龍欣苑,False,POINT Z (22.2219581 114.2053813 0),22.2219581,114.2053813
130,2018-03-26,"LUNG CHUN HSE(Block A,LUNG YAN COURT),CAPE RD|龍欣苑,A座(龍駿閣),環角道",4694.308669545957,626.0,427.0,"{'bay_window': '', 'flat_roof': '', 'roof': '', 'ac_platform': '', 'plant_room': '', 'garden': '', 'yard': ''}",4.98,4.98,11663.0,11662.763466042155,18041002410039.0,5333236.0,ASP,HSL,赤柱,1993/12,1993.0,33.0,15,11.0,A,blank,LUNG YAN COURT,龍欣苑,False,POINT Z (22.2219581 114.2053813 0),22.2219581,114.2053813
131,2019-06-18,"LUNG CHUN HSE(Block A,LUNG YAN COURT),CAPE RD|龍欣苑,A座(龍駿閣),環角道",4732.668883614903,626.0,427.0,"{'bay_window': '', 'flat_roof': '', 'roof': '', 'ac_platform': '', 'plant_room': '', 'garden': '', 'yard': ''}",5.3,5.3,12412.0,12412.177985948478,19070200400032.0,5574516.0,ASP,HSL,赤柱,1993/12,1993.0,33.0,11,0.0,A,blank,LUNG YAN COURT,龍欣苑,False,POINT Z (22.2219581 114.2053813 0),22.2219581,114.2053813
132,2019-09-26,"LUNG CHUN HSE(Block A,LUNG YAN COURT),CAPE RD|龍欣苑,A座(龍駿閣),環角道",4820.700397073413,776.0,530.0,"{'bay_window': '', 'flat_roof': '', 'roof': '', 'ac_platform': '', 'plant_room': '', 'garden': '', 'yard': ''}",6.5,6.5,12264.0,12264.150943396226,19102202520082.0,5630288.0,PRO-ASP,HSL,赤柱,1993/12,1993.0,33.0,11,5.0,A,blank,LUNG YAN COURT,龍欣苑,False,POINT Z (22.2219581 114.2053813 0),22.2219581,114.2053813
133,2020-06-10,"LUNG CHUN HSE(Block A,LUNG YAN COURT),CAPE RD|龍欣苑,A座(龍駿閣),環角道",4962.407446911982,626.0,427.0,"{'bay_window': '', 'flat_roof': '', 'roof': '', 'ac_platform': '', 'plant_room': '', 'garden': '', 'yard': ''}",5.38,5.38,12600.0,12599.531615925058,20062901590065.0,5730627.0,ASP,HSL,赤柱,1993/12,1993.0,33.0,12,10.0,A,blank,LUNG YAN COURT,龍欣苑,False,POINT Z (22.2219581 114.2053813 0),22.2219581,114.2053813
134,2020-07-16,"LUNG CHUN HSE(Block A,LUNG YAN COURT),CAPE RD|龍欣苑,A座(龍駿閣),環角道",5245.674524193257,776.0,530.0,"{'bay_window': '', 'flat_roof': '', 'roof': '', 'ac_platform': '', 'plant_room': '', 'garden': '', 'yard': ''}",7.08,7.08,13358.0,13358.490566037735,20072301630046.0,5744304.0,ASP,HSL,赤柱,1993/12,1993.0,33.0,14,7.0,A,blank,LUNG YAN COURT,龍欣苑,False,POINT Z (22.2219581 114.2053813 0),22.2219581,114.2053813
135,2020-09-29,"LUNG CHUN HSE(Block A,LUNG YAN COURT),CAPE RD|龍欣苑,A座(龍駿閣),環角道",5011.140190934265,635.0,431.0,"{'bay_window': '3', 'flat_roof': '', 'roof': '', 'ac_platform': '', 'plant_room': '', 'garden': '', 'yard': ''}",5.48,5.48,12715.0,12714.61716937355,20101901280018.0,5791576.0,ASP,HSL,赤柱,1993/12,1993.0,33.0,8,7.0,A,blank,LUNG YAN COURT,龍欣苑,False,POINT Z (22.2219581 114.2053813 0),22.2219581,114.2053813
136,2021-06-07,"LUNG CHUN HSE(Block A,LUNG YAN COURT),CAPE RD|龍欣苑,A座(龍駿閣),環角道",4662.635122853013,635.0,431.0,"{'bay_window': '3', 'flat_roof': '', 'roof': '', 'ac_platform': '', 'plant_room': '', 'garden': '', 'yard': ''}",5.3,5.3,12297.0,12296.983758700697,21061701730081.0,5935037.0,ASP,HSL,赤柱,1993/12,1993.0,33.0,3,8.0,A,blank,LUNG YAN COURT,龍欣苑,False,POINT Z (22.2219581 114.2053813 0),22.2219581,114.2053813
137,2021-07-05,"LUNG CHUN HSE(Block A,LUNG YAN COURT),CAPE RD|龍欣苑,A座(龍駿閣),環角道",5277.3867628693215,776.0,530.0,"{'bay_window': '', 'flat_roof': '', 'roof': '', 'ac_platform': '', 'plant_room': '', 'garden': '', 'yard': ''}",7.3,7.3,13774.0,13773.584905660377,21072900450035.0,5966709.0,ASP,HSL,赤柱,1993/12,1993.0,33.0,14,9.0,A,blank,LUNG YAN COURT,龍欣苑,False,POINT Z (22.2219581 114.2053813 0),22.2219581,114.2053813
138,2021-12-10,"LUNG CHUN HSE(Block A,LUNG YAN COURT),CAPE RD|龍欣苑,A座(龍駿閣),環角道",4844.736884215424,785.0,535.0,"{'bay_window': '', 'flat_roof': '', 'roof': '', 'ac_platform': '', 'plant_room': '', 'garden': '', 'yard': ''}",6.7,6.7,12523.0,12523.364485981308,21122002210044.0,6057071.0,ASP,HSL,赤柱,1993/12,1993.0,33.0,9,5.0,A,blank,LUNG YAN COURT,龍欣苑,False,POINT Z (22.2219581 114.2053813 0),22.2219581,114.2053813
139,2022-05-03,"LUNG CHUN HSE(Block A,LUNG YAN COURT),CAPE RD|龍欣苑,A座(龍駿閣),環角道",5110.175041575338,635.0,431.0,"{'bay_window': '3', 'flat_roof': '', 'roof': '', 'ac_platform': '', 'plant_room': '', 'garden': '', 'yard': ''}",5.48,5.48,12715.0,12714.61716937355,22051102240026.0,6122932.0,ASP,HSL,赤柱,1993/12,1993.0,33.0,6,2.0,A,blank,LUNG YAN COURT,龍欣苑,False,POINT Z (22.2219581 114.2053813 0),22.2219581,114.2053813
140,2022-11-22,"LUNG CHUN HSE(Block A,LUNG YAN COURT),CAPE RD|龍欣苑,A座(龍駿閣),環角道",5245.627089867315,635.0,431.0,"{'bay_window': '3', 'flat_roof': '', 'roof': '', 'ac_platform': '', 'plant_room': '', 'garden': '', 'yard': ''}",4.9,4.9,11369.0,11368.909512761022,22120701020010.0,6210991.0,ASP,HSL,赤柱,1993/12,1993.0,33.0,2,2.0,A,blank,LUNG YAN COURT,龍欣苑,False,POINT Z (22.2219581 114.2053813 0),22.2219581,114.2053813
141,2024-04-26,"LUNG CHUN HSE(Block A,LUNG YAN COURT),CAPE RD|龍欣苑,A座(龍駿閣),環角道",3432.957502464244,635.0,431.0,"{'bay_window': '3', 'flat_roof': '', 'roof': '', 'ac_platform': '', 'plant_room': '', 'garden': '', 'yard': ''}",2.9,2.9,6729.0,6728.538283062645,24051600240043.0,6423018.0,PRO-ASP,HSL,赤柱,1993/12,1993.0,33.0,6,0.0,A,blank,LUNG YAN COURT,龍欣苑,False,POINT Z (22.2219581 114.2053813 0),22.2219581,114.2053813
142,2024-06-07,"LUNG CHUN HSE(Block A,LUNG YAN COURT),CAPE RD|龍欣苑,A座(龍駿閣),環角道",5604.81704072834,635.0,431.0,"{'bay_window': '3', 'flat_roof': '', 'roof': '', 'ac_platform': '', 'plant_room': '', 'garden': '', 'yard': ''}",4.6,4.6,10673.0,10672.853828306264,24061401500043.0,6436441.0,ASP,HSL,赤柱,1993/12,1993.0,33.0,6,9.0,A,blank,LUNG YAN COURT,龍欣苑,False,POINT Z (22.2219581 114.2053813 0),22.2219581,114.2053813
143,2024-07-05,"LUNG CHUN HSE(Block A,LUNG YAN COURT),CAPE RD|龍欣苑,A座(龍駿閣),環角道",4122.180934312186,776.0,530.0,"{'bay_window': '', 'flat_roof': '', 'roof': '', 'ac_platform': '', 'plant_room': '', 'garden': '', 'yard': ''}",4.05,4.05,7642.0,7641.509433962264,24071900320019.0,6454023.0,ASP,HSL,赤柱,1993/12,1993.0,33.0,15,1.0,A,blank,LUNG YAN COURT,龍欣苑,False,POINT Z (22.2219581 114.2053813 0),22.2219581,114.2053813
144,2024-11-08,"LUNG CHUN HSE(Block A,LUNG YAN COURT),CAPE RD|龍欣苑,A座(龍駿閣),環角道",4528.833864307748,785.0,535.0,"{'bay_window': '', 'flat_roof': '', 'roof': '', 'ac_platform': '', 'plant_room': '', 'garden': '', 'yard': ''}",4.5,4.5,8411.0,8411.214953271028,24111801280215.0,6504896.0,ASP,HSL,赤柱,1993/12,1993.0,33.0,4,1.0,A,blank,LUNG YAN COURT,龍欣苑,False,POINT Z (22.2219581 114.2053813 0),22.2219581,114.2053813
145,2025-10-02,"LUNG CHUN HSE(Block A,LUNG YAN COURT),CAPE RD|龍欣苑,A座(龍駿閣),環角道",5195.621665383827,785.0,535.0,"{'bay_window': '', 'flat_roof': '', 'roof': '', 'ac_platform': '', 'plant_room': '', 'garden': '', 'yard': ''}",5.2,5.2,9720.0,9719.626168224298,25102300450065.0,6677904.0,ASP,HSL,赤柱,1993/12,1993.0,33.0,9,10.0,A,blank,LUNG YAN COURT,龍欣苑,False,POINT Z (22.2219581 114.2053813 0),22.2219581,114.2053813
146,2025-10-17,"LUNG CHUN HSE(Block A,LUNG YAN COURT),CAPE RD|龍欣苑,A座(龍駿閣),環角道",2243.9113015591934,786.0,536.0,"{'bay_window': '', 'flat_roof': '', 'roof': '', 'ac_platform': '', 'plant_room': '', 'garden': '', 'yard': ''}",2.25,2.25,4198.0,4197.761194029851,25103100270031.0,6682151.0,MEM-ASP,HSL,赤柱,1993/12,1993.0,33.0,13,6.0,A,blank,LUNG YAN COURT,龍欣苑,False,POINT Z (22.2219581 114.2053813 0),22.2219581,114.2053813
147,2005-09-07,"LUNG TAK COURT(Block B),CAPE RD|龍德苑B座,環角道",4574.856814845263,559.0,421.0,"{'bay_window': '', 'flat_roof': '', 'roof': '', 'ac_platform': '', 'plant_room': '', 'garden': '', 'yard': ''}",1.513,1.513,3594.0,3593.8242280285035,5100300170205.0,1735728.0,PRO-ASP,HSL,赤柱,2000/08,2000.0,26.0,28,3.0,B,blank,LUNG TAK COURT,龍德苑,False,POINT Z (22.2200515 114.2086321 0),22.2200515,114.2086321
148,2005-10-03,"LUNG TAK COURT(Block B),CAPE RD|龍德苑B座,環角道",5013.033486312504,283.0,214.0,"{'bay_window': '', 'flat_roof': '', 'roof': '', 'ac_platform': '', 'plant_room': '', 'garden': '', 'yard': ''}",0.82,0.82,3832.0,3831.77570093458,5101801560032.0,1746379.0,ASP,HSL,赤柱,2000/08,2000.0,26.0,1,5.0,B,blank,LUNG TAK COURT,龍德苑,False,POINT Z (22.2200515 114.2086321 0),22.2200515,114.2086321
149,2006-01-23,"LUNG TAK COURT(Block B),CAPE RD|龍德苑B座,環角道",4651.128410888911,559.0,421.0,"{'bay_window': '', 'flat_roof': '', 'roof': '', 'ac_platform': '', 'plant_room': '', 'garden': '', 'yard': ''}",1.45,1.45,3444.0,3444.1805225653206,6020800270020.0,1813732.0,ASP,HSL,赤柱,2000/08,2000.0,26.0,4,1.0,B,blank,LUNG TAK COURT,龍德苑,False,POINT Z (22.2200515 114.2086321 0),22.2200515,114.2086321
150,2006-01-25,"LUNG TAK COURT(Block B),CAPE RD|龍德苑B座,環角道",4987.934261332592,559.0,421.0,"{'bay_window': '', 'flat_roof': '', 'roof': '', 'ac_platform': '', 'plant_room': '', 'garden': '', 'yard': ''}",1.555,1.555,3694.0,3693.586698337292,6021002320017.0,1816386.0,PRO-ASP,HSL,赤柱,2000/08,2000.0,26.0,7,8.0,B,blank,LUNG TAK COURT,龍德苑,False,POINT Z (22.2200515 114.2086321 0),22.2200515,114.2086321
151,2006-03-03,"LUNG TAK COURT(Block B),CAPE RD|龍德苑B座,環角道",5366.268657858903,698.0,526.0,"{'bay_window': '', 'flat_roof': '', 'roof': '', 'ac_platform': '', 'plant_room': '', 'garden': '', 'yard': ''}",2.1,2.1,3992.0,3992.3954372623575,6030802540010.0,1831283.0,ASP,HSL,赤柱,2000/08,2000.0,26.0,13,1.0,B,blank,LUNG TAK COURT,龍德苑,False,POINT Z (22.2200515 114.2086321 0),22.2200515,114.2086321
152,2006-12-15,"LUNG TAK COURT(Block B),CAPE RD|龍德苑B座,環角道",5439.721156343988,283.0,214.0,"{'bay_window': '', 'flat_roof': '', 'roof': '', 'ac_platform': '', 'plant_room': '', 'garden': '', 'yard': ''}",0.9,0.9,4206.0,4205.607476635514,7011201910277.0,2039346.0,ASP,HSL,赤柱,2000/08,2000.0,26.0,10,5.0,B,blank,LUNG TAK COURT,龍德苑,False,POINT Z (22.2200515 114.2086321 0),22.2200515,114.2086321
153,2007-02-02,"LUNG TAK COURT(Block B),CAPE RD|龍德苑B座,環角道",6254.875202888547,699.0,527.0,"{'bay_window': '', 'flat_roof': '', 'roof': '', 'ac_platform': '', 'plant_room': '', 'garden': '', 'yard': ''}",2.6,2.6,4934.0,4933.586337760911,7030301590164.0,2078035.0,ASP,HSL,赤柱,2000/08,2000.0,26.0,25,8.0,B,blank,LUNG TAK COURT,龍德苑,False,POINT Z (22.2200515 114.2086321 0),22.2200515,114.2086321
154,2007-02-02,"LUNG TAK COURT(Block B),CAPE RD|龍德苑B座,環角道",5182.1339197374,698.0,526.0,"{'bay_window': '', 'flat_roof': '', 'roof': '', 'ac_platform': '', 'plant_room': '', 'garden': '', 'yard': ''}",2.15,2.15,4087.0,4087.45247148289,7031000790091.0,2082463.0,PRO-ASP,HSL,赤柱,2000/08,2000.0,26.0,24,1.0,B,blank,LUNG TAK COURT,龍德苑,False,POINT Z (22.2200515 114.2086321 0),22.2200515,114.2086321
155,2007-07-02,"LUNG TAK COURT(Block B),CAPE RD|龍德苑B座,環角道",4694.25682924037,552.0,417.0,"{'bay_window': '', 'flat_roof': '', 'roof': '', 'ac_platform': '', 'plant_room': '', 'garden': '', 'yard': ''}",1.65,1.65,3957.0,3956.834532374101,7072601650652.0,2199893.0,PRO-ASP,HSL,赤柱,2000/08,2000.0,26.0,19,6.0,B,blank,LUNG TAK COURT,龍德苑,False,POINT Z (22.2200515 114.2086321 0),22.2200515,114.2086321
156,2007-07-20,"LUNG TAK COURT(Block B),CAPE RD|龍德苑B座,環角道",5206.357574248411,552.0,417.0,"{'bay_window': '', 'flat_roof': '', 'roof': '', 'ac_platform': '', 'plant_room': '', 'garden': '', 'yard': ''}",1.83,1.83,4388.0,4388.489208633094,7080102110041.0,2205134.0,ASP,HSL,赤柱,2000/08,2000.0,26.0,12,5.0,B,blank,LUNG TAK COURT,龍德苑,False,POINT Z (22.2200515 114.2086321 0),22.2200515,114.2086321
157,2007-08-19,"LUNG TAK COURT(Block B),CAPE RD|龍德苑B座,環角道",5317.950196394988,283.0,214.0,"{'bay_window': '', 'flat_roof': '', 'roof': '', 'ac_platform': '', 'plant_room': '', 'garden': '', 'yard': ''}",0.965,0.965,4509.0,4509.345794392523,7091301770163.0,2244434.0,PRO-ASP,HSL,赤柱,2000/08,2000.0,26.0,21,7.0,B,blank,LUNG TAK COURT,龍德苑,False,POINT Z (22.2200515 114.2086321 0),22.2200515,114.2086321
158,2007-08-24,"LUNG TAK COURT(Block B),CAPE RD|龍德苑B座,環角道",4482.537560704305,552.0,417.0,"{'bay_window': '', 'flat_roof': '', 'roof': '', 'ac_platform': '', 'plant_room': '', 'garden': '', 'yard': ''}",1.585,1.585,3801.0,3800.959232613909,7091900870341.0,2250309.0,ASP,HSL,赤柱,2000/08,2000.0,26.0,19,0.0,B,blank,LUNG TAK COURT,龍德苑,False,POINT Z (22.2200515 114.2086321 0),22.2200515,114.2086321
159,2007-10-11,"LUNG TAK COURT(Block B),CAPE RD|龍德苑B座,環角道",3424.54992529075,698.0,526.0,"{'bay_window': '', 'flat_roof': '', 'roof': '', 'ac_platform': '', 'plant_room': '', 'garden': '', 'yard': ''}",1.625,1.625,3089.0,3089.3536121673005,7102602510580.0,2281813.0,ASP,HSL,赤柱,2000/08,2000.0,26.0,23,7.0,B,blank,LUNG TAK COURT,龍德苑,False,POINT Z (22.2200515 114.2086321 0),22.2200515,114.2086321
160,2008-01-02,"LUNG TAK COURT(Block B),CAPE RD|龍德苑B座,環角道",4145.106624421301,559.0,421.0,"{'bay_window': '', 'flat_roof': '', 'roof': '', 'ac_platform': '', 'plant_room': '', 'garden': '', 'yard': ''}",1.8,1.8,4276.0,4275.5344418052255,8012802790011.0,2392474.0,PRO-ASP,HSL,赤柱,2000/08,2000.0,26.0,28,2.0,B,blank,LUNG TAK COURT,龍德苑,False,POINT Z (22.2200515 114.2086321 0),22.2200515,114.2086321
161,2008-03-10,"LUNG TAK COURT(Block B),CAPE RD|龍德苑B座,環角道",4838.28937106852,699.0,527.0,"{'bay_window': '', 'flat_roof': '', 'roof': '', 'ac_platform': '', 'plant_room': '', 'garden': '', 'yard': ''}",2.7,2.7,5123.0,5123.339658444023,8031401500028.0,2443803.0,ASP,HSL,赤柱,2000/08,2000.0,26.0,5,3.0,B,blank,LUNG TAK COURT,龍德苑,False,POINT Z (22.2200515 114.2086321 0),22.2200515,114.2086321
162,2008-04-03,"LUNG TAK COURT(Block B),CAPE RD|龍德苑B座,環角道",5260.321727021082,699.0,527.0,"{'bay_window': '', 'flat_roof': '', 'roof': '', 'ac_platform': '', 'plant_room': '', 'garden': '', 'yard': ''}",2.876,2.876,5457.0,5457.3055028463,8041700280096.0,2479086.0,ASP,HSL,赤柱,2000/08,2000.0,26.0,15,4.0,B,blank,LUNG TAK COURT,龍德苑,False,POINT Z (22.2200515 114.2086321 0),22.2200515,114.2086321
163,2008-04-14,"LUNG TAK COURT(Block B),CAPE RD|龍德苑B座,環角道",4807.965253075505,552.0,417.0,"{'bay_window': '', 'flat_roof': '', 'roof': '', 'ac_platform': '', 'plant_room': '', 'garden': '', 'yard': ''}",2.08,2.08,4988.0,4988.009592326139,8050601370049.0,2495125.0,ASP,HSL,赤柱,2000/08,2000.0,26.0,9,4.0,B,blank,LUNG TAK COURT,龍德苑,False,POINT Z (22.2200515 114.2086321 0),22.2200515,114.2086321
164,2008-04-30,"LUNG TAK COURT(Block B),CAPE RD|龍德苑B座,環角道",4189.893984417195,559.0,421.0,"{'bay_window': '', 'flat_roof': '', 'roof': '', 'ac_platform': '', 'plant_room': '', 'garden': '', 'yard': ''}",1.83,1.83,4347.0,4346.793349168646,8052001860155.0,2507393.0,ASP,HSL,赤柱,2000/08,2000.0,26.0,29,2.0,B,blank,LUNG TAK COURT,龍德苑,False,POINT Z (22.2200515 114.2086321 0),22.2200515,114.2086321
165,2008-04-30,"LUNG TAK COURT(Block B),CAPE RD|龍德苑B座,環角道",4680.831556479759,552.0,417.0,"{'bay_window': '', 'flat_roof': '', 'roof': '', 'ac_platform': '', 'plant_room': '', 'garden': '', 'yard': ''}",2.025,2.025,4856.0,4856.115107913669,8052301800321.0,2511456.0,ASP,HSL,赤柱,2000/08,2000.0,26.0,33,6.0,B,blank,LUNG TAK COURT,龍德苑,False,POINT Z (22.2200515 114.2086321 0),22.2200515,114.2086321
166,2008-04-25,"LUNG TAK COURT(Block B),CAPE RD|龍德苑B座,環角道",4549.07481637144,552.0,417.0,"{'bay_window': '', 'flat_roof': '', 'roof': '', 'ac_platform': '', 'plant_room': '', 'garden': '', 'yard': ''}",1.968,1.968,4719.0,4719.424460431655,8052302710027.0,2511606.0,ASP,HSL,赤柱,2000/08,2000.0,26.0,12,4.0,B,blank,LUNG TAK COURT,龍德苑,False,POINT Z (22.2200515 114.2086321 0),22.2200515,114.2086321
167,2008-06-23,"LUNG TAK COURT(Block B),CAPE RD|龍德苑B座,環角道",4175.510326162597,552.0,417.0,"{'bay_window': '', 'flat_roof': '', 'roof': '', 'ac_platform': '', 'plant_room': '', 'garden': '', 'yard': ''}",1.86,1.86,4460.0,4460.431654676259,8071102270045.0,2557683.0,ASP,HSL,赤柱,2000/08,2000.0,26.0,22,1.0,B,blank,LUNG TAK COURT,龍德苑,False,POINT Z (22.2200515 114.2086321 0),22.2200515,114.2086321
168,2008-09-03,"LUNG TAK COURT(Block B),CAPE RD|龍德苑B座,環角道",4785.984458031595,552.0,417.0,"{'bay_window': '', 'flat_roof': '', 'roof': '', 'ac_platform': '', 'plant_room': '', 'garden': '', 'yard': ''}",2.05,2.05,4916.0,4916.067146282973,8091700510414.0,2604802.0,ASP,HSL,赤柱,2000/08,2000.0,26.0,2,5.0,B,blank,LUNG TAK COURT,龍德苑,False,POINT Z (22.2200515 114.2086321 0),22.2200515,114.2086321
169,2009-01-04,"LUNG TAK COURT(Block B),CAPE RD|龍德苑B座,環角道",4861.668326649582,283.0,214.0,"{'bay_window': '', 'flat_roof': '', 'roof': '', 'ac_platform': '', 'plant_room': '', 'garden': '', 'yard': ''}",0.9,0.9,4206.0,4205.607476635514,9013000120012.0,2670584.0,PRO-ASP,HSL,赤柱,2000/08,2000.0,26.0,21,4.0,B,blank,LUNG TAK COURT,龍德苑,False,POINT Z (22.2200515 114.2086321 0),22.2200515,114.2086321
170,2009-04-07,"LUNG TAK COURT(Block B),CAPE RD|龍德苑B座,環角道",4415.611042791181,559.0,421.0,"{'bay_window': '', 'flat_roof': '', 'roof': '', 'ac_platform': '', 'plant_room': '', 'garden': '', 'yard': ''}",1.71,1.71,4062.0,4061.757719714965,9050401370027.0,2721292.0,ASP,HSL,赤柱,2000/08,2000.0,26.0,28,2.0,B,blank,LUNG TAK COURT,龍德苑,False,POINT Z (22.2200515 114.2086321 0),22.2200515,114.2086321
171,2009-05-22,"LUNG TAK COURT(Block B),CAPE RD|龍德苑B座,環角道",4552.818796862701,559.0,421.0,"{'bay_window': '', 'flat_roof': '', 'roof': '', 'ac_platform': '', 'plant_room': '', 'garden': '', 'yard': ''}",1.85,1.85,4394.0,4394.299287410927,9061701380013.0,2760581.0,ASP,HSL,赤柱,2000/08,2000.0,26.0,7,5.0,B,blank,LUNG TAK COURT,龍德苑,False,POINT Z (22.2200515 114.2086321 0),22.2200515,114.2086321
172,2009-07-14,"LUNG TAK COURT(Block B),CAPE RD|龍德苑B座,環角道",4906.095570591383,283.0,214.0,"{'bay_window': '', 'flat_roof': '', 'roof': '', 'ac_platform': '', 'plant_room': '', 'garden': '', 'yard': ''}",1.088,1.088,5084.0,5084.112149532711,9080502630010.0,2812116.0,ASP,HSL,赤柱,2000/08,2000.0,26.0,10,5.0,B,blank,LUNG TAK COURT,龍德苑,False,POINT Z (22.2200515 114.2086321 0),22.2200515,114.2086321
173,2009-09-24,"LUNG TAK COURT(Block B),CAPE RD|龍德苑B座,環角道",4264.142551819993,559.0,421.0,"{'bay_window': '', 'flat_roof': '', 'roof': '', 'ac_platform': '', 'plant_room': '', 'garden': '', 'yard': ''}",1.938,1.938,4603.0,4603.32541567696,9101901930019.0,2888072.0,ASP,HSL,赤柱,2000/08,2000.0,26.0,29,2.0,B,blank,LUNG TAK COURT,龍德苑,False,POINT Z (22.2200515 114.2086321 0),22.2200515,114.2086321
174,2009-10-22,"LUNG TAK COURT(Block B),CAPE RD|龍德苑B座,環角道",4361.761609554333,283.0,214.0,"{'bay_window': '', 'flat_roof': '', 'roof': '', 'ac_platform': '', 'plant_room': '', 'garden': '', 'yard': ''}",1.02,1.02,4766.0,4766.355140186916,9111302670302.0,2914584.0,ASP,HSL,赤柱,2000/08,2000.0,26.0,11,2.0,B,blank,LUNG TAK COURT,龍德苑,False,POINT Z (22.2200515 114.2086321 0),22.2200515,114.2086321
175,2009-12-17,"LUNG TAK COURT(Block B),CAPE RD|龍德苑B座,環角道",3836.916506171361,559.0,421.0,"{'bay_window': '', 'flat_roof': '', 'roof': '', 'ac_platform': '', 'plant_room': '', 'garden': '', 'yard': ''}",1.77,1.77,4204.0,4204.275534441806,10010802740522.0,2965447.0,ASP,HSL,赤柱,2000/08,2000.0,26.0,31,1.0,B,blank,LUNG TAK COURT,龍德苑,False,POINT Z (22.2200515 114.2086321 0),22.2200515,114.2086321
176,2009-12-28,"LUNG TAK COURT(Block B),CAPE RD|龍德苑B座,環角道",5032.217598436583,283.0,214.0,"{'bay_window': '', 'flat_roof': '', 'roof': '', 'ac_platform': '', 'plant_room': '', 'garden': '', 'yard': ''}",1.18,1.18,5514.0,5514.018691588785,10011202040120.0,2968410.0,ASP,HSL,赤柱,2000/08,2000.0,26.0,21,3.0,B,blank,LUNG TAK COURT,龍德苑,False,POINT Z (22.2200515 114.2086321 0),22.2200515,114.2086321
177,2010-01-04,"LUNG TAK COURT(Block B),CAPE RD|龍德苑B座,環角道",4039.007101679341,552.0,417.0,"{'bay_window': '', 'flat_roof': '', 'roof': '', 'ac_platform': '', 'plant_room': '', 'garden': '', 'yard': ''}",1.88,1.88,4508.0,4508.393285371702,10012200910036.0,2980447.0,ASP,HSL,赤柱,2000/08,2000.0,26.0,9,0.0,B,blank,LUNG TAK COURT,龍德苑,False,POINT Z (22.2200515 114.2086321 0),22.2200515,114.2086321
178,2010-01-06,"LUNG TAK COURT(Block B),CAPE RD|龍德苑B座,環角道",4575.19055062745,559.0,421.0,"{'bay_window': '', 'flat_roof': '', 'roof': '', 'ac_platform': '', 'plant_room': '', 'garden': '', 'yard': ''}",2.15,2.15,5107.0,5106.88836104513,10020101490014.0,2988301.0,PRO-ASP,HSL,赤柱,2000/08,2000.0,26.0,18,7.0,B,blank,LUNG TAK COURT,龍德苑,False,POINT Z (22.2200515 114.2086321 0),22.2200515,114.2086321
179,2010-01-18,"LUNG TAK COURT(Block B),CAPE RD|龍德苑B座,環角道",4833.918073818361,552.0,417.0,"{'bay_window': '', 'flat_roof': '', 'roof': '', 'ac_platform': '', 'plant_room': '', 'garden': '', 'yard': ''}",2.25,2.25,5396.0,5395.6834532374105,10021202570035.0,3002318.0,PRO-ASP,HSL,赤柱,2000/08,2000.0,26.0,12,5.0,B,blank,LUNG TAK COURT,龍德苑,False,POINT Z (22.2200515 114.2086321 0),22.2200515,114.2086321
180,2010-02-02,"LUNG TAK COURT(Block B),CAPE RD|龍德苑B座,環角道",3993.844829291347,283.0,214.0,"{'bay_window': '', 'flat_roof': '', 'roof': '', 'ac_platform': '', 'plant_room': '', 'garden': '', 'yard': ''}",1.0,1.0,4673.0,4672.897196261682,10022603490022.0,3015599.0,MEM-ASP,HSL,赤柱,2000/08,2000.0,26.0,20,2.0,B,blank,LUNG TAK COURT,龍德苑,False,POINT Z (22.2200515 114.2086321 0),22.2200515,114.2086321
181,2010-04-20,"LUNG TAK COURT(Block B),CAPE RD|龍德苑B座,環角道",4679.7376950514745,552.0,417.0,"{'bay_window': '', 'flat_roof': '', 'roof': '', 'ac_platform': '', 'plant_room': '', 'garden': '', 'yard': ''}",2.3,2.3,5516.0,5515.587529976019,10042702730016.0,3074202.0,ASP,HSL,赤柱,2000/08,2000.0,26.0,22,9.0,B,blank,LUNG TAK COURT,龍德苑,False,POINT Z (22.2200515 114.2086321 0),22.2200515,114.2086321
182,2010-04-18,"LUNG TAK COURT(Block B),CAPE RD|龍德苑B座,環角道",4494.201053398035,559.0,421.0,"{'bay_window': '', 'flat_roof': '', 'roof': '', 'ac_platform': '', 'plant_room': '', 'garden': '', 'yard': ''}",2.23,2.23,5297.0,5296.912114014252,10050500830029.0,3082648.0,PRO-ASP,HSL,赤柱,2000/08,2000.0,26.0,29,3.0,B,blank,LUNG TAK COURT,龍德苑,False,POINT Z (22.2200515 114.2086321 0),22.2200515,114.2086321
183,2010-04-26,"LUNG TAK COURT(Block B),CAPE RD|龍德苑B座,環角道",4599.111576290734,283.0,214.0,"{'bay_window': '', 'flat_roof': '', 'roof': '', 'ac_platform': '', 'plant_room': '', 'garden': '', 'yard': ''}",1.16,1.16,5421.0,5420.560747663551,10051102340174.0,3089083.0,ASP,HSL,赤柱,2000/08,2000.0,26.0,21,1.0,B,blank,LUNG TAK COURT,龍德苑,False,POINT Z (22.2200515 114.2086321 0),22.2200515,114.2086321
184,2010-04-30,"LUNG TAK COURT(Block B),CAPE RD|龍德苑B座,環角道",5774.667891746193,698.0,526.0,"{'bay_window': '', 'flat_roof': '', 'roof': '', 'ac_platform': '', 'plant_room': '', 'garden': '', 'yard': ''}",3.58,3.58,6806.0,6806.083650190114,10051201870315.0,3090447.0,ASP,HSL,赤柱,2000/08,2000.0,26.0,13,4.0,B,blank,LUNG TAK COURT,龍德苑,False,POINT Z (22.2200515 114.2086321 0),22.2200515,114.2086321
185,2010-06-21,"LUNG TAK COURT(Block B),CAPE RD|龍德苑B座,環角道",4661.996491941167,283.0,214.0,"{'bay_window': '', 'flat_roof': '', 'roof': '', 'ac_platform': '', 'plant_room': '', 'garden': '', 'yard': ''}",1.18,1.18,5514.0,5514.018691588785,10071900270266.0,3155876.0,ASP,HSL,赤柱,2000/08,2000.0,26.0,10,1.0,B,blank,LUNG TAK COURT,龍德苑,False,POINT Z (22.2200515 114.2086321 0),22.2200515,114.2086321
186,2010-07-12,"LUNG TAK COURT(Block B),CAPE RD|龍德苑B座,環角道",4427.927539201514,559.0,421.0,"{'bay_window': '', 'flat_roof': '', 'roof': '', 'ac_platform': '', 'plant_room': '', 'garden': '', 'yard': ''}",2.33,2.33,5534.0,5534.441805225653,10080302350116.0,3174053.0,ASP,HSL,赤柱,2000/08,2000.0,26.0,4,1.0,B,blank,LUNG TAK COURT,龍德苑,False,POINT Z (22.2200515 114.2086321 0),22.2200515,114.2086321
187,2010-08-25,"LUNG TAK COURT(Block B),CAPE RD|龍德苑B座,環角道",3741.587555223522,698.0,526.0,"{'bay_window': '', 'flat_roof': '', 'roof': '', 'ac_platform': '', 'plant_room': '', 'garden': '', 'yard': ''}",2.5,2.5,4753.0,4752.851711026616,10090300020034.0,3210128.0,ASP,HSL,赤柱,2000/08,2000.0,26.0,23,4.0,B,blank,LUNG TAK COURT,龍德苑,False,POINT Z (22.2200515 114.2086321 0),22.2200515,114.2086321
188,2010-10-04,"LUNG TAK COURT(Block B),CAPE RD|龍德苑B座,環角道",2643.4949355442936,559.0,421.0,"{'bay_window': '', 'flat_roof': '', 'roof': '', 'ac_platform': '', 'plant_room': '', 'garden': '', 'yard': ''}",1.435,1.435,3409.0,3408.5510688836102,10102601170182.0,3268182.0,ASP,HSL,赤柱,2000/08,2000.0,26.0,17,1.0,B,blank,LUNG TAK COURT,龍德苑,False,POINT Z (22.2200515 114.2086321 0),22.2200515,114.2086321
189,2010-10-18,"LUNG TAK COURT(Block B),CAPE RD|龍德苑B座,環角道",4693.152565645482,283.0,214.0,"{'bay_window': '', 'flat_roof': '', 'roof': '', 'ac_platform': '', 'plant_room': '', 'garden': '', 'yard': ''}",1.295,1.295,6051.0,6051.401869158878,10111001740064.0,3287384.0,PRO-ASP,HSL,赤柱,2000/08,2000.0,26.0,34,8.0,B,blank,LUNG TAK COURT,龍德苑,False,POINT Z (22.2200515 114.2086321 0),22.2200515,114.2086321
190,2010-10-18,"LUNG TAK COURT(Block B),CAPE RD|龍德苑B座,環角道",4167.664440534598,283.0,214.0,"{'bay_window': '', 'flat_roof': '', 'roof': '', 'ac_platform': '', 'plant_room': '', 'garden': '', 'yard': ''}",1.15,1.15,5374.0,5373.831775700935,10111701940121.0,3296179.0,SUB-ASP,HSL,赤柱,2000/08,2000.0,26.0,34,1.0,B,blank,LUNG TAK COURT,龍德苑,False,POINT Z (22.2200515 114.2086321 0),22.2200515,114.2086321
191,2010-11-29,"LUNG TAK COURT(Block B),CAPE RD|龍德苑B座,環角道",5370.614451450233,699.0,527.0,"{'bay_window': '', 'flat_roof': '', 'roof': '', 'ac_platform': '', 'plant_room': '', 'garden': '', 'yard': ''}",3.7,3.7,7021.0,7020.872865275142,10122800970058.0,3342086.0,ASP,HSL,赤柱,2000/08,2000.0,26.0,16,2.0,B,blank,LUNG TAK COURT,龍德苑,False,POINT Z (22.2200515 114.2086321 0),22.2200515,114.2086321
192,2010-11-12,"LUNG TAK COURT(Block B),CAPE RD|龍德苑B座,環角道",4924.022880610952,559.0,421.0,"{'bay_window': '', 'flat_roof': '', 'roof': '', 'ac_platform': '', 'plant_room': '', 'garden': '', 'yard': ''}",2.71,2.71,6437.0,6437.054631828979,10122902900078.0,3343350.0,PRO-ASP,HSL,赤柱,2000/08,2000.0,26.0,8,7.0,B,blank,LUNG TAK COURT,龍德苑,False,POINT Z (22.2200515 114.2086321 0),22.2200515,114.2086321
193,2010-12-24,"LUNG TAK COURT(Block B),CAPE RD|龍德苑B座,環角道",5337.1509802937735,283.0,214.0,"{'bay_window': '', 'flat_roof': '', 'roof': '', 'ac_platform': '', 'plant_room': '', 'garden': '', 'yard': ''}",1.5,1.5,7009.0,7009.345794392523,10123002350013.0,3344731.0,ASP,HSL,赤柱,2000/08,2000.0,26.0,34,1.0,B,blank,LUNG TAK COURT,龍德苑,False,POINT Z (22.2200515 114.2086321 0),22.2200515,114.2086321
194,2010-12-24,"LUNG TAK COURT(Block B),CAPE RD|龍德苑B座,環角道",5112.743193272629,552.0,417.0,"{'bay_window': '', 'flat_roof': '', 'roof': '', 'ac_platform': '', 'plant_room': '', 'garden': '', 'yard': ''}",2.8,2.8,6715.0,6714.62829736211,10123002350029.0,3344732.0,ASP,HSL,赤柱,2000/08,2000.0,26.0,9,4.0,B,blank,LUNG TAK COURT,龍德苑,False,POINT Z (22.2200515 114.2086321 0),22.2200515,114.2086321
195,2011-01-06,"LUNG TAK COURT(Block B),CAPE RD|龍德苑B座,環角道",5356.6705154568135,283.0,214.0,"{'bay_window': '', 'flat_roof': '', 'roof': '', 'ac_platform': '', 'plant_room': '', 'garden': '', 'yard': ''}",1.55,1.55,7243.0,7242.990654205608,11011402990066.0,3358778.0,ASP,HSL,赤柱,2000/08,2000.0,26.0,21,6.0,B,blank,LUNG TAK COURT,龍德苑,False,POINT Z (22.2200515 114.2086321 0),22.2200515,114.2086321
196,2011-02-08,"LUNG TAK COURT(Block B),CAPE RD|龍德苑B座,環角道",4962.093799164499,283.0,214.0,"{'bay_window': '', 'flat_roof': '', 'roof': '', 'ac_platform': '', 'plant_room': '', 'garden': '', 'yard': ''}",1.5,1.5,7009.0,7009.345794392523,11021601790034.0,3388854.0,ASP,HSL,赤柱,2000/08,2000.0,26.0,34,3.0,B,blank,LUNG TAK COURT,龍德苑,False,POINT Z (22.2200515 114.2086321 0),22.2200515,114.2086321
197,2011-03-07,"LUNG TAK COURT(Block B),CAPE RD|龍德苑B座,環角道",5420.3710674318745,699.0,527.0,"{'bay_window': '', 'flat_roof': '', 'roof': '', 'ac_platform': '', 'plant_room': '', 'garden': '', 'yard': ''}",4.15,4.15,7875.0,7874.762808349147,11032400510010.0,3425517.0,PRO-ASP,HSL,赤柱,2000/08,2000.0,26.0,6,9.0,B,blank,LUNG TAK COURT,龍德苑,False,POINT Z (22.2200515 114.2086321 0),22.2200515,114.2086321
198,2011-04-28,"LUNG TAK COURT(Block B),CAPE RD|龍德苑B座,環角道",5058.214975445057,699.0,527.0,"{'bay_window': '', 'flat_roof': '', 'roof': '', 'ac_platform': '', 'plant_room': '', 'garden': '', 'yard': ''}",3.95,3.95,7495.0,7495.256166982922,11052301880056.0,3481955.0,PRO-ASP,HSL,赤柱,2000/08,2000.0,26.0,15,4.0,B,blank,LUNG TAK COURT,龍德苑,False,POINT Z (22.2200515 114.2086321 0),22.2200515,114.2086321
199,2011-05-18,"LUNG TAK COURT(Block B),CAPE RD|龍德苑B座,環角道",4518.596400864627,559.0,421.0,"{'bay_window': '', 'flat_roof': '', 'roof': '', 'ac_platform': '', 'plant_room': '', 'garden': '', 'yard': ''}",2.88,2.88,6841.0,6840.855106888361,11052600320185.0,3486132.0,ASP,HSL,赤柱,2000/08,2000.0,26.0,7,2.0,B,blank,LUNG TAK COURT,龍德苑,False,POINT Z (22.2200515 114.2086321 0),22.2200515,114.2086321
200,2011-05-17,"LUNG TAK COURT(Block B),CAPE RD|龍德苑B座,環角道",4437.010632515682,559.0,421.0,"{'bay_window': '', 'flat_roof': '', 'roof': '', 'ac_platform': '', 'plant_room': '', 'garden': '', 'yard': ''}",2.828,2.828,6717.0,6717.339667458432,11053002920039.0,3489775.0,ASP,HSL,赤柱,2000/08,2000.0,26.0,29,3.0,B,blank,LUNG TAK COURT,龍德苑,False,POINT Z (22.2200515 114.2086321 0),22.2200515,114.2086321
201,2011-07-21,"LUNG TAK COURT(Block B),CAPE RD|龍德苑B座,環角道",4550.519666803144,559.0,421.0,"{'bay_window': '', 'flat_roof': '', 'roof': '', 'ac_platform': '', 'plant_room': '', 'garden': '', 'yard': ''}",2.88,2.88,6841.0,6840.855106888361,11081501800101.0,3551756.0,ASP,HSL,赤柱,2000/08,2000.0,26.0,8,6.0,B,blank,LUNG TAK COURT,龍德苑,False,POINT Z (22.2200515 114.2086321 0),22.2200515,114.2086321
202,2011-09-08,"LUNG TAK COURT(Block B),CAPE RD|龍德苑B座,環角道",5333.203841564792,699.0,527.0,"{'bay_window': '', 'flat_roof': '', 'roof': '', 'ac_platform': '', 'plant_room': '', 'garden': '', 'yard': ''}",4.1,4.1,7780.0,7779.886148007589,11091902110015.0,3573611.0,ASP,HSL,赤柱,2000/08,2000.0,26.0,6,8.0,B,blank,LUNG TAK COURT,龍德苑,False,POINT Z (22.2200515 114.2086321 0),22.2200515,114.2086321
203,2012-05-26,"LUNG TAK COURT(Block B),CAPE RD|龍德苑B座,環角道",5868.020456490579,283.0,214.0,"{'bay_window': '', 'flat_roof': '', 'roof': '', 'ac_platform': '', 'plant_room': '', 'garden': '', 'yard': ''}",2.0,2.0,9346.0,9345.794392523365,12061500480031.0,3737488.0,ASP,HSL,赤柱,2000/08,2000.0,26.0,21,8.0,B,blank,LUNG TAK COURT,龍德苑,False,POINT Z (22.2200515 114.2086321 0),22.2200515,114.2086321
204,2012-07-04,"LUNG TAK COURT(Block B),CAPE RD|龍德苑B座,環角道",4696.873901640359,698.0,526.0,"{'bay_window': '', 'flat_roof': '', 'roof': '', 'ac_platform': '', 'plant_room': '', 'garden': '', 'yard': ''}",4.0,4.0,7605.0,7604.5627376425855,12071302080021.0,3757415.0,ASP,HSL,赤柱,2000/08,2000.0,26.0,23,1.0,B,blank,LUNG TAK COURT,龍德苑,False,POINT Z (22.2200515 114.2086321 0),22.2200515,114.2086321
205,2012-10-31,"LUNG TAK COURT(Block B),CAPE RD|龍德苑B座,環角道",3445.40246057902,559.0,421.0,"{'bay_window': '', 'flat_roof': '', 'roof': '', 'ac_platform': '', 'plant_room': '', 'garden': '', 'yard': ''}",2.5,2.5,5938.0,5938.242280285036,12112002300080.0,3856965.0,ASP,HSL,赤柱,2000/08,2000.0,26.0,17,1.0,B,blank,LUNG TAK COURT,龍德苑,False,POINT Z (22.2200515 114.2086321 0),22.2200515,114.2086321
206,2012-12-06,"LUNG TAK COURT(Block B),CAPE RD|龍德苑B座,環角道",4716.176263140033,559.0,421.0,"{'bay_window': '', 'flat_roof': '', 'roof': '', 'ac_platform': '', 'plant_room': '', 'garden': '', 'yard': ''}",3.43,3.43,8147.0,8147.268408551069,12122400710010.0,3887071.0,ASP,HSL,赤柱,2000/08,2000.0,26.0,7,0.0,B,blank,LUNG TAK COURT,龍德苑,False,POINT Z (22.2200515 114.2086321 0),22.2200515,114.2086321
207,2013-01-21,"LUNG TAK COURT(Block B),CAPE RD|龍德苑B座,環角道",5950.563684178578,283.0,214.0,"{'bay_window': '', 'flat_roof': '', 'roof': '', 'ac_platform': '', 'plant_room': '', 'garden': '', 'yard': ''}",2.265,2.265,10584.0,10584.11214953271,13013100270389.0,3916004.0,ASP,HSL,赤柱,2000/08,2000.0,26.0,21,7.0,B,blank,LUNG TAK COURT,龍德苑,False,POINT Z (22.2200515 114.2086321 0),22.2200515,114.2086321
208,2013-02-04,"LUNG TAK COURT(Block B),CAPE RD|龍德苑B座,環角道",5967.771527000218,283.0,214.0,"{'bay_window': '', 'flat_roof': '', 'roof': '', 'ac_platform': '', 'plant_room': '', 'garden': '', 'yard': ''}",2.32,2.32,10841.0,10841.121495327105,13021800860126.0,3927087.0,ASP,HSL,赤柱,2000/08,2000.0,26.0,11,2.0,B,blank,LUNG TAK COURT,龍德苑,False,POINT Z (22.2200515 114.2086321 0),22.2200515,114.2086321
209,2013-03-28,"LUNG TAK COURT(Block B),CAPE RD|龍德苑B座,環角道",3228.5527223039667,552.0,417.0,"{'bay_window': '', 'flat_roof': '', 'roof': '', 'ac_platform': '', 'plant_room': '', 'garden': '', 'yard': ''}",2.49,2.49,5971.0,5971.223021582734,13042401620029.0,3969151.0,ASP,HSL,赤柱,2000/08,2000.0,26.0,19,5.0,B,blank,LUNG TAK COURT,龍德苑,False,POINT Z (22.2200515 114.2086321 0),22.2200515,114.2086321
210,2013-05-27,"LUNG TAK COURT(Block B),CAPE RD|龍德苑B座,環角道",5863.053748760337,283.0,214.0,"{'bay_window': '', 'flat_roof': '', 'roof': '', 'ac_platform': '', 'plant_room': '', 'garden': '', 'yard': ''}",2.28,2.28,10654.0,10654.205607476635,13060500470011.0,3987830.0,ASP,HSL,赤柱,2000/08,2000.0,26.0,34,1.0,B,blank,LUNG TAK COURT,龍德苑,False,POINT Z (22.2200515 114.2086321 0),22.2200515,114.2086321
211,2013-05-16,"LUNG TAK COURT(Block B),CAPE RD|龍德苑B座,環角道",5991.629488864731,283.0,214.0,"{'bay_window': '', 'flat_roof': '', 'roof': '', 'ac_platform': '', 'plant_room': '', 'garden': '', 'yard': ''}",2.33,2.33,10888.0,10887.85046728972,13060701460016.0,3989038.0,ASP,HSL,赤柱,2000/08,2000.0,26.0,34,3.0,B,blank,LUNG TAK COURT,龍德苑,False,POINT Z (22.2200515 114.2086321 0),22.2200515,114.2086321
212,2013-08-05,"LUNG TAK COURT(Block B),CAPE RD|龍德苑B座,環角道",6377.2534608672495,283.0,214.0,"{'bay_window': '', 'flat_roof': '', 'roof': '', 'ac_platform': '', 'plant_room': '', 'garden': '', 'yard': ''}",2.48,2.48,11589.0,11588.785046728972,13080901700124.0,4017754.0,ASP,HSL,赤柱,2000/08,2000.0,26.0,10,6.0,B,blank,LUNG TAK COURT,龍德苑,False,POINT Z (22.2200515 114.2086321 0),22.2200515,114.2086321
213,2014-01-17,"LUNG TAK COURT(Block B),CAPE RD|龍德苑B座,環角道",6165.258968008393,283.0,214.0,"{'bay_window': '', 'flat_roof': '', 'roof': '', 'ac_platform': '', 'plant_room': '', 'garden': '', 'yard': ''}",2.38,2.38,11121.0,11121.495327102804,14012400640133.0,4089493.0,ASP,HSL,赤柱,2000/08,2000.0,26.0,34,2.0,B,blank,LUNG TAK COURT,龍德苑,False,POINT Z (22.2200515 114.2086321 0),22.2200515,114.2086321
214,2014-02-10,"LUNG TAK COURT(Block B),CAPE RD|龍德苑B座,環角道",5439.31291104423,552.0,417.0,"{'bay_window': '', 'flat_roof': '', 'roof': '', 'ac_platform': '', 'plant_room': '', 'garden': '', 'yard': ''}",4.06,4.06,9736.0,9736.211031175058,14021900780020.0,4098881.0,ASP,HSL,赤柱,2000/08,2000.0,26.0,9,4.0,B,blank,LUNG TAK COURT,龍德苑,False,POINT Z (22.2200515 114.2086321 0),22.2200515,114.2086321
215,2014-05-05,"LUNG TAK COURT(Block B),CAPE RD|龍德苑B座,環角道",4977.462273643385,559.0,421.0,"{'bay_window': '', 'flat_roof': '', 'roof': '', 'ac_platform': '', 'plant_room': '', 'garden': '', 'yard': ''}",3.8,3.8,9026.0,9026.128266033254,14051601120067.0,4135808.0,PRO-ASP,HSL,赤柱,2000/08,2000.0,26.0,28,3.0,B,blank,LUNG TAK COURT,龍德苑,False,POINT Z (22.2200515 114.2086321 0),22.2200515,114.2086321
216,2014-09-10,"LUNG TAK COURT(Block B),CAPE RD|龍德苑B座,環角道",5018.089178263937,559.0,421.0,"{'bay_window': '', 'flat_roof': '', 'roof': '', 'ac_platform': '', 'plant_room': '', 'garden': '', 'yard': ''}",4.1,4.1,9739.0,9738.717339667455,14091702940045.0,4204053.0,ASP,HSL,赤柱,2000/08,2000.0,26.0,8,3.0,B,blank,LUNG TAK COURT,龍德苑,False,POINT Z (22.2200515 114.2086321 0),22.2200515,114.2086321
217,2014-09-22,"LUNG TAK COURT(Block B),CAPE RD|龍德苑B座,環角道",5328.715099304713,699.0,527.0,"{'bay_window': '', 'flat_roof': '', 'roof': '', 'ac_platform': '', 'plant_room': '', 'garden': '', 'yard': ''}",5.45,5.45,10342.0,10341.555977229602,14100801110014.0,4217345.0,ASP,HSL,赤柱,2000/08,2000.0,26.0,6,6.0,B,blank,LUNG TAK COURT,龍德苑,False,POINT Z (22.2200515 114.2086321 0),22.2200515,114.2086321
218,2014-11-03,"LUNG TAK COURT(Block B),CAPE RD|龍德苑B座,環角道",5888.682588100006,283.0,214.0,"{'bay_window': '', 'flat_roof': '', 'roof': '', 'ac_platform': '', 'plant_room': '', 'garden': '', 'yard': ''}",2.48,2.48,11589.0,11588.785046728972,14112000580030.0,4244882.0,ASP,HSL,赤柱,2000/08,2000.0,26.0,34,5.0,B,blank,LUNG TAK COURT,龍德苑,False,POINT Z (22.2200515 114.2086321 0),22.2200515,114.2086321
219,2014-11-24,"LUNG TAK COURT(Block B),CAPE RD|龍德苑B座,環角道",6007.406027376216,283.0,214.0,"{'bay_window': '', 'flat_roof': '', 'roof': '', 'ac_platform': '', 'plant_room': '', 'garden': '', 'yard': ''}",2.53,2.53,11822.0,11822.429906542056,14121100620065.0,4257856.0,ASP,HSL,赤柱,2000/08,2000.0,26.0,10,7.0,B,blank,LUNG TAK COURT,龍德苑,False,POINT Z (22.2200515 114.2086321 0),22.2200515,114.2086321
220,2014-12-29,"LUNG TAK COURT(Block B),CAPE RD|龍德苑B座,環角道",5012.734872644652,283.0,214.0,"{'bay_window': '', 'flat_roof': '', 'roof': '', 'ac_platform': '', 'plant_room': '', 'garden': '', 'yard': ''}",2.15,2.15,10047.0,10046.728971962615,15011300830560.0,4276551.0,ASP,HSL,赤柱,2000/08,2000.0,26.0,20,0.0,B,blank,LUNG TAK COURT,龍德苑,False,POINT Z (22.2200515 114.2086321 0),22.2200515,114.2086321
221,2015-03-10,"LUNG TAK COURT(Block B),CAPE RD|龍德苑B座,環角道",4716.056388524784,699.0,527.0,"{'bay_window': '', 'flat_roof': '', 'roof': '', 'ac_platform': '', 'plant_room': '', 'garden': '', 'yard': ''}",5.13,5.13,9734.0,9734.345351043645,15031802030185.0,4317157.0,ASP,HSL,赤柱,2000/08,2000.0,26.0,26,2.0,B,blank,LUNG TAK COURT,龍德苑,False,POINT Z (22.2200515 114.2086321 0),22.2200515,114.2086321
222,2015-03-31,"LUNG TAK COURT(Block B),CAPE RD|龍德苑B座,環角道",6180.464453858094,283.0,214.0,"{'bay_window': '', 'flat_roof': '', 'roof': '', 'ac_platform': '', 'plant_room': '', 'garden': '', 'yard': ''}",2.73,2.73,12757.0,12757.009345794391,15041600410101.0,4331328.0,ASP,HSL,赤柱,2000/08,2000.0,26.0,20,2.0,B,blank,LUNG TAK COURT,龍德苑,False,POINT Z (22.2200515 114.2086321 0),22.2200515,114.2086321
223,2015-04-21,"LUNG TAK COURT(Block B),CAPE RD|龍德苑B座,環角道",6126.807835114269,283.0,214.0,"{'bay_window': '', 'flat_roof': '', 'roof': '', 'ac_platform': '', 'plant_room': '', 'garden': '', 'yard': ''}",2.7,2.7,12617.0,12616.822429906542,15051200860083.0,4346978.0,ASP,HSL,赤柱,2000/08,2000.0,26.0,21,3.0,B,blank,LUNG TAK COURT,龍德苑,False,POINT Z (22.2200515 114.2086321 0),22.2200515,114.2086321
224,2015-09-02,"LUNG TAK COURT(Block B),CAPE RD|龍德苑B座,環角道",4931.011594897396,699.0,527.0,"{'bay_window': '', 'flat_roof': '', 'roof': '', 'ac_platform': '', 'plant_room': '', 'garden': '', 'yard': ''}",5.45,5.45,10342.0,10341.555977229602,15092102160027.0,4418079.0,ASP,HSL,赤柱,2000/08,2000.0,26.0,5,1.0,B,blank,LUNG TAK COURT,龍德苑,False,POINT Z (22.2200515 114.2086321 0),22.2200515,114.2086321
225,2015-11-23,"LUNG TAK COURT(Block B),CAPE RD|龍德苑B座,環角道",4980.7472752692565,559.0,421.0,"{'bay_window': '', 'flat_roof': '', 'roof': '', 'ac_platform': '', 'plant_room': '', 'garden': '', 'yard': ''}",4.38,4.38,10404.0,10403.800475059385,15120300950101.0,4448129.0,ASP,HSL,赤柱,2000/08,2000.0,26.0,7,5.0,B,blank,LUNG TAK COURT,龍德苑,False,POINT Z (22.2200515 114.2086321 0),22.2200515,114.2086321
226,2015-12-16,"LUNG TAK COURT(Block B),CAPE RD|龍德苑B座,環角道",4847.516640614286,559.0,421.0,"{'bay_window': '', 'flat_roof': '', 'roof': '', 'ac_platform': '', 'plant_room': '', 'garden': '', 'yard': ''}",4.2,4.2,9976.0,9976.24703087886,15123101690166.0,4459788.0,ASP,HSL,赤柱,2000/08,2000.0,26.0,17,1.0,B,blank,LUNG TAK COURT,龍德苑,False,POINT Z (22.2200515 114.2086321 0),22.2200515,114.2086321
227,2016-05-30,"LUNG TAK COURT(Block B),CAPE RD|龍德苑B座,環角道",6609.8063731793045,283.0,214.0,"{'bay_window': '', 'flat_roof': '', 'roof': '', 'ac_platform': '', 'plant_room': '', 'garden': '', 'yard': ''}",2.75,2.75,12850.0,12850.467289719629,16062201670048.0,4522520.0,ASP,HSL,赤柱,2000/08,2000.0,26.0,34,2.0,B,blank,LUNG TAK COURT,龍德苑,False,POINT Z (22.2200515 114.2086321 0),22.2200515,114.2086321
228,2017-02-03,"LUNG TAK COURT(Block B),CAPE RD|龍德苑B座,環角道",4894.318524299084,559.0,421.0,"{'bay_window': '', 'flat_roof': '', 'roof': '', 'ac_platform': '', 'plant_room': '', 'garden': '', 'yard': ''}",4.38,4.38,10404.0,10403.800475059385,17021601680017.0,4649920.0,ASP,HSL,赤柱,2000/08,2000.0,26.0,4,1.0,B,blank,LUNG TAK COURT,龍德苑,False,POINT Z (22.2200515 114.2086321 0),22.2200515,114.2086321
229,2017-06-01,"LUNG TAK COURT(Block B),CAPE RD|龍德苑B座,環角道",6068.174151947603,283.0,214.0,"{'bay_window': '', 'flat_roof': '', 'roof': '', 'ac_platform': '', 'plant_room': '', 'garden': '', 'yard': ''}",2.98,2.98,13925.0,13925.233644859813,17061500880076.0,4718741.0,ASP,HSL,赤柱,2000/08,2000.0,26.0,20,8.0,B,blank,LUNG TAK COURT,龍德苑,False,POINT Z (22.2200515 114.2086321 0),22.2200515,114.2086321
230,2017-08-29,"LUNG TAK COURT(Block B),CAPE RD|龍德苑B座,環角道",4986.056122454614,552.0,417.0,"{'bay_window': '', 'flat_roof': '', 'roof': '', 'ac_platform': '', 'plant_room': '', 'garden': '', 'yard': ''}",4.78,4.78,11463.0,11462.829736211032,17090700840017.0,4765306.0,ASP,HSL,赤柱,2000/08,2000.0,26.0,12,5.0,B,blank,LUNG TAK COURT,龍德苑,False,POINT Z (22.2200515 114.2086321 0),22.2200515,114.2086321
231,2017-12-18,"LUNG TAK COURT(Block B),CAPE RD|龍德苑B座,環角道",5222.947927740184,559.0,421.0,"{'bay_window': '', 'flat_roof': '', 'roof': '', 'ac_platform': '', 'plant_room': '', 'garden': '', 'yard': ''}",5.18,5.18,12304.0,12304.038004750591,18010401280093.0,5277947.0,ASP,HSL,赤柱,2000/08,2000.0,26.0,8,3.0,B,blank,LUNG TAK COURT,龍德苑,False,POINT Z (22.2200515 114.2086321 0),22.2200515,114.2086321
232,2018-02-12,"LUNG TAK COURT(Block B),CAPE RD|龍德苑B座,環角道",6215.642607621676,283.0,214.0,"{'bay_window': '', 'flat_roof': '', 'roof': '', 'ac_platform': '', 'plant_room': '', 'garden': '', 'yard': ''}",3.26,3.26,15234.0,15233.644859813085,18022301960200.0,5307570.0,ASP,HSL,赤柱,2000/08,2000.0,26.0,10,7.0,B,blank,LUNG TAK COURT,龍德苑,False,POINT Z (22.2200515 114.2086321 0),22.2200515,114.2086321
233,2018-03-08,"LUNG TAK COURT(Block B),CAPE RD|龍德苑B座,環角道",6206.837017469135,283.0,214.0,"{'bay_window': '', 'flat_roof': '', 'roof': '', 'ac_platform': '', 'plant_room': '', 'garden': '', 'yard': ''}",3.3,3.3,15421.0,15420.56074766355,18032101560014.0,5322044.0,ASP,HSL,赤柱,2000/08,2000.0,26.0,34,5.0,B,blank,LUNG TAK COURT,龍德苑,False,POINT Z (22.2200515 114.2086321 0),22.2200515,114.2086321
234,2018-04-20,"LUNG TAK COURT(Block B),CAPE RD|龍德苑B座,環角道",4982.758589875116,559.0,421.0,"{'bay_window': '', 'flat_roof': '', 'roof': '', 'ac_platform': '', 'plant_room': '', 'garden': '', 'yard': ''}",5.31,5.31,12613.0,12612.826603325417,18050400640158.0,5349511.0,ASP,HSL,赤柱,2000/08,2000.0,26.0,8,6.0,B,blank,LUNG TAK COURT,龍德苑,False,POINT Z (22.2200515 114.2086321 0),22.2200515,114.2086321
235,2018-08-17,"LUNG TAK COURT(Block B),CAPE RD|龍德苑B座,環角道",5300.90686427856,552.0,417.0,"{'bay_window': '', 'flat_roof': '', 'roof': '', 'ac_platform': '', 'plant_room': '', 'garden': '', 'yard': ''}",5.8,5.8,13909.0,13908.872901678656,18082700450083.0,5420782.0,ASP,HSL,赤柱,2000/08,2000.0,26.0,12,4.0,B,blank,LUNG TAK COURT,龍德苑,False,POINT Z (22.2200515 114.2086321 0),22.2200515,114.2086321
236,2019-01-03,"LUNG TAK COURT(Block B),CAPE RD|龍德苑B座,環角道",3728.381355707572,559.0,421.0,"{'bay_window': '', 'flat_roof': '', 'roof': '', 'ac_platform': '', 'plant_room': '', 'garden': '', 'yard': ''}",3.82,3.82,9074.0,9073.634204275537,19012200510189.0,5488167.0,ASP,HSL,赤柱,2000/08,2000.0,26.0,28,5.0,B,blank,LUNG TAK COURT,龍德苑,False,POINT Z (22.2200515 114.2086321 0),22.2200515,114.2086321
237,2019-02-18,"LUNG TAK COURT(Block B),CAPE RD|龍德苑B座,環角道",5361.3116999776175,559.0,421.0,"{'bay_window': '', 'flat_roof': '', 'roof': '', 'ac_platform': '', 'plant_room': '', 'garden': '', 'yard': ''}",5.6,5.6,13302.0,13301.66270783848,19030802130116.0,5508096.0,PRO-ASP,HSL,赤柱,2000/08,2000.0,26.0,18,5.0,B,blank,LUNG TAK COURT,龍德苑,False,POINT Z (22.2200515 114.2086321 0),22.2200515,114.2086321
238,2019-03-25,"LUNG TAK COURT(Block B),CAPE RD|龍德苑B座,環角道",3769.492506234988,559.0,421.0,"{'bay_window': '', 'flat_roof': '', 'roof': '', 'ac_platform': '', 'plant_room': '', 'garden': '', 'yard': ''}",4.0,4.0,9501.0,9501.187648456056,19032801520036.0,5517102.0,ASP,HSL,赤柱,2000/08,2000.0,26.0,32,1.0,B,blank,LUNG TAK COURT,龍德苑,False,POINT Z (22.2200515 114.2086321 0),22.2200515,114.2086321
239,2019-04-17,"LUNG TAK COURT(Block B),CAPE RD|龍德苑B座,環角道",6791.595810457554,283.0,214.0,"{'bay_window': '', 'flat_roof': '', 'roof': '', 'ac_platform': '', 'plant_room': '', 'garden': '', 'yard': ''}",3.75,3.75,17523.0,17523.364485981307,19050301170286.0,5536276.0,ASP,HSL,赤柱,2000/08,2000.0,26.0,34,3.0,B,blank,LUNG TAK COURT,龍德苑,False,POINT Z (22.2200515 114.2086321 0),22.2200515,114.2086321
240,2019-04-26,"LUNG TAK COURT(Block B),CAPE RD|龍德苑B座,環角道",3684.160971959231,698.0,526.0,"{'bay_window': '', 'flat_roof': '', 'roof': '', 'ac_platform': '', 'plant_room': '', 'garden': '', 'yard': ''}",5.0,5.0,9506.0,9505.703422053231,19050901000115.0,5540321.0,ASP,HSL,赤柱,2000/08,2000.0,26.0,24,8.0,B,blank,LUNG TAK COURT,龍德苑,False,POINT Z (22.2200515 114.2086321 0),22.2200515,114.2086321
241,2019-05-09,"LUNG TAK COURT(Block B),CAPE RD|龍德苑B座,環角道",5099.951694976045,559.0,421.0,"{'bay_window': '', 'flat_roof': '', 'roof': '', 'ac_platform': '', 'plant_room': '', 'garden': '', 'yard': ''}",5.7,5.7,13539.0,13539.192399049882,19051600720027.0,5544597.0,ASP,HSL,赤柱,2000/08,2000.0,26.0,8,1.0,B,blank,LUNG TAK COURT,龍德苑,False,POINT Z (22.2200515 114.2086321 0),22.2200515,114.2086321
242,2019-08-07,"LUNG TAK COURT(Block B),CAPE RD|龍德苑B座,環角道",3732.994420868376,698.0,526.0,"{'bay_window': '', 'flat_roof': '', 'roof': '', 'ac_platform': '', 'plant_room': '', 'garden': '', 'yard': ''}",5.338,5.338,10148.0,10148.288973384031,19090501230018.0,5608355.0,PRO-ASP,HSL,赤柱,2000/08,2000.0,26.0,14,3.0,B,blank,LUNG TAK COURT,龍德苑,False,POINT Z (22.2200515 114.2086321 0),22.2200515,114.2086321
243,2019-09-26,"LUNG TAK COURT(Block B),CAPE RD|龍德苑B座,環角道",6979.791948027214,283.0,214.0,"{'bay_window': '', 'flat_roof': '', 'roof': '', 'ac_platform': '', 'plant_room': '', 'garden': '', 'yard': ''}",3.8,3.8,17757.0,17757.00934579439,19100400430066.0,5620481.0,ASP,HSL,赤柱,2000/08,2000.0,26.0,34,2.0,B,blank,LUNG TAK COURT,龍德苑,False,POINT Z (22.2200515 114.2086321 0),22.2200515,114.2086321
244,2020-05-14,"LUNG TAK COURT(Block B),CAPE RD|龍德苑B座,環角道",6730.044959190124,283.0,214.0,"{'bay_window': '', 'flat_roof': '', 'roof': '', 'ac_platform': '', 'plant_room': '', 'garden': '', 'yard': ''}",3.7,3.7,17290.0,17289.719626168226,20052700300054.0,5712655.0,ASP,HSL,赤柱,2000/08,2000.0,26.0,21,3.0,B,blank,LUNG TAK COURT,龍德苑,False,POINT Z (22.2200515 114.2086321 0),22.2200515,114.2086321
245,2020-05-14,"LUNG TAK COURT(Block B),CAPE RD|龍德苑B座,環角道",5214.637225571982,699.0,527.0,"{'bay_window': '', 'flat_roof': '', 'roof': '', 'ac_platform': '', 'plant_room': '', 'garden': '', 'yard': ''}",7.06,7.06,13397.0,13396.584440227703,20060800500013.0,5719021.0,PRO-ASP,HSL,赤柱,2000/08,2000.0,26.0,6,2.0,B,blank,LUNG TAK COURT,龍德苑,False,POINT Z (22.2200515 114.2086321 0),22.2200515,114.2086321
246,2020-09-30,"LUNG TAK COURT(Block B),CAPE RD|龍德苑B座,環角道",6077.618437108435,283.0,214.0,"{'bay_window': '', 'flat_roof': '', 'roof': '', 'ac_platform': '', 'plant_room': '', 'garden': '', 'yard': ''}",3.3,3.3,15421.0,15420.56074766355,20101601030318.0,5790619.0,ASP,HSL,赤柱,2000/08,2000.0,26.0,34,1.0,B,blank,LUNG TAK COURT,龍德苑,False,POINT Z (22.2200515 114.2086321 0),22.2200515,114.2086321
247,2020-10-21,"LUNG TAK COURT(Block B),CAPE RD|龍德苑B座,環角道",3904.3762334419534,559.0,421.0,"{'bay_window': '', 'flat_roof': '', 'roof': '', 'ac_platform': '', 'plant_room': '', 'garden': '', 'yard': ''}",4.15,4.15,9857.0,9857.48218527316,20110200410386.0,5798187.0,ASP,HSL,赤柱,2000/08,2000.0,26.0,31,2.0,B,blank,LUNG TAK COURT,龍德苑,False,POINT Z (22.2200515 114.2086321 0),22.2200515,114.2086321
248,2020-12-22,"LUNG TAK COURT(Block B),CAPE RD|龍德苑B座,環角道",3673.61117251198,559.0,421.0,"{'bay_window': '', 'flat_roof': '', 'roof': '', 'ac_platform': '', 'plant_room': '', 'garden': '', 'yard': ''}",3.88,3.88,9216.0,9216.152019002377,20123101250431.0,5832684.0,ASP,HSL,赤柱,2000/08,2000.0,26.0,8,2.0,B,blank,LUNG TAK COURT,龍德苑,False,POINT Z (22.2200515 114.2086321 0),22.2200515,114.2086321
249,2021-05-20,"LUNG TAK COURT(Block B),CAPE RD|龍德苑B座,環角道",5041.8037936855535,559.0,421.0,"{'bay_window': '', 'flat_roof': '', 'roof': '', 'ac_platform': '', 'plant_room': '', 'garden': '', 'yard': ''}",5.4,5.4,12827.0,12826.603325415675,21060202660026.0,5925428.0,ASP,HSL,赤柱,2000/08,2000.0,26.0,4,1.0,B,blank,LUNG TAK COURT,龍德苑,False,POINT Z (22.2200515 114.2086321 0),22.2200515,114.2086321
250,2021-05-21,"LUNG TAK COURT(Block B),CAPE RD|龍德苑B座,環角道",6520.6194702775565,283.0,214.0,"{'bay_window': '', 'flat_roof': '', 'roof': '', 'ac_platform': '', 'plant_room': '', 'garden': '', 'yard': ''}",3.55,3.55,16589.0,16588.78504672897,21060900180067.0,5929321.0,ASP,HSL,赤柱,2000/08,2000.0,26.0,20,6.0,B,blank,LUNG TAK COURT,龍德苑,False,POINT Z (22.2200515 114.2086321 0),22.2200515,114.2086321
251,2021-06-11,"LUNG TAK COURT(Block B),CAPE RD|龍德苑B座,環角道",6378.544045687476,283.0,214.0,"{'bay_window': '', 'flat_roof': '', 'roof': '', 'ac_platform': '', 'plant_room': '', 'garden': '', 'yard': ''}",3.6,3.6,16822.0,16822.429906542056,21062100630146.0,5936908.0,ASP,HSL,赤柱,2000/08,2000.0,26.0,34,5.0,B,blank,LUNG TAK COURT,龍德苑,False,POINT Z (22.2200515 114.2086321 0),22.2200515,114.2086321
252,2021-06-23,"LUNG TAK COURT(Block B),CAPE RD|龍德苑B座,環角道",3573.46330489214,552.0,417.0,"{'bay_window': '', 'flat_roof': '', 'roof': '', 'ac_platform': '', 'plant_room': '', 'garden': '', 'yard': ''}",3.93,3.93,9424.0,9424.460431654676,21070601500024.0,5948436.0,ASP,HSL,赤柱,2000/08,2000.0,26.0,19,5.0,B,blank,LUNG TAK COURT,龍德苑,False,POINT Z (22.2200515 114.2086321 0),22.2200515,114.2086321
253,2021-06-29,"LUNG TAK COURT(Block B),CAPE RD|龍德苑B座,環角道",3620.5686669464394,559.0,421.0,"{'bay_window': '', 'flat_roof': '', 'roof': '', 'ac_platform': '', 'plant_room': '', 'garden': '', 'yard': ''}",4.02,4.02,9549.0,9548.693586698337,21070901960023.0,5951827.0,ASP,HSL,赤柱,2000/08,2000.0,26.0,18,9.0,B,blank,LUNG TAK COURT,龍德苑,False,POINT Z (22.2200515 114.2086321 0),22.2200515,114.2086321
254,2021-06-29,"LUNG TAK COURT(Block B),CAPE RD|龍德苑B座,環角道",3602.555887508893,559.0,421.0,"{'bay_window': '', 'flat_roof': '', 'roof': '', 'ac_platform': '', 'plant_room': '', 'garden': '', 'yard': ''}",4.0,4.0,9501.0,9501.187648456056,21071402170182.0,5955321.0,ASP,HSL,赤柱,2000/08,2000.0,26.0,4,6.0,B,blank,LUNG TAK COURT,龍德苑,False,POINT Z (22.2200515 114.2086321 0),22.2200515,114.2086321
255,2021-06-25,"LUNG TAK COURT(Block B),CAPE RD|龍德苑B座,環角道",3546.184959053269,552.0,417.0,"{'bay_window': '', 'flat_roof': '', 'roof': '', 'ac_platform': '', 'plant_room': '', 'garden': '', 'yard': ''}",3.9,3.9,9353.0,9352.51798561151,21072101120092.0,5960254.0,ASP,HSL,赤柱,2000/08,2000.0,26.0,19,2.0,B,blank,LUNG TAK COURT,龍德苑,False,POINT Z (22.2200515 114.2086321 0),22.2200515,114.2086321
256,2021-08-06,"LUNG TAK COURT(Block B),CAPE RD|龍德苑B座,環角道",3963.33956164646,698.0,526.0,"{'bay_window': '', 'flat_roof': '', 'roof': '', 'ac_platform': '', 'plant_room': '', 'garden': '', 'yard': ''}",5.38,5.38,10228.0,10228.136882129278,21081700300082.0,5978981.0,ASP,HSL,赤柱,2000/08,2000.0,26.0,23,7.0,B,blank,LUNG TAK COURT,龍德苑,False,POINT Z (22.2200515 114.2086321 0),22.2200515,114.2086321
257,2021-09-29,"LUNG TAK COURT(Block B),CAPE RD|龍德苑B座,環角道",7183.634495184691,283.0,214.0,"{'bay_window': '', 'flat_roof': '', 'roof': '', 'ac_platform': '', 'plant_room': '', 'garden': '', 'yard': ''}",4.0,4.0,18692.0,18691.58878504673,21102902010480.0,6027236.0,ASP,HSL,赤柱,2000/08,2000.0,26.0,21,7.0,B,blank,LUNG TAK COURT,龍德苑,False,POINT Z (22.2200515 114.2086321 0),22.2200515,114.2086321
258,2021-11-30,"LUNG TAK COURT(Block B),CAPE RD|龍德苑B座,環角道",5449.484913922728,559.0,421.0,"{'bay_window': '', 'flat_roof': '', 'roof': '', 'ac_platform': '', 'plant_room': '', 'garden': '', 'yard': ''}",5.84,5.84,13872.0,13871.733966745844,21121402320028.0,6053465.0,ASP,HSL,赤柱,2000/08,2000.0,26.0,3,5.0,B,blank,LUNG TAK COURT,龍德苑,False,POINT Z (22.2200515 114.2086321 0),22.2200515,114.2086321
259,2022-04-29,"LUNG TAK COURT(Block B),CAPE RD|龍德苑B座,環角道",6480.617419997892,283.0,214.0,"{'bay_window': '', 'flat_roof': '', 'roof': '', 'ac_platform': '', 'plant_room': '', 'garden': '', 'yard': ''}",3.45,3.45,16122.0,16121.495327102804,22051000740040.0,6121674.0,ASP,HSL,赤柱,2000/08,2000.0,26.0,20,1.0,B,blank,LUNG TAK COURT,龍德苑,False,POINT Z (22.2200515 114.2086321 0),22.2200515,114.2086321
260,2022-05-19,"LUNG TAK COURT(Block B),CAPE RD|龍德苑B座,環角道",6704.817033239583,283.0,214.0,"{'bay_window': '', 'flat_roof': '', 'roof': '', 'ac_platform': '', 'plant_room': '', 'garden': '', 'yard': ''}",3.57,3.57,16682.0,16682.242990654206,22060200380051.0,6134503.0,ASP,HSL,赤柱,2000/08,2000.0,26.0,20,8.0,B,blank,LUNG TAK COURT,龍德苑,False,POINT Z (22.2200515 114.2086321 0),22.2200515,114.2086321
261,2022-09-19,"LUNG TAK COURT(Block B),CAPE RD|龍德苑B座,環角道",6310.184234124738,552.0,417.0,"{'bay_window': '', 'flat_roof': '', 'roof': '', 'ac_platform': '', 'plant_room': '', 'garden': '', 'yard': ''}",6.0,6.0,14388.0,14388.489208633093,22101000910010.0,6189794.0,ASP,HSL,赤柱,2000/08,2000.0,26.0,9,4.0,B,blank,LUNG TAK COURT,龍德苑,False,POINT Z (22.2200515 114.2086321 0),22.2200515,114.2086321
262,2022-09-27,"LUNG TAK COURT(Block B),CAPE RD|龍德苑B座,環角道",5195.385019429368,552.0,417.0,"{'bay_window': '', 'flat_roof': '', 'roof': '', 'ac_platform': '', 'plant_room': '', 'garden': '', 'yard': ''}",4.94,4.94,11847.0,11846.52278177458,22102500910013.0,6196629.0,PRO-ASP,HSL,赤柱,2000/08,2000.0,26.0,9,0.0,B,blank,LUNG TAK COURT,龍德苑,False,POINT Z (22.2200515 114.2086321 0),22.2200515,114.2086321
263,2023-04-12,"LUNG TAK COURT(Block B),CAPE RD|龍德苑B座,環角道",3193.501971873037,552.0,417.0,"{'bay_window': '', 'flat_roof': '', 'roof': '', 'ac_platform': '', 'plant_room': '', 'garden': '', 'yard': ''}",3.08,3.08,7386.0,7386.0911270983215,23041800170364.0,6268382.0,ASP,HSL,赤柱,2000/08,2000.0,26.0,19,1.0,B,blank,LUNG TAK COURT,龍德苑,False,POINT Z (22.2200515 114.2086321 0),22.2200515,114.2086321
264,2023-05-05,"LUNG TAK COURT(Block B),CAPE RD|龍德苑B座,環角道",3188.606538289021,552.0,417.0,"{'bay_window': '', 'flat_roof': '', 'roof': '', 'ac_platform': '', 'plant_room': '', 'garden': '', 'yard': ''}",2.948,2.948,7070.0,7069.544364508393,23051200730021.0,6282517.0,ASP,HSL,赤柱,2000/08,2000.0,26.0,22,3.0,B,blank,LUNG TAK COURT,龍德苑,False,POINT Z (22.2200515 114.2086321 0),22.2200515,114.2086321
265,2023-06-09,"LUNG TAK COURT(Block B),CAPE RD|龍德苑B座,環角道",4015.596814761993,559.0,421.0,"{'bay_window': '', 'flat_roof': '', 'roof': '', 'ac_platform': '', 'plant_room': '', 'garden': '', 'yard': ''}",3.688,3.688,8760.0,8760.095011876485,23061501500189.0,6298712.0,ASP,HSL,赤柱,2000/08,2000.0,26.0,32,7.0,B,blank,LUNG TAK COURT,龍德苑,False,POINT Z (22.2200515 114.2086321 0),22.2200515,114.2086321
266,2023-10-20,"LUNG TAK COURT(Block B),CAPE RD|龍德苑B座,環角道",1749.0641213670249,699.0,527.0,"{'bay_window': '', 'flat_roof': '', 'roof': '', 'ac_platform': '', 'plant_room': '', 'garden': '', 'yard': ''}",1.9,1.9,3605.0,3605.3130929791273,23110601590081.0,6354912.0,ASP,HSL,赤柱,2000/08,2000.0,26.0,26,1.0,B,blank,LUNG TAK COURT,龍德苑,False,POINT Z (22.2200515 114.2086321 0),22.2200515,114.2086321
267,2024-06-12,"LUNG TAK COURT(Block B),CAPE RD|龍德苑B座,環角道",5415.184767793677,552.0,417.0,"{'bay_window': '', 'flat_roof': '', 'roof': '', 'ac_platform': '', 'plant_room': '', 'garden': '', 'yard': ''}",4.3,4.3,10312.0,10311.750599520385,24061901000055.0,6438599.0,ASP,HSL,赤柱,2000/08,2000.0,26.0,9,4.0,B,blank,LUNG TAK COURT,龍德苑,False,POINT Z (22.2200515 114.2086321 0),22.2200515,114.2086321
268,2024-11-28,"LUNG TAK COURT(Block B),CAPE RD|龍德苑B座,環角道",3582.695991092631,698.0,526.0,"{'bay_window': '', 'flat_roof': '', 'roof': '', 'ac_platform': '', 'plant_room': '', 'garden': '', 'yard': ''}",3.5,3.5,6654.0,6653.992395437263,24121701760319.0,6519089.0,ASP,HSL,赤柱,2000/08,2000.0,26.0,23,8.0,B,blank,LUNG TAK COURT,龍德苑,False,POINT Z (22.2200515 114.2086321 0),22.2200515,114.2086321
269,2024-12-16,"LUNG TAK COURT(Block B),CAPE RD|龍德苑B座,環角道",3124.2572042053907,699.0,527.0,"{'bay_window': '', 'flat_roof': '', 'roof': '', 'ac_platform': '', 'plant_room': '', 'garden': '', 'yard': ''}",3.0,3.0,5693.0,5692.599620493359,24121900140088.0,6519945.0,ASP,HSL,赤柱,2000/08,2000.0,26.0,15,8.0,B,blank,LUNG TAK COURT,龍德苑,False,POINT Z (22.2200515 114.2086321 0),22.2200515,114.2086321
270,2024-12-30,"LUNG TAK COURT(Block B),CAPE RD|龍德苑B座,環角道",3290.884255096344,699.0,527.0,"{'bay_window': '', 'flat_roof': '', 'roof': '', 'ac_platform': '', 'plant_room': '', 'garden': '', 'yard': ''}",3.16,3.16,5996.0,5996.204933586338,25010600090090.0,6525818.0,ASP,HSL,赤柱,2000/08,2000.0,26.0,15,2.0,B,blank,LUNG TAK COURT,龍德苑,False,POINT Z (22.2200515 114.2086321 0),22.2200515,114.2086321
271,2025-10-03,"LUNG TAK COURT(Block B),CAPE RD|龍德苑B座,環角道",5406.35489706804,699.0,527.0,"{'bay_window': '', 'flat_roof': '', 'roof': '', 'ac_platform': '', 'plant_room': '', 'garden': '', 'yard': ''}",5.33,5.33,10114.0,10113.851992409867,25102301730450.0,6678382.0,ASP,HSL,赤柱,2000/08,2000.0,26.0,25,8.0,B,blank,LUNG TAK COURT,龍德苑,False,POINT Z (22.2200515 114.2086321 0),22.2200515,114.2086321
272,2025-12-10,"LUNG TAK COURT(Block B),CAPE RD|龍德苑B座,環角道",3438.781656712851,699.0,527.0,"{'bay_window': '', 'flat_roof': '', 'roof': '', 'ac_platform': '', 'plant_room': '', 'garden': '', 'yard': ''}",3.42,3.42,6490.0,6489.563567362429,26010801720038.0,6721621.0,PRO-ASP,HSL,赤柱,2000/08,2000.0,26.0,16,5.0,B,blank,LUNG TAK COURT,龍德苑,False,POINT Z (22.2200515 114.2086321 0),22.2200515,114.2086321
273,2025-12-17,"LUNG TAK COURT(Block B),CAPE RD|龍德苑B座,環角道",3549.4096285002543,559.0,421.0,"{'bay_window': '', 'flat_roof': '', 'roof': '', 'ac_platform': '', 'plant_room': '', 'garden': '', 'yard': ''}",2.82,2.82,6698.0,6698.33729216152,26011300150641.0,6724430.0,PRO-ASP,HSL,赤柱,2000/08,2000.0,26.0,31,3.0,B,blank,LUNG TAK COURT,龍德苑,False,POINT Z (22.2200515 114.2086321 0),22.2200515,114.2086321
274,2025-12-22,"LUNG TAK COURT(Block B),CAPE RD|龍德苑B座,環角道",5413.306964921735,552.0,417.0,"{'bay_window': '', 'flat_roof': '', 'roof': '', 'ac_platform': '', 'plant_room': '', 'garden': '', 'yard': ''}",4.26,4.26,10216.0,10215.827338129497,26011300260071.0,6724499.0,ASP,HSL,赤柱,2000/08,2000.0,26.0,33,6.0,B,blank,LUNG TAK COURT,龍德苑,False,POINT Z (22.2200515 114.2086321 0),22.2200515,114.2086321
275,2026-01-02,"LUNG TAK COURT(Block B),CAPE RD|龍德苑B座,環角道",6664.782366114981,283.0,214.0,"{'bay_window': '', 'flat_roof': '', 'roof': '', 'ac_platform': '', 'plant_room': '', 'garden': '', 'yard': ''}",2.75,2.75,12850.0,12850.467289719629,26011500340068.0,6726756.0,PRO-ASP,HSL,赤柱,2000/08,2000.0,26.0,10,1.0,B,blank,LUNG TAK COURT,龍德苑,False,POINT Z (22.2200515 114.2086321 0),22.2200515,114.2086321
276,2026-01-21,"LUNG TAK COURT(Block B),CAPE RD|龍德苑B座,環角道",3312.993510218677,698.0,526.0,"{'bay_window': '', 'flat_roof': '', 'roof': '', 'ac_platform': '', 'plant_room': '', 'garden': '', 'yard': ''}",3.36,3.36,6388.0,6387.832699619772,26013001620816.0,6737914.0,ASP,HSL,赤柱,2000/08,2000.0,26.0,23,9.0,B,blank,LUNG TAK COURT,龍德苑,False,POINT Z (22.2200515 114.2086321 0),22.2200515,114.2086321
277,2005-09-15,"LUNG TAK COURT(Block D),CAPE RD|龍德苑D座,環角道",4249.36321491502,552.0,417.0,"{'bay_window': '', 'flat_roof': '', 'roof': '', 'ac_platform': '', 'plant_room': '', 'garden': '', 'yard': ''}",1.392,1.392,3338.0,3338.129496402877,5100402630010.0,1736704.0,ASP,HSL,赤柱,2000/08,2000.0,26.0,22,1.0,D,blank,LUNG TAK COURT,龍德苑,False,POINT Z (22.2200515 114.2086321 0),22.2200515,114.2086321
278,2005-09-21,"LUNG TAK COURT(Block D),CAPE RD|龍德苑D座,環角道",5234.67318369728,283.0,214.0,"{'bay_window': '', 'flat_roof': '', 'roof': '', 'ac_platform': '', 'plant_room': '', 'garden': '', 'yard': ''}",0.88,0.88,4112.0,4112.14953271028,5102001140017.0,1749100.0,ASP,HSL,赤柱,2000/08,2000.0,26.0,34,0.0,D,blank,LUNG TAK COURT,龍德苑,False,POINT Z (22.2200515 114.2086321 0),22.2200515,114.2086321
279,2006-04-28,"LUNG TAK COURT(Block D),CAPE RD|龍德苑D座,環角道",5046.874168174462,552.0,417.0,"{'bay_window': '', 'flat_roof': '', 'roof': '', 'ac_platform': '', 'plant_room': '', 'garden': '', 'yard': ''}",1.6,1.6,3837.0,3836.9304556354914,6052701810035.0,1885005.0,ASP,HSL,赤柱,2000/08,2000.0,26.0,13,4.0,D,blank,LUNG TAK COURT,龍德苑,False,POINT Z (22.2200515 114.2086321 0),22.2200515,114.2086321
280,2006-05-30,"LUNG TAK COURT(Block D),CAPE RD|龍德苑D座,環角道",5557.996529846876,699.0,527.0,"{'bay_window': '', 'flat_roof': '', 'roof': '', 'ac_platform': '', 'plant_room': '', 'garden': '', 'yard': ''}",2.22,2.22,4213.0,4212.523719165086,6060801390042.0,1894305.0,ASP,HSL,赤柱,2000/08,2000.0,26.0,5,4.0,D,blank,LUNG TAK COURT,龍德苑,False,POINT Z (22.2200515 114.2086321 0),22.2200515,114.2086321
281,2006-08-18,"LUNG TAK COURT(Block D),CAPE RD|龍德苑D座,環角道",5039.123171443925,559.0,421.0,"{'bay_window': '', 'flat_roof': '', 'roof': '', 'ac_platform': '', 'plant_room': '', 'garden': '', 'yard': ''}",1.62,1.62,3848.0,3847.980997624703,6082400090010.0,1946468.0,ASP,HSL,赤柱,2000/08,2000.0,26.0,24,5.0,D,blank,LUNG TAK COURT,龍德苑,False,POINT Z (22.2200515 114.2086321 0),22.2200515,114.2086321
282,2006-09-25,"LUNG TAK COURT(Block D),CAPE RD|龍德苑D座,環角道",5331.329124067603,699.0,527.0,"{'bay_window': '', 'flat_roof': '', 'roof': '', 'ac_platform': '', 'plant_room': '', 'garden': '', 'yard': ''}",2.133,2.133,4047.0,4047.438330170778,6101201420012.0,1980776.0,ASP,HSL,赤柱,2000/08,2000.0,26.0,29,7.0,D,blank,LUNG TAK COURT,龍德苑,False,POINT Z (22.2200515 114.2086321 0),22.2200515,114.2086321
283,2006-11-15,"LUNG TAK COURT(Block D),CAPE RD|龍德苑D座,環角道",4924.025181752737,283.0,214.0,"{'bay_window': '', 'flat_roof': '', 'roof': '', 'ac_platform': '', 'plant_room': '', 'garden': '', 'yard': ''}",0.8,0.8,3738.0,3738.3177570093458,6112200390023.0,2006887.0,ASP,HSL,赤柱,2000/08,2000.0,26.0,15,2.0,D,blank,LUNG TAK COURT,龍德苑,False,POINT Z (22.2200515 114.2086321 0),22.2200515,114.2086321
284,2007-01-26,"LUNG TAK COURT(Block D),CAPE RD|龍德苑D座,環角道",6128.716967682697,283.0,214.0,"{'bay_window': '', 'flat_roof': '', 'roof': '', 'ac_platform': '', 'plant_room': '', 'garden': '', 'yard': ''}",1.05,1.05,4907.0,4906.542056074766,7022301950184.0,2070867.0,ASP,HSL,赤柱,2000/08,2000.0,26.0,34,3.0,D,blank,LUNG TAK COURT,龍德苑,False,POINT Z (22.2200515 114.2086321 0),22.2200515,114.2086321
285,2007-05-21,"LUNG TAK COURT(Block D),CAPE RD|龍德苑D座,環角道",5321.928804581434,552.0,417.0,"{'bay_window': '', 'flat_roof': '', 'roof': '', 'ac_platform': '', 'plant_room': '', 'garden': '', 'yard': ''}",1.85,1.85,4436.0,4436.450839328537,7060800390062.0,2153100.0,ASP,HSL,赤柱,2000/08,2000.0,26.0,13,3.0,D,blank,LUNG TAK COURT,龍德苑,False,POINT Z (22.2200515 114.2086321 0),22.2200515,114.2086321
286,2007-05-30,"LUNG TAK COURT(Block D),CAPE RD|龍德苑D座,環角道",5033.799928609224,283.0,214.0,"{'bay_window': '', 'flat_roof': '', 'roof': '', 'ac_platform': '', 'plant_room': '', 'garden': '', 'yard': ''}",0.898,0.898,4196.0,4196.261682242991,7062001770087.0,2163732.0,ASP,HSL,赤柱,2000/08,2000.0,26.0,20,1.0,D,blank,LUNG TAK COURT,龍德苑,False,POINT Z (22.2200515 114.2086321 0),22.2200515,114.2086321
287,2007-06-29,"LUNG TAK COURT(Block D),CAPE RD|龍德苑D座,環角道",4899.536104693505,552.0,417.0,"{'bay_window': '', 'flat_roof': '', 'roof': '', 'ac_platform': '', 'plant_room': '', 'garden': '', 'yard': ''}",1.7,1.7,4077.0,4076.73860911271,7071602390211.0,2189207.0,ASP,HSL,赤柱,2000/08,2000.0,26.0,22,7.0,D,blank,LUNG TAK COURT,龍德苑,False,POINT Z (22.2200515 114.2086321 0),22.2200515,114.2086321
288,2007-06-22,"LUNG TAK COURT(Block D),CAPE RD|龍德苑D座,環角道",5052.813474239526,559.0,421.0,"{'bay_window': '', 'flat_roof': '', 'roof': '', 'ac_platform': '', 'plant_room': '', 'garden': '', 'yard': ''}",1.77,1.77,4204.0,4204.275534441806,7071901740057.0,2192794.0,ASP,HSL,赤柱,2000/08,2000.0,26.0,23,3.0,D,blank,LUNG TAK COURT,龍德苑,False,POINT Z (22.2200515 114.2086321 0),22.2200515,114.2086321
289,2007-06-13,"LUNG TAK COURT(Block D),CAPE RD|龍德苑D座,環角道",4930.861890783436,283.0,214.0,"{'bay_window': '', 'flat_roof': '', 'roof': '', 'ac_platform': '', 'plant_room': '', 'garden': '', 'yard': ''}",0.878,0.878,4103.0,4102.803738317757,7072003390121.0,2194642.0,PRO-ASP,HSL,赤柱,2000/08,2000.0,26.0,21,4.0,D,blank,LUNG TAK COURT,龍德苑,False,POINT Z (22.2200515 114.2086321 0),22.2200515,114.2086321
290,2007-09-11,"LUNG TAK COURT(Block D),CAPE RD|龍德苑D座,環角道",4623.084274030427,552.0,417.0,"{'bay_window': '', 'flat_roof': '', 'roof': '', 'ac_platform': '', 'plant_room': '', 'garden': '', 'yard': ''}",1.675,1.675,4017.0,4016.786570743405,7091702070192.0,2247102.0,ASP,HSL,赤柱,2000/08,2000.0,26.0,16,4.0,D,blank,LUNG TAK COURT,龍德苑,False,POINT Z (22.2200515 114.2086321 0),22.2200515,114.2086321
291,2007-10-23,"LUNG TAK COURT(Block D),CAPE RD|龍德苑D座,環角道",4950.073349346269,559.0,421.0,"{'bay_window': '', 'flat_roof': '', 'roof': '', 'ac_platform': '', 'plant_room': '', 'garden': '', 'yard': ''}",1.88,1.88,4466.0,4465.558194774347,7111402290510.0,2301089.0,ASP,HSL,赤柱,2000/08,2000.0,26.0,26,3.0,D,blank,LUNG TAK COURT,龍德苑,False,POINT Z (22.2200515 114.2086321 0),22.2200515,114.2086321
292,2008-01-15,"LUNG TAK COURT(Block D),CAPE RD|龍德苑D座,環角道",4260.24847509967,559.0,421.0,"{'bay_window': '', 'flat_roof': '', 'roof': '', 'ac_platform': '', 'plant_room': '', 'garden': '', 'yard': ''}",1.85,1.85,4394.0,4394.299287410927,8020601100107.0,2405416.0,ASP,HSL,赤柱,2000/08,2000.0,26.0,17,1.0,D,blank,LUNG TAK COURT,龍德苑,False,POINT Z (22.2200515 114.2086321 0),22.2200515,114.2086321
293,2008-01-18,"LUNG TAK COURT(Block D),CAPE RD|龍德苑D座,環角道",4294.79103030318,559.0,421.0,"{'bay_window': '', 'flat_roof': '', 'roof': '', 'ac_platform': '', 'plant_room': '', 'garden': '', 'yard': ''}",1.865,1.865,4430.0,4429.928741092636,8021402380125.0,2412520.0,ASP,HSL,赤柱,2000/08,2000.0,26.0,24,3.0,D,blank,LUNG TAK COURT,龍德苑,False,POINT Z (22.2200515 114.2086321 0),22.2200515,114.2086321
294,2008-07-03,"LUNG TAK COURT(Block D),CAPE RD|龍德苑D座,環角道",5212.931053758345,699.0,527.0,"{'bay_window': '', 'flat_roof': '', 'roof': '', 'ac_platform': '', 'plant_room': '', 'garden': '', 'yard': ''}",2.95,2.95,5598.0,5597.722960151803,8071002010640.0,2556474.0,PRO-ASP,HSL,赤柱,2000/08,2000.0,26.0,29,2.0,D,blank,LUNG TAK COURT,龍德苑,False,POINT Z (22.2200515 114.2086321 0),22.2200515,114.2086321
295,2008-12-11,"LUNG TAK COURT(Block D),CAPE RD|龍德苑D座,環角道",5811.714516869931,559.0,421.0,"{'bay_window': '', 'flat_roof': '', 'roof': '', 'ac_platform': '', 'plant_room': '', 'garden': '', 'yard': ''}",2.08,2.08,4941.0,4940.617577197149,8122401450014.0,2654536.0,ASP,HSL,赤柱,2000/08,2000.0,26.0,7,6.0,D,blank,LUNG TAK COURT,龍德苑,False,POINT Z (22.2200515 114.2086321 0),22.2200515,114.2086321
296,2009-05-05,"LUNG TAK COURT(Block D),CAPE RD|龍德苑D座,環角道",4720.720403928282,552.0,417.0,"{'bay_window': '', 'flat_roof': '', 'roof': '', 'ac_platform': '', 'plant_room': '', 'garden': '', 'yard': ''}",1.9,1.9,4556.0,4556.354916067146,9051400420015.0,2731408.0,ASP,HSL,赤柱,2000/08,2000.0,26.0,13,6.0,D,blank,LUNG TAK COURT,龍德苑,False,POINT Z (22.2200515 114.2086321 0),22.2200515,114.2086321
297,2009-05-18,"LUNG TAK COURT(Block D),CAPE RD|龍德苑D座,環角道",5111.560033894981,699.0,527.0,"{'bay_window': '', 'flat_roof': '', 'roof': '', 'ac_platform': '', 'plant_room': '', 'garden': '', 'yard': ''}",2.6,2.6,4934.0,4933.586337760911,9052700840126.0,2742697.0,ASP,HSL,赤柱,2000/08,2000.0,26.0,10,4.0,D,blank,LUNG TAK COURT,龍德苑,False,POINT Z (22.2200515 114.2086321 0),22.2200515,114.2086321
298,2009-07-16,"LUNG TAK COURT(Block D),CAPE RD|龍德苑D座,環角道",4751.545604583671,698.0,526.0,"{'bay_window': '', 'flat_roof': '', 'roof': '', 'ac_platform': '', 'plant_room': '', 'garden': '', 'yard': ''}",2.59,2.59,4924.0,4923.954372623574,9072402400139.0,2800347.0,ASP,HSL,赤柱,2000/08,2000.0,26.0,31,2.0,D,blank,LUNG TAK COURT,龍德苑,False,POINT Z (22.2200515 114.2086321 0),22.2200515,114.2086321
299,2009-09-03,"LUNG TAK COURT(Block D),CAPE RD|龍德苑D座,環角道",4620.587904448908,559.0,421.0,"{'bay_window': '', 'flat_roof': '', 'roof': '', 'ac_platform': '', 'plant_room': '', 'garden': '', 'yard': ''}",2.1,2.1,4988.0,4988.12351543943,9092402590045.0,2865504.0,ASP,HSL,赤柱,2000/08,2000.0,26.0,17,4.0,D,blank,LUNG TAK COURT,龍德苑,False,POINT Z (22.2200515 114.2086321 0),22.2200515,114.2086321
300,2010-01-09,"LUNG TAK COURT(Block D),CAPE RD|龍德苑D座,環角道",4674.927726039389,699.0,527.0,"{'bay_window': '', 'flat_roof': '', 'roof': '', 'ac_platform': '', 'plant_room': '', 'garden': '', 'yard': ''}",2.75,2.75,5218.0,5218.216318785579,10012902060052.0,2986663.0,PRO-ASP,HSL,赤柱,2000/08,2000.0,26.0,6,1.0,D,blank,LUNG TAK COURT,龍德苑,False,POINT Z (22.2200515 114.2086321 0),22.2200515,114.2086321
301,2010-04-16,"LUNG TAK COURT(Block D),CAPE RD|龍德苑D座,環角道",4579.287819496378,283.0,214.0,"{'bay_window': '', 'flat_roof': '', 'roof': '', 'ac_platform': '', 'plant_room': '', 'garden': '', 'yard': ''}",1.155,1.155,5397.0,5397.196261682243,10050503020034.0,3082971.0,ASP,HSL,赤柱,2000/08,2000.0,26.0,20,2.0,D,blank,LUNG TAK COURT,龍德苑,False,POINT Z (22.2200515 114.2086321 0),22.2200515,114.2086321
302,2010-05-24,"LUNG TAK COURT(Block D),CAPE RD|龍德苑D座,環角道",3991.1403078235926,559.0,421.0,"{'bay_window': '', 'flat_roof': '', 'roof': '', 'ac_platform': '', 'plant_room': '', 'garden': '', 'yard': ''}",2.0,2.0,4751.0,4750.593824228028,10060201550095.0,3111628.0,ASP,HSL,赤柱,2000/08,2000.0,26.0,24,1.0,D,blank,LUNG TAK COURT,龍德苑,False,POINT Z (22.2200515 114.2086321 0),22.2200515,114.2086321
303,2010-06-01,"LUNG TAK COURT(Block D),CAPE RD|龍德苑D座,環角道",4749.553211756399,559.0,421.0,"{'bay_window': '', 'flat_roof': '', 'roof': '', 'ac_platform': '', 'plant_room': '', 'garden': '', 'yard': ''}",2.365,2.365,5618.0,5617.577197149643,10062402670237.0,3131950.0,PRO-ASP,HSL,赤柱,2000/08,2000.0,26.0,23,7.0,D,blank,LUNG TAK COURT,龍德苑,False,POINT Z (22.2200515 114.2086321 0),22.2200515,114.2086321
304,2010-11-17,"LUNG TAK COURT(Block D),CAPE RD|龍德苑D座,環角道",3556.217677311641,699.0,527.0,"{'bay_window': '', 'flat_roof': '', 'roof': '', 'ac_platform': '', 'plant_room': '', 'garden': '', 'yard': ''}",2.45,2.45,4649.0,4648.956356736243,10112901890208.0,3311223.0,ASP,HSL,赤柱,2000/08,2000.0,26.0,10,6.0,D,blank,LUNG TAK COURT,龍德苑,False,POINT Z (22.2200515 114.2086321 0),22.2200515,114.2086321
305,2011-01-17,"LUNG TAK COURT(Block D),CAPE RD|龍德苑D座,環角道",4907.401375450758,283.0,214.0,"{'bay_window': '', 'flat_roof': '', 'roof': '', 'ac_platform': '', 'plant_room': '', 'garden': '', 'yard': ''}",1.42,1.42,6636.0,6635.514018691589,11020902150012.0,3381761.0,PRO-ASP,HSL,赤柱,2000/08,2000.0,26.0,15,1.0,D,blank,LUNG TAK COURT,龍德苑,False,POINT Z (22.2200515 114.2086321 0),22.2200515,114.2086321
306,2011-03-14,"LUNG TAK COURT(Block D),CAPE RD|龍德苑D座,環角道",4414.415471967956,559.0,421.0,"{'bay_window': '', 'flat_roof': '', 'roof': '', 'ac_platform': '', 'plant_room': '', 'garden': '', 'yard': ''}",2.7,2.7,6413.0,6413.301662707839,11032502240235.0,3427339.0,ASP,HSL,赤柱,2000/08,2000.0,26.0,17,6.0,D,blank,LUNG TAK COURT,龍德苑,False,POINT Z (22.2200515 114.2086321 0),22.2200515,114.2086321
307,2011-03-16,"LUNG TAK COURT(Block D),CAPE RD|龍德苑D座,環角道",5146.331363651117,283.0,214.0,"{'bay_window': '', 'flat_roof': '', 'roof': '', 'ac_platform': '', 'plant_room': '', 'garden': '', 'yard': ''}",1.6,1.6,7477.0,7476.6355140186915,11032902090431.0,3430615.0,ASP,HSL,赤柱,2000/08,2000.0,26.0,20,3.0,D,blank,LUNG TAK COURT,龍德苑,False,POINT Z (22.2200515 114.2086321 0),22.2200515,114.2086321
308,2011-03-22,"LUNG TAK COURT(Block D),CAPE RD|龍德苑D座,環角道",4671.344724901663,552.0,417.0,"{'bay_window': '', 'flat_roof': '', 'roof': '', 'ac_platform': '', 'plant_room': '', 'garden': '', 'yard': ''}",2.83,2.83,6787.0,6786.570743405276,11040100500061.0,3434464.0,ASP,HSL,赤柱,2000/08,2000.0,26.0,19,7.0,D,blank,LUNG TAK COURT,龍德苑,False,POINT Z (22.2200515 114.2086321 0),22.2200515,114.2086321
309,2011-06-28,"LUNG TAK COURT(Block D),CAPE RD|龍德苑D座,環角道",5189.522310491629,283.0,214.0,"{'bay_window': '', 'flat_roof': '', 'roof': '', 'ac_platform': '', 'plant_room': '', 'garden': '', 'yard': ''}",1.67,1.67,7804.0,7803.738317757009,11071801550084.0,3531431.0,ASP,HSL,赤柱,2000/08,2000.0,26.0,34,3.0,D,blank,LUNG TAK COURT,龍德苑,False,POINT Z (22.2200515 114.2086321 0),22.2200515,114.2086321
310,2011-09-30,"LUNG TAK COURT(Block D),CAPE RD|龍德苑D座,環角道",6406.652437895249,283.0,214.0,"{'bay_window': '', 'flat_roof': '', 'roof': '', 'ac_platform': '', 'plant_room': '', 'garden': '', 'yard': ''}",2.0,2.0,9346.0,9345.794392523365,11102501710057.0,3595182.0,ASP,HSL,赤柱,2000/08,2000.0,26.0,1,4.0,D,blank,LUNG TAK COURT,龍德苑,False,POINT Z (22.2200515 114.2086321 0),22.2200515,114.2086321
311,2012-03-19,"LUNG TAK COURT(Block D),CAPE RD|龍德苑D座,環角道",5795.673945317277,283.0,214.0,"{'bay_window': '', 'flat_roof': '', 'roof': '', 'ac_platform': '', 'plant_room': '', 'garden': '', 'yard': ''}",1.88,1.88,8785.0,8785.046728971962,12032701600026.0,3675672.0,ASP,HSL,赤柱,2000/08,2000.0,26.0,1,1.0,D,blank,LUNG TAK COURT,龍德苑,False,POINT Z (22.2200515 114.2086321 0),22.2200515,114.2086321
312,2012-03-23,"LUNG TAK COURT(Block D),CAPE RD|龍德苑D座,環角道",6042.298368522268,283.0,214.0,"{'bay_window': '', 'flat_roof': '', 'roof': '', 'ac_platform': '', 'plant_room': '', 'garden': '', 'yard': ''}",1.96,1.96,9159.0,9158.878504672895,12041001950133.0,3683660.0,ASP,HSL,赤柱,2000/08,2000.0,26.0,15,5.0,D,blank,LUNG TAK COURT,龍德苑,False,POINT Z (22.2200515 114.2086321 0),22.2200515,114.2086321
313,2012-06-12,"LUNG TAK COURT(Block D),CAPE RD|龍德苑D座,環角道",5168.923037088768,559.0,421.0,"{'bay_window': '', 'flat_roof': '', 'roof': '', 'ac_platform': '', 'plant_room': '', 'garden': '', 'yard': ''}",3.48,3.48,8266.0,8266.03325415677,12062002360020.0,3740758.0,ASP,HSL,赤柱,2000/08,2000.0,26.0,18,3.0,D,blank,LUNG TAK COURT,龍德苑,False,POINT Z (22.2200515 114.2086321 0),22.2200515,114.2086321
314,2012-07-19,"LUNG TAK COURT(Block D),CAPE RD|龍德苑D座,環角道",5772.326337062685,283.0,214.0,"{'bay_window': '', 'flat_roof': '', 'roof': '', 'ac_platform': '', 'plant_room': '', 'garden': '', 'yard': ''}",2.0,2.0,9346.0,9345.794392523365,12072502220129.0,3764785.0,ASP,HSL,赤柱,2000/08,2000.0,26.0,20,5.0,D,blank,LUNG TAK COURT,龍德苑,False,POINT Z (22.2200515 114.2086321 0),22.2200515,114.2086321
315,2012-11-30,"LUNG TAK COURT(Block D),CAPE RD|龍德苑D座,環角道",6148.612224843426,552.0,417.0,"{'bay_window': '', 'flat_roof': '', 'roof': '', 'ac_platform': '', 'plant_room': '', 'garden': '', 'yard': ''}",4.5,4.5,10791.0,10791.36690647482,12122402530046.0,3887494.0,ASP,HSL,赤柱,2000/08,2000.0,26.0,33,3.0,D,blank,LUNG TAK COURT,龍德苑,False,POINT Z (22.2200515 114.2086321 0),22.2200515,114.2086321
316,2013-03-05,"LUNG TAK COURT(Block D),CAPE RD|龍德苑D座,環角道",5232.438729890221,699.0,527.0,"{'bay_window': '', 'flat_roof': '', 'roof': '', 'ac_platform': '', 'plant_room': '', 'garden': '', 'yard': ''}",5.1,5.1,9677.0,9677.41935483871,13031802710170.0,3948863.0,ASP,HSL,赤柱,2000/08,2000.0,26.0,6,1.0,D,blank,LUNG TAK COURT,龍德苑,False,POINT Z (22.2200515 114.2086321 0),22.2200515,114.2086321
317,2013-05-27,"LUNG TAK COURT(Block D),CAPE RD|龍德苑D座,環角道",5991.629488864731,283.0,214.0,"{'bay_window': '', 'flat_roof': '', 'roof': '', 'ac_platform': '', 'plant_room': '', 'garden': '', 'yard': ''}",2.33,2.33,10888.0,10887.85046728972,13061402210021.0,3991952.0,ASP,HSL,赤柱,2000/08,2000.0,26.0,14,3.0,D,blank,LUNG TAK COURT,龍德苑,False,POINT Z (22.2200515 114.2086321 0),22.2200515,114.2086321
318,2013-05-23,"LUNG TAK COURT(Block D),CAPE RD|龍德苑D座,環角道",5228.543160539701,559.0,421.0,"{'bay_window': '', 'flat_roof': '', 'roof': '', 'ac_platform': '', 'plant_room': '', 'garden': '', 'yard': ''}",4.0,4.0,9501.0,9501.187648456056,13062100370086.0,3995260.0,PRO-ASP,HSL,赤柱,2000/08,2000.0,26.0,8,3.0,D,blank,LUNG TAK COURT,龍德苑,False,POINT Z (22.2200515 114.2086321 0),22.2200515,114.2086321
319,2013-12-20,"LUNG TAK COURT(Block D),CAPE RD|龍德苑D座,環角道",5376.802117881318,552.0,417.0,"{'bay_window': '', 'flat_roof': '', 'roof': '', 'ac_platform': '', 'plant_room': '', 'garden': '', 'yard': ''}",4.15,4.15,9952.0,9952.038369304557,14010600620320.0,4080510.0,ASP,HSL,赤柱,2000/08,2000.0,26.0,13,4.0,D,blank,LUNG TAK COURT,龍德苑,False,POINT Z (22.2200515 114.2086321 0),22.2200515,114.2086321
320,2014-06-23,"LUNG TAK COURT(Block D),CAPE RD|龍德苑D座,環角道",6044.926507070278,559.0,421.0,"{'bay_window': '', 'flat_roof': '', 'roof': '', 'ac_platform': '', 'plant_room': '', 'garden': '', 'yard': ''}",4.65,4.65,11045.0,11045.130641330166,14072200620012.0,4171881.0,MEM-ASP,HSL,赤柱,2000/08,2000.0,26.0,18,3.0,D,blank,LUNG TAK COURT,龍德苑,False,POINT Z (22.2200515 114.2086321 0),22.2200515,114.2086321
321,2014-10-20,"LUNG TAK COURT(Block D),CAPE RD|龍德苑D座,環角道",4957.156415894846,559.0,421.0,"{'bay_window': '', 'flat_roof': '', 'roof': '', 'ac_platform': '', 'plant_room': '', 'garden': '', 'yard': ''}",4.1,4.1,9739.0,9738.717339667455,14110701920181.0,4237465.0,ASP,HSL,赤柱,2000/08,2000.0,26.0,27,6.0,D,blank,LUNG TAK COURT,龍德苑,False,POINT Z (22.2200515 114.2086321 0),22.2200515,114.2086321
322,2014-11-18,"LUNG TAK COURT(Block D),CAPE RD|龍德苑D座,環角道",5337.259189562445,552.0,417.0,"{'bay_window': '', 'flat_roof': '', 'roof': '', 'ac_platform': '', 'plant_room': '', 'garden': '', 'yard': ''}",4.38,4.38,10504.0,10503.59712230216,14112700910043.0,4249246.0,ASP,HSL,赤柱,2000/08,2000.0,26.0,16,2.0,D,blank,LUNG TAK COURT,龍德苑,False,POINT Z (22.2200515 114.2086321 0),22.2200515,114.2086321
323,2015-07-24,"LUNG TAK COURT(Block D),CAPE RD|龍德苑D座,環角道",6316.781631059904,283.0,214.0,"{'bay_window': '', 'flat_roof': '', 'roof': '', 'ac_platform': '', 'plant_room': '', 'garden': '', 'yard': ''}",2.86,2.86,13364.0,13364.485981308411,15080300600081.0,4393709.0,ASP,HSL,赤柱,2000/08,2000.0,26.0,21,6.0,D,blank,LUNG TAK COURT,龍德苑,False,POINT Z (22.2200515 114.2086321 0),22.2200515,114.2086321
324,2016-05-13,"LUNG TAK COURT(Block D),CAPE RD|龍德苑D座,環角道",7018.412585339481,283.0,214.0,"{'bay_window': '', 'flat_roof': '', 'roof': '', 'ac_platform': '', 'plant_room': '', 'garden': '', 'yard': ''}",2.92,2.92,13645.0,13644.859813084113,16053001830021.0,4513233.0,ASP,HSL,赤柱,2000/08,2000.0,26.0,20,3.0,D,blank,LUNG TAK COURT,龍德苑,False,POINT Z (22.2200515 114.2086321 0),22.2200515,114.2086321
325,2016-09-12,"LUNG TAK COURT(Block D),CAPE RD|龍德苑D座,環角道",4910.692314365275,559.0,421.0,"{'bay_window': '', 'flat_roof': '', 'roof': '', 'ac_platform': '', 'plant_room': '', 'garden': '', 'yard': ''}",4.3,4.3,10214.0,10213.77672209026,16092101600016.0,4563528.0,ASP,HSL,赤柱,2000/08,2000.0,26.0,23,3.0,D,blank,LUNG TAK COURT,龍德苑,False,POINT Z (22.2200515 114.2086321 0),22.2200515,114.2086321
326,2017-04-13,"LUNG TAK COURT(Block D),CAPE RD|龍德苑D座,環角道",5446.4795556864665,552.0,417.0,"{'bay_window': '', 'flat_roof': '', 'roof': '', 'ac_platform': '', 'plant_room': '', 'garden': '', 'yard': ''}",5.06,5.06,12134.0,12134.292565947242,17042001200119.0,4684174.0,ASP,HSL,赤柱,2000/08,2000.0,26.0,33,3.0,D,blank,LUNG TAK COURT,龍德苑,False,POINT Z (22.2200515 114.2086321 0),22.2200515,114.2086321
327,2017-08-24,"LUNG TAK COURT(Block D),CAPE RD|龍德苑D座,環角道",4589.120878833164,699.0,527.0,"{'bay_window': '', 'flat_roof': '', 'roof': '', 'ac_platform': '', 'plant_room': '', 'garden': '', 'yard': ''}",5.56,5.56,10550.0,10550.284629981024,17090400440014.0,4763202.0,ASP,HSL,赤柱,2000/08,2000.0,26.0,29,5.0,D,blank,LUNG TAK COURT,龍德苑,False,POINT Z (22.2200515 114.2086321 0),22.2200515,114.2086321
328,2017-08-20,"LUNG TAK COURT(Block D),CAPE RD|龍德苑D座,環角道",6097.7947534418345,283.0,214.0,"{'bay_window': '', 'flat_roof': '', 'roof': '', 'ac_platform': '', 'plant_room': '', 'garden': '', 'yard': ''}",3.0,3.0,14019.0,14018.691588785046,17090401990053.0,4763203.0,PRO-ASP,HSL,赤柱,2000/08,2000.0,26.0,20,6.0,D,blank,LUNG TAK COURT,龍德苑,False,POINT Z (22.2200515 114.2086321 0),22.2200515,114.2086321
329,2018-03-16,"LUNG TAK COURT(Block D),CAPE RD|龍德苑D座,環角道",6112.794032355967,283.0,214.0,"{'bay_window': '', 'flat_roof': '', 'roof': '', 'ac_platform': '', 'plant_room': '', 'garden': '', 'yard': ''}",3.25,3.25,15187.0,15186.915887850468,18041000160051.0,5332405.0,ASP,HSL,赤柱,2000/08,2000.0,26.0,21,4.0,D,blank,LUNG TAK COURT,龍德苑,False,POINT Z (22.2200515 114.2086321 0),22.2200515,114.2086321
330,2018-08-31,"LUNG TAK COURT(Block D),CAPE RD|龍德苑D座,環角道",5849.276539893583,552.0,417.0,"{'bay_window': '', 'flat_roof': '', 'roof': '', 'ac_platform': '', 'plant_room': '', 'garden': '', 'yard': ''}",6.4,6.4,15348.0,15347.721822541966,18091900530024.0,5432980.0,ASP,HSL,赤柱,2000/08,2000.0,26.0,19,7.0,D,blank,LUNG TAK COURT,龍德苑,False,POINT Z (22.2200515 114.2086321 0),22.2200515,114.2086321
331,2018-09-14,"LUNG TAK COURT(Block D),CAPE RD|龍德苑D座,環角道",6761.595019747228,283.0,214.0,"{'bay_window': '', 'flat_roof': '', 'roof': '', 'ac_platform': '', 'plant_room': '', 'garden': '', 'yard': ''}",3.68,3.68,17196.0,17196.26168224299,18100201350115.0,5438466.0,ASP,HSL,赤柱,2000/08,2000.0,26.0,20,5.0,D,blank,LUNG TAK COURT,龍德苑,False,POINT Z (22.2200515 114.2086321 0),22.2200515,114.2086321
332,2019-10-10,"LUNG TAK COURT(Block D),CAPE RD|龍德苑D座,環角道",5189.94433507124,552.0,417.0,"{'bay_window': '', 'flat_roof': '', 'roof': '', 'ac_platform': '', 'plant_room': '', 'garden': '', 'yard': ''}",5.5,5.5,13189.0,13189.448441247005,19102501040067.0,5631866.0,ASP,HSL,赤柱,2000/08,2000.0,26.0,22,7.0,D,blank,LUNG TAK COURT,龍德苑,False,POINT Z (22.2200515 114.2086321 0),22.2200515,114.2086321
333,2020-01-31,"LUNG TAK COURT(Block D),CAPE RD|龍德苑D座,環角道",6713.665892849776,283.0,214.0,"{'bay_window': '', 'flat_roof': '', 'roof': '', 'ac_platform': '', 'plant_room': '', 'garden': '', 'yard': ''}",3.65,3.65,17056.0,17056.07476635514,20020701080096.0,5671309.0,ASP,HSL,赤柱,2000/08,2000.0,26.0,14,3.0,D,blank,LUNG TAK COURT,龍德苑,False,POINT Z (22.2200515 114.2086321 0),22.2200515,114.2086321
334,2020-06-16,"LUNG TAK COURT(Block D),CAPE RD|龍德苑D座,環角道",5194.750024102409,552.0,417.0,"{'bay_window': '', 'flat_roof': '', 'roof': '', 'ac_platform': '', 'plant_room': '', 'garden': '', 'yard': ''}",5.5,5.5,13189.0,13189.448441247005,20062201770375.0,5727450.0,ASP,HSL,赤柱,2000/08,2000.0,26.0,13,4.0,D,blank,LUNG TAK COURT,龍德苑,False,POINT Z (22.2200515 114.2086321 0),22.2200515,114.2086321
335,2020-06-15,"LUNG TAK COURT(Block D),CAPE RD|龍德苑D座,環角道",5675.726775383457,698.0,526.0,"{'bay_window': '', 'flat_roof': '', 'roof': '', 'ac_platform': '', 'plant_room': '', 'garden': '', 'yard': ''}",7.58,7.58,14411.0,14410.6463878327,20063000730018.0,5731117.0,ASP,HSL,赤柱,2000/08,2000.0,26.0,12,6.0,D,blank,LUNG TAK COURT,龍德苑,False,POINT Z (22.2200515 114.2086321 0),22.2200515,114.2086321
336,2020-10-07,"LUNG TAK COURT(Block D),CAPE RD|龍德苑D座,環角道",3701.705650893058,283.0,214.0,"{'bay_window': '', 'flat_roof': '', 'roof': '', 'ac_platform': '', 'plant_room': '', 'garden': '', 'yard': ''}",2.0,2.0,9346.0,9345.794392523365,20101901900086.0,5791813.0,ASP,HSL,赤柱,2000/08,2000.0,26.0,14,4.0,D,blank,LUNG TAK COURT,龍德苑,False,POINT Z (22.2200515 114.2086321 0),22.2200515,114.2086321
337,2021-07-02,"LUNG TAK COURT(Block D),CAPE RD|龍德苑D座,環角道",3748.832540333307,552.0,417.0,"{'bay_window': '', 'flat_roof': '', 'roof': '', 'ac_platform': '', 'plant_room': '', 'garden': '', 'yard': ''}",4.08,4.08,9784.0,9784.172661870503,21070700300026.0,5949128.0,ASP,HSL,赤柱,2000/08,2000.0,26.0,33,4.0,D,blank,LUNG TAK COURT,龍德苑,False,POINT Z (22.2200515 114.2086321 0),22.2200515,114.2086321
338,2021-06-18,"LUNG TAK COURT(Block D),CAPE RD|龍德苑D座,環角道",6201.362266640602,283.0,214.0,"{'bay_window': '', 'flat_roof': '', 'roof': '', 'ac_platform': '', 'plant_room': '', 'garden': '', 'yard': ''}",3.5,3.5,16355.0,16355.140186915887,21071500820050.0,5955931.0,ASP,HSL,赤柱,2000/08,2000.0,26.0,1,4.0,D,blank,LUNG TAK COURT,龍德苑,False,POINT Z (22.2200515 114.2086321 0),22.2200515,114.2086321
339,2021-07-17,"LUNG TAK COURT(Block D),CAPE RD|龍德苑D座,環角道",5369.598935181195,559.0,421.0,"{'bay_window': '', 'flat_roof': '', 'roof': '', 'ac_platform': '', 'plant_room': '', 'garden': '', 'yard': ''}",5.9,5.9,14014.0,14014.251781472683,21080302350021.0,5970143.0,PRO-ASP,HSL,赤柱,2000/08,2000.0,26.0,27,6.0,D,blank,LUNG TAK COURT,龍德苑,False,POINT Z (22.2200515 114.2086321 0),22.2200515,114.2086321
340,2021-08-04,"LUNG TAK COURT(Block D),CAPE RD|龍德苑D座,環角道",5338.394305764738,559.0,421.0,"{'bay_window': '', 'flat_roof': '', 'roof': '', 'ac_platform': '', 'plant_room': '', 'garden': '', 'yard': ''}",5.8,5.8,13777.0,13776.722090261284,21081600500029.0,5978294.0,ASP,HSL,赤柱,2000/08,2000.0,26.0,18,3.0,D,blank,LUNG TAK COURT,龍德苑,False,POINT Z (22.2200515 114.2086321 0),22.2200515,114.2086321
341,2021-08-25,"LUNG TAK COURT(Block D),CAPE RD|龍德苑D座,環角道",3773.692526488867,559.0,421.0,"{'bay_window': '', 'flat_roof': '', 'roof': '', 'ac_platform': '', 'plant_room': '', 'garden': '', 'yard': ''}",4.1,4.1,9739.0,9738.717339667455,21090600310037.0,5992003.0,ASP,HSL,赤柱,2000/08,2000.0,26.0,27,4.0,D,blank,LUNG TAK COURT,龍德苑,False,POINT Z (22.2200515 114.2086321 0),22.2200515,114.2086321
342,2021-09-14,"LUNG TAK COURT(Block D),CAPE RD|龍德苑D座,環角道",5746.907596147753,283.0,214.0,"{'bay_window': '', 'flat_roof': '', 'roof': '', 'ac_platform': '', 'plant_room': '', 'garden': '', 'yard': ''}",3.2,3.2,14953.0,14953.271028037385,21092700840026.0,6005721.0,ASP,HSL,赤柱,2000/08,2000.0,26.0,15,1.0,D,blank,LUNG TAK COURT,龍德苑,False,POINT Z (22.2200515 114.2086321 0),22.2200515,114.2086321
343,2022-04-25,"LUNG TAK COURT(Block D),CAPE RD|龍德苑D座,環角道",5251.600195075575,559.0,421.0,"{'bay_window': '', 'flat_roof': '', 'roof': '', 'ac_platform': '', 'plant_room': '', 'garden': '', 'yard': ''}",5.5,5.5,13064.0,13064.133016627078,22050600280034.0,6120841.0,ASP,HSL,赤柱,2000/08,2000.0,26.0,8,4.0,D,blank,LUNG TAK COURT,龍德苑,False,POINT Z (22.2200515 114.2086321 0),22.2200515,114.2086321
344,2022-04-26,"LUNG TAK COURT(Block D),CAPE RD|龍德苑D座,環角道",5253.775481836125,552.0,417.0,"{'bay_window': '', 'flat_roof': '', 'roof': '', 'ac_platform': '', 'plant_room': '', 'garden': '', 'yard': ''}",5.45,5.45,13070.0,13069.544364508392,22051101230042.0,6122564.0,ASP,HSL,赤柱,2000/08,2000.0,26.0,13,3.0,D,blank,LUNG TAK COURT,龍德苑,False,POINT Z (22.2200515 114.2086321 0),22.2200515,114.2086321
345,2022-12-16,"LUNG TAK COURT(Block D),CAPE RD|龍德苑D座,環角道",3689.0030096543614,559.0,421.0,"{'bay_window': '', 'flat_roof': '', 'roof': '', 'ac_platform': '', 'plant_room': '', 'garden': '', 'yard': ''}",3.3,3.3,7838.0,7838.479809976247,22122001820027.0,6215870.0,ASP,HSL,赤柱,2000/08,2000.0,26.0,27,1.0,D,blank,LUNG TAK COURT,龍德苑,False,POINT Z (22.2200515 114.2086321 0),22.2200515,114.2086321
346,2023-05-12,"LUNG TAK COURT(Block D),CAPE RD|龍德苑D座,環角道",4716.137444194859,698.0,526.0,"{'bay_window': '', 'flat_roof': '', 'roof': '', 'ac_platform': '', 'plant_room': '', 'garden': '', 'yard': ''}",5.5,5.5,10456.0,10456.273764258554,23051700950020.0,6284857.0,ASP,HSL,赤柱,2000/08,2000.0,26.0,31,5.0,D,blank,LUNG TAK COURT,龍德苑,False,POINT Z (22.2200515 114.2086321 0),22.2200515,114.2086321
347,2024-03-15,"LUNG TAK COURT(Block D),CAPE RD|龍德苑D座,環角道",6779.635764635302,283.0,214.0,"{'bay_window': '', 'flat_roof': '', 'roof': '', 'ac_platform': '', 'plant_room': '', 'garden': '', 'yard': ''}",2.85,2.85,13318.0,13317.757009345794,24032601640026.0,6397052.0,ASP,HSL,赤柱,2000/08,2000.0,26.0,15,5.0,D,blank,LUNG TAK COURT,龍德苑,False,POINT Z (22.2200515 114.2086321 0),22.2200515,114.2086321
348,2025-12-17,"LUNG TAK COURT(Block D),CAPE RD|龍德苑D座,環角道",6685.580176171935,283.0,214.0,"{'bay_window': '', 'flat_roof': '', 'roof': '', 'ac_platform': '', 'plant_room': '', 'garden': '', 'yard': ''}",2.7,2.7,12617.0,12616.822429906542,26011400270136.0,6725589.0,PRO-ASP,HSL,赤柱,2000/08,2000.0,26.0,21,6.0,D,blank,LUNG TAK COURT,龍德苑,False,POINT Z (22.2200515 114.2086321 0),22.2200515,114.2086321
349,2005-11-28,"LUNG TAK COURT(Block A),CAPE RD|龍德苑A座,環角道",4789.225339987028,559.0,421.0,"{'bay_window': '', 'flat_roof': '', 'roof': '', 'ac_platform': '', 'plant_room': '', 'garden': '', 'yard': ''}",1.488,1.488,3534.0,3534.4418052256533,5120501000044.0,1778457.0,ASP,HSL,赤柱,2000/08,2000.0,26.0,24,3.0,A,blank,LUNG TAK COURT,龍德苑,False,POINT Z (22.2200515 114.2086321 0),22.2200515,114.2086321
350,2006-09-06,"LUNG TAK COURT(Block A),CAPE RD|龍德苑A座,環角道",6124.414291094788,283.0,214.0,"{'bay_window': '', 'flat_roof': '', 'roof': '', 'ac_platform': '', 'plant_room': '', 'garden': '', 'yard': ''}",0.995,0.995,4650.0,4649.532710280374,6091500390026.0,1961623.0,ASP,HSL,赤柱,2000/08,2000.0,26.0,18,9.0,A,blank,LUNG TAK COURT,龍德苑,False,POINT Z (22.2200515 114.2086321 0),22.2200515,114.2086321
351,2006-08-15,"LUNG TAK COURT(Block A),CAPE RD|龍德苑A座,環角道",4976.911774265604,559.0,421.0,"{'bay_window': '', 'flat_roof': '', 'roof': '', 'ac_platform': '', 'plant_room': '', 'garden': '', 'yard': ''}",1.6,1.6,3800.0,3800.475059382423,6101001990030.0,1979067.0,ASP,HSL,赤柱,2000/08,2000.0,26.0,26,7.0,A,blank,LUNG TAK COURT,龍德苑,False,POINT Z (22.2200515 114.2086321 0),22.2200515,114.2086321
352,2006-10-24,"LUNG TAK COURT(Block A),CAPE RD|龍德苑A座,環角道",5800.319147467914,698.0,526.0,"{'bay_window': '', 'flat_roof': '', 'roof': '', 'ac_platform': '', 'plant_room': '', 'garden': '', 'yard': ''}",2.38,2.38,4525.0,4524.7148288973385,6110800050045.0,1997821.0,ASP,HSL,赤柱,2000/08,2000.0,26.0,20,5.0,A,blank,LUNG TAK COURT,龍德苑,False,POINT Z (22.2200515 114.2086321 0),22.2200515,114.2086321
353,2006-10-24,"LUNG TAK COURT(Block A),CAPE RD|龍德苑A座,環角道",4094.3429276244096,698.0,526.0,"{'bay_window': '', 'flat_roof': '', 'roof': '', 'ac_platform': '', 'plant_room': '', 'garden': '', 'yard': ''}",1.68,1.68,3194.0,3193.916349809886,6111502470122.0,2002596.0,ASP,HSL,赤柱,2000/08,2000.0,26.0,4,7.0,A,blank,LUNG TAK COURT,龍德苑,False,POINT Z (22.2200515 114.2086321 0),22.2200515,114.2086321
354,2006-11-20,"LUNG TAK COURT(Block A),CAPE RD|龍德苑A座,環角道",5256.192201139384,559.0,421.0,"{'bay_window': '', 'flat_roof': '', 'roof': '', 'ac_platform': '', 'plant_room': '', 'garden': '', 'yard': ''}",1.68,1.68,3990.0,3990.498812351544,6120501060044.0,2015438.0,ASP,HSL,赤柱,2000/08,2000.0,26.0,7,1.0,A,blank,LUNG TAK COURT,龍德苑,False,POINT Z (22.2200515 114.2086321 0),22.2200515,114.2086321
355,2007-01-06,"LUNG TAK COURT(Block A),CAPE RD|龍德苑A座,環角道",4806.47799650772,559.0,421.0,"{'bay_window': '', 'flat_roof': '', 'roof': '', 'ac_platform': '', 'plant_room': '', 'garden': '', 'yard': ''}",1.62,1.62,3848.0,3847.980997624703,7013001900068.0,2054125.0,ASP,HSL,赤柱,2000/08,2000.0,26.0,7,7.0,A,blank,LUNG TAK COURT,龍德苑,False,POINT Z (22.2200515 114.2086321 0),22.2200515,114.2086321
356,2007-03-30,"LUNG TAK COURT(Block A),CAPE RD|龍德苑A座,環角道",4426.628389916094,698.0,526.0,"{'bay_window': '', 'flat_roof': '', 'roof': '', 'ac_platform': '', 'plant_room': '', 'garden': '', 'yard': ''}",1.84,1.84,3498.0,3498.0988593155894,7042101140048.0,2111803.0,ASP,HSL,赤柱,2000/08,2000.0,26.0,27,1.0,A,blank,LUNG TAK COURT,龍德苑,False,POINT Z (22.2200515 114.2086321 0),22.2200515,114.2086321
357,2007-05-14,"LUNG TAK COURT(Block A),CAPE RD|龍德苑A座,環角道",4832.886698214492,552.0,417.0,"{'bay_window': '', 'flat_roof': '', 'roof': '', 'ac_platform': '', 'plant_room': '', 'garden': '', 'yard': ''}",1.68,1.68,4029.0,4028.776978417266,7060500630054.0,2149454.0,ASP,HSL,赤柱,2000/08,2000.0,26.0,2,7.0,A,blank,LUNG TAK COURT,龍德苑,False,POINT Z (22.2200515 114.2086321 0),22.2200515,114.2086321
358,2007-08-17,"LUNG TAK COURT(Block A),CAPE RD|龍德苑A座,環角道",3846.2151940428103,552.0,417.0,"{'bay_window': '', 'flat_roof': '', 'roof': '', 'ac_platform': '', 'plant_room': '', 'garden': '', 'yard': ''}",1.36,1.36,3261.0,3261.390887290168,7090500740023.0,2238109.0,ASP,HSL,赤柱,2000/08,2000.0,26.0,17,0.0,A,blank,LUNG TAK COURT,龍德苑,False,POINT Z (22.2200515 114.2086321 0),22.2200515,114.2086321
359,2007-11-22,"LUNG TAK COURT(Block A),CAPE RD|龍德苑A座,環角道",4703.4906595173,559.0,421.0,"{'bay_window': '', 'flat_roof': '', 'roof': '', 'ac_platform': '', 'plant_room': '', 'garden': '', 'yard': ''}",1.88,1.88,4466.0,4465.558194774347,7121002340052.0,2331882.0,ASP,HSL,赤柱,2000/08,2000.0,26.0,7,2.0,A,blank,LUNG TAK COURT,龍德苑,False,POINT Z (22.2200515 114.2086321 0),22.2200515,114.2086321
360,2007-12-07,"LUNG TAK COURT(Block A),CAPE RD|龍德苑A座,環角道",4653.079887931581,552.0,417.0,"{'bay_window': '', 'flat_roof': '', 'roof': '', 'ac_platform': '', 'plant_room': '', 'garden': '', 'yard': ''}",1.9,1.9,4556.0,4556.354916067146,7123100080016.0,2355554.0,ASP,HSL,赤柱,2000/08,2000.0,26.0,2,1.0,A,blank,LUNG TAK COURT,龍德苑,False,POINT Z (22.2200515 114.2086321 0),22.2200515,114.2086321
361,2008-01-21,"LUNG TAK COURT(Block A),CAPE RD|龍德苑A座,環角道",4599.119462580033,699.0,527.0,"{'bay_window': '', 'flat_roof': '', 'roof': '', 'ac_platform': '', 'plant_room': '', 'garden': '', 'yard': ''}",2.5,2.5,4744.0,4743.833017077799,8021201900153.0,2409111.0,ASP,HSL,赤柱,2000/08,2000.0,26.0,13,4.0,A,blank,LUNG TAK COURT,龍德苑,False,POINT Z (22.2200515 114.2086321 0),22.2200515,114.2086321
362,2008-08-18,"LUNG TAK COURT(Block A),CAPE RD|龍德苑A座,環角道",5859.356031173799,698.0,526.0,"{'bay_window': '', 'flat_roof': '', 'roof': '', 'ac_platform': '', 'plant_room': '', 'garden': '', 'yard': ''}",3.1,3.1,5894.0,5893.536121673003,8082501990022.0,2589650.0,ASP,HSL,赤柱,2000/08,2000.0,26.0,4,8.0,A,blank,LUNG TAK COURT,龍德苑,False,POINT Z (22.2200515 114.2086321 0),22.2200515,114.2086321
363,2008-10-02,"LUNG TAK COURT(Block A),CAPE RD|龍德苑A座,環角道",5145.40446167225,559.0,421.0,"{'bay_window': '', 'flat_roof': '', 'roof': '', 'ac_platform': '', 'plant_room': '', 'garden': '', 'yard': ''}",1.96,1.96,4656.0,4655.581947743468,8102002170125.0,2623807.0,ASP,HSL,赤柱,2000/08,2000.0,26.0,8,7.0,A,blank,LUNG TAK COURT,龍德苑,False,POINT Z (22.2200515 114.2086321 0),22.2200515,114.2086321
364,2009-02-04,"LUNG TAK COURT(Block A),CAPE RD|龍德苑A座,環角道",4988.536716621922,559.0,421.0,"{'bay_window': '', 'flat_roof': '', 'roof': '', 'ac_platform': '', 'plant_room': '', 'garden': '', 'yard': ''}",1.828,1.828,4342.0,4342.042755344418,9021702090084.0,2678745.0,ASP,HSL,赤柱,2000/08,2000.0,26.0,12,7.0,A,blank,LUNG TAK COURT,龍德苑,False,POINT Z (22.2200515 114.2086321 0),22.2200515,114.2086321
365,2009-04-27,"LUNG TAK COURT(Block A),CAPE RD|龍德苑A座,環角道",4802.945344790407,559.0,421.0,"{'bay_window': '', 'flat_roof': '', 'roof': '', 'ac_platform': '', 'plant_room': '', 'garden': '', 'yard': ''}",1.86,1.86,4418.0,4418.052256532066,9050601020028.0,2723268.0,ASP,HSL,赤柱,2000/08,2000.0,26.0,26,7.0,A,blank,LUNG TAK COURT,龍德苑,False,POINT Z (22.2200515 114.2086321 0),22.2200515,114.2086321
366,2009-05-07,"LUNG TAK COURT(Block A),CAPE RD|龍德苑A座,環角道",4798.917110206629,559.0,421.0,"{'bay_window': '', 'flat_roof': '', 'roof': '', 'ac_platform': '', 'plant_room': '', 'garden': '', 'yard': ''}",1.95,1.95,4632.0,4631.828978622328,9060101440014.0,2745377.0,ASP,HSL,赤柱,2000/08,2000.0,26.0,29,8.0,A,blank,LUNG TAK COURT,龍德苑,False,POINT Z (22.2200515 114.2086321 0),22.2200515,114.2086321
367,2009-05-27,"LUNG TAK COURT(Block A),CAPE RD|龍德苑A座,環角道",4183.671326846806,559.0,421.0,"{'bay_window': '', 'flat_roof': '', 'roof': '', 'ac_platform': '', 'plant_room': '', 'garden': '', 'yard': ''}",1.7,1.7,4038.0,4038.004750593824,9062401480014.0,2768722.0,ASP,HSL,赤柱,2000/08,2000.0,26.0,16,1.0,A,blank,LUNG TAK COURT,龍德苑,False,POINT Z (22.2200515 114.2086321 0),22.2200515,114.2086321
368,2009-06-19,"LUNG TAK COURT(Block A),CAPE RD|龍德苑A座,環角道",4802.7559539363165,699.0,527.0,"{'bay_window': '', 'flat_roof': '', 'roof': '', 'ac_platform': '', 'plant_room': '', 'garden': '', 'yard': ''}",2.58,2.58,4896.0,4895.635673624289,9062900480031.0,2774273.0,ASP,HSL,赤柱,2000/08,2000.0,26.0,6,1.0,A,blank,LUNG TAK COURT,龍德苑,False,POINT Z (22.2200515 114.2086321 0),22.2200515,114.2086321
369,2009-07-03,"LUNG TAK COURT(Block A),CAPE RD|龍德苑A座,環角道",4494.705301633202,698.0,526.0,"{'bay_window': '', 'flat_roof': '', 'roof': '', 'ac_platform': '', 'plant_room': '', 'garden': '', 'yard': ''}",2.45,2.45,4658.0,4657.794676806084,9072302360128.0,2798894.0,PRO-ASP,HSL,赤柱,2000/08,2000.0,26.0,21,7.0,A,blank,LUNG TAK COURT,龍德苑,False,POINT Z (22.2200515 114.2086321 0),22.2200515,114.2086321
370,2009-08-31,"LUNG TAK COURT(Block A),CAPE RD|龍德苑A座,環角道",4468.906607489276,283.0,214.0,"{'bay_window': '', 'flat_roof': '', 'roof': '', 'ac_platform': '', 'plant_room': '', 'garden': '', 'yard': ''}",1.0,1.0,4673.0,4672.897196261682,9091600960215.0,2855906.0,ASP,HSL,赤柱,2000/08,2000.0,26.0,18,3.0,A,blank,LUNG TAK COURT,龍德苑,False,POINT Z (22.2200515 114.2086321 0),22.2200515,114.2086321
371,2009-09-10,"LUNG TAK COURT(Block A),CAPE RD|龍德苑A座,環角道",4752.604701718878,559.0,421.0,"{'bay_window': '', 'flat_roof': '', 'roof': '', 'ac_platform': '', 'plant_room': '', 'garden': '', 'yard': ''}",2.16,2.16,5131.0,5130.641330166271,9092300870032.0,2863816.0,ASP,HSL,赤柱,2000/08,2000.0,26.0,11,4.0,A,blank,LUNG TAK COURT,龍德苑,False,POINT Z (22.2200515 114.2086321 0),22.2200515,114.2086321
372,2010-01-25,"LUNG TAK COURT(Block A),CAPE RD|龍德苑A座,環角道",4255.991209886,559.0,421.0,"{'bay_window': '', 'flat_roof': '', 'roof': '', 'ac_platform': '', 'plant_room': '', 'garden': '', 'yard': ''}",2.0,2.0,4751.0,4750.593824228028,10020902470239.0,2997495.0,ASP,HSL,赤柱,2000/08,2000.0,26.0,24,3.0,A,blank,LUNG TAK COURT,龍德苑,False,POINT Z (22.2200515 114.2086321 0),22.2200515,114.2086321
373,2010-04-28,"LUNG TAK COURT(Block A),CAPE RD|龍德苑A座,環角道",4740.77775194345,552.0,417.0,"{'bay_window': '', 'flat_roof': '', 'roof': '', 'ac_platform': '', 'plant_room': '', 'garden': '', 'yard': ''}",2.33,2.33,5588.0,5587.529976019185,10051102230072.0,3089054.0,ASP,HSL,赤柱,2000/08,2000.0,26.0,17,7.0,A,blank,LUNG TAK COURT,龍德苑,False,POINT Z (22.2200515 114.2086321 0),22.2200515,114.2086321
374,2010-04-21,"LUNG TAK COURT(Block A),CAPE RD|龍德苑A座,環角道",4635.274629065237,559.0,421.0,"{'bay_window': '', 'flat_roof': '', 'roof': '', 'ac_platform': '', 'plant_room': '', 'garden': '', 'yard': ''}",2.3,2.3,5463.0,5463.1828978622325,10051102340162.0,3089082.0,ASP,HSL,赤柱,2000/08,2000.0,26.0,12,2.0,A,blank,LUNG TAK COURT,龍德苑,False,POINT Z (22.2200515 114.2086321 0),22.2200515,114.2086321
375,2010-04-26,"LUNG TAK COURT(Block A),CAPE RD|龍德苑A座,環角道",4554.661157255407,559.0,421.0,"{'bay_window': '', 'flat_roof': '', 'roof': '', 'ac_platform': '', 'plant_room': '', 'garden': '', 'yard': ''}",2.26,2.26,5368.0,5368.171021377672,10051102340192.0,3089085.0,ASP,HSL,赤柱,2000/08,2000.0,26.0,29,3.0,A,blank,LUNG TAK COURT,龍德苑,False,POINT Z (22.2200515 114.2086321 0),22.2200515,114.2086321
376,2010-05-28,"LUNG TAK COURT(Block A),CAPE RD|龍德苑A座,環角道",4589.811353997132,559.0,421.0,"{'bay_window': '', 'flat_roof': '', 'roof': '', 'ac_platform': '', 'plant_room': '', 'garden': '', 'yard': ''}",2.3,2.3,5463.0,5463.1828978622325,10060301790023.0,3112954.0,ASP,HSL,赤柱,2000/08,2000.0,26.0,12,5.0,A,blank,LUNG TAK COURT,龍德苑,False,POINT Z (22.2200515 114.2086321 0),22.2200515,114.2086321
377,2010-06-08,"LUNG TAK COURT(Block A),CAPE RD|龍德苑A座,環角道",4538.685098760872,559.0,421.0,"{'bay_window': '', 'flat_roof': '', 'roof': '', 'ac_platform': '', 'plant_room': '', 'garden': '', 'yard': ''}",2.26,2.26,5368.0,5368.171021377672,10061401320048.0,3122088.0,ASP,HSL,赤柱,2000/08,2000.0,26.0,7,4.0,A,blank,LUNG TAK COURT,龍德苑,False,POINT Z (22.2200515 114.2086321 0),22.2200515,114.2086321
378,2010-09-21,"LUNG TAK COURT(Block A),CAPE RD|龍德苑A座,環角道",3618.23688693585,552.0,417.0,"{'bay_window': '', 'flat_roof': '', 'roof': '', 'ac_platform': '', 'plant_room': '', 'garden': '', 'yard': ''}",1.92,1.92,4604.0,4604.3165467625895,10100703050018.0,3248588.0,ASP,HSL,赤柱,2000/08,2000.0,26.0,2,0.0,A,blank,LUNG TAK COURT,龍德苑,False,POINT Z (22.2200515 114.2086321 0),22.2200515,114.2086321
379,2010-09-28,"LUNG TAK COURT(Block A),CAPE RD|龍德苑A座,環角道",4590.162522671612,283.0,214.0,"{'bay_window': '', 'flat_roof': '', 'roof': '', 'ac_platform': '', 'plant_room': '', 'garden': '', 'yard': ''}",1.25,1.25,5841.0,5841.121495327103,10102200500195.0,3264350.0,ASP,HSL,赤柱,2000/08,2000.0,26.0,1,2.0,A,blank,LUNG TAK COURT,龍德苑,False,POINT Z (22.2200515 114.2086321 0),22.2200515,114.2086321
380,2010-10-11,"LUNG TAK COURT(Block A),CAPE RD|龍德苑A座,環角道",4767.50166772727,559.0,421.0,"{'bay_window': '', 'flat_roof': '', 'roof': '', 'ac_platform': '', 'plant_room': '', 'garden': '', 'yard': ''}",2.588,2.588,6147.0,6147.268408551069,10110101490016.0,3275958.0,ASP,HSL,赤柱,2000/08,2000.0,26.0,7,10.0,A,blank,LUNG TAK COURT,龍德苑,False,POINT Z (22.2200515 114.2086321 0),22.2200515,114.2086321
381,2010-11-09,"LUNG TAK COURT(Block A),CAPE RD|龍德苑A座,環角道",4871.82780973837,698.0,526.0,"{'bay_window': '', 'flat_roof': '', 'roof': '', 'ac_platform': '', 'plant_room': '', 'garden': '', 'yard': ''}",3.35,3.35,6369.0,6368.821292775666,10111900340014.0,3301330.0,ASP,HSL,赤柱,2000/08,2000.0,26.0,4,0.0,A,blank,LUNG TAK COURT,龍德苑,False,POINT Z (22.2200515 114.2086321 0),22.2200515,114.2086321
382,2010-10-29,"LUNG TAK COURT(Block A),CAPE RD|龍德苑A座,環角道",5661.795223431495,698.0,526.0,"{'bay_window': '', 'flat_roof': '', 'roof': '', 'ac_platform': '', 'plant_room': '', 'garden': '', 'yard': ''}",3.84,3.84,7300.0,7300.380228136883,10112502960037.0,3307181.0,ASP,HSL,赤柱,2000/08,2000.0,26.0,4,7.0,A,blank,LUNG TAK COURT,龍德苑,False,POINT Z (22.2200515 114.2086321 0),22.2200515,114.2086321
383,2010-10-28,"LUNG TAK COURT(Block A),CAPE RD|龍德苑A座,環角道",4783.7539665266695,283.0,214.0,"{'bay_window': '', 'flat_roof': '', 'roof': '', 'ac_platform': '', 'plant_room': '', 'garden': '', 'yard': ''}",1.32,1.32,6168.0,6168.22429906542,10112603370073.0,3309152.0,ASP,HSL,赤柱,2000/08,2000.0,26.0,18,8.0,A,blank,LUNG TAK COURT,龍德苑,False,POINT Z (22.2200515 114.2086321 0),22.2200515,114.2086321
384,2010-11-17,"LUNG TAK COURT(Block A),CAPE RD|龍德苑A座,環角道",5361.796822267504,283.0,214.0,"{'bay_window': '', 'flat_roof': '', 'roof': '', 'ac_platform': '', 'plant_room': '', 'garden': '', 'yard': ''}",1.5,1.5,7009.0,7009.345794392523,10112902060018.0,3311262.0,ASP,HSL,赤柱,2000/08,2000.0,26.0,18,2.0,A,blank,LUNG TAK COURT,龍德苑,False,POINT Z (22.2200515 114.2086321 0),22.2200515,114.2086321
385,2010-12-20,"LUNG TAK COURT(Block A),CAPE RD|龍德苑A座,環角道",3038.499636476988,559.0,421.0,"{'bay_window': '', 'flat_roof': '', 'roof': '', 'ac_platform': '', 'plant_room': '', 'garden': '', 'yard': ''}",1.68,1.68,3990.0,3990.498812351544,10122800110429.0,3342028.0,ASP,HSL,赤柱,2000/08,2000.0,26.0,11,5.0,A,blank,LUNG TAK COURT,龍德苑,False,POINT Z (22.2200515 114.2086321 0),22.2200515,114.2086321
386,2011-02-28,"LUNG TAK COURT(Block A),CAPE RD|龍德苑A座,環角道",5226.738801786605,283.0,214.0,"{'bay_window': '', 'flat_roof': '', 'roof': '', 'ac_platform': '', 'plant_room': '', 'garden': '', 'yard': ''}",1.58,1.58,7383.0,7383.177570093458,11031000340058.0,3410603.0,ASP,HSL,赤柱,2000/08,2000.0,26.0,18,4.0,A,blank,LUNG TAK COURT,龍德苑,False,POINT Z (22.2200515 114.2086321 0),22.2200515,114.2086321
387,2011-03-04,"LUNG TAK COURT(Block A),CAPE RD|龍德苑A座,環角道",4643.311089032961,559.0,421.0,"{'bay_window': '', 'flat_roof': '', 'roof': '', 'ac_platform': '', 'plant_room': '', 'garden': '', 'yard': ''}",2.84,2.84,6746.0,6745.843230403801,11032400330171.0,3425498.0,ASP,HSL,赤柱,2000/08,2000.0,26.0,25,5.0,A,blank,LUNG TAK COURT,龍德苑,False,POINT Z (22.2200515 114.2086321 0),22.2200515,114.2086321
388,2011-03-18,"LUNG TAK COURT(Block A),CAPE RD|龍德苑A座,環角道",4218.21922876938,559.0,421.0,"{'bay_window': '', 'flat_roof': '', 'roof': '', 'ac_platform': '', 'plant_room': '', 'garden': '', 'yard': ''}",2.58,2.58,6128.0,6128.266033254156,11040402880018.0,3437000.0,ASP,HSL,赤柱,2000/08,2000.0,26.0,7,0.0,A,blank,LUNG TAK COURT,龍德苑,False,POINT Z (22.2200515 114.2086321 0),22.2200515,114.2086321
389,2011-03-30,"LUNG TAK COURT(Block A),CAPE RD|龍德苑A座,環角道",4872.206706097966,559.0,421.0,"{'bay_window': '', 'flat_roof': '', 'roof': '', 'ac_platform': '', 'plant_room': '', 'garden': '', 'yard': ''}",2.98,2.98,7078.0,7078.3847980997625,11041902480064.0,3450788.0,ASP,HSL,赤柱,2000/08,2000.0,26.0,8,7.0,A,blank,LUNG TAK COURT,龍德苑,False,POINT Z (22.2200515 114.2086321 0),22.2200515,114.2086321
390,2011-06-24,"LUNG TAK COURT(Block A),CAPE RD|龍德苑A座,環角道",4661.247584273917,283.0,214.0,"{'bay_window': '', 'flat_roof': '', 'roof': '', 'ac_platform': '', 'plant_room': '', 'garden': '', 'yard': ''}",1.5,1.5,7009.0,7009.345794392523,11070600080044.0,3523517.0,ASP,HSL,赤柱,2000/08,2000.0,26.0,18,0.0,A,blank,LUNG TAK COURT,龍德苑,False,POINT Z (22.2200515 114.2086321 0),22.2200515,114.2086321
391,2011-06-19,"LUNG TAK COURT(Block A),CAPE RD|龍德苑A座,環角道",5624.57208502386,283.0,214.0,"{'bay_window': '', 'flat_roof': '', 'roof': '', 'ac_platform': '', 'plant_room': '', 'garden': '', 'yard': ''}",1.81,1.81,8458.0,8457.943925233645,11071400270084.0,3529128.0,PRO-ASP,HSL,赤柱,2000/08,2000.0,26.0,1,2.0,A,blank,LUNG TAK COURT,龍德苑,False,POINT Z (22.2200515 114.2086321 0),22.2200515,114.2086321
392,2011-08-18,"LUNG TAK COURT(Block A),CAPE RD|龍德苑A座,環角道",4431.539439457314,559.0,421.0,"{'bay_window': '', 'flat_roof': '', 'roof': '', 'ac_platform': '', 'plant_room': '', 'garden': '', 'yard': ''}",2.83,2.83,6722.0,6722.09026128266,11082600030041.0,3560590.0,ASP,HSL,赤柱,2000/08,2000.0,26.0,15,1.0,A,blank,LUNG TAK COURT,龍德苑,False,POINT Z (22.2200515 114.2086321 0),22.2200515,114.2086321
393,2012-01-12,"LUNG TAK COURT(Block A),CAPE RD|龍德苑A座,環角道",5078.782584084424,698.0,526.0,"{'bay_window': '', 'flat_roof': '', 'roof': '', 'ac_platform': '', 'plant_room': '', 'garden': '', 'yard': ''}",3.8,3.8,7224.0,7224.334600760456,12011600670023.0,3638176.0,ASP,HSL,赤柱,2000/08,2000.0,26.0,3,0.0,A,blank,LUNG TAK COURT,龍德苑,False,POINT Z (22.2200515 114.2086321 0),22.2200515,114.2086321
394,2012-02-22,"LUNG TAK COURT(Block A),CAPE RD|龍德苑A座,環角道",4496.540703048031,559.0,421.0,"{'bay_window': '', 'flat_roof': '', 'roof': '', 'ac_platform': '', 'plant_room': '', 'garden': '', 'yard': ''}",2.75,2.75,6532.0,6532.066508313539,12030500890017.0,3658382.0,ASP,HSL,赤柱,2000/08,2000.0,26.0,12,4.0,A,blank,LUNG TAK COURT,龍德苑,False,POINT Z (22.2200515 114.2086321 0),22.2200515,114.2086321
395,2012-03-29,"LUNG TAK COURT(Block A),CAPE RD|龍德苑A座,環角道",4826.457536308591,559.0,421.0,"{'bay_window': '', 'flat_roof': '', 'roof': '', 'ac_platform': '', 'plant_room': '', 'garden': '', 'yard': ''}",3.08,3.08,7316.0,7315.914489311164,12041100230085.0,3684214.0,ASP,HSL,赤柱,2000/08,2000.0,26.0,24,3.0,A,blank,LUNG TAK COURT,龍德苑,False,POINT Z (22.2200515 114.2086321 0),22.2200515,114.2086321
396,2012-03-19,"LUNG TAK COURT(Block A),CAPE RD|龍德苑A座,環角道",4857.798169661244,559.0,421.0,"{'bay_window': '', 'flat_roof': '', 'roof': '', 'ac_platform': '', 'plant_room': '', 'garden': '', 'yard': ''}",3.1,3.1,7363.0,7363.420427553444,12041200310097.0,3685319.0,ASP,HSL,赤柱,2000/08,2000.0,26.0,15,6.0,A,blank,LUNG TAK COURT,龍德苑,False,POINT Z (22.2200515 114.2086321 0),22.2200515,114.2086321
397,2012-04-02,"LUNG TAK COURT(Block A),CAPE RD|龍德苑A座,環角道",4577.786079158743,559.0,421.0,"{'bay_window': '', 'flat_roof': '', 'roof': '', 'ac_platform': '', 'plant_room': '', 'garden': '', 'yard': ''}",3.05,3.05,7245.0,7244.655581947743,12042702090126.0,3698114.0,ASP,HSL,赤柱,2000/08,2000.0,26.0,7,1.0,A,blank,LUNG TAK COURT,龍德苑,False,POINT Z (22.2200515 114.2086321 0),22.2200515,114.2086321
398,2012-05-14,"LUNG TAK COURT(Block A),CAPE RD|龍德苑A座,環角道",5132.844509565239,698.0,526.0,"{'bay_window': '', 'flat_roof': '', 'roof': '', 'ac_platform': '', 'plant_room': '', 'garden': '', 'yard': ''}",4.3,4.3,8175.0,8174.90494296578,12061202620041.0,3734648.0,ASP,HSL,赤柱,2000/08,2000.0,26.0,21,8.0,A,blank,LUNG TAK COURT,龍德苑,False,POINT Z (22.2200515 114.2086321 0),22.2200515,114.2086321
399,2012-07-20,"LUNG TAK COURT(Block A),CAPE RD|龍德苑A座,環角道",4870.691705411277,559.0,421.0,"{'bay_window': '', 'flat_roof': '', 'roof': '', 'ac_platform': '', 'plant_room': '', 'garden': '', 'yard': ''}",3.32,3.32,7886.0,7885.985748218527,12073002390071.0,3768428.0,ASP,HSL,赤柱,2000/08,2000.0,26.0,7,7.0,A,blank,LUNG TAK COURT,龍德苑,False,POINT Z (22.2200515 114.2086321 0),22.2200515,114.2086321
400,2013-03-01,"LUNG TAK COURT(Block A),CAPE RD|龍德苑A座,環角道",5056.769324090549,552.0,417.0,"{'bay_window': '', 'flat_roof': '', 'roof': '', 'ac_platform': '', 'plant_room': '', 'garden': '', 'yard': ''}",3.9,3.9,9353.0,9352.51798561151,13032102450010.0,3952184.0,ASP,HSL,赤柱,2000/08,2000.0,26.0,2,0.0,A,blank,LUNG TAK COURT,龍德苑,False,POINT Z (22.2200515 114.2086321 0),22.2200515,114.2086321
401,2013-09-06,"LUNG TAK COURT(Block A),CAPE RD|龍德苑A座,環角道",5259.232015578805,559.0,421.0,"{'bay_window': '', 'flat_roof': '', 'roof': '', 'ac_platform': '', 'plant_room': '', 'garden': '', 'yard': ''}",4.0,4.0,9501.0,9501.187648456056,13092401160012.0,4036637.0,ASP,HSL,赤柱,2000/08,2000.0,26.0,7,5.0,A,blank,LUNG TAK COURT,龍德苑,False,POINT Z (22.2200515 114.2086321 0),22.2200515,114.2086321
402,2014-02-13,"LUNG TAK COURT(Block A),CAPE RD|龍德苑A座,環角道",4190.682459543436,552.0,417.0,"{'bay_window': '', 'flat_roof': '', 'roof': '', 'ac_platform': '', 'plant_room': '', 'garden': '', 'yard': ''}",3.128,3.128,7501.0,7501.199040767386,14030500270019.0,4105762.0,PRO-ASP,HSL,赤柱,2000/08,2000.0,26.0,17,0.0,A,blank,LUNG TAK COURT,龍德苑,False,POINT Z (22.2200515 114.2086321 0),22.2200515,114.2086321
403,2014-02-14,"LUNG TAK COURT(Block A),CAPE RD|龍德苑A座,環角道",5671.490796914465,699.0,527.0,"{'bay_window': '', 'flat_roof': '', 'roof': '', 'ac_platform': '', 'plant_room': '', 'garden': '', 'yard': ''}",5.35,5.35,10152.0,10151.80265654649,14030501250044.0,4105269.0,ASP,HSL,赤柱,2000/08,2000.0,26.0,22,6.0,A,blank,LUNG TAK COURT,龍德苑,False,POINT Z (22.2200515 114.2086321 0),22.2200515,114.2086321
404,2014-06-10,"LUNG TAK COURT(Block A),CAPE RD|龍德苑A座,環角道",4869.454106198303,698.0,526.0,"{'bay_window': '', 'flat_roof': '', 'roof': '', 'ac_platform': '', 'plant_room': '', 'garden': '', 'yard': ''}",4.68,4.68,8897.0,8897.338403041826,14061700250152.0,4151877.0,ASP,HSL,赤柱,2000/08,2000.0,26.0,4,0.0,A,blank,LUNG TAK COURT,龍德苑,False,POINT Z (22.2200515 114.2086321 0),22.2200515,114.2086321
405,2014-06-27,"LUNG TAK COURT(Block A),CAPE RD|龍德苑A座,環角道",3406.303937925448,699.0,527.0,"{'bay_window': '', 'flat_roof': '', 'roof': '', 'ac_platform': '', 'plant_room': '', 'garden': '', 'yard': ''}",3.28,3.28,6224.0,6223.908918406072,14070800370288.0,4163102.0,ASP,HSL,赤柱,2000/08,2000.0,26.0,22,4.0,A,blank,LUNG TAK COURT,龍德苑,False,POINT Z (22.2200515 114.2086321 0),22.2200515,114.2086321
406,2014-09-02,"LUNG TAK COURT(Block A),CAPE RD|龍德苑A座,環角道",3379.6362918341165,698.0,526.0,"{'bay_window': '', 'flat_roof': '', 'roof': '', 'ac_platform': '', 'plant_room': '', 'garden': '', 'yard': ''}",3.45,3.45,6559.0,6558.93536121673,14091900230241.0,4206268.0,ASP,HSL,赤柱,2000/08,2000.0,26.0,27,8.0,A,blank,LUNG TAK COURT,龍德苑,False,POINT Z (22.2200515 114.2086321 0),22.2200515,114.2086321
407,2014-09-22,"LUNG TAK COURT(Block A),CAPE RD|龍德苑A座,環角道",3197.229059582827,699.0,527.0,"{'bay_window': '', 'flat_roof': '', 'roof': '', 'ac_platform': '', 'plant_room': '', 'garden': '', 'yard': ''}",3.27,3.27,6205.0,6204.933586337761,14092500680158.0,4210182.0,ASP,HSL,赤柱,2000/08,2000.0,26.0,13,7.0,A,blank,LUNG TAK COURT,龍德苑,False,POINT Z (22.2200515 114.2086321 0),22.2200515,114.2086321
408,2014-08-29,"LUNG TAK COURT(Block A),CAPE RD|龍德苑A座,環角道",4916.573917790232,559.0,421.0,"{'bay_window': '', 'flat_roof': '', 'roof': '', 'ac_platform': '', 'plant_room': '', 'garden': '', 'yard': ''}",3.95,3.95,9382.0,9382.422802850357,14092600490076.0,4211257.0,ASP,HSL,赤柱,2000/08,2000.0,26.0,16,1.0,A,blank,LUNG TAK COURT,龍德苑,False,POINT Z (22.2200515 114.2086321 0),22.2200515,114.2086321
409,2015-02-02,"LUNG TAK COURT(Block A),CAPE RD|龍德苑A座,環角道",3508.6764471213937,699.0,527.0,"{'bay_window': '', 'flat_roof': '', 'roof': '', 'ac_platform': '', 'plant_room': '', 'garden': '', 'yard': ''}",3.78,3.78,7173.0,7172.675521821632,15021000460523.0,4294246.0,ASP,HSL,赤柱,2000/08,2000.0,26.0,23,7.0,A,blank,LUNG TAK COURT,龍德苑,False,POINT Z (22.2200515 114.2086321 0),22.2200515,114.2086321
410,2015-02-17,"LUNG TAK COURT(Block A),CAPE RD|龍德苑A座,環角道",3573.6519368829013,699.0,527.0,"{'bay_window': '', 'flat_roof': '', 'roof': '', 'ac_platform': '', 'plant_room': '', 'garden': '', 'yard': ''}",3.85,3.85,7306.0,7305.502846299811,15022601920131.0,4305418.0,ASP,HSL,赤柱,2000/08,2000.0,26.0,6,7.0,A,blank,LUNG TAK COURT,龍德苑,False,POINT Z (22.2200515 114.2086321 0),22.2200515,114.2086321
411,2015-03-15,"LUNG TAK COURT(Block A),CAPE RD|龍德苑A座,環角道",5415.815005486647,698.0,526.0,"{'bay_window': '', 'flat_roof': '', 'roof': '', 'ac_platform': '', 'plant_room': '', 'garden': '', 'yard': ''}",5.88,5.88,11179.0,11178.7072243346,15040802070097.0,4326472.0,PRO-ASP,HSL,赤柱,2000/08,2000.0,26.0,20,7.0,A,blank,LUNG TAK COURT,龍德苑,False,POINT Z (22.2200515 114.2086321 0),22.2200515,114.2086321
412,2015-06-12,"LUNG TAK COURT(Block A),CAPE RD|龍德苑A座,環角道",4417.110972344437,698.0,526.0,"{'bay_window': '', 'flat_roof': '', 'roof': '', 'ac_platform': '', 'plant_room': '', 'garden': '', 'yard': ''}",4.8,4.8,9125.0,9125.475285171102,15062602490013.0,4374697.0,MEM-ASP,HSL,赤柱,2000/08,2000.0,26.0,4,5.0,A,blank,LUNG TAK COURT,龍德苑,False,POINT Z (22.2200515 114.2086321 0),22.2200515,114.2086321
413,2015-07-27,"LUNG TAK COURT(Block A),CAPE RD|龍德苑A座,環角道",4871.626229950219,552.0,417.0,"{'bay_window': '', 'flat_roof': '', 'roof': '', 'ac_platform': '', 'plant_room': '', 'garden': '', 'yard': ''}",4.298,4.298,10307.0,10306.95443645084,15080300150014.0,4394130.0,ASP,HSL,赤柱,2000/08,2000.0,26.0,17,0.0,A,blank,LUNG TAK COURT,龍德苑,False,POINT Z (22.2200515 114.2086321 0),22.2200515,114.2086321
414,2015-09-18,"LUNG TAK COURT(Block A),CAPE RD|龍德苑A座,環角道",3471.8676922094583,698.0,526.0,"{'bay_window': '', 'flat_roof': '', 'roof': '', 'ac_platform': '', 'plant_room': '', 'garden': '', 'yard': ''}",3.83,3.83,7281.0,7281.368821292775,15092900380022.0,4421814.0,ASP,HSL,赤柱,2000/08,2000.0,26.0,21,5.0,A,blank,LUNG TAK COURT,龍德苑,False,POINT Z (22.2200515 114.2086321 0),22.2200515,114.2086321
415,2015-11-16,"LUNG TAK COURT(Block A),CAPE RD|龍德苑A座,環角道",5172.032339066855,552.0,417.0,"{'bay_window': '', 'flat_roof': '', 'roof': '', 'ac_platform': '', 'plant_room': '', 'garden': '', 'yard': ''}",4.505,4.505,10803.0,10803.35731414868,15112301160014.0,4443699.0,ASP,HSL,赤柱,2000/08,2000.0,26.0,17,7.0,A,blank,LUNG TAK COURT,龍德苑,False,POINT Z (22.2200515 114.2086321 0),22.2200515,114.2086321
416,2016-03-24,"LUNG TAK COURT(Block A),CAPE RD|龍德苑A座,環角道",4630.055434632763,559.0,421.0,"{'bay_window': '', 'flat_roof': '', 'roof': '', 'ac_platform': '', 'plant_room': '', 'garden': '', 'yard': ''}",3.75,3.75,8907.0,8907.363420427553,16040701820064.0,4492040.0,ASP,HSL,赤柱,2000/08,2000.0,26.0,7,1.0,A,blank,LUNG TAK COURT,龍德苑,False,POINT Z (22.2200515 114.2086321 0),22.2200515,114.2086321
417,2016-06-13,"LUNG TAK COURT(Block A),CAPE RD|龍德苑A座,環角道",5224.79962299665,559.0,421.0,"{'bay_window': '', 'flat_roof': '', 'roof': '', 'ac_platform': '', 'plant_room': '', 'garden': '', 'yard': ''}",4.23,4.23,10048.0,10047.50593824228,16062101320022.0,4521981.0,ASP,HSL,赤柱,2000/08,2000.0,26.0,24,3.0,A,blank,LUNG TAK COURT,龍德苑,False,POINT Z (22.2200515 114.2086321 0),22.2200515,114.2086321
418,2016-07-21,"LUNG TAK COURT(Block A),CAPE RD|龍德苑A座,環角道",3476.577945295434,699.0,527.0,"{'bay_window': '', 'flat_roof': '', 'roof': '', 'ac_platform': '', 'plant_room': '', 'garden': '', 'yard': ''}",3.6,3.6,6831.0,6831.11954459203,16072802240320.0,4538508.0,ASP,HSL,赤柱,2000/08,2000.0,26.0,14,6.0,A,blank,LUNG TAK COURT,龍德苑,False,POINT Z (22.2200515 114.2086321 0),22.2200515,114.2086321
419,2016-09-15,"LUNG TAK COURT(Block A),CAPE RD|龍德苑A座,環角道",3157.093051605568,839.0,632.0,"{'bay_window': '', 'flat_roof': '', 'roof': '', 'ac_platform': '', 'plant_room': '', 'garden': '', 'yard': ''}",4.15,4.15,6566.0,6566.455696202533,16092601620037.0,4566176.0,ASP,HSL,赤柱,2000/08,2000.0,26.0,9,3.0,A,blank,LUNG TAK COURT,龍德苑,False,POINT Z (22.2200515 114.2086321 0),22.2200515,114.2086321
420,2016-10-07,"LUNG TAK COURT(Block A),CAPE RD|龍德苑A座,環角道",4704.329111401041,559.0,421.0,"{'bay_window': '', 'flat_roof': '', 'roof': '', 'ac_platform': '', 'plant_room': '', 'garden': '', 'yard': ''}",4.225,4.225,10036.0,10035.62945368171,16101701590124.0,4579629.0,ASP,HSL,赤柱,2000/08,2000.0,26.0,15,1.0,A,blank,LUNG TAK COURT,龍德苑,False,POINT Z (22.2200515 114.2086321 0),22.2200515,114.2086321
421,2016-11-09,"LUNG TAK COURT(Block A),CAPE RD|龍德苑A座,環角道",4177.033571992425,699.0,527.0,"{'bay_window': '', 'flat_roof': '', 'roof': '', 'ac_platform': '', 'plant_room': '', 'garden': '', 'yard': ''}",4.65,4.65,8824.0,8823.529411764706,16112401820011.0,4603335.0,ASP,HSL,赤柱,2000/08,2000.0,26.0,6,0.0,A,blank,LUNG TAK COURT,龍德苑,False,POINT Z (22.2200515 114.2086321 0),22.2200515,114.2086321
422,2017-09-22,"LUNG TAK COURT(Block A),CAPE RD|龍德苑A座,環角道",5071.190880453353,559.0,421.0,"{'bay_window': '', 'flat_roof': '', 'roof': '', 'ac_platform': '', 'plant_room': '', 'garden': '', 'yard': ''}",4.88,4.88,11591.0,11591.448931116389,17101100660065.0,5230054.0,ASP,HSL,赤柱,2000/08,2000.0,26.0,16,1.0,A,blank,LUNG TAK COURT,龍德苑,False,POINT Z (22.2200515 114.2086321 0),22.2200515,114.2086321
423,2017-11-14,"LUNG TAK COURT(Block A),CAPE RD|龍德苑A座,環角道",5065.304705706718,559.0,421.0,"{'bay_window': '', 'flat_roof': '', 'roof': '', 'ac_platform': '', 'plant_room': '', 'garden': '', 'yard': ''}",4.9,4.9,11639.0,11638.95486935867,17121101470045.0,5263306.0,PRO-ASP,HSL,赤柱,2000/08,2000.0,26.0,7,2.0,A,blank,LUNG TAK COURT,龍德苑,False,POINT Z (22.2200515 114.2086321 0),22.2200515,114.2086321
424,2018-02-26,"LUNG TAK COURT(Block A),CAPE RD|龍德苑A座,環角道",4638.714547706741,698.0,526.0,"{'bay_window': '', 'flat_roof': '', 'roof': '', 'ac_platform': '', 'plant_room': '', 'garden': '', 'yard': ''}",5.98,5.98,11369.0,11368.821292775663,18031300890329.0,5317794.0,ASP,HSL,赤柱,2000/08,2000.0,26.0,4,0.0,A,blank,LUNG TAK COURT,龍德苑,False,POINT Z (22.2200515 114.2086321 0),22.2200515,114.2086321
425,2018-05-28,"LUNG TAK COURT(Block A),CAPE RD|龍德苑A座,環角道",4704.736781293328,559.0,421.0,"{'bay_window': '', 'flat_roof': '', 'roof': '', 'ac_platform': '', 'plant_room': '', 'garden': '', 'yard': ''}",5.0,5.0,11876.0,11876.484560570072,18060600900258.0,5370018.0,ASP,HSL,赤柱,2000/08,2000.0,26.0,24,8.0,A,blank,LUNG TAK COURT,龍德苑,False,POINT Z (22.2200515 114.2086321 0),22.2200515,114.2086321
426,2018-06-26,"LUNG TAK COURT(Block A),CAPE RD|龍德苑A座,環角道",5986.843902900928,283.0,214.0,"{'bay_window': '', 'flat_roof': '', 'roof': '', 'ac_platform': '', 'plant_room': '', 'garden': '', 'yard': ''}",3.3,3.3,15421.0,15420.56074766355,18071602250110.0,5396481.0,MEM-ASP,HSL,赤柱,2000/08,2000.0,26.0,1,4.0,A,blank,LUNG TAK COURT,龍德苑,False,POINT Z (22.2200515 114.2086321 0),22.2200515,114.2086321
427,2018-08-22,"LUNG TAK COURT(Block A),CAPE RD|龍德苑A座,環角道",4872.507516429945,839.0,632.0,"{'bay_window': '', 'flat_roof': '', 'roof': '', 'ac_platform': '', 'plant_room': '', 'garden': '', 'yard': ''}",8.08,8.08,12785.0,12784.81012658228,18082800150063.0,5421443.0,ASP,HSL,赤柱,2000/08,2000.0,26.0,9,7.0,A,blank,LUNG TAK COURT,龍德苑,False,POINT Z (22.2200515 114.2086321 0),22.2200515,114.2086321
428,2018-10-16,"LUNG TAK COURT(Block A),CAPE RD|龍德苑A座,環角道",4621.701438982367,552.0,417.0,"{'bay_window': '', 'flat_roof': '', 'roof': '', 'ac_platform': '', 'plant_room': '', 'garden': '', 'yard': ''}",5.0,5.0,11990.0,11990.407673860913,18103101550132.0,5453812.0,ASP,HSL,赤柱,2000/08,2000.0,26.0,17,0.0,A,blank,LUNG TAK COURT,龍德苑,False,POINT Z (22.2200515 114.2086321 0),22.2200515,114.2086321
429,2019-04-17,"LUNG TAK COURT(Block A),CAPE RD|龍德苑A座,環角道",5204.827126620197,552.0,417.0,"{'bay_window': '', 'flat_roof': '', 'roof': '', 'ac_platform': '', 'plant_room': '', 'garden': '', 'yard': ''}",5.6,5.6,13429.0,13429.25659472422,19051500580038.0,5543484.0,PRO-ASP,HSL,赤柱,2000/08,2000.0,26.0,17,0.0,A,blank,LUNG TAK COURT,龍德苑,False,POINT Z (22.2200515 114.2086321 0),22.2200515,114.2086321
430,2019-07-08,"LUNG TAK COURT(Block A),CAPE RD|龍德苑A座,環角道",5309.164733225348,559.0,421.0,"{'bay_window': '', 'flat_roof': '', 'roof': '', 'ac_platform': '', 'plant_room': '', 'garden': '', 'yard': ''}",5.9,5.9,14014.0,14014.251781472683,19072301310020.0,5585843.0,ASP,HSL,赤柱,2000/08,2000.0,26.0,7,1.0,A,blank,LUNG TAK COURT,龍德苑,False,POINT Z (22.2200515 114.2086321 0),22.2200515,114.2086321
431,2020-03-07,"LUNG TAK COURT(Block A),CAPE RD|龍德苑A座,環角道",6547.460404291897,283.0,214.0,"{'bay_window': '', 'flat_roof': '', 'roof': '', 'ac_platform': '', 'plant_room': '', 'garden': '', 'yard': ''}",3.58,3.58,16729.0,16728.971962616823,20040200830010.0,5691612.0,PRO-ASP,HSL,赤柱,2000/08,2000.0,26.0,1,8.0,A,blank,LUNG TAK COURT,龍德苑,False,POINT Z (22.2200515 114.2086321 0),22.2200515,114.2086321
432,2020-10-12,"LUNG TAK COURT(Block A),CAPE RD|龍德苑A座,環角道",5922.729041428893,283.0,214.0,"{'bay_window': '', 'flat_roof': '', 'roof': '', 'ac_platform': '', 'plant_room': '', 'garden': '', 'yard': ''}",3.2,3.2,14953.0,14953.271028037385,20110200180119.0,5798121.0,ASP,HSL,赤柱,2000/08,2000.0,26.0,1,4.0,A,blank,LUNG TAK COURT,龍德苑,False,POINT Z (22.2200515 114.2086321 0),22.2200515,114.2086321
433,2021-07-27,"LUNG TAK COURT(Block A),CAPE RD|龍德苑A座,環角道",3485.6888002955898,559.0,421.0,"{'bay_window': '', 'flat_roof': '', 'roof': '', 'ac_platform': '', 'plant_room': '', 'garden': '', 'yard': ''}",3.83,3.83,9097.0,9097.387173396675,21080301350020.0,5969721.0,ASP,HSL,赤柱,2000/08,2000.0,26.0,25,1.0,A,blank,LUNG TAK COURT,龍德苑,False,POINT Z (22.2200515 114.2086321 0),22.2200515,114.2086321
434,2021-08-23,"LUNG TAK COURT(Block A),CAPE RD|龍德苑A座,環角道",5451.433597803681,698.0,526.0,"{'bay_window': '', 'flat_roof': '', 'roof': '', 'ac_platform': '', 'plant_room': '', 'garden': '', 'yard': ''}",7.4,7.4,14068.0,14068.441064638784,21090601910065.0,5992504.0,ASP,HSL,赤柱,2000/08,2000.0,26.0,4,4.0,A,blank,LUNG TAK COURT,龍德苑,False,POINT Z (22.2200515 114.2086321 0),22.2200515,114.2086321
435,2021-10-07,"LUNG TAK COURT(Block A),CAPE RD|龍德苑A座,環角道",3524.32772171472,283.0,214.0,"{'bay_window': '', 'flat_roof': '', 'roof': '', 'ac_platform': '', 'plant_room': '', 'garden': '', 'yard': ''}",1.95,1.95,9112.0,9112.14953271028,21101200170048.0,6016177.0,ASP,HSL,赤柱,2000/08,2000.0,26.0,1,7.0,A,blank,LUNG TAK COURT,龍德苑,False,POINT Z (22.2200515 114.2086321 0),22.2200515,114.2086321
436,2022-11-08,"LUNG TAK COURT(Block A),CAPE RD|龍德苑A座,環角道",3704.36018807354,559.0,421.0,"{'bay_window': '', 'flat_roof': '', 'roof': '', 'ac_platform': '', 'plant_room': '', 'garden': '', 'yard': ''}",3.38,3.38,8029.0,8028.503562945368,22111101040027.0,6202872.0,ASP,HSL,赤柱,2000/08,2000.0,26.0,8,6.0,A,blank,LUNG TAK COURT,龍德苑,False,POINT Z (22.2200515 114.2086321 0),22.2200515,114.2086321
437,2024-01-17,"LUNG TAK COURT(Block A),CAPE RD|龍德苑A座,環角道",5200.842231472553,559.0,421.0,"{'bay_window': '', 'flat_roof': '', 'roof': '', 'ac_platform': '', 'plant_room': '', 'garden': '', 'yard': ''}",4.15,4.15,9857.0,9857.48218527316,24030701450018.0,6389662.0,MEM-ASP,HSL,赤柱,2000/08,2000.0,26.0,7,3.0,A,blank,LUNG TAK COURT,龍德苑,False,POINT Z (22.2200515 114.2086321 0),22.2200515,114.2086321
438,2024-03-27,"LUNG TAK COURT(Block A),CAPE RD|龍德苑A座,環角道",3464.755221134279,698.0,526.0,"{'bay_window': '', 'flat_roof': '', 'roof': '', 'ac_platform': '', 'plant_room': '', 'garden': '', 'yard': ''}",3.58,3.58,6806.0,6806.083650190114,24040900340040.0,6402901.0,ASP,HSL,赤柱,2000/08,2000.0,26.0,21,9.0,A,blank,LUNG TAK COURT,龍德苑,False,POINT Z (22.2200515 114.2086321 0),22.2200515,114.2086321
439,2024-04-17,"LUNG TAK COURT(Block A),CAPE RD|龍德苑A座,環角道",4605.207467881021,559.0,421.0,"{'bay_window': '', 'flat_roof': '', 'roof': '', 'ac_platform': '', 'plant_room': '', 'garden': '', 'yard': ''}",3.8,3.8,9026.0,9026.128266033254,24050800450075.0,6419565.0,ASP,HSL,赤柱,2000/08,2000.0,26.0,16,0.0,A,blank,LUNG TAK COURT,龍德苑,False,POINT Z (22.2200515 114.2086321 0),22.2200515,114.2086321
440,2024-12-17,"LUNG TAK COURT(Block A),CAPE RD|龍德苑A座,環角道",3599.7263851875987,698.0,526.0,"{'bay_window': '', 'flat_roof': '', 'roof': '', 'ac_platform': '', 'plant_room': '', 'garden': '', 'yard': ''}",3.45,3.45,6559.0,6558.93536121673,24122401020075.0,6522224.0,ASP,HSL,赤柱,2000/08,2000.0,26.0,3,6.0,A,blank,LUNG TAK COURT,龍德苑,False,POINT Z (22.2200515 114.2086321 0),22.2200515,114.2086321
441,2025-01-06,"LUNG TAK COURT(Block A),CAPE RD|龍德苑A座,環角道",5116.689620097068,559.0,421.0,"{'bay_window': '', 'flat_roof': '', 'roof': '', 'ac_platform': '', 'plant_room': '', 'garden': '', 'yard': ''}",3.9,3.9,9264.0,9263.657957244655,25020401260011.0,6537963.0,PRO-ASP,HSL,赤柱,2000/08,2000.0,26.0,7,7.0,A,blank,LUNG TAK COURT,龍德苑,False,POINT Z (22.2200515 114.2086321 0),22.2200515,114.2086321
442,2025-06-30,"LUNG TAK COURT(Block A),CAPE RD|龍德苑A座,環角道",5168.073490028288,559.0,421.0,"{'bay_window': '', 'flat_roof': '', 'roof': '', 'ac_platform': '', 'plant_room': '', 'garden': '', 'yard': ''}",3.9,3.9,9264.0,9263.657957244655,25070900270235.0,6616032.0,ASP,HSL,赤柱,2000/08,2000.0,26.0,8,7.0,A,blank,LUNG TAK COURT,龍德苑,False,POINT Z (22.2200515 114.2086321 0),22.2200515,114.2086321
443,2025-06-30,"LUNG TAK COURT(Block A),CAPE RD|龍德苑A座,環角道",5003.590009831605,552.0,417.0,"{'bay_window': '', 'flat_roof': '', 'roof': '', 'ac_platform': '', 'plant_room': '', 'garden': '', 'yard': ''}",3.74,3.74,8969.0,8968.824940047962,25070901170223.0,6616320.0,MEM-ASP,HSL,赤柱,2000/08,2000.0,26.0,2,1.0,A,blank,LUNG TAK COURT,龍德苑,False,POINT Z (22.2200515 114.2086321 0),22.2200515,114.2086321
444,2025-07-14,"LUNG TAK COURT(Block A),CAPE RD|龍德苑A座,環角道",3261.442463126658,699.0,527.0,"{'bay_window': '', 'flat_roof': '', 'roof': '', 'ac_platform': '', 'plant_room': '', 'garden': '', 'yard': ''}",3.15,3.15,5977.0,5977.229601518026,25081301510550.0,6636267.0,PRO-ASP,HSL,赤柱,2000/08,2000.0,26.0,14,2.0,A,blank,LUNG TAK COURT,龍德苑,False,POINT Z (22.2200515 114.2086321 0),22.2200515,114.2086321
445,2025-08-13,"LUNG TAK COURT(Block A),CAPE RD|龍德苑A座,環角道",5119.178744797576,699.0,527.0,"{'bay_window': '', 'flat_roof': '', 'roof': '', 'ac_platform': '', 'plant_room': '', 'garden': '', 'yard': ''}",5.05,5.05,9583.0,9582.542694497151,25082001590014.0,6640592.0,ASP,HSL,赤柱,2000/08,2000.0,26.0,22,2.0,A,blank,LUNG TAK COURT,龍德苑,False,POINT Z (22.2200515 114.2086321 0),22.2200515,114.2086321
446,2025-08-29,"LUNG TAK COURT(Block A),CAPE RD|龍德苑A座,環角道",4656.970634992378,559.0,421.0,"{'bay_window': '', 'flat_roof': '', 'roof': '', 'ac_platform': '', 'plant_room': '', 'garden': '', 'yard': ''}",3.67,3.67,8717.0,8717.339667458433,25091801340069.0,6658430.0,ASP,HSL,赤柱,2000/08,2000.0,26.0,16,0.0,A,blank,LUNG TAK COURT,龍德苑,False,POINT Z (22.2200515 114.2086321 0),22.2200515,114.2086321
447,2025-10-31,"LUNG TAK COURT(Block A),CAPE RD|龍德苑A座,環角道",3326.987628964948,699.0,527.0,"{'bay_window': '', 'flat_roof': '', 'roof': '', 'ac_platform': '', 'plant_room': '', 'garden': '', 'yard': ''}",3.28,3.28,6224.0,6223.908918406072,25112600920169.0,6696706.0,ASP,HSL,赤柱,2000/08,2000.0,26.0,6,7.0,A,blank,LUNG TAK COURT,龍德苑,False,POINT Z (22.2200515 114.2086321 0),22.2200515,114.2086321
448,2026-01-15,"LUNG TAK COURT(Block A),CAPE RD|龍德苑A座,環角道",3089.672790569902,559.0,421.0,"{'bay_window': '', 'flat_roof': '', 'roof': '', 'ac_platform': '', 'plant_room': '', 'garden': '', 'yard': ''}",2.508,2.508,5957.0,5957.244655581948,26012800580046.0,6735637.0,ASP,HSL,赤柱,2000/08,2000.0,26.0,29,1.0,A,blank,LUNG TAK COURT,龍德苑,False,POINT Z (22.2200515 114.2086321 0),22.2200515,114.2086321
449,2006-02-11,"LUNG TAK COURT(Block C),CAPE RD|龍德苑C座,環角道",4729.838381731019,559.0,421.0,"{'bay_window': '', 'flat_roof': '', 'roof': '', 'ac_platform': '', 'plant_room': '', 'garden': '', 'yard': ''}",1.5,1.5,3563.0,3562.945368171021,6030302220100.0,1829047.0,ASP,HSL,赤柱,2000/08,2000.0,26.0,17,7.0,C,blank,LUNG TAK COURT,龍德苑,False,POINT Z (22.2200515 114.2086321 0),22.2200515,114.2086321
450,2006-04-22,"LUNG TAK COURT(Block C),CAPE RD|龍德苑C座,環角道",5186.38247727691,559.0,421.0,"{'bay_window': '', 'flat_roof': '', 'roof': '', 'ac_platform': '', 'plant_room': '', 'garden': '', 'yard': ''}",1.66,1.66,3943.0,3942.992874109264,6050401150035.0,1869391.0,ASP,HSL,赤柱,2000/08,2000.0,26.0,23,6.0,C,blank,LUNG TAK COURT,龍德苑,False,POINT Z (22.2200515 114.2086321 0),22.2200515,114.2086321
451,2006-05-17,"LUNG TAK COURT(Block C),CAPE RD|龍德苑C座,環角道",5347.201643417723,552.0,417.0,"{'bay_window': '', 'flat_roof': '', 'roof': '', 'ac_platform': '', 'plant_room': '', 'garden': '', 'yard': ''}",1.69,1.69,4053.0,4052.757793764988,6061502170029.0,1899152.0,PRO-ASP,HSL,赤柱,2000/08,2000.0,26.0,29,1.0,C,blank,LUNG TAK COURT,龍德苑,False,POINT Z (22.2200515 114.2086321 0),22.2200515,114.2086321
452,2006-06-16,"LUNG TAK COURT(Block C),CAPE RD|龍德苑C座,環角道",4816.18263787086,552.0,417.0,"{'bay_window': '', 'flat_roof': '', 'roof': '', 'ac_platform': '', 'plant_room': '', 'garden': '', 'yard': ''}",1.538,1.538,3688.0,3688.249400479616,6062902470064.0,1908505.0,ASP,HSL,赤柱,2000/08,2000.0,26.0,2,2.0,C,blank,LUNG TAK COURT,龍德苑,False,POINT Z (22.2200515 114.2086321 0),22.2200515,114.2086321
453,2006-12-14,"LUNG TAK COURT(Block C),CAPE RD|龍德苑C座,環角道",5428.125694246798,552.0,417.0,"{'bay_window': '', 'flat_roof': '', 'roof': '', 'ac_platform': '', 'plant_room': '', 'garden': '', 'yard': ''}",1.75,1.75,4197.0,4196.642685851319,7010600570016.0,2035784.0,ASP,HSL,赤柱,2000/08,2000.0,26.0,29,2.0,C,blank,LUNG TAK COURT,龍德苑,False,POINT Z (22.2200515 114.2086321 0),22.2200515,114.2086321
454,2007-05-25,"LUNG TAK COURT(Block C),CAPE RD|龍德苑C座,環角道",4697.4658576553775,283.0,214.0,"{'bay_window': '', 'flat_roof': '', 'roof': '', 'ac_platform': '', 'plant_room': '', 'garden': '', 'yard': ''}",0.838,0.838,3916.0,3915.88785046729,7062002300070.0,2163861.0,ASP,HSL,赤柱,2000/08,2000.0,26.0,11,3.0,C,blank,LUNG TAK COURT,龍德苑,False,POINT Z (22.2200515 114.2086321 0),22.2200515,114.2086321
455,2007-07-09,"LUNG TAK COURT(Block C),CAPE RD|龍德苑C座,環角道",4959.632868518092,559.0,421.0,"{'bay_window': '', 'flat_roof': '', 'roof': '', 'ac_platform': '', 'plant_room': '', 'garden': '', 'yard': ''}",1.76,1.76,4181.0,4180.522565320665,7071902950119.0,2193034.0,ASP,HSL,赤柱,2000/08,2000.0,26.0,13,3.0,C,blank,LUNG TAK COURT,龍德苑,False,POINT Z (22.2200515 114.2086321 0),22.2200515,114.2086321
456,2007-07-27,"LUNG TAK COURT(Block C),CAPE RD|龍德苑C座,環角道",4637.356746461699,552.0,417.0,"{'bay_window': '', 'flat_roof': '', 'roof': '', 'ac_platform': '', 'plant_room': '', 'garden': '', 'yard': ''}",1.63,1.63,3909.0,3908.872901678657,7081701090046.0,2220041.0,ASP,HSL,赤柱,2000/08,2000.0,26.0,19,6.0,C,blank,LUNG TAK COURT,龍德苑,False,POINT Z (22.2200515 114.2086321 0),22.2200515,114.2086321
457,2007-09-17,"LUNG TAK COURT(Block C),CAPE RD|龍德苑C座,環角道",5549.667910532131,559.0,421.0,"{'bay_window': '', 'flat_roof': '', 'roof': '', 'ac_platform': '', 'plant_room': '', 'garden': '', 'yard': ''}",2.03,2.03,4822.0,4821.852731591448,7092800110017.0,2258182.0,PRO-ASP,HSL,赤柱,2000/08,2000.0,26.0,7,6.0,C,blank,LUNG TAK COURT,龍德苑,False,POINT Z (22.2200515 114.2086321 0),22.2200515,114.2086321
458,2007-10-02,"LUNG TAK COURT(Block C),CAPE RD|龍德苑C座,環角道",5024.511467668861,283.0,214.0,"{'bay_window': '', 'flat_roof': '', 'roof': '', 'ac_platform': '', 'plant_room': '', 'garden': '', 'yard': ''}",0.97,0.97,4533.0,4532.710280373832,7101602750091.0,2271551.0,ASP,HSL,赤柱,2000/08,2000.0,26.0,11,4.0,C,blank,LUNG TAK COURT,龍德苑,False,POINT Z (22.2200515 114.2086321 0),22.2200515,114.2086321
459,2007-10-15,"LUNG TAK COURT(Block C),CAPE RD|龍德苑C座,環角道",5697.899602511079,283.0,214.0,"{'bay_window': '', 'flat_roof': '', 'roof': '', 'ac_platform': '', 'plant_room': '', 'garden': '', 'yard': ''}",1.1,1.1,5140.0,5140.186915887851,7110600340206.0,2291778.0,ASP,HSL,赤柱,2000/08,2000.0,26.0,30,5.0,C,blank,LUNG TAK COURT,龍德苑,False,POINT Z (22.2200515 114.2086321 0),22.2200515,114.2086321
460,2007-12-31,"LUNG TAK COURT(Block C),CAPE RD|龍德苑C座,環角道",4317.783569966365,559.0,421.0,"{'bay_window': '', 'flat_roof': '', 'roof': '', 'ac_platform': '', 'plant_room': '', 'garden': '', 'yard': ''}",1.78,1.78,4228.0,4228.028503562945,8011701700108.0,2378425.0,ASP,HSL,赤柱,2000/08,2000.0,26.0,23,2.0,C,blank,LUNG TAK COURT,龍德苑,False,POINT Z (22.2200515 114.2086321 0),22.2200515,114.2086321
461,2008-02-05,"LUNG TAK COURT(Block C),CAPE RD|龍德苑C座,環角道",4170.997430987429,559.0,421.0,"{'bay_window': '', 'flat_roof': '', 'roof': '', 'ac_platform': '', 'plant_room': '', 'garden': '', 'yard': ''}",1.86,1.86,4418.0,4418.052256532066,8030301370038.0,2433476.0,PRO-ASP,HSL,赤柱,2000/08,2000.0,26.0,27,3.0,C,blank,LUNG TAK COURT,龍德苑,False,POINT Z (22.2200515 114.2086321 0),22.2200515,114.2086321
462,2008-03-14,"LUNG TAK COURT(Block C),CAPE RD|龍德苑C座,環角道",4892.04814185817,699.0,527.0,"{'bay_window': '', 'flat_roof': '', 'roof': '', 'ac_platform': '', 'plant_room': '', 'garden': '', 'yard': ''}",2.73,2.73,5180.0,5180.265654648956,8040100730016.0,2461658.0,ASP,HSL,赤柱,2000/08,2000.0,26.0,26,1.0,C,blank,LUNG TAK COURT,龍德苑,False,POINT Z (22.2200515 114.2086321 0),22.2200515,114.2086321
463,2008-03-10,"LUNG TAK COURT(Block C),CAPE RD|龍德苑C座,環角道",4912.479028619083,559.0,421.0,"{'bay_window': '', 'flat_roof': '', 'roof': '', 'ac_platform': '', 'plant_room': '', 'garden': '', 'yard': ''}",2.19,2.19,5202.0,5201.900237529691,8040902150081.0,2470869.0,ASP,HSL,赤柱,2000/08,2000.0,26.0,7,5.0,C,blank,LUNG TAK COURT,龍德苑,False,POINT Z (22.2200515 114.2086321 0),22.2200515,114.2086321
464,2008-04-01,"LUNG TAK COURT(Block C),CAPE RD|龍德苑C座,環角道",4819.522861856936,283.0,214.0,"{'bay_window': '', 'flat_roof': '', 'roof': '', 'ac_platform': '', 'plant_room': '', 'garden': '', 'yard': ''}",1.07,1.07,5000.0,5000.0,8042902860015.0,2490071.0,ASP,HSL,赤柱,2000/08,2000.0,26.0,20,7.0,C,blank,LUNG TAK COURT,龍德苑,False,POINT Z (22.2200515 114.2086321 0),22.2200515,114.2086321
465,2008-04-11,"LUNG TAK COURT(Block C),CAPE RD|龍德苑C座,環角道",4504.2269736980725,283.0,214.0,"{'bay_window': '', 'flat_roof': '', 'roof': '', 'ac_platform': '', 'plant_room': '', 'garden': '', 'yard': ''}",1.0,1.0,4673.0,4672.897196261682,8050602550206.0,2495235.0,PRO-ASP,HSL,赤柱,2000/08,2000.0,26.0,1,4.0,C,blank,LUNG TAK COURT,龍德苑,False,POINT Z (22.2200515 114.2086321 0),22.2200515,114.2086321
466,2008-05-05,"LUNG TAK COURT(Block C),CAPE RD|龍德苑C座,環角道",4579.496142357985,559.0,421.0,"{'bay_window': '', 'flat_roof': '', 'roof': '', 'ac_platform': '', 'plant_room': '', 'garden': '', 'yard': ''}",2.0,2.0,4751.0,4750.593824228028,8060301740036.0,2521927.0,ASP,HSL,赤柱,2000/08,2000.0,26.0,23,7.0,C,blank,LUNG TAK COURT,龍德苑,False,POINT Z (22.2200515 114.2086321 0),22.2200515,114.2086321
467,2008-05-23,"LUNG TAK COURT(Block C),CAPE RD|龍德苑C座,環角道",4465.008738799036,559.0,421.0,"{'bay_window': '', 'flat_roof': '', 'roof': '', 'ac_platform': '', 'plant_room': '', 'garden': '', 'yard': ''}",1.95,1.95,4632.0,4631.828978622328,8060302270035.0,2521986.0,ASP,HSL,赤柱,2000/08,2000.0,26.0,24,3.0,C,blank,LUNG TAK COURT,龍德苑,False,POINT Z (22.2200515 114.2086321 0),22.2200515,114.2086321
468,2008-05-20,"LUNG TAK COURT(Block C),CAPE RD|龍德苑C座,環角道",5083.240718017364,559.0,421.0,"{'bay_window': '', 'flat_roof': '', 'roof': '', 'ac_platform': '', 'plant_room': '', 'garden': '', 'yard': ''}",2.22,2.22,5273.0,5273.159144893111,8061901520048.0,2538165.0,ASP,HSL,赤柱,2000/08,2000.0,26.0,8,3.0,C,blank,LUNG TAK COURT,龍德苑,False,POINT Z (22.2200515 114.2086321 0),22.2200515,114.2086321
469,2008-07-18,"LUNG TAK COURT(Block C),CAPE RD|龍德苑C座,環角道",4310.144538542576,552.0,417.0,"{'bay_window': '', 'flat_roof': '', 'roof': '', 'ac_platform': '', 'plant_room': '', 'garden': '', 'yard': ''}",1.93,1.93,4628.0,4628.297362110312,8073101720022.0,2574475.0,ASP,HSL,赤柱,2000/08,2000.0,26.0,19,3.0,C,blank,LUNG TAK COURT,龍德苑,False,POINT Z (22.2200515 114.2086321 0),22.2200515,114.2086321
470,2008-10-24,"LUNG TAK COURT(Block C),CAPE RD|龍德苑C座,環角道",5526.059383581677,283.0,214.0,"{'bay_window': '', 'flat_roof': '', 'roof': '', 'ac_platform': '', 'plant_room': '', 'garden': '', 'yard': ''}",1.07,1.07,5000.0,5000.0,8112001290010.0,2639145.0,PRO-ASP,HSL,赤柱,2000/08,2000.0,26.0,10,7.0,C,blank,LUNG TAK COURT,龍德苑,False,POINT Z (22.2200515 114.2086321 0),22.2200515,114.2086321
471,2009-04-06,"LUNG TAK COURT(Block C),CAPE RD|龍德苑C座,環角道",4703.282097444876,699.0,527.0,"{'bay_window': '', 'flat_roof': '', 'roof': '', 'ac_platform': '', 'plant_room': '', 'garden': '', 'yard': ''}",2.28,2.28,4326.0,4326.375711574952,9043001630155.0,2720030.0,ASP,HSL,赤柱,2000/08,2000.0,26.0,16,2.0,C,blank,LUNG TAK COURT,龍德苑,False,POINT Z (22.2200515 114.2086321 0),22.2200515,114.2086321
472,2009-06-25,"LUNG TAK COURT(Block C),CAPE RD|龍德苑C座,環角道",4077.9076014268057,559.0,421.0,"{'bay_window': '', 'flat_roof': '', 'roof': '', 'ac_platform': '', 'plant_room': '', 'garden': '', 'yard': ''}",1.75,1.75,4157.0,4156.769596199525,9071500520042.0,2790148.0,ASP,HSL,赤柱,2000/08,2000.0,26.0,8,1.0,C,blank,LUNG TAK COURT,龍德苑,False,POINT Z (22.2200515 114.2086321 0),22.2200515,114.2086321
473,2009-09-27,"LUNG TAK COURT(Block C),CAPE RD|龍德苑C座,環角道",4761.4469482649965,283.0,214.0,"{'bay_window': '', 'flat_roof': '', 'roof': '', 'ac_platform': '', 'plant_room': '', 'garden': '', 'yard': ''}",1.1,1.1,5140.0,5140.186915887851,9102802310043.0,2897186.0,PRO-ASP,HSL,赤柱,2000/08,2000.0,26.0,1,1.0,C,blank,LUNG TAK COURT,龍德苑,False,POINT Z (22.2200515 114.2086321 0),22.2200515,114.2086321
474,2010-03-29,"LUNG TAK COURT(Block C),CAPE RD|龍德苑C座,環角道",4621.462144454991,283.0,214.0,"{'bay_window': '', 'flat_roof': '', 'roof': '', 'ac_platform': '', 'plant_room': '', 'garden': '', 'yard': ''}",1.2,1.2,5607.0,5607.476635514019,10042701220042.0,3073940.0,ASP,HSL,赤柱,2000/08,2000.0,26.0,11,4.0,C,blank,LUNG TAK COURT,龍德苑,False,POINT Z (22.2200515 114.2086321 0),22.2200515,114.2086321
475,2010-04-21,"LUNG TAK COURT(Block C),CAPE RD|龍德苑C座,環角道",4668.927311794198,699.0,527.0,"{'bay_window': '', 'flat_roof': '', 'roof': '', 'ac_platform': '', 'plant_room': '', 'garden': '', 'yard': ''}",2.9,2.9,5503.0,5502.846299810247,10050602480020.0,3084486.0,ASP,HSL,赤柱,2000/08,2000.0,26.0,5,3.0,C,blank,LUNG TAK COURT,龍德苑,False,POINT Z (22.2200515 114.2086321 0),22.2200515,114.2086321
476,2010-04-30,"LUNG TAK COURT(Block C),CAPE RD|龍德苑C座,環角道",4480.169035524594,283.0,214.0,"{'bay_window': '', 'flat_roof': '', 'roof': '', 'ac_platform': '', 'plant_room': '', 'garden': '', 'yard': ''}",1.13,1.13,5280.0,5280.373831775701,10052402350197.0,3101697.0,ASP,HSL,赤柱,2000/08,2000.0,26.0,21,6.0,C,blank,LUNG TAK COURT,龍德苑,False,POINT Z (22.2200515 114.2086321 0),22.2200515,114.2086321
477,2010-07-06,"LUNG TAK COURT(Block C),CAPE RD|龍德苑C座,環角道",4560.95540518611,559.0,421.0,"{'bay_window': '', 'flat_roof': '', 'roof': '', 'ac_platform': '', 'plant_room': '', 'garden': '', 'yard': ''}",2.4,2.4,5701.0,5700.712589073634,10072200330109.0,3160894.0,ASP,HSL,赤柱,2000/08,2000.0,26.0,13,3.0,C,blank,LUNG TAK COURT,龍德苑,False,POINT Z (22.2200515 114.2086321 0),22.2200515,114.2086321
478,2010-09-21,"LUNG TAK COURT(Block C),CAPE RD|龍德苑C座,環角道",4591.819778499275,559.0,421.0,"{'bay_window': '', 'flat_roof': '', 'roof': '', 'ac_platform': '', 'plant_room': '', 'garden': '', 'yard': ''}",2.46,2.46,5843.0,5843.230403800475,10101900410058.0,3259571.0,ASP,HSL,赤柱,2000/08,2000.0,26.0,23,9.0,C,blank,LUNG TAK COURT,龍德苑,False,POINT Z (22.2200515 114.2086321 0),22.2200515,114.2086321
479,2010-09-28,"LUNG TAK COURT(Block C),CAPE RD|龍德苑C座,環角道",4629.151646617156,559.0,421.0,"{'bay_window': '', 'flat_roof': '', 'roof': '', 'ac_platform': '', 'plant_room': '', 'garden': '', 'yard': ''}",2.48,2.48,5891.0,5890.736342042756,10102202430452.0,3264553.0,ASP,HSL,赤柱,2000/08,2000.0,26.0,27,5.0,C,blank,LUNG TAK COURT,龍德苑,False,POINT Z (22.2200515 114.2086321 0),22.2200515,114.2086321
480,2010-10-26,"LUNG TAK COURT(Block C),CAPE RD|龍德苑C座,環角道",4819.994526879143,283.0,214.0,"{'bay_window': '', 'flat_roof': '', 'roof': '', 'ac_platform': '', 'plant_room': '', 'garden': '', 'yard': ''}",1.33,1.33,6215.0,6214.953271028037,10111500340148.0,3292534.0,PRO-ASP,HSL,赤柱,2000/08,2000.0,26.0,20,7.0,C,blank,LUNG TAK COURT,龍德苑,False,POINT Z (22.2200515 114.2086321 0),22.2200515,114.2086321
481,2010-11-06,"LUNG TAK COURT(Block C),CAPE RD|龍德苑C座,環角道",4217.946833517103,283.0,214.0,"{'bay_window': '', 'flat_roof': '', 'roof': '', 'ac_platform': '', 'plant_room': '', 'garden': '', 'yard': ''}",1.18,1.18,5514.0,5514.018691588785,10112402420072.0,3305244.0,ASP,HSL,赤柱,2000/08,2000.0,26.0,1,3.0,C,blank,LUNG TAK COURT,龍德苑,False,POINT Z (22.2200515 114.2086321 0),22.2200515,114.2086321
482,2010-11-01,"LUNG TAK COURT(Block C),CAPE RD|龍德苑C座,環角道",5247.411823392464,283.0,214.0,"{'bay_window': '', 'flat_roof': '', 'roof': '', 'ac_platform': '', 'plant_room': '', 'garden': '', 'yard': ''}",1.468,1.468,6860.0,6859.813084112149,10112602410044.0,3308905.0,PRO-ASP,HSL,赤柱,2000/08,2000.0,26.0,10,7.0,C,blank,LUNG TAK COURT,龍德苑,False,POINT Z (22.2200515 114.2086321 0),22.2200515,114.2086321
483,2011-09-30,"LUNG TAK COURT(Block C),CAPE RD|龍德苑C座,環角道",5765.9871941057245,283.0,214.0,"{'bay_window': '', 'flat_roof': '', 'roof': '', 'ac_platform': '', 'plant_room': '', 'garden': '', 'yard': ''}",1.8,1.8,8411.0,8411.214953271028,11102602450024.0,3596019.0,ASP,HSL,赤柱,2000/08,2000.0,26.0,20,5.0,C,blank,LUNG TAK COURT,龍德苑,False,POINT Z (22.2200515 114.2086321 0),22.2200515,114.2086321
484,2011-12-20,"LUNG TAK COURT(Block C),CAPE RD|龍德苑C座,環角道",6184.12625178918,283.0,214.0,"{'bay_window': '', 'flat_roof': '', 'roof': '', 'ac_platform': '', 'plant_room': '', 'garden': '', 'yard': ''}",1.88,1.88,8785.0,8785.046728971962,12010500690036.0,3633016.0,ASP,HSL,赤柱,2000/08,2000.0,26.0,1,3.0,C,blank,LUNG TAK COURT,龍德苑,False,POINT Z (22.2200515 114.2086321 0),22.2200515,114.2086321
485,2012-04-20,"LUNG TAK COURT(Block C),CAPE RD|龍德苑C座,環角道",5035.892210886545,699.0,527.0,"{'bay_window': '', 'flat_roof': '', 'roof': '', 'ac_platform': '', 'plant_room': '', 'garden': '', 'yard': ''}",4.2,4.2,7970.0,7969.639468690702,12050200950027.0,3700430.0,ASP,HSL,赤柱,2000/08,2000.0,26.0,26,1.0,C,blank,LUNG TAK COURT,龍德苑,False,POINT Z (22.2200515 114.2086321 0),22.2200515,114.2086321
486,2012-08-12,"LUNG TAK COURT(Block C),CAPE RD|龍德苑C座,環角道",6235.708060302245,283.0,214.0,"{'bay_window': '', 'flat_roof': '', 'roof': '', 'ac_platform': '', 'plant_room': '', 'garden': '', 'yard': ''}",2.17,2.17,10140.0,10140.18691588785,12083101350015.0,3791693.0,PRO-ASP,HSL,赤柱,2000/08,2000.0,26.0,1,4.0,C,blank,LUNG TAK COURT,龍德苑,False,POINT Z (22.2200515 114.2086321 0),22.2200515,114.2086321
487,2012-08-20,"LUNG TAK COURT(Block C),CAPE RD|龍德苑C座,環角道",6580.539842438773,283.0,214.0,"{'bay_window': '', 'flat_roof': '', 'roof': '', 'ac_platform': '', 'plant_room': '', 'garden': '', 'yard': ''}",2.29,2.29,10701.0,10700.934579439252,12091402730266.0,3801890.0,ASP,HSL,赤柱,2000/08,2000.0,26.0,21,5.0,C,blank,LUNG TAK COURT,龍德苑,False,POINT Z (22.2200515 114.2086321 0),22.2200515,114.2086321
488,2012-09-24,"LUNG TAK COURT(Block C),CAPE RD|龍德苑C座,環角道",5988.447513448002,283.0,214.0,"{'bay_window': '', 'flat_roof': '', 'roof': '', 'ac_platform': '', 'plant_room': '', 'garden': '', 'yard': ''}",2.15,2.15,10047.0,10046.728971962615,12100902030070.0,3819172.0,ASP,HSL,赤柱,2000/08,2000.0,26.0,1,1.0,C,blank,LUNG TAK COURT,龍德苑,False,POINT Z (22.2200515 114.2086321 0),22.2200515,114.2086321
489,2012-11-23,"LUNG TAK COURT(Block C),CAPE RD|龍德苑C座,環角道",4973.336693946724,699.0,527.0,"{'bay_window': '', 'flat_roof': '', 'roof': '', 'ac_platform': '', 'plant_room': '', 'garden': '', 'yard': ''}",4.6,4.6,8729.0,8728.65275142315,12112902390021.0,3866073.0,ASP,HSL,赤柱,2000/08,2000.0,26.0,6,4.0,C,blank,LUNG TAK COURT,龍德苑,False,POINT Z (22.2200515 114.2086321 0),22.2200515,114.2086321
490,2012-11-19,"LUNG TAK COURT(Block C),CAPE RD|龍德苑C座,環角道",4736.816860469242,559.0,421.0,"{'bay_window': '', 'flat_roof': '', 'roof': '', 'ac_platform': '', 'plant_room': '', 'garden': '', 'yard': ''}",3.5,3.5,8314.0,8313.53919239905,12113001020112.0,3867236.0,ASP,HSL,赤柱,2000/08,2000.0,26.0,8,1.0,C,blank,LUNG TAK COURT,龍德苑,False,POINT Z (22.2200515 114.2086321 0),22.2200515,114.2086321
491,2012-11-23,"LUNG TAK COURT(Block C),CAPE RD|龍德苑C座,環角道",5055.525607093482,552.0,417.0,"{'bay_window': '', 'flat_roof': '', 'roof': '', 'ac_platform': '', 'plant_room': '', 'garden': '', 'yard': ''}",3.7,3.7,8873.0,8872.901678657074,12122001750044.0,3884174.0,ASP,HSL,赤柱,2000/08,2000.0,26.0,22,5.0,C,blank,LUNG TAK COURT,龍德苑,False,POINT Z (22.2200515 114.2086321 0),22.2200515,114.2086321
492,2013-11-19,"LUNG TAK COURT(Block C),CAPE RD|龍德苑C座,環角道",5358.894446035046,559.0,421.0,"{'bay_window': '', 'flat_roof': '', 'roof': '', 'ac_platform': '', 'plant_room': '', 'garden': '', 'yard': ''}",4.1,4.1,9739.0,9738.717339667455,13112700810022.0,4064163.0,ASP,HSL,赤柱,2000/08,2000.0,26.0,27,5.0,C,blank,LUNG TAK COURT,龍德苑,False,POINT Z (22.2200515 114.2086321 0),22.2200515,114.2086321
493,2014-04-29,"LUNG TAK COURT(Block C),CAPE RD|龍德苑C座,環角道",5468.846541761346,559.0,421.0,"{'bay_window': '', 'flat_roof': '', 'roof': '', 'ac_platform': '', 'plant_room': '', 'garden': '', 'yard': ''}",4.1,4.1,9739.0,9738.717339667455,14051602460024.0,4135810.0,ASP,HSL,赤柱,2000/08,2000.0,26.0,18,6.0,C,blank,LUNG TAK COURT,龍德苑,False,POINT Z (22.2200515 114.2086321 0),22.2200515,114.2086321
494,2015-01-16,"LUNG TAK COURT(Block C),CAPE RD|龍德苑C座,環角道",5137.45515144205,552.0,417.0,"{'bay_window': '', 'flat_roof': '', 'roof': '', 'ac_platform': '', 'plant_room': '', 'garden': '', 'yard': ''}",4.3,4.3,10312.0,10311.750599520385,15012601630074.0,4284297.0,ASP,HSL,赤柱,2000/08,2000.0,26.0,29,1.0,C,blank,LUNG TAK COURT,龍德苑,False,POINT Z (22.2200515 114.2086321 0),22.2200515,114.2086321
495,2015-01-29,"LUNG TAK COURT(Block C),CAPE RD|龍德苑C座,環角道",4733.621605593183,559.0,421.0,"{'bay_window': '', 'flat_roof': '', 'roof': '', 'ac_platform': '', 'plant_room': '', 'garden': '', 'yard': ''}",4.0,4.0,9501.0,9501.187648456056,15021800490494.0,4301592.0,ASP,HSL,赤柱,2000/08,2000.0,26.0,27,1.0,C,blank,LUNG TAK COURT,龍德苑,False,POINT Z (22.2200515 114.2086321 0),22.2200515,114.2086321
496,2015-06-08,"LUNG TAK COURT(Block C),CAPE RD|龍德苑C座,環角道",5858.262229423403,283.0,214.0,"{'bay_window': '', 'flat_roof': '', 'roof': '', 'ac_platform': '', 'plant_room': '', 'garden': '', 'yard': ''}",2.59,2.59,12103.0,12102.803738317756,15061700420017.0,4368118.0,ASP,HSL,赤柱,2000/08,2000.0,26.0,20,2.0,C,blank,LUNG TAK COURT,龍德苑,False,POINT Z (22.2200515 114.2086321 0),22.2200515,114.2086321
497,2015-06-23,"LUNG TAK COURT(Block C),CAPE RD|龍德苑C座,環角道",6333.256464241518,283.0,214.0,"{'bay_window': '', 'flat_roof': '', 'roof': '', 'ac_platform': '', 'plant_room': '', 'garden': '', 'yard': ''}",2.8,2.8,13084.0,13084.11214953271,15070700420098.0,4379099.0,ASP,HSL,赤柱,2000/08,2000.0,26.0,21,3.0,C,blank,LUNG TAK COURT,龍德苑,False,POINT Z (22.2200515 114.2086321 0),22.2200515,114.2086321
498,2015-07-20,"LUNG TAK COURT(Block C),CAPE RD|龍德苑C座,環角道",4715.315956012692,559.0,421.0,"{'bay_window': '', 'flat_roof': '', 'roof': '', 'ac_platform': '', 'plant_room': '', 'garden': '', 'yard': ''}",4.2,4.2,9976.0,9976.24703087886,15080600160089.0,4395744.0,ASP,HSL,赤柱,2000/08,2000.0,26.0,13,2.0,C,blank,LUNG TAK COURT,龍德苑,False,POINT Z (22.2200515 114.2086321 0),22.2200515,114.2086321
499,2015-12-14,"LUNG TAK COURT(Block C),CAPE RD|龍德苑C座,環角道",4939.850290911702,559.0,421.0,"{'bay_window': '', 'flat_roof': '', 'roof': '', 'ac_platform': '', 'plant_room': '', 'garden': '', 'yard': ''}",4.28,4.28,10166.0,10166.270783847982,15123100280012.0,4459787.0,ASP,HSL,赤柱,2000/08,2000.0,26.0,18,6.0,C,blank,LUNG TAK COURT,龍德苑,False,POINT Z (22.2200515 114.2086321 0),22.2200515,114.2086321
500,2016-04-21,"LUNG TAK COURT(Block C),CAPE RD|龍德苑C座,環角道",6834.032373312971,283.0,214.0,"{'bay_window': '', 'flat_roof': '', 'roof': '', 'ac_platform': '', 'plant_room': '', 'garden': '', 'yard': ''}",2.83,2.83,13224.0,13224.29906542056,16050901360010.0,4503699.0,ASP,HSL,赤柱,2000/08,2000.0,26.0,1,4.0,C,blank,LUNG TAK COURT,龍德苑,False,POINT Z (22.2200515 114.2086321 0),22.2200515,114.2086321
501,2016-05-16,"LUNG TAK COURT(Block C),CAPE RD|龍德苑C座,環角道",4933.938744662293,552.0,417.0,"{'bay_window': '', 'flat_roof': '', 'roof': '', 'ac_platform': '', 'plant_room': '', 'garden': '', 'yard': ''}",4.0,4.0,9592.0,9592.32613908873,16061001600050.0,4517859.0,PRO-ASP,HSL,赤柱,2000/08,2000.0,26.0,22,5.0,C,blank,LUNG TAK COURT,龍德苑,False,POINT Z (22.2200515 114.2086321 0),22.2200515,114.2086321
502,2016-10-14,"LUNG TAK COURT(Block C),CAPE RD|龍德苑C座,環角道",6286.677802834194,283.0,214.0,"{'bay_window': '', 'flat_roof': '', 'roof': '', 'ac_platform': '', 'plant_room': '', 'garden': '', 'yard': ''}",2.87,2.87,13411.0,13411.214953271028,16102400360107.0,4583454.0,ASP,HSL,赤柱,2000/08,2000.0,26.0,20,5.0,C,blank,LUNG TAK COURT,龍德苑,False,POINT Z (22.2200515 114.2086321 0),22.2200515,114.2086321
503,2016-12-06,"LUNG TAK COURT(Block C),CAPE RD|龍德苑C座,環角道",4834.005621697499,699.0,527.0,"{'bay_window': '', 'flat_roof': '', 'roof': '', 'ac_platform': '', 'plant_room': '', 'garden': '', 'yard': ''}",5.5,5.5,10436.0,10436.432637571155,16122302260072.0,4620180.0,ASP,HSL,赤柱,2000/08,2000.0,26.0,5,3.0,C,blank,LUNG TAK COURT,龍德苑,False,POINT Z (22.2200515 114.2086321 0),22.2200515,114.2086321
504,2016-12-15,"LUNG TAK COURT(Block C),CAPE RD|龍德苑C座,環角道",6276.814606321401,283.0,214.0,"{'bay_window': '', 'flat_roof': '', 'roof': '', 'ac_platform': '', 'plant_room': '', 'garden': '', 'yard': ''}",2.9,2.9,13551.0,13551.40186915888,17011202090240.0,4630398.0,ASP,HSL,赤柱,2000/08,2000.0,26.0,11,4.0,C,blank,LUNG TAK COURT,龍德苑,False,POINT Z (22.2200515 114.2086321 0),22.2200515,114.2086321
505,2017-02-06,"LUNG TAK COURT(Block C),CAPE RD|龍德苑C座,環角道",3651.7426797738367,559.0,421.0,"{'bay_window': '', 'flat_roof': '', 'roof': '', 'ac_platform': '', 'plant_room': '', 'garden': '', 'yard': ''}",3.268,3.268,7762.0,7762.470308788598,17021402150122.0,4648106.0,ASP,HSL,赤柱,2000/08,2000.0,26.0,24,9.0,C,blank,LUNG TAK COURT,龍德苑,False,POINT Z (22.2200515 114.2086321 0),22.2200515,114.2086321
506,2017-04-13,"LUNG TAK COURT(Block C),CAPE RD|龍德苑C座,環角道",4691.070896873401,559.0,421.0,"{'bay_window': '', 'flat_roof': '', 'roof': '', 'ac_platform': '', 'plant_room': '', 'garden': '', 'yard': ''}",4.4,4.4,10451.0,10451.306413301663,17042701730147.0,4689538.0,ASP,HSL,赤柱,2000/08,2000.0,26.0,14,3.0,C,blank,LUNG TAK COURT,龍德苑,False,POINT Z (22.2200515 114.2086321 0),22.2200515,114.2086321
507,2017-06-30,"LUNG TAK COURT(Block C),CAPE RD|龍德苑C座,環角道",3214.4118979796444,698.0,526.0,"{'bay_window': '', 'flat_roof': '', 'roof': '', 'ac_platform': '', 'plant_room': '', 'garden': '', 'yard': ''}",3.88,3.88,7376.0,7376.425855513308,17071001420182.0,4733923.0,ASP,HSL,赤柱,2000/08,2000.0,26.0,3,7.0,C,blank,LUNG TAK COURT,龍德苑,False,POINT Z (22.2200515 114.2086321 0),22.2200515,114.2086321
508,2017-09-26,"LUNG TAK COURT(Block C),CAPE RD|龍德苑C座,環角道",4863.355188631495,559.0,421.0,"{'bay_window': '', 'flat_roof': '', 'roof': '', 'ac_platform': '', 'plant_room': '', 'garden': '', 'yard': ''}",4.68,4.68,11116.0,11116.389548693587,17101201470035.0,5230880.0,ASP,HSL,赤柱,2000/08,2000.0,26.0,13,3.0,C,blank,LUNG TAK COURT,龍德苑,False,POINT Z (22.2200515 114.2086321 0),22.2200515,114.2086321
509,2017-10-26,"LUNG TAK COURT(Block C),CAPE RD|龍德苑C座,環角道",3375.759946718079,559.0,421.0,"{'bay_window': '', 'flat_roof': '', 'roof': '', 'ac_platform': '', 'plant_room': '', 'garden': '', 'yard': ''}",3.26,3.26,7743.0,7743.467933491686,17110601900043.0,5244085.0,ASP,HSL,赤柱,2000/08,2000.0,26.0,13,7.0,C,blank,LUNG TAK COURT,龍德苑,False,POINT Z (22.2200515 114.2086321 0),22.2200515,114.2086321
510,2018-03-13,"LUNG TAK COURT(Block C),CAPE RD|龍德苑C座,環角道",4973.908452183183,698.0,526.0,"{'bay_window': '', 'flat_roof': '', 'roof': '', 'ac_platform': '', 'plant_room': '', 'garden': '', 'yard': ''}",6.5,6.5,12357.0,12357.414448669202,18041101580020.0,5333788.0,ASP,HSL,赤柱,2000/08,2000.0,26.0,3,5.0,C,blank,LUNG TAK COURT,龍德苑,False,POINT Z (22.2200515 114.2086321 0),22.2200515,114.2086321
511,2019-01-02,"LUNG TAK COURT(Block C),CAPE RD|龍德苑C座,環角道",5774.316990854598,552.0,417.0,"{'bay_window': '', 'flat_roof': '', 'roof': '', 'ac_platform': '', 'plant_room': '', 'garden': '', 'yard': ''}",5.86,5.86,14053.0,14052.757793764988,19011401320018.0,5484221.0,ASP,HSL,赤柱,2000/08,2000.0,26.0,2,2.0,C,blank,LUNG TAK COURT,龍德苑,False,POINT Z (22.2200515 114.2086321 0),22.2200515,114.2086321
512,2019-03-12,"LUNG TAK COURT(Block C),CAPE RD|龍德苑C座,環角道",5269.779134665327,699.0,527.0,"{'bay_window': '', 'flat_roof': '', 'roof': '', 'ac_platform': '', 'plant_room': '', 'garden': '', 'yard': ''}",7.0,7.0,13283.0,13282.732447817836,19032600950032.0,5515592.0,ASP,HSL,赤柱,2000/08,2000.0,26.0,6,4.0,C,blank,LUNG TAK COURT,龍德苑,False,POINT Z (22.2200515 114.2086321 0),22.2200515,114.2086321
513,2019-10-23,"LUNG TAK COURT(Block C),CAPE RD|龍德苑C座,環角道",4953.701565511097,559.0,421.0,"{'bay_window': '', 'flat_roof': '', 'roof': '', 'ac_platform': '', 'plant_room': '', 'garden': '', 'yard': ''}",5.3,5.3,12589.0,12589.073634204276,19111901170057.0,5641464.0,PRO-ASP,HSL,赤柱,2000/08,2000.0,26.0,13,2.0,C,blank,LUNG TAK COURT,龍德苑,False,POINT Z (22.2200515 114.2086321 0),22.2200515,114.2086321
514,2020-01-21,"LUNG TAK COURT(Block C),CAPE RD|龍德苑C座,環角道",4780.243199733333,699.0,527.0,"{'bay_window': '', 'flat_roof': '', 'roof': '', 'ac_platform': '', 'plant_room': '', 'garden': '', 'yard': ''}",6.4,6.4,12144.0,12144.212523719165,20021001370011.0,5672181.0,PRO-ASP,HSL,赤柱,2000/08,2000.0,26.0,16,5.0,C,blank,LUNG TAK COURT,龍德苑,False,POINT Z (22.2200515 114.2086321 0),22.2200515,114.2086321
515,2020-02-07,"LUNG TAK COURT(Block C),CAPE RD|龍德苑C座,環角道",5223.387712941767,552.0,417.0,"{'bay_window': '', 'flat_roof': '', 'roof': '', 'ac_platform': '', 'plant_room': '', 'garden': '', 'yard': ''}",5.38,5.38,12902.0,12901.67865707434,20022401180021.0,5677957.0,PRO-ASP,HSL,赤柱,2000/08,2000.0,26.0,22,5.0,C,blank,LUNG TAK COURT,龍德苑,False,POINT Z (22.2200515 114.2086321 0),22.2200515,114.2086321
516,2020-09-09,"LUNG TAK COURT(Block C),CAPE RD|龍德苑C座,環角道",6630.129204118293,283.0,214.0,"{'bay_window': '', 'flat_roof': '', 'roof': '', 'ac_platform': '', 'plant_room': '', 'garden': '', 'yard': ''}",3.6,3.6,16822.0,16822.429906542056,20093001250181.0,5783200.0,ASP,HSL,赤柱,2000/08,2000.0,26.0,1,3.0,C,blank,LUNG TAK COURT,龍德苑,False,POINT Z (22.2200515 114.2086321 0),22.2200515,114.2086321
517,2020-11-26,"LUNG TAK COURT(Block C),CAPE RD|龍德苑C座,環角道",6175.204282154926,283.0,214.0,"{'bay_window': '', 'flat_roof': '', 'roof': '', 'ac_platform': '', 'plant_room': '', 'garden': '', 'yard': ''}",3.28,3.28,15327.0,15327.102803738318,20120201960083.0,5815246.0,ASP,HSL,赤柱,2000/08,2000.0,26.0,10,7.0,C,blank,LUNG TAK COURT,龍德苑,False,POINT Z (22.2200515 114.2086321 0),22.2200515,114.2086321
518,2021-02-22,"LUNG TAK COURT(Block C),CAPE RD|龍德苑C座,環角道",4953.729145268233,559.0,421.0,"{'bay_window': '', 'flat_roof': '', 'roof': '', 'ac_platform': '', 'plant_room': '', 'garden': '', 'yard': ''}",5.2,5.2,12352.0,12351.543942992874,21031802300019.0,5877429.0,PRO-ASP,HSL,赤柱,2000/08,2000.0,26.0,23,6.0,C,blank,LUNG TAK COURT,龍德苑,False,POINT Z (22.2200515 114.2086321 0),22.2200515,114.2086321
519,2021-06-03,"LUNG TAK COURT(Block C),CAPE RD|龍德苑C座,環角道",6236.798622449976,283.0,214.0,"{'bay_window': '', 'flat_roof': '', 'roof': '', 'ac_platform': '', 'plant_room': '', 'garden': '', 'yard': ''}",3.52,3.52,16449.0,16448.59813084112,21062901650326.0,5943761.0,ASP,HSL,赤柱,2000/08,2000.0,26.0,21,3.0,C,blank,LUNG TAK COURT,龍德苑,False,POINT Z (22.2200515 114.2086321 0),22.2200515,114.2086321
520,2021-09-29,"LUNG TAK COURT(Block C),CAPE RD|龍德苑C座,環角道",6213.843838334758,283.0,214.0,"{'bay_window': '', 'flat_roof': '', 'roof': '', 'ac_platform': '', 'plant_room': '', 'garden': '', 'yard': ''}",3.46,3.46,16168.0,16168.22429906542,21100800530033.0,6014231.0,ASP,HSL,赤柱,2000/08,2000.0,26.0,11,3.0,C,blank,LUNG TAK COURT,龍德苑,False,POINT Z (22.2200515 114.2086321 0),22.2200515,114.2086321
521,2021-11-15,"LUNG TAK COURT(Block C),CAPE RD|龍德苑C座,環角道",6700.447280261298,283.0,214.0,"{'bay_window': '', 'flat_roof': '', 'roof': '', 'ac_platform': '', 'plant_room': '', 'garden': '', 'yard': ''}",3.65,3.65,17056.0,17056.07476635514,21112401650045.0,6041412.0,ASP,HSL,赤柱,2000/08,2000.0,26.0,1,2.0,C,blank,LUNG TAK COURT,龍德苑,False,POINT Z (22.2200515 114.2086321 0),22.2200515,114.2086321
522,2021-11-22,"LUNG TAK COURT(Block C),CAPE RD|龍德苑C座,環角道",3876.300451495814,699.0,527.0,"{'bay_window': '', 'flat_roof': '', 'roof': '', 'ac_platform': '', 'plant_room': '', 'garden': '', 'yard': ''}",5.2,5.2,9867.0,9867.172675521822,21112900180581.0,6043761.0,ASP,HSL,赤柱,2000/08,2000.0,26.0,25,6.0,C,blank,LUNG TAK COURT,龍德苑,False,POINT Z (22.2200515 114.2086321 0),22.2200515,114.2086321
523,2022-01-05,"LUNG TAK COURT(Block C),CAPE RD|龍德苑C座,環角道",3757.457733185568,559.0,421.0,"{'bay_window': '', 'flat_roof': '', 'roof': '', 'ac_platform': '', 'plant_room': '', 'garden': '', 'yard': ''}",3.95,3.95,9382.0,9382.422802850357,22011200950125.0,6070997.0,ASP,HSL,赤柱,2000/08,2000.0,26.0,13,8.0,C,blank,LUNG TAK COURT,龍德苑,False,POINT Z (22.2200515 114.2086321 0),22.2200515,114.2086321
524,2022-01-14,"LUNG TAK COURT(Block C),CAPE RD|龍德苑C座,環角道",6737.019922413399,283.0,214.0,"{'bay_window': '', 'flat_roof': '', 'roof': '', 'ac_platform': '', 'plant_room': '', 'garden': '', 'yard': ''}",3.6,3.6,16822.0,16822.429906542056,22013101240033.0,6084702.0,MEM-ASP,HSL,赤柱,2000/08,2000.0,26.0,21,6.0,C,blank,LUNG TAK COURT,龍德苑,False,POINT Z (22.2200515 114.2086321 0),22.2200515,114.2086321
525,2022-04-08,"LUNG TAK COURT(Block C),CAPE RD|龍德苑C座,環角道",5324.218492753212,699.0,527.0,"{'bay_window': '', 'flat_roof': '', 'roof': '', 'ac_platform': '', 'plant_room': '', 'garden': '', 'yard': ''}",6.98,6.98,13245.0,13244.781783681214,22042701300011.0,6116948.0,PRO-ASP,HSL,赤柱,2000/08,2000.0,26.0,26,1.0,C,blank,LUNG TAK COURT,龍德苑,False,POINT Z (22.2200515 114.2086321 0),22.2200515,114.2086321
526,2022-09-05,"LUNG TAK COURT(Block C),CAPE RD|龍德苑C座,環角道",5558.949018092507,699.0,527.0,"{'bay_window': '', 'flat_roof': '', 'roof': '', 'ac_platform': '', 'plant_room': '', 'garden': '', 'yard': ''}",6.68,6.68,12676.0,12675.52182163188,22091301120050.0,6180385.0,ASP,HSL,赤柱,2000/08,2000.0,26.0,16,2.0,C,blank,LUNG TAK COURT,龍德苑,False,POINT Z (22.2200515 114.2086321 0),22.2200515,114.2086321
527,2022-09-30,"LUNG TAK COURT(Block C),CAPE RD|龍德苑C座,環角道",3333.455994463995,559.0,421.0,"{'bay_window': '', 'flat_roof': '', 'roof': '', 'ac_platform': '', 'plant_room': '', 'garden': '', 'yard': ''}",3.2,3.2,7601.0,7600.950118764846,22101101580080.0,6190505.0,ASP,HSL,赤柱,2000/08,2000.0,26.0,23,3.0,C,blank,LUNG TAK COURT,龍德苑,False,POINT Z (22.2200515 114.2086321 0),22.2200515,114.2086321
528,2022-12-28,"LUNG TAK COURT(Block C),CAPE RD|龍德苑C座,環角道",3800.790979643888,559.0,421.0,"{'bay_window': '', 'flat_roof': '', 'roof': '', 'ac_platform': '', 'plant_room': '', 'garden': '', 'yard': ''}",3.4,3.4,8076.0,8076.009501187648,23010300140247.0,6219356.0,ASP,HSL,赤柱,2000/08,2000.0,26.0,17,5.0,C,blank,LUNG TAK COURT,龍德苑,False,POINT Z (22.2200515 114.2086321 0),22.2200515,114.2086321
529,2023-06-21,"LUNG TAK COURT(Block C),CAPE RD|龍德苑C座,環角道",3912.4618914045896,699.0,527.0,"{'bay_window': '', 'flat_roof': '', 'roof': '', 'ac_platform': '', 'plant_room': '', 'garden': '', 'yard': ''}",4.498,4.498,8535.0,8535.104364326377,23062900170120.0,6305427.0,ASP,HSL,赤柱,2000/08,2000.0,26.0,25,9.0,C,blank,LUNG TAK COURT,龍德苑,False,POINT Z (22.2200515 114.2086321 0),22.2200515,114.2086321
530,2024-06-17,"LUNG TAK COURT(Block C),CAPE RD|龍德苑C座,環角道",2740.330582263536,699.0,527.0,"{'bay_window': '', 'flat_roof': '', 'roof': '', 'ac_platform': '', 'plant_room': '', 'garden': '', 'yard': ''}",2.75,2.75,5218.0,5218.216318785579,24062500210067.0,6441310.0,ASP,HSL,赤柱,2000/08,2000.0,26.0,15,3.0,C,blank,LUNG TAK COURT,龍德苑,False,POINT Z (22.2200515 114.2086321 0),22.2200515,114.2086321
531,2024-06-21,"LUNG TAK COURT(Block C),CAPE RD|龍德苑C座,環角道",3742.140056625913,559.0,421.0,"{'bay_window': '', 'flat_roof': '', 'roof': '', 'ac_platform': '', 'plant_room': '', 'garden': '', 'yard': ''}",3.0,3.0,7126.0,7125.890736342043,24070401040069.0,6446383.0,ASP,HSL,赤柱,2000/08,2000.0,26.0,7,4.0,C,blank,LUNG TAK COURT,龍德苑,False,POINT Z (22.2200515 114.2086321 0),22.2200515,114.2086321
532,2025-01-14,"LUNG TAK COURT(Block C),CAPE RD|龍德苑C座,環角道",3258.409132355487,552.0,417.0,"{'bay_window': '', 'flat_roof': '', 'roof': '', 'ac_platform': '', 'plant_room': '', 'garden': '', 'yard': ''}",2.46,2.46,5899.0,5899.280575539568,25020401680026.0,6538143.0,ASP,HSL,赤柱,2000/08,2000.0,26.0,12,4.0,C,blank,LUNG TAK COURT,龍德苑,False,POINT Z (22.2200515 114.2086321 0),22.2200515,114.2086321
533,2025-03-21,"LUNG TAK COURT(Block C),CAPE RD|龍德苑C座,環角道",3431.905978456286,699.0,527.0,"{'bay_window': '', 'flat_roof': '', 'roof': '', 'ac_platform': '', 'plant_room': '', 'garden': '', 'yard': ''}",3.2,3.2,6072.0,6072.106261859582,25032701540166.0,6562306.0,ASP,HSL,赤柱,2000/08,2000.0,26.0,26,4.0,C,blank,LUNG TAK COURT,龍德苑,False,POINT Z (22.2200515 114.2086321 0),22.2200515,114.2086321
534,2025-11-10,"LUNG TAK COURT(Block C),CAPE RD|龍德苑C座,環角道",5316.498585764111,559.0,421.0,"{'bay_window': '', 'flat_roof': '', 'roof': '', 'ac_platform': '', 'plant_room': '', 'garden': '', 'yard': ''}",4.18,4.18,9929.0,9928.74109263658,25111700360019.0,6691053.0,ASP,HSL,赤柱,2000/08,2000.0,26.0,23,5.0,C,blank,LUNG TAK COURT,龍德苑,False,POINT Z (22.2200515 114.2086321 0),22.2200515,114.2086321
535,2006-05-09,"YAU WING LAU,STANLEY MAIN ST|友榮樓,赤柱大街",7602.480768621555,0.0,269.0,"{'bay_window': '', 'flat_roof': '', 'roof': '', 'ac_platform': '', 'plant_room': '', 'garden': '', 'yard': ''}",1.55,1.55,5760.0,5762.081784386617,6052402460010.0,1882942.0,ASP,HSL,赤柱,1978/09,1978.0,48.0,B,5.0,blank,blank,blank,,False,POINT Z (22.2178206 114.2129743 0),22.2178206,114.2129743
536,2007-07-09,"YAU WING LAU,STANLEY MAIN ST|友榮樓,赤柱大街",7572.553569799746,0.0,235.0,"{'bay_window': '', 'flat_roof': '', 'roof': '', 'ac_platform': '', 'plant_room': '', 'garden': '', 'yard': ''}",1.5,1.5,6383.0,6382.978723404255,7071800340168.0,2192272.0,ASP,HSL,赤柱,1978/09,1978.0,48.0,D,5.0,blank,blank,blank,,False,POINT Z (22.2178206 114.2129743 0),22.2178206,114.2129743
537,2007-12-20,"YAU WING LAU,STANLEY MAIN ST|友榮樓,赤柱大街",5628.818977568291,0.0,254.0,"{'bay_window': '', 'flat_roof': '', 'roof': '', 'ac_platform': '', 'plant_room': '', 'garden': '', 'yard': ''}",1.4,1.4,5511.0,5511.811023622047,7122700630058.0,2352755.0,ASP,HSL,赤柱,1978/09,1978.0,48.0,A,4.0,blank,blank,blank,,False,POINT Z (22.2178206 114.2129743 0),22.2178206,114.2129743
538,2009-11-30,"YAU WING LAU,STANLEY MAIN ST|友榮樓,赤柱大街",5418.273300538745,0.0,254.0,"{'bay_window': '', 'flat_roof': '', 'roof': '', 'ac_platform': '', 'plant_room': '', 'garden': '', 'yard': ''}",1.52,1.52,5984.0,5984.251968503937,9121601620012.0,2945082.0,ASP,HSL,赤柱,1978/09,1978.0,48.0,A,2.0,blank,blank,blank,,False,POINT Z (22.2178206 114.2129743 0),22.2178206,114.2129743
539,2010-08-05,"YAU WING LAU,STANLEY MAIN ST|友榮樓,赤柱大街",5501.830634363474,0.0,269.0,"{'bay_window': '', 'flat_roof': '', 'roof': '', 'ac_platform': '', 'plant_room': '', 'garden': '', 'yard': ''}",1.88,1.88,6989.0,6988.847583643123,10082400360078.0,3198728.0,ASP,HSL,赤柱,1978/09,1978.0,48.0,B,3.0,blank,blank,blank,,False,POINT Z (22.2178206 114.2129743 0),22.2178206,114.2129743
540,2010-11-19,"YAU WING LAU,STANLEY MAIN ST|友榮樓,赤柱大街",5956.842188755744,0.0,235.0,"{'bay_window': '', 'flat_roof': '', 'roof': '', 'ac_platform': '', 'plant_room': '', 'garden': '', 'yard': ''}",1.83,1.83,7787.0,7787.234042553191,10120600300057.0,3320498.0,ASP,HSL,赤柱,1978/09,1978.0,48.0,D,1.0,blank,blank,blank,,False,POINT Z (22.2178206 114.2129743 0),22.2178206,114.2129743
541,2012-05-15,"YAU WING LAU,STANLEY MAIN ST|友榮樓,赤柱大街",5883.268068700358,0.0,254.0,"{'bay_window': '', 'flat_roof': '', 'roof': '', 'ac_platform': '', 'plant_room': '', 'garden': '', 'yard': ''}",2.38,2.38,9370.0,9370.07874015748,12060401870025.0,3728362.0,ASP,HSL,赤柱,1978/09,1978.0,48.0,A,4.0,blank,blank,blank,,False,POINT Z (22.2178206 114.2129743 0),22.2178206,114.2129743
542,2012-10-24,"YAU WING LAU,STANLEY MAIN ST|友榮樓,赤柱大街",6820.378082290366,0.0,245.0,"{'bay_window': '', 'flat_roof': '', 'roof': '', 'ac_platform': '', 'plant_room': '', 'garden': '', 'yard': ''}",2.88,2.88,11755.0,11755.102040816326,12111502130020.0,3853965.0,ASP,HSL,赤柱,1978/09,1978.0,48.0,C,5.0,blank,blank,blank,,False,POINT Z (22.2178206 114.2129743 0),22.2178206,114.2129743
543,2012-10-24,"YAU WING LAU,STANLEY MAIN ST|友榮樓,赤柱大街",6686.386247288742,0.0,269.0,"{'bay_window': '', 'flat_roof': '', 'roof': '', 'ac_platform': '', 'plant_room': '', 'garden': '', 'yard': ''}",3.1,3.1,11524.0,11524.163568773234,12111600490339.0,3854290.0,ASP,HSL,赤柱,1978/09,1978.0,48.0,B,4.0,blank,blank,blank,,False,POINT Z (22.2178206 114.2129743 0),22.2178206,114.2129743
544,2013-06-18,"YAU WING LAU,STANLEY MAIN ST|友榮樓,赤柱大街",7155.699641248136,0.0,254.0,"{'bay_window': '', 'flat_roof': '', 'roof': '', 'ac_platform': '', 'plant_room': '', 'garden': '', 'yard': ''}",3.3,3.3,12992.0,12992.125984251968,13070201870051.0,4000295.0,ASP,HSL,赤柱,1978/09,1978.0,48.0,A,5.0,blank,blank,blank,,False,POINT Z (22.2178206 114.2129743 0),22.2178206,114.2129743
545,2014-10-28,"YAU WING LAU,STANLEY MAIN ST|友榮樓,赤柱大街",6648.363487798444,0.0,245.0,"{'bay_window': '', 'flat_roof': '', 'roof': '', 'ac_platform': '', 'plant_room': '', 'garden': '', 'yard': ''}",3.2,3.2,13061.0,13061.22448979592,14110402230068.0,4235101.0,ASP,HSL,赤柱,1978/09,1978.0,48.0,C,5.0,blank,blank,blank,,False,POINT Z (22.2178206 114.2129743 0),22.2178206,114.2129743
546,2017-07-12,"YAU WING LAU,STANLEY MAIN ST|友榮樓,赤柱大街",6379.620709353208,0.0,235.0,"{'bay_window': '', 'flat_roof': '', 'roof': '', 'ac_platform': '', 'plant_room': '', 'garden': '', 'yard': ''}",3.42,3.42,14553.0,14553.1914893617,17080702130262.0,4749773.0,ASP,HSL,赤柱,1978/09,1978.0,48.0,D,5.0,blank,blank,blank,,False,POINT Z (22.2178206 114.2129743 0),22.2178206,114.2129743
547,2017-07-12,"YAU WING LAU,STANLEY MAIN ST|友榮樓,赤柱大街",5996.973835788446,0.0,269.0,"{'bay_window': '', 'flat_roof': '', 'roof': '', 'ac_platform': '', 'plant_room': '', 'garden': '', 'yard': ''}",3.68,3.68,13680.0,13680.297397769516,17080702130274.0,4749774.0,ASP,HSL,赤柱,1978/09,1978.0,48.0,B,5.0,blank,blank,blank,,False,POINT Z (22.2178206 114.2129743 0),22.2178206,114.2129743
548,2018-09-26,"YAU WING LAU,STANLEY MAIN ST|友榮樓,赤柱大街",5481.432846439257,0.0,269.0,"{'bay_window': '', 'flat_roof': '', 'roof': '', 'ac_platform': '', 'plant_room': '', 'garden': '', 'yard': ''}",3.75,3.75,13941.0,13940.520446096654,18101501670012.0,5445154.0,ASP,HSL,赤柱,1978/09,1978.0,48.0,B,4.0,blank,blank,blank,,False,POINT Z (22.2178206 114.2129743 0),22.2178206,114.2129743
549,2019-12-17,"YAU WING LAU,STANLEY MAIN ST|友榮樓,赤柱大街",6157.594654558617,0.0,254.0,"{'bay_window': '', 'flat_roof': '', 'roof': '', 'ac_platform': '', 'plant_room': '', 'garden': '', 'yard': ''}",3.88,3.88,15276.0,15275.590551181102,20011300050011.0,5661759.0,PRO-ASP,HSL,赤柱,1978/09,1978.0,48.0,A,4.0,blank,blank,blank,,False,POINT Z (22.2178206 114.2129743 0),22.2178206,114.2129743
550,2020-10-28,"YAU WING LAU,STANLEY MAIN ST|友榮樓,赤柱大街",6826.102739636197,0.0,235.0,"{'bay_window': '', 'flat_roof': '', 'roof': '', 'ac_platform': '', 'plant_room': '', 'garden': '', 'yard': ''}",4.05,4.05,17234.0,17234.042553191488,20111702140037.0,5806376.0,ASP,HSL,赤柱,1978/09,1978.0,48.0,D,5.0,blank,blank,blank,,False,POINT Z (22.2178206 114.2129743 0),22.2178206,114.2129743
551,2021-05-04,"YAU WING LAU,STANLEY MAIN ST|友榮樓,赤柱大街",7350.044725060125,0.0,269.0,"{'bay_window': '', 'flat_roof': '', 'roof': '', 'ac_platform': '', 'plant_room': '', 'garden': '', 'yard': ''}",5.03,5.03,18699.0,18698.88475836431,21051102120061.0,5909885.0,ASP,HSL,赤柱,1978/09,1978.0,48.0,B,5.0,blank,blank,blank,,False,POINT Z (22.2178206 114.2129743 0),22.2178206,114.2129743
552,2022-03-01,"YAU WING LAU,STANLEY MAIN ST|友榮樓,赤柱大街",6746.628394286398,0.0,245.0,"{'bay_window': '', 'flat_roof': '', 'roof': '', 'ac_platform': '', 'plant_room': '', 'garden': '', 'yard': ''}",4.1,4.1,16735.0,16734.693877551017,22031600340039.0,6101927.0,ASP,HSL,赤柱,1978/09,1978.0,48.0,C,5.0,blank,blank,blank,,False,POINT Z (22.2178206 114.2129743 0),22.2178206,114.2129743
553,2023-04-12,"YAU WING LAU,STANLEY MAIN ST|友榮樓,赤柱大街",5786.323999632842,0.0,269.0,"{'bay_window': '', 'flat_roof': '', 'roof': '', 'ac_platform': '', 'plant_room': '', 'garden': '', 'yard': ''}",3.6,3.6,13383.0,13382.899628252788,23041900620025.0,6269360.0,ASP,HSL,赤柱,1978/09,1978.0,48.0,B,4.0,blank,blank,blank,,False,POINT Z (22.2178206 114.2129743 0),22.2178206,114.2129743
554,2025-06-12,"YAU WING LAU,STANLEY MAIN ST|友榮樓,赤柱大街",7258.75158474567,0.0,269.0,"{'bay_window': '', 'flat_roof': '', 'roof': '', 'ac_platform': '', 'plant_room': '', 'garden': '', 'yard': ''}",3.5,3.5,13011.0,13011.152416356876,25061700850058.0,6603825.0,ASP,HSL,赤柱,1978/09,1978.0,48.0,B,5.0,blank,blank,blank,,False,POINT Z (22.2178206 114.2129743 0),22.2178206,114.2129743
555,2025-11-17,"YAU WING LAU,STANLEY MAIN ST|友榮樓,赤柱大街",5696.441781041155,0.0,235.0,"{'bay_window': '', 'flat_roof': '', 'roof': '', 'ac_platform': '', 'plant_room': '', 'garden': '', 'yard': ''}",2.5,2.5,10638.0,10638.297872340425,25121001520027.0,6705611.0,MEM-ASP,HSL,赤柱,1978/09,1978.0,48.0,D,2.0,blank,blank,blank,,False,POINT Z (22.2178206 114.2129743 0),22.2178206,114.2129743
