,instr_date,final_address,time_adj_npsf,gfa,nfa,other_area,original_consid,consid,original_npsf,npsf,memo_no,MW_data_code,nat_instr,d_code,code_chinese,op_date,op_year,bldg_age,unit,floor,block,phase,est_name_en,est_name_ch,with_CPS
1654,1997-10-23,"YIU TSUI HSE(Block B,KAI TSUI COURT),SIU SAI WAN RD|佳翠苑,B座(耀翠閣),小西灣道",3006.5109769934866,596,433,"{'bay_window': '', 'flat_roof': '', 'roof': '', 'ac_platform': '', 'plant_room': '', 'garden': '', 'yard': ''}",1.6,1.6,3695,3695.150115473441,7322216,5125144,ASP,HSSW,小西灣,1993/08,1993,33,6,3,B,blank,KAI TSUI COURT,佳翠苑,False
1655,1997-10-22,"HIN TSUI HSE(Block A,KAI TSUI COURT),SIU SAI WAN RD|佳翠苑,A座(顯翠閣),小西灣道",2949.056161041415,740,538,"{'bay_window': '3', 'flat_roof': '', 'roof': '', 'ac_platform': '', 'plant_room': '', 'garden': '', 'yard': ''}",1.95,1.95,3625,3624.53531598513,7330420,5129159,ASP,HSSW,小西灣,1993/08,1993,33,4,8,A,blank,KAI TSUI COURT,佳翠苑,False
1656,1997-10-11,"YIU TSUI HSE(Block B,KAI TSUI COURT),SIU SAI WAN RD|佳翠苑,B座(耀翠閣),小西灣道",3368.9658403820076,877,640,"{'bay_window': '', 'flat_roof': '', 'roof': '', 'ac_platform': '', 'plant_room': '', 'garden': '', 'yard': ''}",2.65,2.65,4141,4140.625,7339310,5133217,ASP,HSSW,小西灣,1993/08,1993,33,9,36,B,blank,KAI TSUI COURT,佳翠苑,False
1657,1997-11-25,"HIN TSUI HSE(Block A,KAI TSUI COURT),SIU SAI WAN RD|佳翠苑,A座(顯翠閣),小西灣道",3321.21287314676,596,433,"{'bay_window': '', 'flat_roof': '', 'roof': '', 'ac_platform': '', 'plant_room': '', 'garden': '', 'yard': ''}",1.66,1.66,3834,3833.718244803695,7353894,5139107,ASP,HSSW,小西灣,1993/08,1993,33,6,36,A,blank,KAI TSUI COURT,佳翠苑,False
1658,1997-12-02,"YIU TSUI HSE(Block B,KAI TSUI COURT),SIU SAI WAN RD|佳翠苑,B座(耀翠閣),小西灣道",3518.429391642436,823,598,"{'bay_window': '', 'flat_roof': '', 'roof': '', 'ac_platform': '', 'plant_room': '', 'garden': '', 'yard': ''}",2.33,2.33,3896,3896.321070234114,7361966,5140969,ASP,HSSW,小西灣,1993/08,1993,33,3,6,B,blank,KAI TSUI COURT,佳翠苑,False
1659,1997-12-06,"HIN TSUI HSE(Block A,KAI TSUI COURT),SIU SAI WAN RD|佳翠苑,A座(顯翠閣),小西灣道",2937.3106229987147,737,538,"{'bay_window': '', 'flat_roof': '', 'roof': '', 'ac_platform': '', 'plant_room': '', 'garden': '', 'yard': ''}",1.75,1.75,3253,3252.7881040892194,7367591,5144215,ASP,HSSW,小西灣,1993/08,1993,33,8,30,A,blank,KAI TSUI COURT,佳翠苑,False
1660,1997-10-28,"HIN TSUI HSE(Block A,KAI TSUI COURT),SIU SAI WAN RD|佳翠苑,A座(顯翠閣),小西灣道",2722.205687115152,740,538,"{'bay_window': '3', 'flat_roof': '', 'roof': '', 'ac_platform': '', 'plant_room': '', 'garden': '', 'yard': ''}",1.8,1.8,3346,3345.724907063197,7370289,5144009,ASP,HSSW,小西灣,1993/08,1993,33,12,5,A,blank,KAI TSUI COURT,佳翠苑,False
1661,1997-12-15,"HIN TSUI HSE(Block A,KAI TSUI COURT),SIU SAI WAN RD|佳翠苑,A座(顯翠閣),小西灣道",3548.6305023003106,823,598,"{'bay_window': '', 'flat_roof': '', 'roof': '', 'ac_platform': '', 'plant_room': '', 'garden': '', 'yard': ''}",2.35,2.35,3930,3929.7658862876256,7374599,5146367,ASP,HSSW,小西灣,1993/08,1993,33,2,18,A,blank,KAI TSUI COURT,佳翠苑,False
1662,1997-12-16,"YIU TSUI HSE(Block B,KAI TSUI COURT),SIU SAI WAN RD|佳翠苑,B座(耀翠閣),小西灣道",3315.751625586853,877,640,"{'bay_window': '', 'flat_roof': '', 'roof': '', 'ac_platform': '', 'plant_room': '', 'garden': '', 'yard': ''}",2.35,2.35,3672,3671.875,7381169,5146745,ASP,HSSW,小西灣,1993/08,1993,33,9,29,B,blank,KAI TSUI COURT,佳翠苑,False
1663,1997-11-25,"HIN TSUI HSE(Block A,KAI TSUI COURT),SIU SAI WAN RD|佳翠苑,A座(顯翠閣),小西灣道",3059.481603818067,740,538,"{'bay_window': '', 'flat_roof': '', 'roof': '', 'ac_platform': '', 'plant_room': '', 'garden': '', 'yard': ''}",1.9,1.9,3532,3531.5985130111526,7382761,5148415,ASP,HSSW,小西灣,1993/08,1993,33,16,18,A,blank,KAI TSUI COURT,佳翠苑,False
1666,1998-04-15,"HIN TSUI HSE(Block A,KAI TSUI COURT),SIU SAI WAN RD|佳翠苑,A座(顯翠閣),小西灣道",3422.6505991843487,877,640,"{'bay_window': '', 'flat_roof': '', 'roof': '', 'ac_platform': '', 'plant_room': '', 'garden': '', 'yard': ''}",2.08,2.08,3250,3250.0,7458176,5182885,ASP,HSSW,小西灣,1993/08,1993,33,1,28,A,blank,KAI TSUI COURT,佳翠苑,False
1782,1999-08-03,"HARMONY GARDEN(Phase 2),Block 6,SIU SAI WAN RD|富欣花園2期,6座,小西灣道",4177.397594131665,693,592,"{'bay_window': '', 'flat_roof': '', 'roof': '', 'ac_platform': '', 'plant_room': '', 'garden': '', 'yard': ''}",1.82,1.82,3074,3074.324324324324,7837019,270839,ASP,HSSW,小西灣,1997/03,1997,29,H,18,6,2,HARMONY GARDEN,富欣花園,False
1793,1999-08-16,"HARMONY GARDEN(Phase 2),Block 2,SIU SAI WAN RD|富欣花園2期,2座,小西灣道",4420.696574888784,693,592,"{'bay_window': '', 'flat_roof': '', 'roof': '', 'ac_platform': '', 'plant_room': '', 'garden': '', 'yard': ''}",1.926,1.926,3253,3253.3783783783783,7848164,276635,ASP,HSSW,小西灣,1997/03,1997,29,J,22,2,2,HARMONY GARDEN,富欣花園,False
1805,1999-09-06,"HARMONY GARDEN(Phase 1),Block 8,SIU SAI WAN RD|富欣花園1期,8座,小西灣道",4453.333811603081,567,484,"{'bay_window': '', 'flat_roof': '', 'roof': '', 'ac_platform': '', 'plant_room': '', 'garden': '', 'yard': ''}",1.535,1.535,3171,3171.4876033057853,7867239,290775,ASP,HSSW,小西灣,1997/03,1997,29,E,29,8,1,HARMONY GARDEN,富欣花園,False
1810,1999-09-27,"HARMONY GARDEN(Phase 1),Block 1,SIU SAI WAN RD|富欣花園1期,1座,小西灣道",4222.022345026285,693,592,"{'bay_window': '', 'flat_roof': '', 'roof': '', 'ac_platform': '', 'plant_room': '', 'garden': '', 'yard': ''}",1.78,1.78,3007,3006.7567567567567,7884988,301966,ASP,HSSW,小西灣,1997/03,1997,29,D,22,1,1,HARMONY GARDEN,富欣花園,False
1812,1999-10-06,"HARMONY GARDEN(Phase 2),Block 2,SIU SAI WAN RD|富欣花園2期,2座,小西灣道",4745.5310665056295,567,484,"{'bay_window': '', 'flat_roof': '', 'roof': '', 'ac_platform': '', 'plant_room': '', 'garden': '', 'yard': ''}",1.6,1.6,3306,3305.785123966942,7888897,304168,ASP,HSSW,小西灣,1997/03,1997,29,B,22,2,2,HARMONY GARDEN,富欣花園,False
1833,1999-11-19,"HARMONY GARDEN(Phase 2),Block 5,SIU SAI WAN RD|富欣花園2期,5座,小西灣道",4788.146405251442,593,592,"{'bay_window': '', 'flat_roof': '', 'roof': '', 'ac_platform': '', 'plant_room': '', 'garden': '', 'yard': ''}",1.87,1.87,3159,3158.7837837837837,7919512,334555,ASP,HSSW,小西灣,1997/03,1997,29,H,20,5,2,HARMONY GARDEN,富欣花園,False
1835,1999-11-16,"HARMONY GARDEN(Phase 2),Block 3,SIU SAI WAN RD|富欣花園2期,3座,小西灣道",4826.553996737417,693,592,"{'bay_window': '', 'flat_roof': '', 'roof': '', 'ac_platform': '', 'plant_room': '', 'garden': '', 'yard': ''}",1.885,1.885,3184,3184.1216216216217,7922252,336078,ASP,HSSW,小西灣,1997/03,1997,29,C,20,3,2,HARMONY GARDEN,富欣花園,False
1855,1999-12-23,"HARMONY GARDEN(Phase 2),Block 6,SIU SAI WAN RD|富欣花園2期,6座,小西灣道",4312.644452594311,693,592,"{'bay_window': '', 'flat_roof': '', 'roof': '', 'ac_platform': '', 'plant_room': '', 'garden': '', 'yard': ''}",1.79,1.79,3024,3023.6486486486488,7947736,352736,ASP,HSSW,小西灣,1997/03,1997,29,C,11,6,2,HARMONY GARDEN,富欣花園,False
1858,2000-01-03,"HARMONY GARDEN(Phase 2),Block 2,SIU SAI WAN RD|富欣花園2期,2座,小西灣道",4422.608705413802,693,592,"{'bay_window': '', 'flat_roof': '', 'roof': '', 'ac_platform': '', 'plant_room': '', 'garden': '', 'yard': ''}",1.86,1.86,3142,3141.891891891892,7950973,355068,ASP,HSSW,小西灣,1997/03,1997,29,K,26,2,2,HARMONY GARDEN,富欣花園,False
1864,1999-12-30,"HARMONY GARDEN(Phase 2),Block 3,SIU SAI WAN RD|富欣花園2期,3座,小西灣道",4910.150499657656,693,592,"{'bay_window': '', 'flat_roof': '', 'roof': '', 'ac_platform': '', 'plant_room': '', 'garden': '', 'yard': ''}",2.038,2.038,3443,3442.567567567567,7959318,359560,ASP,HSSW,小西灣,1997/03,1997,29,C,22,3,2,HARMONY GARDEN,富欣花園,False
1884,2000-03-30,"HARMONY GARDEN(Phase 1),Block 1,SIU SAI WAN RD|富欣花園1期,1座,小西灣道",4451.285576885502,693,592,"{'bay_window': '', 'flat_roof': '', 'roof': '', 'ac_platform': '', 'plant_room': '', 'garden': '', 'yard': ''}",1.89,1.89,3193,3192.5675675675675,8047751,420046,ASP,HSSW,小西灣,1997/03,1997,29,B,25,1,1,HARMONY GARDEN,富欣花園,False
1896,2000-05-02,"HARMONY GARDEN(Phase 2),Block 2,SIU SAI WAN RD|富欣花園2期,2座,小西灣道",4734.4470137094,693,592,"{'bay_window': '', 'flat_roof': '', 'roof': '', 'ac_platform': '', 'plant_room': '', 'garden': '', 'yard': ''}",1.875,1.875,3167,3167.2297297297296,8070031,438442,ASP,HSSW,小西灣,1997/03,1997,29,J,19,2,2,HARMONY GARDEN,富欣花園,False
1937,2000-10-13,"HARMONY GARDEN(Phase 1),Block 1,SIU SAI WAN RD|富欣花園1期,1座,小西灣道",4622.310969623727,693,592,"{'bay_window': '', 'flat_roof': '', 'roof': '', 'ac_platform': '', 'plant_room': '', 'garden': '', 'yard': ''}",1.808,1.808,3054,3054.054054054054,8216834,550594,ASP,HSSW,小西灣,1997/03,1997,29,A,21,1,1,HARMONY GARDEN,富欣花園,False
1940,2000-10-18,"HARMONY GARDEN(Phase 2),Block 2,SIU SAI WAN RD|富欣花園2期,2座,小西灣道",4729.687662502154,693,592,"{'bay_window': '', 'flat_roof': '', 'roof': '', 'ac_platform': '', 'plant_room': '', 'garden': '', 'yard': ''}",1.85,1.85,3125,3125.0,8225905,555107,ASP,HSSW,小西灣,1997/03,1997,29,K,18,2,2,HARMONY GARDEN,富欣花園,False
1968,2001-03-06,"YIU TSUI HSE(Block B,KAI TSUI COURT),SIU SAI WAN RD|佳翠苑,B座(耀翠閣),小西灣道",5020.510597569915,737,538,"{'bay_window': '', 'flat_roof': '', 'roof': '', 'ac_platform': '', 'plant_room': '', 'garden': '', 'yard': ''}",1.7,1.7,3160,3159.8513011152418,8348153,648948,ASP,HSSW,小西灣,1993/08,1993,33,8,33,B,blank,KAI TSUI COURT,佳翠苑,False
2327,2004-04-22,"CHEERFUL GARDEN(Phase 2),Block 5,SIU SAI WAN RD|富怡花園2期,5座,小西灣道",4948.507714194745,584,483,"{'bay_window': '', 'flat_roof': '', 'roof': '', 'ac_platform': '', 'plant_room': '', 'garden': '', 'yard': ''}",1.598,1.598,3308,3308.4886128364387,9212054,1328526,ASP,HSSW,小西灣,1995/05,1995,31,J,32,5,2,CHEERFUL GARDEN,富怡花園,False
2342,2004-04-27,"HARMONY GARDEN(Phase 1),Block 7,SIU SAI WAN RD|富欣花園1期,7座,小西灣道",4684.908419516106,504,431,"{'bay_window': '', 'flat_roof': '', 'roof': '', 'ac_platform': '', 'plant_room': '', 'garden': '', 'yard': ''}",1.35,1.35,3132,3132.2505800464037,9232585,1346366,ASP,HSSW,小西灣,1997/03,1997,29,A,28,7,1,HARMONY GARDEN,富欣花園,False
2343,2004-04-19,"CHEERFUL GARDEN(Phase 1),Block 1,SIU SAI WAN RD|富怡花園1期,1座,小西灣道",4728.795149441315,517,427,"{'bay_window': '', 'flat_roof': '', 'roof': '', 'ac_platform': '', 'plant_room': '', 'garden': '', 'yard': ''}",1.35,1.35,3162,3161.592505854801,9232586,1346367,ASP,HSSW,小西灣,1995/05,1995,31,A,22,1,1,CHEERFUL GARDEN,富怡花園,False
2364,2004-07-12,"CHEERFUL GARDEN(Phase 1),Block 2,SIU SAI WAN RD|富怡花園1期,2座,小西灣道",5182.348942719387,584,483,"{'bay_window': '', 'flat_roof': '', 'roof': '', 'ac_platform': '', 'plant_room': '', 'garden': '', 'yard': ''}",1.568,1.568,3246,3246.376811594203,9289526,1388997,ASP,HSSW,小西灣,1995/05,1995,31,F,26,2,1,CHEERFUL GARDEN,富怡花園,False
2395,2004-10-18,"CHEERFUL GARDEN(Phase 1),Block 2,SIU SAI WAN RD|富怡花園1期,2座,小西灣道",4433.766468890855,521,431,"{'bay_window': '', 'flat_roof': '', 'roof': '', 'ac_platform': '', 'plant_room': '', 'garden': '', 'yard': ''}",1.4,1.4,3248,3248.259860788863,9374270,1447786,ASP,HSSW,小西灣,1995/05,1995,31,K,36,2,1,CHEERFUL GARDEN,富怡花園,False
2403,2004-11-02,"CHEERFUL GARDEN(Phase 1),Block 1,SIU SAI WAN RD|富怡花園1期,1座,小西灣道",4372.375018054087,581,480,"{'bay_window': '', 'flat_roof': '', 'roof': '', 'ac_platform': '', 'plant_room': '', 'garden': '', 'yard': ''}",1.502,1.502,3129,3129.1666666666665,9400040,1472910,ASP,HSSW,小西灣,1995/05,1995,31,E,29,1,1,CHEERFUL GARDEN,富怡花園,False
2411,2004-11-26,"CHEERFUL GARDEN(Phase 1),Block 1,SIU SAI WAN RD|富怡花園1期,1座,小西灣道",4464.592996364122,701,579,"{'bay_window': '', 'flat_roof': '', 'roof': '', 'ac_platform': '', 'plant_room': '', 'garden': '', 'yard': ''}",1.85,1.85,3195,3195.1640759930915,9419588,1489114,ASP,HSSW,小西灣,1995/05,1995,31,K,10,1,1,CHEERFUL GARDEN,富怡花園,False
2417,2004-12-17,"HIN TSUI HSE(Block A,KAI TSUI COURT),SIU SAI WAN RD|佳翠苑,A座(顯翠閣),小西灣道",4446.351548990562,740,538,"{'bay_window': '3', 'flat_roof': '', 'roof': '', 'ac_platform': '', 'plant_room': '', 'garden': '', 'yard': ''}",1.75,1.75,3253,3252.7881040892194,9438949,1503801,ASP,HSSW,小西灣,1993/08,1993,33,16,24,A,blank,KAI TSUI COURT,佳翠苑,False
2419,2004-12-17,"CHEERFUL GARDEN(Phase 1),Block 2,SIU SAI WAN RD|富怡花園1期,2座,小西灣道",4186.438204880527,521,431,"{'bay_window': '', 'flat_roof': '', 'roof': '', 'ac_platform': '', 'plant_room': '', 'garden': '', 'yard': ''}",1.32,1.32,3063,3062.6450116009282,9440398,1502718,ASP,HSSW,小西灣,1995/05,1995,31,E,22,2,1,CHEERFUL GARDEN,富怡花園,False
2424,2005-01-14,"CHEERFUL GARDEN(Phase 1),Block 1,SIU SAI WAN RD|富怡花園1期,1座,小西灣道",4027.120711738275,709,587,"{'bay_window': '', 'flat_roof': '', 'roof': '', 'ac_platform': '', 'plant_room': '', 'garden': '', 'yard': ''}",1.78,1.78,3032,3032.36797274276,9466927,1523206,ASP,HSSW,小西灣,1995/05,1995,31,D,30,1,1,CHEERFUL GARDEN,富怡花園,False
2425,2005-02-03,"CHEERFUL GARDEN(Phase 1),Block 2,SIU SAI WAN RD|富怡花園1期,2座,小西灣道",4014.347658962961,521,431,"{'bay_window': '', 'flat_roof': '', 'roof': '', 'ac_platform': '', 'plant_room': '', 'garden': '', 'yard': ''}",1.33,1.33,3086,3085.8468677494197,9476568,1530721,ASP,HSSW,小西灣,1995/05,1995,31,E,29,2,1,CHEERFUL GARDEN,富怡花園,False
2438,2005-02-25,"YIU TSUI HSE(Block B,KAI TSUI COURT),SIU SAI WAN RD|佳翠苑,B座(耀翠閣),小西灣道",4156.750416907494,877,640,"{'bay_window': '', 'flat_roof': '', 'roof': '', 'ac_platform': '', 'plant_room': '', 'garden': '', 'yard': ''}",2.045,2.045,3195,3195.3125,5031401730012,1554756,PRO-ASP,HSSW,小西灣,1993/08,1993,33,9,22,B,blank,KAI TSUI COURT,佳翠苑,False
2444,2005-03-02,"HIN TSUI HSE(Block A,KAI TSUI COURT),SIU SAI WAN RD|佳翠苑,A座(顯翠閣),小西灣道",4229.969915034927,740,538,"{'bay_window': '3', 'flat_roof': '', 'roof': '', 'ac_platform': '', 'plant_room': '', 'garden': '', 'yard': ''}",1.68,1.68,3123,3122.6765799256505,5033101900206,1568516,ASP,HSSW,小西灣,1993/08,1993,33,16,20,A,blank,KAI TSUI COURT,佳翠苑,False
2449,2005-03-18,"CHEERFUL GARDEN(Phase 1),Block 2,SIU SAI WAN RD|富怡花園1期,2座,小西灣道",4462.943067465036,521,431,"{'bay_window': '', 'flat_roof': '', 'roof': '', 'ac_platform': '', 'plant_room': '', 'garden': '', 'yard': ''}",1.42,1.42,3295,3294.663573085847,5041301830296,1580484,ASP,HSSW,小西灣,1995/05,1995,31,K,35,2,1,CHEERFUL GARDEN,富怡花園,False
2453,2005-03-26,"CHEERFUL GARDEN(Phase 1),Block 3,SIU SAI WAN RD|富怡花園1期,3座,小西灣道",4871.522362373807,521,431,"{'bay_window': '', 'flat_roof': '', 'roof': '', 'ac_platform': '', 'plant_room': '', 'garden': '', 'yard': ''}",1.55,1.55,3596,3596.2877030162413,5041900570023,1586655,PRO-ASP,HSSW,小西灣,1995/05,1995,31,E,28,3,1,CHEERFUL GARDEN,富怡花園,False
2456,2005-04-07,"YIU TSUI HSE(Block B,KAI TSUI COURT),SIU SAI WAN RD|佳翠苑,B座(耀翠閣),小西灣道",4118.658810222694,596,433,"{'bay_window': '', 'flat_roof': '', 'roof': '', 'ac_platform': '', 'plant_room': '', 'garden': '', 'yard': ''}",1.338,1.338,3090,3090.069284064665,5042500970266,1593136,ASP,HSSW,小西灣,1993/08,1993,33,6,22,B,blank,KAI TSUI COURT,佳翠苑,False
2465,2005-04-08,"CHEERFUL GARDEN(Phase 2),Block 5,SIU SAI WAN RD|富怡花園2期,5座,小西灣道",4638.756632366139,521,431,"{'bay_window': '', 'flat_roof': '', 'roof': '', 'ac_platform': '', 'plant_room': '', 'garden': '', 'yard': ''}",1.5,1.5,3480,3480.278422273782,5050500530239,1602689,ASP,HSSW,小西灣,1995/05,1995,31,E,11,5,2,CHEERFUL GARDEN,富怡花園,False
2469,2005-04-08,"HARMONY GARDEN(Phase 1),Block 7,SIU SAI WAN RD|富欣花園1期,7座,小西灣道",4484.131411287267,504,431,"{'bay_window': '', 'flat_roof': '', 'roof': '', 'ac_platform': '', 'plant_room': '', 'garden': '', 'yard': ''}",1.45,1.45,3364,3364.2691415313225,5051101020023,1609128,ASP,HSSW,小西灣,1997/03,1997,29,F,9,7,1,HARMONY GARDEN,富欣花園,False
2470,2005-05-06,"HARMONY GARDEN(Phase 2),Block 3,SIU SAI WAN RD|富欣花園2期,3座,小西灣道",4919.2348627777565,693,592,"{'bay_window': '', 'flat_roof': '', 'roof': '', 'ac_platform': '', 'plant_room': '', 'garden': '', 'yard': ''}",2.2,2.2,3716,3716.2162162162163,5051301940206,1613831,ASP,HSSW,小西灣,1997/05,1997,29,H,18,3,2,HARMONY GARDEN,富欣花園,False
2476,2005-04-13,"YIU TSUI HSE(Block B,KAI TSUI COURT),SIU SAI WAN RD|佳翠苑,B座(耀翠閣),小西灣道",4162.120077278405,740,538,"{'bay_window': '3', 'flat_roof': '', 'roof': '', 'ac_platform': '', 'plant_room': '', 'garden': '', 'yard': ''}",1.68,1.68,3123,3122.6765799256505,5052002830208,1620543,PRO-ASP,HSSW,小西灣,1993/08,1993,33,16,23,B,blank,KAI TSUI COURT,佳翠苑,False
2478,2005-04-25,"HARMONY GARDEN(Phase 1),Block 8,SIU SAI WAN RD|富欣花園1期,8座,小西灣道",4663.496667738757,504,431,"{'bay_window': '', 'flat_roof': '', 'roof': '', 'ac_platform': '', 'plant_room': '', 'garden': '', 'yard': ''}",1.508,1.508,3499,3498.8399071925755,5052300100029,1621714,ASP,HSSW,小西灣,1997/03,1997,29,F,6,8,1,HARMONY GARDEN,富欣花園,False
2479,2005-04-21,"HARMONY GARDEN(Phase 2),Block 3,SIU SAI WAN RD|富欣花園2期,3座,小西灣道",4990.211543079225,504,414,"{'bay_window': '', 'flat_roof': '', 'roof': '', 'ac_platform': '', 'plant_room': '', 'garden': '', 'yard': ''}",1.55,1.55,3744,3743.9613526570047,5052300650070,1621738,ASP,HSSW,小西灣,1997/05,1997,29,A,12,3,2,HARMONY GARDEN,富欣花園,False
2485,2005-04-29,"HARMONY GARDEN(Phase 1),Block 7,SIU SAI WAN RD|富欣花園1期,7座,小西灣道",4329.506190208395,504,431,"{'bay_window': '', 'flat_roof': '', 'roof': '', 'ac_platform': '', 'plant_room': '', 'garden': '', 'yard': ''}",1.4,1.4,3248,3248.259860788863,5052802980274,1627906,ASP,HSSW,小西灣,1997/03,1997,29,A,17,7,1,HARMONY GARDEN,富欣花園,False
2486,2005-04-29,"CHEERFUL GARDEN(Phase 2),Block 5,SIU SAI WAN RD|富怡花園2期,5座,小西灣道",4910.897021464951,521,431,"{'bay_window': '', 'flat_roof': '', 'roof': '', 'ac_platform': '', 'plant_room': '', 'garden': '', 'yard': ''}",1.588,1.588,3684,3684.4547563805104,5060302580026,1637672,ASP,HSSW,小西灣,1995/05,1995,31,E,39,5,2,CHEERFUL GARDEN,富怡花園,False
2487,2005-04-18,"CHEERFUL GARDEN(Phase 2),Block 5,SIU SAI WAN RD|富怡花園2期,5座,小西灣道",4457.907809604296,716,592,"{'bay_window': '', 'flat_roof': '', 'roof': '', 'ac_platform': '', 'plant_room': '', 'garden': '', 'yard': ''}",1.98,1.98,3345,3344.5945945945946,5060401340017,1636002,PRO-ASP,HSSW,小西灣,1995/05,1995,31,C,32,5,2,CHEERFUL GARDEN,富怡花園,False
2491,2005-05-24,"HIN TSUI HSE(Block A,KAI TSUI COURT),SIU SAI WAN RD|佳翠苑,A座(顯翠閣),小西灣道",4341.072428139296,596,433,"{'bay_window': '', 'flat_roof': '', 'roof': '', 'ac_platform': '', 'plant_room': '', 'garden': '', 'yard': ''}",1.42,1.42,3279,3279.445727482679,5061501530136,1648592,ASP,HSSW,小西灣,1993/08,1993,33,15,31,A,blank,KAI TSUI COURT,佳翠苑,False
2493,2005-06-13,"HIN TSUI HSE(Block A,KAI TSUI COURT),SIU SAI WAN RD|佳翠苑,A座(顯翠閣),小西灣道",4029.4955413866774,596,433,"{'bay_window': '', 'flat_roof': '', 'roof': '', 'ac_platform': '', 'plant_room': '', 'garden': '', 'yard': ''}",1.32,1.32,3048,3048.498845265589,5061700420165,1652183,ASP,HSSW,小西灣,1993/08,1993,33,14,31,A,blank,KAI TSUI COURT,佳翠苑,False
2510,2005-07-06,"HARMONY GARDEN(Phase 2),Block 2,SIU SAI WAN RD|富欣花園2期,2座,小西灣道",4414.7120176585095,503,431,"{'bay_window': '', 'flat_roof': '', 'roof': '', 'ac_platform': '', 'plant_room': '', 'garden': '', 'yard': ''}",1.39,1.39,3225,3225.058004640371,5072201720018,1684917,ASP,HSSW,小西灣,1997/03,1997,29,F,8,2,2,HARMONY GARDEN,富欣花園,False
2518,2005-07-20,"CHEERFUL GARDEN(Phase 2),Block 4,SIU SAI WAN RD|富怡花園2期,4座,小西灣道",5665.121469772633,716,592,"{'bay_window': '', 'flat_roof': '', 'roof': '', 'ac_platform': '', 'plant_room': '', 'garden': '', 'yard': ''}",2.45,2.45,4139,4138.513513513513,5081702800010,1704319,ASP,HSSW,小西灣,1995/05,1995,31,A,39,4,2,CHEERFUL GARDEN,富怡花園,False
2523,2005-09-02,"CHEERFUL GARDEN(Phase 2),Block 5,SIU SAI WAN RD|富怡花園2期,5座,小西灣道",4042.5711068511505,716,592,"{'bay_window': '', 'flat_roof': '', 'roof': '', 'ac_platform': '', 'plant_room': '', 'garden': '', 'yard': ''}",1.88,1.88,3176,3175.675675675676,5091400900014,1723704,ASP,HSSW,小西灣,1995/05,1995,31,B,22,5,2,CHEERFUL GARDEN,富怡花園,False
2526,2005-08-31,"HARMONY GARDEN(Phase 1),Block 7,SIU SAI WAN RD|富欣花園1期,7座,小西灣道",4514.802999690231,695,592,"{'bay_window': '', 'flat_roof': '', 'roof': '', 'ac_platform': '', 'plant_room': '', 'garden': '', 'yard': ''}",2.0,2.0,3378,3378.3783783783783,5091602050290,1726310,ASP,HSSW,小西灣,1997/03,1997,29,D,11,7,1,HARMONY GARDEN,富欣花園,False
2527,2005-08-20,"HARMONY GARDEN(Phase 2),Block 3,SIU SAI WAN RD|富欣花園2期,3座,小西灣道",4348.762724081789,567,484,"{'bay_window': '', 'flat_roof': '', 'roof': '', 'ac_platform': '', 'plant_room': '', 'garden': '', 'yard': ''}",1.575,1.575,3254,3254.1322314049585,5091700420087,1725322,ASP,HSSW,小西灣,1997/05,1997,29,E,5,3,2,HARMONY GARDEN,富欣花園,False
2528,2005-08-22,"YIU TSUI HSE(Block B,KAI TSUI COURT),SIU SAI WAN RD|佳翠苑,B座(耀翠閣),小西灣道",4111.943655102488,748,546,"{'bay_window': '', 'flat_roof': '', 'roof': '', 'ac_platform': '', 'plant_room': '', 'garden': '', 'yard': ''}",1.68,1.68,3077,3076.923076923077,5092000950010,1727067,PRO-ASP,HSSW,小西灣,1993/08,1993,33,8,6,B,blank,KAI TSUI COURT,佳翠苑,False
2529,2005-08-27,"HARMONY GARDEN(Phase 2),Block 4,SIU SAI WAN RD|富欣花園2期,4座,小西灣道",4030.849638702555,504,431,"{'bay_window': '', 'flat_roof': '', 'roof': '', 'ac_platform': '', 'plant_room': '', 'garden': '', 'yard': ''}",1.3,1.3,3016,3016.2412993039443,5092101110123,1727525,MEM-ASP,HSSW,小西灣,1997/03,1997,29,K,1,4,2,HARMONY GARDEN,富欣花園,False
2530,2005-08-26,"HARMONY GARDEN(Phase 1),Block 7,SIU SAI WAN RD|富欣花園1期,7座,小西灣道",4511.4509417786285,504,431,"{'bay_window': '', 'flat_roof': '', 'roof': '', 'ac_platform': '', 'plant_room': '', 'garden': '', 'yard': ''}",1.455,1.455,3376,3375.8700696055685,5092200870059,1728345,ASP,HSSW,小西灣,1997/03,1997,29,F,7,7,1,HARMONY GARDEN,富欣花園,False
2537,2005-09-17,"CHEERFUL GARDEN(Phase 1),Block 3,SIU SAI WAN RD|富怡花園1期,3座,小西灣道",4371.2532716822625,521,431,"{'bay_window': '', 'flat_roof': '', 'roof': '', 'ac_platform': '', 'plant_room': '', 'garden': '', 'yard': ''}",1.48,1.48,3434,3433.874709976798,5100500810012,1737599,ASP,HSSW,小西灣,1995/05,1995,31,K,12,3,1,CHEERFUL GARDEN,富怡花園,False
2544,2005-10-20,"YIU TSUI HSE(Block B,KAI TSUI COURT),SIU SAI WAN RD|佳翠苑,B座(耀翠閣),小西灣道",4375.537630034233,823,598,"{'bay_window': '', 'flat_roof': '', 'roof': '', 'ac_platform': '', 'plant_room': '', 'garden': '', 'yard': ''}",2.0,2.0,3344,3344.4816053511704,5110301750261,1759299,ASP,HSSW,小西灣,1993/08,1993,33,11,10,B,blank,KAI TSUI COURT,佳翠苑,False
2549,2005-11-03,"CHEERFUL GARDEN(Phase 2),Block 5,SIU SAI WAN RD|富怡花園2期,5座,小西灣道",4188.644329150415,716,592,"{'bay_window': '', 'flat_roof': '', 'roof': '', 'ac_platform': '', 'plant_room': '', 'garden': '', 'yard': ''}",1.83,1.83,3091,3091.2162162162163,5111602330054,1767858,ASP,HSSW,小西灣,1995/05,1995,31,G,15,5,2,CHEERFUL GARDEN,富怡花園,False
2575,2006-04-06,"YIU TSUI HSE(Block B,KAI TSUI COURT),SIU SAI WAN RD|佳翠苑,B座(耀翠閣),小西灣道",4082.9426360029297,740,538,"{'bay_window': '3', 'flat_roof': '', 'roof': '', 'ac_platform': '', 'plant_room': '', 'garden': '', 'yard': ''}",1.67,1.67,3104,3104.089219330855,6042401320060,1861868,ASP,HSSW,小西灣,1993/08,1993,33,12,29,B,blank,KAI TSUI COURT,佳翠苑,False
2580,2006-04-21,"HIN TSUI HSE(Block A,KAI TSUI COURT),SIU SAI WAN RD|佳翠苑,A座(顯翠閣),小西灣道",4161.7094208243825,596,433,"{'bay_window': '', 'flat_roof': '', 'roof': '', 'ac_platform': '', 'plant_room': '', 'garden': '', 'yard': ''}",1.37,1.37,3164,3163.972286374134,6050801890068,1870570,ASP,HSSW,小西灣,1993/08,1993,33,14,22,A,blank,KAI TSUI COURT,佳翠苑,False
2581,2006-04-21,"CHEERFUL GARDEN(Phase 2),Block 5,SIU SAI WAN RD|富怡花園2期,5座,小西灣道",4399.289745079868,716,592,"{'bay_window': '', 'flat_roof': '', 'roof': '', 'ac_platform': '', 'plant_room': '', 'garden': '', 'yard': ''}",1.98,1.98,3345,3344.5945945945946,6050902120085,1871167,ASP,HSSW,小西灣,1995/05,1995,31,B,37,5,2,CHEERFUL GARDEN,富怡花園,False
2585,2006-05-17,"HARMONY GARDEN(Phase 2),Block 5,SIU SAI WAN RD|富欣花園2期,5座,小西灣道",4438.812794249132,504,431,"{'bay_window': '', 'flat_roof': '', 'roof': '', 'ac_platform': '', 'plant_room': '', 'garden': '', 'yard': ''}",1.45,1.45,3364,3364.2691415313225,6060700440235,1893146,ASP,HSSW,小西灣,1997/03,1997,29,A,13,5,2,HARMONY GARDEN,富欣花園,False
2586,2006-06-05,"HIN TSUI HSE(Block A,KAI TSUI COURT),SIU SAI WAN RD|佳翠苑,A座(顯翠閣),小西灣道",4050.15066146168,596,433,"{'bay_window': '', 'flat_roof': '', 'roof': '', 'ac_platform': '', 'plant_room': '', 'garden': '', 'yard': ''}",1.343,1.343,3102,3101.6166281755195,6061200420022,1896621,ASP,HSSW,小西灣,1993/08,1993,33,7,5,A,blank,KAI TSUI COURT,佳翠苑,False
2603,2006-07-28,"HIN TSUI HSE(Block A,KAI TSUI COURT),SIU SAI WAN RD|佳翠苑,A座(顯翠閣),小西灣道",4178.9125018732875,740,538,"{'bay_window': '3', 'flat_roof': '', 'roof': '', 'ac_platform': '', 'plant_room': '', 'garden': '', 'yard': ''}",1.74,1.74,3234,3234.200743494424,6080401100010,1933060,ASP,HSSW,小西灣,1993/08,1993,33,16,20,A,blank,KAI TSUI COURT,佳翠苑,False
2611,2006-08-29,"YIU TSUI HSE(Block B,KAI TSUI COURT),SIU SAI WAN RD|佳翠苑,B座(耀翠閣),小西灣道",3931.669704306735,596,433,"{'bay_window': '', 'flat_roof': '', 'roof': '', 'ac_platform': '', 'plant_room': '', 'garden': '', 'yard': ''}",1.3,1.3,3002,3002.309468822171,6090601520012,1954780,ASP,HSSW,小西灣,1993/08,1993,33,14,7,B,blank,KAI TSUI COURT,佳翠苑,False
2614,2006-08-25,"HARMONY GARDEN(Phase 1),Block 1,SIU SAI WAN RD|富欣花園1期,1座,小西灣道",4101.833884798326,504,431,"{'bay_window': '', 'flat_roof': '', 'roof': '', 'ac_platform': '', 'plant_room': '', 'garden': '', 'yard': ''}",1.35,1.35,3132,3132.2505800464037,6091401780127,1958256,ASP,HSSW,小西灣,1997/03,1997,29,K,3,1,1,HARMONY GARDEN,富欣花園,False
2618,2006-09-08,"HARMONY GARDEN(Phase 2),Block 3,SIU SAI WAN RD|富欣花園2期,3座,小西灣道",5115.647239375322,567,484,"{'bay_window': '', 'flat_roof': '', 'roof': '', 'ac_platform': '', 'plant_room': '', 'garden': '', 'yard': ''}",1.88,1.88,3884,3884.2975206611573,6100501410061,1976420,PRO-ASP,HSSW,小西灣,1997/05,1997,29,E,5,3,2,HARMONY GARDEN,富欣花園,False
2624,2006-10-26,"CHEERFUL GARDEN(Phase 2),Block 5,SIU SAI WAN RD|富怡花園2期,5座,小西灣道",4724.255674680889,584,483,"{'bay_window': '', 'flat_roof': '', 'roof': '', 'ac_platform': '', 'plant_room': '', 'garden': '', 'yard': ''}",1.78,1.78,3685,3685.3002070393377,6111101080044,2001093,ASP,HSSW,小西灣,1995/05,1995,31,J,13,5,2,CHEERFUL GARDEN,富怡花園,False
2632,2006-12-01,"CHEERFUL GARDEN(Phase 1),Block 1,SIU SAI WAN RD|富怡花園1期,1座,小西灣道",4020.8894518952925,701,579,"{'bay_window': '', 'flat_roof': '', 'roof': '', 'ac_platform': '', 'plant_room': '', 'garden': '', 'yard': ''}",1.8,1.8,3109,3108.8082901554403,6122000530284,2025712,ASP,HSSW,小西灣,1995/05,1995,31,G,20,1,1,CHEERFUL GARDEN,富怡花園,False
2636,2006-12-07,"CHEERFUL GARDEN(Phase 2),Block 5,SIU SAI WAN RD|富怡花園2期,5座,小西灣道",4762.806948171242,716,592,"{'bay_window': '', 'flat_roof': '', 'roof': '', 'ac_platform': '', 'plant_room': '', 'garden': '', 'yard': ''}",2.18,2.18,3682,3682.4324324324325,7010402310029,2033350,PRO-ASP,HSSW,小西灣,1995/05,1995,31,G,15,5,2,CHEERFUL GARDEN,富怡花園,False
2637,2006-12-20,"YIU TSUI HSE(Block B,KAI TSUI COURT),SIU SAI WAN RD|佳翠苑,B座(耀翠閣),小西灣道",4303.273478767865,740,538,"{'bay_window': '3', 'flat_roof': '', 'roof': '', 'ac_platform': '', 'plant_room': '', 'garden': '', 'yard': ''}",1.79,1.79,3327,3327.1375464684015,7010801170100,2035221,ASP,HSSW,小西灣,1993/08,1993,33,16,38,B,blank,KAI TSUI COURT,佳翠苑,False
2649,2007-02-08,"CHEERFUL GARDEN(Phase 2),Block 5,SIU SAI WAN RD|富怡花園2期,5座,小西灣道",4518.745365390266,716,592,"{'bay_window': '', 'flat_roof': '', 'roof': '', 'ac_platform': '', 'plant_room': '', 'garden': '', 'yard': ''}",2.11,2.11,3564,3564.189189189189,7022201300013,2069817,ASP,HSSW,小西灣,1995/05,1995,31,B,22,5,2,CHEERFUL GARDEN,富怡花園,False
2652,2007-02-12,"CHEERFUL GARDEN(Phase 1),Block 3,SIU SAI WAN RD|富怡花園1期,3座,小西灣道",4176.091688393848,716,592,"{'bay_window': '', 'flat_roof': '', 'roof': '', 'ac_platform': '', 'plant_room': '', 'garden': '', 'yard': ''}",1.95,1.95,3294,3293.9189189189187,7030602410518,2078907,ASP,HSSW,小西灣,1995/05,1995,31,A,3,3,1,CHEERFUL GARDEN,富怡花園,False
2656,2007-03-07,"CHEERFUL GARDEN(Phase 2),Block 4,SIU SAI WAN RD|富怡花園2期,4座,小西灣道",4345.349032637285,521,431,"{'bay_window': '', 'flat_roof': '', 'roof': '', 'ac_platform': '', 'plant_room': '', 'garden': '', 'yard': ''}",1.48,1.48,3434,3433.874709976798,7031901710226,2086646,ASP,HSSW,小西灣,1995/05,1995,31,E,5,4,2,CHEERFUL GARDEN,富怡花園,False
2659,2007-03-23,"CHEERFUL GARDEN(Phase 1),Block 1,SIU SAI WAN RD|富怡花園1期,1座,小西灣道",4574.02424883259,580,480,"{'bay_window': '', 'flat_roof': '', 'roof': '', 'ac_platform': '', 'plant_room': '', 'garden': '', 'yard': ''}",1.735,1.735,3615,3614.5833333333335,7041200800011,2102305,PRO-ASP,HSSW,小西灣,1995/05,1995,31,B,20,1,1,CHEERFUL GARDEN,富怡花園,False
2663,2007-04-03,"HARMONY GARDEN(Phase 2),Block 5,SIU SAI WAN RD|富欣花園2期,5座,小西灣道",4436.635680726949,504,431,"{'bay_window': '', 'flat_roof': '', 'roof': '', 'ac_platform': '', 'plant_room': '', 'garden': '', 'yard': ''}",1.55,1.55,3596,3596.2877030162413,7041901800246,2108658,ASP,HSSW,小西灣,1997/03,1997,29,F,11,5,2,HARMONY GARDEN,富欣花園,False
2667,2007-04-02,"YIU TSUI HSE(Block B,KAI TSUI COURT),SIU SAI WAN RD|佳翠苑,B座(耀翠閣),小西灣道",3874.809462288473,596,433,"{'bay_window': '', 'flat_roof': '', 'roof': '', 'ac_platform': '', 'plant_room': '', 'garden': '', 'yard': ''}",1.36,1.36,3141,3140.877598152425,7042602060062,2115270,ASP,HSSW,小西灣,1993/08,1993,33,7,31,B,blank,KAI TSUI COURT,佳翠苑,False
2669,2007-04-16,"HARMONY GARDEN(Phase 2),Block 5,SIU SAI WAN RD|富欣花園2期,5座,小西灣道",4579.752960750399,504,431,"{'bay_window': '', 'flat_roof': '', 'roof': '', 'ac_platform': '', 'plant_room': '', 'garden': '', 'yard': ''}",1.6,1.6,3712,3712.2969837587007,7050301910546,2120722,ASP,HSSW,小西灣,1997/03,1997,29,F,13,5,2,HARMONY GARDEN,富欣花園,False
2673,2007-04-30,"HIN TSUI HSE(Block A,KAI TSUI COURT),SIU SAI WAN RD|佳翠苑,A座(顯翠閣),小西灣道",3703.8619860110402,596,433,"{'bay_window': '', 'flat_roof': '', 'roof': '', 'ac_platform': '', 'plant_room': '', 'garden': '', 'yard': ''}",1.3,1.3,3002,3002.309468822171,7051801180175,2134264,ASP,HSSW,小西灣,1993/08,1993,33,6,10,A,blank,KAI TSUI COURT,佳翠苑,False
2687,2007-06-15,"HIN TSUI HSE(Block A,KAI TSUI COURT),SIU SAI WAN RD|佳翠苑,A座(顯翠閣),小西灣道",4132.680802149052,740,538,"{'bay_window': '3', 'flat_roof': '', 'roof': '', 'ac_platform': '', 'plant_room': '', 'garden': '', 'yard': ''}",1.85,1.85,3439,3438.6617100371745,7062300460129,2168835,ASP,HSSW,小西灣,1993/08,1993,33,16,35,A,blank,KAI TSUI COURT,佳翠苑,False
2688,2007-05-31,"CHEERFUL GARDEN(Phase 2),Block 4,SIU SAI WAN RD|富怡花園2期,4座,小西灣道",4083.0627559024956,521,431,"{'bay_window': '', 'flat_roof': '', 'roof': '', 'ac_platform': '', 'plant_room': '', 'garden': '', 'yard': ''}",1.467,1.467,3404,3403.7122969837587,7062500660015,2167910,PRO-ASP,HSSW,小西灣,1995/05,1995,31,K,19,4,2,CHEERFUL GARDEN,富怡花園,False
2691,2007-06-18,"CHEERFUL GARDEN(Phase 2),Block 4,SIU SAI WAN RD|富怡花園2期,4座,小西灣道",4433.658759358303,521,431,"{'bay_window': '', 'flat_roof': '', 'roof': '', 'ac_platform': '', 'plant_room': '', 'garden': '', 'yard': ''}",1.59,1.59,3689,3689.0951276102087,7062602130027,2169897,ASP,HSSW,小西灣,1995/05,1995,31,E,38,4,2,CHEERFUL GARDEN,富怡花園,False
2694,2007-06-20,"CHEERFUL GARDEN(Phase 2),Block 5,SIU SAI WAN RD|富怡花園2期,5座,小西灣道",4354.450198895791,584,483,"{'bay_window': '', 'flat_roof': '', 'roof': '', 'ac_platform': '', 'plant_room': '', 'garden': '', 'yard': ''}",1.75,1.75,3623,3623.1884057971015,7062802720188,2172805,ASP,HSSW,小西灣,1995/05,1995,31,J,29,5,2,CHEERFUL GARDEN,富怡花園,False
2696,2007-05-10,"HARMONY GARDEN(Phase 2),Block 5,SIU SAI WAN RD|富欣花園2期,5座,小西灣道",5349.5275868384815,693,592,"{'bay_window': '', 'flat_roof': '', 'roof': '', 'ac_platform': '', 'plant_room': '', 'garden': '', 'yard': ''}",2.64,2.64,4459,4459.459459459459,7070500580059,2179006,PRO-ASP,HSSW,小西灣,1997/03,1997,29,G,8,5,2,HARMONY GARDEN,富欣花園,False
2697,2007-06-11,"CHEERFUL GARDEN(Phase 1),Block 1,SIU SAI WAN RD|富怡花園1期,1座,小西灣道",4176.353185760952,581,480,"{'bay_window': '', 'flat_roof': '', 'roof': '', 'ac_platform': '', 'plant_room': '', 'garden': '', 'yard': ''}",1.668,1.668,3475,3475.0,7070602080448,2180531,PRO-ASP,HSSW,小西灣,1995/05,1995,31,E,20,1,1,CHEERFUL GARDEN,富怡花園,False
2710,2007-08-03,"HIN TSUI HSE(Block A,KAI TSUI COURT),SIU SAI WAN RD|佳翠苑,A座(顯翠閣),小西灣道",3567.912587428869,596,433,"{'bay_window': '', 'flat_roof': '', 'roof': '', 'ac_platform': '', 'plant_room': '', 'garden': '', 'yard': ''}",1.31,1.31,3025,3025.40415704388,7081301740028,2215353,ASP,HSSW,小西灣,1993/08,1993,33,6,11,A,blank,KAI TSUI COURT,佳翠苑,False
2713,2007-07-27,"YIU TSUI HSE(Block B,KAI TSUI COURT),SIU SAI WAN RD|佳翠苑,B座(耀翠閣),小西灣道",3947.2029589359067,740,538,"{'bay_window': '3', 'flat_roof': '', 'roof': '', 'ac_platform': '', 'plant_room': '', 'garden': '', 'yard': ''}",1.79,1.79,3327,3327.1375464684015,7082000910160,2221677,ASP,HSSW,小西灣,1993/08,1993,33,13,19,B,blank,KAI TSUI COURT,佳翠苑,False
2717,2007-08-07,"HIN TSUI HSE(Block A,KAI TSUI COURT),SIU SAI WAN RD|佳翠苑,A座(顯翠閣),小西灣道",3904.7641983536296,823,598,"{'bay_window': '', 'flat_roof': '', 'roof': '', 'ac_platform': '', 'plant_room': '', 'garden': '', 'yard': ''}",1.98,1.98,3311,3311.0367892976587,7082701850268,2228749,ASP,HSSW,小西灣,1993/08,1993,33,11,10,A,blank,KAI TSUI COURT,佳翠苑,False
2725,2007-08-03,"HIN TSUI HSE(Block A,KAI TSUI COURT),SIU SAI WAN RD|佳翠苑,A座(顯翠閣),小西灣道",3989.513314295517,740,538,"{'bay_window': '3', 'flat_roof': '', 'roof': '', 'ac_platform': '', 'plant_room': '', 'garden': '', 'yard': ''}",1.82,1.82,3383,3382.8996282527883,7091001110060,2241102,PRO-ASP,HSSW,小西灣,1993/08,1993,33,16,24,A,blank,KAI TSUI COURT,佳翠苑,False
2732,2007-09-11,"HARMONY GARDEN(Phase 2),Block 5,SIU SAI WAN RD|富欣花園2期,5座,小西灣道",4446.207680211229,504,431,"{'bay_window': '', 'flat_roof': '', 'roof': '', 'ac_platform': '', 'plant_room': '', 'garden': '', 'yard': ''}",1.665,1.665,3863,3863.109048723898,7100200540234,2260329,PRO-ASP,HSSW,小西灣,1997/03,1997,29,F,13,5,2,HARMONY GARDEN,富欣花園,False
2740,2007-09-22,"YIU TSUI HSE(Block B,KAI TSUI COURT),SIU SAI WAN RD|佳翠苑,B座(耀翠閣),小西灣道",4229.705405332475,877,640,"{'bay_window': '', 'flat_roof': '', 'roof': '', 'ac_platform': '', 'plant_room': '', 'garden': '', 'yard': ''}",2.352,2.352,3675,3675.0,7101802270161,2274518,PRO-ASP,HSSW,小西灣,1993/08,1993,33,1,34,B,blank,KAI TSUI COURT,佳翠苑,False
2741,2007-10-15,"CHEERFUL GARDEN(Phase 2),Block 4,SIU SAI WAN RD|富怡花園2期,4座,小西灣道",3780.734580223974,521,431,"{'bay_window': '', 'flat_roof': '', 'roof': '', 'ac_platform': '', 'plant_room': '', 'garden': '', 'yard': ''}",1.47,1.47,3411,3410.6728538283064,7102200720165,2275987,ASP,HSSW,小西灣,1995/05,1995,31,K,7,4,2,CHEERFUL GARDEN,富怡花園,False
2744,2007-10-23,"YIU TSUI HSE(Block B,KAI TSUI COURT),SIU SAI WAN RD|佳翠苑,B座(耀翠閣),小西灣道",3993.6759868020786,596,433,"{'bay_window': '', 'flat_roof': '', 'roof': '', 'ac_platform': '', 'plant_room': '', 'garden': '', 'yard': ''}",1.56,1.56,3603,3602.771362586605,7102603080011,2281989,ASP,HSSW,小西灣,1993/08,1993,33,15,31,B,blank,KAI TSUI COURT,佳翠苑,False
2748,2007-10-07,"HIN TSUI HSE(Block A,KAI TSUI COURT),SIU SAI WAN RD|佳翠苑,A座(顯翠閣),小西灣道",3811.7602578731826,740,538,"{'bay_window': '3', 'flat_roof': '', 'roof': '', 'ac_platform': '', 'plant_room': '', 'garden': '', 'yard': ''}",1.85,1.85,3439,3438.6617100371745,7110100840259,2287397,PRO-ASP,HSSW,小西灣,1993/08,1993,33,4,29,A,blank,KAI TSUI COURT,佳翠苑,False
2773,2007-12-21,"CHEERFUL GARDEN(Phase 2),Block 5,SIU SAI WAN RD|富怡花園2期,5座,小西灣道",4196.748860973249,586,484,"{'bay_window': '', 'flat_roof': '', 'roof': '', 'ac_platform': '', 'plant_room': '', 'garden': '', 'yard': ''}",1.989,1.989,4110,4109.504132231405,8010701210044,2362928,ASP,HSSW,小西灣,1995/05,1995,31,F,22,5,2,CHEERFUL GARDEN,富怡花園,False
2775,2008-01-07,"HARMONY GARDEN(Phase 2),Block 2,SIU SAI WAN RD|富欣花園2期,2座,小西灣道",4273.877162235595,504,431,"{'bay_window': '', 'flat_roof': '', 'roof': '', 'ac_platform': '', 'plant_room': '', 'garden': '', 'yard': ''}",1.9,1.9,4408,4408.352668213457,8011103510157,2370471,ASP,HSSW,小西灣,1997/03,1997,29,A,21,2,2,HARMONY GARDEN,富欣花園,False
2780,2007-12-09,"HIN TSUI HSE(Block A,KAI TSUI COURT),SIU SAI WAN RD|佳翠苑,A座(顯翠閣),小西灣道",3796.3940122552344,740,538,"{'bay_window': '3', 'flat_roof': '', 'roof': '', 'ac_platform': '', 'plant_room': '', 'garden': '', 'yard': ''}",2.0,2.0,3717,3717.472118959108,8012100270034,2383004,PRO-ASP,HSSW,小西灣,1993/08,1993,33,12,37,A,blank,KAI TSUI COURT,佳翠苑,False
2786,2008-01-17,"CHEERFUL GARDEN(Phase 1),Block 3,SIU SAI WAN RD|富怡花園1期,3座,小西灣道",3684.7371782343253,716,592,"{'bay_window': '', 'flat_roof': '', 'roof': '', 'ac_platform': '', 'plant_room': '', 'garden': '', 'yard': ''}",2.25,2.25,3801,3800.675675675676,8013100530651,2397351,ASP,HSSW,小西灣,1995/05,1995,31,A,1,3,1,CHEERFUL GARDEN,富怡花園,False
2787,2008-01-18,"CHEERFUL GARDEN(Phase 1),Block 2,SIU SAI WAN RD|富怡花園1期,2座,小西灣道",3602.8541298291175,716,592,"{'bay_window': '', 'flat_roof': '', 'roof': '', 'ac_platform': '', 'plant_room': '', 'garden': '', 'yard': ''}",2.2,2.2,3716,3716.2162162162163,8020100730370,2398897,ASP,HSSW,小西灣,1995/05,1995,31,B,38,2,1,CHEERFUL GARDEN,富怡花園,False
2788,2008-01-15,"HARMONY GARDEN(Phase 2),Block 3,SIU SAI WAN RD|富欣花園2期,3座,小西灣道",4496.210055038393,504,414,"{'bay_window': '', 'flat_roof': '', 'roof': '', 'ac_platform': '', 'plant_room': '', 'garden': '', 'yard': ''}",1.92,1.92,4638,4637.68115942029,8020102210216,2399165,ASP,HSSW,小西灣,1997/05,1997,29,A,27,3,2,HARMONY GARDEN,富欣花園,False
2791,2008-01-22,"CHEERFUL GARDEN(Phase 1),Block 2,SIU SAI WAN RD|富怡花園1期,2座,小西灣道",3599.0544524089223,521,431,"{'bay_window': '', 'flat_roof': '', 'roof': '', 'ac_platform': '', 'plant_room': '', 'garden': '', 'yard': ''}",1.6,1.6,3712,3712.2969837587007,8021202450107,2409230,ASP,HSSW,小西灣,1995/05,1995,31,K,8,2,1,CHEERFUL GARDEN,富怡花園,False
2796,2008-01-27,"HIN TSUI HSE(Block A,KAI TSUI COURT),SIU SAI WAN RD|佳翠苑,A座(顯翠閣),小西灣道",3027.42024616665,740,538,"{'bay_window': '3', 'flat_roof': '', 'roof': '', 'ac_platform': '', 'plant_room': '', 'garden': '', 'yard': ''}",1.68,1.68,3123,3122.6765799256505,8022502830217,2425202,PRO-ASP,HSSW,小西灣,1993/08,1993,33,4,19,A,blank,KAI TSUI COURT,佳翠苑,False
2797,2008-02-20,"CHEERFUL GARDEN(Phase 1),Block 1,SIU SAI WAN RD|富怡花園1期,1座,小西灣道",3736.993595650172,581,480,"{'bay_window': '', 'flat_roof': '', 'roof': '', 'ac_platform': '', 'plant_room': '', 'garden': '', 'yard': ''}",1.9,1.9,3958,3958.3333333333335,8030302960055,2433736,ASP,HSSW,小西灣,1995/05,1995,31,E,8,1,1,CHEERFUL GARDEN,富怡花園,False
2798,2008-02-20,"YIU TSUI HSE(Block B,KAI TSUI COURT),SIU SAI WAN RD|佳翠苑,B座(耀翠閣),小西灣道",3527.7728286444017,596,433,"{'bay_window': '', 'flat_roof': '', 'roof': '', 'ac_platform': '', 'plant_room': '', 'garden': '', 'yard': ''}",1.618,1.618,3737,3736.7205542725173,8030500530032,2435803,ASP,HSSW,小西灣,1993/08,1993,33,15,30,B,blank,KAI TSUI COURT,佳翠苑,False
2799,2008-02-13,"YIU TSUI HSE(Block B,KAI TSUI COURT),SIU SAI WAN RD|佳翠苑,B座(耀翠閣),小西灣道",3299.0246729746773,740,538,"{'bay_window': '3', 'flat_roof': '', 'roof': '', 'ac_platform': '', 'plant_room': '', 'garden': '', 'yard': ''}",1.88,1.88,3494,3494.4237918215613,8031000290022,2438670,ASP,HSSW,小西灣,1993/08,1993,33,12,19,B,blank,KAI TSUI COURT,佳翠苑,False
2801,2008-02-28,"HARMONY GARDEN(Phase 2),Block 5,SIU SAI WAN RD|富欣花園2期,5座,小西灣道",4478.540563173272,567,484,"{'bay_window': '', 'flat_roof': '', 'roof': '', 'ac_platform': '', 'plant_room': '', 'garden': '', 'yard': ''}",2.296,2.296,4744,4743.801652892562,8031301310143,2442531,ASP,HSSW,小西灣,1997/03,1997,29,E,27,5,2,HARMONY GARDEN,富欣花園,False
2802,2008-03-07,"YIU TSUI HSE(Block B,KAI TSUI COURT),SIU SAI WAN RD|佳翠苑,B座(耀翠閣),小西灣道",3336.899977894634,596,433,"{'bay_window': '', 'flat_roof': '', 'roof': '', 'ac_platform': '', 'plant_room': '', 'garden': '', 'yard': ''}",1.53,1.53,3533,3533.487297921478,8031803050472,2447125,ASP,HSSW,小西灣,1993/08,1993,33,14,24,B,blank,KAI TSUI COURT,佳翠苑,False
2808,2008-03-26,"HARMONY GARDEN(Phase 2),Block 3,SIU SAI WAN RD|富欣花園2期,3座,小西灣道",4099.690496821374,693,592,"{'bay_window': '', 'flat_roof': '', 'roof': '', 'ac_platform': '', 'plant_room': '', 'garden': '', 'yard': ''}",2.57,2.57,4341,4341.216216216216,8033102750033,2460610,ASP,HSSW,小西灣,1997/05,1997,29,J,16,3,2,HARMONY GARDEN,富欣花園,False
2809,2008-03-09,"YIU TSUI HSE(Block B,KAI TSUI COURT),SIU SAI WAN RD|佳翠苑,B座(耀翠閣),小西灣道",3159.583840866776,740,538,"{'bay_window': '3', 'flat_roof': '', 'roof': '', 'ac_platform': '', 'plant_room': '', 'garden': '', 'yard': ''}",1.8,1.8,3346,3345.724907063197,8040702370024,2466512,PRO-ASP,HSSW,小西灣,1993/08,1993,33,16,17,B,blank,KAI TSUI COURT,佳翠苑,False
2811,2008-03-10,"YIU TSUI HSE(Block B,KAI TSUI COURT),SIU SAI WAN RD|佳翠苑,B座(耀翠閣),小西灣道",3212.2435715478887,740,538,"{'bay_window': '', 'flat_roof': '', 'roof': '', 'ac_platform': '', 'plant_room': '', 'garden': '', 'yard': ''}",1.83,1.83,3401,3401.4869888475837,8040902740028,2470970,ASP,HSSW,小西灣,1993/08,1993,33,12,38,B,blank,KAI TSUI COURT,佳翠苑,False
2815,2008-04-11,"HARMONY GARDEN(Phase 1),Block 8,SIU SAI WAN RD|富欣花園1期,8座,小西灣道",4204.499468899919,504,431,"{'bay_window': '', 'flat_roof': '', 'roof': '', 'ac_platform': '', 'plant_room': '', 'garden': '', 'yard': ''}",1.88,1.88,4362,4361.948955916473,8042302180594,2484397,ASP,HSSW,小西灣,1997/03,1997,29,A,11,8,1,HARMONY GARDEN,富欣花園,False
2816,2008-04-03,"CHEERFUL GARDEN(Phase 1),Block 1,SIU SAI WAN RD|富怡花園1期,1座,小西灣道",4176.164297582529,517,427,"{'bay_window': '', 'flat_roof': '', 'roof': '', 'ac_platform': '', 'plant_room': '', 'garden': '', 'yard': ''}",1.85,1.85,4333,4332.552693208431,8042402300024,2485803,ASP,HSSW,小西灣,1995/05,1995,31,A,17,1,1,CHEERFUL GARDEN,富怡花園,False
2818,2008-04-15,"CHEERFUL GARDEN(Phase 1),Block 1,SIU SAI WAN RD|富怡花園1期,1座,小西灣道",3296.2515679728563,701,579,"{'bay_window': '', 'flat_roof': '', 'roof': '', 'ac_platform': '', 'plant_room': '', 'garden': '', 'yard': ''}",1.98,1.98,3420,3419.6891191709847,8042502720078,2487102,ASP,HSSW,小西灣,1995/05,1995,31,G,6,1,1,CHEERFUL GARDEN,富怡花園,False
2821,2008-04-15,"CHEERFUL GARDEN(Phase 1),Block 3,SIU SAI WAN RD|富怡花園1期,3座,小西灣道",4122.481417232768,586,484,"{'bay_window': '', 'flat_roof': '', 'roof': '', 'ac_platform': '', 'plant_room': '', 'garden': '', 'yard': ''}",2.07,2.07,4277,4276.8595041322305,8050801570022,2497450,ASP,HSSW,小西灣,1995/05,1995,31,F,24,3,1,CHEERFUL GARDEN,富怡花園,False
2822,2008-04-21,"CHEERFUL GARDEN(Phase 1),Block 2,SIU SAI WAN RD|富怡花園1期,2座,小西灣道",3604.681818933001,586,484,"{'bay_window': '', 'flat_roof': '', 'roof': '', 'ac_platform': '', 'plant_room': '', 'garden': '', 'yard': ''}",1.81,1.81,3740,3739.6694214876034,8050901050030,2498608,ASP,HSSW,小西灣,1995/05,1995,31,F,6,2,1,CHEERFUL GARDEN,富怡花園,False
2826,2008-04-23,"CHEERFUL GARDEN(Phase 2),Block 4,SIU SAI WAN RD|富怡花園2期,4座,小西灣道",4244.7692057848835,584,483,"{'bay_window': '', 'flat_roof': '', 'roof': '', 'ac_platform': '', 'plant_room': '', 'garden': '', 'yard': ''}",2.127,2.127,4404,4403.726708074534,8051600510102,2504249,ASP,HSSW,小西灣,1995/05,1995,31,J,15,4,2,CHEERFUL GARDEN,富怡花園,False
2827,2008-04-29,"CHEERFUL GARDEN(Phase 1),Block 1,SIU SAI WAN RD|富怡花園1期,1座,小西灣道",3386.0791602020504,517,427,"{'bay_window': '', 'flat_roof': '', 'roof': '', 'ac_platform': '', 'plant_room': '', 'garden': '', 'yard': ''}",1.5,1.5,3513,3512.88056206089,8051900450211,2505768,ASP,HSSW,小西灣,1995/05,1995,31,A,15,1,1,CHEERFUL GARDEN,富怡花園,False
2829,2008-05-09,"YIU TSUI HSE(Block B,KAI TSUI COURT),SIU SAI WAN RD|佳翠苑,B座(耀翠閣),小西灣道",3762.427499135912,596,433,"{'bay_window': '', 'flat_roof': '', 'roof': '', 'ac_platform': '', 'plant_room': '', 'garden': '', 'yard': ''}",1.69,1.69,3903,3903.002309468822,8052101270011,2508727,ASP,HSSW,小西灣,1993/08,1993,33,6,33,B,blank,KAI TSUI COURT,佳翠苑,False
2832,2008-05-17,"CHEERFUL GARDEN(Phase 1),Block 2,SIU SAI WAN RD|富怡花園1期,2座,小西灣道",3692.2740615027174,584,483,"{'bay_window': '', 'flat_roof': '', 'roof': '', 'ac_platform': '', 'plant_room': '', 'garden': '', 'yard': ''}",1.85,1.85,3830,3830.2277432712217,8052702770028,2514754,PRO-ASP,HSSW,小西灣,1995/05,1995,31,J,1,2,1,CHEERFUL GARDEN,富怡花園,False
2840,2008-06-06,"HARMONY GARDEN(Phase 1),Block 8,SIU SAI WAN RD|富欣花園1期,8座,小西灣道",3578.1606008936465,567,484,"{'bay_window': '', 'flat_roof': '', 'roof': '', 'ac_platform': '', 'plant_room': '', 'garden': '', 'yard': ''}",1.85,1.85,3822,3822.314049586777,8061601910084,2533947,ASP,HSSW,小西灣,1997/03,1997,29,B,1,8,1,HARMONY GARDEN,富欣花園,False
2841,2008-06-02,"HARMONY GARDEN(Phase 2),Block 3,SIU SAI WAN RD|富欣花園2期,3座,小西灣道",4522.3390281564825,504,414,"{'bay_window': '', 'flat_roof': '', 'roof': '', 'ac_platform': '', 'plant_room': '', 'garden': '', 'yard': ''}",2.0,2.0,4831,4830.917874396136,8061602720180,2534084,ASP,HSSW,小西灣,1997/05,1997,29,A,20,3,2,HARMONY GARDEN,富欣花園,False
2842,2008-06-03,"HIN TSUI HSE(Block A,KAI TSUI COURT),SIU SAI WAN RD|佳翠苑,A座(顯翠閣),小西灣道",3718.5533200573536,596,433,"{'bay_window': '', 'flat_roof': '', 'roof': '', 'ac_platform': '', 'plant_room': '', 'garden': '', 'yard': ''}",1.72,1.72,3972,3972.2863741339493,8061701550458,2535248,ASP,HSSW,小西灣,1993/08,1993,33,15,31,A,blank,KAI TSUI COURT,佳翠苑,False
2844,2008-06-18,"CHEERFUL GARDEN(Phase 1),Block 3,SIU SAI WAN RD|富怡花園1期,3座,小西灣道",4177.744269151501,586,484,"{'bay_window': '', 'flat_roof': '', 'roof': '', 'ac_platform': '', 'plant_room': '', 'garden': '', 'yard': ''}",2.16,2.16,4463,4462.809917355372,8062400250015,2542606,ASP,HSSW,小西灣,1995/05,1995,31,F,31,3,1,CHEERFUL GARDEN,富怡花園,False
2847,2008-06-23,"CHEERFUL GARDEN(Phase 1),Block 2,SIU SAI WAN RD|富怡花園1期,2座,小西灣道",2846.3235167079483,716,592,"{'bay_window': '', 'flat_roof': '', 'roof': '', 'ac_platform': '', 'plant_room': '', 'garden': '', 'yard': ''}",1.8,1.8,3041,3040.5405405405404,8063002240755,2548899,ASP,HSSW,小西灣,1995/05,1995,31,D,26,2,1,CHEERFUL GARDEN,富怡花園,False
2848,2008-06-27,"HARMONY GARDEN(Phase 2),Block 5,SIU SAI WAN RD|富欣花園2期,5座,小西灣道",3192.8133245423114,504,431,"{'bay_window': '', 'flat_roof': '', 'roof': '', 'ac_platform': '', 'plant_room': '', 'garden': '', 'yard': ''}",1.47,1.47,3411,3410.6728538283064,8070701240126,2552808,ASP,HSSW,小西灣,1997/03,1997,29,A,3,5,2,HARMONY GARDEN,富欣花園,False
2851,2008-07-03,"YIU TSUI HSE(Block B,KAI TSUI COURT),SIU SAI WAN RD|佳翠苑,B座(耀翠閣),小西灣道",3600.407464515687,737,538,"{'bay_window': '', 'flat_roof': '', 'roof': '', 'ac_platform': '', 'plant_room': '', 'garden': '', 'yard': ''}",2.08,2.08,3866,3866.171003717472,8071400790049,2558916,ASP,HSSW,小西灣,1993/08,1993,33,8,33,B,blank,KAI TSUI COURT,佳翠苑,False
2853,2008-06-28,"HARMONY GARDEN(Phase 2),Block 4,SIU SAI WAN RD|富欣花園2期,4座,小西灣道",3051.8913262479664,693,592,"{'bay_window': '', 'flat_roof': '', 'roof': '', 'ac_platform': '', 'plant_room': '', 'garden': '', 'yard': ''}",1.93,1.93,3260,3260.135135135135,8071601000014,2561540,PRO-ASP,HSSW,小西灣,1997/03,1997,29,B,25,4,2,HARMONY GARDEN,富欣花園,False
2856,2008-07-08,"YIU TSUI HSE(Block B,KAI TSUI COURT),SIU SAI WAN RD|佳翠苑,B座(耀翠閣),小西灣道",3271.5240903531962,740,538,"{'bay_window': '', 'flat_roof': '', 'roof': '', 'ac_platform': '', 'plant_room': '', 'garden': '', 'yard': ''}",1.89,1.89,3513,3513.0111524163567,8071701730036,2562608,ASP,HSSW,小西灣,1993/08,1993,33,5,15,B,blank,KAI TSUI COURT,佳翠苑,False
2858,2008-07-09,"CHEERFUL GARDEN(Phase 1),Block 1,SIU SAI WAN RD|富怡花園1期,1座,小西灣道",3925.682972253863,517,427,"{'bay_window': '', 'flat_roof': '', 'roof': '', 'ac_platform': '', 'plant_room': '', 'garden': '', 'yard': ''}",1.8,1.8,4215,4215.456674473068,8072102350028,2565166,ASP,HSSW,小西灣,1995/05,1995,31,A,12,1,1,CHEERFUL GARDEN,富怡花園,False
2859,2008-06-24,"YIU TSUI HSE(Block B,KAI TSUI COURT),SIU SAI WAN RD|佳翠苑,B座(耀翠閣),小西灣道",3130.8500964160257,823,598,"{'bay_window': '', 'flat_roof': '', 'roof': '', 'ac_platform': '', 'plant_room': '', 'garden': '', 'yard': ''}",2.0,2.0,3344,3344.4816053511704,8072301370036,2567407,PRO-ASP,HSSW,小西灣,1993/08,1993,33,2,9,B,blank,KAI TSUI COURT,佳翠苑,False
2861,2008-07-21,"CHEERFUL GARDEN(Phase 1),Block 1,SIU SAI WAN RD|富怡花園1期,1座,小西灣道",4016.0554656776235,580,480,"{'bay_window': '', 'flat_roof': '', 'roof': '', 'ac_platform': '', 'plant_room': '', 'garden': '', 'yard': ''}",2.07,2.07,4313,4312.499999999999,8080100110019,2575242,ASP,HSSW,小西灣,1995/05,1995,31,B,20,1,1,CHEERFUL GARDEN,富怡花園,False
2878,2008-09-16,"CHEERFUL GARDEN(Phase 2),Block 4,SIU SAI WAN RD|富怡花園2期,4座,小西灣道",4404.656531410093,521,431,"{'bay_window': '', 'flat_roof': '', 'roof': '', 'ac_platform': '', 'plant_room': '', 'garden': '', 'yard': ''}",1.95,1.95,4524,4524.361948955917,8101402630029,2620537,PRO-ASP,HSSW,小西灣,1995/05,1995,31,K,37,4,2,CHEERFUL GARDEN,富怡花園,False
2880,2008-10-27,"HARMONY GARDEN(Phase 1),Block 1,SIU SAI WAN RD|富欣花園1期,1座,小西灣道",3528.458627631796,693,592,"{'bay_window': '', 'flat_roof': '', 'roof': '', 'ac_platform': '', 'plant_room': '', 'garden': '', 'yard': ''}",1.89,1.89,3193,3192.5675675675675,8110400610031,2631635,ASP,HSSW,小西灣,1997/03,1997,29,B,20,1,1,HARMONY GARDEN,富欣花園,False
2883,2008-11-05,"CHEERFUL GARDEN(Phase 1),Block 2,SIU SAI WAN RD|富怡花園1期,2座,小西灣道",4146.320642921795,521,431,"{'bay_window': '', 'flat_roof': '', 'roof': '', 'ac_platform': '', 'plant_room': '', 'garden': '', 'yard': ''}",1.5,1.5,3480,3480.278422273782,8111700210025,2637360,ASP,HSSW,小西灣,1995/05,1995,31,K,19,2,1,CHEERFUL GARDEN,富怡花園,False
2888,2008-12-12,"HARMONY GARDEN(Phase 1),Block 1,SIU SAI WAN RD|富欣花園1期,1座,小西灣道",4394.124476261896,504,431,"{'bay_window': '', 'flat_roof': '', 'roof': '', 'ac_platform': '', 'plant_room': '', 'garden': '', 'yard': ''}",1.61,1.61,3735,3735.4988399071926,8122402440044,2654626,ASP,HSSW,小西灣,1997/03,1997,29,K,3,1,1,HARMONY GARDEN,富欣花園,False
2894,2009-01-12,"YIU TSUI HSE(Block B,KAI TSUI COURT),SIU SAI WAN RD|佳翠苑,B座(耀翠閣),小西灣道",4485.162257196426,596,433,"{'bay_window': '', 'flat_roof': '', 'roof': '', 'ac_platform': '', 'plant_room': '', 'garden': '', 'yard': ''}",1.68,1.68,3880,3879.907621247113,9012202130267,2668169,ASP,HSSW,小西灣,1993/08,1993,33,6,28,B,blank,KAI TSUI COURT,佳翠苑,False
2899,2009-01-16,"YIU TSUI HSE(Block B,KAI TSUI COURT),SIU SAI WAN RD|佳翠苑,B座(耀翠閣),小西灣道",4004.609158211095,596,433,"{'bay_window': '', 'flat_roof': '', 'roof': '', 'ac_platform': '', 'plant_room': '', 'garden': '', 'yard': ''}",1.5,1.5,3464,3464.203233256351,9013001270073,2670709,ASP,HSSW,小西灣,1993/08,1993,33,14,7,B,blank,KAI TSUI COURT,佳翠苑,False
2901,2009-02-06,"HARMONY GARDEN(Phase 2),Block 5,SIU SAI WAN RD|富欣花園2期,5座,小西灣道",4478.281930056932,504,431,"{'bay_window': '', 'flat_roof': '', 'roof': '', 'ac_platform': '', 'plant_room': '', 'garden': '', 'yard': ''}",1.68,1.68,3898,3897.9118329466355,9021701670088,2678709,ASP,HSSW,小西灣,1997/03,1997,29,A,6,5,2,HARMONY GARDEN,富欣花園,False
2906,2009-03-10,"HARMONY GARDEN(Phase 2),Block 2,SIU SAI WAN RD|富欣花園2期,2座,小西灣道",4906.963821733221,567,484,"{'bay_window': '', 'flat_roof': '', 'roof': '', 'ac_platform': '', 'plant_room': '', 'garden': '', 'yard': ''}",2.097,2.097,4333,4332.644628099173,9032301490025,2695304,ASP,HSSW,小西灣,1997/03,1997,29,B,25,2,2,HARMONY GARDEN,富欣花園,False
2909,2009-03-30,"HARMONY GARDEN(Phase 2),Block 2,SIU SAI WAN RD|富欣花園2期,2座,小西灣道",4974.064681582671,693,592,"{'bay_window': '', 'flat_roof': '', 'roof': '', 'ac_platform': '', 'plant_room': '', 'garden': '', 'yard': ''}",2.6,2.6,4392,4391.891891891892,9040300410010,2702342,ASP,HSSW,小西灣,1997/03,1997,29,H,20,2,2,HARMONY GARDEN,富欣花園,False
2911,2009-03-17,"YIU TSUI HSE(Block B,KAI TSUI COURT),SIU SAI WAN RD|佳翠苑,B座(耀翠閣),小西灣道",3531.064570546164,596,433,"{'bay_window': '', 'flat_roof': '', 'roof': '', 'ac_platform': '', 'plant_room': '', 'garden': '', 'yard': ''}",1.35,1.35,3118,3117.782909930716,9040601320028,2703511,ASP,HSSW,小西灣,1993/08,1993,33,14,8,B,blank,KAI TSUI COURT,佳翠苑,False
2912,2009-03-20,"HIN TSUI HSE(Block A,KAI TSUI COURT),SIU SAI WAN RD|佳翠苑,A座(顯翠閣),小西灣道",3928.5545475500057,877,640,"{'bay_window': '', 'flat_roof': '', 'roof': '', 'ac_platform': '', 'plant_room': '', 'garden': '', 'yard': ''}",2.22,2.22,3469,3468.75,9040701890056,2704261,ASP,HSSW,小西灣,1993/08,1993,33,1,33,A,blank,KAI TSUI COURT,佳翠苑,False
2914,2009-03-27,"CHEERFUL GARDEN(Phase 1),Block 1,SIU SAI WAN RD|富怡花園1期,1座,小西灣道",4182.933534245426,709,587,"{'bay_window': '', 'flat_roof': '', 'roof': '', 'ac_platform': '', 'plant_room': '', 'garden': '', 'yard': ''}",2.168,2.168,3693,3693.35604770017,9040802080026,2705105,ASP,HSSW,小西灣,1995/05,1995,31,D,30,1,1,CHEERFUL GARDEN,富怡花園,False
2917,2009-04-17,"CHEERFUL GARDEN(Phase 1),Block 3,SIU SAI WAN RD|富怡花園1期,3座,小西灣道",4728.605187366337,716,592,"{'bay_window': '', 'flat_roof': '', 'roof': '', 'ac_platform': '', 'plant_room': '', 'garden': '', 'yard': ''}",2.575,2.575,4350,4349.6621621621625,9042300590082,2713824,ASP,HSSW,小西灣,1995/05,1995,31,A,25,3,1,CHEERFUL GARDEN,富怡花園,False
2918,2009-04-17,"HIN TSUI HSE(Block A,KAI TSUI COURT),SIU SAI WAN RD|佳翠苑,A座(顯翠閣),小西灣道",3715.791583634512,596,433,"{'bay_window': '', 'flat_roof': '', 'roof': '', 'ac_platform': '', 'plant_room': '', 'garden': '', 'yard': ''}",1.48,1.48,3418,3418.013856812933,9042401780101,2715157,ASP,HSSW,小西灣,1993/08,1993,33,14,32,A,blank,KAI TSUI COURT,佳翠苑,False
2919,2009-04-17,"HARMONY GARDEN(Phase 1),Block 8,SIU SAI WAN RD|富欣花園1期,8座,小西灣道",4805.020418628396,504,431,"{'bay_window': '', 'flat_roof': '', 'roof': '', 'ac_platform': '', 'plant_room': '', 'garden': '', 'yard': ''}",1.905,1.905,4420,4419.953596287703,9042702420039,2716589,ASP,HSSW,小西灣,1997/03,1997,29,F,24,8,1,HARMONY GARDEN,富欣花園,False
2922,2009-04-28,"YIU TSUI HSE(Block B,KAI TSUI COURT),SIU SAI WAN RD|佳翠苑,B座(耀翠閣),小西灣道",3841.3250830816237,596,433,"{'bay_window': '', 'flat_roof': '', 'roof': '', 'ac_platform': '', 'plant_room': '', 'garden': '', 'yard': ''}",1.53,1.53,3533,3533.487297921478,9050501970127,2722368,ASP,HSSW,小西灣,1993/08,1993,33,7,20,B,blank,KAI TSUI COURT,佳翠苑,False
2924,2009-04-24,"HARMONY GARDEN(Phase 2),Block 2,SIU SAI WAN RD|富欣花園2期,2座,小西灣道",4741.5507068233655,567,484,"{'bay_window': '', 'flat_roof': '', 'roof': '', 'ac_platform': '', 'plant_room': '', 'garden': '', 'yard': ''}",2.111,2.111,4362,4361.570247933884,9050602060083,2723496,ASP,HSSW,小西灣,1997/03,1997,29,B,10,2,2,HARMONY GARDEN,富欣花園,False
2925,2009-04-28,"HARMONY GARDEN(Phase 1),Block 8,SIU SAI WAN RD|富欣花園1期,8座,小西灣道",4194.226892405713,593,592,"{'bay_window': '', 'flat_roof': '', 'roof': '', 'ac_platform': '', 'plant_room': '', 'garden': '', 'yard': ''}",2.284,2.284,3858,3858.108108108108,9050800290017,2725411,ASP,HSSW,小西灣,1997/03,1997,29,K,3,8,1,HARMONY GARDEN,富欣花園,False
2926,2009-05-04,"CHEERFUL GARDEN(Phase 1),Block 3,SIU SAI WAN RD|富怡花園1期,3座,小西灣道",3500.252536739098,716,592,"{'bay_window': '', 'flat_roof': '', 'roof': '', 'ac_platform': '', 'plant_room': '', 'garden': '', 'yard': ''}",2.0,2.0,3378,3378.3783783783783,9051302300014,2730245,ASP,HSSW,小西灣,1995/05,1995,31,G,10,3,1,CHEERFUL GARDEN,富怡花園,False
2932,2009-06-01,"CHEERFUL GARDEN(Phase 1),Block 3,SIU SAI WAN RD|富怡花園1期,3座,小西灣道",3910.8560032786854,716,592,"{'bay_window': '', 'flat_roof': '', 'roof': '', 'ac_platform': '', 'plant_room': '', 'garden': '', 'yard': ''}",2.36,2.36,3986,3986.4864864864867,9061101020018,2755156,ASP,HSSW,小西灣,1995/05,1995,31,D,13,3,1,CHEERFUL GARDEN,富怡花園,False
2935,2009-06-04,"CHEERFUL GARDEN(Phase 1),Block 3,SIU SAI WAN RD|富怡花園1期,3座,小西灣道",3977.1416982495102,716,592,"{'bay_window': '', 'flat_roof': '', 'roof': '', 'ac_platform': '', 'plant_room': '', 'garden': '', 'yard': ''}",2.4,2.4,4054,4054.054054054054,9061601900022,2759460,PRO-ASP,HSSW,小西灣,1995/05,1995,31,C,21,3,1,CHEERFUL GARDEN,富怡花園,False
2936,2009-06-08,"YIU TSUI HSE(Block B,KAI TSUI COURT),SIU SAI WAN RD|佳翠苑,B座(耀翠閣),小西灣道",3398.481358781337,596,433,"{'bay_window': '', 'flat_roof': '', 'roof': '', 'ac_platform': '', 'plant_room': '', 'garden': '', 'yard': ''}",1.5,1.5,3464,3464.203233256351,9062302680029,2767173,ASP,HSSW,小西灣,1993/08,1993,33,7,31,B,blank,KAI TSUI COURT,佳翠苑,False
2937,2009-05-27,"HIN TSUI HSE(Block A,KAI TSUI COURT),SIU SAI WAN RD|佳翠苑,A座(顯翠閣),小西灣道",3708.8126186048457,596,433,"{'bay_window': '', 'flat_roof': '', 'roof': '', 'ac_platform': '', 'plant_room': '', 'garden': '', 'yard': ''}",1.55,1.55,3580,3579.676674364896,9062602440400,2772545,ASP,HSSW,小西灣,1993/08,1993,33,7,21,A,blank,KAI TSUI COURT,佳翠苑,False
2939,2009-06-15,"YIU TSUI HSE(Block B,KAI TSUI COURT),SIU SAI WAN RD|佳翠苑,B座(耀翠閣),小西灣道",3693.0164098757195,596,433,"{'bay_window': '', 'flat_roof': '', 'roof': '', 'ac_platform': '', 'plant_room': '', 'garden': '', 'yard': ''}",1.63,1.63,3764,3764.434180138568,9070600300023,2779865,ASP,HSSW,小西灣,1993/08,1993,33,7,6,B,blank,KAI TSUI COURT,佳翠苑,False
2940,2009-06-14,"HARMONY GARDEN(Phase 2),Block 3,SIU SAI WAN RD|富欣花園2期,3座,小西灣道",5213.193788043642,504,414,"{'bay_window': '', 'flat_roof': '', 'roof': '', 'ac_platform': '', 'plant_room': '', 'garden': '', 'yard': ''}",2.2,2.2,5314,5314.009661835748,9070602740580,2780482,PRO-ASP,HSSW,小西灣,1997/05,1997,29,A,27,3,2,HARMONY GARDEN,富欣花園,False
2941,2009-06-13,"HIN TSUI HSE(Block A,KAI TSUI COURT),SIU SAI WAN RD|佳翠苑,A座(顯翠閣),小西灣道",3723.531150799796,740,538,"{'bay_window': '4', 'flat_roof': '', 'roof': '', 'ac_platform': '', 'plant_room': '', 'garden': '', 'yard': ''}",2.042,2.042,3796,3795.5390334572485,9070802180066,2783049,PRO-ASP,HSSW,小西灣,1993/08,1993,33,5,24,A,blank,KAI TSUI COURT,佳翠苑,False
2943,2009-06-24,"HARMONY GARDEN(Phase 2),Block 3,SIU SAI WAN RD|富欣花園2期,3座,小西灣道",4552.335431871056,504,431,"{'bay_window': '', 'flat_roof': '', 'roof': '', 'ac_platform': '', 'plant_room': '', 'garden': '', 'yard': ''}",2.0,2.0,4640,4640.371229698376,9070901180033,2784406,ASP,HSSW,小西灣,1997/05,1997,29,F,24,3,2,HARMONY GARDEN,富欣花園,False
2944,2009-07-03,"CHEERFUL GARDEN(Phase 1),Block 1,SIU SAI WAN RD|富怡花園1期,1座,小西灣道",4135.656952806477,517,427,"{'bay_window': '', 'flat_roof': '', 'roof': '', 'ac_platform': '', 'plant_room': '', 'garden': '', 'yard': ''}",1.83,1.83,4286,4285.714285714285,9071300190029,2787120,ASP,HSSW,小西灣,1995/05,1995,31,A,22,1,1,CHEERFUL GARDEN,富怡花園,False
2945,2009-07-02,"CHEERFUL GARDEN(Phase 2),Block 4,SIU SAI WAN RD|富怡花園2期,4座,小西灣道",3995.803819136693,584,483,"{'bay_window': '', 'flat_roof': '', 'roof': '', 'ac_platform': '', 'plant_room': '', 'garden': '', 'yard': ''}",2.0,2.0,4141,4140.786749482401,9071302100232,2787421,ASP,HSSW,小西灣,1995/05,1995,31,J,33,4,2,CHEERFUL GARDEN,富怡花園,False
2947,2009-06-26,"YIU TSUI HSE(Block B,KAI TSUI COURT),SIU SAI WAN RD|佳翠苑,B座(耀翠閣),小西灣道",3638.4290810908988,748,546,"{'bay_window': '', 'flat_roof': '', 'roof': '', 'ac_platform': '', 'plant_room': '', 'garden': '', 'yard': ''}",2.025,2.025,3709,3708.7912087912086,9071602740210,2791750,ASP,HSSW,小西灣,1993/08,1993,33,12,14,B,blank,KAI TSUI COURT,佳翠苑,False
2951,2009-07-06,"HIN TSUI HSE(Block A,KAI TSUI COURT),SIU SAI WAN RD|佳翠苑,A座(顯翠閣),小西灣道",3900.0614066111893,596,433,"{'bay_window': '', 'flat_roof': '', 'roof': '', 'ac_platform': '', 'plant_room': '', 'garden': '', 'yard': ''}",1.75,1.75,4042,4041.5704387990763,9072302460189,2798929,ASP,HSSW,小西灣,1993/08,1993,33,14,22,A,blank,KAI TSUI COURT,佳翠苑,False
2952,2009-07-18,"HIN TSUI HSE(Block A,KAI TSUI COURT),SIU SAI WAN RD|佳翠苑,A座(顯翠閣),小西灣道",3155.7068295779677,596,433,"{'bay_window': '', 'flat_roof': '', 'roof': '', 'ac_platform': '', 'plant_room': '', 'garden': '', 'yard': ''}",1.416,1.416,3270,3270.207852193995,9072400760067,2800134,ASP,HSSW,小西灣,1993/08,1993,33,7,7,A,blank,KAI TSUI COURT,佳翠苑,False
2953,2009-07-14,"HARMONY GARDEN(Phase 1),Block 1,SIU SAI WAN RD|富欣花園1期,1座,小西灣道",4386.302828734142,567,484,"{'bay_window': '', 'flat_roof': '', 'roof': '', 'ac_platform': '', 'plant_room': '', 'garden': '', 'yard': ''}",2.2,2.2,4545,4545.454545454545,9072701920070,2801875,ASP,HSSW,小西灣,1997/03,1997,29,J,16,1,1,HARMONY GARDEN,富欣花園,False
2954,2009-07-06,"CHEERFUL GARDEN(Phase 2),Block 4,SIU SAI WAN RD|富怡花園2期,4座,小西灣道",3447.9800426337065,521,431,"{'bay_window': '', 'flat_roof': '', 'roof': '', 'ac_platform': '', 'plant_room': '', 'garden': '', 'yard': ''}",1.54,1.54,3573,3573.0858468677493,9072702570203,2801986,ASP,HSSW,小西灣,1995/05,1995,31,E,1,4,2,CHEERFUL GARDEN,富怡花園,False
2955,2009-07-08,"CHEERFUL GARDEN(Phase 1),Block 3,SIU SAI WAN RD|富怡花園1期,3座,小西灣道",3918.159139356485,521,431,"{'bay_window': '', 'flat_roof': '', 'roof': '', 'ac_platform': '', 'plant_room': '', 'garden': '', 'yard': ''}",1.75,1.75,4060,4060.324825986079,9080501940016,2812004,PRO-ASP,HSSW,小西灣,1995/05,1995,31,K,27,3,1,CHEERFUL GARDEN,富怡花園,False
2957,2009-07-17,"CHEERFUL GARDEN(Phase 1),Block 1,SIU SAI WAN RD|富怡花園1期,1座,小西灣道",4020.777593006298,581,480,"{'bay_window': '', 'flat_roof': '', 'roof': '', 'ac_platform': '', 'plant_room': '', 'garden': '', 'yard': ''}",2.0,2.0,4167,4166.666666666667,9081101380033,2817903,PRO-ASP,HSSW,小西灣,1995/05,1995,31,E,6,1,1,CHEERFUL GARDEN,富怡花園,False
2958,2009-07-24,"HIN TSUI HSE(Block A,KAI TSUI COURT),SIU SAI WAN RD|佳翠苑,A座(顯翠閣),小西灣道",4034.225009705315,823,598,"{'bay_window': '', 'flat_roof': '', 'roof': '', 'ac_platform': '', 'plant_room': '', 'garden': '', 'yard': ''}",2.5,2.5,4181,4180.602006688963,9081202200326,2819359,ASP,HSSW,小西灣,1993/08,1993,33,10,12,A,blank,KAI TSUI COURT,佳翠苑,False
2959,2009-07-28,"HIN TSUI HSE(Block A,KAI TSUI COURT),SIU SAI WAN RD|佳翠苑,A座(顯翠閣),小西灣道",3166.3623544924594,877,640,"{'bay_window': '', 'flat_roof': '', 'roof': '', 'ac_platform': '', 'plant_room': '', 'garden': '', 'yard': ''}",2.1,2.1,3281,3281.25,9081301260071,2820877,PRO-ASP,HSSW,小西灣,1993/08,1993,33,1,33,A,blank,KAI TSUI COURT,佳翠苑,False
2962,2009-08-21,"YIU TSUI HSE(Block B,KAI TSUI COURT),SIU SAI WAN RD|佳翠苑,B座(耀翠閣),小西灣道",3918.1425315804695,823,598,"{'bay_window': '', 'flat_roof': '', 'roof': '', 'ac_platform': '', 'plant_room': '', 'garden': '', 'yard': ''}",2.45,2.45,4097,4096.989966555184,9082500250178,2832988,ASP,HSSW,小西灣,1993/08,1993,33,10,38,B,blank,KAI TSUI COURT,佳翠苑,False
2963,2009-08-03,"CHEERFUL GARDEN(Phase 1),Block 3,SIU SAI WAN RD|富怡花園1期,3座,小西灣道",3986.931542490678,716,592,"{'bay_window': '', 'flat_roof': '', 'roof': '', 'ac_platform': '', 'plant_room': '', 'garden': '', 'yard': ''}",2.468,2.468,4169,4168.918918918919,9082501400085,2833145,ASP,HSSW,小西灣,1995/05,1995,31,C,18,3,1,CHEERFUL GARDEN,富怡花園,False
2964,2009-08-17,"CHEERFUL GARDEN(Phase 1),Block 2,SIU SAI WAN RD|富怡花園1期,2座,小西灣道",4011.1232457301357,586,484,"{'bay_window': '', 'flat_roof': '', 'roof': '', 'ac_platform': '', 'plant_room': '', 'garden': '', 'yard': ''}",2.03,2.03,4194,4194.214876033057,9082502310474,2833294,ASP,HSSW,小西灣,1995/05,1995,31,F,32,2,1,CHEERFUL GARDEN,富怡花園,False
2966,2009-09-02,"HARMONY GARDEN(Phase 1),Block 1,SIU SAI WAN RD|富欣花園1期,1座,小西灣道",4298.459254271507,504,431,"{'bay_window': '', 'flat_roof': '', 'roof': '', 'ac_platform': '', 'plant_room': '', 'garden': '', 'yard': ''}",2.0,2.0,4640,4640.371229698376,9091002490051,2850960,ASP,HSSW,小西灣,1997/03,1997,29,E,23,1,1,HARMONY GARDEN,富欣花園,False
2967,2009-08-21,"HARMONY GARDEN(Phase 2),Block 5,SIU SAI WAN RD|富欣花園2期,5座,小西灣道",4326.858285028634,504,431,"{'bay_window': '', 'flat_roof': '', 'roof': '', 'ac_platform': '', 'plant_room': '', 'garden': '', 'yard': ''}",1.95,1.95,4524,4524.361948955917,9091402440024,2854041,ASP,HSSW,小西灣,1997/03,1997,29,A,26,5,2,HARMONY GARDEN,富欣花園,False
2968,2009-08-18,"CHEERFUL GARDEN(Phase 2),Block 4,SIU SAI WAN RD|富怡花園2期,4座,小西灣道",4215.91320079713,521,431,"{'bay_window': '', 'flat_roof': '', 'roof': '', 'ac_platform': '', 'plant_room': '', 'garden': '', 'yard': ''}",1.9,1.9,4408,4408.352668213457,9091600350190,2855755,ASP,HSSW,小西灣,1995/05,1995,31,K,34,4,2,CHEERFUL GARDEN,富怡花園,False
2970,2009-09-14,"CHEERFUL GARDEN(Phase 1),Block 1,SIU SAI WAN RD|富怡花園1期,1座,小西灣道",4438.606936207652,580,480,"{'bay_window': '', 'flat_roof': '', 'roof': '', 'ac_platform': '', 'plant_room': '', 'garden': '', 'yard': ''}",2.3,2.3,4792,4791.666666666667,9092100980147,2860968,ASP,HSSW,小西灣,1995/05,1995,31,B,20,1,1,CHEERFUL GARDEN,富怡花園,False
2973,2009-08-14,"HARMONY GARDEN(Phase 2),Block 6,SIU SAI WAN RD|富欣花園2期,6座,小西灣道",4412.23557030315,567,484,"{'bay_window': '', 'flat_roof': '', 'roof': '', 'ac_platform': '', 'plant_room': '', 'garden': '', 'yard': ''}",2.233,2.233,4614,4613.636363636364,9093003110016,2871971,ASP,HSSW,小西灣,1997/03,1997,29,E,13,6,2,HARMONY GARDEN,富欣花園,False
2979,2009-09-30,"CHEERFUL GARDEN(Phase 1),Block 3,SIU SAI WAN RD|富怡花園1期,3座,小西灣道",4190.99777291472,521,431,"{'bay_window': '', 'flat_roof': '', 'roof': '', 'ac_platform': '', 'plant_room': '', 'garden': '', 'yard': ''}",1.95,1.95,4524,4524.361948955917,9101601790107,2886413,ASP,HSSW,小西灣,1995/05,1995,31,E,29,3,1,CHEERFUL GARDEN,富怡花園,False
2981,2009-10-05,"CHEERFUL GARDEN(Phase 1),Block 2,SIU SAI WAN RD|富怡花園1期,2座,小西灣道",3789.295439583513,584,483,"{'bay_window': '', 'flat_roof': '', 'roof': '', 'ac_platform': '', 'plant_room': '', 'garden': '', 'yard': ''}",2.0,2.0,4141,4140.786749482401,9102201220012,2892448,ASP,HSSW,小西灣,1995/05,1995,31,J,16,2,1,CHEERFUL GARDEN,富怡花園,False
2994,2009-12-21,"HARMONY GARDEN(Phase 1),Block 8,SIU SAI WAN RD|富欣花園1期,8座,小西灣道",4213.729272472183,504,431,"{'bay_window': '', 'flat_roof': '', 'roof': '', 'ac_platform': '', 'plant_room': '', 'garden': '', 'yard': ''}",1.99,1.99,4617,4617.169373549884,10011201780030,2968364,ASP,HSSW,小西灣,1997/03,1997,29,F,30,8,1,HARMONY GARDEN,富欣花園,False
2995,2010-01-08,"HARMONY GARDEN(Phase 2),Block 2,SIU SAI WAN RD|富欣花園2期,2座,小西灣道",4697.685744455567,504,431,"{'bay_window': '', 'flat_roof': '', 'roof': '', 'ac_platform': '', 'plant_room': '', 'garden': '', 'yard': ''}",2.26,2.26,5244,5243.619489559164,10012201690029,2979550,ASP,HSSW,小西灣,1997/03,1997,29,A,21,2,2,HARMONY GARDEN,富欣花園,False
2997,2010-01-02,"CHEERFUL GARDEN(Phase 1),Block 1,SIU SAI WAN RD|富怡花園1期,1座,小西灣道",3944.4164939767647,517,427,"{'bay_window': '', 'flat_roof': '', 'roof': '', 'ac_platform': '', 'plant_room': '', 'garden': '', 'yard': ''}",1.88,1.88,4403,4402.810304449648,10012702300073,2983728,PRO-ASP,HSSW,小西灣,1995/05,1995,31,A,7,1,1,CHEERFUL GARDEN,富怡花園,False
2999,2010-01-18,"CHEERFUL GARDEN(Phase 2),Block 4,SIU SAI WAN RD|富怡花園2期,4座,小西灣道",3803.878279802517,521,431,"{'bay_window': '', 'flat_roof': '', 'roof': '', 'ac_platform': '', 'plant_room': '', 'garden': '', 'yard': ''}",1.83,1.83,4246,4245.939675174014,10012900530091,2986396,ASP,HSSW,小西灣,1995/05,1995,31,K,4,4,2,CHEERFUL GARDEN,富怡花園,False
3000,2010-01-12,"YIU TSUI HSE(Block B,KAI TSUI COURT),SIU SAI WAN RD|佳翠苑,B座(耀翠閣),小西灣道",3765.6181933677735,596,433,"{'bay_window': '', 'flat_roof': '', 'roof': '', 'ac_platform': '', 'plant_room': '', 'garden': '', 'yard': ''}",1.82,1.82,4203,4203.233256351039,10012902310100,2986703,ASP,HSSW,小西灣,1993/08,1993,33,7,28,B,blank,KAI TSUI COURT,佳翠苑,False
3002,2010-01-22,"CHEERFUL GARDEN(Phase 1),Block 2,SIU SAI WAN RD|富怡花園1期,2座,小西灣道",2996.3757628284893,716,592,"{'bay_window': '', 'flat_roof': '', 'roof': '', 'ac_platform': '', 'plant_room': '', 'garden': '', 'yard': ''}",1.98,1.98,3345,3344.5945945945946,10020302090274,2991013,ASP,HSSW,小西灣,1995/05,1995,31,A,37,2,1,CHEERFUL GARDEN,富怡花園,False
3003,2010-01-19,"HARMONY GARDEN(Phase 2),Block 2,SIU SAI WAN RD|富欣花園2期,2座,小西灣道",4697.685744455567,504,431,"{'bay_window': '', 'flat_roof': '', 'roof': '', 'ac_platform': '', 'plant_room': '', 'garden': '', 'yard': ''}",2.26,2.26,5244,5243.619489559164,10020800760082,2995468,ASP,HSSW,小西灣,1997/03,1997,29,A,22,2,2,HARMONY GARDEN,富欣花園,False
3004,2010-02-01,"HIN TSUI HSE(Block A,KAI TSUI COURT),SIU SAI WAN RD|佳翠苑,A座(顯翠閣),小西灣道",3395.112649907002,596,433,"{'bay_window': '', 'flat_roof': '', 'roof': '', 'ac_platform': '', 'plant_room': '', 'garden': '', 'yard': ''}",1.72,1.72,3972,3972.2863741339493,10021001030183,2998606,ASP,HSSW,小西灣,1993/08,1993,33,15,8,A,blank,KAI TSUI COURT,佳翠苑,False
3006,2010-02-10,"CHEERFUL GARDEN(Phase 1),Block 2,SIU SAI WAN RD|富怡花園1期,2座,小西灣道",2783.549578533512,716,592,"{'bay_window': '', 'flat_roof': '', 'roof': '', 'ac_platform': '', 'plant_room': '', 'garden': '', 'yard': ''}",1.928,1.928,3257,3256.7567567567567,10021202030223,3002187,ASP,HSSW,小西灣,1995/05,1995,31,A,18,2,1,CHEERFUL GARDEN,富怡花園,False
3007,2010-01-22,"YIU TSUI HSE(Block B,KAI TSUI COURT),SIU SAI WAN RD|佳翠苑,B座(耀翠閣),小西灣道",3745.343171671703,823,598,"{'bay_window': '', 'flat_roof': '', 'roof': '', 'ac_platform': '', 'plant_room': '', 'garden': '', 'yard': ''}",2.5,2.5,4181,4180.602006688963,10021701600022,3004233,ASP,HSSW,小西灣,1993/08,1993,33,10,24,B,blank,KAI TSUI COURT,佳翠苑,False
3008,2010-01-28,"CHEERFUL GARDEN(Phase 1),Block 3,SIU SAI WAN RD|富怡花園1期,3座,小西灣道",3866.2369401271485,521,431,"{'bay_window': '', 'flat_roof': '', 'roof': '', 'ac_platform': '', 'plant_room': '', 'garden': '', 'yard': ''}",1.86,1.86,4316,4315.545243619489,10021702070028,3004385,ASP,HSSW,小西灣,1995/05,1995,31,K,21,3,1,CHEERFUL GARDEN,富怡花園,False
3009,2010-02-18,"CHEERFUL GARDEN(Phase 1),Block 3,SIU SAI WAN RD|富怡花園1期,3座,小西灣道",3966.124689499088,521,431,"{'bay_window': '', 'flat_roof': '', 'roof': '', 'ac_platform': '', 'plant_room': '', 'garden': '', 'yard': ''}",2.0,2.0,4640,4640.371229698376,10022400180031,3011406,ASP,HSSW,小西灣,1995/05,1995,31,E,19,3,1,CHEERFUL GARDEN,富怡花園,False
3010,2010-02-12,"CHEERFUL GARDEN(Phase 2),Block 4,SIU SAI WAN RD|富怡花園2期,4座,小西灣道",3609.374453492625,716,592,"{'bay_window': '', 'flat_roof': '', 'roof': '', 'ac_platform': '', 'plant_room': '', 'garden': '', 'yard': ''}",2.5,2.5,4223,4222.972972972973,10022400780263,3011518,ASP,HSSW,小西灣,1995/05,1995,31,B,2,4,2,CHEERFUL GARDEN,富怡花園,False
3012,2010-02-08,"YIU TSUI HSE(Block B,KAI TSUI COURT),SIU SAI WAN RD|佳翠苑,B座(耀翠閣),小西灣道",3710.9370824564903,596,433,"{'bay_window': '', 'flat_roof': '', 'roof': '', 'ac_platform': '', 'plant_room': '', 'garden': '', 'yard': ''}",1.88,1.88,4342,4341.801385681293,10022402450193,3011822,ASP,HSSW,小西灣,1993/08,1993,33,14,38,B,blank,KAI TSUI COURT,佳翠苑,False
3015,2010-02-18,"HARMONY GARDEN(Phase 2),Block 6,SIU SAI WAN RD|富欣花園2期,6座,小西灣道",3920.3175882298738,567,484,"{'bay_window': '', 'flat_roof': '', 'roof': '', 'ac_platform': '', 'plant_room': '', 'garden': '', 'yard': ''}",2.22,2.22,4587,4586.7768595041325,10030302950010,3020898,ASP,HSSW,小西灣,1997/03,1997,29,E,3,6,2,HARMONY GARDEN,富欣花園,False
3019,2010-03-03,"HARMONY GARDEN(Phase 1),Block 8,SIU SAI WAN RD|富欣花園1期,8座,小西灣道",4342.165085586207,567,484,"{'bay_window': '', 'flat_roof': '', 'roof': '', 'ac_platform': '', 'plant_room': '', 'garden': '', 'yard': ''}",2.55,2.55,5269,5268.5950413223145,10031901410156,3035727,PRO-ASP,HSSW,小西灣,1997/03,1997,29,E,22,8,1,HARMONY GARDEN,富欣花園,False
3020,2010-02-28,"HARMONY GARDEN(Phase 1),Block 1,SIU SAI WAN RD|富欣花園1期,1座,小西灣道",4778.811776424234,693,592,"{'bay_window': '', 'flat_roof': '', 'roof': '', 'ac_platform': '', 'plant_room': '', 'garden': '', 'yard': ''}",3.31,3.31,5591,5591.216216216216,10032401180145,3040024,PRO-ASP,HSSW,小西灣,1997/03,1997,29,A,19,1,1,HARMONY GARDEN,富欣花園,False
3021,2010-03-16,"HARMONY GARDEN(Phase 1),Block 7,SIU SAI WAN RD|富欣花園1期,7座,小西灣道",3763.217642511159,504,431,"{'bay_window': '', 'flat_roof': '', 'roof': '', 'ac_platform': '', 'plant_room': '', 'garden': '', 'yard': ''}",1.968,1.968,4566,4566.125290023202,10032402640013,3040241,ASP,HSSW,小西灣,1997/03,1997,29,A,25,7,1,HARMONY GARDEN,富欣花園,False
3022,2010-03-18,"HARMONY GARDEN(Phase 2),Block 3,SIU SAI WAN RD|富欣花園2期,3座,小西灣道",4897.18237899248,504,414,"{'bay_window': '', 'flat_roof': '', 'roof': '', 'ac_platform': '', 'plant_room': '', 'garden': '', 'yard': ''}",2.46,2.46,5942,5942.028985507246,10032600840182,3042642,ASP,HSSW,小西灣,1997/05,1997,29,A,9,3,2,HARMONY GARDEN,富欣花園,False
3024,2010-03-15,"CHEERFUL GARDEN(Phase 1),Block 1,SIU SAI WAN RD|富怡花園1期,1座,小西灣道",3743.059824431143,580,480,"{'bay_window': '', 'flat_roof': '', 'roof': '', 'ac_platform': '', 'plant_room': '', 'garden': '', 'yard': ''}",2.18,2.18,4542,4541.666666666667,10040102130065,3048987,ASP,HSSW,小西灣,1995/05,1995,31,B,6,1,1,CHEERFUL GARDEN,富怡花園,False
3025,2010-03-31,"CHEERFUL GARDEN(Phase 2),Block 4,SIU SAI WAN RD|富怡花園2期,4座,小西灣道",3412.670647381519,584,483,"{'bay_window': '', 'flat_roof': '', 'roof': '', 'ac_platform': '', 'plant_room': '', 'garden': '', 'yard': ''}",2.0,2.0,4141,4140.786749482401,10040801020019,3051897,ASP,HSSW,小西灣,1995/05,1995,31,J,17,4,2,CHEERFUL GARDEN,富怡花園,False
3027,2010-03-24,"CHEERFUL GARDEN(Phase 1),Block 2,SIU SAI WAN RD|富怡花園1期,2座,小西灣道",2617.2647421016177,716,592,"{'bay_window': '', 'flat_roof': '', 'roof': '', 'ac_platform': '', 'plant_room': '', 'garden': '', 'yard': ''}",1.88,1.88,3176,3175.675675675676,10040901310165,3053409,PRO-ASP,HSSW,小西灣,1995/05,1995,31,D,16,2,1,CHEERFUL GARDEN,富怡花園,False
3028,2010-03-26,"HARMONY GARDEN(Phase 2),Block 6,SIU SAI WAN RD|富欣花園2期,6座,小西灣道",3346.3571516232355,504,431,"{'bay_window': '', 'flat_roof': '', 'roof': '', 'ac_platform': '', 'plant_room': '', 'garden': '', 'yard': ''}",1.75,1.75,4060,4060.324825986079,10040903010134,3053713,ASP,HSSW,小西灣,1997/03,1997,29,A,2,6,2,HARMONY GARDEN,富欣花園,False
3029,2010-03-26,"CHEERFUL GARDEN(Phase 1),Block 2,SIU SAI WAN RD|富怡花園1期,2座,小西灣道",4015.628581947883,521,431,"{'bay_window': '', 'flat_roof': '', 'roof': '', 'ac_platform': '', 'plant_room': '', 'garden': '', 'yard': ''}",2.1,2.1,4872,4872.389791183295,10041200400144,3055214,ASP,HSSW,小西灣,1995/05,1995,31,E,22,2,1,CHEERFUL GARDEN,富怡花園,False
3032,2010-03-17,"HARMONY GARDEN(Phase 2),Block 4,SIU SAI WAN RD|富欣花園2期,4座,小西灣道",2923.5404034113812,693,592,"{'bay_window': '', 'flat_roof': '', 'roof': '', 'ac_platform': '', 'plant_room': '', 'garden': '', 'yard': ''}",2.1,2.1,3547,3547.2972972972975,10041603120266,3061900,PRO-ASP,HSSW,小西灣,1997/03,1997,29,G,23,4,2,HARMONY GARDEN,富欣花園,False
3033,2010-04-15,"CHEERFUL GARDEN(Phase 1),Block 2,SIU SAI WAN RD|富怡花園1期,2座,小西灣道",2795.0067519040194,716,592,"{'bay_window': '', 'flat_roof': '', 'roof': '', 'ac_platform': '', 'plant_room': '', 'garden': '', 'yard': ''}",1.95,1.95,3294,3293.9189189189187,10042102200029,3066811,ASP,HSSW,小西灣,1995/05,1995,31,A,39,2,1,CHEERFUL GARDEN,富怡花園,False
3036,2010-03-29,"HARMONY GARDEN(Phase 1),Block 7,SIU SAI WAN RD|富欣花園1期,7座,小西灣道",3882.406429465314,567,484,"{'bay_window': '', 'flat_roof': '', 'roof': '', 'ac_platform': '', 'plant_room': '', 'garden': '', 'yard': ''}",2.28,2.28,4711,4710.743801652892,10042801970061,3075501,PRO-ASP,HSSW,小西灣,1997/03,1997,29,E,2,7,1,HARMONY GARDEN,富欣花園,False
3037,2010-04-20,"HIN TSUI HSE(Block A,KAI TSUI COURT),SIU SAI WAN RD|佳翠苑,A座(顯翠閣),小西灣道",3684.1721023261657,596,433,"{'bay_window': '', 'flat_roof': '', 'roof': '', 'ac_platform': '', 'plant_room': '', 'garden': '', 'yard': ''}",1.88,1.88,4342,4341.801385681293,10042901100039,3077094,ASP,HSSW,小西灣,1993/08,1993,33,6,29,A,blank,KAI TSUI COURT,佳翠苑,False
3038,2010-04-19,"HARMONY GARDEN(Phase 2),Block 3,SIU SAI WAN RD|富欣花園2期,3座,小西灣道",4260.208638502911,567,484,"{'bay_window': '', 'flat_roof': '', 'roof': '', 'ac_platform': '', 'plant_room': '', 'garden': '', 'yard': ''}",2.43,2.43,5021,5020.661157024793,10042901930067,3077185,ASP,HSSW,小西灣,1997/05,1997,29,E,5,3,2,HARMONY GARDEN,富欣花園,False
3045,2010-05-31,"HARMONY GARDEN(Phase 2),Block 5,SIU SAI WAN RD|富欣花園2期,5座,小西灣道",4252.752568494772,567,484,"{'bay_window': '', 'flat_roof': '', 'roof': '', 'ac_platform': '', 'plant_room': '', 'garden': '', 'yard': ''}",2.45,2.45,5062,5061.98347107438,10061803320216,3126461,ASP,HSSW,小西灣,1997/03,1997,29,B,29,5,2,HARMONY GARDEN,富欣花園,False
3046,2010-06-18,"HARMONY GARDEN(Phase 2),Block 3,SIU SAI WAN RD|富欣花園2期,3座,小西灣道",4279.803355178177,567,484,"{'bay_window': '', 'flat_roof': '', 'roof': '', 'ac_platform': '', 'plant_room': '', 'garden': '', 'yard': ''}",2.45,2.45,5062,5061.98347107438,10062301350136,3130306,ASP,HSSW,小西灣,1997/05,1997,29,B,6,3,2,HARMONY GARDEN,富欣花園,False
3047,2010-06-15,"CHEERFUL GARDEN(Phase 1),Block 1,SIU SAI WAN RD|富怡花園1期,1座,小西灣道",3960.0914283921775,517,427,"{'bay_window': '', 'flat_roof': '', 'roof': '', 'ac_platform': '', 'plant_room': '', 'garden': '', 'yard': ''}",2.0,2.0,4684,4683.84074941452,10062402880183,3132012,ASP,HSSW,小西灣,1995/05,1995,31,A,15,1,1,CHEERFUL GARDEN,富怡花園,False
3050,2010-06-22,"HIN TSUI HSE(Block A,KAI TSUI COURT),SIU SAI WAN RD|佳翠苑,A座(顯翠閣),小西灣道",3690.43023724635,596,433,"{'bay_window': '', 'flat_roof': '', 'roof': '', 'ac_platform': '', 'plant_room': '', 'garden': '', 'yard': ''}",1.89,1.89,4365,4364.896073903003,10062900210332,3136207,ASP,HSSW,小西灣,1993/08,1993,33,14,13,A,blank,KAI TSUI COURT,佳翠苑,False
3051,2010-06-14,"CHEERFUL GARDEN(Phase 1),Block 3,SIU SAI WAN RD|富怡花園1期,3座,小西灣道",3786.0219803390683,521,431,"{'bay_window': '', 'flat_roof': '', 'roof': '', 'ac_platform': '', 'plant_room': '', 'garden': '', 'yard': ''}",1.93,1.93,4478,4477.958236658933,10063001850017,3138056,ASP,HSSW,小西灣,1995/05,1995,31,E,4,3,1,CHEERFUL GARDEN,富怡花園,False
3053,2010-07-09,"HARMONY GARDEN(Phase 2),Block 3,SIU SAI WAN RD|富欣花園2期,3座,小西灣道",3986.8243788819163,693,592,"{'bay_window': '', 'flat_roof': '', 'roof': '', 'ac_platform': '', 'plant_room': '', 'garden': '', 'yard': ''}",2.95,2.95,4983,4983.108108108108,10071902860161,3156541,ASP,HSSW,小西灣,1997/05,1997,29,G,3,3,2,HARMONY GARDEN,富欣花園,False
3054,2010-07-23,"HARMONY GARDEN(Phase 1),Block 8,SIU SAI WAN RD|富欣花園1期,8座,小西灣道",4048.6029890614213,504,431,"{'bay_window': '', 'flat_roof': '', 'roof': '', 'ac_platform': '', 'plant_room': '', 'garden': '', 'yard': ''}",2.181,2.181,5060,5060.324825986079,10072902750190,3169393,ASP,HSSW,小西灣,1997/03,1997,29,F,6,8,1,HARMONY GARDEN,富欣花園,False
3055,2010-07-19,"HARMONY GARDEN(Phase 2),Block 3,SIU SAI WAN RD|富欣花園2期,3座,小西灣道",4359.047125066589,567,484,"{'bay_window': '', 'flat_roof': '', 'roof': '', 'ac_platform': '', 'plant_room': '', 'garden': '', 'yard': ''}",2.637,2.637,5448,5448.347107438017,10073001180249,3170768,ASP,HSSW,小西灣,1997/05,1997,29,E,14,3,2,HARMONY GARDEN,富欣花園,False
3056,2010-07-11,"CHEERFUL GARDEN(Phase 1),Block 2,SIU SAI WAN RD|富怡花園1期,2座,小西灣道",4508.870749844133,584,483,"{'bay_window': '', 'flat_roof': '', 'roof': '', 'ac_platform': '', 'plant_room': '', 'garden': '', 'yard': ''}",2.722,2.722,5636,5635.610766045549,10073001640182,3170860,PRO-ASP,HSSW,小西灣,1995/05,1995,31,J,35,2,1,CHEERFUL GARDEN,富怡花園,False
3057,2010-07-26,"HARMONY GARDEN(Phase 1),Block 7,SIU SAI WAN RD|富欣花園1期,7座,小西灣道",4430.1275294571315,567,484,"{'bay_window': '', 'flat_roof': '', 'roof': '', 'ac_platform': '', 'plant_room': '', 'garden': '', 'yard': ''}",2.68,2.68,5537,5537.190082644628,10080200640014,3172281,ASP,HSSW,小西灣,1997/03,1997,29,E,32,7,1,HARMONY GARDEN,富欣花園,False
3058,2010-07-10,"HARMONY GARDEN(Phase 2),Block 5,SIU SAI WAN RD|富欣花園2期,5座,小西灣道",4455.133963203764,504,431,"{'bay_window': '', 'flat_roof': '', 'roof': '', 'ac_platform': '', 'plant_room': '', 'garden': '', 'yard': ''}",2.4,2.4,5568,5568.445475638051,10080502600031,3177334,PRO-ASP,HSSW,小西灣,1997/03,1997,29,A,22,5,2,HARMONY GARDEN,富欣花園,False
3059,2010-07-19,"CHEERFUL GARDEN(Phase 1),Block 2,SIU SAI WAN RD|富怡花園1期,2座,小西灣道",4275.310582420171,584,483,"{'bay_window': '', 'flat_roof': '', 'roof': '', 'ac_platform': '', 'plant_room': '', 'garden': '', 'yard': ''}",2.581,2.581,5344,5343.685300207039,10080602640090,3178848,ASP,HSSW,小西灣,1995/05,1995,31,J,26,2,1,CHEERFUL GARDEN,富怡花園,False
3060,2010-07-30,"YIU TSUI HSE(Block B,KAI TSUI COURT),SIU SAI WAN RD|佳翠苑,B座(耀翠閣),小西灣道",4028.055012651071,596,433,"{'bay_window': '', 'flat_roof': '', 'roof': '', 'ac_platform': '', 'plant_room': '', 'garden': '', 'yard': ''}",2.18,2.18,5035,5034.642032332564,10081002400257,3182232,ASP,HSSW,小西灣,1993/08,1993,33,14,7,B,blank,KAI TSUI COURT,佳翠苑,False
3064,2010-08-13,"CHEERFUL GARDEN(Phase 1),Block 1,SIU SAI WAN RD|富怡花園1期,1座,小西灣道",2447.347885457862,701,579,"{'bay_window': '', 'flat_roof': '', 'roof': '', 'ac_platform': '', 'plant_room': '', 'garden': '', 'yard': ''}",1.8,1.8,3109,3108.8082901554403,10081800750156,3191150,ASP,HSSW,小西灣,1995/05,1995,31,K,14,1,1,CHEERFUL GARDEN,富怡花園,False
3065,2010-07-21,"YIU TSUI HSE(Block B,KAI TSUI COURT),SIU SAI WAN RD|佳翠苑,B座(耀翠閣),小西灣道",4013.7180981204488,823,598,"{'bay_window': '', 'flat_roof': '', 'roof': '', 'ac_platform': '', 'plant_room': '', 'garden': '', 'yard': ''}",3.0,3.0,5017,5016.722408026756,10081802460259,3191510,PRO-ASP,HSSW,小西灣,1993/08,1993,33,3,29,B,blank,KAI TSUI COURT,佳翠苑,False
3066,2010-08-09,"HARMONY GARDEN(Phase 2),Block 3,SIU SAI WAN RD|富欣花園2期,3座,小西灣道",2400.7269195406684,567,484,"{'bay_window': '', 'flat_roof': '', 'roof': '', 'ac_platform': '', 'plant_room': '', 'garden': '', 'yard': ''}",1.476,1.476,3050,3049.586776859504,10081802820708,3191611,ASP,HSSW,小西灣,1997/05,1997,29,E,18,3,2,HARMONY GARDEN,富欣花園,False
3067,2010-08-18,"HIN TSUI HSE(Block A,KAI TSUI COURT),SIU SAI WAN RD|佳翠苑,A座(顯翠閣),小西灣道",4454.3050332515395,596,433,"{'bay_window': '', 'flat_roof': '', 'roof': '', 'ac_platform': '', 'plant_room': '', 'garden': '', 'yard': ''}",2.45,2.45,5658,5658.198614318707,10082500280011,3198921,ASP,HSSW,小西灣,1993/08,1993,33,14,20,A,blank,KAI TSUI COURT,佳翠苑,False
3068,2010-07-23,"CHEERFUL GARDEN(Phase 1),Block 1,SIU SAI WAN RD|富怡花園1期,1座,小西灣道",3333.615864827817,581,480,"{'bay_window': '', 'flat_roof': '', 'roof': '', 'ac_platform': '', 'plant_room': '', 'garden': '', 'yard': ''}",2.0,2.0,4167,4166.666666666667,10082702090052,3202705,PRO-ASP,HSSW,小西灣,1995/05,1995,31,E,29,1,1,CHEERFUL GARDEN,富怡花園,False
3071,2010-08-31,"HARMONY GARDEN(Phase 2),Block 5,SIU SAI WAN RD|富欣花園2期,5座,小西灣道",2943.9808430681646,567,484,"{'bay_window': '', 'flat_roof': '', 'roof': '', 'ac_platform': '', 'plant_room': '', 'garden': '', 'yard': ''}",1.81,1.81,3740,3739.6694214876034,10090300220204,3210161,ASP,HSSW,小西灣,1997/03,1997,29,B,28,5,2,HARMONY GARDEN,富欣花園,False
3072,2010-08-20,"HARMONY GARDEN(Phase 1),Block 8,SIU SAI WAN RD|富欣花園1期,8座,小西灣道",4279.344529343834,567,484,"{'bay_window': '', 'flat_roof': '', 'roof': '', 'ac_platform': '', 'plant_room': '', 'garden': '', 'yard': ''}",2.631,2.631,5436,5435.9504132231405,10091001440016,3218617,ASP,HSSW,小西灣,1997/03,1997,29,B,20,8,1,HARMONY GARDEN,富欣花園,False
3073,2010-09-01,"CHEERFUL GARDEN(Phase 2),Block 4,SIU SAI WAN RD|富怡花園2期,4座,小西灣道",2628.3024052457063,716,592,"{'bay_window': '', 'flat_roof': '', 'roof': '', 'ac_platform': '', 'plant_room': '', 'garden': '', 'yard': ''}",1.98,1.98,3345,3344.5945945945946,10091001980235,3218733,PRO-ASP,HSSW,小西灣,1995/05,1995,31,D,34,4,2,CHEERFUL GARDEN,富怡花園,False
3074,2010-09-07,"HIN TSUI HSE(Block A,KAI TSUI COURT),SIU SAI WAN RD|佳翠苑,A座(顯翠閣),小西灣道",2540.8088196837207,596,433,"{'bay_window': '', 'flat_roof': '', 'roof': '', 'ac_platform': '', 'plant_room': '', 'garden': '', 'yard': ''}",1.4,1.4,3233,3233.256351039261,10091702210011,3226977,MEM-ASP,HSSW,小西灣,1993/08,1993,33,14,34,A,blank,KAI TSUI COURT,佳翠苑,False
3075,2010-09-20,"HARMONY GARDEN(Phase 2),Block 6,SIU SAI WAN RD|富欣花園2期,6座,小西灣道",2893.7874966846666,693,592,"{'bay_window': '', 'flat_roof': '', 'roof': '', 'ac_platform': '', 'plant_room': '', 'garden': '', 'yard': ''}",2.18,2.18,3682,3682.4324324324325,10092400200325,3233537,ASP,HSSW,小西灣,1997/03,1997,29,J,23,6,2,HARMONY GARDEN,富欣花園,False
3077,2010-09-20,"HARMONY GARDEN(Phase 2),Block 6,SIU SAI WAN RD|富欣花園2期,6座,小西灣道",3849.5338258649226,693,592,"{'bay_window': '', 'flat_roof': '', 'roof': '', 'ac_platform': '', 'plant_room': '', 'garden': '', 'yard': ''}",2.9,2.9,4899,4898.648648648648,10092800430140,3236863,ASP,HSSW,小西灣,1997/03,1997,29,J,2,6,2,HARMONY GARDEN,富欣花園,False
3080,2010-09-06,"CHEERFUL GARDEN(Phase 1),Block 2,SIU SAI WAN RD|富怡花園1期,2座,小西灣道",2643.763369967557,521,431,"{'bay_window': '', 'flat_roof': '', 'roof': '', 'ac_platform': '', 'plant_room': '', 'garden': '', 'yard': ''}",1.45,1.45,3364,3364.2691415313225,10100401790159,3243069,PRO-ASP,HSSW,小西灣,1995/05,1995,31,K,38,2,1,CHEERFUL GARDEN,富怡花園,False
3082,2010-09-24,"YIU TSUI HSE(Block B,KAI TSUI COURT),SIU SAI WAN RD|佳翠苑,B座(耀翠閣),小西灣道",2628.2136142452246,823,598,"{'bay_window': '', 'flat_roof': '', 'roof': '', 'ac_platform': '', 'plant_room': '', 'garden': '', 'yard': ''}",2.0,2.0,3344,3344.4816053511704,10100602240081,3245897,ASP,HSSW,小西灣,1993/08,1993,33,10,31,B,blank,KAI TSUI COURT,佳翠苑,False
3084,2010-10-04,"HIN TSUI HSE(Block A,KAI TSUI COURT),SIU SAI WAN RD|佳翠苑,A座(顯翠閣),小西灣道",3603.846759980963,740,538,"{'bay_window': '4', 'flat_roof': '', 'roof': '', 'ac_platform': '', 'plant_room': '', 'garden': '', 'yard': ''}",2.5,2.5,4647,4646.840148698885,10101103110067,3250922,ASP,HSSW,小西灣,1993/08,1993,33,5,5,A,blank,KAI TSUI COURT,佳翠苑,False
3086,2010-09-28,"CHEERFUL GARDEN(Phase 2),Block 5,SIU SAI WAN RD|富怡花園2期,5座,小西灣道",2654.850914389602,716,592,"{'bay_window': '', 'flat_roof': '', 'roof': '', 'ac_platform': '', 'plant_room': '', 'garden': '', 'yard': ''}",2.0,2.0,3378,3378.3783783783783,10101500380020,3256582,ASP,HSSW,小西灣,1995/05,1995,31,H,25,5,2,CHEERFUL GARDEN,富怡花園,False
3088,2010-10-11,"HARMONY GARDEN(Phase 1),Block 1,SIU SAI WAN RD|富欣花園1期,1座,小西灣道",4354.584062760849,504,431,"{'bay_window': '', 'flat_roof': '', 'roof': '', 'ac_platform': '', 'plant_room': '', 'garden': '', 'yard': ''}",2.42,2.42,5615,5614.849187935035,10101801410062,3258426,ASP,HSSW,小西灣,1997/03,1997,29,K,3,1,1,HARMONY GARDEN,富欣花園,False
3089,2010-09-20,"HARMONY GARDEN(Phase 2),Block 4,SIU SAI WAN RD|富欣花園2期,4座,小西灣道",2922.530097493347,567,484,"{'bay_window': '', 'flat_roof': '', 'roof': '', 'ac_platform': '', 'plant_room': '', 'garden': '', 'yard': ''}",1.8,1.8,3719,3719.00826446281,10101902560140,3259828,PRO-ASP,HSSW,小西灣,1997/03,1997,29,J,15,4,2,HARMONY GARDEN,富欣花園,False
3091,2010-10-11,"HARMONY GARDEN(Phase 2),Block 5,SIU SAI WAN RD|富欣花園2期,5座,小西灣道",2423.5869460871972,693,592,"{'bay_window': '', 'flat_roof': '', 'roof': '', 'ac_platform': '', 'plant_room': '', 'garden': '', 'yard': ''}",1.85,1.85,3125,3125.0,10102500240017,3266018,MEM-ASP,HSSW,小西灣,1997/03,1997,29,K,9,5,2,HARMONY GARDEN,富欣花園,False
3093,2010-10-14,"YIU TSUI HSE(Block B,KAI TSUI COURT),SIU SAI WAN RD|佳翠苑,B座(耀翠閣),小西灣道",3603.846759980963,740,538,"{'bay_window': '4', 'flat_roof': '', 'roof': '', 'ac_platform': '', 'plant_room': '', 'garden': '', 'yard': ''}",2.5,2.5,4647,4646.840148698885,10102900420222,3273708,ASP,HSSW,小西灣,1993/08,1993,33,13,30,B,blank,KAI TSUI COURT,佳翠苑,False
3094,2010-10-28,"HARMONY GARDEN(Phase 2),Block 4,SIU SAI WAN RD|富欣花園2期,4座,小西灣道",2600.154533342738,504,431,"{'bay_window': '', 'flat_roof': '', 'roof': '', 'ac_platform': '', 'plant_room': '', 'garden': '', 'yard': ''}",1.445,1.445,3353,3352.6682134570765,10110101670026,3275969,ASP,HSSW,小西灣,1997/03,1997,29,E,27,4,2,HARMONY GARDEN,富欣花園,False
3095,2010-10-20,"CHEERFUL GARDEN(Phase 1),Block 3,SIU SAI WAN RD|富怡花園1期,3座,小西灣道",2620.0939957699434,716,592,"{'bay_window': '', 'flat_roof': '', 'roof': '', 'ac_platform': '', 'plant_room': '', 'garden': '', 'yard': ''}",2.0,2.0,3378,3378.3783783783783,10110500420246,3281924,ASP,HSSW,小西灣,1995/05,1995,31,D,16,3,1,CHEERFUL GARDEN,富怡花園,False
3096,2010-11-02,"CHEERFUL GARDEN(Phase 2),Block 5,SIU SAI WAN RD|富怡花園2期,5座,小西灣道",2519.680519963618,716,592,"{'bay_window': '', 'flat_roof': '', 'roof': '', 'ac_platform': '', 'plant_room': '', 'garden': '', 'yard': ''}",1.95,1.95,3294,3293.9189189189187,10111102420255,3289218,ASP,HSSW,小西灣,1995/05,1995,31,B,29,5,2,CHEERFUL GARDEN,富怡花園,False
3097,2010-10-14,"HARMONY GARDEN(Phase 2),Block 3,SIU SAI WAN RD|富欣花園2期,3座,小西灣道",4589.594603218267,504,414,"{'bay_window': '', 'flat_roof': '', 'roof': '', 'ac_platform': '', 'plant_room': '', 'garden': '', 'yard': ''}",2.45,2.45,5918,5917.874396135266,10111202570028,3290875,ASP,HSSW,小西灣,1997/05,1997,29,A,20,3,2,HARMONY GARDEN,富欣花園,False
3098,2010-11-10,"HARMONY GARDEN(Phase 1),Block 8,SIU SAI WAN RD|富欣花園1期,8座,小西灣道",4614.542514519603,504,431,"{'bay_window': '', 'flat_roof': '', 'roof': '', 'ac_platform': '', 'plant_room': '', 'garden': '', 'yard': ''}",2.6,2.6,6032,6032.482598607889,10111702730509,3296321,ASP,HSSW,小西灣,1997/03,1997,29,F,21,8,1,HARMONY GARDEN,富欣花園,False
3099,2010-10-29,"CHEERFUL GARDEN(Phase 1),Block 2,SIU SAI WAN RD|富怡花園1期,2座,小西灣道",4269.443166107122,716,592,"{'bay_window': '', 'flat_roof': '', 'roof': '', 'ac_platform': '', 'plant_room': '', 'garden': '', 'yard': ''}",3.259,3.259,5505,5505.0675675675675,10112400750208,3304919,PRO-ASP,HSSW,小西灣,1995/05,1995,31,G,20,2,1,CHEERFUL GARDEN,富怡花園,False
3101,2010-11-10,"HIN TSUI HSE(Block A,KAI TSUI COURT),SIU SAI WAN RD|佳翠苑,A座(顯翠閣),小西灣道",4151.571669773654,596,433,"{'bay_window': '', 'flat_roof': '', 'roof': '', 'ac_platform': '', 'plant_room': '', 'garden': '', 'yard': ''}",2.35,2.35,5427,5427.251732101617,10112501820044,3306950,ASP,HSSW,小西灣,1993/08,1993,33,15,5,A,blank,KAI TSUI COURT,佳翠苑,False
3102,2010-11-22,"CHEERFUL GARDEN(Phase 1),Block 3,SIU SAI WAN RD|富怡花園1期,3座,小西灣道",2946.0879925728455,716,592,"{'bay_window': '', 'flat_roof': '', 'roof': '', 'ac_platform': '', 'plant_room': '', 'garden': '', 'yard': ''}",2.28,2.28,3851,3851.3513513513512,10112502150027,3306990,ASP,HSSW,小西灣,1995/05,1995,31,G,23,3,1,CHEERFUL GARDEN,富怡花園,False
3103,2010-11-05,"YIU TSUI HSE(Block B,KAI TSUI COURT),SIU SAI WAN RD|佳翠苑,B座(耀翠閣),小西灣道",3879.511228435296,596,433,"{'bay_window': '', 'flat_roof': '', 'roof': '', 'ac_platform': '', 'plant_room': '', 'garden': '', 'yard': ''}",2.196,2.196,5072,5071.593533487298,10120301750053,3317799,ASP,HSSW,小西灣,1993/08,1993,33,7,22,B,blank,KAI TSUI COURT,佳翠苑,False
3104,2010-12-14,"HARMONY GARDEN(Phase 2),Block 3,SIU SAI WAN RD|富欣花園2期,3座,小西灣道",2572.405837821486,693,592,"{'bay_window': '', 'flat_roof': '', 'roof': '', 'ac_platform': '', 'plant_room': '', 'garden': '', 'yard': ''}",2.0,2.0,3378,3378.3783783783783,10121701790206,3333730,ASP,HSSW,小西灣,1997/05,1997,29,H,5,3,2,HARMONY GARDEN,富欣花園,False
3105,2010-12-20,"HARMONY GARDEN(Phase 2),Block 4,SIU SAI WAN RD|富欣花園2期,4座,小西灣道",2878.522132522243,693,592,"{'bay_window': '', 'flat_roof': '', 'roof': '', 'ac_platform': '', 'plant_room': '', 'garden': '', 'yard': ''}",2.238,2.238,3780,3780.4054054054054,10122802300163,3342186,ASP,HSSW,小西灣,1997/03,1997,29,G,13,4,2,HARMONY GARDEN,富欣花園,False
3107,2010-12-06,"HIN TSUI HSE(Block A,KAI TSUI COURT),SIU SAI WAN RD|佳翠苑,A座(顯翠閣),小西灣道",4044.5586475493483,596,433,"{'bay_window': '', 'flat_roof': '', 'roof': '', 'ac_platform': '', 'plant_room': '', 'garden': '', 'yard': ''}",2.3,2.3,5312,5311.778290993072,11011002290011,3353330,ASP,HSSW,小西灣,1993/08,1993,33,15,30,A,blank,KAI TSUI COURT,佳翠苑,False
3109,2011-01-05,"CHEERFUL GARDEN(Phase 1),Block 2,SIU SAI WAN RD|富怡花園1期,2座,小西灣道",2266.162220432881,584,483,"{'bay_window': '', 'flat_roof': '', 'roof': '', 'ac_platform': '', 'plant_room': '', 'garden': '', 'yard': ''}",1.48,1.48,3064,3064.182194616977,11011102770068,3354604,ASP,HSSW,小西灣,1995/05,1995,31,J,38,2,1,CHEERFUL GARDEN,富怡花園,False
3110,2010-12-22,"HARMONY GARDEN(Phase 2),Block 4,SIU SAI WAN RD|富欣花園2期,4座,小西灣道",3086.887005385783,693,592,"{'bay_window': '', 'flat_roof': '', 'roof': '', 'ac_platform': '', 'plant_room': '', 'garden': '', 'yard': ''}",2.4,2.4,4054,4054.054054054054,11011200290146,3355524,ASP,HSSW,小西灣,1997/03,1997,29,B,11,4,2,HARMONY GARDEN,富欣花園,False
3111,2011-01-07,"CHEERFUL GARDEN(Phase 2),Block 5,SIU SAI WAN RD|富怡花園2期,5座,小西灣道",2560.994022280882,716,592,"{'bay_window': '', 'flat_roof': '', 'roof': '', 'ac_platform': '', 'plant_room': '', 'garden': '', 'yard': ''}",2.05,2.05,3463,3462.8378378378375,11011300430232,3357035,ASP,HSSW,小西灣,1995/05,1995,31,D,33,5,2,CHEERFUL GARDEN,富怡花園,False
3113,2011-01-10,"CHEERFUL GARDEN(Phase 1),Block 3,SIU SAI WAN RD|富怡花園1期,3座,小西灣道",4289.820783176623,521,431,"{'bay_window': '', 'flat_roof': '', 'roof': '', 'ac_platform': '', 'plant_room': '', 'garden': '', 'yard': ''}",2.5,2.5,5800,5800.46403712297,11011403440040,3358855,ASP,HSSW,小西灣,1995/05,1995,31,E,39,3,1,CHEERFUL GARDEN,富怡花園,False
3114,2010-12-28,"HARMONY GARDEN(Phase 2),Block 3,SIU SAI WAN RD|富欣花園2期,3座,小西灣道",2289.4411956611225,693,592,"{'bay_window': '', 'flat_roof': '', 'roof': '', 'ac_platform': '', 'plant_room': '', 'garden': '', 'yard': ''}",1.78,1.78,3007,3006.7567567567567,11011801730804,3361686,ASP,HSSW,小西灣,1997/05,1997,29,K,1,3,2,HARMONY GARDEN,富欣花園,False
3115,2011-01-10,"CHEERFUL GARDEN(Phase 1),Block 3,SIU SAI WAN RD|富怡花園1期,3座,小西灣道",2327.4098480121484,584,483,"{'bay_window': '', 'flat_roof': '', 'roof': '', 'ac_platform': '', 'plant_room': '', 'garden': '', 'yard': ''}",1.52,1.52,3147,3146.9979296066253,11011900350205,3362752,ASP,HSSW,小西灣,1995/05,1995,31,J,27,3,1,CHEERFUL GARDEN,富怡花園,False
3117,2011-01-18,"CHEERFUL GARDEN(Phase 2),Block 5,SIU SAI WAN RD|富怡花園2期,5座,小西灣道",2735.891175022015,716,592,"{'bay_window': '', 'flat_roof': '', 'roof': '', 'ac_platform': '', 'plant_room': '', 'garden': '', 'yard': ''}",2.19,2.19,3699,3699.324324324324,11012602700096,3369972,PRO-ASP,HSSW,小西灣,1995/05,1995,31,D,26,5,2,CHEERFUL GARDEN,富怡花園,False
3118,2011-01-13,"HARMONY GARDEN(Phase 2),Block 5,SIU SAI WAN RD|富欣花園2期,5座,小西灣道",2316.503222915376,504,431,"{'bay_window': '', 'flat_roof': '', 'roof': '', 'ac_platform': '', 'plant_room': '', 'garden': '', 'yard': ''}",1.35,1.35,3132,3132.2505800464037,11013101800108,3375140,ASP,HSSW,小西灣,1997/03,1997,29,A,2,5,2,HARMONY GARDEN,富欣花園,False
3119,2011-01-20,"HARMONY GARDEN(Phase 2),Block 5,SIU SAI WAN RD|富欣花園2期,5座,小西灣道",4418.5154066719215,504,431,"{'bay_window': '', 'flat_roof': '', 'roof': '', 'ac_platform': '', 'plant_room': '', 'garden': '', 'yard': ''}",2.575,2.575,5974,5974.477958236659,11020700650018,3379725,ASP,HSSW,小西灣,1997/03,1997,29,F,10,5,2,HARMONY GARDEN,富欣花園,False
3120,2011-01-18,"CHEERFUL GARDEN(Phase 2),Block 4,SIU SAI WAN RD|富怡花園2期,4座,小西灣道",2436.0674846086436,716,592,"{'bay_window': '', 'flat_roof': '', 'roof': '', 'ac_platform': '', 'plant_room': '', 'garden': '', 'yard': ''}",1.95,1.95,3294,3293.9189189189187,11020800400055,3380332,ASP,HSSW,小西灣,1995/05,1995,31,G,6,4,2,CHEERFUL GARDEN,富怡花園,False
3121,2011-01-20,"HARMONY GARDEN(Phase 2),Block 5,SIU SAI WAN RD|富欣花園2期,5座,小西灣道",4431.27850982848,567,484,"{'bay_window': '', 'flat_roof': '', 'roof': '', 'ac_platform': '', 'plant_room': '', 'garden': '', 'yard': ''}",2.9,2.9,5992,5991.735537190083,11021602720105,3389063,PRO-ASP,HSSW,小西灣,1997/03,1997,29,E,5,5,2,HARMONY GARDEN,富欣花園,False
3122,2011-01-25,"CHEERFUL GARDEN(Phase 2),Block 4,SIU SAI WAN RD|富怡花園2期,4座,小西灣道",2719.888188791274,586,484,"{'bay_window': '', 'flat_roof': '', 'roof': '', 'ac_platform': '', 'plant_room': '', 'garden': '', 'yard': ''}",1.78,1.78,3678,3677.685950413223,11022501380114,3399435,ASP,HSSW,小西灣,1995/05,1995,31,F,38,4,2,CHEERFUL GARDEN,富怡花園,False
3123,2011-02-28,"YIU TSUI HSE(Block B,KAI TSUI COURT),SIU SAI WAN RD|佳翠苑,B座(耀翠閣),小西灣道",2817.4907533531937,823,598,"{'bay_window': '', 'flat_roof': '', 'roof': '', 'ac_platform': '', 'plant_room': '', 'garden': '', 'yard': ''}",2.38,2.38,3980,3979.933110367893,11031100740148,3411988,ASP,HSSW,小西灣,1993/08,1993,33,2,33,B,blank,KAI TSUI COURT,佳翠苑,False
3125,2011-03-07,"CHEERFUL GARDEN(Phase 2),Block 5,SIU SAI WAN RD|富怡花園2期,5座,小西灣道",3871.802155278063,716,592,"{'bay_window': '', 'flat_roof': '', 'roof': '', 'ac_platform': '', 'plant_room': '', 'garden': '', 'yard': ''}",3.33,3.33,5625,5625.0,11031701090306,3417806,ASP,HSSW,小西灣,1995/05,1995,31,A,11,5,2,CHEERFUL GARDEN,富怡花園,False
3127,2011-03-08,"YIU TSUI HSE(Block B,KAI TSUI COURT),SIU SAI WAN RD|佳翠苑,B座(耀翠閣),小西灣道",2098.2257033146707,740,538,"{'bay_window': '4', 'flat_roof': '', 'roof': '', 'ac_platform': '', 'plant_room': '', 'garden': '', 'yard': ''}",1.64,1.64,3048,3048.3271375464683,11032102200210,3421216,PRO-ASP,HSSW,小西灣,1993/08,1993,33,4,14,B,blank,KAI TSUI COURT,佳翠苑,False
3128,2011-03-15,"HIN TSUI HSE(Block A,KAI TSUI COURT),SIU SAI WAN RD|佳翠苑,A座(顯翠閣),小西灣道",2258.5512572455364,877,640,"{'bay_window': '', 'flat_roof': '', 'roof': '', 'ac_platform': '', 'plant_room': '', 'garden': '', 'yard': ''}",2.1,2.1,3281,3281.25,11032301300270,3423958,ASP,HSSW,小西灣,1993/08,1993,33,9,18,A,blank,KAI TSUI COURT,佳翠苑,False
3129,2011-03-23,"CHEERFUL GARDEN(Phase 1),Block 1,SIU SAI WAN RD|富怡花園1期,1座,小西灣道",3995.1262239276602,581,480,"{'bay_window': '', 'flat_roof': '', 'roof': '', 'ac_platform': '', 'plant_room': '', 'garden': '', 'yard': ''}",2.786,2.786,5804,5804.166666666667,11033101400027,3433207,ASP,HSSW,小西灣,1995/05,1995,31,E,17,1,1,CHEERFUL GARDEN,富怡花園,False
3131,2011-03-28,"CHEERFUL GARDEN(Phase 1),Block 1,SIU SAI WAN RD|富怡花園1期,1座,小西灣道",3871.802155278063,581,480,"{'bay_window': '', 'flat_roof': '', 'roof': '', 'ac_platform': '', 'plant_room': '', 'garden': '', 'yard': ''}",2.7,2.7,5625,5625.0,11040802830055,3440434,MEM-ASP,HSSW,小西灣,1995/05,1995,31,E,6,1,1,CHEERFUL GARDEN,富怡花園,False
3132,2011-03-14,"HARMONY GARDEN(Phase 2),Block 3,SIU SAI WAN RD|富欣花園2期,3座,小西灣道",4427.574356546205,693,592,"{'bay_window': '', 'flat_roof': '', 'roof': '', 'ac_platform': '', 'plant_room': '', 'garden': '', 'yard': ''}",3.808,3.808,6432,6432.4324324324325,11041101050134,3441888,ASP,HSSW,小西灣,1997/05,1997,29,J,16,3,2,HARMONY GARDEN,富欣花園,False
3133,2011-04-04,"CHEERFUL GARDEN(Phase 1),Block 2,SIU SAI WAN RD|富怡花園1期,2座,小西灣道",2203.0380742182297,586,484,"{'bay_window': '', 'flat_roof': '', 'roof': '', 'ac_platform': '', 'plant_room': '', 'garden': '', 'yard': ''}",1.58,1.58,3264,3264.4628099173556,11041202770027,3443470,ASP,HSSW,小西灣,1995/05,1995,31,F,13,2,1,CHEERFUL GARDEN,富怡花園,False
3134,2011-03-31,"CHEERFUL GARDEN(Phase 2),Block 5,SIU SAI WAN RD|富怡花園2期,5座,小西灣道",4021.8389330124373,586,484,"{'bay_window': '', 'flat_roof': '', 'roof': '', 'ac_platform': '', 'plant_room': '', 'garden': '', 'yard': ''}",2.828,2.828,5843,5842.975206611571,11041301800168,3444617,ASP,HSSW,小西灣,1995/05,1995,31,F,30,5,2,CHEERFUL GARDEN,富怡花園,False
3136,2011-04-08,"CHEERFUL GARDEN(Phase 2),Block 5,SIU SAI WAN RD|富怡花園2期,5座,小西灣道",3742.233726001761,521,431,"{'bay_window': '', 'flat_roof': '', 'roof': '', 'ac_platform': '', 'plant_room': '', 'garden': '', 'yard': ''}",2.39,2.39,5545,5545.243619489559,11041503440067,3447778,ASP,HSSW,小西灣,1995/05,1995,31,K,23,5,2,CHEERFUL GARDEN,富怡花園,False
3137,2011-04-15,"YIU TSUI HSE(Block B,KAI TSUI COURT),SIU SAI WAN RD|佳翠苑,B座(耀翠閣),小西灣道",2320.597020910784,740,538,"{'bay_window': '4', 'flat_roof': '', 'roof': '', 'ac_platform': '', 'plant_room': '', 'garden': '', 'yard': ''}",1.85,1.85,3439,3438.6617100371745,11042100020042,3453609,ASP,HSSW,小西灣,1993/08,1993,33,13,31,B,blank,KAI TSUI COURT,佳翠苑,False
3138,2011-04-11,"CHEERFUL GARDEN(Phase 1),Block 3,SIU SAI WAN RD|富怡花園1期,3座,小西灣道",3851.838897893026,521,431,"{'bay_window': '', 'flat_roof': '', 'roof': '', 'ac_platform': '', 'plant_room': '', 'garden': '', 'yard': ''}",2.46,2.46,5708,5707.656612529002,11042102060013,3453876,ASP,HSSW,小西灣,1995/05,1995,31,K,33,3,1,CHEERFUL GARDEN,富怡花園,False
3139,2011-04-19,"YIU TSUI HSE(Block B,KAI TSUI COURT),SIU SAI WAN RD|佳翠苑,B座(耀翠閣),小西灣道",3922.592950819263,877,640,"{'bay_window': '', 'flat_roof': '', 'roof': '', 'ac_platform': '', 'plant_room': '', 'garden': '', 'yard': ''}",3.72,3.72,5813,5812.5,11042601250303,3455504,ASP,HSSW,小西灣,1993/08,1993,33,1,11,B,blank,KAI TSUI COURT,佳翠苑,False
3140,2011-03-28,"YIU TSUI HSE(Block B,KAI TSUI COURT),SIU SAI WAN RD|佳翠苑,B座(耀翠閣),小西灣道",2238.9603541467523,737,538,"{'bay_window': '', 'flat_roof': '', 'roof': '', 'ac_platform': '', 'plant_room': '', 'garden': '', 'yard': ''}",1.75,1.75,3253,3252.7881040892194,11042802240014,3458556,ASP,HSSW,小西灣,1993/08,1993,33,12,37,B,blank,KAI TSUI COURT,佳翠苑,False
3141,2011-04-06,"CHEERFUL GARDEN(Phase 2),Block 4,SIU SAI WAN RD|富怡花園2期,4座,小西灣道",2342.4708637257127,586,484,"{'bay_window': '', 'flat_roof': '', 'roof': '', 'ac_platform': '', 'plant_room': '', 'garden': '', 'yard': ''}",1.68,1.68,3471,3471.0743801652893,11042901680222,3460085,ASP,HSSW,小西灣,1995/05,1995,31,F,33,4,2,CHEERFUL GARDEN,富怡花園,False
3142,2011-04-28,"CHEERFUL GARDEN(Phase 2),Block 4,SIU SAI WAN RD|富怡花園2期,4座,小西灣道",2520.9189534990946,521,431,"{'bay_window': '', 'flat_roof': '', 'roof': '', 'ac_platform': '', 'plant_room': '', 'garden': '', 'yard': ''}",1.61,1.61,3735,3735.4988399071926,11050401050049,3463388,ASP,HSSW,小西灣,1995/05,1995,31,K,35,4,2,CHEERFUL GARDEN,富怡花園,False
3143,2011-04-19,"HIN TSUI HSE(Block A,KAI TSUI COURT),SIU SAI WAN RD|佳翠苑,A座(顯翠閣),小西灣道",3927.5608477248666,596,433,"{'bay_window': '', 'flat_roof': '', 'roof': '', 'ac_platform': '', 'plant_room': '', 'garden': '', 'yard': ''}",2.52,2.52,5820,5819.86143187067,11051202110051,3471237,PRO-ASP,HSSW,小西灣,1993/08,1993,33,14,29,A,blank,KAI TSUI COURT,佳翠苑,False
3145,2011-04-20,"CHEERFUL GARDEN(Phase 1),Block 1,SIU SAI WAN RD|富怡花園1期,1座,小西灣道",4175.663463775344,580,480,"{'bay_window': '', 'flat_roof': '', 'roof': '', 'ac_platform': '', 'plant_room': '', 'garden': '', 'yard': ''}",2.97,2.97,6188,6187.5,11051601150091,3474708,PRO-ASP,HSSW,小西灣,1995/05,1995,31,B,3,1,1,CHEERFUL GARDEN,富怡花園,False
3146,2011-05-11,"HIN TSUI HSE(Block A,KAI TSUI COURT),SIU SAI WAN RD|佳翠苑,A座(顯翠閣),小西灣道",2476.987850073313,877,640,"{'bay_window': '', 'flat_roof': '', 'roof': '', 'ac_platform': '', 'plant_room': '', 'garden': '', 'yard': ''}",2.4,2.4,3750,3750.0,11051801140023,3477643,ASP,HSSW,小西灣,1993/08,1993,33,9,37,A,blank,KAI TSUI COURT,佳翠苑,False
3147,2011-05-09,"CHEERFUL GARDEN(Phase 1),Block 1,SIU SAI WAN RD|富怡花園1期,1座,小西灣道",4470.566673980874,517,427,"{'bay_window': '', 'flat_roof': '', 'roof': '', 'ac_platform': '', 'plant_room': '', 'garden': '', 'yard': ''}",2.89,2.89,6768,6768.149882903981,11051801160021,3477649,ASP,HSSW,小西灣,1995/05,1995,31,A,12,1,1,CHEERFUL GARDEN,富怡花園,False
3148,2011-05-03,"HIN TSUI HSE(Block A,KAI TSUI COURT),SIU SAI WAN RD|佳翠苑,A座(顯翠閣),小西灣道",3890.743245047004,740,538,"{'bay_window': '4', 'flat_roof': '', 'roof': '', 'ac_platform': '', 'plant_room': '', 'garden': '', 'yard': ''}",3.169,3.169,5890,5890.334572490707,11051901420042,3479153,ASP,HSSW,小西灣,1993/08,1993,33,13,21,A,blank,KAI TSUI COURT,佳翠苑,False
3150,2011-05-09,"CHEERFUL GARDEN(Phase 1),Block 2,SIU SAI WAN RD|富怡花園1期,2座,小西灣道",4214.5191571239675,521,431,"{'bay_window': '', 'flat_roof': '', 'roof': '', 'ac_platform': '', 'plant_room': '', 'garden': '', 'yard': ''}",2.75,2.75,6381,6380.510440835267,11052000380019,3480316,ASP,HSSW,小西灣,1995/05,1995,31,K,35,2,1,CHEERFUL GARDEN,富怡花園,False
3151,2011-05-06,"CHEERFUL GARDEN(Phase 2),Block 5,SIU SAI WAN RD|富怡花園2期,5座,小西灣道",2231.5205856516336,716,592,"{'bay_window': '', 'flat_roof': '', 'roof': '', 'ac_platform': '', 'plant_room': '', 'garden': '', 'yard': ''}",2.0,2.0,3378,3378.3783783783783,11052402900302,3483561,ASP,HSSW,小西灣,1995/05,1995,31,B,2,5,2,CHEERFUL GARDEN,富怡花園,False
3153,2011-05-19,"HIN TSUI HSE(Block A,KAI TSUI COURT),SIU SAI WAN RD|佳翠苑,A座(顯翠閣),小西灣道",3755.5222698993375,823,598,"{'bay_window': '', 'flat_roof': '', 'roof': '', 'ac_platform': '', 'plant_room': '', 'garden': '', 'yard': ''}",3.4,3.4,5686,5685.61872909699,11052602130035,3486364,ASP,HSSW,小西灣,1993/08,1993,33,3,34,A,blank,KAI TSUI COURT,佳翠苑,False
3154,2011-05-19,"CHEERFUL GARDEN(Phase 2),Block 5,SIU SAI WAN RD|富怡花園2期,5座,小西灣道",2292.749084365381,586,484,"{'bay_window': '', 'flat_roof': '', 'roof': '', 'ac_platform': '', 'plant_room': '', 'garden': '', 'yard': ''}",1.68,1.68,3471,3471.0743801652893,11052602150030,3486368,PRO-ASP,HSSW,小西灣,1995/05,1995,31,F,10,5,2,CHEERFUL GARDEN,富怡花園,False
3155,2011-05-25,"CHEERFUL GARDEN(Phase 1),Block 2,SIU SAI WAN RD|富怡花園1期,2座,小西灣道",2677.8247027819602,716,592,"{'bay_window': '', 'flat_roof': '', 'roof': '', 'ac_platform': '', 'plant_room': '', 'garden': '', 'yard': ''}",2.4,2.4,4054,4054.054054054054,11060101390104,3491916,ASP,HSSW,小西灣,1995/05,1995,31,H,33,2,1,CHEERFUL GARDEN,富怡花園,False
3157,2011-05-25,"YIU TSUI HSE(Block B,KAI TSUI COURT),SIU SAI WAN RD|佳翠苑,B座(耀翠閣),小西灣道",2319.587284349591,823,598,"{'bay_window': '', 'flat_roof': '', 'roof': '', 'ac_platform': '', 'plant_room': '', 'garden': '', 'yard': ''}",2.1,2.1,3512,3511.705685618729,11060102250040,3492044,ASP,HSSW,小西灣,1993/08,1993,33,2,24,B,blank,KAI TSUI COURT,佳翠苑,False
3158,2011-05-30,"CHEERFUL GARDEN(Phase 2),Block 5,SIU SAI WAN RD|富怡花園2期,5座,小西灣道",2231.5205856516336,716,592,"{'bay_window': '', 'flat_roof': '', 'roof': '', 'ac_platform': '', 'plant_room': '', 'garden': '', 'yard': ''}",2.0,2.0,3378,3378.3783783783783,11060202110025,3493585,ASP,HSSW,小西灣,1995/05,1995,31,H,21,5,2,CHEERFUL GARDEN,富怡花園,False
3159,2011-05-09,"CHEERFUL GARDEN(Phase 1),Block 2,SIU SAI WAN RD|富怡花園1期,2座,小西灣道",2434.2516897890946,584,483,"{'bay_window': '', 'flat_roof': '', 'roof': '', 'ac_platform': '', 'plant_room': '', 'garden': '', 'yard': ''}",1.78,1.78,3685,3685.3002070393377,11060801620093,3497476,ASP,HSSW,小西灣,1995/05,1995,31,J,36,2,1,CHEERFUL GARDEN,富怡花園,False
3160,2011-06-03,"HIN TSUI HSE(Block A,KAI TSUI COURT),SIU SAI WAN RD|佳翠苑,A座(顯翠閣),小西灣道",2323.8056679662895,740,538,"{'bay_window': '4', 'flat_roof': '', 'roof': '', 'ac_platform': '', 'plant_room': '', 'garden': '', 'yard': ''}",1.88,1.88,3494,3494.4237918215613,11061301230159,3501590,ASP,HSSW,小西灣,1993/08,1993,33,5,28,A,blank,KAI TSUI COURT,佳翠苑,False
3161,2011-06-07,"CHEERFUL GARDEN(Phase 2),Block 5,SIU SAI WAN RD|富怡花園2期,5座,小西灣道",4258.494051747277,521,431,"{'bay_window': '', 'flat_roof': '', 'roof': '', 'ac_platform': '', 'plant_room': '', 'garden': '', 'yard': ''}",2.76,2.76,6404,6403.712296983758,11061500470193,3504186,ASP,HSSW,小西灣,1995/05,1995,31,E,10,5,2,CHEERFUL GARDEN,富怡花園,False
3162,2011-06-09,"HIN TSUI HSE(Block A,KAI TSUI COURT),SIU SAI WAN RD|佳翠苑,A座(顯翠閣),小西灣道",3708.20053398876,740,538,"{'bay_window': '4', 'flat_roof': '', 'roof': '', 'ac_platform': '', 'plant_room': '', 'garden': '', 'yard': ''}",3.0,3.0,5576,5576.208178438662,11061600010032,3505505,ASP,HSSW,小西灣,1993/08,1993,33,12,9,A,blank,KAI TSUI COURT,佳翠苑,False
3163,2011-06-16,"CHEERFUL GARDEN(Phase 2),Block 4,SIU SAI WAN RD|富怡花園2期,4座,小西灣道",2409.43464648062,584,483,"{'bay_window': '', 'flat_roof': '', 'roof': '', 'ac_platform': '', 'plant_room': '', 'garden': '', 'yard': ''}",1.75,1.75,3623,3623.1884057971015,11062002060023,3508544,ASP,HSSW,小西灣,1995/05,1995,31,J,22,4,2,CHEERFUL GARDEN,富怡花園,False
3164,2011-06-20,"CHEERFUL GARDEN(Phase 1),Block 2,SIU SAI WAN RD|富怡花園1期,2座,小西灣道",2549.930734312564,716,592,"{'bay_window': '', 'flat_roof': '', 'roof': '', 'ac_platform': '', 'plant_room': '', 'garden': '', 'yard': ''}",2.27,2.27,3834,3834.4594594594596,11062302440300,3512417,ASP,HSSW,小西灣,1995/05,1995,31,H,18,2,1,CHEERFUL GARDEN,富怡花園,False
3168,2011-06-28,"HARMONY GARDEN(Phase 2),Block 2,SIU SAI WAN RD|富欣花園2期,2座,小西灣道",3032.9572610766177,693,592,"{'bay_window': '', 'flat_roof': '', 'roof': '', 'ac_platform': '', 'plant_room': '', 'garden': '', 'yard': ''}",2.7,2.7,4561,4560.810810810811,11070701330052,3523772,ASP,HSSW,小西灣,1997/03,1997,29,J,6,2,2,HARMONY GARDEN,富欣花園,False
3169,2011-07-06,"HARMONY GARDEN(Phase 2),Block 2,SIU SAI WAN RD|富欣花園2期,2座,小西灣道",3348.4568144123095,693,592,"{'bay_window': '', 'flat_roof': '', 'roof': '', 'ac_platform': '', 'plant_room': '', 'garden': '', 'yard': ''}",2.98,2.98,5034,5033.783783783784,11071101630036,3526243,ASP,HSSW,小西灣,1997/03,1997,29,G,17,2,2,HARMONY GARDEN,富欣花園,False
3170,2011-06-17,"CHEERFUL GARDEN(Phase 2),Block 5,SIU SAI WAN RD|富怡花園2期,5座,小西灣道",3899.153667904637,584,483,"{'bay_window': '', 'flat_roof': '', 'roof': '', 'ac_platform': '', 'plant_room': '', 'garden': '', 'yard': ''}",2.832,2.832,5863,5863.3540372670805,11071401360120,3529270,PRO-ASP,HSSW,小西灣,1995/05,1995,31,J,6,5,2,CHEERFUL GARDEN,富怡花園,False
3172,2011-07-12,"HIN TSUI HSE(Block A,KAI TSUI COURT),SIU SAI WAN RD|佳翠苑,A座(顯翠閣),小西灣道",2213.614735877339,823,598,"{'bay_window': '', 'flat_roof': '', 'roof': '', 'ac_platform': '', 'plant_room': '', 'garden': '', 'yard': ''}",1.99,1.99,3328,3327.759197324415,11071900260062,3532245,ASP,HSSW,小西灣,1993/08,1993,33,2,32,A,blank,KAI TSUI COURT,佳翠苑,False
3173,2011-07-15,"CHEERFUL GARDEN(Phase 1),Block 3,SIU SAI WAN RD|富怡花園1期,3座,小西灣道",2224.813588099454,716,592,"{'bay_window': '', 'flat_roof': '', 'roof': '', 'ac_platform': '', 'plant_room': '', 'garden': '', 'yard': ''}",1.98,1.98,3345,3344.5945945945946,11072201770022,3535588,ASP,HSSW,小西灣,1995/05,1995,31,D,9,3,1,CHEERFUL GARDEN,富怡花園,False
3174,2011-07-27,"HIN TSUI HSE(Block A,KAI TSUI COURT),SIU SAI WAN RD|佳翠苑,A座(顯翠閣),小西灣道",2304.3768705907983,596,433,"{'bay_window': '', 'flat_roof': '', 'roof': '', 'ac_platform': '', 'plant_room': '', 'garden': '', 'yard': ''}",1.5,1.5,3464,3464.203233256351,11072900640022,3541029,ASP,HSSW,小西灣,1993/08,1993,33,15,37,A,blank,KAI TSUI COURT,佳翠苑,False
3175,2011-08-01,"CHEERFUL GARDEN(Phase 2),Block 5,SIU SAI WAN RD|富怡花園2期,5座,小西灣道",4129.864495111947,521,431,"{'bay_window': '', 'flat_roof': '', 'roof': '', 'ac_platform': '', 'plant_room': '', 'garden': '', 'yard': ''}",2.7,2.7,6265,6264.501160092807,11080501070050,3545497,ASP,HSSW,小西灣,1995/05,1995,31,E,15,5,2,CHEERFUL GARDEN,富怡花園,False
3176,2011-07-16,"CHEERFUL GARDEN(Phase 1),Block 1,SIU SAI WAN RD|富怡花園1期,1座,小西灣道",2719.7143031436203,709,587,"{'bay_window': '', 'flat_roof': '', 'roof': '', 'ac_platform': '', 'plant_room': '', 'garden': '', 'yard': ''}",2.4,2.4,4089,4088.5860306643954,11081001910140,3548551,PRO-ASP,HSSW,小西灣,1995/05,1995,31,D,19,1,1,CHEERFUL GARDEN,富怡花園,False
3177,2011-08-11,"HIN TSUI HSE(Block A,KAI TSUI COURT),SIU SAI WAN RD|佳翠苑,A座(顯翠閣),小西灣道",2709.7548534575785,823,598,"{'bay_window': '', 'flat_roof': '', 'roof': '', 'ac_platform': '', 'plant_room': '', 'garden': '', 'yard': ''}",2.458,2.458,4110,4110.367892976588,11081700240032,3553463,ASP,HSSW,小西灣,1993/08,1993,33,3,30,A,blank,KAI TSUI COURT,佳翠苑,False
3179,2011-08-05,"CHEERFUL GARDEN(Phase 2),Block 4,SIU SAI WAN RD|富怡花園2期,4座,小西灣道",4435.938725195967,584,483,"{'bay_window': '', 'flat_roof': '', 'roof': '', 'ac_platform': '', 'plant_room': '', 'garden': '', 'yard': ''}",3.25,3.25,6729,6728.778467908903,11081702370020,3553616,ASP,HSSW,小西灣,1995/05,1995,31,J,33,4,2,CHEERFUL GARDEN,富怡花園,False
3180,2011-08-15,"CHEERFUL GARDEN(Phase 1),Block 2,SIU SAI WAN RD|富怡花園1期,2座,小西灣道",2294.3691639510816,521,431,"{'bay_window': '', 'flat_roof': '', 'roof': '', 'ac_platform': '', 'plant_room': '', 'garden': '', 'yard': ''}",1.5,1.5,3480,3480.278422273782,11082201990013,3556601,MEM-ASP,HSSW,小西灣,1995/05,1995,31,K,24,2,1,CHEERFUL GARDEN,富怡花園,False
3181,2011-07-29,"HARMONY GARDEN(Phase 2),Block 5,SIU SAI WAN RD|富欣花園2期,5座,小西灣道",2674.270878624596,693,592,"{'bay_window': '', 'flat_roof': '', 'roof': '', 'ac_platform': '', 'plant_room': '', 'garden': '', 'yard': ''}",2.38,2.38,4020,4020.2702702702704,11082302210020,3557596,ASP,HSSW,小西灣,1997/03,1997,29,J,26,5,2,HARMONY GARDEN,富欣花園,False
3182,2011-08-13,"HARMONY GARDEN(Phase 2),Block 4,SIU SAI WAN RD|富欣花園2期,4座,小西灣道",2884.213236516839,693,592,"{'bay_window': '', 'flat_roof': '', 'roof': '', 'ac_platform': '', 'plant_room': '', 'garden': '', 'yard': ''}",2.59,2.59,4375,4375.0,11082602480017,3560771,PRO-ASP,HSSW,小西灣,1997/03,1997,29,G,19,4,2,HARMONY GARDEN,富欣花園,False
3183,2011-08-23,"YIU TSUI HSE(Block B,KAI TSUI COURT),SIU SAI WAN RD|佳翠苑,B座(耀翠閣),小西灣道",2009.719021947728,596,433,"{'bay_window': '', 'flat_roof': '', 'roof': '', 'ac_platform': '', 'plant_room': '', 'garden': '', 'yard': ''}",1.32,1.32,3048,3048.498845265589,11082901570034,3561913,ASP,HSSW,小西灣,1993/08,1993,33,7,21,B,blank,KAI TSUI COURT,佳翠苑,False
3184,2011-08-02,"HARMONY GARDEN(Phase 2),Block 5,SIU SAI WAN RD|富欣花園2期,5座,小西灣道",2737.218585080459,693,592,"{'bay_window': '', 'flat_roof': '', 'roof': '', 'ac_platform': '', 'plant_room': '', 'garden': '', 'yard': ''}",2.458,2.458,4152,4152.027027027027,11083002350097,3562774,PRO-ASP,HSSW,小西灣,1997/03,1997,29,C,6,5,2,HARMONY GARDEN,富欣花園,False
3186,2011-08-24,"CHEERFUL GARDEN(Phase 1),Block 1,SIU SAI WAN RD|富怡花園1期,1座,小西灣道",2513.3858203932455,580,480,"{'bay_window': '', 'flat_roof': '', 'roof': '', 'ac_platform': '', 'plant_room': '', 'garden': '', 'yard': ''}",1.83,1.83,3813,3812.5,11091502410472,3571655,PRO-ASP,HSSW,小西灣,1995/05,1995,31,B,23,1,1,CHEERFUL GARDEN,富怡花園,False
3189,2011-09-12,"HARMONY GARDEN(Phase 2),Block 6,SIU SAI WAN RD|富欣花園2期,6座,小西灣道",2952.792976109735,693,592,"{'bay_window': '', 'flat_roof': '', 'roof': '', 'ac_platform': '', 'plant_room': '', 'garden': '', 'yard': ''}",2.55,2.55,4307,4307.4324324324325,11091902110083,3573613,ASP,HSSW,小西灣,1997/03,1997,29,J,28,6,2,HARMONY GARDEN,富欣花園,False
3190,2011-09-09,"YIU TSUI HSE(Block B,KAI TSUI COURT),SIU SAI WAN RD|佳翠苑,B座(耀翠閣),小西灣道",3926.2532588916974,596,433,"{'bay_window': '', 'flat_roof': '', 'roof': '', 'ac_platform': '', 'plant_room': '', 'garden': '', 'yard': ''}",2.48,2.48,5727,5727.4826789838335,11092102250086,3575268,ASP,HSSW,小西灣,1993/08,1993,33,6,11,B,blank,KAI TSUI COURT,佳翠苑,False
3191,2011-09-09,"CHEERFUL GARDEN(Phase 2),Block 5,SIU SAI WAN RD|富怡花園2期,5座,小西灣道",2765.203775274528,716,592,"{'bay_window': '', 'flat_roof': '', 'roof': '', 'ac_platform': '', 'plant_room': '', 'garden': '', 'yard': ''}",2.388,2.388,4034,4033.7837837837837,11092201500189,3576017,ASP,HSSW,小西灣,1995/05,1995,31,C,20,5,2,CHEERFUL GARDEN,富怡花園,False
3192,2011-09-19,"HARMONY GARDEN(Phase 2),Block 6,SIU SAI WAN RD|富欣花園2期,6座,小西灣道",2862.923611612332,504,431,"{'bay_window': '', 'flat_roof': '', 'roof': '', 'ac_platform': '', 'plant_room': '', 'garden': '', 'yard': ''}",1.8,1.8,4176,4176.334106728538,11092300240083,3576796,ASP,HSSW,小西灣,1997/03,1997,29,A,14,6,2,HARMONY GARDEN,富欣花園,False
3193,2011-09-15,"CHEERFUL GARDEN(Phase 2),Block 5,SIU SAI WAN RD|富怡花園2期,5座,小西灣道",3705.465695510255,716,592,"{'bay_window': '', 'flat_roof': '', 'roof': '', 'ac_platform': '', 'plant_room': '', 'garden': '', 'yard': ''}",3.2,3.2,5405,5405.405405405405,11101002760593,3585454,ASP,HSSW,小西灣,1995/05,1995,31,B,9,5,2,CHEERFUL GARDEN,富怡花園,False
3194,2011-10-10,"HARMONY GARDEN(Phase 2),Block 5,SIU SAI WAN RD|富欣花園2期,5座,小西灣道",2836.3310264103065,693,592,"{'bay_window': '', 'flat_roof': '', 'roof': '', 'ac_platform': '', 'plant_room': '', 'garden': '', 'yard': ''}",2.5,2.5,4223,4222.972972972973,11101401490151,3589084,ASP,HSSW,小西灣,1997/03,1997,29,D,9,5,2,HARMONY GARDEN,富欣花園,False
3195,2011-10-04,"HIN TSUI HSE(Block A,KAI TSUI COURT),SIU SAI WAN RD|佳翠苑,A座(顯翠閣),小西灣道",2864.97796977705,877,640,"{'bay_window': '', 'flat_roof': '', 'roof': '', 'ac_platform': '', 'plant_room': '', 'garden': '', 'yard': ''}",2.73,2.73,4266,4265.625,11101402260076,3589168,ASP,HSSW,小西灣,1993/08,1993,33,9,15,A,blank,KAI TSUI COURT,佳翠苑,False
3196,2011-10-13,"CHEERFUL GARDEN(Phase 1),Block 3,SIU SAI WAN RD|富怡花園1期,3座,小西灣道",2391.772840026526,584,483,"{'bay_window': '', 'flat_roof': '', 'roof': '', 'ac_platform': '', 'plant_room': '', 'garden': '', 'yard': ''}",1.72,1.72,3561,3561.0766045548653,11101801200093,3591002,ASP,HSSW,小西灣,1995/05,1995,31,J,7,3,1,CHEERFUL GARDEN,富怡花園,False
3197,2011-10-25,"CHEERFUL GARDEN(Phase 2),Block 5,SIU SAI WAN RD|富怡花園2期,5座,小西灣道",2614.263336773179,584,483,"{'bay_window': '', 'flat_roof': '', 'roof': '', 'ac_platform': '', 'plant_room': '', 'garden': '', 'yard': ''}",1.88,1.88,3892,3892.3395445134574,11110200290062,3599452,ASP,HSSW,小西灣,1995/05,1995,31,J,26,5,2,CHEERFUL GARDEN,富怡花園,False
3198,2011-10-26,"HARMONY GARDEN(Phase 2),Block 5,SIU SAI WAN RD|富欣花園2期,5座,小西灣道",3891.4461682349397,693,592,"{'bay_window': '', 'flat_roof': '', 'roof': '', 'ac_platform': '', 'plant_room': '', 'garden': '', 'yard': ''}",3.43,3.43,5794,5793.918918918919,11111102610012,3605273,MEM-ASP,HSSW,小西灣,1997/03,1997,29,D,12,5,2,HARMONY GARDEN,富欣花園,False
3199,2011-11-07,"CHEERFUL GARDEN(Phase 1),Block 3,SIU SAI WAN RD|富怡花園1期,3座,小西灣道",4362.619822041703,521,431,"{'bay_window': '', 'flat_roof': '', 'roof': '', 'ac_platform': '', 'plant_room': '', 'garden': '', 'yard': ''}",2.82,2.82,6543,6542.92343387471,11111401710058,3605525,ASP,HSSW,小西灣,1995/05,1995,31,E,19,3,1,CHEERFUL GARDEN,富怡花園,False
3200,2011-10-31,"YIU TSUI HSE(Block B,KAI TSUI COURT),SIU SAI WAN RD|佳翠苑,B座(耀翠閣),小西灣道",3620.381491554806,737,538,"{'bay_window': '', 'flat_roof': '', 'roof': '', 'ac_platform': '', 'plant_room': '', 'garden': '', 'yard': ''}",2.9,2.9,5390,5390.334572490707,11111801320043,3608306,PRO-ASP,HSSW,小西灣,1993/08,1993,33,12,38,B,blank,KAI TSUI COURT,佳翠苑,False
3202,2011-12-05,"HARMONY GARDEN(Phase 1),Block 7,SIU SAI WAN RD|富欣花園1期,7座,小西灣道",3079.7994540833192,695,592,"{'bay_window': '', 'flat_roof': '', 'roof': '', 'ac_platform': '', 'plant_room': '', 'garden': '', 'yard': ''}",2.588,2.588,4372,4371.621621621622,11120701910074,3619808,ASP,HSSW,小西灣,1997/03,1997,29,D,14,7,1,HARMONY GARDEN,富欣花園,False
3203,2011-12-09,"HIN TSUI HSE(Block A,KAI TSUI COURT),SIU SAI WAN RD|佳翠苑,A座(顯翠閣),小西灣道",2733.3878382132366,596,433,"{'bay_window': '', 'flat_roof': '', 'roof': '', 'ac_platform': '', 'plant_room': '', 'garden': '', 'yard': ''}",1.68,1.68,3880,3879.907621247113,11121600350010,3625133,ASP,HSSW,小西灣,1993/08,1993,33,6,32,A,blank,KAI TSUI COURT,佳翠苑,False
3204,2011-12-12,"CHEERFUL GARDEN(Phase 1),Block 2,SIU SAI WAN RD|富怡花園1期,2座,小西灣道",2771.3178725451417,584,483,"{'bay_window': '', 'flat_roof': '', 'roof': '', 'ac_platform': '', 'plant_room': '', 'garden': '', 'yard': ''}",1.9,1.9,3934,3933.7474120082816,11121601580080,3625264,ASP,HSSW,小西灣,1995/05,1995,31,J,22,2,1,CHEERFUL GARDEN,富怡花園,False
3205,2011-12-13,"CHEERFUL GARDEN(Phase 2),Block 4,SIU SAI WAN RD|富怡花園2期,4座,小西灣道",3034.578287446856,716,592,"{'bay_window': '', 'flat_roof': '', 'roof': '', 'ac_platform': '', 'plant_room': '', 'garden': '', 'yard': ''}",2.55,2.55,4307,4307.4324324324325,11121901220129,3626047,ASP,HSSW,小西灣,1995/05,1995,31,A,31,4,2,CHEERFUL GARDEN,富怡花園,False
3206,2011-12-30,"HARMONY GARDEN(Phase 1),Block 1,SIU SAI WAN RD|富欣花園1期,1座,小西灣道",3056.639413434482,504,431,"{'bay_window': '', 'flat_roof': '', 'roof': '', 'ac_platform': '', 'plant_room': '', 'garden': '', 'yard': ''}",1.87,1.87,4339,4338.747099767981,12010501600183,3633069,ASP,HSSW,小西灣,1997/03,1997,29,K,24,1,1,HARMONY GARDEN,富欣花園,False
3207,2011-12-30,"CHEERFUL GARDEN(Phase 1),Block 2,SIU SAI WAN RD|富怡花園1期,2座,小西灣道",2844.173375293328,716,592,"{'bay_window': '', 'flat_roof': '', 'roof': '', 'ac_platform': '', 'plant_room': '', 'garden': '', 'yard': ''}",2.39,2.39,4037,4037.162162162162,12010600760036,3633664,ASP,HSSW,小西灣,1995/05,1995,31,A,14,2,1,CHEERFUL GARDEN,富怡花園,False
3208,2011-12-31,"HARMONY GARDEN(Phase 2),Block 5,SIU SAI WAN RD|富欣花園2期,5座,小西灣道",4948.9541216764155,567,484,"{'bay_window': '', 'flat_roof': '', 'roof': '', 'ac_platform': '', 'plant_room': '', 'garden': '', 'yard': ''}",3.4,3.4,7025,7024.793388429752,12012002340036,3640586,PRO-ASP,HSSW,小西灣,1997/03,1997,29,E,20,5,2,HARMONY GARDEN,富欣花園,False
3209,2012-01-08,"CHEERFUL GARDEN(Phase 1),Block 1,SIU SAI WAN RD|富怡花園1期,1座,小西灣道",2404.07495135911,701,579,"{'bay_window': '', 'flat_roof': '', 'roof': '', 'ac_platform': '', 'plant_room': '', 'garden': '', 'yard': ''}",1.98,1.98,3420,3419.6891191709847,12013000340070,3642612,PRO-ASP,HSSW,小西灣,1995/05,1995,31,K,2,1,1,CHEERFUL GARDEN,富怡花園,False
3211,2012-01-30,"HIN TSUI HSE(Block A,KAI TSUI COURT),SIU SAI WAN RD|佳翠苑,A座(顯翠閣),小西灣道",2402.8972255098893,596,433,"{'bay_window': '', 'flat_roof': '', 'roof': '', 'ac_platform': '', 'plant_room': '', 'garden': '', 'yard': ''}",1.48,1.48,3418,3418.013856812933,12020802000080,3647224,ASP,HSSW,小西灣,1993/08,1993,33,7,6,A,blank,KAI TSUI COURT,佳翠苑,False
3212,2012-02-09,"YIU TSUI HSE(Block B,KAI TSUI COURT),SIU SAI WAN RD|佳翠苑,B座(耀翠閣),小西灣道",4212.943777084486,596,433,"{'bay_window': '', 'flat_roof': '', 'roof': '', 'ac_platform': '', 'plant_room': '', 'garden': '', 'yard': ''}",2.65,2.65,6120,6120.092378752887,12021402030186,3649859,ASP,HSSW,小西灣,1993/08,1993,33,7,6,B,blank,KAI TSUI COURT,佳翠苑,False
3215,2012-02-27,"HARMONY GARDEN(Phase 1),Block 7,SIU SAI WAN RD|富欣花園1期,7座,小西灣道",4280.408419804685,504,431,"{'bay_window': '', 'flat_roof': '', 'roof': '', 'ac_platform': '', 'plant_room': '', 'garden': '', 'yard': ''}",2.68,2.68,6218,6218.097447795823,12030600620054,3659221,ASP,HSSW,小西灣,1997/03,1997,29,A,10,7,1,HARMONY GARDEN,富欣花園,False
3216,2012-01-27,"CHEERFUL GARDEN(Phase 1),Block 2,SIU SAI WAN RD|富怡花園1期,2座,小西灣道",4599.739270993142,521,431,"{'bay_window': '', 'flat_roof': '', 'roof': '', 'ac_platform': '', 'plant_room': '', 'garden': '', 'yard': ''}",2.82,2.82,6543,6542.92343387471,12030701460056,3660293,ASP,HSSW,小西灣,1995/05,1995,31,K,8,2,1,CHEERFUL GARDEN,富怡花園,False
3217,2012-03-02,"HARMONY GARDEN(Phase 1),Block 7,SIU SAI WAN RD|富欣花園1期,7座,小西灣道",4637.9353852878485,504,431,"{'bay_window': '', 'flat_roof': '', 'roof': '', 'ac_platform': '', 'plant_room': '', 'garden': '', 'yard': ''}",3.03,3.03,7030,7030.16241299304,12031400900024,3665384,ASP,HSSW,小西灣,1997/03,1997,29,A,21,7,1,HARMONY GARDEN,富欣花園,False
3218,2012-03-16,"CHEERFUL GARDEN(Phase 2),Block 5,SIU SAI WAN RD|富怡花園2期,5座,小西灣道",2479.688225797464,521,431,"{'bay_window': '', 'flat_roof': '', 'roof': '', 'ac_platform': '', 'plant_room': '', 'garden': '', 'yard': ''}",1.62,1.62,3759,3758.7006960556846,12032100780022,3670788,ASP,HSSW,小西灣,1995/05,1995,31,E,16,5,2,CHEERFUL GARDEN,富怡花園,False
3219,2012-03-15,"HIN TSUI HSE(Block A,KAI TSUI COURT),SIU SAI WAN RD|佳翠苑,A座(顯翠閣),小西灣道",2702.8642615620297,823,598,"{'bay_window': '', 'flat_roof': '', 'roof': '', 'ac_platform': '', 'plant_room': '', 'garden': '', 'yard': ''}",2.45,2.45,4097,4096.989966555184,12032301700061,3673251,ASP,HSSW,小西灣,1993/08,1993,33,11,35,A,blank,KAI TSUI COURT,佳翠苑,False
3220,2012-03-16,"CHEERFUL GARDEN(Phase 1),Block 1,SIU SAI WAN RD|富怡花園1期,1座,小西灣道",4180.846032542106,709,587,"{'bay_window': '', 'flat_roof': '', 'roof': '', 'ac_platform': '', 'plant_room': '', 'garden': '', 'yard': ''}",3.72,3.72,6337,6337.308347529813,12032702550047,3675827,ASP,HSSW,小西灣,1995/05,1995,31,D,30,1,1,CHEERFUL GARDEN,富怡花園,False
3221,2012-03-08,"HARMONY GARDEN(Phase 1),Block 7,SIU SAI WAN RD|富欣花園1期,7座,小西灣道",2914.2155735784554,567,484,"{'bay_window': '', 'flat_roof': '', 'roof': '', 'ac_platform': '', 'plant_room': '', 'garden': '', 'yard': ''}",2.138,2.138,4417,4417.355371900827,12032902130221,3678042,ASP,HSSW,小西灣,1997/03,1997,29,B,22,7,1,HARMONY GARDEN,富欣花園,False
3222,2012-04-03,"CHEERFUL GARDEN(Phase 1),Block 1,SIU SAI WAN RD|富怡花園1期,1座,小西灣道",2728.3414129923317,701,579,"{'bay_window': '', 'flat_roof': '', 'roof': '', 'ac_platform': '', 'plant_room': '', 'garden': '', 'yard': ''}",2.5,2.5,4318,4317.789291882556,12040501630046,3682684,ASP,HSSW,小西灣,1995/05,1995,31,G,12,1,1,CHEERFUL GARDEN,富怡花園,False
3223,2012-03-30,"HIN TSUI HSE(Block A,KAI TSUI COURT),SIU SAI WAN RD|佳翠苑,A座(顯翠閣),小西灣道",3885.18425079506,596,433,"{'bay_window': '', 'flat_roof': '', 'roof': '', 'ac_platform': '', 'plant_room': '', 'garden': '', 'yard': ''}",2.55,2.55,5889,5889.145496535797,12041302170193,3686730,ASP,HSSW,小西灣,1993/08,1993,33,6,37,A,blank,KAI TSUI COURT,佳翠苑,False
3225,2012-04-13,"YIU TSUI HSE(Block B,KAI TSUI COURT),SIU SAI WAN RD|佳翠苑,B座(耀翠閣),小西灣道",2466.3217349688466,877,640,"{'bay_window': '', 'flat_roof': '', 'roof': '', 'ac_platform': '', 'plant_room': '', 'garden': '', 'yard': ''}",2.498,2.498,3903,3903.125,12041900720023,3690921,ASP,HSSW,小西灣,1993/08,1993,33,9,16,B,blank,KAI TSUI COURT,佳翠苑,False
3226,2012-04-16,"HARMONY GARDEN(Phase 1),Block 8,SIU SAI WAN RD|富欣花園1期,8座,小西灣道",2960.9764875884016,567,484,"{'bay_window': '', 'flat_roof': '', 'roof': '', 'ac_platform': '', 'plant_room': '', 'garden': '', 'yard': ''}",2.268,2.268,4686,4685.9504132231405,12042002710063,3692381,ASP,HSSW,小西灣,1997/03,1997,29,B,26,8,1,HARMONY GARDEN,富欣花園,False
3227,2012-04-11,"YIU TSUI HSE(Block B,KAI TSUI COURT),SIU SAI WAN RD|佳翠苑,B座(耀翠閣),小西灣道",3917.680001743948,877,640,"{'bay_window': '', 'flat_roof': '', 'roof': '', 'ac_platform': '', 'plant_room': '', 'garden': '', 'yard': ''}",3.968,3.968,6200,6200.0,12042602050088,3696932,ASP,HSSW,小西灣,1993/08,1993,33,1,37,B,blank,KAI TSUI COURT,佳翠苑,False
3228,2012-04-20,"HARMONY GARDEN(Phase 2),Block 6,SIU SAI WAN RD|富欣花園2期,6座,小西灣道",2881.9027911695352,693,592,"{'bay_window': '', 'flat_roof': '', 'roof': '', 'ac_platform': '', 'plant_room': '', 'garden': '', 'yard': ''}",2.7,2.7,4561,4560.810810810811,12050301600099,3701291,ASP,HSSW,小西灣,1997/03,1997,29,H,16,6,2,HARMONY GARDEN,富欣花園,False
3230,2012-04-27,"CHEERFUL GARDEN(Phase 2),Block 5,SIU SAI WAN RD|富怡花園2期,5座,小西灣道",2721.797080549005,716,592,"{'bay_window': '', 'flat_roof': '', 'roof': '', 'ac_platform': '', 'plant_room': '', 'garden': '', 'yard': ''}",2.55,2.55,4307,4307.4324324324325,12050702360238,3703478,ASP,HSSW,小西灣,1995/05,1995,31,H,23,5,2,CHEERFUL GARDEN,富怡花園,False
3231,2012-04-26,"HARMONY GARDEN(Phase 2),Block 4,SIU SAI WAN RD|富欣花園2期,4座,小西灣道",3061.2211870645287,693,592,"{'bay_window': '', 'flat_roof': '', 'roof': '', 'ac_platform': '', 'plant_room': '', 'garden': '', 'yard': ''}",2.868,2.868,4845,4844.594594594595,12050901240046,3705641,PRO-ASP,HSSW,小西灣,1997/03,1997,29,B,16,4,2,HARMONY GARDEN,富欣花園,False
3233,2012-04-27,"HARMONY GARDEN(Phase 1),Block 8,SIU SAI WAN RD|富欣花園1期,8座,小西灣道",4227.355320463512,567,484,"{'bay_window': '', 'flat_roof': '', 'roof': '', 'ac_platform': '', 'plant_room': '', 'garden': '', 'yard': ''}",3.238,3.238,6690,6690.082644628099,12051601130051,3711995,ASP,HSSW,小西灣,1997/03,1997,29,B,6,8,1,HARMONY GARDEN,富欣花園,False
3234,2012-05-07,"YIU TSUI HSE(Block B,KAI TSUI COURT),SIU SAI WAN RD|佳翠苑,B座(耀翠閣),小西灣道",4084.702146943741,740,538,"{'bay_window': '', 'flat_roof': '', 'roof': '', 'ac_platform': '', 'plant_room': '', 'garden': '', 'yard': ''}",3.5,3.5,6506,6505.576208178439,12051802120033,3714557,ASP,HSSW,小西灣,1993/08,1993,33,5,15,B,blank,KAI TSUI COURT,佳翠苑,False
3236,2012-05-09,"HIN TSUI HSE(Block A,KAI TSUI COURT),SIU SAI WAN RD|佳翠苑,A座(顯翠閣),小西灣道",3886.167564202813,596,433,"{'bay_window': '', 'flat_roof': '', 'roof': '', 'ac_platform': '', 'plant_room': '', 'garden': '', 'yard': ''}",2.68,2.68,6189,6189.376443418014,12052401990319,3719822,ASP,HSSW,小西灣,1993/08,1993,33,15,2,A,blank,KAI TSUI COURT,佳翠苑,False
3237,2012-05-08,"CHEERFUL GARDEN(Phase 2),Block 4,SIU SAI WAN RD|富怡花園2期,4座,小西灣道",3995.581372828605,586,484,"{'bay_window': '', 'flat_roof': '', 'roof': '', 'ac_platform': '', 'plant_room': '', 'garden': '', 'yard': ''}",3.08,3.08,6364,6363.636363636364,12052802440192,3722722,ASP,HSSW,小西灣,1995/05,1995,31,F,4,4,2,CHEERFUL GARDEN,富怡花園,False
3238,2012-05-21,"CHEERFUL GARDEN(Phase 1),Block 1,SIU SAI WAN RD|富怡花園1期,1座,小西灣道",2851.6083726318434,580,480,"{'bay_window': '', 'flat_roof': '', 'roof': '', 'ac_platform': '', 'plant_room': '', 'garden': '', 'yard': ''}",2.18,2.18,4542,4541.666666666667,12053001650161,3725101,PRO-ASP,HSSW,小西灣,1995/05,1995,31,B,17,1,1,CHEERFUL GARDEN,富怡花園,False
3240,2012-05-25,"CHEERFUL GARDEN(Phase 1),Block 3,SIU SAI WAN RD|富怡花園1期,3座,小西灣道",2990.9009214561606,716,592,"{'bay_window': '', 'flat_roof': '', 'roof': '', 'ac_platform': '', 'plant_room': '', 'garden': '', 'yard': ''}",2.82,2.82,4764,4763.513513513513,12060402540340,3728443,ASP,HSSW,小西灣,1995/05,1995,31,D,30,3,1,CHEERFUL GARDEN,富怡花園,False
3241,2012-06-04,"HARMONY GARDEN(Phase 1),Block 1,SIU SAI WAN RD|富欣花園1期,1座,小西灣道",3168.85289550976,693,592,"{'bay_window': '', 'flat_roof': '', 'roof': '', 'ac_platform': '', 'plant_room': '', 'garden': '', 'yard': ''}",3.0,3.0,5068,5067.5675675675675,12060801440045,3732321,ASP,HSSW,小西灣,1997/03,1997,29,D,13,1,1,HARMONY GARDEN,富欣花園,False
3245,2012-05-23,"YIU TSUI HSE(Block B,KAI TSUI COURT),SIU SAI WAN RD|佳翠苑,B座(耀翠閣),小西灣道",4060.175067077566,596,433,"{'bay_window': '', 'flat_roof': '', 'roof': '', 'ac_platform': '', 'plant_room': '', 'garden': '', 'yard': ''}",2.8,2.8,6467,6466.512702078522,12062202350110,3742691,ASP,HSSW,小西灣,1993/08,1993,33,15,18,B,blank,KAI TSUI COURT,佳翠苑,False
3246,2012-06-04,"HIN TSUI HSE(Block A,KAI TSUI COURT),SIU SAI WAN RD|佳翠苑,A座(顯翠閣),小西灣道",4465.079767773351,823,598,"{'bay_window': '', 'flat_roof': '', 'roof': '', 'ac_platform': '', 'plant_room': '', 'garden': '', 'yard': ''}",4.27,4.27,7140,7140.468227424749,12062202480035,3742707,ASP,HSSW,小西灣,1993/08,1993,33,3,20,A,blank,KAI TSUI COURT,佳翠苑,False
3247,2012-06-05,"CHEERFUL GARDEN(Phase 1),Block 1,SIU SAI WAN RD|富怡花園1期,1座,小西灣道",2747.3612706255794,709,587,"{'bay_window': '', 'flat_roof': '', 'roof': '', 'ac_platform': '', 'plant_room': '', 'garden': '', 'yard': ''}",2.579,2.579,4394,4393.526405451448,12062700420026,3745525,ASP,HSSW,小西灣,1995/05,1995,31,H,7,1,1,CHEERFUL GARDEN,富怡花園,False
3249,2012-06-18,"CHEERFUL GARDEN(Phase 1),Block 3,SIU SAI WAN RD|富怡花園1期,3座,小西灣道",2746.3391761084586,716,592,"{'bay_window': '', 'flat_roof': '', 'roof': '', 'ac_platform': '', 'plant_room': '', 'garden': '', 'yard': ''}",2.6,2.6,4392,4391.891891891892,12070601420206,3752320,ASP,HSSW,小西灣,1995/05,1995,31,C,14,3,1,CHEERFUL GARDEN,富怡花園,False
3250,2012-06-19,"CHEERFUL GARDEN(Phase 2),Block 5,SIU SAI WAN RD|富怡花園2期,5座,小西灣道",2587.8965313329704,716,592,"{'bay_window': '', 'flat_roof': '', 'roof': '', 'ac_platform': '', 'plant_room': '', 'garden': '', 'yard': ''}",2.45,2.45,4139,4138.513513513513,12071001500021,3754473,ASP,HSSW,小西灣,1995/05,1995,31,G,3,5,2,CHEERFUL GARDEN,富怡花園,False
3251,2012-07-03,"HARMONY GARDEN(Phase 1),Block 1,SIU SAI WAN RD|富欣花園1期,1座,小西灣道",2869.094613582512,693,592,"{'bay_window': '', 'flat_roof': '', 'roof': '', 'ac_platform': '', 'plant_room': '', 'garden': '', 'yard': ''}",2.75,2.75,4645,4645.27027027027,12071201140158,3756434,ASP,HSSW,小西灣,1997/03,1997,29,G,17,1,1,HARMONY GARDEN,富欣花園,False
3252,2012-07-10,"CHEERFUL GARDEN(Phase 2),Block 5,SIU SAI WAN RD|富怡花園2期,5座,小西灣道",2430.9056180535467,716,592,"{'bay_window': '', 'flat_roof': '', 'roof': '', 'ac_platform': '', 'plant_room': '', 'garden': '', 'yard': ''}",2.33,2.33,3936,3935.810810810811,12071702380035,3759596,ASP,HSSW,小西灣,1995/05,1995,31,C,2,5,2,CHEERFUL GARDEN,富怡花園,False
3253,2012-07-05,"HIN TSUI HSE(Block A,KAI TSUI COURT),SIU SAI WAN RD|佳翠苑,A座(顯翠閣),小西灣道",4310.6270182404705,596,433,"{'bay_window': '', 'flat_roof': '', 'roof': '', 'ac_platform': '', 'plant_room': '', 'garden': '', 'yard': ''}",3.022,3.022,6979,6979.214780600462,12071902430097,3761471,ASP,HSSW,小西灣,1993/08,1993,33,6,28,A,blank,KAI TSUI COURT,佳翠苑,False
3254,2012-07-19,"CHEERFUL GARDEN(Phase 2),Block 4,SIU SAI WAN RD|富怡花園2期,4座,小西灣道",4256.112139536229,521,431,"{'bay_window': '', 'flat_roof': '', 'roof': '', 'ac_platform': '', 'plant_room': '', 'garden': '', 'yard': ''}",2.97,2.97,6891,6890.951276102088,12072500280064,3764626,ASP,HSSW,小西灣,1995/05,1995,31,K,7,4,2,CHEERFUL GARDEN,富怡花園,False
3255,2012-07-17,"YIU TSUI HSE(Block B,KAI TSUI COURT),SIU SAI WAN RD|佳翠苑,B座(耀翠閣),小西灣道",2353.5852349757697,596,433,"{'bay_window': '', 'flat_roof': '', 'roof': '', 'ac_platform': '', 'plant_room': '', 'garden': '', 'yard': ''}",1.65,1.65,3811,3810.623556581986,12073101550026,3769238,PRO-ASP,HSSW,小西灣,1993/08,1993,33,15,8,B,blank,KAI TSUI COURT,佳翠苑,False
3256,2012-07-31,"HIN TSUI HSE(Block A,KAI TSUI COURT),SIU SAI WAN RD|佳翠苑,A座(顯翠閣),小西灣道",4233.600592368536,596,433,"{'bay_window': '', 'flat_roof': '', 'roof': '', 'ac_platform': '', 'plant_room': '', 'garden': '', 'yard': ''}",2.968,2.968,6855,6854.503464203233,12080602160105,3773122,ASP,HSSW,小西灣,1993/08,1993,33,6,11,A,blank,KAI TSUI COURT,佳翠苑,False
3259,2012-08-16,"HARMONY GARDEN(Phase 1),Block 1,SIU SAI WAN RD|富欣花園1期,1座,小西灣道",2991.6444910968085,693,592,"{'bay_window': '', 'flat_roof': '', 'roof': '', 'ac_platform': '', 'plant_room': '', 'garden': '', 'yard': ''}",2.88,2.88,4865,4864.864864864865,12082301140028,3785619,ASP,HSSW,小西灣,1997/03,1997,29,H,12,1,1,HARMONY GARDEN,富欣花園,False
3261,2012-08-21,"HIN TSUI HSE(Block A,KAI TSUI COURT),SIU SAI WAN RD|佳翠苑,A座(顯翠閣),小西灣道",2622.2747838627265,823,598,"{'bay_window': '', 'flat_roof': '', 'roof': '', 'ac_platform': '', 'plant_room': '', 'garden': '', 'yard': ''}",2.55,2.55,4264,4264.214046822743,12082800800025,3788576,ASP,HSSW,小西灣,1993/08,1993,33,3,5,A,blank,KAI TSUI COURT,佳翠苑,False
3263,2012-08-30,"HIN TSUI HSE(Block A,KAI TSUI COURT),SIU SAI WAN RD|佳翠苑,A座(顯翠閣),小西灣道",2171.7534874442963,740,538,"{'bay_window': '4', 'flat_roof': '', 'roof': '', 'ac_platform': '', 'plant_room': '', 'garden': '', 'yard': ''}",1.9,1.9,3532,3531.5985130111526,12091301380018,3801420,MEM-ASP,HSSW,小西灣,1993/08,1993,33,5,24,A,blank,KAI TSUI COURT,佳翠苑,False
3264,2012-09-07,"CHEERFUL GARDEN(Phase 1),Block 3,SIU SAI WAN RD|富怡花園1期,3座,小西灣道",3201.8005906914086,716,592,"{'bay_window': '', 'flat_roof': '', 'roof': '', 'ac_platform': '', 'plant_room': '', 'garden': '', 'yard': ''}",3.18,3.18,5372,5371.621621621622,12091400420028,3801514,ASP,HSSW,小西灣,1995/05,1995,31,G,36,3,1,CHEERFUL GARDEN,富怡花園,False
3265,2012-09-06,"HARMONY GARDEN(Phase 1),Block 7,SIU SAI WAN RD|富欣花園1期,7座,小西灣道",2599.976641579411,504,431,"{'bay_window': '', 'flat_roof': '', 'roof': '', 'ac_platform': '', 'plant_room': '', 'garden': '', 'yard': ''}",1.88,1.88,4362,4361.948955916473,12091701210277,3802989,ASP,HSSW,小西灣,1997/03,1997,29,A,14,7,1,HARMONY GARDEN,富欣花園,False
3266,2012-08-19,"HARMONY GARDEN(Phase 2),Block 5,SIU SAI WAN RD|富欣花園2期,5座,小西灣道",4549.792663543062,693,592,"{'bay_window': '', 'flat_roof': '', 'roof': '', 'ac_platform': '', 'plant_room': '', 'garden': '', 'yard': ''}",4.38,4.38,7399,7398.648648648648,12091701400105,3803020,PRO-ASP,HSSW,小西灣,1997/03,1997,29,K,9,5,2,HARMONY GARDEN,富欣花園,False
3268,2012-08-18,"CHEERFUL GARDEN(Phase 2),Block 5,SIU SAI WAN RD|富怡花園2期,5座,小西灣道",2979.1793057172385,716,592,"{'bay_window': '', 'flat_roof': '', 'roof': '', 'ac_platform': '', 'plant_room': '', 'garden': '', 'yard': ''}",2.868,2.868,4845,4844.594594594595,12091800710011,3803979,PRO-ASP,HSSW,小西灣,1995/05,1995,31,H,9,5,2,CHEERFUL GARDEN,富怡花園,False
3269,2012-09-10,"HARMONY GARDEN(Phase 1),Block 1,SIU SAI WAN RD|富欣花園1期,1座,小西灣道",2931.0313427546694,567,484,"{'bay_window': '', 'flat_roof': '', 'roof': '', 'ac_platform': '', 'plant_room': '', 'garden': '', 'yard': ''}",2.38,2.38,4917,4917.355371900827,12092002040119,3806341,ASP,HSSW,小西灣,1997/03,1997,29,F,6,1,1,HARMONY GARDEN,富欣花園,False
3270,2012-09-13,"CHEERFUL GARDEN(Phase 2),Block 4,SIU SAI WAN RD|富怡花園2期,4座,小西灣道",4632.937100686717,521,431,"{'bay_window': '', 'flat_roof': '', 'roof': '', 'ac_platform': '', 'plant_room': '', 'garden': '', 'yard': ''}",3.35,3.35,7773,7772.62180974478,12092501570053,3809685,ASP,HSSW,小西灣,1995/05,1995,31,K,28,4,2,CHEERFUL GARDEN,富怡花園,False
3272,2012-09-17,"YIU TSUI HSE(Block B,KAI TSUI COURT),SIU SAI WAN RD|佳翠苑,B座(耀翠閣),小西灣道",2990.2599067478286,823,598,"{'bay_window': '', 'flat_roof': '', 'roof': '', 'ac_platform': '', 'plant_room': '', 'garden': '', 'yard': ''}",3.0,3.0,5017,5016.722408026756,12092602730204,3811004,ASP,HSSW,小西灣,1993/08,1993,33,10,25,B,blank,KAI TSUI COURT,佳翠苑,False
3273,2012-09-17,"CHEERFUL GARDEN(Phase 1),Block 2,SIU SAI WAN RD|富怡花園1期,2座,小西灣道",3000.4294843586154,716,592,"{'bay_window': '', 'flat_roof': '', 'roof': '', 'ac_platform': '', 'plant_room': '', 'garden': '', 'yard': ''}",2.98,2.98,5034,5033.783783783784,12092602730222,3811005,ASP,HSSW,小西灣,1995/05,1995,31,A,10,2,1,CHEERFUL GARDEN,富怡花園,False
3274,2012-09-25,"HARMONY GARDEN(Phase 2),Block 3,SIU SAI WAN RD|富欣花園2期,3座,小西灣道",3372.9660310742825,693,592,"{'bay_window': '', 'flat_roof': '', 'roof': '', 'ac_platform': '', 'plant_room': '', 'garden': '', 'yard': ''}",3.35,3.35,5659,5658.783783783784,12092700580029,3812050,ASP,HSSW,小西灣,1997/05,1997,29,K,15,3,2,HARMONY GARDEN,富欣花園,False
3275,2012-09-19,"HARMONY GARDEN(Phase 2),Block 3,SIU SAI WAN RD|富欣花園2期,3座,小西灣道",3372.9660310742825,693,592,"{'bay_window': '', 'flat_roof': '', 'roof': '', 'ac_platform': '', 'plant_room': '', 'garden': '', 'yard': ''}",3.35,3.35,5659,5658.783783783784,12100300650059,3814738,ASP,HSSW,小西灣,1997/05,1997,29,C,21,3,2,HARMONY GARDEN,富欣花園,False
3276,2012-09-24,"HARMONY GARDEN(Phase 2),Block 3,SIU SAI WAN RD|富欣花園2期,3座,小西灣道",2927.9358860788097,693,592,"{'bay_window': '', 'flat_roof': '', 'roof': '', 'ac_platform': '', 'plant_room': '', 'garden': '', 'yard': ''}",2.908,2.908,4912,4912.1621621621625,12101101370069,3821702,ASP,HSSW,小西灣,1997/05,1997,29,K,2,3,2,HARMONY GARDEN,富欣花園,False
3277,2012-10-08,"HARMONY GARDEN(Phase 2),Block 6,SIU SAI WAN RD|富欣花園2期,6座,小西灣道",2961.600740179611,504,431,"{'bay_window': '', 'flat_roof': '', 'roof': '', 'ac_platform': '', 'plant_room': '', 'garden': '', 'yard': ''}",2.2,2.2,5104,5104.408352668213,12101702390031,3827568,ASP,HSSW,小西灣,1997/03,1997,29,A,18,6,2,HARMONY GARDEN,富欣花園,False
3278,2012-09-27,"HARMONY GARDEN(Phase 2),Block 3,SIU SAI WAN RD|富欣花園2期,3座,小西灣道",4304.866762047707,504,414,"{'bay_window': '', 'flat_roof': '', 'roof': '', 'ac_platform': '', 'plant_room': '', 'garden': '', 'yard': ''}",2.99,2.99,7222,7222.222222222223,12101802670285,3828889,ASP,HSSW,小西灣,1997/05,1997,29,A,1,3,2,HARMONY GARDEN,富欣花園,False
3279,2012-10-10,"HARMONY GARDEN(Phase 2),Block 4,SIU SAI WAN RD|富欣花園2期,4座,小西灣道",2871.6202877157693,693,592,"{'bay_window': '', 'flat_roof': '', 'roof': '', 'ac_platform': '', 'plant_room': '', 'garden': '', 'yard': ''}",2.93,2.93,4949,4949.324324324324,12102601330214,3835890,ASP,HSSW,小西灣,1997/03,1997,29,C,12,4,2,HARMONY GARDEN,富欣花園,False
3280,2012-10-15,"YIU TSUI HSE(Block B,KAI TSUI COURT),SIU SAI WAN RD|佳翠苑,B座(耀翠閣),小西灣道",3056.2612077415997,823,598,"{'bay_window': '', 'flat_roof': '', 'roof': '', 'ac_platform': '', 'plant_room': '', 'garden': '', 'yard': ''}",3.15,3.15,5268,5267.558528428093,12103101950206,3839785,ASP,HSSW,小西灣,1993/08,1993,33,2,38,B,blank,KAI TSUI COURT,佳翠苑,False
3281,2012-10-16,"YIU TSUI HSE(Block B,KAI TSUI COURT),SIU SAI WAN RD|佳翠苑,B座(耀翠閣),小西灣道",4038.0533568649403,748,546,"{'bay_window': '', 'flat_roof': '', 'roof': '', 'ac_platform': '', 'plant_room': '', 'garden': '', 'yard': ''}",3.8,3.8,6960,6959.706959706959,12110102140420,3840900,ASP,HSSW,小西灣,1993/08,1993,33,12,14,B,blank,KAI TSUI COURT,佳翠苑,False
3283,2012-10-07,"CHEERFUL GARDEN(Phase 1),Block 3,SIU SAI WAN RD|富怡花園1期,3座,小西灣道",2759.6734169855463,521,431,"{'bay_window': '', 'flat_roof': '', 'roof': '', 'ac_platform': '', 'plant_room': '', 'garden': '', 'yard': ''}",2.05,2.05,4756,4756.380510440835,12110601150072,3844564,PRO-ASP,HSSW,小西灣,1995/05,1995,31,E,22,3,1,CHEERFUL GARDEN,富怡花園,False
3285,2012-12-19,"CHEERFUL GARDEN(Phase 1),Block 1,SIU SAI WAN RD|富怡花園1期,1座,小西灣道",3171.6969466626756,581,480,"{'bay_window': '', 'flat_roof': '', 'roof': '', 'ac_platform': '', 'plant_room': '', 'garden': '', 'yard': ''}",2.63,2.63,5479,5479.166666666667,12122801610155,3889659,ASP,HSSW,小西灣,1995/05,1995,31,E,25,1,1,CHEERFUL GARDEN,富怡花園,False
3286,2012-12-28,"CHEERFUL GARDEN(Phase 2),Block 4,SIU SAI WAN RD|富怡花園2期,4座,小西灣道",4610.772627622227,521,431,"{'bay_window': '', 'flat_roof': '', 'roof': '', 'ac_platform': '', 'plant_room': '', 'garden': '', 'yard': ''}",3.433,3.433,7965,7965.1972157772625,13010702040010,3895097,ASP,HSSW,小西灣,1995/05,1995,31,K,4,4,2,CHEERFUL GARDEN,富怡花園,False
3287,2012-12-19,"YIU TSUI HSE(Block B,KAI TSUI COURT),SIU SAI WAN RD|佳翠苑,B座(耀翠閣),小西灣道",2621.172362574648,877,640,"{'bay_window': '', 'flat_roof': '', 'roof': '', 'ac_platform': '', 'plant_room': '', 'garden': '', 'yard': ''}",2.898,2.898,4528,4528.125,13010801930095,3896083,PRO-ASP,HSSW,小西灣,1993/08,1993,33,9,16,B,blank,KAI TSUI COURT,佳翠苑,False
3288,2012-12-21,"HARMONY GARDEN(Phase 1),Block 7,SIU SAI WAN RD|富欣花園1期,7座,小西灣道",2990.004349051952,567,484,"{'bay_window': '', 'flat_roof': '', 'roof': '', 'ac_platform': '', 'plant_room': '', 'garden': '', 'yard': ''}",2.5,2.5,5165,5165.289256198347,13010902580213,3897357,ASP,HSSW,小西灣,1997/03,1997,29,E,28,7,1,HARMONY GARDEN,富欣花園,False
3289,2013-01-14,"CHEERFUL GARDEN(Phase 2),Block 5,SIU SAI WAN RD|富怡花園2期,5座,小西灣道",2713.2458998625852,521,431,"{'bay_window': '', 'flat_roof': '', 'roof': '', 'ac_platform': '', 'plant_room': '', 'garden': '', 'yard': ''}",2.08,2.08,4826,4825.986078886311,13011601360015,3903293,ASP,HSSW,小西灣,1995/05,1995,31,K,36,5,2,CHEERFUL GARDEN,富怡花園,False
3291,2013-01-18,"CHEERFUL GARDEN(Phase 2),Block 5,SIU SAI WAN RD|富怡花園2期,5座,小西灣道",2608.890288329409,521,431,"{'bay_window': '', 'flat_roof': '', 'roof': '', 'ac_platform': '', 'plant_room': '', 'garden': '', 'yard': ''}",2.0,2.0,4640,4640.371229698376,13012300630020,3909267,ASP,HSSW,小西灣,1995/05,1995,31,E,30,5,2,CHEERFUL GARDEN,富怡花園,False
3292,2013-01-21,"CHEERFUL GARDEN(Phase 2),Block 5,SIU SAI WAN RD|富怡花園2期,5座,小西灣道",3114.979748991148,716,592,"{'bay_window': '', 'flat_roof': '', 'roof': '', 'ac_platform': '', 'plant_room': '', 'garden': '', 'yard': ''}",3.28,3.28,5541,5540.540540540541,13020700200084,3921569,ASP,HSSW,小西灣,1995/05,1995,31,H,31,5,2,CHEERFUL GARDEN,富怡花園,False
3293,2013-02-01,"HARMONY GARDEN(Phase 2),Block 6,SIU SAI WAN RD|富欣花園2期,6座,小西灣道",3161.5173670516574,693,592,"{'bay_window': '', 'flat_roof': '', 'roof': '', 'ac_platform': '', 'plant_room': '', 'garden': '', 'yard': ''}",3.4,3.4,5743,5743.243243243243,13021400150029,3924732,ASP,HSSW,小西灣,1997/03,1997,29,D,13,6,2,HARMONY GARDEN,富欣花園,False
3295,2013-01-14,"HIN TSUI HSE(Block A,KAI TSUI COURT),SIU SAI WAN RD|佳翠苑,A座(顯翠閣),小西灣道",2828.6485312104064,877,640,"{'bay_window': '', 'flat_roof': '', 'roof': '', 'ac_platform': '', 'plant_room': '', 'garden': '', 'yard': ''}",3.22,3.22,5031,5031.25,13021502130159,3926355,ASP,HSSW,小西灣,1993/08,1993,33,1,21,A,blank,KAI TSUI COURT,佳翠苑,False
3296,2013-02-28,"CHEERFUL GARDEN(Phase 1),Block 2,SIU SAI WAN RD|富怡花園1期,2座,小西灣道",3010.8803630921375,716,592,"{'bay_window': '', 'flat_roof': '', 'roof': '', 'ac_platform': '', 'plant_room': '', 'garden': '', 'yard': ''}",3.238,3.238,5470,5469.594594594595,13030502740354,3940959,ASP,HSSW,小西灣,1995/05,1995,31,G,9,2,1,CHEERFUL GARDEN,富怡花園,False
3301,2013-04-12,"HARMONY GARDEN(Phase 1),Block 8,SIU SAI WAN RD|富欣花園1期,8座,小西灣道",2758.79858850013,693,592,"{'bay_window': '', 'flat_roof': '', 'roof': '', 'ac_platform': '', 'plant_room': '', 'garden': '', 'yard': ''}",3.0,3.0,5068,5067.5675675675675,13041700590037,3965382,ASP,HSSW,小西灣,1997/03,1997,29,J,1,8,1,HARMONY GARDEN,富欣花園,False
3302,2013-04-16,"HARMONY GARDEN(Phase 1),Block 7,SIU SAI WAN RD|富欣花園1期,7座,小西灣道",3080.6584238251453,695,592,"{'bay_window': '', 'flat_roof': '', 'roof': '', 'ac_platform': '', 'plant_room': '', 'garden': '', 'yard': ''}",3.35,3.35,5659,5658.783783783784,13050601420104,3974312,PRO-ASP,HSSW,小西灣,1997/03,1997,29,C,22,7,1,HARMONY GARDEN,富欣花園,False
3304,2013-05-02,"HIN TSUI HSE(Block A,KAI TSUI COURT),SIU SAI WAN RD|佳翠苑,A座(顯翠閣),小西灣道",3064.398560556615,823,598,"{'bay_window': '', 'flat_roof': '', 'roof': '', 'ac_platform': '', 'plant_room': '', 'garden': '', 'yard': ''}",3.33,3.33,5569,5568.561872909699,13051301590123,3977897,ASP,HSSW,小西灣,1993/08,1993,33,3,38,A,blank,KAI TSUI COURT,佳翠苑,False
3305,2013-05-16,"HARMONY GARDEN(Phase 2),Block 4,SIU SAI WAN RD|富欣花園2期,4座,小西灣道",2928.134672774377,693,592,"{'bay_window': '', 'flat_roof': '', 'roof': '', 'ac_platform': '', 'plant_room': '', 'garden': '', 'yard': ''}",3.15,3.15,5321,5320.945945945946,13052201200037,3981776,ASP,HSSW,小西灣,1997/03,1997,29,D,1,4,2,HARMONY GARDEN,富欣花園,False
3307,2013-05-27,"HARMONY GARDEN(Phase 2),Block 2,SIU SAI WAN RD|富欣花園2期,2座,小西灣道",3374.5983755492693,504,431,"{'bay_window': '', 'flat_roof': '', 'roof': '', 'ac_platform': '', 'plant_room': '', 'garden': '', 'yard': ''}",2.643,2.643,6132,6132.250580046404,13061001600169,3989880,ASP,HSSW,小西灣,1997/03,1997,29,F,28,2,2,HARMONY GARDEN,富欣花園,False
3308,2013-06-06,"HARMONY GARDEN(Phase 1),Block 7,SIU SAI WAN RD|富欣花園1期,7座,小西灣道",3098.0934305033775,695,592,"{'bay_window': '', 'flat_roof': '', 'roof': '', 'ac_platform': '', 'plant_room': '', 'garden': '', 'yard': ''}",3.33,3.33,5625,5625.0,13061401910084,3991934,ASP,HSSW,小西灣,1997/03,1997,29,C,26,7,1,HARMONY GARDEN,富欣花園,False
3309,2013-06-14,"YIU TSUI HSE(Block B,KAI TSUI COURT),SIU SAI WAN RD|佳翠苑,B座(耀翠閣),小西灣道",3370.7765320334415,596,433,"{'bay_window': '', 'flat_roof': '', 'roof': '', 'ac_platform': '', 'plant_room': '', 'garden': '', 'yard': ''}",2.65,2.65,6120,6120.092378752887,13062001570192,3994948,ASP,HSSW,小西灣,1993/08,1993,33,7,32,B,blank,KAI TSUI COURT,佳翠苑,False
3312,2013-06-28,"HARMONY GARDEN(Phase 1),Block 7,SIU SAI WAN RD|富欣花園1期,7座,小西灣道",3116.7005982541486,695,592,"{'bay_window': '', 'flat_roof': '', 'roof': '', 'ac_platform': '', 'plant_room': '', 'garden': '', 'yard': ''}",3.35,3.35,5659,5658.783783783784,13070402070250,4001588,ASP,HSSW,小西灣,1997/03,1997,29,C,19,7,1,HARMONY GARDEN,富欣花園,False
3313,2013-07-02,"CHEERFUL GARDEN(Phase 2),Block 5,SIU SAI WAN RD|富怡花園2期,5座,小西灣道",3096.6444188407345,716,592,"{'bay_window': '', 'flat_roof': '', 'roof': '', 'ac_platform': '', 'plant_room': '', 'garden': '', 'yard': ''}",3.3,3.3,5574,5574.324324324324,13070901930049,4003655,ASP,HSSW,小西灣,1995/05,1995,31,H,22,5,2,CHEERFUL GARDEN,富怡花園,False
3314,2013-07-05,"CHEERFUL GARDEN(Phase 1),Block 1,SIU SAI WAN RD|富怡花園1期,1座,小西灣道",3671.915938413306,709,587,"{'bay_window': '', 'flat_roof': '', 'roof': '', 'ac_platform': '', 'plant_room': '', 'garden': '', 'yard': ''}",3.88,3.88,6610,6609.880749574106,13071100730183,4004898,ASP,HSSW,小西灣,1995/05,1995,31,J,27,1,1,CHEERFUL GARDEN,富怡花園,False
3315,2013-07-08,"HARMONY GARDEN(Phase 2),Block 6,SIU SAI WAN RD|富欣花園2期,6座,小西灣道",3096.6444188407345,693,592,"{'bay_window': '', 'flat_roof': '', 'roof': '', 'ac_platform': '', 'plant_room': '', 'garden': '', 'yard': ''}",3.3,3.3,5574,5574.324324324324,13071201440211,4005547,ASP,HSSW,小西灣,1997/03,1997,29,J,14,6,2,HARMONY GARDEN,富欣花園,False
3316,2013-07-10,"HIN TSUI HSE(Block A,KAI TSUI COURT),SIU SAI WAN RD|佳翠苑,A座(顯翠閣),小西灣道",3064.399163074145,884,645,"{'bay_window': '', 'flat_roof': '', 'roof': '', 'ac_platform': '', 'plant_room': '', 'garden': '', 'yard': ''}",3.558,3.558,5516,5516.279069767442,13071700760094,4007580,ASP,HSSW,小西灣,1993/08,1993,33,9,19,A,blank,KAI TSUI COURT,佳翠苑,False
3317,2013-07-10,"HARMONY GARDEN(Phase 2),Block 3,SIU SAI WAN RD|富欣花園2期,3座,小西灣道",3471.9952574880963,693,592,"{'bay_window': '', 'flat_roof': '', 'roof': '', 'ac_platform': '', 'plant_room': '', 'garden': '', 'yard': ''}",3.7,3.7,6250,6250.0,13071802220048,4008233,ASP,HSSW,小西灣,1997/05,1997,29,C,7,3,2,HARMONY GARDEN,富欣花園,False
3318,2013-07-15,"CHEERFUL GARDEN(Phase 1),Block 2,SIU SAI WAN RD|富怡花園1期,2座,小西灣道",3358.418601031964,584,483,"{'bay_window': '', 'flat_roof': '', 'roof': '', 'ac_platform': '', 'plant_room': '', 'garden': '', 'yard': ''}",2.92,2.92,6046,6045.548654244307,13071900920202,4008720,ASP,HSSW,小西灣,1995/05,1995,31,J,33,2,1,CHEERFUL GARDEN,富怡花園,False
3319,2013-07-15,"HARMONY GARDEN(Phase 1),Block 8,SIU SAI WAN RD|富欣花園1期,8座,小西灣道",3565.832967149937,693,592,"{'bay_window': '', 'flat_roof': '', 'roof': '', 'ac_platform': '', 'plant_room': '', 'garden': '', 'yard': ''}",3.8,3.8,6419,6418.918918918919,13072201930038,4009534,ASP,HSSW,小西灣,1997/03,1997,29,C,20,8,1,HARMONY GARDEN,富欣花園,False
3320,2013-07-18,"CHEERFUL GARDEN(Phase 1),Block 2,SIU SAI WAN RD|富怡花園1期,2座,小西灣道",3030.958022077446,716,592,"{'bay_window': '', 'flat_roof': '', 'roof': '', 'ac_platform': '', 'plant_room': '', 'garden': '', 'yard': ''}",3.23,3.23,5456,5456.081081081081,13072301890025,4010183,ASP,HSSW,小西灣,1995/05,1995,31,D,3,2,1,CHEERFUL GARDEN,富怡花園,False
3321,2013-07-04,"HARMONY GARDEN(Phase 2),Block 2,SIU SAI WAN RD|富欣花園2期,2座,小西灣道",3660.498016247311,504,431,"{'bay_window': '', 'flat_roof': '', 'roof': '', 'ac_platform': '', 'plant_room': '', 'garden': '', 'yard': ''}",2.84,2.84,6589,6589.327146171694,13072500140183,4011309,ASP,HSSW,小西灣,1997/03,1997,29,A,14,2,2,HARMONY GARDEN,富欣花園,False
3322,2013-07-15,"CHEERFUL GARDEN(Phase 2),Block 5,SIU SAI WAN RD|富怡花園2期,5座,小西灣道",2890.2014575846856,716,592,"{'bay_window': '', 'flat_roof': '', 'roof': '', 'ac_platform': '', 'plant_room': '', 'garden': '', 'yard': ''}",3.08,3.08,5203,5202.7027027027025,13072501490148,4011422,ASP,HSSW,小西灣,1995/05,1995,31,G,3,5,2,CHEERFUL GARDEN,富怡花園,False
3323,2013-07-08,"CHEERFUL GARDEN(Phase 2),Block 4,SIU SAI WAN RD|富怡花園2期,4座,小西灣道",2974.79909207704,521,431,"{'bay_window': '', 'flat_roof': '', 'roof': '', 'ac_platform': '', 'plant_room': '', 'garden': '', 'yard': ''}",2.308,2.308,5355,5354.988399071925,13072900850072,4012821,ASP,HSSW,小西灣,1995/05,1995,31,K,21,4,2,CHEERFUL GARDEN,富怡花園,False
3324,2013-07-22,"CHEERFUL GARDEN(Phase 2),Block 4,SIU SAI WAN RD|富怡花園2期,4座,小西灣道",2655.607183430084,716,592,"{'bay_window': '', 'flat_roof': '', 'roof': '', 'ac_platform': '', 'plant_room': '', 'garden': '', 'yard': ''}",2.83,2.83,4780,4780.405405405405,13080101750230,4014396,ASP,HSSW,小西灣,1995/05,1995,31,D,1,4,2,CHEERFUL GARDEN,富怡花園,False
3325,2013-07-23,"HARMONY GARDEN(Phase 1),Block 8,SIU SAI WAN RD|富欣花園1期,8座,小西灣道",3434.46017362336,693,592,"{'bay_window': '', 'flat_roof': '', 'roof': '', 'ac_platform': '', 'plant_room': '', 'garden': '', 'yard': ''}",3.66,3.66,6182,6182.4324324324325,13080201760252,4014936,ASP,HSSW,小西灣,1997/03,1997,29,D,17,8,1,HARMONY GARDEN,富欣花園,False
3326,2013-07-13,"HARMONY GARDEN(Phase 2),Block 6,SIU SAI WAN RD|富欣花園2期,6座,小西灣道",3378.157547826256,693,592,"{'bay_window': '', 'flat_roof': '', 'roof': '', 'ac_platform': '', 'plant_room': '', 'garden': '', 'yard': ''}",3.6,3.6,6081,6081.081081081081,13080602100137,4015998,PRO-ASP,HSSW,小西灣,1997/03,1997,29,D,27,6,2,HARMONY GARDEN,富欣花園,False
3327,2013-07-26,"CHEERFUL GARDEN(Phase 1),Block 3,SIU SAI WAN RD|富怡花園1期,3座,小西灣道",3171.714586570207,716,592,"{'bay_window': '', 'flat_roof': '', 'roof': '', 'ac_platform': '', 'plant_room': '', 'garden': '', 'yard': ''}",3.38,3.38,5709,5709.459459459459,13080701720247,4016560,ASP,HSSW,小西灣,1995/05,1995,31,G,23,3,1,CHEERFUL GARDEN,富怡花園,False
3328,2013-08-02,"CHEERFUL GARDEN(Phase 2),Block 5,SIU SAI WAN RD|富怡花園2期,5座,小西灣道",3594.5762230695864,584,483,"{'bay_window': '', 'flat_roof': '', 'roof': '', 'ac_platform': '', 'plant_room': '', 'garden': '', 'yard': ''}",3.155,3.155,6532,6532.091097308488,13080801290132,4017140,ASP,HSSW,小西灣,1995/05,1995,31,J,25,5,2,CHEERFUL GARDEN,富怡花園,False
3329,2013-07-29,"HARMONY GARDEN(Phase 2),Block 5,SIU SAI WAN RD|富欣花園2期,5座,小西灣道",3578.737591024094,567,484,"{'bay_window': '', 'flat_roof': '', 'roof': '', 'ac_platform': '', 'plant_room': '', 'garden': '', 'yard': ''}",3.118,3.118,6442,6442.148760330579,13080801290160,4017142,PRO-ASP,HSSW,小西灣,1997/03,1997,29,B,18,5,2,HARMONY GARDEN,富欣花園,False
3330,2013-08-07,"HARMONY GARDEN(Phase 2),Block 2,SIU SAI WAN RD|富欣花園2期,2座,小西灣道",3368.1621062792133,504,431,"{'bay_window': '', 'flat_roof': '', 'roof': '', 'ac_platform': '', 'plant_room': '', 'garden': '', 'yard': ''}",2.638,2.638,6121,6120.649651972158,13081300400028,4018770,ASP,HSSW,小西灣,1997/03,1997,29,F,23,2,2,HARMONY GARDEN,富欣花園,False
3332,2013-08-12,"YIU TSUI HSE(Block B,KAI TSUI COURT),SIU SAI WAN RD|佳翠苑,B座(耀翠閣),小西灣道",2906.2447836816673,877,640,"{'bay_window': '', 'flat_roof': '', 'roof': '', 'ac_platform': '', 'plant_room': '', 'garden': '', 'yard': ''}",3.38,3.38,5281,5281.25,13081902090045,4020923,ASP,HSSW,小西灣,1993/08,1993,33,9,12,B,blank,KAI TSUI COURT,佳翠苑,False
3333,2013-08-09,"HARMONY GARDEN(Phase 2),Block 4,SIU SAI WAN RD|富欣花園2期,4座,小西灣道",3402.1608534383186,693,592,"{'bay_window': '', 'flat_roof': '', 'roof': '', 'ac_platform': '', 'plant_room': '', 'garden': '', 'yard': ''}",3.66,3.66,6182,6182.4324324324325,13082002140088,4021519,ASP,HSSW,小西灣,1997/03,1997,29,C,17,4,2,HARMONY GARDEN,富欣花園,False
3334,2013-08-09,"HARMONY GARDEN(Phase 2),Block 3,SIU SAI WAN RD|富欣花園2期,3座,小西灣道",3346.3877246934276,693,592,"{'bay_window': '', 'flat_roof': '', 'roof': '', 'ac_platform': '', 'plant_room': '', 'garden': '', 'yard': ''}",3.6,3.6,6081,6081.081081081081,13082101300121,4021979,ASP,HSSW,小西灣,1997/05,1997,29,C,5,3,2,HARMONY GARDEN,富欣花園,False
3336,2013-09-05,"CHEERFUL GARDEN(Phase 1),Block 3,SIU SAI WAN RD|富怡花園1期,3座,小西灣道",2823.7691307893206,716,592,"{'bay_window': '', 'flat_roof': '', 'roof': '', 'ac_platform': '', 'plant_room': '', 'garden': '', 'yard': ''}",3.02,3.02,5101,5101.351351351352,13091001970392,4030984,ASP,HSSW,小西灣,1995/05,1995,31,H,2,3,1,CHEERFUL GARDEN,富怡花園,False
3337,2013-09-17,"CHEERFUL GARDEN(Phase 2),Block 4,SIU SAI WAN RD|富怡花園2期,4座,小西灣道",3253.8796606446476,716,592,"{'bay_window': '', 'flat_roof': '', 'roof': '', 'ac_platform': '', 'plant_room': '', 'garden': '', 'yard': ''}",3.48,3.48,5878,5878.378378378378,13100402620029,4042295,ASP,HSSW,小西灣,1995/05,1995,31,A,29,4,2,CHEERFUL GARDEN,富怡花園,False
3338,2013-09-25,"HARMONY GARDEN(Phase 2),Block 4,SIU SAI WAN RD|富欣花園2期,4座,小西灣道",3609.1883592207873,693,592,"{'bay_window': '', 'flat_roof': '', 'roof': '', 'ac_platform': '', 'plant_room': '', 'garden': '', 'yard': ''}",3.86,3.86,6520,6520.27027027027,13100801690045,4043641,ASP,HSSW,小西灣,1997/03,1997,29,B,15,4,2,HARMONY GARDEN,富欣花園,False
3339,2013-10-07,"HARMONY GARDEN(Phase 2),Block 5,SIU SAI WAN RD|富欣花園2期,5座,小西灣道",3358.5511163007573,693,592,"{'bay_window': '', 'flat_roof': '', 'roof': '', 'ac_platform': '', 'plant_room': '', 'garden': '', 'yard': ''}",3.688,3.688,6230,6229.72972972973,13101001730028,4044883,ASP,HSSW,小西灣,1997/03,1997,29,C,14,5,2,HARMONY GARDEN,富欣花園,False
3340,2013-09-25,"HARMONY GARDEN(Phase 2),Block 6,SIU SAI WAN RD|富欣花園2期,6座,小西灣道",3132.3266848159683,693,592,"{'bay_window': '', 'flat_roof': '', 'roof': '', 'ac_platform': '', 'plant_room': '', 'garden': '', 'yard': ''}",3.35,3.35,5659,5658.783783783784,13101001810156,4044888,ASP,HSSW,小西灣,1997/03,1997,29,K,4,6,2,HARMONY GARDEN,富欣花園,False
3341,2013-10-25,"CHEERFUL GARDEN(Phase 1),Block 3,SIU SAI WAN RD|富怡花園1期,3座,小西灣道",3078.06474324744,716,592,"{'bay_window': '', 'flat_roof': '', 'roof': '', 'ac_platform': '', 'plant_room': '', 'garden': '', 'yard': ''}",3.38,3.38,5709,5709.459459459459,13110501440028,4054881,ASP,HSSW,小西灣,1995/05,1995,31,D,16,3,1,CHEERFUL GARDEN,富怡花園,False
3342,2013-10-25,"YIU TSUI HSE(Block B,KAI TSUI COURT),SIU SAI WAN RD|佳翠苑,B座(耀翠閣),小西灣道",2885.977686724421,740,538,"{'bay_window': '4', 'flat_roof': '', 'roof': '', 'ac_platform': '', 'plant_room': '', 'garden': '', 'yard': ''}",2.88,2.88,5353,5353.159851301115,13111400770021,4058714,ASP,HSSW,小西灣,1993/08,1993,33,16,35,B,blank,KAI TSUI COURT,佳翠苑,False
3343,2013-11-07,"HIN TSUI HSE(Block A,KAI TSUI COURT),SIU SAI WAN RD|佳翠苑,A座(顯翠閣),小西灣道",3150.2219782493826,740,538,"{'bay_window': '4', 'flat_roof': '', 'roof': '', 'ac_platform': '', 'plant_room': '', 'garden': '', 'yard': ''}",3.08,3.08,5725,5724.907063197026,13111801240049,4060064,ASP,HSSW,小西灣,1993/08,1993,33,12,33,A,blank,KAI TSUI COURT,佳翠苑,False
3344,2013-11-26,"HARMONY GARDEN(Phase 2),Block 4,SIU SAI WAN RD|富欣花園2期,4座,小西灣道",3020.8862369301974,693,592,"{'bay_window': '', 'flat_roof': '', 'roof': '', 'ac_platform': '', 'plant_room': '', 'garden': '', 'yard': ''}",3.25,3.25,5490,5489.864864864865,13121300450031,4070891,ASP,HSSW,小西灣,1997/03,1997,29,D,7,4,2,HARMONY GARDEN,富欣花園,False
3345,2013-12-27,"YIU TSUI HSE(Block B,KAI TSUI COURT),SIU SAI WAN RD|佳翠苑,B座(耀翠閣),小西灣道",2440.263721532983,740,538,"{'bay_window': '4', 'flat_roof': '', 'roof': '', 'ac_platform': '', 'plant_room': '', 'garden': '', 'yard': ''}",2.43,2.43,4517,4516.728624535316,14010601960016,4080609,ASP,HSSW,小西灣,1993/08,1993,33,16,3,B,blank,KAI TSUI COURT,佳翠苑,False
3347,2014-01-29,"HIN TSUI HSE(Block A,KAI TSUI COURT),SIU SAI WAN RD|佳翠苑,A座(顯翠閣),小西灣道",2624.528334405529,877,640,"{'bay_window': '', 'flat_roof': '', 'roof': '', 'ac_platform': '', 'plant_room': '', 'garden': '', 'yard': ''}",3.03,3.03,4734,4734.375,14020500800046,4092961,ASP,HSSW,小西灣,1993/08,1993,33,1,37,A,blank,KAI TSUI COURT,佳翠苑,False
3348,2014-01-29,"YIU TSUI HSE(Block B,KAI TSUI COURT),SIU SAI WAN RD|佳翠苑,B座(耀翠閣),小西灣道",2792.3871220833485,740,538,"{'bay_window': '4', 'flat_roof': '', 'roof': '', 'ac_platform': '', 'plant_room': '', 'garden': '', 'yard': ''}",2.71,2.71,5037,5037.174721189591,14020701650042,4094042,ASP,HSSW,小西灣,1993/08,1993,33,16,30,B,blank,KAI TSUI COURT,佳翠苑,False
3349,2014-01-22,"CHEERFUL GARDEN(Phase 1),Block 1,SIU SAI WAN RD|富怡花園1期,1座,小西灣道",3464.7238738026786,580,480,"{'bay_window': '', 'flat_roof': '', 'roof': '', 'ac_platform': '', 'plant_room': '', 'garden': '', 'yard': ''}",3.0,3.0,6250,6250.0,14021001970048,4094690,ASP,HSSW,小西灣,1995/05,1995,31,B,28,1,1,CHEERFUL GARDEN,富怡花園,False
3350,2014-02-07,"CHEERFUL GARDEN(Phase 2),Block 4,SIU SAI WAN RD|富怡花園2期,4座,小西灣道",3255.769706609116,716,592,"{'bay_window': '', 'flat_roof': '', 'roof': '', 'ac_platform': '', 'plant_room': '', 'garden': '', 'yard': ''}",3.45,3.45,5828,5827.7027027027025,14021101920102,4095254,ASP,HSSW,小西灣,1995/05,1995,31,D,28,4,2,CHEERFUL GARDEN,富怡花園,False
3351,2014-02-04,"HARMONY GARDEN(Phase 2),Block 4,SIU SAI WAN RD|富欣花園2期,4座,小西灣道",3878.3786314590516,567,484,"{'bay_window': '', 'flat_roof': '', 'roof': '', 'ac_platform': '', 'plant_room': '', 'garden': '', 'yard': ''}",3.36,3.36,6942,6942.148760330579,14021202030119,4095821,ASP,HSSW,小西灣,1997/03,1997,29,F,26,4,2,HARMONY GARDEN,富欣花園,False
3352,2014-01-29,"HARMONY GARDEN(Phase 1),Block 1,SIU SAI WAN RD|富欣花園1期,1座,小西灣道",3614.245600143119,504,431,"{'bay_window': '', 'flat_roof': '', 'roof': '', 'ac_platform': '', 'plant_room': '', 'garden': '', 'yard': ''}",2.81,2.81,6520,6519.721577726218,14021800260227,4098142,ASP,HSSW,小西灣,1997/03,1997,29,K,26,1,1,HARMONY GARDEN,富欣花園,False
3353,2014-02-06,"YIU TSUI HSE(Block B,KAI TSUI COURT),SIU SAI WAN RD|佳翠苑,B座(耀翠閣),小西灣道",2705.579600706691,742,541,"{'bay_window': '', 'flat_roof': '', 'roof': '', 'ac_platform': '', 'plant_room': '', 'garden': '', 'yard': ''}",2.62,2.62,4843,4842.883548983365,14021802190027,4098257,ASP,HSSW,小西灣,1993/08,1993,33,8,18,B,blank,KAI TSUI COURT,佳翠苑,False
3354,2014-02-14,"HARMONY GARDEN(Phase 1),Block 8,SIU SAI WAN RD|富欣花園1期,8座,小西灣道",3240.5522484155426,504,431,"{'bay_window': '', 'flat_roof': '', 'roof': '', 'ac_platform': '', 'plant_room': '', 'garden': '', 'yard': ''}",2.5,2.5,5800,5800.46403712297,14022000990146,4099522,ASP,HSSW,小西灣,1997/03,1997,29,A,2,8,1,HARMONY GARDEN,富欣花園,False
3355,2014-02-19,"HARMONY GARDEN(Phase 2),Block 3,SIU SAI WAN RD|富欣花園2期,3座,小西灣道",3821.9905251498312,693,592,"{'bay_window': '', 'flat_roof': '', 'roof': '', 'ac_platform': '', 'plant_room': '', 'garden': '', 'yard': ''}",4.05,4.05,6841,6841.216216216216,14022400530173,4100955,ASP,HSSW,小西灣,1997/05,1997,29,J,17,3,2,HARMONY GARDEN,富欣花園,False
3356,2014-02-18,"HARMONY GARDEN(Phase 2),Block 3,SIU SAI WAN RD|富欣花園2期,3座,小西灣道",3578.2659992628155,567,484,"{'bay_window': '', 'flat_roof': '', 'roof': '', 'ac_platform': '', 'plant_room': '', 'garden': '', 'yard': ''}",3.1,3.1,6405,6404.9586776859505,14022401190036,4100985,ASP,HSSW,小西灣,1997/05,1997,29,B,24,3,2,HARMONY GARDEN,富欣花園,False
3357,2014-02-14,"HIN TSUI HSE(Block A,KAI TSUI COURT),SIU SAI WAN RD|佳翠苑,A座(顯翠閣),小西灣道",3219.109188927886,740,538,"{'bay_window': '4', 'flat_roof': '', 'roof': '', 'ac_platform': '', 'plant_room': '', 'garden': '', 'yard': ''}",3.1,3.1,5762,5762.081784386617,14022600900030,4102215,ASP,HSSW,小西灣,1993/08,1993,33,4,32,A,blank,KAI TSUI COURT,佳翠苑,False
3358,2014-02-19,"YIU TSUI HSE(Block B,KAI TSUI COURT),SIU SAI WAN RD|佳翠苑,B座(耀翠閣),小西灣道",2967.5375924751293,596,433,"{'bay_window': '', 'flat_roof': '', 'roof': '', 'ac_platform': '', 'plant_room': '', 'garden': '', 'yard': ''}",2.3,2.3,5312,5311.778290993072,14022701610049,4102926,ASP,HSSW,小西灣,1993/08,1993,33,15,36,B,blank,KAI TSUI COURT,佳翠苑,False
3359,2014-02-11,"CHEERFUL GARDEN(Phase 2),Block 4,SIU SAI WAN RD|富怡花園2期,4座,小西灣道",3571.7943874775992,584,483,"{'bay_window': '', 'flat_roof': '', 'roof': '', 'ac_platform': '', 'plant_room': '', 'garden': '', 'yard': ''}",3.088,3.088,6393,6393.374741200828,14030601620116,4105866,PRO-ASP,HSSW,小西灣,1995/05,1995,31,J,40,4,2,CHEERFUL GARDEN,富怡花園,False
3361,2014-02-18,"HARMONY GARDEN(Phase 2),Block 3,SIU SAI WAN RD|富欣花園2期,3座,小西灣道",3272.756331165337,693,592,"{'bay_window': '', 'flat_roof': '', 'roof': '', 'ac_platform': '', 'plant_room': '', 'garden': '', 'yard': ''}",3.468,3.468,5858,5858.108108108108,14030701260061,4106328,ASP,HSSW,小西灣,1997/05,1997,29,D,18,3,2,HARMONY GARDEN,富欣花園,False
3362,2014-03-03,"HIN TSUI HSE(Block A,KAI TSUI COURT),SIU SAI WAN RD|佳翠苑,A座(顯翠閣),小西灣道",2509.6150274793486,740,538,"{'bay_window': '4', 'flat_roof': '', 'roof': '', 'ac_platform': '', 'plant_room': '', 'garden': '', 'yard': ''}",2.48,2.48,4610,4609.665427509293,14030702000258,4106374,ASP,HSSW,小西灣,1993/08,1993,33,13,4,A,blank,KAI TSUI COURT,佳翠苑,False
3363,2014-02-18,"CHEERFUL GARDEN(Phase 1),Block 2,SIU SAI WAN RD|富怡花園1期,2座,小西灣道",3085.9034610469007,716,592,"{'bay_window': '', 'flat_roof': '', 'roof': '', 'ac_platform': '', 'plant_room': '', 'garden': '', 'yard': ''}",3.27,3.27,5524,5523.648648648648,14031100330120,4107332,ASP,HSSW,小西灣,1995/05,1995,31,C,27,2,1,CHEERFUL GARDEN,富怡花園,False
3365,2014-03-05,"CHEERFUL GARDEN(Phase 1),Block 2,SIU SAI WAN RD|富怡花園1期,2座,小西灣道",2758.9081941693466,716,592,"{'bay_window': '', 'flat_roof': '', 'roof': '', 'ac_platform': '', 'plant_room': '', 'garden': '', 'yard': ''}",3.0,3.0,5068,5067.5675675675675,14031101760123,4107391,ASP,HSSW,小西灣,1995/05,1995,31,C,2,2,1,CHEERFUL GARDEN,富怡花園,False
3366,2014-02-19,"HARMONY GARDEN(Phase 2),Block 2,SIU SAI WAN RD|富欣花園2期,2座,小西灣道",3755.931429653415,693,592,"{'bay_window': '', 'flat_roof': '', 'roof': '', 'ac_platform': '', 'plant_room': '', 'garden': '', 'yard': ''}",3.98,3.98,6723,6722.972972972973,14031401640193,4108854,ASP,HSSW,小西灣,1997/03,1997,29,C,23,2,2,HARMONY GARDEN,富欣花園,False
3367,2014-03-20,"HIN TSUI HSE(Block A,KAI TSUI COURT),SIU SAI WAN RD|佳翠苑,A座(顯翠閣),小西灣道",2866.7158769530547,596,433,"{'bay_window': '', 'flat_roof': '', 'roof': '', 'ac_platform': '', 'plant_room': '', 'garden': '', 'yard': ''}",2.28,2.28,5266,5265.588914549654,14032500470081,4112777,ASP,HSSW,小西灣,1993/08,1993,33,15,20,A,blank,KAI TSUI COURT,佳翠苑,False
3368,2014-03-19,"CHEERFUL GARDEN(Phase 2),Block 4,SIU SAI WAN RD|富怡花園2期,4座,小西灣道",3289.090761536924,584,483,"{'bay_window': '', 'flat_roof': '', 'roof': '', 'ac_platform': '', 'plant_room': '', 'garden': '', 'yard': ''}",2.918,2.918,6041,6041.407867494824,14032501460056,4112836,ASP,HSSW,小西灣,1995/05,1995,31,J,19,4,2,CHEERFUL GARDEN,富怡花園,False
3369,2014-03-14,"HARMONY GARDEN(Phase 2),Block 3,SIU SAI WAN RD|富欣花園2期,3座,小西灣道",3616.346650650319,504,414,"{'bay_window': '', 'flat_roof': '', 'roof': '', 'ac_platform': '', 'plant_room': '', 'garden': '', 'yard': ''}",2.75,2.75,6643,6642.512077294686,14032601740223,4113474,ASP,HSSW,小西灣,1997/05,1997,29,A,10,3,2,HARMONY GARDEN,富欣花園,False
3370,2014-04-08,"HARMONY GARDEN(Phase 1),Block 1,SIU SAI WAN RD|富欣花園1期,1座,小西灣道",3206.1892570520813,693,592,"{'bay_window': '', 'flat_roof': '', 'roof': '', 'ac_platform': '', 'plant_room': '', 'garden': '', 'yard': ''}",3.38,3.38,5709,5709.459459459459,14041100370029,4120560,ASP,HSSW,小西灣,1997/03,1997,29,G,6,1,1,HARMONY GARDEN,富欣花園,False
3371,2014-04-07,"YIU TSUI HSE(Block B,KAI TSUI COURT),SIU SAI WAN RD|佳翠苑,B座(耀翠閣),小西灣道",3174.0201340716258,823,598,"{'bay_window': '', 'flat_roof': '', 'roof': '', 'ac_platform': '', 'plant_room': '', 'garden': '', 'yard': ''}",3.38,3.38,5652,5652.173913043478,14042201180046,4124358,ASP,HSSW,小西灣,1993/08,1993,33,2,19,B,blank,KAI TSUI COURT,佳翠苑,False
3372,2014-04-03,"CHEERFUL GARDEN(Phase 1),Block 2,SIU SAI WAN RD|富怡花園1期,2座,小西灣道",3111.331586725097,716,592,"{'bay_window': '', 'flat_roof': '', 'roof': '', 'ac_platform': '', 'plant_room': '', 'garden': '', 'yard': ''}",3.28,3.28,5541,5540.540540540541,14042502000105,4125826,ASP,HSSW,小西灣,1995/05,1995,31,C,19,2,1,CHEERFUL GARDEN,富怡花園,False
3373,2014-03-28,"HARMONY GARDEN(Phase 2),Block 4,SIU SAI WAN RD|富欣花園2期,4座,小西灣道",3711.9855703369394,567,484,"{'bay_window': '', 'flat_roof': '', 'roof': '', 'ac_platform': '', 'plant_room': '', 'garden': '', 'yard': ''}",3.3,3.3,6818,6818.181818181818,14042502750074,4125828,ASP,HSSW,小西灣,1997/03,1997,29,F,17,4,2,HARMONY GARDEN,富欣花園,False
3374,2014-04-23,"HARMONY GARDEN(Phase 1),Block 1,SIU SAI WAN RD|富欣花園1期,1座,小西灣道",3270.322726038818,504,431,"{'bay_window': '', 'flat_roof': '', 'roof': '', 'ac_platform': '', 'plant_room': '', 'garden': '', 'yard': ''}",2.51,2.51,5824,5823.665893271462,14042801050053,4126726,ASP,HSSW,小西灣,1997/03,1997,29,E,7,1,1,HARMONY GARDEN,富欣花園,False
3375,2014-03-29,"CHEERFUL GARDEN(Phase 1),Block 3,SIU SAI WAN RD|富怡花園1期,3座,小西灣道",3016.4062922918197,716,592,"{'bay_window': '', 'flat_roof': '', 'roof': '', 'ac_platform': '', 'plant_room': '', 'garden': '', 'yard': ''}",3.28,3.28,5541,5540.540540540541,14042900450092,4127348,PRO-ASP,HSSW,小西灣,1995/05,1995,31,C,31,3,1,CHEERFUL GARDEN,富怡花園,False
3377,2014-04-11,"CHEERFUL GARDEN(Phase 2),Block 4,SIU SAI WAN RD|富怡花園2期,4座,小西灣道",3341.498628113549,586,484,"{'bay_window': '', 'flat_roof': '', 'roof': '', 'ac_platform': '', 'plant_room': '', 'garden': '', 'yard': ''}",2.88,2.88,5950,5950.413223140496,14050901900097,4131622,PRO-ASP,HSSW,小西灣,1995/05,1995,31,F,29,4,2,CHEERFUL GARDEN,富怡花園,False
3378,2014-04-15,"HARMONY GARDEN(Phase 1),Block 1,SIU SAI WAN RD|富欣花園1期,1座,小西灣道",3441.4362794630038,693,592,"{'bay_window': '', 'flat_roof': '', 'roof': '', 'ac_platform': '', 'plant_room': '', 'garden': '', 'yard': ''}",3.628,3.628,6128,6128.378378378378,14051200400568,4132448,ASP,HSSW,小西灣,1997/03,1997,29,G,21,1,1,HARMONY GARDEN,富欣花園,False
3380,2014-05-02,"YIU TSUI HSE(Block B,KAI TSUI COURT),SIU SAI WAN RD|佳翠苑,B座(耀翠閣),小西灣道",2714.1985904966123,740,538,"{'bay_window': '4', 'flat_roof': '', 'roof': '', 'ac_platform': '', 'plant_room': '', 'garden': '', 'yard': ''}",2.648,2.648,4922,4921.933085501859,14051300540022,4133276,ASP,HSSW,小西灣,1993/08,1993,33,5,16,B,blank,KAI TSUI COURT,佳翠苑,False
3383,2014-05-15,"CHEERFUL GARDEN(Phase 1),Block 2,SIU SAI WAN RD|富怡花園1期,2座,小西灣道",3353.4104207113464,716,592,"{'bay_window': '', 'flat_roof': '', 'roof': '', 'ac_platform': '', 'plant_room': '', 'garden': '', 'yard': ''}",3.6,3.6,6081,6081.081081081081,14052000890081,4137169,ASP,HSSW,小西灣,1995/05,1995,31,C,35,2,1,CHEERFUL GARDEN,富怡花園,False
3386,2014-05-28,"HARMONY GARDEN(Phase 2),Block 6,SIU SAI WAN RD|富欣花園2期,6座,小西灣道",3413.614468584082,504,431,"{'bay_window': '', 'flat_roof': '', 'roof': '', 'ac_platform': '', 'plant_room': '', 'garden': '', 'yard': ''}",2.668,2.668,6190,6190.255220417634,14053001790124,4143789,ASP,HSSW,小西灣,1997/03,1997,29,F,22,6,2,HARMONY GARDEN,富欣花園,False
3387,2014-05-24,"CHEERFUL GARDEN(Phase 2),Block 4,SIU SAI WAN RD|富怡花園2期,4座,小西灣道",3475.044682986919,586,484,"{'bay_window': '', 'flat_roof': '', 'roof': '', 'ac_platform': '', 'plant_room': '', 'garden': '', 'yard': ''}",3.05,3.05,6302,6301.652892561983,14060301690065,4144506,PRO-ASP,HSSW,小西灣,1995/05,1995,31,F,23,4,2,CHEERFUL GARDEN,富怡花園,False
3388,2014-06-06,"HARMONY GARDEN(Phase 2),Block 4,SIU SAI WAN RD|富欣花園2期,4座,小西灣道",3403.125322458552,504,431,"{'bay_window': '', 'flat_roof': '', 'roof': '', 'ac_platform': '', 'plant_room': '', 'garden': '', 'yard': ''}",2.68,2.68,6218,6218.097447795823,14061100070036,4148554,ASP,HSSW,小西灣,1997/03,1997,29,K,4,4,2,HARMONY GARDEN,富欣花園,False
3389,2014-05-18,"HARMONY GARDEN(Phase 2),Block 5,SIU SAI WAN RD|富欣花園2期,5座,小西灣道",3441.7627138272783,504,431,"{'bay_window': '', 'flat_roof': '', 'roof': '', 'ac_platform': '', 'plant_room': '', 'garden': '', 'yard': ''}",2.69,2.69,6241,6241.299303944315,14061202220033,4149202,PRO-ASP,HSSW,小西灣,1997/03,1997,29,A,17,5,2,HARMONY GARDEN,富欣花園,False
3390,2014-06-09,"YIU TSUI HSE(Block B,KAI TSUI COURT),SIU SAI WAN RD|佳翠苑,B座(耀翠閣),小西灣道",2982.940051180535,596,433,"{'bay_window': '', 'flat_roof': '', 'roof': '', 'ac_platform': '', 'plant_room': '', 'garden': '', 'yard': ''}",2.36,2.36,5450,5450.346420323325,14061300670026,4149917,ASP,HSSW,小西灣,1993/08,1993,33,14,25,B,blank,KAI TSUI COURT,佳翠苑,False
3392,2014-06-06,"HARMONY GARDEN(Phase 2),Block 4,SIU SAI WAN RD|富欣花園2期,4座,小西灣道",3593.59875468571,504,431,"{'bay_window': '', 'flat_roof': '', 'roof': '', 'ac_platform': '', 'plant_room': '', 'garden': '', 'yard': ''}",2.83,2.83,6566,6566.125290023202,14061601340090,4150808,ASP,HSSW,小西灣,1997/03,1997,29,K,27,4,2,HARMONY GARDEN,富欣花園,False
3393,2014-06-16,"HARMONY GARDEN(Phase 2),Block 2,SIU SAI WAN RD|富欣花園2期,2座,小西灣道",3276.1430343071133,504,431,"{'bay_window': '', 'flat_roof': '', 'roof': '', 'ac_platform': '', 'plant_room': '', 'garden': '', 'yard': ''}",2.58,2.58,5986,5986.078886310905,14062001870189,4153604,ASP,HSSW,小西灣,1997/03,1997,29,F,4,2,2,HARMONY GARDEN,富欣花園,False
3396,2014-06-20,"HARMONY GARDEN(Phase 2),Block 3,SIU SAI WAN RD|富欣花園2期,3座,小西灣道",3281.9130065221025,693,592,"{'bay_window': '', 'flat_roof': '', 'roof': '', 'ac_platform': '', 'plant_room': '', 'garden': '', 'yard': ''}",3.55,3.55,5997,5996.621621621622,14070701710078,4162115,ASP,HSSW,小西灣,1997/05,1997,29,D,7,3,2,HARMONY GARDEN,富欣花園,False
3398,2014-06-26,"HARMONY GARDEN(Phase 1),Block 1,SIU SAI WAN RD|富欣花園1期,1座,小西灣道",3480.6767519875257,693,592,"{'bay_window': '', 'flat_roof': '', 'roof': '', 'ac_platform': '', 'plant_room': '', 'garden': '', 'yard': ''}",3.765,3.765,6360,6359.7972972972975,14071001510299,4164669,ASP,HSSW,小西灣,1997/03,1997,29,B,6,1,1,HARMONY GARDEN,富欣花園,False
3399,2014-06-14,"CHEERFUL GARDEN(Phase 2),Block 4,SIU SAI WAN RD|富怡花園2期,4座,小西灣道",3022.178458004236,521,431,"{'bay_window': '', 'flat_roof': '', 'roof': '', 'ac_platform': '', 'plant_room': '', 'garden': '', 'yard': ''}",2.38,2.38,5522,5522.041763341067,14071100450054,4165460,PRO-ASP,HSSW,小西灣,1995/05,1995,31,K,16,4,2,CHEERFUL GARDEN,富怡花園,False
3400,2014-07-03,"CHEERFUL GARDEN(Phase 2),Block 4,SIU SAI WAN RD|富怡花園2期,4座,小西灣道",3247.7815438101998,716,592,"{'bay_window': '', 'flat_roof': '', 'roof': '', 'ac_platform': '', 'plant_room': '', 'garden': '', 'yard': ''}",3.55,3.55,5997,5996.621621621622,14071400680142,4166475,ASP,HSSW,小西灣,1995/05,1995,31,C,34,4,2,CHEERFUL GARDEN,富怡花園,False
3401,2014-07-14,"HARMONY GARDEN(Phase 2),Block 5,SIU SAI WAN RD|富欣花園2期,5座,小西灣道",3043.713044526211,567,484,"{'bay_window': '', 'flat_roof': '', 'roof': '', 'ac_platform': '', 'plant_room': '', 'garden': '', 'yard': ''}",2.72,2.72,5620,5619.834710743801,14072201900024,4171661,ASP,HSSW,小西灣,1997/03,1997,29,E,1,5,2,HARMONY GARDEN,富欣花園,False
3403,2014-07-28,"CHEERFUL GARDEN(Phase 1),Block 1,SIU SAI WAN RD|富怡花園1期,1座,小西灣道",3209.022848604522,517,427,"{'bay_window': '', 'flat_roof': '', 'roof': '', 'ac_platform': '', 'plant_room': '', 'garden': '', 'yard': ''}",2.53,2.53,5925,5925.058548009368,14073101770355,4177373,ASP,HSSW,小西灣,1995/05,1995,31,A,26,1,1,CHEERFUL GARDEN,富怡花園,False
3406,2014-07-16,"HARMONY GARDEN(Phase 2),Block 2,SIU SAI WAN RD|富欣花園2期,2座,小西灣道",3247.7815438101998,693,592,"{'bay_window': '', 'flat_roof': '', 'roof': '', 'ac_platform': '', 'plant_room': '', 'garden': '', 'yard': ''}",3.55,3.55,5997,5996.621621621622,14081100210022,4182082,ASP,HSSW,小西灣,1997/03,1997,29,D,14,2,2,HARMONY GARDEN,富欣花園,False
3407,2014-08-05,"HARMONY GARDEN(Phase 2),Block 5,SIU SAI WAN RD|富欣花園2期,5座,小西灣道",3497.0717456234697,567,484,"{'bay_window': '', 'flat_roof': '', 'roof': '', 'ac_platform': '', 'plant_room': '', 'garden': '', 'yard': ''}",3.23,3.23,6674,6673.553719008264,14081400170026,4184190,ASP,HSSW,小西灣,1997/03,1997,29,E,11,5,2,HARMONY GARDEN,富欣花園,False
3408,2014-08-12,"HARMONY GARDEN(Phase 1),Block 1,SIU SAI WAN RD|富欣花園1期,1座,小西灣道",3161.1380292735407,504,431,"{'bay_window': '', 'flat_roof': '', 'roof': '', 'ac_platform': '', 'plant_room': '', 'garden': '', 'yard': ''}",2.6,2.6,6032,6032.482598607889,14081900110070,4186699,ASP,HSSW,小西灣,1997/03,1997,29,E,26,1,1,HARMONY GARDEN,富欣花園,False
3409,2014-09-01,"CHEERFUL GARDEN(Phase 2),Block 5,SIU SAI WAN RD|富怡花園2期,5座,小西灣道",3116.005465390385,716,592,"{'bay_window': '', 'flat_roof': '', 'roof': '', 'ac_platform': '', 'plant_room': '', 'garden': '', 'yard': ''}",3.58,3.58,6047,6047.2972972972975,14090302470202,4196385,ASP,HSSW,小西灣,1995/05,1995,31,A,35,5,2,CHEERFUL GARDEN,富怡花園,False
3410,2014-08-29,"CHEERFUL GARDEN(Phase 1),Block 3,SIU SAI WAN RD|富怡花園1期,3座,小西灣道",3258.40381478965,521,431,"{'bay_window': '', 'flat_roof': '', 'roof': '', 'ac_platform': '', 'plant_room': '', 'garden': '', 'yard': ''}",2.68,2.68,6218,6218.097447795823,14090502160284,4198124,ASP,HSSW,小西灣,1995/05,1995,31,K,32,3,1,CHEERFUL GARDEN,富怡花園,False
3411,2014-09-01,"CHEERFUL GARDEN(Phase 2),Block 5,SIU SAI WAN RD|富怡花園2期,5座,小西灣道",3227.9246237021807,521,431,"{'bay_window': '', 'flat_roof': '', 'roof': '', 'ac_platform': '', 'plant_room': '', 'garden': '', 'yard': ''}",2.7,2.7,6265,6264.501160092807,14090800290072,4198997,ASP,HSSW,小西灣,1995/05,1995,31,K,17,5,2,CHEERFUL GARDEN,富怡花園,False
3412,2014-08-28,"CHEERFUL GARDEN(Phase 1),Block 3,SIU SAI WAN RD|富怡花園1期,3座,小西灣道",3027.274348953862,716,592,"{'bay_window': '', 'flat_roof': '', 'roof': '', 'ac_platform': '', 'plant_room': '', 'garden': '', 'yard': ''}",3.42,3.42,5777,5777.027027027027,14091000480030,4199867,ASP,HSSW,小西灣,1995/05,1995,31,H,19,3,1,CHEERFUL GARDEN,富怡花園,False
3413,2014-09-16,"YIU TSUI HSE(Block B,KAI TSUI COURT),SIU SAI WAN RD|佳翠苑,B座(耀翠閣),小西灣道",2740.077375668113,823,598,"{'bay_window': '', 'flat_roof': '', 'roof': '', 'ac_platform': '', 'plant_room': '', 'garden': '', 'yard': ''}",3.18,3.18,5318,5317.725752508361,14091900650024,4205888,ASP,HSSW,小西灣,1993/08,1993,33,10,35,B,blank,KAI TSUI COURT,佳翠苑,False
3414,2014-09-17,"YIU TSUI HSE(Block B,KAI TSUI COURT),SIU SAI WAN RD|佳翠苑,B座(耀翠閣),小西灣道",2610.8284428535794,823,598,"{'bay_window': '', 'flat_roof': '', 'roof': '', 'ac_platform': '', 'plant_room': '', 'garden': '', 'yard': ''}",3.03,3.03,5067,5066.889632107023,14092200530178,4207037,ASP,HSSW,小西灣,1993/08,1993,33,11,11,B,blank,KAI TSUI COURT,佳翠苑,False
3415,2014-09-08,"CHEERFUL GARDEN(Phase 1),Block 1,SIU SAI WAN RD|富怡花園1期,1座,小西灣道",3248.2630472571395,701,579,"{'bay_window': '', 'flat_roof': '', 'roof': '', 'ac_platform': '', 'plant_room': '', 'garden': '', 'yard': ''}",3.65,3.65,6304,6303.972366148532,14100300200056,4214323,PRO-ASP,HSSW,小西灣,1995/05,1995,31,G,21,1,1,CHEERFUL GARDEN,富怡花園,False
3418,2014-10-20,"HARMONY GARDEN(Phase 1),Block 7,SIU SAI WAN RD|富欣花園1期,7座,小西灣道",2966.3873584439516,693,592,"{'bay_window': '', 'flat_roof': '', 'roof': '', 'ac_platform': '', 'plant_room': '', 'garden': '', 'yard': ''}",3.45,3.45,5828,5827.7027027027025,14102401900056,4228626,ASP,HSSW,小西灣,1997/03,1997,29,J,11,7,1,HARMONY GARDEN,富欣花園,False
3419,2014-10-20,"CHEERFUL GARDEN(Phase 1),Block 3,SIU SAI WAN RD|富怡花園1期,3座,小西灣道",3165.104090529497,521,431,"{'bay_window': '', 'flat_roof': '', 'roof': '', 'ac_platform': '', 'plant_room': '', 'garden': '', 'yard': ''}",2.68,2.68,6218,6218.097447795823,14103001590515,4232543,ASP,HSSW,小西灣,1995/05,1995,31,E,37,3,1,CHEERFUL GARDEN,富怡花園,False
3421,2014-10-28,"HIN TSUI HSE(Block A,KAI TSUI COURT),SIU SAI WAN RD|佳翠苑,A座(顯翠閣),小西灣道",2601.8418293986065,740,538,"{'bay_window': '', 'flat_roof': '', 'roof': '', 'ac_platform': '', 'plant_room': '', 'garden': '', 'yard': ''}",2.75,2.75,5112,5111.5241635687735,14110702030139,4237114,ASP,HSSW,小西灣,1993/08,1993,33,8,9,A,blank,KAI TSUI COURT,佳翠苑,False
3422,2014-11-10,"HARMONY GARDEN(Phase 2),Block 2,SIU SAI WAN RD|富欣花園2期,2座,小西灣道",3459.103744498835,693,592,"{'bay_window': '', 'flat_roof': '', 'roof': '', 'ac_platform': '', 'plant_room': '', 'garden': '', 'yard': ''}",4.03,4.03,6807,6807.432432432433,14111802300453,4242825,ASP,HSSW,小西灣,1997/03,1997,29,C,11,2,2,HARMONY GARDEN,富欣花園,False
3423,2014-11-20,"CHEERFUL GARDEN(Phase 1),Block 2,SIU SAI WAN RD|富怡花園1期,2座,小西灣道",2617.9321143229395,716,592,"{'bay_window': '', 'flat_roof': '', 'roof': '', 'ac_platform': '', 'plant_room': '', 'garden': '', 'yard': ''}",3.05,3.05,5152,5152.027027027027,14112502120334,4247157,ASP,HSSW,小西灣,1995/05,1995,31,D,2,2,1,CHEERFUL GARDEN,富怡花園,False
3425,2014-12-11,"YIU TSUI HSE(Block B,KAI TSUI COURT),SIU SAI WAN RD|佳翠苑,B座(耀翠閣),小西灣道",2596.721030922116,740,538,"{'bay_window': '4', 'flat_roof': '', 'roof': '', 'ac_platform': '', 'plant_room': '', 'garden': '', 'yard': ''}",2.8,2.8,5204,5204.460966542751,14121700330099,4261120,ASP,HSSW,小西灣,1993/08,1993,33,4,3,B,blank,KAI TSUI COURT,佳翠苑,False
3426,2014-12-11,"CHEERFUL GARDEN(Phase 2),Block 4,SIU SAI WAN RD|富怡花園2期,4座,小西灣道",3571.8135896644453,716,592,"{'bay_window': '', 'flat_roof': '', 'roof': '', 'ac_platform': '', 'plant_room': '', 'garden': '', 'yard': ''}",4.238,4.238,7159,7158.783783783784,14121700330100,4261121,ASP,HSSW,小西灣,1995/05,1995,31,A,40,4,2,CHEERFUL GARDEN,富怡花園,False
3427,2014-12-12,"HARMONY GARDEN(Phase 2),Block 5,SIU SAI WAN RD|富欣花園2期,5座,小西灣道",3412.181875328723,567,484,"{'bay_window': '', 'flat_roof': '', 'roof': '', 'ac_platform': '', 'plant_room': '', 'garden': '', 'yard': ''}",3.31,3.31,6839,6838.842975206611,14121901930091,4262815,ASP,HSSW,小西灣,1997/03,1997,29,B,7,5,2,HARMONY GARDEN,富欣花園,False
3428,2014-12-16,"CHEERFUL GARDEN(Phase 2),Block 5,SIU SAI WAN RD|富怡花園2期,5座,小西灣道",2806.5453642243046,716,592,"{'bay_window': '', 'flat_roof': '', 'roof': '', 'ac_platform': '', 'plant_room': '', 'garden': '', 'yard': ''}",3.33,3.33,5625,5625.0,14122201740056,4263866,ASP,HSSW,小西灣,1995/05,1995,31,C,3,5,2,CHEERFUL GARDEN,富怡花園,False
3429,2014-12-12,"YIU TSUI HSE(Block B,KAI TSUI COURT),SIU SAI WAN RD|佳翠苑,B座(耀翠閣),小西灣道",2658.4221366680217,877,640,"{'bay_window': '', 'flat_roof': '', 'roof': '', 'ac_platform': '', 'plant_room': '', 'garden': '', 'yard': ''}",3.41,3.41,5328,5328.125,14122901770622,4266863,ASP,HSSW,小西灣,1993/08,1993,33,9,15,B,blank,KAI TSUI COURT,佳翠苑,False
3430,2014-12-19,"HARMONY GARDEN(Phase 2),Block 3,SIU SAI WAN RD|富欣花園2期,3座,小西灣道",3371.225662731897,693,592,"{'bay_window': '', 'flat_roof': '', 'roof': '', 'ac_platform': '', 'plant_room': '', 'garden': '', 'yard': ''}",4.0,4.0,6757,6756.756756756757,15010601780069,4270986,ASP,HSSW,小西灣,1997/05,1997,29,J,13,3,2,HARMONY GARDEN,富欣花園,False
3433,2015-01-06,"HARMONY GARDEN(Phase 2),Block 3,SIU SAI WAN RD|富欣花園2期,3座,小西灣道",3803.9293632206195,693,592,"{'bay_window': '', 'flat_roof': '', 'roof': '', 'ac_platform': '', 'plant_room': '', 'garden': '', 'yard': ''}",4.52,4.52,7635,7635.135135135135,15011402220046,4276629,ASP,HSSW,小西灣,1997/05,1997,29,K,28,3,2,HARMONY GARDEN,富欣花園,False
3434,2015-01-12,"CHEERFUL GARDEN(Phase 2),Block 5,SIU SAI WAN RD|富怡花園2期,5座,小西灣道",3094.49538699858,584,483,"{'bay_window': '', 'flat_roof': '', 'roof': '', 'ac_platform': '', 'plant_room': '', 'garden': '', 'yard': ''}",3.0,3.0,6211,6211.180124223602,15011900860183,4279790,ASP,HSSW,小西灣,1995/05,1995,31,J,7,5,2,CHEERFUL GARDEN,富怡花園,False
3436,2014-12-29,"HARMONY GARDEN(Phase 1),Block 7,SIU SAI WAN RD|富欣花園1期,7座,小西灣道",4919.955781573929,504,431,"{'bay_window': '', 'flat_roof': '', 'roof': '', 'ac_platform': '', 'plant_room': '', 'garden': '', 'yard': ''}",4.25,4.25,9861,9860.788863109048,15012300990192,4283064,PRO-ASP,HSSW,小西灣,1997/03,1997,29,A,10,7,1,HARMONY GARDEN,富欣花園,False
3438,2015-01-27,"YIU TSUI HSE(Block B,KAI TSUI COURT),SIU SAI WAN RD|佳翠苑,B座(耀翠閣),小西灣道",2903.652054303527,877,640,"{'bay_window': '', 'flat_roof': '', 'roof': '', 'ac_platform': '', 'plant_room': '', 'garden': '', 'yard': ''}",3.73,3.73,5828,5828.125,15020400350174,4289880,ASP,HSSW,小西灣,1993/08,1993,33,1,8,B,blank,KAI TSUI COURT,佳翠苑,False
3439,2015-01-29,"YIU TSUI HSE(Block B,KAI TSUI COURT),SIU SAI WAN RD|佳翠苑,B座(耀翠閣),小西灣道",2592.934052897695,740,538,"{'bay_window': '4', 'flat_roof': '', 'roof': '', 'ac_platform': '', 'plant_room': '', 'garden': '', 'yard': ''}",2.8,2.8,5204,5204.460966542751,15021101580252,4294991,ASP,HSSW,小西灣,1993/08,1993,33,13,20,B,blank,KAI TSUI COURT,佳翠苑,False
3440,2015-02-08,"HARMONY GARDEN(Phase 2),Block 2,SIU SAI WAN RD|富欣花園2期,2座,小西灣道",3183.666854487017,567,484,"{'bay_window': '', 'flat_roof': '', 'roof': '', 'ac_platform': '', 'plant_room': '', 'garden': '', 'yard': ''}",3.15,3.15,6508,6508.264462809917,15022501090156,4303911,PRO-ASP,HSSW,小西灣,1997/03,1997,29,B,1,2,2,HARMONY GARDEN,富欣花園,False
3441,2015-02-26,"HARMONY GARDEN(Phase 1),Block 1,SIU SAI WAN RD|富欣花園1期,1座,小西灣道",3784.4798314449063,693,592,"{'bay_window': '', 'flat_roof': '', 'roof': '', 'ac_platform': '', 'plant_room': '', 'garden': '', 'yard': ''}",4.58,4.58,7736,7736.486486486487,15030402180324,4309573,ASP,HSSW,小西灣,1997/03,1997,29,B,26,1,1,HARMONY GARDEN,富欣花園,False
3443,2015-03-06,"HIN TSUI HSE(Block A,KAI TSUI COURT),SIU SAI WAN RD|佳翠苑,A座(顯翠閣),小西灣道",2649.4824127737456,877,640,"{'bay_window': '', 'flat_roof': '', 'roof': '', 'ac_platform': '', 'plant_room': '', 'garden': '', 'yard': ''}",3.5,3.5,5469,5468.75,15031302480409,4315042,ASP,HSSW,小西灣,1993/08,1993,33,9,16,A,blank,KAI TSUI COURT,佳翠苑,False
3445,2015-04-17,"YIU TSUI HSE(Block B,KAI TSUI COURT),SIU SAI WAN RD|佳翠苑,B座(耀翠閣),小西灣道",3004.5915661473396,823,598,"{'bay_window': '', 'flat_roof': '', 'roof': '', 'ac_platform': '', 'plant_room': '', 'garden': '', 'yard': ''}",3.7,3.7,6187,6187.2909698996655,15042301970322,4335505,ASP,HSSW,小西灣,1993/08,1993,33,2,32,B,blank,KAI TSUI COURT,佳翠苑,False
3446,2015-04-28,"CHEERFUL GARDEN(Phase 1),Block 3,SIU SAI WAN RD|富怡花園1期,3座,小西灣道",3120.9542519975057,521,431,"{'bay_window': '', 'flat_roof': '', 'roof': '', 'ac_platform': '', 'plant_room': '', 'garden': '', 'yard': ''}",2.77,2.77,6427,6426.91415313225,15050601880250,4343245,ASP,HSSW,小西灣,1995/05,1995,31,E,25,3,1,CHEERFUL GARDEN,富怡花園,False
3449,2015-05-02,"CHEERFUL GARDEN(Phase 1),Block 1,SIU SAI WAN RD|富怡花園1期,1座,小西灣道",3147.2380574470185,709,587,"{'bay_window': '', 'flat_roof': '', 'roof': '', 'ac_platform': '', 'plant_room': '', 'garden': '', 'yard': ''}",3.8,3.8,6474,6473.594548551959,15050800340020,4345077,ASP,HSSW,小西灣,1995/05,1995,31,H,11,1,1,CHEERFUL GARDEN,富怡花園,False
3451,2015-05-22,"YIU TSUI HSE(Block B,KAI TSUI COURT),SIU SAI WAN RD|佳翠苑,B座(耀翠閣),小西灣道",3135.676837621433,737,538,"{'bay_window': '', 'flat_roof': '', 'roof': '', 'ac_platform': '', 'plant_room': '', 'garden': '', 'yard': ''}",3.47,3.47,6450,6449.814126394052,15052802120305,4356966,ASP,HSSW,小西灣,1993/08,1993,33,8,30,B,blank,KAI TSUI COURT,佳翠苑,False
3452,2015-05-21,"CHEERFUL GARDEN(Phase 2),Block 5,SIU SAI WAN RD|富怡花園2期,5座,小西灣道",3104.232146224614,716,592,"{'bay_window': '', 'flat_roof': '', 'roof': '', 'ac_platform': '', 'plant_room': '', 'garden': '', 'yard': ''}",3.78,3.78,6385,6385.135135135135,15052802140029,4356967,ASP,HSSW,小西灣,1995/05,1995,31,C,17,5,2,CHEERFUL GARDEN,富怡花園,False
3453,2015-05-26,"CHEERFUL GARDEN(Phase 2),Block 4,SIU SAI WAN RD|富怡花園2期,4座,小西灣道",3144.00389045671,586,484,"{'bay_window': '', 'flat_roof': '', 'roof': '', 'ac_platform': '', 'plant_room': '', 'garden': '', 'yard': ''}",3.13,3.13,6467,6466.94214876033,15060200860147,4359564,ASP,HSSW,小西灣,1995/05,1995,31,F,37,4,2,CHEERFUL GARDEN,富怡花園,False
3454,2015-05-26,"HARMONY GARDEN(Phase 1),Block 8,SIU SAI WAN RD|富欣花園1期,8座,小西灣道",3736.5757315666647,693,592,"{'bay_window': '', 'flat_roof': '', 'roof': '', 'ac_platform': '', 'plant_room': '', 'garden': '', 'yard': ''}",4.55,4.55,7686,7685.810810810811,15060400820029,4361021,ASP,HSSW,小西灣,1997/03,1997,29,H,14,8,1,HARMONY GARDEN,富欣花園,False
3455,2015-05-22,"HIN TSUI HSE(Block A,KAI TSUI COURT),SIU SAI WAN RD|佳翠苑,A座(顯翠閣),小西灣道",3054.3480435620872,740,538,"{'bay_window': '4', 'flat_roof': '', 'roof': '', 'ac_platform': '', 'plant_room': '', 'garden': '', 'yard': ''}",3.38,3.38,6283,6282.527881040892,15060500930165,4361758,ASP,HSSW,小西灣,1993/08,1993,33,13,37,A,blank,KAI TSUI COURT,佳翠苑,False
3456,2015-06-02,"HARMONY GARDEN(Phase 2),Block 4,SIU SAI WAN RD|富欣花園2期,4座,小西灣道",3510.3121477489212,567,484,"{'bay_window': '', 'flat_roof': '', 'roof': '', 'ac_platform': '', 'plant_room': '', 'garden': '', 'yard': ''}",3.51,3.51,7252,7252.06611570248,15060901090056,4363241,ASP,HSSW,小西灣,1997/03,1997,29,J,9,4,2,HARMONY GARDEN,富欣花園,False
3457,2015-06-09,"HARMONY GARDEN(Phase 2),Block 2,SIU SAI WAN RD|富欣花園2期,2座,小西灣道",3280.291693622923,567,484,"{'bay_window': '', 'flat_roof': '', 'roof': '', 'ac_platform': '', 'plant_room': '', 'garden': '', 'yard': ''}",3.28,3.28,6777,6776.859504132231,15061100550049,4364712,ASP,HSSW,小西灣,1997/03,1997,29,E,5,2,2,HARMONY GARDEN,富欣花園,False
3458,2015-06-11,"HARMONY GARDEN(Phase 1),Block 8,SIU SAI WAN RD|富欣花園1期,8座,小西灣道",3352.3251260842367,693,592,"{'bay_window': '', 'flat_roof': '', 'roof': '', 'ac_platform': '', 'plant_room': '', 'garden': '', 'yard': ''}",4.1,4.1,6926,6925.675675675675,15061701340025,4367883,ASP,HSSW,小西灣,1997/03,1997,29,D,4,8,1,HARMONY GARDEN,富欣花園,False
3459,2015-06-17,"HARMONY GARDEN(Phase 2),Block 5,SIU SAI WAN RD|富欣花園2期,5座,小西灣道",3497.047454698118,693,592,"{'bay_window': '', 'flat_roof': '', 'roof': '', 'ac_platform': '', 'plant_room': '', 'garden': '', 'yard': ''}",4.277,4.277,7225,7224.6621621621625,15061902560025,4369422,ASP,HSSW,小西灣,1997/03,1997,29,C,3,5,2,HARMONY GARDEN,富欣花園,False
3460,2015-06-29,"YIU TSUI HSE(Block B,KAI TSUI COURT),SIU SAI WAN RD|佳翠苑,B座(耀翠閣),小西灣道",3074.1763675238767,596,433,"{'bay_window': '', 'flat_roof': '', 'roof': '', 'ac_platform': '', 'plant_room': '', 'garden': '', 'yard': ''}",2.75,2.75,6351,6351.039260969977,15070301100256,4377315,ASP,HSSW,小西灣,1993/08,1993,33,14,21,B,blank,KAI TSUI COURT,佳翠苑,False
3461,2015-06-30,"HARMONY GARDEN(Phase 2),Block 2,SIU SAI WAN RD|富欣花園2期,2座,小西灣道",3930.7439653933225,504,431,"{'bay_window': '', 'flat_roof': '', 'roof': '', 'ac_platform': '', 'plant_room': '', 'garden': '', 'yard': ''}",3.5,3.5,8121,8120.649651972158,15070301580132,4377317,ASP,HSSW,小西灣,1997/03,1997,29,A,23,2,2,HARMONY GARDEN,富欣花園,False
3462,2015-07-10,"HARMONY GARDEN(Phase 1),Block 8,SIU SAI WAN RD|富欣花園1期,8座,小西灣道",3473.0480987779515,693,592,"{'bay_window': '', 'flat_roof': '', 'roof': '', 'ac_platform': '', 'plant_room': '', 'garden': '', 'yard': ''}",4.35,4.35,7348,7347.972972972973,15071601750156,4384106,ASP,HSSW,小西灣,1997/03,1997,29,C,6,8,1,HARMONY GARDEN,富欣花園,False
3463,2015-07-15,"CHEERFUL GARDEN(Phase 2),Block 5,SIU SAI WAN RD|富怡花園2期,5座,小西灣道",3217.5595030057807,716,592,"{'bay_window': '', 'flat_roof': '', 'roof': '', 'ac_platform': '', 'plant_room': '', 'garden': '', 'yard': ''}",4.03,4.03,6807,6807.432432432433,15072402630028,4388987,ASP,HSSW,小西灣,1995/05,1995,31,C,30,5,2,CHEERFUL GARDEN,富怡花園,False
3464,2015-07-30,"YIU TSUI HSE(Block B,KAI TSUI COURT),SIU SAI WAN RD|佳翠苑,B座(耀翠閣),小西灣道",2596.999462519322,748,546,"{'bay_window': '', 'flat_roof': '', 'roof': '', 'ac_platform': '', 'plant_room': '', 'garden': '', 'yard': ''}",3.0,3.0,5495,5494.505494505494,15080501980104,4394782,ASP,HSSW,小西灣,1993/08,1993,33,8,1,B,blank,KAI TSUI COURT,佳翠苑,False
3465,2015-07-31,"CHEERFUL GARDEN(Phase 2),Block 5,SIU SAI WAN RD|富怡花園2期,5座,小西灣道",3377.6659366817426,521,431,"{'bay_window': '', 'flat_roof': '', 'roof': '', 'ac_platform': '', 'plant_room': '', 'garden': '', 'yard': ''}",3.08,3.08,7146,7146.171693735499,15080702420083,4396288,ASP,HSSW,小西灣,1995/05,1995,31,E,37,5,2,CHEERFUL GARDEN,富怡花園,False
3466,2015-08-06,"HARMONY GARDEN(Phase 2),Block 5,SIU SAI WAN RD|富欣花園2期,5座,小西灣道",3487.0129174579865,567,484,"{'bay_window': '', 'flat_roof': '', 'roof': '', 'ac_platform': '', 'plant_room': '', 'garden': '', 'yard': ''}",3.58,3.58,7397,7396.694214876033,15081301160271,4399187,ASP,HSSW,小西灣,1997/03,1997,29,B,12,5,2,HARMONY GARDEN,富欣花園,False
3467,2015-08-12,"HARMONY GARDEN(Phase 1),Block 8,SIU SAI WAN RD|富欣花園1期,8座,小西灣道",3320.7045669669646,693,592,"{'bay_window': '', 'flat_roof': '', 'roof': '', 'ac_platform': '', 'plant_room': '', 'garden': '', 'yard': ''}",4.17,4.17,7044,7043.918918918919,15082701540157,4406675,PRO-ASP,HSSW,小西灣,1997/03,1997,29,D,5,8,1,HARMONY GARDEN,富欣花園,False
3468,2015-08-28,"CHEERFUL GARDEN(Phase 1),Block 2,SIU SAI WAN RD|富怡花園1期,2座,小西灣道",2512.986962860784,586,484,"{'bay_window': '', 'flat_roof': '', 'roof': '', 'ac_platform': '', 'plant_room': '', 'garden': '', 'yard': ''}",2.58,2.58,5331,5330.578512396694,15090202130359,4409293,ASP,HSSW,小西灣,1995/05,1995,31,F,1,2,1,CHEERFUL GARDEN,富怡花園,False
3471,2015-11-09,"CHEERFUL GARDEN(Phase 2),Block 4,SIU SAI WAN RD|富怡花園2期,4座,小西灣道",2709.0990791042063,716,592,"{'bay_window': '', 'flat_roof': '', 'roof': '', 'ac_platform': '', 'plant_room': '', 'garden': '', 'yard': ''}",3.35,3.35,5659,5658.783783783784,15112000540101,4442865,ASP,HSSW,小西灣,1995/05,1995,31,H,2,4,2,CHEERFUL GARDEN,富怡花園,False
3472,2015-12-03,"HIN TSUI HSE(Block A,KAI TSUI COURT),SIU SAI WAN RD|佳翠苑,A座(顯翠閣),小西灣道",3168.946484370833,823,598,"{'bay_window': '', 'flat_roof': '', 'roof': '', 'ac_platform': '', 'plant_room': '', 'garden': '', 'yard': ''}",3.9,3.9,6522,6521.739130434783,15120901030095,4450266,ASP,HSSW,小西灣,1993/08,1993,33,11,8,A,blank,KAI TSUI COURT,佳翠苑,False
3473,2015-12-07,"HARMONY GARDEN(Phase 2),Block 6,SIU SAI WAN RD|富欣花園2期,6座,小西灣道",3348.805609159447,693,592,"{'bay_window': '', 'flat_roof': '', 'roof': '', 'ac_platform': '', 'plant_room': '', 'garden': '', 'yard': ''}",4.08,4.08,6892,6891.891891891892,15121601010095,4453153,ASP,HSSW,小西灣,1997/03,1997,29,C,13,6,2,HARMONY GARDEN,富欣花園,False
3474,2015-12-11,"HARMONY GARDEN(Phase 1),Block 8,SIU SAI WAN RD|富欣花園1期,8座,小西灣道",3677.1198845672366,693,592,"{'bay_window': '', 'flat_roof': '', 'roof': '', 'ac_platform': '', 'plant_room': '', 'garden': '', 'yard': ''}",4.48,4.48,7568,7567.5675675675675,15121700940028,4453772,ASP,HSSW,小西灣,1997/03,1997,29,G,22,8,1,HARMONY GARDEN,富欣花園,False
3475,2015-12-16,"HARMONY GARDEN(Phase 1),Block 8,SIU SAI WAN RD|富欣花園1期,8座,小西灣道",3759.198453419184,693,592,"{'bay_window': '', 'flat_roof': '', 'roof': '', 'ac_platform': '', 'plant_room': '', 'garden': '', 'yard': ''}",4.58,4.58,7736,7736.486486486487,15122300380371,4456466,ASP,HSSW,小西灣,1997/03,1997,29,G,21,8,1,HARMONY GARDEN,富欣花園,False
3476,2015-12-10,"CHEERFUL GARDEN(Phase 1),Block 1,SIU SAI WAN RD|富怡花園1期,1座,小西灣道",3391.2128697329535,581,480,"{'bay_window': '', 'flat_roof': '', 'roof': '', 'ac_platform': '', 'plant_room': '', 'garden': '', 'yard': ''}",3.35,3.35,6979,6979.166666666667,15123101020013,4460135,MEM-ASP,HSSW,小西灣,1995/05,1995,31,E,28,1,1,CHEERFUL GARDEN,富怡花園,False
3477,2016-02-01,"HARMONY GARDEN(Phase 1),Block 7,SIU SAI WAN RD|富欣花園1期,7座,小西灣道",3592.5985676635305,567,484,"{'bay_window': '', 'flat_roof': '', 'roof': '', 'ac_platform': '', 'plant_room': '', 'garden': '', 'yard': ''}",3.35,3.35,6921,6921.487603305785,16020500730091,4473653,ASP,HSSW,小西灣,1997/03,1997,29,B,14,7,1,HARMONY GARDEN,富欣花園,False
3480,2016-02-05,"CHEERFUL GARDEN(Phase 2),Block 5,SIU SAI WAN RD|富怡花園2期,5座,小西灣道",3550.9336992406484,716,592,"{'bay_window': '', 'flat_roof': '', 'roof': '', 'ac_platform': '', 'plant_room': '', 'garden': '', 'yard': ''}",4.05,4.05,6841,6841.216216216216,16021601320025,4475473,ASP,HSSW,小西灣,1995/05,1995,31,B,23,5,2,CHEERFUL GARDEN,富怡花園,False
3481,2016-02-12,"HARMONY GARDEN(Phase 1),Block 7,SIU SAI WAN RD|富欣花園1期,7座,小西灣道",3396.1048121568033,504,431,"{'bay_window': '', 'flat_roof': '', 'roof': '', 'ac_platform': '', 'plant_room': '', 'garden': '', 'yard': ''}",2.82,2.82,6543,6542.92343387471,16030100270140,4480063,PRO-ASP,HSSW,小西灣,1997/03,1997,29,A,24,7,1,HARMONY GARDEN,富欣花園,False
3482,2016-02-29,"HARMONY GARDEN(Phase 2),Block 3,SIU SAI WAN RD|富欣花園2期,3座,小西灣道",3372.0189624251943,504,431,"{'bay_window': '', 'flat_roof': '', 'roof': '', 'ac_platform': '', 'plant_room': '', 'garden': '', 'yard': ''}",2.8,2.8,6497,6496.519721577726,16030201900144,4480423,ASP,HSSW,小西灣,1997/05,1997,29,F,22,3,2,HARMONY GARDEN,富欣花園,False
3485,2016-03-14,"CHEERFUL GARDEN(Phase 2),Block 4,SIU SAI WAN RD|富怡花園2期,4座,小西灣道",2892.064307960152,521,431,"{'bay_window': '', 'flat_roof': '', 'roof': '', 'ac_platform': '', 'plant_room': '', 'garden': '', 'yard': ''}",2.398,2.398,5564,5563.805104408352,16031700550041,4484681,ASP,HSSW,小西灣,1995/05,1995,31,E,23,4,2,CHEERFUL GARDEN,富怡花園,False
3486,2016-03-14,"HARMONY GARDEN(Phase 1),Block 8,SIU SAI WAN RD|富欣花園1期,8座,小西灣道",3557.7938734288778,504,431,"{'bay_window': '', 'flat_roof': '', 'roof': '', 'ac_platform': '', 'plant_room': '', 'garden': '', 'yard': ''}",2.95,2.95,6845,6844.547563805105,16032200100054,4486558,ASP,HSSW,小西灣,1997/03,1997,29,A,27,8,1,HARMONY GARDEN,富欣花園,False
3488,2016-03-16,"CHEERFUL GARDEN(Phase 1),Block 1,SIU SAI WAN RD|富怡花園1期,1座,小西灣道",3262.4431765333447,517,427,"{'bay_window': '', 'flat_roof': '', 'roof': '', 'ac_platform': '', 'plant_room': '', 'garden': '', 'yard': ''}",2.68,2.68,6276,6276.346604215457,16032201600346,4486556,ASP,HSSW,小西灣,1995/05,1995,31,A,14,1,1,CHEERFUL GARDEN,富怡花園,False
3490,2016-03-18,"CHEERFUL GARDEN(Phase 2),Block 4,SIU SAI WAN RD|富怡花園2期,4座,小西灣道",3316.587509128615,521,431,"{'bay_window': '', 'flat_roof': '', 'roof': '', 'ac_platform': '', 'plant_room': '', 'garden': '', 'yard': ''}",2.75,2.75,6381,6380.510440835267,16032400590134,4487859,ASP,HSSW,小西灣,1995/05,1995,31,K,24,4,2,CHEERFUL GARDEN,富怡花園,False
3491,2016-03-21,"HARMONY GARDEN(Phase 1),Block 8,SIU SAI WAN RD|富欣花園1期,8座,小西灣道",3450.697432793195,693,592,"{'bay_window': '', 'flat_roof': '', 'roof': '', 'ac_platform': '', 'plant_room': '', 'garden': '', 'yard': ''}",3.93,3.93,6639,6638.513513513513,16033000260218,4489138,ASP,HSSW,小西灣,1997/03,1997,29,D,6,8,1,HARMONY GARDEN,富欣花園,False
3492,2016-03-30,"HARMONY GARDEN(Phase 2),Block 5,SIU SAI WAN RD|富欣花園2期,5座,小西灣道",3705.1839193830156,567,484,"{'bay_window': '', 'flat_roof': '', 'roof': '', 'ac_platform': '', 'plant_room': '', 'garden': '', 'yard': ''}",3.45,3.45,7128,7128.099173553719,16040701200020,4491867,ASP,HSSW,小西灣,1997/03,1997,29,B,10,5,2,HARMONY GARDEN,富欣花園,False
3493,2016-03-11,"HIN TSUI HSE(Block A,KAI TSUI COURT),SIU SAI WAN RD|佳翠苑,A座(顯翠閣),小西灣道",5161.983313599044,596,433,"{'bay_window': '', 'flat_roof': '', 'roof': '', 'ac_platform': '', 'plant_room': '', 'garden': '', 'yard': ''}",4.3,4.3,9931,9930.715935334872,16040702270027,4491864,ASP,HSSW,小西灣,1993/08,1993,33,6,37,A,blank,KAI TSUI COURT,佳翠苑,False
3494,2016-03-30,"HARMONY GARDEN(Phase 2),Block 5,SIU SAI WAN RD|富欣花園2期,5座,小西灣道",3880.9370618183,693,592,"{'bay_window': '', 'flat_roof': '', 'roof': '', 'ac_platform': '', 'plant_room': '', 'garden': '', 'yard': ''}",4.42,4.42,7466,7466.216216216216,16042200960039,4497986,PRO-ASP,HSSW,小西灣,1997/03,1997,29,K,15,5,2,HARMONY GARDEN,富欣花園,False
3495,2016-04-20,"HIN TSUI HSE(Block A,KAI TSUI COURT),SIU SAI WAN RD|佳翠苑,A座(顯翠閣),小西灣道",3162.7387824404664,596,433,"{'bay_window': '', 'flat_roof': '', 'roof': '', 'ac_platform': '', 'plant_room': '', 'garden': '', 'yard': ''}",2.65,2.65,6120,6120.092378752887,16042500740052,4498519,ASP,HSSW,小西灣,1993/08,1993,33,14,25,A,blank,KAI TSUI COURT,佳翠苑,False
3496,2016-04-08,"HARMONY GARDEN(Phase 2),Block 6,SIU SAI WAN RD|富欣花園2期,6座,小西灣道",4591.223560756202,567,484,"{'bay_window': '', 'flat_roof': '', 'roof': '', 'ac_platform': '', 'plant_room': '', 'garden': '', 'yard': ''}",4.3,4.3,8884,8884.297520661157,16042701850200,4499623,ASP,HSSW,小西灣,1997/03,1997,29,E,13,6,2,HARMONY GARDEN,富欣花園,False
3497,2016-04-25,"YIU TSUI HSE(Block B,KAI TSUI COURT),SIU SAI WAN RD|佳翠苑,B座(耀翠閣),小西灣道",4535.248065386329,596,433,"{'bay_window': '', 'flat_roof': '', 'roof': '', 'ac_platform': '', 'plant_room': '', 'garden': '', 'yard': ''}",3.8,3.8,8776,8775.981524249422,16050600770070,4502917,ASP,HSSW,小西灣,1993/08,1993,33,15,20,B,blank,KAI TSUI COURT,佳翠苑,False
3498,2016-04-25,"CHEERFUL GARDEN(Phase 2),Block 5,SIU SAI WAN RD|富怡花園2期,5座,小西灣道",3405.229729494979,521,431,"{'bay_window': '', 'flat_roof': '', 'roof': '', 'ac_platform': '', 'plant_room': '', 'garden': '', 'yard': ''}",2.84,2.84,6589,6589.327146171694,16050901530285,4503526,ASP,HSSW,小西灣,1995/05,1995,31,K,33,5,2,CHEERFUL GARDEN,富怡花園,False
3500,2016-05-24,"CHEERFUL GARDEN(Phase 2),Block 5,SIU SAI WAN RD|富怡花園2期,5座,小西灣道",3614.446248162905,716,592,"{'bay_window': '', 'flat_roof': '', 'roof': '', 'ac_platform': '', 'plant_room': '', 'garden': '', 'yard': ''}",4.16,4.16,7027,7027.027027027027,16052701990036,4512405,ASP,HSSW,小西灣,1995/05,1995,31,C,38,5,2,CHEERFUL GARDEN,富怡花園,False
3501,2016-05-24,"HARMONY GARDEN(Phase 2),Block 2,SIU SAI WAN RD|富欣花園2期,2座,小西灣道",3458.0519393481636,693,592,"{'bay_window': '', 'flat_roof': '', 'roof': '', 'ac_platform': '', 'plant_room': '', 'garden': '', 'yard': ''}",3.98,3.98,6723,6722.972972972973,16060101470034,4514068,ASP,HSSW,小西灣,1997/03,1997,29,J,5,2,2,HARMONY GARDEN,富欣花園,False
3502,2016-05-30,"HARMONY GARDEN(Phase 2),Block 5,SIU SAI WAN RD|富欣花園2期,5座,小西灣道",3910.863009773213,567,484,"{'bay_window': '', 'flat_roof': '', 'roof': '', 'ac_platform': '', 'plant_room': '', 'garden': '', 'yard': ''}",3.68,3.68,7603,7603.305785123967,16060301790274,4515300,ASP,HSSW,小西灣,1997/03,1997,29,E,19,5,2,HARMONY GARDEN,富欣花園,False
3503,2016-05-26,"YIU TSUI HSE(Block B,KAI TSUI COURT),SIU SAI WAN RD|佳翠苑,B座(耀翠閣),小西灣道",2957.5901511409925,877,640,"{'bay_window': '', 'flat_roof': '', 'roof': '', 'ac_platform': '', 'plant_room': '', 'garden': '', 'yard': ''}",3.68,3.68,5750,5750.0,16060302320304,4515349,ASP,HSSW,小西灣,1993/08,1993,33,1,3,B,blank,KAI TSUI COURT,佳翠苑,False
3504,2016-05-31,"CHEERFUL GARDEN(Phase 2),Block 5,SIU SAI WAN RD|富怡花園2期,5座,小西灣道",2867.2289949369197,716,592,"{'bay_window': '', 'flat_roof': '', 'roof': '', 'ac_platform': '', 'plant_room': '', 'garden': '', 'yard': ''}",3.3,3.3,5574,5574.324324324324,16060600410104,4515893,ASP,HSSW,小西灣,1995/05,1995,31,H,1,5,2,CHEERFUL GARDEN,富怡花園,False
3505,2016-06-06,"HIN TSUI HSE(Block A,KAI TSUI COURT),SIU SAI WAN RD|佳翠苑,A座(顯翠閣),小西灣道",3112.3177755825955,740,538,"{'bay_window': '4', 'flat_roof': '', 'roof': '', 'ac_platform': '', 'plant_room': '', 'garden': '', 'yard': ''}",3.22,3.22,5985,5985.130111524164,16061000520026,4517618,ASP,HSSW,小西灣,1993/08,1993,33,13,1,A,blank,KAI TSUI COURT,佳翠苑,False
3507,2016-06-14,"CHEERFUL GARDEN(Phase 1),Block 3,SIU SAI WAN RD|富怡花園1期,3座,小西灣道",3474.765930883469,521,431,"{'bay_window': '', 'flat_roof': '', 'roof': '', 'ac_platform': '', 'plant_room': '', 'garden': '', 'yard': ''}",2.88,2.88,6682,6682.134570765661,16062100660146,4521797,ASP,HSSW,小西灣,1995/05,1995,31,K,31,3,1,CHEERFUL GARDEN,富怡花園,False
3508,2016-06-17,"CHEERFUL GARDEN(Phase 1),Block 3,SIU SAI WAN RD|富怡花園1期,3座,小西灣道",3208.333237224027,584,483,"{'bay_window': '', 'flat_roof': '', 'roof': '', 'ac_platform': '', 'plant_room': '', 'garden': '', 'yard': ''}",2.98,2.98,6170,6169.772256728778,16062300350023,4522968,ASP,HSSW,小西灣,1995/05,1995,31,J,4,3,1,CHEERFUL GARDEN,富怡花園,False
3509,2016-06-14,"HARMONY GARDEN(Phase 2),Block 2,SIU SAI WAN RD|富欣花園2期,2座,小西灣道",4110.877008179915,693,592,"{'bay_window': '', 'flat_roof': '', 'roof': '', 'ac_platform': '', 'plant_room': '', 'garden': '', 'yard': ''}",4.68,4.68,7905,7905.405405405405,16062300350044,4522971,ASP,HSSW,小西灣,1997/03,1997,29,C,22,2,2,HARMONY GARDEN,富欣花園,False
3510,2016-06-17,"YIU TSUI HSE(Block B,KAI TSUI COURT),SIU SAI WAN RD|佳翠苑,B座(耀翠閣),小西灣道",3362.6407536167007,596,433,"{'bay_window': '', 'flat_roof': '', 'roof': '', 'ac_platform': '', 'plant_room': '', 'garden': '', 'yard': ''}",2.8,2.8,6467,6466.512702078522,16062401580043,4523563,ASP,HSSW,小西灣,1993/08,1993,33,7,30,B,blank,KAI TSUI COURT,佳翠苑,False
3511,2016-06-17,"CHEERFUL GARDEN(Phase 2),Block 4,SIU SAI WAN RD|富怡花園2期,4座,小西灣道",3162.2130832153193,716,592,"{'bay_window': '', 'flat_roof': '', 'roof': '', 'ac_platform': '', 'plant_room': '', 'garden': '', 'yard': ''}",3.6,3.6,6081,6081.081081081081,16062801580216,4524889,ASP,HSSW,小西灣,1995/05,1995,31,G,4,4,2,CHEERFUL GARDEN,富怡花園,False
3512,2016-06-07,"HIN TSUI HSE(Block A,KAI TSUI COURT),SIU SAI WAN RD|佳翠苑,A座(顯翠閣),小西灣道",4791.763073903799,596,433,"{'bay_window': '', 'flat_roof': '', 'roof': '', 'ac_platform': '', 'plant_room': '', 'garden': '', 'yard': ''}",3.99,3.99,9215,9214.780600461894,16062902170044,4525533,ASP,HSSW,小西灣,1993/08,1993,33,14,13,A,blank,KAI TSUI COURT,佳翠苑,False
3513,2016-06-22,"HARMONY GARDEN(Phase 2),Block 3,SIU SAI WAN RD|富欣花園2期,3座,小西灣道",3921.550751958025,567,484,"{'bay_window': '', 'flat_roof': '', 'roof': '', 'ac_platform': '', 'plant_room': '', 'garden': '', 'yard': ''}",3.65,3.65,7541,7541.322314049587,16070502160580,4527438,ASP,HSSW,小西灣,1997/05,1997,29,B,9,3,2,HARMONY GARDEN,富欣花園,False
3514,2016-06-27,"HARMONY GARDEN(Phase 2),Block 3,SIU SAI WAN RD|富欣花園2期,3座,小西灣道",4040.6056063306855,693,592,"{'bay_window': '', 'flat_roof': '', 'roof': '', 'ac_platform': '', 'plant_room': '', 'garden': '', 'yard': ''}",4.6,4.6,7770,7770.27027027027,16070602340030,4528018,ASP,HSSW,小西灣,1997/05,1997,29,C,12,3,2,HARMONY GARDEN,富欣花園,False
3515,2016-07-04,"CHEERFUL GARDEN(Phase 2),Block 5,SIU SAI WAN RD|富怡花園2期,5座,小西灣道",3593.4788845476887,716,592,"{'bay_window': '', 'flat_roof': '', 'roof': '', 'ac_platform': '', 'plant_room': '', 'garden': '', 'yard': ''}",4.18,4.18,7061,7060.81081081081,16070701210020,4528622,ASP,HSSW,小西灣,1995/05,1995,31,H,17,5,2,CHEERFUL GARDEN,富怡花園,False
3516,2016-07-04,"HARMONY GARDEN(Phase 1),Block 7,SIU SAI WAN RD|富欣花園1期,7座,小西灣道",3765.4156732820284,693,592,"{'bay_window': '', 'flat_roof': '', 'roof': '', 'ac_platform': '', 'plant_room': '', 'garden': '', 'yard': ''}",4.38,4.38,7399,7398.648648648648,16071500610202,4532283,ASP,HSSW,小西灣,1997/03,1997,29,J,30,7,1,HARMONY GARDEN,富欣花園,False
3517,2016-07-04,"YIU TSUI HSE(Block B,KAI TSUI COURT),SIU SAI WAN RD|佳翠苑,B座(耀翠閣),小西灣道",4559.58466957354,740,538,"{'bay_window': '4', 'flat_roof': '', 'roof': '', 'ac_platform': '', 'plant_room': '', 'garden': '', 'yard': ''}",4.82,4.82,8959,8959.10780669145,16071501850011,4532279,MEM-ASP,HSSW,小西灣,1993/08,1993,33,16,29,B,blank,KAI TSUI COURT,佳翠苑,False
3518,2016-07-05,"CHEERFUL GARDEN(Phase 1),Block 3,SIU SAI WAN RD|富怡花園1期,3座,小西灣道",3518.8399676748477,521,431,"{'bay_window': '', 'flat_roof': '', 'roof': '', 'ac_platform': '', 'plant_room': '', 'garden': '', 'yard': ''}",2.98,2.98,6914,6914.15313225058,16072501040032,4536192,ASP,HSSW,小西灣,1995/05,1995,31,K,35,3,1,CHEERFUL GARDEN,富怡花園,False
3520,2016-07-25,"HARMONY GARDEN(Phase 2),Block 4,SIU SAI WAN RD|富欣花園2期,4座,小西灣道",3778.6200995166146,504,431,"{'bay_window': '', 'flat_roof': '', 'roof': '', 'ac_platform': '', 'plant_room': '', 'garden': '', 'yard': ''}",3.2,3.2,7425,7424.593967517401,16072900700039,4538892,ASP,HSSW,小西灣,1997/03,1997,29,K,7,4,2,HARMONY GARDEN,富欣花園,False
3521,2016-07-22,"CHEERFUL GARDEN(Phase 1),Block 3,SIU SAI WAN RD|富怡花園1期,3座,小西灣道",3554.118148614291,586,484,"{'bay_window': '', 'flat_roof': '', 'roof': '', 'ac_platform': '', 'plant_room': '', 'garden': '', 'yard': ''}",3.38,3.38,6983,6983.471074380165,16072901160166,4538891,ASP,HSSW,小西灣,1995/05,1995,31,F,38,3,1,CHEERFUL GARDEN,富怡花園,False
3522,2016-07-23,"HIN TSUI HSE(Block A,KAI TSUI COURT),SIU SAI WAN RD|佳翠苑,A座(顯翠閣),小西灣道",5112.836239592036,596,433,"{'bay_window': '', 'flat_roof': '', 'roof': '', 'ac_platform': '', 'plant_room': '', 'garden': '', 'yard': ''}",4.35,4.35,10046,10046.189376443417,16081200260035,4544796,PRO-ASP,HSSW,小西灣,1993/08,1993,33,15,32,A,blank,KAI TSUI COURT,佳翠苑,False
3523,2016-08-15,"HARMONY GARDEN(Phase 1),Block 7,SIU SAI WAN RD|富欣花園1期,7座,小西灣道",3451.4509700228723,504,431,"{'bay_window': '', 'flat_roof': '', 'roof': '', 'ac_platform': '', 'plant_room': '', 'garden': '', 'yard': ''}",2.96,2.96,6868,6867.749419953596,16081901780059,4548302,ASP,HSSW,小西灣,1997/03,1997,29,A,22,7,1,HARMONY GARDEN,富欣花園,False
3524,2016-08-09,"HARMONY GARDEN(Phase 1),Block 1,SIU SAI WAN RD|富欣花園1期,1座,小西灣道",4599.870784421607,567,484,"{'bay_window': '', 'flat_roof': '', 'roof': '', 'ac_platform': '', 'plant_room': '', 'garden': '', 'yard': ''}",4.43,4.43,9153,9152.892561983472,16082400510011,4550464,MEM-ASP,HSSW,小西灣,1997/03,1997,29,J,4,1,1,HARMONY GARDEN,富欣花園,False
3525,2016-08-18,"HARMONY GARDEN(Phase 1),Block 1,SIU SAI WAN RD|富欣花園1期,1座,小西灣道",3395.670580898142,693,592,"{'bay_window': '', 'flat_roof': '', 'roof': '', 'ac_platform': '', 'plant_room': '', 'garden': '', 'yard': ''}",4.0,4.0,6757,6756.756756756757,16082401690123,4550465,ASP,HSSW,小西灣,1997/03,1997,29,A,22,1,1,HARMONY GARDEN,富欣花園,False
3526,2016-08-12,"HARMONY GARDEN(Phase 2),Block 4,SIU SAI WAN RD|富欣花園2期,4座,小西灣道",4524.199244489441,504,431,"{'bay_window': '', 'flat_roof': '', 'roof': '', 'ac_platform': '', 'plant_room': '', 'garden': '', 'yard': ''}",3.88,3.88,9002,9002.32018561485,16082601760022,4551866,ASP,HSSW,小西灣,1997/03,1997,29,K,1,4,2,HARMONY GARDEN,富欣花園,False
3528,2016-09-07,"CHEERFUL GARDEN(Phase 1),Block 1,SIU SAI WAN RD|富怡花園1期,1座,小西灣道",3599.7913025589205,709,587,"{'bay_window': '', 'flat_roof': '', 'roof': '', 'ac_platform': '', 'plant_room': '', 'garden': '', 'yard': ''}",4.395,4.395,7487,7487.223168654174,16091401740220,4560309,ASP,HSSW,小西灣,1995/05,1995,31,C,20,1,1,CHEERFUL GARDEN,富怡花園,False
3530,2016-09-14,"HARMONY GARDEN(Phase 2),Block 3,SIU SAI WAN RD|富欣花園2期,3座,小西灣道",3857.6999736186353,693,592,"{'bay_window': '', 'flat_roof': '', 'roof': '', 'ac_platform': '', 'plant_room': '', 'garden': '', 'yard': ''}",4.75,4.75,8024,8023.648648648648,16092000700115,4562461,ASP,HSSW,小西灣,1997/05,1997,29,C,11,3,2,HARMONY GARDEN,富欣花園,False
3531,2016-09-19,"CHEERFUL GARDEN(Phase 1),Block 1,SIU SAI WAN RD|富怡花園1期,1座,小西灣道",3605.93429112984,580,480,"{'bay_window': '', 'flat_roof': '', 'roof': '', 'ac_platform': '', 'plant_room': '', 'garden': '', 'yard': ''}",3.6,3.6,7500,7500.0,16092700200453,4566916,ASP,HSSW,小西灣,1995/05,1995,31,B,14,1,1,CHEERFUL GARDEN,富怡花園,False
3532,2016-09-14,"CHEERFUL GARDEN(Phase 2),Block 4,SIU SAI WAN RD|富怡花園2期,4座,小西灣道",3224.225030582312,716,592,"{'bay_window': '', 'flat_roof': '', 'roof': '', 'ac_platform': '', 'plant_room': '', 'garden': '', 'yard': ''}",3.97,3.97,6706,6706.081081081081,16092800780270,4567844,ASP,HSSW,小西灣,1995/05,1995,31,C,31,4,2,CHEERFUL GARDEN,富怡花園,False
3533,2016-09-22,"CHEERFUL GARDEN(Phase 1),Block 3,SIU SAI WAN RD|富怡花園1期,3座,小西灣道",3126.7673470382624,716,592,"{'bay_window': '', 'flat_roof': '', 'roof': '', 'ac_platform': '', 'plant_room': '', 'garden': '', 'yard': ''}",3.85,3.85,6503,6503.378378378378,16101200401063,4576722,ASP,HSSW,小西灣,1995/05,1995,31,C,5,3,1,CHEERFUL GARDEN,富怡花園,False
3534,2016-10-04,"CHEERFUL GARDEN(Phase 2),Block 5,SIU SAI WAN RD|富怡花園2期,5座,小西灣道",3151.472952501767,716,592,"{'bay_window': '', 'flat_roof': '', 'roof': '', 'ac_platform': '', 'plant_room': '', 'garden': '', 'yard': ''}",3.98,3.98,6723,6722.972972972973,16101200860168,4576723,ASP,HSSW,小西灣,1995/05,1995,31,B,10,5,2,CHEERFUL GARDEN,富怡花園,False
3535,2016-10-13,"HARMONY GARDEN(Phase 1),Block 1,SIU SAI WAN RD|富欣花園1期,1座,小西灣道",3444.449081251931,693,592,"{'bay_window': '', 'flat_roof': '', 'roof': '', 'ac_platform': '', 'plant_room': '', 'garden': '', 'yard': ''}",4.35,4.35,7348,7347.972972972973,16102800490051,4587033,ASP,HSSW,小西灣,1997/03,1997,29,D,14,1,1,HARMONY GARDEN,富欣花園,False
3536,2016-10-17,"CHEERFUL GARDEN(Phase 2),Block 4,SIU SAI WAN RD|富怡花園2期,4座,小西灣道",2850.578550001598,716,592,"{'bay_window': '', 'flat_roof': '', 'roof': '', 'ac_platform': '', 'plant_room': '', 'garden': '', 'yard': ''}",3.6,3.6,6081,6081.081081081081,16110100470536,4588650,ASP,HSSW,小西灣,1995/05,1995,31,G,2,4,2,CHEERFUL GARDEN,富怡花園,False
3538,2016-10-31,"HARMONY GARDEN(Phase 1),Block 7,SIU SAI WAN RD|富欣花園1期,7座,小西灣道",3651.3058029359313,567,484,"{'bay_window': '', 'flat_roof': '', 'roof': '', 'ac_platform': '', 'plant_room': '', 'garden': '', 'yard': ''}",3.77,3.77,7789,7789.256198347108,16111002020124,4594127,ASP,HSSW,小西灣,1997/03,1997,29,E,26,7,1,HARMONY GARDEN,富欣花園,False
3540,2016-10-18,"CHEERFUL GARDEN(Phase 1),Block 3,SIU SAI WAN RD|富怡花園1期,3座,小西灣道",3088.1267625017313,716,592,"{'bay_window': '', 'flat_roof': '', 'roof': '', 'ac_platform': '', 'plant_room': '', 'garden': '', 'yard': ''}",3.9,3.9,6588,6587.8378378378375,16111602360202,4597521,ASP,HSSW,小西灣,1995/05,1995,31,G,3,3,1,CHEERFUL GARDEN,富怡花園,False
3541,2016-10-24,"HARMONY GARDEN(Phase 2),Block 6,SIU SAI WAN RD|富欣花園2期,6座,小西灣道",5210.616769176475,567,484,"{'bay_window': '', 'flat_roof': '', 'roof': '', 'ac_platform': '', 'plant_room': '', 'garden': '', 'yard': ''}",5.38,5.38,11116,11115.702479338843,16112101800087,4600164,PRO-ASP,HSSW,小西灣,1997/03,1997,29,E,3,6,2,HARMONY GARDEN,富欣花園,False
3542,2016-11-09,"HARMONY GARDEN(Phase 1),Block 8,SIU SAI WAN RD|富欣花園1期,8座,小西灣道",3398.5409534639443,693,592,"{'bay_window': '', 'flat_roof': '', 'roof': '', 'ac_platform': '', 'plant_room': '', 'garden': '', 'yard': ''}",4.25,4.25,7179,7179.054054054054,16112302190056,4601798,ASP,HSSW,小西灣,1997/03,1997,29,G,4,8,1,HARMONY GARDEN,富欣花園,False
3543,2016-11-11,"CHEERFUL GARDEN(Phase 2),Block 4,SIU SAI WAN RD|富怡花園2期,4座,小西灣道",3438.523788210579,716,592,"{'bay_window': '', 'flat_roof': '', 'roof': '', 'ac_platform': '', 'plant_room': '', 'garden': '', 'yard': ''}",4.3,4.3,7264,7263.513513513513,16112500450469,4603459,ASP,HSSW,小西灣,1995/05,1995,31,B,27,4,2,CHEERFUL GARDEN,富怡花園,False
3544,2016-11-21,"HARMONY GARDEN(Phase 2),Block 2,SIU SAI WAN RD|富欣花園2期,2座,小西灣道",4062.25601025808,693,592,"{'bay_window': '', 'flat_roof': '', 'roof': '', 'ac_platform': '', 'plant_room': '', 'garden': '', 'yard': ''}",5.08,5.08,8581,8581.081081081082,16112500590024,4603463,ASP,HSSW,小西灣,1997/03,1997,29,C,28,2,2,HARMONY GARDEN,富欣花園,False
3545,2016-11-15,"HARMONY GARDEN(Phase 2),Block 3,SIU SAI WAN RD|富欣花園2期,3座,小西灣道",3422.5306543119254,693,592,"{'bay_window': '', 'flat_roof': '', 'roof': '', 'ac_platform': '', 'plant_room': '', 'garden': '', 'yard': ''}",4.28,4.28,7230,7229.72972972973,16113002180342,4606066,ASP,HSSW,小西灣,1997/05,1997,29,J,8,3,2,HARMONY GARDEN,富欣花園,False
3546,2016-11-09,"HARMONY GARDEN(Phase 2),Block 2,SIU SAI WAN RD|富欣花園2期,2座,小西灣道",3130.3498275880265,504,431,"{'bay_window': '', 'flat_roof': '', 'roof': '', 'ac_platform': '', 'plant_room': '', 'garden': '', 'yard': ''}",2.85,2.85,6613,6612.529002320186,16120700210065,4610106,PRO-ASP,HSSW,小西灣,1997/03,1997,29,A,2,2,2,HARMONY GARDEN,富欣花園,False
3550,2016-12-29,"CHEERFUL GARDEN(Phase 1),Block 2,SIU SAI WAN RD|富怡花園1期,2座,小西灣道",3113.9886520923596,716,592,"{'bay_window': '', 'flat_roof': '', 'roof': '', 'ac_platform': '', 'plant_room': '', 'garden': '', 'yard': ''}",3.98,3.98,6723,6722.972972972973,17011000600246,4628151,ASP,HSSW,小西灣,1995/05,1995,31,G,10,2,1,CHEERFUL GARDEN,富怡花園,False
3551,2016-12-17,"CHEERFUL GARDEN(Phase 1),Block 1,SIU SAI WAN RD|富怡花園1期,1座,小西灣道",3359.9002718959405,701,579,"{'bay_window': '', 'flat_roof': '', 'roof': '', 'ac_platform': '', 'plant_room': '', 'garden': '', 'yard': ''}",4.2,4.2,7254,7253.886010362694,17011101000042,4629145,PRO-ASP,HSSW,小西灣,1995/05,1995,31,K,27,1,1,CHEERFUL GARDEN,富怡花園,False
3552,2017-01-24,"HARMONY GARDEN(Phase 2),Block 4,SIU SAI WAN RD|富欣花園2期,4座,小西灣道",3487.5451345177416,504,431,"{'bay_window': '', 'flat_roof': '', 'roof': '', 'ac_platform': '', 'plant_room': '', 'garden': '', 'yard': ''}",3.22,3.22,7471,7470.997679814385,17012702280059,4639908,ASP,HSSW,小西灣,1997/03,1997,29,E,14,4,2,HARMONY GARDEN,富欣花園,False
3553,2017-02-06,"CHEERFUL GARDEN(Phase 2),Block 5,SIU SAI WAN RD|富怡花園2期,5座,小西灣道",3432.910219713021,716,592,"{'bay_window': '', 'flat_roof': '', 'roof': '', 'ac_platform': '', 'plant_room': '', 'garden': '', 'yard': ''}",4.32,4.32,7297,7297.2972972972975,17021402330033,4647913,ASP,HSSW,小西灣,1995/05,1995,31,A,2,5,2,CHEERFUL GARDEN,富怡花園,False
3554,2017-02-08,"CHEERFUL GARDEN(Phase 1),Block 2,SIU SAI WAN RD|富怡花園1期,2座,小西灣道",3297.818845326166,716,592,"{'bay_window': '', 'flat_roof': '', 'roof': '', 'ac_platform': '', 'plant_room': '', 'garden': '', 'yard': ''}",4.15,4.15,7010,7010.135135135136,17021600160020,4649679,ASP,HSSW,小西灣,1995/05,1995,31,C,32,2,1,CHEERFUL GARDEN,富怡花園,False
3555,2017-02-22,"YIU TSUI HSE(Block B,KAI TSUI COURT),SIU SAI WAN RD|佳翠苑,B座(耀翠閣),小西灣道",4326.751082073577,823,598,"{'bay_window': '', 'flat_roof': '', 'roof': '', 'ac_platform': '', 'plant_room': '', 'garden': '', 'yard': ''}",5.5,5.5,9197,9197.324414715718,17030900840016,4659440,ASP,HSSW,小西灣,1993/08,1993,33,2,9,B,blank,KAI TSUI COURT,佳翠苑,False
3556,2017-03-01,"CHEERFUL GARDEN(Phase 1),Block 2,SIU SAI WAN RD|富怡花園1期,2座,小西灣道",3594.4860547878384,584,483,"{'bay_window': '', 'flat_roof': '', 'roof': '', 'ac_platform': '', 'plant_room': '', 'garden': '', 'yard': ''}",3.8,3.8,7867,7867.494824016563,17031601890076,4663039,ASP,HSSW,小西灣,1995/05,1995,31,J,10,2,1,CHEERFUL GARDEN,富怡花園,False
3557,2017-03-10,"HARMONY GARDEN(Phase 1),Block 8,SIU SAI WAN RD|富欣花園1期,8座,小西灣道",3789.3098833174795,693,592,"{'bay_window': '', 'flat_roof': '', 'roof': '', 'ac_platform': '', 'plant_room': '', 'garden': '', 'yard': ''}",4.91,4.91,8294,8293.918918918918,17031700640416,4663912,ASP,HSSW,小西灣,1997/03,1997,29,K,27,8,1,HARMONY GARDEN,富欣花園,False
3558,2017-03-15,"HARMONY GARDEN(Phase 2),Block 2,SIU SAI WAN RD|富欣花園2期,2座,小西灣道",3561.741072532719,504,431,"{'bay_window': '', 'flat_roof': '', 'roof': '', 'ac_platform': '', 'plant_room': '', 'garden': '', 'yard': ''}",3.36,3.36,7796,7795.823665893271,17032201650111,4666385,ASP,HSSW,小西灣,1997/03,1997,29,A,3,2,2,HARMONY GARDEN,富欣花園,False
3559,2017-03-31,"CHEERFUL GARDEN(Phase 1),Block 3,SIU SAI WAN RD|富怡花園1期,3座,小西灣道",3472.8909317573643,716,592,"{'bay_window': '', 'flat_roof': '', 'roof': '', 'ac_platform': '', 'plant_room': '', 'garden': '', 'yard': ''}",4.5,4.5,7601,7601.351351351352,17041100510127,4678354,ASP,HSSW,小西灣,1995/05,1995,31,D,5,3,1,CHEERFUL GARDEN,富怡花園,False
3560,2017-04-06,"HARMONY GARDEN(Phase 2),Block 3,SIU SAI WAN RD|富欣花園2期,3座,小西灣道",3866.790529567322,693,592,"{'bay_window': '', 'flat_roof': '', 'roof': '', 'ac_platform': '', 'plant_room': '', 'garden': '', 'yard': ''}",5.1,5.1,8615,8614.864864864865,17041200240443,4679642,ASP,HSSW,小西灣,1997/05,1997,29,K,7,3,2,HARMONY GARDEN,富欣花園,False
3561,2017-04-10,"CHEERFUL GARDEN(Phase 2),Block 4,SIU SAI WAN RD|富怡花園2期,4座,小西灣道",3624.1331956659906,521,431,"{'bay_window': '', 'flat_roof': '', 'roof': '', 'ac_platform': '', 'plant_room': '', 'garden': '', 'yard': ''}",3.48,3.48,8074,8074.245939675174,17041900650225,4682901,ASP,HSSW,小西灣,1995/05,1995,31,E,30,4,2,CHEERFUL GARDEN,富怡花園,False
3565,2017-04-15,"HARMONY GARDEN(Phase 2),Block 4,SIU SAI WAN RD|富欣花園2期,4座,小西灣道",4009.457702101742,504,431,"{'bay_window': '', 'flat_roof': '', 'roof': '', 'ac_platform': '', 'plant_room': '', 'garden': '', 'yard': ''}",3.85,3.85,8933,8932.714617169373,17050802110011,4694493,PRO-ASP,HSSW,小西灣,1997/03,1997,29,K,25,4,2,HARMONY GARDEN,富欣花園,False
3566,2017-04-13,"CHEERFUL GARDEN(Phase 2),Block 5,SIU SAI WAN RD|富怡花園2期,5座,小西灣道",3404.2920544622107,716,592,"{'bay_window': '', 'flat_roof': '', 'roof': '', 'ac_platform': '', 'plant_room': '', 'garden': '', 'yard': ''}",4.49,4.49,7584,7584.459459459459,17050900690029,4695412,ASP,HSSW,小西灣,1995/05,1995,31,A,7,5,2,CHEERFUL GARDEN,富怡花園,False
3567,2017-04-28,"HARMONY GARDEN(Phase 2),Block 4,SIU SAI WAN RD|富欣花園2期,4座,小西灣道",3942.6099517157004,693,592,"{'bay_window': '', 'flat_roof': '', 'roof': '', 'ac_platform': '', 'plant_room': '', 'garden': '', 'yard': ''}",5.2,5.2,8784,8783.783783783783,17050901770062,4695413,ASP,HSSW,小西灣,1997/03,1997,29,D,16,4,2,HARMONY GARDEN,富欣花園,False
3570,2017-05-09,"CHEERFUL GARDEN(Phase 1),Block 2,SIU SAI WAN RD|富怡花園1期,2座,小西灣道",3011.3147462778625,716,592,"{'bay_window': '', 'flat_roof': '', 'roof': '', 'ac_platform': '', 'plant_room': '', 'garden': '', 'yard': ''}",4.0,4.0,6757,6756.756756756757,17051800150299,4701619,ASP,HSSW,小西灣,1995/05,1995,31,C,1,2,1,CHEERFUL GARDEN,富怡花園,False
3571,2017-05-02,"HARMONY GARDEN(Phase 2),Block 6,SIU SAI WAN RD|富欣花園2期,6座,小西灣道",4178.199210460534,693,592,"{'bay_window': '', 'flat_roof': '', 'roof': '', 'ac_platform': '', 'plant_room': '', 'garden': '', 'yard': ''}",5.55,5.55,9375,9375.0,17051900550015,4702512,PRO-ASP,HSSW,小西灣,1997/03,1997,29,G,28,6,2,HARMONY GARDEN,富欣花園,False
3572,2017-05-10,"CHEERFUL GARDEN(Phase 1),Block 3,SIU SAI WAN RD|富怡花園1期,3座,小西灣道",4032.7862448992632,521,431,"{'bay_window': '', 'flat_roof': '', 'roof': '', 'ac_platform': '', 'plant_room': '', 'garden': '', 'yard': ''}",3.9,3.9,9049,9048.723897911834,17052602670307,4707162,ASP,HSSW,小西灣,1995/05,1995,31,E,32,3,1,CHEERFUL GARDEN,富怡花園,False
3574,2017-05-22,"HARMONY GARDEN(Phase 2),Block 5,SIU SAI WAN RD|富欣花園2期,5座,小西灣道",3989.9920388181686,693,592,"{'bay_window': '', 'flat_roof': '', 'roof': '', 'ac_platform': '', 'plant_room': '', 'garden': '', 'yard': ''}",5.3,5.3,8953,8952.702702702703,17060200780764,4710692,ASP,HSSW,小西灣,1997/03,1997,29,K,5,5,2,HARMONY GARDEN,富欣花園,False
3575,2017-05-19,"CHEERFUL GARDEN(Phase 2),Block 4,SIU SAI WAN RD|富怡花園2期,4座,小西灣道",3455.483671353847,716,592,"{'bay_window': '', 'flat_roof': '', 'roof': '', 'ac_platform': '', 'plant_room': '', 'garden': '', 'yard': ''}",4.59,4.59,7753,7753.378378378378,17060701560060,4713296,ASP,HSSW,小西灣,1995/05,1995,31,C,12,4,2,CHEERFUL GARDEN,富怡花園,False
3577,2017-05-18,"CHEERFUL GARDEN(Phase 1),Block 2,SIU SAI WAN RD|富怡花園1期,2座,小西灣道",3749.0868591159383,716,592,"{'bay_window': '', 'flat_roof': '', 'roof': '', 'ac_platform': '', 'plant_room': '', 'garden': '', 'yard': ''}",4.98,4.98,8412,8412.162162162162,17061501860023,4718443,ASP,HSSW,小西灣,1995/05,1995,31,G,16,2,1,CHEERFUL GARDEN,富怡花園,False
3578,2017-06-19,"YIU TSUI HSE(Block B,KAI TSUI COURT),SIU SAI WAN RD|佳翠苑,B座(耀翠閣),小西灣道",2961.86616268912,877,640,"{'bay_window': '', 'flat_roof': '', 'roof': '', 'ac_platform': '', 'plant_room': '', 'garden': '', 'yard': ''}",4.35,4.35,6797,6796.875,17062601460054,4725585,ASP,HSSW,小西灣,1993/08,1993,33,1,13,B,blank,KAI TSUI COURT,佳翠苑,False
3579,2017-06-14,"HIN TSUI HSE(Block A,KAI TSUI COURT),SIU SAI WAN RD|佳翠苑,A座(顯翠閣),小西灣道",4372.262355255534,823,598,"{'bay_window': '', 'flat_roof': '', 'roof': '', 'ac_platform': '', 'plant_room': '', 'garden': '', 'yard': ''}",6.0,6.0,10033,10033.444816053512,17070502160013,4731562,ASP,HSSW,小西灣,1993/08,1993,33,3,20,A,blank,KAI TSUI COURT,佳翠苑,False
3581,2017-07-14,"CHEERFUL GARDEN(Phase 1),Block 3,SIU SAI WAN RD|富怡花園1期,3座,小西灣道",3480.265448485559,716,592,"{'bay_window': '', 'flat_roof': '', 'roof': '', 'ac_platform': '', 'plant_room': '', 'garden': '', 'yard': ''}",4.7,4.7,7939,7939.189189189189,17072702110028,4743901,ASP,HSSW,小西灣,1995/05,1995,31,G,11,3,1,CHEERFUL GARDEN,富怡花園,False
3582,2017-07-21,"CHEERFUL GARDEN(Phase 1),Block 2,SIU SAI WAN RD|富怡花園1期,2座,小西灣道",5506.738282337339,586,484,"{'bay_window': '', 'flat_roof': '', 'roof': '', 'ac_platform': '', 'plant_room': '', 'garden': '', 'yard': ''}",6.08,6.08,12562,12561.98347107438,17073100760123,4745606,ASP,HSSW,小西灣,1995/05,1995,31,F,32,2,1,CHEERFUL GARDEN,富怡花園,False
3583,2017-07-21,"HARMONY GARDEN(Phase 1),Block 7,SIU SAI WAN RD|富欣花園1期,7座,小西灣道",4057.841416532098,693,592,"{'bay_window': '', 'flat_roof': '', 'roof': '', 'ac_platform': '', 'plant_room': '', 'garden': '', 'yard': ''}",5.48,5.48,9257,9256.756756756757,17073101690031,4745608,ASP,HSSW,小西灣,1997/03,1997,29,J,32,7,1,HARMONY GARDEN,富欣花園,False
3584,2017-07-17,"HARMONY GARDEN(Phase 1),Block 1,SIU SAI WAN RD|富欣花園1期,1座,小西灣道",3713.425486444587,567,484,"{'bay_window': '', 'flat_roof': '', 'roof': '', 'ac_platform': '', 'plant_room': '', 'garden': '', 'yard': ''}",4.1,4.1,8471,8471.074380165288,17080900500029,4750984,ASP,HSSW,小西灣,1997/03,1997,29,J,28,1,1,HARMONY GARDEN,富欣花園,False
3585,2017-08-25,"CHEERFUL GARDEN(Phase 2),Block 4,SIU SAI WAN RD|富怡花園2期,4座,小西灣道",3282.8881343934986,716,592,"{'bay_window': '', 'flat_roof': '', 'roof': '', 'ac_platform': '', 'plant_room': '', 'garden': '', 'yard': ''}",4.468,4.468,7547,7547.2972972972975,17091101640189,4766523,ASP,HSSW,小西灣,1995/05,1995,31,B,7,4,2,CHEERFUL GARDEN,富怡花園,False
3586,2017-09-14,"CHEERFUL GARDEN(Phase 1),Block 1,SIU SAI WAN RD|富怡花園1期,1座,小西灣道",3711.6194271832896,709,587,"{'bay_window': '', 'flat_roof': '', 'roof': '', 'ac_platform': '', 'plant_room': '', 'garden': '', 'yard': ''}",4.98,4.98,8484,8483.81601362862,17092700560203,5223781,ASP,HSSW,小西灣,1995/05,1995,31,J,19,1,1,CHEERFUL GARDEN,富怡花園,False
3587,2017-09-25,"CHEERFUL GARDEN(Phase 2),Block 5,SIU SAI WAN RD|富怡花園2期,5座,小西灣道",3575.3318276397436,716,592,"{'bay_window': '', 'flat_roof': '', 'roof': '', 'ac_platform': '', 'plant_room': '', 'garden': '', 'yard': ''}",4.838,4.838,8172,8172.2972972972975,17092800570168,5224722,ASP,HSSW,小西灣,1995/05,1995,31,H,35,5,2,CHEERFUL GARDEN,富怡花園,False
3588,2017-09-20,"HARMONY GARDEN(Phase 2),Block 2,SIU SAI WAN RD|富欣花園2期,2座,小西灣道",3990.655615802938,693,592,"{'bay_window': '', 'flat_roof': '', 'roof': '', 'ac_platform': '', 'plant_room': '', 'garden': '', 'yard': ''}",5.4,5.4,9122,9121.621621621622,17101101280162,5230188,ASP,HSSW,小西灣,1997/03,1997,29,C,6,2,2,HARMONY GARDEN,富欣花園,False
3589,2017-09-29,"CHEERFUL GARDEN(Phase 1),Block 2,SIU SAI WAN RD|富怡花園1期,2座,小西灣道",4434.061795336598,716,592,"{'bay_window': '', 'flat_roof': '', 'roof': '', 'ac_platform': '', 'plant_room': '', 'garden': '', 'yard': ''}",6.0,6.0,10135,10135.135135135135,17102402140065,5237632,ASP,HSSW,小西灣,1995/05,1995,31,A,28,2,1,CHEERFUL GARDEN,富怡花園,False
3590,2017-10-20,"CHEERFUL GARDEN(Phase 2),Block 5,SIU SAI WAN RD|富怡花園2期,5座,小西灣道",3772.823302370097,521,431,"{'bay_window': '', 'flat_roof': '', 'roof': '', 'ac_platform': '', 'plant_room': '', 'garden': '', 'yard': ''}",3.73,3.73,8654,8654.292343387471,17110100920197,5241674,ASP,HSSW,小西灣,1995/05,1995,31,E,28,5,2,CHEERFUL GARDEN,富怡花園,False
3591,2017-10-27,"HARMONY GARDEN(Phase 2),Block 4,SIU SAI WAN RD|富欣花園2期,4座,小西灣道",4143.309484899605,567,484,"{'bay_window': '', 'flat_roof': '', 'roof': '', 'ac_platform': '', 'plant_room': '', 'garden': '', 'yard': ''}",4.6,4.6,9504,9504.13223140496,17110200430048,5242303,ASP,HSSW,小西灣,1997/03,1997,29,J,15,4,2,HARMONY GARDEN,富欣花園,False
3592,2017-10-27,"CHEERFUL GARDEN(Phase 2),Block 5,SIU SAI WAN RD|富怡花園2期,5座,小西灣道",3608.355160982632,716,592,"{'bay_window': '', 'flat_roof': '', 'roof': '', 'ac_platform': '', 'plant_room': '', 'garden': '', 'yard': ''}",4.9,4.9,8277,8277.027027027027,17110600920278,5243794,ASP,HSSW,小西灣,1995/05,1995,31,H,38,5,2,CHEERFUL GARDEN,富怡花園,False
3594,2017-11-09,"HARMONY GARDEN(Phase 1),Block 8,SIU SAI WAN RD|富欣花園1期,8座,小西灣道",3776.4674085975757,504,431,"{'bay_window': '', 'flat_roof': '', 'roof': '', 'ac_platform': '', 'plant_room': '', 'garden': '', 'yard': ''}",3.74,3.74,8677,8677.494199535962,17111501710187,5249032,ASP,HSSW,小西灣,1997/03,1997,29,F,7,8,1,HARMONY GARDEN,富欣花園,False
3595,2017-11-14,"HARMONY GARDEN(Phase 1),Block 7,SIU SAI WAN RD|富欣花園1期,7座,小西灣道",3719.8053876617414,693,592,"{'bay_window': '', 'flat_roof': '', 'roof': '', 'ac_platform': '', 'plant_room': '', 'garden': '', 'yard': ''}",5.06,5.06,8547,8547.297297297297,17112400730114,5254239,ASP,HSSW,小西灣,1997/03,1997,29,K,4,7,1,HARMONY GARDEN,富欣花園,False
3597,2017-11-24,"YIU TSUI HSE(Block B,KAI TSUI COURT),SIU SAI WAN RD|佳翠苑,B座(耀翠閣),小西灣道",3682.4829255781788,823,598,"{'bay_window': '', 'flat_roof': '', 'roof': '', 'ac_platform': '', 'plant_room': '', 'garden': '', 'yard': ''}",5.06,5.06,8462,8461.538461538461,17112901050404,5256728,ASP,HSSW,小西灣,1993/08,1993,33,10,30,B,blank,KAI TSUI COURT,佳翠苑,False
3598,2017-12-29,"HARMONY GARDEN(Phase 2),Block 5,SIU SAI WAN RD|富欣花園2期,5座,小西灣道",3742.971537617709,693,592,"{'bay_window': '', 'flat_roof': '', 'roof': '', 'ac_platform': '', 'plant_room': '', 'garden': '', 'yard': ''}",5.22,5.22,8818,8817.567567567568,18011000820165,5281369,ASP,HSSW,小西灣,1997/03,1997,29,K,11,5,2,HARMONY GARDEN,富欣花園,False
3599,2018-01-08,"CHEERFUL GARDEN(Phase 1),Block 1,SIU SAI WAN RD|富怡花園1期,1座,小西灣道",3210.454764988122,701,579,"{'bay_window': '', 'flat_roof': '', 'roof': '', 'ac_platform': '', 'plant_room': '', 'garden': '', 'yard': ''}",4.45,4.45,7686,7685.66493955095,18011902220138,5287777,ASP,HSSW,小西灣,1995/05,1995,31,G,30,1,1,CHEERFUL GARDEN,富怡花園,False
3603,2018-01-29,"HARMONY GARDEN(Phase 1),Block 7,SIU SAI WAN RD|富欣花園1期,7座,小西灣道",3926.911763219871,567,484,"{'bay_window': '', 'flat_roof': '', 'roof': '', 'ac_platform': '', 'plant_room': '', 'garden': '', 'yard': ''}",4.55,4.55,9401,9400.826446280991,18021301560054,5301682,ASP,HSSW,小西灣,1997/03,1997,29,E,25,7,1,HARMONY GARDEN,富欣花園,False
3606,2018-02-21,"HARMONY GARDEN(Phase 2),Block 4,SIU SAI WAN RD|富欣花園2期,4座,小西灣道",3894.1154009271827,693,592,"{'bay_window': '', 'flat_roof': '', 'roof': '', 'ac_platform': '', 'plant_room': '', 'garden': '', 'yard': ''}",5.65,5.65,9544,9543.918918918918,18022800240187,5310207,ASP,HSSW,小西灣,1997/03,1997,29,A,6,4,2,HARMONY GARDEN,富欣花園,False
3607,2018-02-22,"CHEERFUL GARDEN(Phase 1),Block 3,SIU SAI WAN RD|富怡花園1期,3座,小西灣道",3597.397288021597,521,431,"{'bay_window': '', 'flat_roof': '', 'roof': '', 'ac_platform': '', 'plant_room': '', 'garden': '', 'yard': ''}",3.8,3.8,8817,8816.705336426914,18030601190145,5314101,ASP,HSSW,小西灣,1995/05,1995,31,K,28,3,1,CHEERFUL GARDEN,富怡花園,False
3608,2018-03-19,"HARMONY GARDEN(Phase 1),Block 8,SIU SAI WAN RD|富欣花園1期,8座,小西灣道",3861.8675730958494,693,592,"{'bay_window': '', 'flat_roof': '', 'roof': '', 'ac_platform': '', 'plant_room': '', 'garden': '', 'yard': ''}",5.68,5.68,9595,9594.594594594595,18032302500013,5323876,ASP,HSSW,小西灣,1997/03,1997,29,D,14,8,1,HARMONY GARDEN,富欣花園,False
3609,2018-03-05,"HARMONY GARDEN(Phase 2),Block 6,SIU SAI WAN RD|富欣花園2期,6座,小西灣道",3481.1200658892153,693,592,"{'bay_window': '', 'flat_roof': '', 'roof': '', 'ac_platform': '', 'plant_room': '', 'garden': '', 'yard': ''}",5.12,5.12,8649,8648.648648648648,18032900950101,5327430,PRO-ASP,HSSW,小西灣,1997/03,1997,29,D,7,6,2,HARMONY GARDEN,富欣花園,False
3611,2018-03-27,"HARMONY GARDEN(Phase 1),Block 1,SIU SAI WAN RD|富欣花園1期,1座,小西灣道",3753.0825710368113,693,592,"{'bay_window': '', 'flat_roof': '', 'roof': '', 'ac_platform': '', 'plant_room': '', 'garden': '', 'yard': ''}",5.52,5.52,9324,9324.324324324325,18040900610136,5331606,ASP,HSSW,小西灣,1997/03,1997,29,G,12,1,1,HARMONY GARDEN,富欣花園,False
3612,2018-03-20,"YIU TSUI HSE(Block B,KAI TSUI COURT),SIU SAI WAN RD|佳翠苑,B座(耀翠閣),小西灣道",3997.157927850564,596,433,"{'bay_window': '', 'flat_roof': '', 'roof': '', 'ac_platform': '', 'plant_room': '', 'garden': '', 'yard': ''}",4.3,4.3,9931,9930.715935334872,18041102720287,5334287,PRO-ASP,HSSW,小西灣,1993/08,1993,33,7,18,B,blank,KAI TSUI COURT,佳翠苑,False
3613,2018-04-04,"CHEERFUL GARDEN(Phase 1),Block 1,SIU SAI WAN RD|富怡花園1期,1座,小西灣道",3331.3847744416266,709,587,"{'bay_window': '', 'flat_roof': '', 'roof': '', 'ac_platform': '', 'plant_room': '', 'garden': '', 'yard': ''}",4.95,4.95,8433,8432.708688245315,18041300190037,5335505,ASP,HSSW,小西灣,1995/05,1995,31,H,10,1,1,CHEERFUL GARDEN,富怡花園,False
3614,2018-03-19,"CHEERFUL GARDEN(Phase 2),Block 5,SIU SAI WAN RD|富怡花園2期,5座,小西灣道",4079.4375772139247,716,592,"{'bay_window': '', 'flat_roof': '', 'roof': '', 'ac_platform': '', 'plant_room': '', 'garden': '', 'yard': ''}",6.0,6.0,10135,10135.135135135135,18041800860159,5338998,ASP,HSSW,小西灣,1995/05,1995,31,H,4,5,2,CHEERFUL GARDEN,富怡花園,False
3615,2018-04-20,"CHEERFUL GARDEN(Phase 1),Block 2,SIU SAI WAN RD|富怡花園1期,2座,小西灣道",5407.947169759632,521,431,"{'bay_window': '', 'flat_roof': '', 'roof': '', 'ac_platform': '', 'plant_room': '', 'garden': '', 'yard': ''}",5.9,5.9,13689,13689.09512761021,18042600210052,5345105,ASP,HSSW,小西灣,1995/05,1995,31,K,36,2,1,CHEERFUL GARDEN,富怡花園,False
3616,2018-04-23,"CHEERFUL GARDEN(Phase 2),Block 5,SIU SAI WAN RD|富怡花園2期,5座,小西灣道",3198.9382410951043,521,431,"{'bay_window': '', 'flat_roof': '', 'roof': '', 'ac_platform': '', 'plant_room': '', 'garden': '', 'yard': ''}",3.49,3.49,8097,8097.447795823666,18042600210148,5345113,ASP,HSSW,小西灣,1995/05,1995,31,K,19,5,2,CHEERFUL GARDEN,富怡花園,False
3617,2018-04-20,"CHEERFUL GARDEN(Phase 1),Block 3,SIU SAI WAN RD|富怡花園1期,3座,小西灣道",3098.1121074216194,521,431,"{'bay_window': '', 'flat_roof': '', 'roof': '', 'ac_platform': '', 'plant_room': '', 'garden': '', 'yard': ''}",3.38,3.38,7842,7842.227378190255,18043001900085,5347483,ASP,HSSW,小西灣,1995/05,1995,31,K,10,3,1,CHEERFUL GARDEN,富怡花園,False
3618,2018-04-30,"HARMONY GARDEN(Phase 2),Block 6,SIU SAI WAN RD|富欣花園2期,6座,小西灣道",3917.9020537885995,567,484,"{'bay_window': '', 'flat_roof': '', 'roof': '', 'ac_platform': '', 'plant_room': '', 'garden': '', 'yard': ''}",4.8,4.8,9917,9917.355371900827,18050801310022,5351597,ASP,HSSW,小西灣,1997/03,1997,29,E,23,6,2,HARMONY GARDEN,富欣花園,False
3619,2018-05-02,"HARMONY GARDEN(Phase 2),Block 3,SIU SAI WAN RD|富欣花園2期,3座,小西灣道",3894.4775738739586,693,592,"{'bay_window': '', 'flat_roof': '', 'roof': '', 'ac_platform': '', 'plant_room': '', 'garden': '', 'yard': ''}",5.82,5.82,9831,9831.081081081082,18051400560090,5355070,ASP,HSSW,小西灣,1997/05,1997,29,D,18,3,2,HARMONY GARDEN,富欣花園,False
3621,2018-05-15,"HARMONY GARDEN(Phase 2),Block 6,SIU SAI WAN RD|富欣花園2期,6座,小西灣道",3722.4226529529356,504,431,"{'bay_window': '', 'flat_roof': '', 'roof': '', 'ac_platform': '', 'plant_room': '', 'garden': '', 'yard': ''}",4.05,4.05,9397,9396.75174013921,18052500870225,5362675,ASP,HSSW,小西灣,1997/03,1997,29,A,18,6,2,HARMONY GARDEN,富欣花園,False
3622,2018-05-16,"CHEERFUL GARDEN(Phase 1),Block 1,SIU SAI WAN RD|富怡花園1期,1座,小西灣道",2901.872211797874,709,587,"{'bay_window': '', 'flat_roof': '', 'roof': '', 'ac_platform': '', 'plant_room': '', 'garden': '', 'yard': ''}",4.3,4.3,7325,7325.383304940375,18052801830038,5363918,ASP,HSSW,小西灣,1995/05,1995,31,H,30,1,1,CHEERFUL GARDEN,富怡花園,False
3625,2018-05-25,"CHEERFUL GARDEN(Phase 2),Block 4,SIU SAI WAN RD|富怡花園2期,4座,小西灣道",2537.255844613008,586,484,"{'bay_window': '', 'flat_roof': '', 'roof': '', 'ac_platform': '', 'plant_room': '', 'garden': '', 'yard': ''}",3.1,3.1,6405,6404.9586776859505,18053001040021,5365676,ASP,HSSW,小西灣,1995/05,1995,31,F,1,4,2,CHEERFUL GARDEN,富怡花園,False
3626,2018-05-18,"HIN TSUI HSE(Block A,KAI TSUI COURT),SIU SAI WAN RD|佳翠苑,A座(顯翠閣),小西灣道",3476.5111744112664,596,433,"{'bay_window': '', 'flat_roof': '', 'roof': '', 'ac_platform': '', 'plant_room': '', 'garden': '', 'yard': ''}",3.8,3.8,8776,8775.981524249422,18060500760069,5369072,ASP,HSSW,小西灣,1993/08,1993,33,6,32,A,blank,KAI TSUI COURT,佳翠苑,False
3627,2018-06-05,"YIU TSUI HSE(Block B,KAI TSUI COURT),SIU SAI WAN RD|佳翠苑,B座(耀翠閣),小西灣道",3350.0130603329126,823,598,"{'bay_window': '', 'flat_roof': '', 'roof': '', 'ac_platform': '', 'plant_room': '', 'garden': '', 'yard': ''}",5.16,5.16,8629,8628.76254180602,18061502140138,5376646,ASP,HSSW,小西灣,1993/08,1993,33,3,31,B,blank,KAI TSUI COURT,佳翠苑,False
3628,2018-06-11,"HARMONY GARDEN(Phase 2),Block 6,SIU SAI WAN RD|富欣花園2期,6座,小西灣道",3692.1953471169963,693,592,"{'bay_window': '', 'flat_roof': '', 'roof': '', 'ac_platform': '', 'plant_room': '', 'garden': '', 'yard': ''}",5.63,5.63,9510,9510.135135135135,18061900180043,5377218,ASP,HSSW,小西灣,1997/03,1997,29,H,29,6,2,HARMONY GARDEN,富欣花園,False
3632,2018-06-26,"HARMONY GARDEN(Phase 2),Block 6,SIU SAI WAN RD|富欣花園2期,6座,小西灣道",3585.120723445901,504,431,"{'bay_window': '', 'flat_roof': '', 'roof': '', 'ac_platform': '', 'plant_room': '', 'garden': '', 'yard': ''}",3.98,3.98,9234,9234.338747099768,18071001640249,5392252,ASP,HSSW,小西灣,1997/03,1997,29,F,17,6,2,HARMONY GARDEN,富欣花園,False
3633,2018-06-25,"CHEERFUL GARDEN(Phase 1),Block 3,SIU SAI WAN RD|富怡花園1期,3座,小西灣道",3385.933317436066,716,592,"{'bay_window': '', 'flat_roof': '', 'roof': '', 'ac_platform': '', 'plant_room': '', 'garden': '', 'yard': ''}",5.163,5.163,8721,8721.283783783783,18071101840083,5393373,ASP,HSSW,小西灣,1995/05,1995,31,A,11,3,1,CHEERFUL GARDEN,富怡花園,False
3634,2018-06-23,"YIU TSUI HSE(Block B,KAI TSUI COURT),SIU SAI WAN RD|佳翠苑,B座(耀翠閣),小西灣道",3407.1690559377116,596,433,"{'bay_window': '', 'flat_roof': '', 'roof': '', 'ac_platform': '', 'plant_room': '', 'garden': '', 'yard': ''}",3.8,3.8,8776,8775.981524249422,18071800430029,5397788,MEM-ASP,HSSW,小西灣,1993/08,1993,33,15,4,B,blank,KAI TSUI COURT,佳翠苑,False
3635,2018-08-03,"HARMONY GARDEN(Phase 1),Block 7,SIU SAI WAN RD|富欣花園1期,7座,小西灣道",3515.0286468301815,693,592,"{'bay_window': '', 'flat_roof': '', 'roof': '', 'ac_platform': '', 'plant_room': '', 'garden': '', 'yard': ''}",5.46,5.46,9223,9222.972972972973,18080701830375,5410024,ASP,HSSW,小西灣,1997/03,1997,29,K,22,7,1,HARMONY GARDEN,富欣花園,False
3636,2018-08-01,"HARMONY GARDEN(Phase 1),Block 1,SIU SAI WAN RD|富欣花園1期,1座,小西灣道",3430.9341936815545,504,431,"{'bay_window': '', 'flat_roof': '', 'roof': '', 'ac_platform': '', 'plant_room': '', 'garden': '', 'yard': ''}",3.88,3.88,9002,9002.32018561485,18080702540148,5410248,ASP,HSSW,小西灣,1997/03,1997,29,E,5,1,1,HARMONY GARDEN,富欣花園,False
3637,2018-08-02,"CHEERFUL GARDEN(Phase 1),Block 2,SIU SAI WAN RD|富怡花園1期,2座,小西灣道",3057.9461671141685,716,592,"{'bay_window': '', 'flat_roof': '', 'roof': '', 'ac_platform': '', 'plant_room': '', 'garden': '', 'yard': ''}",4.75,4.75,8024,8023.648648648648,18080802280443,5410908,ASP,HSSW,小西灣,1995/05,1995,31,B,4,2,1,CHEERFUL GARDEN,富怡花園,False
3638,2018-08-20,"HARMONY GARDEN(Phase 2),Block 6,SIU SAI WAN RD|富欣花園2期,6座,小西灣道",3476.4019584034763,693,592,"{'bay_window': '', 'flat_roof': '', 'roof': '', 'ac_platform': '', 'plant_room': '', 'garden': '', 'yard': ''}",5.4,5.4,9122,9121.621621621622,18082900900150,5422425,ASP,HSSW,小西灣,1997/03,1997,29,C,21,6,2,HARMONY GARDEN,富欣花園,False
3639,2018-08-20,"CHEERFUL GARDEN(Phase 1),Block 2,SIU SAI WAN RD|富怡花園1期,2座,小西灣道",4616.0092256509915,584,483,"{'bay_window': '', 'flat_roof': '', 'roof': '', 'ac_platform': '', 'plant_room': '', 'garden': '', 'yard': ''}",5.85,5.85,12112,12111.801242236024,18082902190594,5422792,ASP,HSSW,小西灣,1995/05,1995,31,J,1,2,1,CHEERFUL GARDEN,富怡花園,False
3640,2018-09-18,"HARMONY GARDEN(Phase 2),Block 2,SIU SAI WAN RD|富欣花園2期,2座,小西灣道",3121.6968695960077,693,592,"{'bay_window': '', 'flat_roof': '', 'roof': '', 'ac_platform': '', 'plant_room': '', 'garden': '', 'yard': ''}",4.7,4.7,7939,7939.189189189189,18092402250066,5435636,ASP,HSSW,小西灣,1997/03,1997,29,D,2,2,2,HARMONY GARDEN,富欣花園,False
3643,2018-11-12,"HARMONY GARDEN(Phase 2),Block 3,SIU SAI WAN RD|富欣花園2期,3座,小西灣道",3739.4468721754315,504,431,"{'bay_window': '', 'flat_roof': '', 'roof': '', 'ac_platform': '', 'plant_room': '', 'garden': '', 'yard': ''}",3.88,3.88,9002,9002.32018561485,18112201120146,5463492,ASP,HSSW,小西灣,1997/05,1997,29,F,3,3,2,HARMONY GARDEN,富欣花園,False
3644,2018-11-27,"CHEERFUL GARDEN(Phase 1),Block 3,SIU SAI WAN RD|富怡花園1期,3座,小西灣道",3192.5859782841794,716,592,"{'bay_window': '', 'flat_roof': '', 'roof': '', 'ac_platform': '', 'plant_room': '', 'garden': '', 'yard': ''}",4.55,4.55,7686,7685.810810810811,18113002140045,5468206,ASP,HSSW,小西灣,1995/05,1995,31,C,7,3,1,CHEERFUL GARDEN,富怡花園,False
3645,2018-11-29,"HARMONY GARDEN(Phase 1),Block 8,SIU SAI WAN RD|富欣花園1期,8座,小西灣道",3718.8364142650885,693,592,"{'bay_window': '', 'flat_roof': '', 'roof': '', 'ac_platform': '', 'plant_room': '', 'garden': '', 'yard': ''}",5.3,5.3,8953,8952.702702702703,18121002190057,5471646,ASP,HSSW,小西灣,1997/03,1997,29,D,23,8,1,HARMONY GARDEN,富欣花園,False
3646,2018-11-28,"HARMONY GARDEN(Phase 2),Block 6,SIU SAI WAN RD|富欣花園2期,6座,小西灣道",4047.8548616331987,504,431,"{'bay_window': '', 'flat_roof': '', 'roof': '', 'ac_platform': '', 'plant_room': '', 'garden': '', 'yard': ''}",4.2,4.2,9745,9744.77958236659,18121201910038,5472666,ASP,HSSW,小西灣,1997/03,1997,29,F,15,6,2,HARMONY GARDEN,富欣花園,False
3647,2018-11-26,"CHEERFUL GARDEN(Phase 2),Block 5,SIU SAI WAN RD|富怡花園2期,5座,小西灣道",3508.3362398727254,716,592,"{'bay_window': '', 'flat_roof': '', 'roof': '', 'ac_platform': '', 'plant_room': '', 'garden': '', 'yard': ''}",5.0,5.0,8446,8445.945945945947,18121300780091,5472975,ASP,HSSW,小西灣,1995/05,1995,31,A,16,5,2,CHEERFUL GARDEN,富怡花園,False
3648,2018-12-14,"CHEERFUL GARDEN(Phase 2),Block 4,SIU SAI WAN RD|富怡花園2期,4座,小西灣道",3324.035812181245,716,592,"{'bay_window': '', 'flat_roof': '', 'roof': '', 'ac_platform': '', 'plant_room': '', 'garden': '', 'yard': ''}",4.6,4.6,7770,7770.27027027027,18122700770075,5477602,ASP,HSSW,小西灣,1995/05,1995,31,H,10,4,2,CHEERFUL GARDEN,富怡花園,False
3649,2019-01-04,"CHEERFUL GARDEN(Phase 2),Block 5,SIU SAI WAN RD|富怡花園2期,5座,小西灣道",3785.7513910150624,584,483,"{'bay_window': '', 'flat_roof': '', 'roof': '', 'ac_platform': '', 'plant_room': '', 'garden': '', 'yard': ''}",4.45,4.45,9213,9213.250517598344,19010800510167,5481220,ASP,HSSW,小西灣,1995/05,1995,31,J,37,5,2,CHEERFUL GARDEN,富怡花園,False
3650,2019-02-15,"HARMONY GARDEN(Phase 1),Block 8,SIU SAI WAN RD|富欣花園1期,8座,小西灣道",3676.5169302365202,693,592,"{'bay_window': '', 'flat_roof': '', 'roof': '', 'ac_platform': '', 'plant_room': '', 'garden': '', 'yard': ''}",5.4,5.4,9122,9121.621621621622,19022600600090,5503679,ASP,HSSW,小西灣,1997/03,1997,29,H,10,8,1,HARMONY GARDEN,富欣花園,False
3651,2019-02-28,"CHEERFUL GARDEN(Phase 2),Block 4,SIU SAI WAN RD|富怡花園2期,4座,小西灣道",3094.401749615738,716,592,"{'bay_window': '', 'flat_roof': '', 'roof': '', 'ac_platform': '', 'plant_room': '', 'garden': '', 'yard': ''}",4.545,4.545,7677,7677.364864864865,19030500540114,5506431,ASP,HSSW,小西灣,1995/05,1995,31,G,16,4,2,CHEERFUL GARDEN,富怡花園,False
3652,2019-03-01,"HARMONY GARDEN(Phase 1),Block 7,SIU SAI WAN RD|富欣花園1期,7座,小西灣道",3551.888321734687,693,592,"{'bay_window': '', 'flat_roof': '', 'roof': '', 'ac_platform': '', 'plant_room': '', 'garden': '', 'yard': ''}",5.3,5.3,8953,8952.702702702703,19030801330067,5507934,ASP,HSSW,小西灣,1997/03,1997,29,H,30,7,1,HARMONY GARDEN,富欣花園,False
3653,2019-03-01,"YIU TSUI HSE(Block B,KAI TSUI COURT),SIU SAI WAN RD|佳翠苑,B座(耀翠閣),小西灣道",4581.284340204224,596,433,"{'bay_window': '', 'flat_roof': '', 'roof': '', 'ac_platform': '', 'plant_room': '', 'garden': '', 'yard': ''}",5.0,5.0,11547,11547.344110854503,19031401620102,5510254,ASP,HSSW,小西灣,1993/08,1993,33,15,20,B,blank,KAI TSUI COURT,佳翠苑,False
3654,2019-02-23,"HARMONY GARDEN(Phase 1),Block 7,SIU SAI WAN RD|富欣花園1期,7座,小西灣道",3730.9838477215053,695,592,"{'bay_window': '', 'flat_roof': '', 'roof': '', 'ac_platform': '', 'plant_room': '', 'garden': '', 'yard': ''}",5.48,5.48,9257,9256.756756756757,19031900640059,5511840,PRO-ASP,HSSW,小西灣,1997/03,1997,29,C,19,7,1,HARMONY GARDEN,富欣花園,False
3655,2018-02-24,"HIN TSUI HSE(Block A,KAI TSUI COURT),SIU SAI WAN RD|佳翠苑,A座(顯翠閣),小西灣道",3138.6199010876685,823,598,"{'bay_window': '', 'flat_roof': '', 'roof': '', 'ac_platform': '', 'plant_room': '', 'garden': '', 'yard': ''}",4.6,4.6,7692,7692.307692307692,19032200120012,5513731,PRO-ASP,HSSW,小西灣,1993/08,1993,33,11,4,A,blank,KAI TSUI COURT,佳翠苑,False
3656,2019-03-18,"HARMONY GARDEN(Phase 2),Block 2,SIU SAI WAN RD|富欣花園2期,2座,小西灣道",3774.085424206291,504,431,"{'bay_window': '', 'flat_roof': '', 'roof': '', 'ac_platform': '', 'plant_room': '', 'garden': '', 'yard': ''}",4.1,4.1,9513,9512.76102088167,19032501600456,5515054,ASP,HSSW,小西灣,1997/03,1997,29,A,9,2,2,HARMONY GARDEN,富欣花園,False
3657,2019-03-21,"YIU TSUI HSE(Block B,KAI TSUI COURT),SIU SAI WAN RD|佳翠苑,B座(耀翠閣),小西灣道",3085.0123594595966,823,598,"{'bay_window': '', 'flat_roof': '', 'roof': '', 'ac_platform': '', 'plant_room': '', 'garden': '', 'yard': ''}",4.65,4.65,7776,7775.919732441472,19032800930142,5516999,ASP,HSSW,小西灣,1993/08,1993,33,2,20,B,blank,KAI TSUI COURT,佳翠苑,False
3658,2019-03-27,"HARMONY GARDEN(Phase 2),Block 6,SIU SAI WAN RD|富欣花園2期,6座,小西灣道",3921.366806614342,504,431,"{'bay_window': '', 'flat_roof': '', 'roof': '', 'ac_platform': '', 'plant_room': '', 'garden': '', 'yard': ''}",4.26,4.26,9884,9883.990719257541,19040100530155,5518507,ASP,HSSW,小西灣,1997/03,1997,29,A,25,6,2,HARMONY GARDEN,富欣花園,False
3659,2019-03-28,"CHEERFUL GARDEN(Phase 1),Block 2,SIU SAI WAN RD|富怡花園1期,2座,小西灣道",3819.539111711881,584,483,"{'bay_window': '', 'flat_roof': '', 'roof': '', 'ac_platform': '', 'plant_room': '', 'garden': '', 'yard': ''}",4.65,4.65,9627,9627.329192546584,19040101760021,5518877,ASP,HSSW,小西灣,1995/05,1995,31,J,33,2,1,CHEERFUL GARDEN,富怡花園,False
3660,2019-03-28,"HARMONY GARDEN(Phase 1),Block 7,SIU SAI WAN RD|富欣花園1期,7座,小西灣道",3618.905082522134,693,592,"{'bay_window': '', 'flat_roof': '', 'roof': '', 'ac_platform': '', 'plant_room': '', 'garden': '', 'yard': ''}",5.4,5.4,9122,9121.621621621622,19040300440071,5519925,ASP,HSSW,小西灣,1997/03,1997,29,H,13,7,1,HARMONY GARDEN,富欣花園,False
3661,2019-03-29,"YIU TSUI HSE(Block B,KAI TSUI COURT),SIU SAI WAN RD|佳翠苑,B座(耀翠閣),小西灣道",3077.051037241636,823,598,"{'bay_window': '', 'flat_roof': '', 'roof': '', 'ac_platform': '', 'plant_room': '', 'garden': '', 'yard': ''}",4.638,4.638,7756,7755.852842809364,19040300440115,5519927,ASP,HSSW,小西灣,1993/08,1993,33,11,5,B,blank,KAI TSUI COURT,佳翠苑,False
3662,2019-03-27,"HARMONY GARDEN(Phase 2),Block 6,SIU SAI WAN RD|富欣花園2期,6座,小西灣道",3483.7638458929023,567,484,"{'bay_window': '', 'flat_roof': '', 'roof': '', 'ac_platform': '', 'plant_room': '', 'garden': '', 'yard': ''}",4.25,4.25,8781,8780.99173553719,19040402440265,5521348,ASP,HSSW,小西灣,1997/03,1997,29,E,12,6,2,HARMONY GARDEN,富欣花園,False
3663,2019-03-25,"HARMONY GARDEN(Phase 2),Block 5,SIU SAI WAN RD|富欣花園2期,5座,小西灣道",3350.8380393723464,693,592,"{'bay_window': '', 'flat_roof': '', 'roof': '', 'ac_platform': '', 'plant_room': '', 'garden': '', 'yard': ''}",5.0,5.0,8446,8445.945945945947,19040800960349,5521934,ASP,HSSW,小西灣,1997/03,1997,29,C,1,5,2,HARMONY GARDEN,富欣花園,False
3664,2019-03-29,"HARMONY GARDEN(Phase 2),Block 2,SIU SAI WAN RD|富欣花園2期,2座,小西灣道",3283.8212785848987,693,592,"{'bay_window': '', 'flat_roof': '', 'roof': '', 'ac_platform': '', 'plant_room': '', 'garden': '', 'yard': ''}",4.9,4.9,8277,8277.027027027027,19041101780045,5524564,ASP,HSSW,小西灣,1997/03,1997,29,D,1,2,2,HARMONY GARDEN,富欣花園,False
3665,2019-04-15,"HIN TSUI HSE(Block A,KAI TSUI COURT),SIU SAI WAN RD|佳翠苑,A座(顯翠閣),小西灣道",2876.5252691979404,877,640,"{'bay_window': '', 'flat_roof': '', 'roof': '', 'ac_platform': '', 'plant_room': '', 'garden': '', 'yard': ''}",4.75,4.75,7422,7421.875,19041701260165,5528216,ASP,HSSW,小西灣,1993/08,1993,33,9,16,A,blank,KAI TSUI COURT,佳翠苑,False
3667,2019-04-12,"HARMONY GARDEN(Phase 2),Block 6,SIU SAI WAN RD|富欣花園2期,6座,小西灣道",3528.755892114231,693,592,"{'bay_window': '', 'flat_roof': '', 'roof': '', 'ac_platform': '', 'plant_room': '', 'garden': '', 'yard': ''}",5.39,5.39,9105,9104.72972972973,19041801410023,5529180,ASP,HSSW,小西灣,1997/03,1997,29,H,12,6,2,HARMONY GARDEN,富欣花園,False
3668,2019-04-12,"HARMONY GARDEN(Phase 2),Block 4,SIU SAI WAN RD|富欣花園2期,4座,小西灣道",3707.5770672846184,567,484,"{'bay_window': '', 'flat_roof': '', 'roof': '', 'ac_platform': '', 'plant_room': '', 'garden': '', 'yard': ''}",4.63,4.63,9566,9566.11570247934,19042501210024,5531752,ASP,HSSW,小西灣,1997/03,1997,29,F,16,4,2,HARMONY GARDEN,富欣花園,False
3669,2019-04-18,"HARMONY GARDEN(Phase 2),Block 4,SIU SAI WAN RD|富欣花園2期,4座,小西灣道",3797.177026764849,693,592,"{'bay_window': '', 'flat_roof': '', 'roof': '', 'ac_platform': '', 'plant_room': '', 'garden': '', 'yard': ''}",5.8,5.8,9797,9797.297297297297,19042501850438,5532009,ASP,HSSW,小西灣,1997/03,1997,29,G,23,4,2,HARMONY GARDEN,富欣花園,False
3670,2019-04-16,"HIN TSUI HSE(Block A,KAI TSUI COURT),SIU SAI WAN RD|佳翠苑,A座(顯翠閣),小西灣道",3155.3416687989306,740,538,"{'bay_window': '4', 'flat_roof': '', 'roof': '', 'ac_platform': '', 'plant_room': '', 'garden': '', 'yard': ''}",4.38,4.38,8141,8141.263940520446,19043001900037,5534766,ASP,HSSW,小西灣,1993/08,1993,33,4,34,A,blank,KAI TSUI COURT,佳翠苑,False
3671,2019-04-02,"CHEERFUL GARDEN(Phase 2),Block 5,SIU SAI WAN RD|富怡花園2期,5座,小西灣道",3338.897040775988,716,592,"{'bay_window': '', 'flat_roof': '', 'roof': '', 'ac_platform': '', 'plant_room': '', 'garden': '', 'yard': ''}",5.1,5.1,8615,8614.864864864865,19043002410201,5534890,PRO-ASP,HSSW,小西灣,1995/05,1995,31,H,37,5,2,CHEERFUL GARDEN,富怡花園,False
3672,2019-04-29,"CHEERFUL GARDEN(Phase 1),Block 3,SIU SAI WAN RD|富怡花園1期,3座,小西灣道",3462.0873187464767,521,431,"{'bay_window': '', 'flat_roof': '', 'roof': '', 'ac_platform': '', 'plant_room': '', 'garden': '', 'yard': ''}",3.85,3.85,8933,8932.714617169373,19050602160048,5537510,ASP,HSSW,小西灣,1995/05,1995,31,K,14,3,1,CHEERFUL GARDEN,富怡花園,False
3674,2019-04-26,"CHEERFUL GARDEN(Phase 1),Block 3,SIU SAI WAN RD|富怡花園1期,3座,小西灣道",3273.4284713490083,716,592,"{'bay_window': '', 'flat_roof': '', 'roof': '', 'ac_platform': '', 'plant_room': '', 'garden': '', 'yard': ''}",5.0,5.0,8446,8445.945945945947,19051401980013,5542977,ASP,HSSW,小西灣,1995/05,1995,31,A,17,3,1,CHEERFUL GARDEN,富怡花園,False
3676,2019-05-03,"CHEERFUL GARDEN(Phase 1),Block 2,SIU SAI WAN RD|富怡花園1期,2座,小西灣道",4931.220916749384,716,592,"{'bay_window': '', 'flat_roof': '', 'roof': '', 'ac_platform': '', 'plant_room': '', 'garden': '', 'yard': ''}",7.75,7.75,13091,13091.216216216217,19052801590073,5554095,PRO-ASP,HSSW,小西灣,1995/05,1995,31,G,21,2,1,CHEERFUL GARDEN,富怡花園,False
3677,2019-05-17,"CHEERFUL GARDEN(Phase 1),Block 2,SIU SAI WAN RD|富怡花園1期,2座,小西灣道",3582.2933885547136,716,592,"{'bay_window': '', 'flat_roof': '', 'roof': '', 'ac_platform': '', 'plant_room': '', 'garden': '', 'yard': ''}",5.63,5.63,9510,9510.135135135135,19053101260123,5557334,ASP,HSSW,小西灣,1995/05,1995,31,G,11,2,1,CHEERFUL GARDEN,富怡花園,False
3678,2019-05-21,"HIN TSUI HSE(Block A,KAI TSUI COURT),SIU SAI WAN RD|佳翠苑,A座(顯翠閣),小西灣道",2905.6298233049256,740,538,"{'bay_window': '4', 'flat_roof': '', 'roof': '', 'ac_platform': '', 'plant_room': '', 'garden': '', 'yard': ''}",4.15,4.15,7714,7713.75464684015,19053101260144,5557335,ASP,HSSW,小西灣,1993/08,1993,33,13,17,A,blank,KAI TSUI COURT,佳翠苑,False
3679,2019-05-23,"HARMONY GARDEN(Phase 2),Block 3,SIU SAI WAN RD|富欣花園2期,3座,小西灣道",3830.445150816941,693,592,"{'bay_window': '', 'flat_roof': '', 'roof': '', 'ac_platform': '', 'plant_room': '', 'garden': '', 'yard': ''}",6.02,6.02,10169,10168.918918918918,19060400570126,5559123,ASP,HSSW,小西灣,1997/05,1997,29,J,28,3,2,HARMONY GARDEN,富欣花園,False
3680,2019-05-31,"HARMONY GARDEN(Phase 1),Block 8,SIU SAI WAN RD|富欣花園1期,8座,小西灣道",3563.2047914576196,693,592,"{'bay_window': '', 'flat_roof': '', 'roof': '', 'ac_platform': '', 'plant_room': '', 'garden': '', 'yard': ''}",5.6,5.6,9459,9459.45945945946,19060501790424,5560395,ASP,HSSW,小西灣,1997/03,1997,29,C,24,8,1,HARMONY GARDEN,富欣花園,False
3681,2019-06-10,"HARMONY GARDEN(Phase 2),Block 2,SIU SAI WAN RD|富欣花園2期,2座,小西灣道",4025.455183781326,693,592,"{'bay_window': '', 'flat_roof': '', 'roof': '', 'ac_platform': '', 'plant_room': '', 'garden': '', 'yard': ''}",6.25,6.25,10557,10557.432432432432,19061300150145,5564112,ASP,HSSW,小西灣,1997/03,1997,29,J,17,2,2,HARMONY GARDEN,富欣花園,False
3682,2019-06-12,"HIN TSUI HSE(Block A,KAI TSUI COURT),SIU SAI WAN RD|佳翠苑,A座(顯翠閣),小西灣道",3060.530689025556,823,598,"{'bay_window': '', 'flat_roof': '', 'roof': '', 'ac_platform': '', 'plant_room': '', 'garden': '', 'yard': ''}",4.8,4.8,8027,8026.755852842809,19061801450052,5566938,ASP,HSSW,小西灣,1993/08,1993,33,11,12,A,blank,KAI TSUI COURT,佳翠苑,False
3684,2019-06-13,"HIN TSUI HSE(Block A,KAI TSUI COURT),SIU SAI WAN RD|佳翠苑,A座(顯翠閣),小西灣道",3033.3196509911595,740,538,"{'bay_window': '4', 'flat_roof': '', 'roof': '', 'ac_platform': '', 'plant_room': '', 'garden': '', 'yard': ''}",4.28,4.28,7955,7955.390334572491,19062602710214,5572354,ASP,HSSW,小西灣,1993/08,1993,33,5,31,A,blank,KAI TSUI COURT,佳翠苑,False
3685,2019-06-02,"CHEERFUL GARDEN(Phase 1),Block 3,SIU SAI WAN RD|富怡花園1期,3座,小西灣道",3284.771429965562,716,592,"{'bay_window': '', 'flat_roof': '', 'roof': '', 'ac_platform': '', 'plant_room': '', 'garden': '', 'yard': ''}",5.1,5.1,8615,8614.864864864865,19062700700064,5572671,PRO-ASP,HSSW,小西灣,1995/05,1995,31,C,8,3,1,CHEERFUL GARDEN,富怡花園,False
3686,2019-06-25,"HARMONY GARDEN(Phase 2),Block 5,SIU SAI WAN RD|富欣花園2期,5座,小西灣道",4057.658825251577,693,592,"{'bay_window': '', 'flat_roof': '', 'roof': '', 'ac_platform': '', 'plant_room': '', 'garden': '', 'yard': ''}",6.3,6.3,10642,10641.891891891892,19062801970364,5574005,ASP,HSSW,小西灣,1997/03,1997,29,G,24,5,2,HARMONY GARDEN,富欣花園,False
3688,2019-07-08,"HARMONY GARDEN(Phase 2),Block 2,SIU SAI WAN RD|富欣花園2期,2座,小西灣道",4109.324234493921,567,484,"{'bay_window': '', 'flat_roof': '', 'roof': '', 'ac_platform': '', 'plant_room': '', 'garden': '', 'yard': ''}",5.25,5.25,10847,10847.107438016528,19073102130014,5590482,PRO-ASP,HSSW,小西灣,1997/03,1997,29,B,8,2,2,HARMONY GARDEN,富欣花園,False
3689,2019-06-25,"HARMONY GARDEN(Phase 2),Block 6,SIU SAI WAN RD|富欣花園2期,6座,小西灣道",4865.663880609559,504,431,"{'bay_window': '', 'flat_roof': '', 'roof': '', 'ac_platform': '', 'plant_room': '', 'garden': '', 'yard': ''}",5.5,5.5,12761,12761.020881670534,19080700760058,5593601,ASP,HSSW,小西灣,1997/03,1997,29,F,1,6,2,HARMONY GARDEN,富欣花園,False
3690,2019-07-31,"CHEERFUL GARDEN(Phase 1),Block 2,SIU SAI WAN RD|富怡花園1期,2座,小西灣道",3679.6169062408567,716,592,"{'bay_window': '', 'flat_roof': '', 'roof': '', 'ac_platform': '', 'plant_room': '', 'garden': '', 'yard': ''}",5.75,5.75,9713,9712.837837837838,19081600370087,5599072,ASP,HSSW,小西灣,1995/05,1995,31,C,27,2,1,CHEERFUL GARDEN,富怡花園,False
3691,2019-08-09,"YIU TSUI HSE(Block B,KAI TSUI COURT),SIU SAI WAN RD|佳翠苑,B座(耀翠閣),小西灣道",4505.7775587616525,737,538,"{'bay_window': '', 'flat_roof': '', 'roof': '', 'ac_platform': '', 'plant_room': '', 'garden': '', 'yard': ''}",6.59,6.59,12249,12249.07063197026,19081600760197,5599228,ASP,HSSW,小西灣,1993/08,1993,33,12,38,B,blank,KAI TSUI COURT,佳翠苑,False
3692,2019-08-09,"CHEERFUL GARDEN(Phase 2),Block 5,SIU SAI WAN RD|富怡花園2期,5座,小西灣道",3715.7465737271714,716,592,"{'bay_window': '', 'flat_roof': '', 'roof': '', 'ac_platform': '', 'plant_room': '', 'garden': '', 'yard': ''}",5.98,5.98,10101,10101.351351351352,19081600890023,5599247,ASP,HSSW,小西灣,1995/05,1995,31,A,36,5,2,CHEERFUL GARDEN,富怡花園,False
3695,2019-08-21,"CHEERFUL GARDEN(Phase 1),Block 1,SIU SAI WAN RD|富怡花園1期,1座,小西灣道",3497.556728863867,517,427,"{'bay_window': '', 'flat_roof': '', 'roof': '', 'ac_platform': '', 'plant_room': '', 'garden': '', 'yard': ''}",4.06,4.06,9508,9508.196721311475,19091300660206,5611561,PRO-ASP,HSSW,小西灣,1995/05,1995,31,A,13,1,1,CHEERFUL GARDEN,富怡花園,False
3697,2019-09-10,"HARMONY GARDEN(Phase 1),Block 7,SIU SAI WAN RD|富欣花園1期,7座,小西灣道",3240.188421538475,693,592,"{'bay_window': '', 'flat_roof': '', 'roof': '', 'ac_platform': '', 'plant_room': '', 'garden': '', 'yard': ''}",4.88,4.88,8243,8243.243243243243,19092602150213,5617151,ASP,HSSW,小西灣,1997/03,1997,29,J,2,7,1,HARMONY GARDEN,富欣花園,False
3698,2019-09-17,"YIU TSUI HSE(Block B,KAI TSUI COURT),SIU SAI WAN RD|佳翠苑,B座(耀翠閣),小西灣道",5219.778795913455,596,433,"{'bay_window': '', 'flat_roof': '', 'roof': '', 'ac_platform': '', 'plant_room': '', 'garden': '', 'yard': ''}",5.75,5.75,13279,13279.445727482678,19100300580164,5619835,ASP,HSSW,小西灣,1993/08,1993,33,7,36,B,blank,KAI TSUI COURT,佳翠苑,False
3699,2019-09-30,"CHEERFUL GARDEN(Phase 1),Block 1,SIU SAI WAN RD|富怡花園1期,1座,小西灣道",3214.2176874087922,709,587,"{'bay_window': '', 'flat_roof': '', 'roof': '', 'ac_platform': '', 'plant_room': '', 'garden': '', 'yard': ''}",4.8,4.8,8177,8177.172061328791,19100401060027,5620756,ASP,HSSW,小西灣,1995/05,1995,31,D,15,1,1,CHEERFUL GARDEN,富怡花園,False
3700,2019-09-30,"CHEERFUL GARDEN(Phase 1),Block 2,SIU SAI WAN RD|富怡花園1期,2座,小西灣道",3511.2003396459295,521,431,"{'bay_window': '', 'flat_roof': '', 'roof': '', 'ac_platform': '', 'plant_room': '', 'garden': '', 'yard': ''}",3.85,3.85,8933,8932.714617169373,19100401850102,5621023,ASP,HSSW,小西灣,1995/05,1995,31,K,22,2,1,CHEERFUL GARDEN,富怡花園,False
3701,2019-09-27,"YIU TSUI HSE(Block B,KAI TSUI COURT),SIU SAI WAN RD|佳翠苑,B座(耀翠閣),小西灣道",4667.730451519565,877,640,"{'bay_window': '', 'flat_roof': '', 'roof': '', 'ac_platform': '', 'plant_room': '', 'garden': '', 'yard': ''}",7.6,7.6,11875,11875.0,19100801910029,5621913,ASP,HSSW,小西灣,1993/08,1993,33,9,4,B,blank,KAI TSUI COURT,佳翠苑,False
3702,2019-10-09,"HARMONY GARDEN(Phase 2),Block 2,SIU SAI WAN RD|富欣花園2期,2座,小西灣道",3908.331169091087,693,592,"{'bay_window': '', 'flat_roof': '', 'roof': '', 'ac_platform': '', 'plant_room': '', 'garden': '', 'yard': ''}",5.88,5.88,9932,9932.432432432432,19101702300233,5628075,PRO-ASP,HSSW,小西灣,1997/03,1997,29,G,20,2,2,HARMONY GARDEN,富欣花園,False
3703,2019-10-16,"HARMONY GARDEN(Phase 2),Block 2,SIU SAI WAN RD|富欣花園2期,2座,小西灣道",3562.696439851739,693,592,"{'bay_window': '', 'flat_roof': '', 'roof': '', 'ac_platform': '', 'plant_room': '', 'garden': '', 'yard': ''}",5.36,5.36,9054,9054.054054054053,19103002340342,5633797,ASP,HSSW,小西灣,1997/03,1997,29,H,6,2,2,HARMONY GARDEN,富欣花園,False
3706,2019-11-11,"CHEERFUL GARDEN(Phase 1),Block 1,SIU SAI WAN RD|富怡花園1期,1座,小西灣道",3879.2443377343575,580,480,"{'bay_window': '', 'flat_roof': '', 'roof': '', 'ac_platform': '', 'plant_room': '', 'garden': '', 'yard': ''}",4.88,4.88,10167,10166.666666666666,19111502060135,5640396,ASP,HSSW,小西灣,1995/05,1995,31,B,21,1,1,CHEERFUL GARDEN,富怡花園,False
3707,2019-10-31,"CHEERFUL GARDEN(Phase 2),Block 5,SIU SAI WAN RD|富怡花園2期,5座,小西灣道",3655.751943877717,716,592,"{'bay_window': '', 'flat_roof': '', 'roof': '', 'ac_platform': '', 'plant_room': '', 'garden': '', 'yard': ''}",5.5,5.5,9291,9290.54054054054,19111900150143,5641185,PRO-ASP,HSSW,小西灣,1995/05,1995,31,C,22,5,2,CHEERFUL GARDEN,富怡花園,False
3708,2019-11-12,"HARMONY GARDEN(Phase 1),Block 1,SIU SAI WAN RD|富欣花園1期,1座,小西灣道",3806.7971516316015,504,431,"{'bay_window': '', 'flat_roof': '', 'roof': '', 'ac_platform': '', 'plant_room': '', 'garden': '', 'yard': ''}",4.3,4.3,9977,9976.798143851509,19111901700039,5641633,ASP,HSSW,小西灣,1997/03,1997,29,E,12,1,1,HARMONY GARDEN,富欣花園,False
3710,2019-11-27,"HARMONY GARDEN(Phase 2),Block 6,SIU SAI WAN RD|富欣花園2期,6座,小西灣道",3609.3988078166385,693,592,"{'bay_window': '', 'flat_roof': '', 'roof': '', 'ac_platform': '', 'plant_room': '', 'garden': '', 'yard': ''}",5.6,5.6,9459,9459.45945945946,19120300390026,5648541,ASP,HSSW,小西灣,1997/03,1997,29,K,4,6,2,HARMONY GARDEN,富欣花園,False
3711,2019-11-28,"HARMONY GARDEN(Phase 2),Block 2,SIU SAI WAN RD|富欣花園2期,2座,小西灣道",3891.705357428011,693,592,"{'bay_window': '', 'flat_roof': '', 'roof': '', 'ac_platform': '', 'plant_room': '', 'garden': '', 'yard': ''}",6.038,6.038,10199,10199.324324324325,19120300730068,5648614,ASP,HSSW,小西灣,1997/03,1997,29,C,7,2,2,HARMONY GARDEN,富欣花園,False
3712,2019-11-29,"CHEERFUL GARDEN(Phase 2),Block 4,SIU SAI WAN RD|富怡花園2期,4座,小西灣道",3383.811382328098,716,592,"{'bay_window': '', 'flat_roof': '', 'roof': '', 'ac_platform': '', 'plant_room': '', 'garden': '', 'yard': ''}",5.25,5.25,8868,8868.243243243243,19120901800171,5650850,ASP,HSSW,小西灣,1995/05,1995,31,G,3,4,2,CHEERFUL GARDEN,富怡花園,False
3713,2019-12-02,"HIN TSUI HSE(Block A,KAI TSUI COURT),SIU SAI WAN RD|佳翠苑,A座(顯翠閣),小西灣道",3432.6517065626135,877,640,"{'bay_window': '', 'flat_roof': '', 'roof': '', 'ac_platform': '', 'plant_room': '', 'garden': '', 'yard': ''}",5.45,5.45,8516,8515.625,19121100150271,5651534,ASP,HSSW,小西灣,1993/08,1993,33,9,34,A,blank,KAI TSUI COURT,佳翠苑,False
3715,2019-11-15,"HARMONY GARDEN(Phase 2),Block 3,SIU SAI WAN RD|富欣花園2期,3座,小西灣道",3931.6665585145515,693,592,"{'bay_window': '', 'flat_roof': '', 'roof': '', 'ac_platform': '', 'plant_room': '', 'garden': '', 'yard': ''}",6.1,6.1,10304,10304.054054054053,19121300960060,5652617,PRO-ASP,HSSW,小西灣,1997/05,1997,29,J,25,3,2,HARMONY GARDEN,富欣花園,False
3717,2019-12-09,"YIU TSUI HSE(Block B,KAI TSUI COURT),SIU SAI WAN RD|佳翠苑,B座(耀翠閣),小西灣道",3134.4762292443734,823,598,"{'bay_window': '', 'flat_roof': '', 'roof': '', 'ac_platform': '', 'plant_room': '', 'garden': '', 'yard': ''}",4.65,4.65,7776,7775.919732441472,19121700600203,5653520,ASP,HSSW,小西灣,1993/08,1993,33,11,4,B,blank,KAI TSUI COURT,佳翠苑,False
3718,2019-12-18,"YIU TSUI HSE(Block B,KAI TSUI COURT),SIU SAI WAN RD|佳翠苑,B座(耀翠閣),小西灣道",3437.812638526087,823,598,"{'bay_window': '', 'flat_roof': '', 'roof': '', 'ac_platform': '', 'plant_room': '', 'garden': '', 'yard': ''}",5.1,5.1,8528,8528.428093645485,19122000780326,5655165,ASP,HSSW,小西灣,1993/08,1993,33,10,15,B,blank,KAI TSUI COURT,佳翠苑,False
3720,2020-01-10,"HARMONY GARDEN(Phase 1),Block 1,SIU SAI WAN RD|富欣花園1期,1座,小西灣道",4069.2100027187594,693,592,"{'bay_window': '', 'flat_roof': '', 'roof': '', 'ac_platform': '', 'plant_room': '', 'garden': '', 'yard': ''}",6.12,6.12,10338,10337.837837837838,20012101060062,5665286,ASP,HSSW,小西灣,1997/03,1997,29,A,13,1,1,HARMONY GARDEN,富欣花園,False
3721,2020-01-20,"HARMONY GARDEN(Phase 2),Block 2,SIU SAI WAN RD|富欣花園2期,2座,小西灣道",3936.2292836756624,693,592,"{'bay_window': '', 'flat_roof': '', 'roof': '', 'ac_platform': '', 'plant_room': '', 'garden': '', 'yard': ''}",5.92,5.92,10000,10000.0,20020300102439,5667533,ASP,HSSW,小西灣,1997/03,1997,29,G,19,2,2,HARMONY GARDEN,富欣花園,False
3724,2020-02-04,"CHEERFUL GARDEN(Phase 1),Block 3,SIU SAI WAN RD|富怡花園1期,3座,小西灣道",3898.1529322075266,716,592,"{'bay_window': '', 'flat_roof': '', 'roof': '', 'ac_platform': '', 'plant_room': '', 'garden': '', 'yard': ''}",5.7,5.7,9628,9628.378378378378,20020701080028,5671304,ASP,HSSW,小西灣,1995/05,1995,31,H,26,3,1,CHEERFUL GARDEN,富怡花園,False
3725,2020-02-10,"HIN TSUI HSE(Block A,KAI TSUI COURT),SIU SAI WAN RD|佳翠苑,A座(顯翠閣),小西灣道",3627.851934347636,596,433,"{'bay_window': '', 'flat_roof': '', 'roof': '', 'ac_platform': '', 'plant_room': '', 'garden': '', 'yard': ''}",3.88,3.88,8961,8960.739030023095,20021401430646,5674713,ASP,HSSW,小西灣,1993/08,1993,33,15,27,A,blank,KAI TSUI COURT,佳翠苑,False
3726,2020-01-25,"HARMONY GARDEN(Phase 2),Block 4,SIU SAI WAN RD|富欣花園2期,4座,小西灣道",5219.493222441545,693,592,"{'bay_window': '', 'flat_roof': '', 'roof': '', 'ac_platform': '', 'plant_room': '', 'garden': '', 'yard': ''}",7.85,7.85,13260,13260.135135135135,20022401090182,5677934,PRO-ASP,HSSW,小西灣,1997/03,1997,29,B,4,4,2,HARMONY GARDEN,富欣花園,False
3728,2020-02-26,"HARMONY GARDEN(Phase 1),Block 7,SIU SAI WAN RD|富欣花園1期,7座,小西灣道",4227.084874588209,504,431,"{'bay_window': '', 'flat_roof': '', 'roof': '', 'ac_platform': '', 'plant_room': '', 'garden': '', 'yard': ''}",4.5,4.5,10441,10440.835266821347,20030501140034,5681447,ASP,HSSW,小西灣,1997/03,1997,29,F,21,7,1,HARMONY GARDEN,富欣花園,False
3729,2020-02-15,"HARMONY GARDEN(Phase 2),Block 3,SIU SAI WAN RD|富欣花園2期,3座,小西灣道",4103.318876007923,693,592,"{'bay_window': '', 'flat_roof': '', 'roof': '', 'ac_platform': '', 'plant_room': '', 'garden': '', 'yard': ''}",6.0,6.0,10135,10135.135135135135,20031100410106,5683204,PRO-ASP,HSSW,小西灣,1997/05,1997,29,J,17,3,2,HARMONY GARDEN,富欣花園,False
3731,2020-03-20,"HARMONY GARDEN(Phase 2),Block 5,SIU SAI WAN RD|富欣花園2期,5座,小西灣道",4366.678124767911,567,484,"{'bay_window': '', 'flat_roof': '', 'roof': '', 'ac_platform': '', 'plant_room': '', 'garden': '', 'yard': ''}",5.4,5.4,11157,11157.02479338843,20032501540045,5688351,ASP,HSSW,小西灣,1997/03,1997,29,B,27,5,2,HARMONY GARDEN,富欣花園,False
3732,2020-03-20,"HARMONY GARDEN(Phase 2),Block 4,SIU SAI WAN RD|富欣花園2期,4座,小西灣道",3801.446828462556,693,592,"{'bay_window': '', 'flat_roof': '', 'roof': '', 'ac_platform': '', 'plant_room': '', 'garden': '', 'yard': ''}",5.75,5.75,9713,9712.837837837838,20032700040045,5689080,ASP,HSSW,小西灣,1997/03,1997,29,B,5,4,2,HARMONY GARDEN,富欣花園,False
3733,2020-03-15,"YIU TSUI HSE(Block B,KAI TSUI COURT),SIU SAI WAN RD|佳翠苑,B座(耀翠閣),小西灣道",3273.6558432274924,740,538,"{'bay_window': '4', 'flat_roof': '', 'roof': '', 'ac_platform': '', 'plant_room': '', 'garden': '', 'yard': ''}",4.5,4.5,8364,8364.312267657993,20033001120114,5690018,PRO-ASP,HSSW,小西灣,1993/08,1993,33,16,27,B,blank,KAI TSUI COURT,佳翠苑,False
3734,2020-03-25,"HARMONY GARDEN(Phase 1),Block 7,SIU SAI WAN RD|富欣花園1期,7座,小西灣道",4269.640833106403,567,484,"{'bay_window': '', 'flat_roof': '', 'roof': '', 'ac_platform': '', 'plant_room': '', 'garden': '', 'yard': ''}",5.28,5.28,10909,10909.09090909091,20033100780075,5690480,ASP,HSSW,小西灣,1997/03,1997,29,E,26,7,1,HARMONY GARDEN,富欣花園,False
3735,2020-04-08,"HARMONY GARDEN(Phase 1),Block 1,SIU SAI WAN RD|富欣花園1期,1座,小西灣道",4215.195814800846,693,592,"{'bay_window': '', 'flat_roof': '', 'roof': '', 'ac_platform': '', 'plant_room': '', 'garden': '', 'yard': ''}",6.2,6.2,10473,10472.972972972973,20041601660058,5696825,ASP,HSSW,小西灣,1997/03,1997,29,D,13,1,1,HARMONY GARDEN,富欣花園,False
3736,2020-04-09,"HARMONY GARDEN(Phase 2),Block 2,SIU SAI WAN RD|富欣花園2期,2座,小西灣道",4317.176358707318,693,592,"{'bay_window': '', 'flat_roof': '', 'roof': '', 'ac_platform': '', 'plant_room': '', 'garden': '', 'yard': ''}",6.35,6.35,10726,10726.351351351352,20041701800055,5697471,ASP,HSSW,小西灣,1997/03,1997,29,K,7,2,2,HARMONY GARDEN,富欣花園,False
3737,2020-04-17,"CHEERFUL GARDEN(Phase 1),Block 3,SIU SAI WAN RD|富怡花園1期,3座,小西灣道",3847.40333812284,521,431,"{'bay_window': '', 'flat_roof': '', 'roof': '', 'ac_platform': '', 'plant_room': '', 'garden': '', 'yard': ''}",4.12,4.12,9559,9559.164733178653,20042101110014,5698329,ASP,HSSW,小西灣,1995/05,1995,31,K,25,3,1,CHEERFUL GARDEN,富怡花園,False
3738,2020-03-06,"HARMONY GARDEN(Phase 2),Block 3,SIU SAI WAN RD|富欣花園2期,3座,小西灣道",3206.437759659721,693,592,"{'bay_window': '', 'flat_roof': '', 'roof': '', 'ac_platform': '', 'plant_room': '', 'garden': '', 'yard': ''}",4.85,4.85,8193,8192.567567567568,20042701520603,5700502,PRO-ASP,HSSW,小西灣,1997/05,1997,29,D,1,3,2,HARMONY GARDEN,富欣花園,False
3740,2020-04-24,"CHEERFUL GARDEN(Phase 2),Block 4,SIU SAI WAN RD|富怡花園2期,4座,小西灣道",3739.2866099039757,716,592,"{'bay_window': '', 'flat_roof': '', 'roof': '', 'ac_platform': '', 'plant_room': '', 'garden': '', 'yard': ''}",5.5,5.5,9291,9290.54054054054,20050801550173,5704012,ASP,HSSW,小西灣,1995/05,1995,31,G,14,4,2,CHEERFUL GARDEN,富怡花園,False
3742,2020-04-21,"YIU TSUI HSE(Block B,KAI TSUI COURT),SIU SAI WAN RD|佳翠苑,B座(耀翠閣),小西灣道",3343.7066949765126,823,598,"{'bay_window': '', 'flat_roof': '', 'roof': '', 'ac_platform': '', 'plant_room': '', 'garden': '', 'yard': ''}",4.968,4.968,8308,8307.692307692309,20051200310085,5704902,PRO-ASP,HSSW,小西灣,1993/08,1993,33,10,9,B,blank,KAI TSUI COURT,佳翠苑,False
3743,2020-05-05,"HARMONY GARDEN(Phase 1),Block 1,SIU SAI WAN RD|富欣花園1期,1座,小西灣道",4364.6056963148385,693,592,"{'bay_window': '', 'flat_roof': '', 'roof': '', 'ac_platform': '', 'plant_room': '', 'garden': '', 'yard': ''}",6.638,6.638,11213,11212.837837837838,20051201130058,5705080,ASP,HSSW,小西灣,1997/03,1997,29,G,1,1,1,HARMONY GARDEN,富欣花園,False
3744,2020-05-08,"HARMONY GARDEN(Phase 2),Block 3,SIU SAI WAN RD|富欣花園2期,3座,小西灣道",3616.350004479001,693,592,"{'bay_window': '', 'flat_roof': '', 'roof': '', 'ac_platform': '', 'plant_room': '', 'garden': '', 'yard': ''}",5.5,5.5,9291,9290.54054054054,20051300780089,5705727,ASP,HSSW,小西灣,1997/05,1997,29,C,2,3,2,HARMONY GARDEN,富欣花園,False
3745,2020-05-08,"YIU TSUI HSE(Block B,KAI TSUI COURT),SIU SAI WAN RD|佳翠苑,B座(耀翠閣),小西灣道",5303.878772053016,596,433,"{'bay_window': '', 'flat_roof': '', 'roof': '', 'ac_platform': '', 'plant_room': '', 'garden': '', 'yard': ''}",5.9,5.9,13626,13625.866050808314,20051401650025,5706616,ASP,HSSW,小西灣,1993/08,1993,33,15,31,B,blank,KAI TSUI COURT,佳翠苑,False
3747,2020-05-26,"YIU TSUI HSE(Block B,KAI TSUI COURT),SIU SAI WAN RD|佳翠苑,B座(耀翠閣),小西灣道",2994.2366470651314,823,598,"{'bay_window': '', 'flat_roof': '', 'roof': '', 'ac_platform': '', 'plant_room': '', 'garden': '', 'yard': ''}",4.6,4.6,7692,7692.307692307692,20052900310032,5714202,ASP,HSSW,小西灣,1993/08,1993,33,10,14,B,blank,KAI TSUI COURT,佳翠苑,False
3749,2020-06-02,"YIU TSUI HSE(Block B,KAI TSUI COURT),SIU SAI WAN RD|佳翠苑,B座(耀翠閣),小西灣道",3190.3837841105983,740,538,"{'bay_window': '4', 'flat_roof': '', 'roof': '', 'ac_platform': '', 'plant_room': '', 'garden': '', 'yard': ''}",4.358,4.358,8100,8100.371747211896,20060501010025,5718269,ASP,HSSW,小西灣,1993/08,1993,33,16,2,B,blank,KAI TSUI COURT,佳翠苑,False
3750,2020-06-01,"HARMONY GARDEN(Phase 2),Block 3,SIU SAI WAN RD|富欣花園2期,3座,小西灣道",3659.139458181621,693,592,"{'bay_window': '', 'flat_roof': '', 'roof': '', 'ac_platform': '', 'plant_room': '', 'garden': '', 'yard': ''}",5.5,5.5,9291,9290.54054054054,20060501810537,5718499,ASP,HSSW,小西灣,1997/05,1997,29,J,8,3,2,HARMONY GARDEN,富欣花園,False
3751,2020-06-03,"YIU TSUI HSE(Block B,KAI TSUI COURT),SIU SAI WAN RD|佳翠苑,B座(耀翠閣),小西灣道",4491.856545297435,742,541,"{'bay_window': '', 'flat_roof': '', 'roof': '', 'ac_platform': '', 'plant_room': '', 'garden': '', 'yard': ''}",6.17,6.17,11405,11404.805914972274,20062601150020,5729717,MEM-ASP,HSSW,小西灣,1993/08,1993,33,8,27,B,blank,KAI TSUI COURT,佳翠苑,False
3752,2020-06-19,"YIU TSUI HSE(Block B,KAI TSUI COURT),SIU SAI WAN RD|佳翠苑,B座(耀翠閣),小西灣道",3294.338464547428,737,538,"{'bay_window': '', 'flat_roof': '', 'roof': '', 'ac_platform': '', 'plant_room': '', 'garden': '', 'yard': ''}",4.5,4.5,8364,8364.312267657993,20062900990013,5730456,ASP,HSSW,小西灣,1993/08,1993,33,8,34,B,blank,KAI TSUI COURT,佳翠苑,False
3753,2020-06-26,"YIU TSUI HSE(Block B,KAI TSUI COURT),SIU SAI WAN RD|佳翠苑,B座(耀翠閣),小西灣道",2856.541396804642,748,546,"{'bay_window': '', 'flat_roof': '', 'roof': '', 'ac_platform': '', 'plant_room': '', 'garden': '', 'yard': ''}",3.96,3.96,7253,7252.747252747253,20070700540107,5734273,ASP,HSSW,小西灣,1993/08,1993,33,8,1,B,blank,KAI TSUI COURT,佳翠苑,False
3754,2020-06-29,"CHEERFUL GARDEN(Phase 1),Block 2,SIU SAI WAN RD|富怡花園1期,2座,小西灣道",3965.1765765022665,716,592,"{'bay_window': '', 'flat_roof': '', 'roof': '', 'ac_platform': '', 'plant_room': '', 'garden': '', 'yard': ''}",5.96,5.96,10068,10067.567567567568,20071401850023,5738704,ASP,HSSW,小西灣,1995/05,1995,31,D,38,2,1,CHEERFUL GARDEN,富怡花園,False
3755,2020-07-03,"HARMONY GARDEN(Phase 2),Block 5,SIU SAI WAN RD|富欣花園2期,5座,小西灣道",3917.74386192102,504,431,"{'bay_window': '', 'flat_roof': '', 'roof': '', 'ac_platform': '', 'plant_room': '', 'garden': '', 'yard': ''}",4.3,4.3,9977,9976.798143851509,20071601680088,5740198,ASP,HSSW,小西灣,1997/03,1997,29,F,3,5,2,HARMONY GARDEN,富欣花園,False
3756,2020-07-17,"HARMONY GARDEN(Phase 2),Block 3,SIU SAI WAN RD|富欣花園2期,3座,小西灣道",4218.935010252445,567,484,"{'bay_window': '', 'flat_roof': '', 'roof': '', 'ac_platform': '', 'plant_room': '', 'garden': '', 'yard': ''}",5.2,5.2,10744,10743.801652892562,20072201460060,5743613,ASP,HSSW,小西灣,1997/05,1997,29,E,28,3,2,HARMONY GARDEN,富欣花園,False
3757,2020-07-24,"HARMONY GARDEN(Phase 2),Block 3,SIU SAI WAN RD|富欣花園2期,3座,小西灣道",4032.986107513668,693,592,"{'bay_window': '', 'flat_roof': '', 'roof': '', 'ac_platform': '', 'plant_room': '', 'garden': '', 'yard': ''}",6.08,6.08,10270,10270.27027027027,20081200490084,5754450,ASP,HSSW,小西灣,1997/05,1997,29,G,24,3,2,HARMONY GARDEN,富欣花園,False
3758,2020-08-11,"HARMONY GARDEN(Phase 2),Block 3,SIU SAI WAN RD|富欣花園2期,3座,小西灣道",4095.682960274948,693,592,"{'bay_window': '', 'flat_roof': '', 'roof': '', 'ac_platform': '', 'plant_room': '', 'garden': '', 'yard': ''}",5.98,5.98,10101,10101.351351351352,20081700800158,5756903,ASP,HSSW,小西灣,1997/05,1997,29,C,4,3,2,HARMONY GARDEN,富欣花園,False
3759,2020-08-20,"CHEERFUL GARDEN(Phase 1),Block 2,SIU SAI WAN RD|富怡花園1期,2座,小西灣道",3801.177329352168,716,592,"{'bay_window': '', 'flat_roof': '', 'roof': '', 'ac_platform': '', 'plant_room': '', 'garden': '', 'yard': ''}",5.55,5.55,9375,9375.0,20090100750141,5765196,ASP,HSSW,小西灣,1995/05,1995,31,D,21,2,1,CHEERFUL GARDEN,富怡花園,False
3760,2020-08-28,"HARMONY GARDEN(Phase 2),Block 3,SIU SAI WAN RD|富欣花園2期,3座,小西灣道",4251.454533655593,567,484,"{'bay_window': '', 'flat_roof': '', 'roof': '', 'ac_platform': '', 'plant_room': '', 'garden': '', 'yard': ''}",5.075,5.075,10486,10485.537190082645,20090300790018,5766710,ASP,HSSW,小西灣,1997/05,1997,29,E,15,3,2,HARMONY GARDEN,富欣花園,False
3761,2020-09-11,"HARMONY GARDEN(Phase 1),Block 8,SIU SAI WAN RD|富欣花園1期,8座,小西灣道",4127.657647895946,693,592,"{'bay_window': '', 'flat_roof': '', 'roof': '', 'ac_platform': '', 'plant_room': '', 'garden': '', 'yard': ''}",6.2,6.2,10473,10472.972972972973,20091700320078,5775188,ASP,HSSW,小西灣,1997/03,1997,29,C,20,8,1,HARMONY GARDEN,富欣花園,False
3762,2020-09-16,"HARMONY GARDEN(Phase 2),Block 2,SIU SAI WAN RD|富欣花園2期,2座,小西灣道",3894.644716159884,693,592,"{'bay_window': '', 'flat_roof': '', 'roof': '', 'ac_platform': '', 'plant_room': '', 'garden': '', 'yard': ''}",5.85,5.85,9882,9881.756756756757,20092300290381,5778463,ASP,HSSW,小西灣,1997/03,1997,29,C,9,2,2,HARMONY GARDEN,富欣花園,False
3763,2020-09-08,"HARMONY GARDEN(Phase 2),Block 2,SIU SAI WAN RD|富欣花園2期,2座,小西灣道",4572.212647920064,504,431,"{'bay_window': '', 'flat_roof': '', 'roof': '', 'ac_platform': '', 'plant_room': '', 'garden': '', 'yard': ''}",5.0,5.0,11601,11600.92807424594,20092901410014,5782302,PRO-ASP,HSSW,小西灣,1997/03,1997,29,A,23,2,2,HARMONY GARDEN,富欣花園,False
3765,2020-10-08,"HARMONY GARDEN(Phase 2),Block 6,SIU SAI WAN RD|富欣花園2期,6座,小西灣道",5499.333238616911,567,484,"{'bay_window': '', 'flat_roof': '', 'roof': '', 'ac_platform': '', 'plant_room': '', 'garden': '', 'yard': ''}",6.72,6.72,13884,13884.297520661157,20101600300035,5790339,ASP,HSSW,小西灣,1997/03,1997,29,E,13,6,2,HARMONY GARDEN,富欣花園,False
3766,2020-10-15,"HARMONY GARDEN(Phase 1),Block 8,SIU SAI WAN RD|富欣花園1期,8座,小西灣道",3760.1115960065476,693,592,"{'bay_window': '', 'flat_roof': '', 'roof': '', 'ac_platform': '', 'plant_room': '', 'garden': '', 'yard': ''}",5.62,5.62,9493,9493.243243243243,20102001980065,5792494,ASP,HSSW,小西灣,1997/03,1997,29,H,4,8,1,HARMONY GARDEN,富欣花園,False
3768,2020-11-04,"HARMONY GARDEN(Phase 2),Block 4,SIU SAI WAN RD|富欣花園2期,4座,小西灣道",4478.459273518292,567,484,"{'bay_window': '', 'flat_roof': '', 'roof': '', 'ac_platform': '', 'plant_room': '', 'garden': '', 'yard': ''}",5.38,5.38,11116,11115.702479338843,20111302380279,5805022,ASP,HSSW,小西灣,1997/03,1997,29,J,13,4,2,HARMONY GARDEN,富欣花園,False
3771,2020-11-17,"YIU TSUI HSE(Block B,KAI TSUI COURT),SIU SAI WAN RD|佳翠苑,B座(耀翠閣),小西灣道",4931.50739134298,596,433,"{'bay_window': '', 'flat_roof': '', 'roof': '', 'ac_platform': '', 'plant_room': '', 'garden': '', 'yard': ''}",5.3,5.3,12240,12240.184757505775,20112600750103,5811577,ASP,HSSW,小西灣,1993/08,1993,33,15,18,B,blank,KAI TSUI COURT,佳翠苑,False
3772,2020-11-21,"HIN TSUI HSE(Block A,KAI TSUI COURT),SIU SAI WAN RD|佳翠苑,A座(顯翠閣),小西灣道",2865.857125535165,596,433,"{'bay_window': '', 'flat_roof': '', 'roof': '', 'ac_platform': '', 'plant_room': '', 'garden': '', 'yard': ''}",3.08,3.08,7113,7113.163972286374,20120100680024,5813943,PRO-ASP,HSSW,小西灣,1993/08,1993,33,14,3,A,blank,KAI TSUI COURT,佳翠苑,False
3773,2020-11-26,"HARMONY GARDEN(Phase 2),Block 4,SIU SAI WAN RD|富欣花園2期,4座,小西灣道",4355.6199907221,693,592,"{'bay_window': '', 'flat_roof': '', 'roof': '', 'ac_platform': '', 'plant_room': '', 'garden': '', 'yard': ''}",6.4,6.4,10811,10810.81081081081,20120201670026,5815142,ASP,HSSW,小西灣,1997/03,1997,29,A,26,4,2,HARMONY GARDEN,富欣花園,False
3774,2020-11-17,"HARMONY GARDEN(Phase 2),Block 5,SIU SAI WAN RD|富欣花園2期,5座,小西灣道",4440.256458059218,504,431,"{'bay_window': '', 'flat_roof': '', 'roof': '', 'ac_platform': '', 'plant_room': '', 'garden': '', 'yard': ''}",4.75,4.75,11021,11020.881670533643,20120301130274,5815731,ASP,HSSW,小西灣,1997/03,1997,29,A,25,5,2,HARMONY GARDEN,富欣花園,False
3775,2020-12-04,"HARMONY GARDEN(Phase 2),Block 6,SIU SAI WAN RD|富欣花園2期,6座,小西灣道",4504.898480043942,567,484,"{'bay_window': '', 'flat_roof': '', 'roof': '', 'ac_platform': '', 'plant_room': '', 'garden': '', 'yard': ''}",5.47,5.47,11302,11301.652892561984,20121000480024,5819998,ASP,HSSW,小西灣,1997/03,1997,29,E,21,6,2,HARMONY GARDEN,富欣花園,False
3777,2020-12-16,"CHEERFUL GARDEN(Phase 1),Block 1,SIU SAI WAN RD|富怡花園1期,1座,小西灣道",3531.0859277566633,709,587,"{'bay_window': '', 'flat_roof': '', 'roof': '', 'ac_platform': '', 'plant_room': '', 'garden': '', 'yard': ''}",5.2,5.2,8859,8858.603066439524,20122202070023,5828034,ASP,HSSW,小西灣,1995/05,1995,31,J,26,1,1,CHEERFUL GARDEN,富怡花園,False
3778,2021-02-01,"HARMONY GARDEN(Phase 2),Block 6,SIU SAI WAN RD|富欣花園2期,6座,小西灣道",5583.223548242428,504,431,"{'bay_window': '', 'flat_roof': '', 'roof': '', 'ac_platform': '', 'plant_room': '', 'garden': '', 'yard': ''}",6.0,6.0,13921,13921.113689095127,21020801810010,5856237,ASP,HSSW,小西灣,1997/03,1997,29,F,8,6,2,HARMONY GARDEN,富欣花園,False
3781,2021-01-31,"CHEERFUL GARDEN(Phase 2),Block 4,SIU SAI WAN RD|富怡花園2期,4座,小西灣道",5711.570318942084,521,431,"{'bay_window': '', 'flat_roof': '', 'roof': '', 'ac_platform': '', 'plant_room': '', 'garden': '', 'yard': ''}",6.15,6.15,14269,14269.141531322506,21022402040090,5864751,PRE-ASP,HSSW,小西灣,1995/05,1995,31,K,37,4,2,CHEERFUL GARDEN,富怡花園,False
3785,2021-02-26,"CHEERFUL GARDEN(Phase 2),Block 4,SIU SAI WAN RD|富怡花園2期,4座,小西灣道",5220.429373465104,586,484,"{'bay_window': '', 'flat_roof': '', 'roof': '', 'ac_platform': '', 'plant_room': '', 'garden': '', 'yard': ''}",6.3,6.3,13017,13016.528925619834,21030900680065,5872032,ASP,HSSW,小西灣,1995/05,1995,31,F,4,4,2,CHEERFUL GARDEN,富怡花園,False
3786,2021-02-17,"CHEERFUL GARDEN(Phase 1),Block 3,SIU SAI WAN RD|富怡花園1期,3座,小西灣道",3517.4308353927286,521,431,"{'bay_window': '', 'flat_roof': '', 'roof': '', 'ac_platform': '', 'plant_room': '', 'garden': '', 'yard': ''}",3.78,3.78,8770,8770.30162412993,21031100950087,5873403,PRO-ASP,HSSW,小西灣,1995/05,1995,31,K,23,3,1,CHEERFUL GARDEN,富怡花園,False
3787,2021-03-04,"CHEERFUL GARDEN(Phase 2),Block 5,SIU SAI WAN RD|富怡花園2期,5座,小西灣道",3299.7660789801266,716,592,"{'bay_window': '', 'flat_roof': '', 'roof': '', 'ac_platform': '', 'plant_room': '', 'garden': '', 'yard': ''}",4.96,4.96,8378,8378.378378378378,21031500360085,5874582,ASP,HSSW,小西灣,1995/05,1995,31,D,7,5,2,CHEERFUL GARDEN,富怡花園,False
3788,2021-03-12,"HARMONY GARDEN(Phase 2),Block 5,SIU SAI WAN RD|富欣花園2期,5座,小西灣道",3426.1684086184787,693,592,"{'bay_window': '', 'flat_roof': '', 'roof': '', 'ac_platform': '', 'plant_room': '', 'garden': '', 'yard': ''}",5.15,5.15,8699,8699.324324324325,21031800910048,5877027,ASP,HSSW,小西灣,1997/03,1997,29,K,1,5,2,HARMONY GARDEN,富欣花園,False
3789,2021-02-28,"HIN TSUI HSE(Block A,KAI TSUI COURT),SIU SAI WAN RD|佳翠苑,A座(顯翠閣),小西灣道",3351.1332970516614,596,433,"{'bay_window': '', 'flat_roof': '', 'roof': '', 'ac_platform': '', 'plant_room': '', 'garden': '', 'yard': ''}",3.618,3.618,8356,8355.65819861432,21031800910119,5877031,PRO-ASP,HSSW,小西灣,1993/08,1993,33,6,30,A,blank,KAI TSUI COURT,佳翠苑,False
3792,2021-03-24,"HARMONY GARDEN(Phase 2),Block 6,SIU SAI WAN RD|富欣花園2期,6座,小西灣道",5574.018346557673,567,484,"{'bay_window': '', 'flat_roof': '', 'roof': '', 'ac_platform': '', 'plant_room': '', 'garden': '', 'yard': ''}",6.85,6.85,14153,14152.892561983472,21041401620171,5891420,ASP,HSSW,小西灣,1997/03,1997,29,E,3,6,2,HARMONY GARDEN,富欣花園,False
3795,2021-04-12,"YIU TSUI HSE(Block B,KAI TSUI COURT),SIU SAI WAN RD|佳翠苑,B座(耀翠閣),小西灣道",3016.184427809564,740,538,"{'bay_window': '4', 'flat_roof': '', 'roof': '', 'ac_platform': '', 'plant_room': '', 'garden': '', 'yard': ''}",4.15,4.15,7714,7713.75464684015,21041900340025,5894198,ASP,HSSW,小西灣,1993/08,1993,33,5,22,B,blank,KAI TSUI COURT,佳翠苑,False
3796,2021-03-31,"CHEERFUL GARDEN(Phase 1),Block 1,SIU SAI WAN RD|富怡花園1期,1座,小西灣道",3086.333937695321,709,587,"{'bay_window': '', 'flat_roof': '', 'roof': '', 'ac_platform': '', 'plant_room': '', 'garden': '', 'yard': ''}",4.6,4.6,7836,7836.456558773424,21042200670010,5897250,PRO-ASP,HSSW,小西灣,1995/05,1995,31,H,19,1,1,CHEERFUL GARDEN,富怡花園,False
3799,2021-04-20,"HARMONY GARDEN(Phase 1),Block 8,SIU SAI WAN RD|富欣花園1期,8座,小西灣道",3236.4316951284486,693,592,"{'bay_window': '', 'flat_roof': '', 'roof': '', 'ac_platform': '', 'plant_room': '', 'garden': '', 'yard': ''}",4.9,4.9,8277,8277.027027027027,21042800720164,5901104,ASP,HSSW,小西灣,1997/03,1997,29,J,4,8,1,HARMONY GARDEN,富欣花園,False
3800,2021-04-11,"HARMONY GARDEN(Phase 2),Block 6,SIU SAI WAN RD|富欣花園2期,6座,小西灣道",3896.9279594403774,693,592,"{'bay_window': '', 'flat_roof': '', 'roof': '', 'ac_platform': '', 'plant_room': '', 'garden': '', 'yard': ''}",5.9,5.9,9966,9966.216216216217,21042800720252,5901111,PRO-ASP,HSSW,小西灣,1997/03,1997,29,K,16,6,2,HARMONY GARDEN,富欣花園,False
3803,2021-04-18,"HARMONY GARDEN(Phase 2),Block 3,SIU SAI WAN RD|富欣花園2期,3座,小西灣道",4029.027212302762,693,592,"{'bay_window': '', 'flat_roof': '', 'roof': '', 'ac_platform': '', 'plant_room': '', 'garden': '', 'yard': ''}",6.1,6.1,10304,10304.054054054053,21050501060169,5905860,PRO-ASP,HSSW,小西灣,1997/05,1997,29,J,13,3,2,HARMONY GARDEN,富欣花園,False
3804,2021-04-23,"YIU TSUI HSE(Block B,KAI TSUI COURT),SIU SAI WAN RD|佳翠苑,B座(耀翠閣),小西灣道",2870.826142131995,740,538,"{'bay_window': '4', 'flat_roof': '', 'roof': '', 'ac_platform': '', 'plant_room': '', 'garden': '', 'yard': ''}",3.95,3.95,7342,7342.0074349442375,21050502370136,5906284,ASP,HSSW,小西灣,1993/08,1993,33,4,2,B,blank,KAI TSUI COURT,佳翠苑,False
3806,2021-04-24,"HARMONY GARDEN(Phase 1),Block 1,SIU SAI WAN RD|富欣花園1期,1座,小西灣道",4608.700801487519,504,431,"{'bay_window': '', 'flat_roof': '', 'roof': '', 'ac_platform': '', 'plant_room': '', 'garden': '', 'yard': ''}",5.08,5.08,11787,11786.542923433875,21051000500072,5908477,PRO-ASP,HSSW,小西灣,1997/03,1997,29,K,26,1,1,HARMONY GARDEN,富欣花園,False
3809,2021-05-13,"HARMONY GARDEN(Phase 2),Block 3,SIU SAI WAN RD|富欣花園2期,3座,小西灣道",4136.564855726449,693,592,"{'bay_window': '', 'flat_roof': '', 'roof': '', 'ac_platform': '', 'plant_room': '', 'garden': '', 'yard': ''}",6.23,6.23,10524,10523.648648648648,21052000530040,5915450,ASP,HSSW,小西灣,1997/05,1997,29,J,27,3,2,HARMONY GARDEN,富欣花園,False
3812,2021-06-04,"YIU TSUI HSE(Block B,KAI TSUI COURT),SIU SAI WAN RD|佳翠苑,B座(耀翠閣),小西灣道",5106.094609018441,740,538,"{'bay_window': '4', 'flat_roof': '', 'roof': '', 'ac_platform': '', 'plant_room': '', 'garden': '', 'yard': ''}",7.245,7.245,13467,13466.542750929368,21061100200112,5931272,ASP,HSSW,小西灣,1993/08,1993,33,16,29,B,blank,KAI TSUI COURT,佳翠苑,False
3814,2021-05-27,"CHEERFUL GARDEN(Phase 1),Block 1,SIU SAI WAN RD|富怡花園1期,1座,小西灣道",3627.7386062178825,580,480,"{'bay_window': '', 'flat_roof': '', 'roof': '', 'ac_platform': '', 'plant_room': '', 'garden': '', 'yard': ''}",4.43,4.43,9229,9229.166666666666,21061702340138,5935307,ASP,HSSW,小西灣,1995/05,1995,31,B,28,1,1,CHEERFUL GARDEN,富怡花園,False
3815,2021-06-22,"CHEERFUL GARDEN(Phase 1),Block 3,SIU SAI WAN RD|富怡花園1期,3座,小西灣道",3317.7281396762332,716,592,"{'bay_window': '', 'flat_roof': '', 'roof': '', 'ac_platform': '', 'plant_room': '', 'garden': '', 'yard': ''}",5.18,5.18,8750,8750.0,21070500370020,5947097,ASP,HSSW,小西灣,1995/05,1995,31,D,18,3,1,CHEERFUL GARDEN,富怡花園,False
3816,2021-06-18,"HARMONY GARDEN(Phase 2),Block 4,SIU SAI WAN RD|富欣花園2期,4座,小西灣道",3842.9283471153276,693,592,"{'bay_window': '', 'flat_roof': '', 'roof': '', 'ac_platform': '', 'plant_room': '', 'garden': '', 'yard': ''}",6.0,6.0,10135,10135.135135135135,21070600540141,5948064,ASP,HSSW,小西灣,1997/03,1997,29,D,17,4,2,HARMONY GARDEN,富欣花園,False
3817,2021-06-08,"CHEERFUL GARDEN(Phase 1),Block 2,SIU SAI WAN RD|富怡花園1期,2座,小西灣道",3516.929208103999,584,483,"{'bay_window': '', 'flat_roof': '', 'roof': '', 'ac_platform': '', 'plant_room': '', 'garden': '', 'yard': ''}",4.48,4.48,9275,9275.36231884058,21070600810060,5948152,PRO-ASP,HSSW,小西灣,1995/05,1995,31,J,36,2,1,CHEERFUL GARDEN,富怡花園,False
3818,2021-06-30,"CHEERFUL GARDEN(Phase 1),Block 1,SIU SAI WAN RD|富怡花園1期,1座,小西灣道",3358.907048199837,709,587,"{'bay_window': '', 'flat_roof': '', 'roof': '', 'ac_platform': '', 'plant_room': '', 'garden': '', 'yard': ''}",5.2,5.2,8859,8858.603066439524,21070800500224,5950296,ASP,HSSW,小西灣,1995/05,1995,31,J,30,1,1,CHEERFUL GARDEN,富怡花園,False
3819,2021-06-30,"HARMONY GARDEN(Phase 1),Block 8,SIU SAI WAN RD|富欣花園1期,8座,小西灣道",3677.322803804217,504,431,"{'bay_window': '', 'flat_roof': '', 'roof': '', 'ac_platform': '', 'plant_room': '', 'garden': '', 'yard': ''}",4.18,4.18,9698,9698.375870069605,21070800650147,5950387,ASP,HSSW,小西灣,1997/03,1997,29,A,2,8,1,HARMONY GARDEN,富欣花園,False
3820,2021-07-05,"CHEERFUL GARDEN(Phase 1),Block 3,SIU SAI WAN RD|富怡花園1期,3座,小西灣道",2977.20117458725,716,592,"{'bay_window': '', 'flat_roof': '', 'roof': '', 'ac_platform': '', 'plant_room': '', 'garden': '', 'yard': ''}",4.6,4.6,7770,7770.27027027027,21071202070115,5953072,ASP,HSSW,小西灣,1995/05,1995,31,C,14,3,1,CHEERFUL GARDEN,富怡花園,False
3822,2021-06-26,"CHEERFUL GARDEN(Phase 2),Block 5,SIU SAI WAN RD|富怡花園2期,5座,小西灣道",3369.4129996579304,521,431,"{'bay_window': '', 'flat_roof': '', 'roof': '', 'ac_platform': '', 'plant_room': '', 'garden': '', 'yard': ''}",3.83,3.83,8886,8886.310904872389,21072000790150,5959144,PRO-ASP,HSSW,小西灣,1995/05,1995,31,K,32,5,2,CHEERFUL GARDEN,富怡花園,False
3823,2021-07-06,"HARMONY GARDEN(Phase 2),Block 3,SIU SAI WAN RD|富欣花園2期,3座,小西灣道",3786.2232328990026,693,592,"{'bay_window': '', 'flat_roof': '', 'roof': '', 'ac_platform': '', 'plant_room': '', 'garden': '', 'yard': ''}",5.85,5.85,9882,9881.756756756757,21072001960024,5959480,ASP,HSSW,小西灣,1997/05,1997,29,H,8,3,2,HARMONY GARDEN,富欣花園,False
3825,2021-07-19,"HARMONY GARDEN(Phase 2),Block 2,SIU SAI WAN RD|富欣花園2期,2座,小西灣道",4178.232900318554,504,431,"{'bay_window': '', 'flat_roof': '', 'roof': '', 'ac_platform': '', 'plant_room': '', 'garden': '', 'yard': ''}",4.7,4.7,10905,10904.872389791184,21072800470081,5965646,ASP,HSSW,小西灣,1997/03,1997,29,F,27,2,2,HARMONY GARDEN,富欣花園,False
3826,2021-07-23,"HARMONY GARDEN(Phase 1),Block 1,SIU SAI WAN RD|富欣花園1期,1座,小西灣道",4005.688853081027,567,484,"{'bay_window': '', 'flat_roof': '', 'roof': '', 'ac_platform': '', 'plant_room': '', 'garden': '', 'yard': ''}",5.06,5.06,10455,10454.545454545454,21072802450143,5966412,ASP,HSSW,小西灣,1997/03,1997,29,F,5,1,1,HARMONY GARDEN,富欣花園,False
3827,2021-07-26,"HARMONY GARDEN(Phase 2),Block 6,SIU SAI WAN RD|富欣花園2期,6座,小西灣道",3974.023328550743,567,484,"{'bay_window': '', 'flat_roof': '', 'roof': '', 'ac_platform': '', 'plant_room': '', 'garden': '', 'yard': ''}",5.02,5.02,10372,10371.900826446281,21080300160076,5969321,ASP,HSSW,小西灣,1997/03,1997,29,B,25,6,2,HARMONY GARDEN,富欣花園,False
3828,2021-07-29,"HARMONY GARDEN(Phase 2),Block 3,SIU SAI WAN RD|富欣花園2期,3座,小西灣道",4133.7836141449525,504,431,"{'bay_window': '', 'flat_roof': '', 'roof': '', 'ac_platform': '', 'plant_room': '', 'garden': '', 'yard': ''}",4.65,4.65,10789,10788.863109048723,21081002410121,5974808,ASP,HSSW,小西灣,1997/05,1997,29,F,23,3,2,HARMONY GARDEN,富欣花園,False
3829,2021-08-10,"CHEERFUL GARDEN(Phase 1),Block 1,SIU SAI WAN RD|富怡花園1期,1座,小西灣道",3551.056076318551,709,587,"{'bay_window': '', 'flat_roof': '', 'roof': '', 'ac_platform': '', 'plant_room': '', 'garden': '', 'yard': ''}",5.38,5.38,9165,9165.247018739352,21082001350200,5982142,ASP,HSSW,小西灣,1995/05,1995,31,J,27,1,1,CHEERFUL GARDEN,富怡花園,False
3830,2021-08-20,"YIU TSUI HSE(Block B,KAI TSUI COURT),SIU SAI WAN RD|佳翠苑,B座(耀翠閣),小西灣道",3037.137697584213,748,546,"{'bay_window': '', 'flat_roof': '', 'roof': '', 'ac_platform': '', 'plant_room': '', 'garden': '', 'yard': ''}",4.28,4.28,7839,7838.827838827839,21090202120041,5990741,ASP,HSSW,小西灣,1993/08,1993,33,12,3,B,blank,KAI TSUI COURT,佳翠苑,False
3831,2021-08-31,"HARMONY GARDEN(Phase 1),Block 8,SIU SAI WAN RD|富欣花園1期,8座,小西灣道",3553.7876922217274,693,592,"{'bay_window': '', 'flat_roof': '', 'roof': '', 'ac_platform': '', 'plant_room': '', 'garden': '', 'yard': ''}",5.43,5.43,9172,9172.297297297297,21090301970038,5991473,ASP,HSSW,小西灣,1997/03,1997,29,J,19,8,1,HARMONY GARDEN,富欣花園,False
3832,2021-08-27,"CHEERFUL GARDEN(Phase 1),Block 1,SIU SAI WAN RD|富怡花園1期,1座,小西灣道",3345.837132344238,701,579,"{'bay_window': '', 'flat_roof': '', 'roof': '', 'ac_platform': '', 'plant_room': '', 'garden': '', 'yard': ''}",5.0,5.0,8636,8635.578583765113,21090800160027,5993562,ASP,HSSW,小西灣,1995/05,1995,31,G,1,1,1,CHEERFUL GARDEN,富怡花園,False
3833,2021-09-06,"CHEERFUL GARDEN(Phase 1),Block 3,SIU SAI WAN RD|富怡花園1期,3座,小西灣道",3194.052248811106,716,592,"{'bay_window': '', 'flat_roof': '', 'roof': '', 'ac_platform': '', 'plant_room': '', 'garden': '', 'yard': ''}",4.92,4.92,8311,8310.81081081081,21091400360209,5997310,ASP,HSSW,小西灣,1995/05,1995,31,B,35,3,1,CHEERFUL GARDEN,富怡花園,False
3834,2021-09-08,"HARMONY GARDEN(Phase 2),Block 6,SIU SAI WAN RD|富欣花園2期,6座,小西灣道",3687.442433586806,693,592,"{'bay_window': '', 'flat_roof': '', 'roof': '', 'ac_platform': '', 'plant_room': '', 'garden': '', 'yard': ''}",5.68,5.68,9595,9594.594594594595,21091700140062,6000160,ASP,HSSW,小西灣,1997/03,1997,29,K,6,6,2,HARMONY GARDEN,富欣花園,False
3835,2021-08-25,"CHEERFUL GARDEN(Phase 2),Block 5,SIU SAI WAN RD|富怡花園2期,5座,小西灣道",4010.8482393940244,584,483,"{'bay_window': '', 'flat_roof': '', 'roof': '', 'ac_platform': '', 'plant_room': '', 'garden': '', 'yard': ''}",5.0,5.0,10352,10351.966873706004,21092301480019,6003909,MEM-ASP,HSSW,小西灣,1995/05,1995,31,J,13,5,2,CHEERFUL GARDEN,富怡花園,False
3836,2021-09-27,"HARMONY GARDEN(Phase 2),Block 5,SIU SAI WAN RD|富欣花園2期,5座,小西灣道",4219.784475055324,693,592,"{'bay_window': '', 'flat_roof': '', 'roof': '', 'ac_platform': '', 'plant_room': '', 'garden': '', 'yard': ''}",6.5,6.5,10980,10979.72972972973,21100401000158,6010437,ASP,HSSW,小西灣,1997/03,1997,29,G,26,5,2,HARMONY GARDEN,富欣花園,False
3837,2021-09-29,"HARMONY GARDEN(Phase 1),Block 7,SIU SAI WAN RD|富欣花園1期,7座,小西灣道",3083.688654848121,693,592,"{'bay_window': '', 'flat_roof': '', 'roof': '', 'ac_platform': '', 'plant_room': '', 'garden': '', 'yard': ''}",4.75,4.75,8024,8023.648648648648,21100500140063,6011025,ASP,HSSW,小西灣,1997/03,1997,29,G,1,7,1,HARMONY GARDEN,富欣花園,False
3838,2021-10-05,"HARMONY GARDEN(Phase 2),Block 5,SIU SAI WAN RD|富欣花園2期,5座,小西灣道",3776.253076030479,693,592,"{'bay_window': '', 'flat_roof': '', 'roof': '', 'ac_platform': '', 'plant_room': '', 'garden': '', 'yard': ''}",5.78,5.78,9764,9763.513513513513,21101201910136,6016807,ASP,HSSW,小西灣,1997/03,1997,29,K,19,5,2,HARMONY GARDEN,富欣花園,False
3840,2021-10-12,"HARMONY GARDEN(Phase 1),Block 7,SIU SAI WAN RD|富欣花園1期,7座,小西灣道",3514.920683225602,693,592,"{'bay_window': '', 'flat_roof': '', 'roof': '', 'ac_platform': '', 'plant_room': '', 'garden': '', 'yard': ''}",5.38,5.38,9088,9087.837837837838,21102200830017,6022280,ASP,HSSW,小西灣,1997/03,1997,29,J,12,7,1,HARMONY GARDEN,富欣花園,False
3841,2021-10-10,"HARMONY GARDEN(Phase 2),Block 6,SIU SAI WAN RD|富欣花園2期,6座,小西灣道",3462.6542046646264,693,592,"{'bay_window': '', 'flat_roof': '', 'roof': '', 'ac_platform': '', 'plant_room': '', 'garden': '', 'yard': ''}",5.3,5.3,8953,8952.702702702703,21110402130143,6030580,PRO-ASP,HSSW,小西灣,1997/03,1997,29,H,10,6,2,HARMONY GARDEN,富欣花園,False
3842,2021-10-21,"CHEERFUL GARDEN(Phase 2),Block 4,SIU SAI WAN RD|富怡花園2期,4座,小西灣道",3109.855474378042,716,592,"{'bay_window': '', 'flat_roof': '', 'roof': '', 'ac_platform': '', 'plant_room': '', 'garden': '', 'yard': ''}",4.76,4.76,8041,8040.540540540541,21110500240098,6030744,ASP,HSSW,小西灣,1995/05,1995,31,A,20,4,2,CHEERFUL GARDEN,富怡花園,False
3843,2021-11-17,"HARMONY GARDEN(Phase 2),Block 6,SIU SAI WAN RD|富欣花園2期,6座,小西灣道",5924.646776289707,504,431,"{'bay_window': '', 'flat_roof': '', 'roof': '', 'ac_platform': '', 'plant_room': '', 'garden': '', 'yard': ''}",6.5,6.5,15081,15081.206496519722,21112301200066,6040675,ASP,HSSW,小西灣,1997/03,1997,29,A,27,6,2,HARMONY GARDEN,富欣花園,False
3844,2021-11-19,"HARMONY GARDEN(Phase 1),Block 8,SIU SAI WAN RD|富欣花園1期,8座,小西灣道",3835.5929199993225,693,592,"{'bay_window': '', 'flat_roof': '', 'roof': '', 'ac_platform': '', 'plant_room': '', 'garden': '', 'yard': ''}",5.78,5.78,9764,9763.513513513513,21113000250075,6044546,ASP,HSSW,小西灣,1997/03,1997,29,K,29,8,1,HARMONY GARDEN,富欣花園,False
3845,2021-11-26,"HARMONY GARDEN(Phase 2),Block 3,SIU SAI WAN RD|富欣花園2期,3座,小西灣道",3550.246041867885,693,592,"{'bay_window': '', 'flat_roof': '', 'roof': '', 'ac_platform': '', 'plant_room': '', 'garden': '', 'yard': ''}",5.35,5.35,9037,9037.162162162162,21113002290059,6045214,ASP,HSSW,小西灣,1997/05,1997,29,D,7,3,2,HARMONY GARDEN,富欣花園,False
3846,2021-12-07,"CHEERFUL GARDEN(Phase 2),Block 5,SIU SAI WAN RD|富怡花園2期,5座,小西灣道",3267.3724037145043,716,592,"{'bay_window': '', 'flat_roof': '', 'roof': '', 'ac_platform': '', 'plant_room': '', 'garden': '', 'yard': ''}",5.0,5.0,8446,8445.945945945947,21121601210057,6054815,ASP,HSSW,小西灣,1995/05,1995,31,A,38,5,2,CHEERFUL GARDEN,富怡花園,False
3847,2021-12-15,"HARMONY GARDEN(Phase 2),Block 2,SIU SAI WAN RD|富欣花園2期,2座,小西灣道",3724.8045402345347,693,592,"{'bay_window': '', 'flat_roof': '', 'roof': '', 'ac_platform': '', 'plant_room': '', 'garden': '', 'yard': ''}",5.7,5.7,9628,9628.378378378378,21122201450068,6058407,ASP,HSSW,小西灣,1997/03,1997,29,C,19,2,2,HARMONY GARDEN,富欣花園,False
3848,2021-12-16,"HARMONY GARDEN(Phase 2),Block 2,SIU SAI WAN RD|富欣花園2期,2座,小西灣道",3790.151988308824,693,592,"{'bay_window': '', 'flat_roof': '', 'roof': '', 'ac_platform': '', 'plant_room': '', 'garden': '', 'yard': ''}",5.8,5.8,9797,9797.297297297297,21122401560227,6060000,ASP,HSSW,小西灣,1997/03,1997,29,C,20,2,2,HARMONY GARDEN,富欣花園,False
3849,2022-01-25,"HIN TSUI HSE(Block A,KAI TSUI COURT),SIU SAI WAN RD|佳翠苑,A座(顯翠閣),小西灣道",5271.892000156,596,433,"{'bay_window': '', 'flat_roof': '', 'roof': '', 'ac_platform': '', 'plant_room': '', 'garden': '', 'yard': ''}",5.7,5.7,13164,13163.972286374134,22020700320185,6085674,ASP,HSSW,小西灣,1993/08,1993,33,14,29,A,blank,KAI TSUI COURT,佳翠苑,False
3850,2022-01-28,"HARMONY GARDEN(Phase 1),Block 8,SIU SAI WAN RD|富欣花園1期,8座,小西灣道",3368.8927203699586,693,592,"{'bay_window': '', 'flat_roof': '', 'roof': '', 'ac_platform': '', 'plant_room': '', 'garden': '', 'yard': ''}",4.98,4.98,8412,8412.162162162162,22020900530277,6086866,ASP,HSSW,小西灣,1997/03,1997,29,J,7,8,1,HARMONY GARDEN,富欣花園,False
3851,2022-02-21,"HARMONY GARDEN(Phase 2),Block 4,SIU SAI WAN RD|富欣花園2期,4座,小西灣道",3629.0739427327303,693,592,"{'bay_window': '', 'flat_roof': '', 'roof': '', 'ac_platform': '', 'plant_room': '', 'garden': '', 'yard': ''}",5.4,5.4,9122,9121.621621621622,22022400060027,6093958,ASP,HSSW,小西灣,1997/03,1997,29,B,3,4,2,HARMONY GARDEN,富欣花園,False
3852,2022-02-23,"CHEERFUL GARDEN(Phase 1),Block 3,SIU SAI WAN RD|富怡花園1期,3座,小西灣道",3313.2100995689557,716,592,"{'bay_window': '', 'flat_roof': '', 'roof': '', 'ac_platform': '', 'plant_room': '', 'garden': '', 'yard': ''}",4.93,4.93,8328,8327.702702702703,22030200750162,6096256,ASP,HSSW,小西灣,1995/05,1995,31,H,33,3,1,CHEERFUL GARDEN,富怡花園,False
3853,2022-03-10,"HIN TSUI HSE(Block A,KAI TSUI COURT),SIU SAI WAN RD|佳翠苑,A座(顯翠閣),小西灣道",3109.8187525366643,740,538,"{'bay_window': '', 'flat_roof': '', 'roof': '', 'ac_platform': '', 'plant_room': '', 'garden': '', 'yard': ''}",4.15,4.15,7714,7713.75464684015,22032100870021,6103810,ASP,HSSW,小西灣,1993/08,1993,33,8,38,A,blank,KAI TSUI COURT,佳翠苑,False
3854,2022-03-23,"HARMONY GARDEN(Phase 1),Block 1,SIU SAI WAN RD|富欣花園1期,1座,小西灣道",3745.503780835228,693,592,"{'bay_window': '', 'flat_roof': '', 'roof': '', 'ac_platform': '', 'plant_room': '', 'garden': '', 'yard': ''}",5.5,5.5,9291,9290.54054054054,22032800020076,6106205,ASP,HSSW,小西灣,1997/03,1997,29,D,6,1,1,HARMONY GARDEN,富欣花園,False
3855,2022-03-26,"CHEERFUL GARDEN(Phase 1),Block 2,SIU SAI WAN RD|富怡花園1期,2座,小西灣道",3520.773553985115,716,592,"{'bay_window': '', 'flat_roof': '', 'roof': '', 'ac_platform': '', 'plant_room': '', 'garden': '', 'yard': ''}",5.17,5.17,8733,8733.108108108108,22040800760038,6109930,PRO-ASP,HSSW,小西灣,1995/05,1995,31,A,30,2,1,CHEERFUL GARDEN,富怡花園,False
3856,2022-04-04,"HARMONY GARDEN(Phase 2),Block 4,SIU SAI WAN RD|富欣花園2期,4座,小西灣道",3654.4216030188572,567,484,"{'bay_window': '', 'flat_roof': '', 'roof': '', 'ac_platform': '', 'plant_room': '', 'garden': '', 'yard': ''}",4.4,4.4,9091,9090.90909090909,22041100320081,6110425,ASP,HSSW,小西灣,1997/03,1997,29,J,11,4,2,HARMONY GARDEN,富欣花園,False
3858,2022-04-22,"YIU TSUI HSE(Block B,KAI TSUI COURT),SIU SAI WAN RD|佳翠苑,B座(耀翠閣),小西灣道",5245.31876738157,596,433,"{'bay_window': '', 'flat_roof': '', 'roof': '', 'ac_platform': '', 'plant_room': '', 'garden': '', 'yard': ''}",5.65,5.65,13048,13048.498845265589,22042600980036,6115999,ASP,HSSW,小西灣,1993/08,1993,33,6,33,B,blank,KAI TSUI COURT,佳翠苑,False
3859,2022-04-20,"HARMONY GARDEN(Phase 1),Block 7,SIU SAI WAN RD|富欣花園1期,7座,小西灣道",5596.098046386185,504,431,"{'bay_window': '', 'flat_roof': '', 'roof': '', 'ac_platform': '', 'plant_room': '', 'garden': '', 'yard': ''}",6.0,6.0,13921,13921.113689095127,22042902370078,6118680,ASP,HSSW,小西灣,1997/03,1997,29,A,17,7,1,HARMONY GARDEN,富欣花園,False
3860,2022-04-25,"HARMONY GARDEN(Phase 1),Block 8,SIU SAI WAN RD|富欣花園1期,8座,小西灣道",3700.7191740030494,693,592,"{'bay_window': '', 'flat_roof': '', 'roof': '', 'ac_platform': '', 'plant_room': '', 'garden': '', 'yard': ''}",5.45,5.45,9206,9206.081081081082,22050401600081,6119883,ASP,HSSW,小西灣,1997/03,1997,29,G,25,8,1,HARMONY GARDEN,富欣花園,False
3861,2022-04-10,"CHEERFUL GARDEN(Phase 2),Block 4,SIU SAI WAN RD|富怡花園2期,4座,小西灣道",3089.59123701172,716,592,"{'bay_window': '', 'flat_roof': '', 'roof': '', 'ac_platform': '', 'plant_room': '', 'garden': '', 'yard': ''}",4.55,4.55,7686,7685.810810810811,22050500270016,6120187,PRO-ASP,HSSW,小西灣,1995/05,1995,31,H,21,4,2,CHEERFUL GARDEN,富怡花園,False
3862,2022-05-10,"HARMONY GARDEN(Phase 2),Block 5,SIU SAI WAN RD|富欣花園2期,5座,小西灣道",3653.7653993349286,567,484,"{'bay_window': '', 'flat_roof': '', 'roof': '', 'ac_platform': '', 'plant_room': '', 'garden': '', 'yard': ''}",4.4,4.4,9091,9090.90909090909,22051300870040,6124027,ASP,HSSW,小西灣,1997/03,1997,29,E,17,5,2,HARMONY GARDEN,富欣花園,False
3863,2022-05-12,"CHEERFUL GARDEN(Phase 2),Block 5,SIU SAI WAN RD|富怡花園2期,5座,小西灣道",4118.996397386892,584,483,"{'bay_window': '', 'flat_roof': '', 'roof': '', 'ac_platform': '', 'plant_room': '', 'garden': '', 'yard': ''}",4.95,4.95,10248,10248.447204968945,22051900170024,6126916,ASP,HSSW,小西灣,1995/05,1995,31,J,37,5,2,CHEERFUL GARDEN,富怡花園,False
3864,2022-05-13,"CHEERFUL GARDEN(Phase 1),Block 3,SIU SAI WAN RD|富怡花園1期,3座,小西灣道",2980.410998883171,716,592,"{'bay_window': '', 'flat_roof': '', 'roof': '', 'ac_platform': '', 'plant_room': '', 'garden': '', 'yard': ''}",4.39,4.39,7416,7415.540540540541,22052302050039,6129352,ASP,HSSW,小西灣,1995/05,1995,31,D,2,3,1,CHEERFUL GARDEN,富怡花園,False
3866,2022-06-06,"HARMONY GARDEN(Phase 1),Block 7,SIU SAI WAN RD|富欣花園1期,7座,小西灣道",5570.440259026766,695,592,"{'bay_window': '', 'flat_roof': '', 'roof': '', 'ac_platform': '', 'plant_room': '', 'garden': '', 'yard': ''}",8.18,8.18,13818,13817.567567567568,22061500190111,6139757,ASP,HSSW,小西灣,1997/03,1997,29,D,30,7,1,HARMONY GARDEN,富欣花園,False
3868,2022-06-02,"CHEERFUL GARDEN(Phase 2),Block 4,SIU SAI WAN RD|富怡花園2期,4座,小西灣道",5125.794754543727,521,431,"{'bay_window': '', 'flat_roof': '', 'roof': '', 'ac_platform': '', 'plant_room': '', 'garden': '', 'yard': ''}",5.48,5.48,12715,12714.61716937355,22061600050040,6140409,ASP,HSSW,小西灣,1995/05,1995,31,K,7,4,2,CHEERFUL GARDEN,富怡花園,False
3869,2022-07-04,"CHEERFUL GARDEN(Phase 1),Block 3,SIU SAI WAN RD|富怡花園1期,3座,小西灣道",5612.738748245132,521,431,"{'bay_window': '', 'flat_roof': '', 'roof': '', 'ac_platform': '', 'plant_room': '', 'garden': '', 'yard': ''}",5.82,5.82,13503,13503.480278422274,22071900760053,6154603,PRO-ASP,HSSW,小西灣,1995/05,1995,31,K,21,3,1,CHEERFUL GARDEN,富怡花園,False
3872,2022-06-27,"HIN TSUI HSE(Block A,KAI TSUI COURT),SIU SAI WAN RD|佳翠苑,A座(顯翠閣),小西灣道",4818.805364662366,877,640,"{'bay_window': '', 'flat_roof': '', 'roof': '', 'ac_platform': '', 'plant_room': '', 'garden': '', 'yard': ''}",7.65,7.65,11953,11953.125,22072101710014,6156051,ASP,HSSW,小西灣,1993/08,1993,33,9,38,A,blank,KAI TSUI COURT,佳翠苑,False
3873,2022-07-15,"HARMONY GARDEN(Phase 2),Block 6,SIU SAI WAN RD|富欣花園2期,6座,小西灣道",2738.243174144737,693,592,"{'bay_window': '', 'flat_roof': '', 'roof': '', 'ac_platform': '', 'plant_room': '', 'garden': '', 'yard': ''}",3.9,3.9,6588,6587.8378378378375,22072900530105,6159886,PRO-ASP,HSSW,小西灣,1997/03,1997,29,J,8,6,2,HARMONY GARDEN,富欣花園,False
3875,2022-08-12,"YIU TSUI HSE(Block B,KAI TSUI COURT),SIU SAI WAN RD|佳翠苑,B座(耀翠閣),小西灣道",2743.9701573469674,877,640,"{'bay_window': '', 'flat_roof': '', 'roof': '', 'ac_platform': '', 'plant_room': '', 'garden': '', 'yard': ''}",4.18,4.18,6531,6531.249999999999,22081601690028,6167921,ASP,HSSW,小西灣,1993/08,1993,33,9,3,B,blank,KAI TSUI COURT,佳翠苑,False
3876,2022-08-23,"HARMONY GARDEN(Phase 2),Block 3,SIU SAI WAN RD|富欣花園2期,3座,小西灣道",3298.536627915213,567,484,"{'bay_window': '', 'flat_roof': '', 'roof': '', 'ac_platform': '', 'plant_room': '', 'garden': '', 'yard': ''}",3.8,3.8,7851,7851.239669421488,22082900230083,6173882,ASP,HSSW,小西灣,1997/05,1997,29,E,11,3,2,HARMONY GARDEN,富欣花園,False
3877,2022-08-15,"YIU TSUI HSE(Block B,KAI TSUI COURT),SIU SAI WAN RD|佳翠苑,B座(耀翠閣),小西灣道",4424.439673938711,748,546,"{'bay_window': '', 'flat_roof': '', 'roof': '', 'ac_platform': '', 'plant_room': '', 'garden': '', 'yard': ''}",5.75,5.75,10531,10531.135531135531,22090600200011,6177834,ASP,HSSW,小西灣,1993/08,1993,33,8,6,B,blank,KAI TSUI COURT,佳翠苑,False
3878,2022-08-22,"HARMONY GARDEN(Phase 2),Block 5,SIU SAI WAN RD|富欣花園2期,5座,小西灣道",5361.280072970019,504,431,"{'bay_window': '', 'flat_roof': '', 'roof': '', 'ac_platform': '', 'plant_room': '', 'garden': '', 'yard': ''}",5.5,5.5,12761,12761.020881670534,22091900860040,6182633,ASP,HSSW,小西灣,1997/03,1997,29,A,6,5,2,HARMONY GARDEN,富欣花園,False
3879,2022-09-12,"HIN TSUI HSE(Block A,KAI TSUI COURT),SIU SAI WAN RD|佳翠苑,A座(顯翠閣),小西灣道",2603.941268200178,877,640,"{'bay_window': '', 'flat_roof': '', 'roof': '', 'ac_platform': '', 'plant_room': '', 'garden': '', 'yard': ''}",3.8,3.8,5938,5937.5,22092600670137,6185344,PRO-ASP,HSSW,小西灣,1993/08,1993,33,9,18,A,blank,KAI TSUI COURT,佳翠苑,False
3880,2022-10-03,"HARMONY GARDEN(Phase 2),Block 3,SIU SAI WAN RD|富欣花園2期,3座,小西灣道",3491.4549009925126,567,484,"{'bay_window': '', 'flat_roof': '', 'roof': '', 'ac_platform': '', 'plant_room': '', 'garden': '', 'yard': ''}",3.78,3.78,7810,7809.917355371901,22101000420087,6189711,ASP,HSSW,小西灣,1997/05,1997,29,B,4,3,2,HARMONY GARDEN,富欣花園,False
3882,2022-10-09,"HARMONY GARDEN(Phase 1),Block 8,SIU SAI WAN RD|富欣花園1期,8座,小西灣道",3685.1749784392587,693,592,"{'bay_window': '', 'flat_roof': '', 'roof': '', 'ac_platform': '', 'plant_room': '', 'garden': '', 'yard': ''}",4.88,4.88,8243,8243.243243243243,22102100980086,6195480,PRO-ASP,HSSW,小西灣,1997/03,1997,29,D,6,8,1,HARMONY GARDEN,富欣花園,False
3883,2022-10-31,"HIN TSUI HSE(Block A,KAI TSUI COURT),SIU SAI WAN RD|佳翠苑,A座(顯翠閣),小西灣道",2863.939775764526,877,640,"{'bay_window': '', 'flat_roof': '', 'roof': '', 'ac_platform': '', 'plant_room': '', 'garden': '', 'yard': ''}",4.1,4.1,6406,6406.249999999999,22110400390152,6200210,ASP,HSSW,小西灣,1993/08,1993,33,9,33,A,blank,KAI TSUI COURT,佳翠苑,False
3884,2022-10-19,"HARMONY GARDEN(Phase 2),Block 3,SIU SAI WAN RD|富欣花園2期,3座,小西灣道",6371.059616641246,504,414,"{'bay_window': '', 'flat_roof': '', 'roof': '', 'ac_platform': '', 'plant_room': '', 'garden': '', 'yard': ''}",5.9,5.9,14251,14251.207729468599,22110401050046,6200349,PRO-ASP,HSSW,小西灣,1997/05,1997,29,A,20,3,2,HARMONY GARDEN,富欣花園,False
3887,2022-10-27,"HARMONY GARDEN(Phase 1),Block 1,SIU SAI WAN RD|富欣花園1期,1座,小西灣道",3609.659097733536,693,592,"{'bay_window': '', 'flat_roof': '', 'roof': '', 'ac_platform': '', 'plant_room': '', 'garden': '', 'yard': ''}",4.78,4.78,8074,8074.324324324324,22111001170043,6202401,PRO-ASP,HSSW,小西灣,1997/03,1997,29,B,18,1,1,HARMONY GARDEN,富欣花園,False
3889,2022-11-18,"CHEERFUL GARDEN(Phase 1),Block 2,SIU SAI WAN RD|富怡花園1期,2座,小西灣道",3195.5090073469273,716,592,"{'bay_window': '', 'flat_roof': '', 'roof': '', 'ac_platform': '', 'plant_room': '', 'garden': '', 'yard': ''}",4.1,4.1,6926,6925.675675675675,22112800290205,6207867,ASP,HSSW,小西灣,1995/05,1995,31,D,11,2,1,CHEERFUL GARDEN,富怡花園,False
3891,2022-12-08,"HARMONY GARDEN(Phase 2),Block 6,SIU SAI WAN RD|富欣花園2期,6座,小西灣道",3815.8953807438343,693,592,"{'bay_window': '', 'flat_roof': '', 'roof': '', 'ac_platform': '', 'plant_room': '', 'garden': '', 'yard': ''}",4.8,4.8,8108,8108.108108108108,22121300970022,6213090,ASP,HSSW,小西灣,1997/03,1997,29,G,19,6,2,HARMONY GARDEN,富欣花園,False
3892,2022-11-27,"HARMONY GARDEN(Phase 2),Block 2,SIU SAI WAN RD|富欣花園2期,2座,小西灣道",3886.039859899413,504,431,"{'bay_window': '', 'flat_roof': '', 'roof': '', 'ac_platform': '', 'plant_room': '', 'garden': '', 'yard': ''}",3.63,3.63,8422,8422.273781902551,22121600360012,6214488,PRO-ASP,HSSW,小西灣,1997/03,1997,29,A,9,2,2,HARMONY GARDEN,富欣花園,False
3893,2022-12-16,"CHEERFUL GARDEN(Phase 1),Block 3,SIU SAI WAN RD|富怡花園1期,3座,小西灣道",3116.3145609407975,716,592,"{'bay_window': '', 'flat_roof': '', 'roof': '', 'ac_platform': '', 'plant_room': '', 'garden': '', 'yard': ''}",3.92,3.92,6622,6621.621621621622,22122300390025,6217261,ASP,HSSW,小西灣,1995/05,1995,31,G,33,3,1,CHEERFUL GARDEN,富怡花園,False
3894,2022-12-28,"HARMONY GARDEN(Phase 2),Block 5,SIU SAI WAN RD|富欣花園2期,5座,小西灣道",3057.4382168991583,504,431,"{'bay_window': '', 'flat_roof': '', 'roof': '', 'ac_platform': '', 'plant_room': '', 'garden': '', 'yard': ''}",2.8,2.8,6497,6496.519721577726,22123002000027,6219245,ASP,HSSW,小西灣,1997/03,1997,29,F,5,5,2,HARMONY GARDEN,富欣花園,False
3896,2022-12-23,"HARMONY GARDEN(Phase 2),Block 6,SIU SAI WAN RD|富欣花園2期,6座,小西灣道",4133.886662472487,693,592,"{'bay_window': '', 'flat_roof': '', 'roof': '', 'ac_platform': '', 'plant_room': '', 'garden': '', 'yard': ''}",5.2,5.2,8784,8783.783783783783,23010400230091,6219896,ASP,HSSW,小西灣,1997/03,1997,29,D,26,6,2,HARMONY GARDEN,富欣花園,False
3897,2022-12-30,"HARMONY GARDEN(Phase 1),Block 1,SIU SAI WAN RD|富欣花園1期,1座,小西灣道",3743.624634896413,567,484,"{'bay_window': '', 'flat_roof': '', 'roof': '', 'ac_platform': '', 'plant_room': '', 'garden': '', 'yard': ''}",3.85,3.85,7955,7954.545454545455,23010900270090,6221755,ASP,HSSW,小西灣,1997/03,1997,29,F,6,1,1,HARMONY GARDEN,富欣花園,False
3898,2023-01-11,"CHEERFUL GARDEN(Phase 1),Block 2,SIU SAI WAN RD|富怡花園1期,2座,小西灣道",5452.369274787083,716,592,"{'bay_window': '', 'flat_roof': '', 'roof': '', 'ac_platform': '', 'plant_room': '', 'garden': '', 'yard': ''}",7.12,7.12,12027,12027.027027027027,23011801310036,6226773,ASP,HSSW,小西灣,1995/05,1995,31,A,28,2,1,CHEERFUL GARDEN,富怡花園,False
3899,2023-01-13,"YIU TSUI HSE(Block B,KAI TSUI COURT),SIU SAI WAN RD|佳翠苑,B座(耀翠閣),小西灣道",2992.3634541049737,829,606,"{'bay_window': '', 'flat_roof': '', 'roof': '', 'ac_platform': '', 'plant_room': '', 'garden': '', 'yard': ''}",4.0,4.0,6601,6600.660066006601,23012600750051,6228920,ASP,HSSW,小西灣,1993/08,1993,33,11,11,B,blank,KAI TSUI COURT,佳翠苑,False
3900,2023-01-05,"CHEERFUL GARDEN(Phase 2),Block 4,SIU SAI WAN RD|富怡花園2期,4座,小西灣道",2932.9458318026022,716,592,"{'bay_window': '', 'flat_roof': '', 'roof': '', 'ac_platform': '', 'plant_room': '', 'garden': '', 'yard': ''}",3.83,3.83,6470,6469.594594594595,23013001530030,6230379,ASP,HSSW,小西灣,1995/05,1995,31,A,3,4,2,CHEERFUL GARDEN,富怡花園,False
3901,2023-01-24,"HARMONY GARDEN(Phase 2),Block 4,SIU SAI WAN RD|富欣花園2期,4座,小西灣道",3024.8396959844067,693,592,"{'bay_window': '', 'flat_roof': '', 'roof': '', 'ac_platform': '', 'plant_room': '', 'garden': '', 'yard': ''}",3.95,3.95,6672,6672.2972972972975,23020802280097,6235561,PRO-ASP,HSSW,小西灣,1997/03,1997,29,G,1,4,2,HARMONY GARDEN,富欣花園,False
3902,2023-01-30,"CHEERFUL GARDEN(Phase 1),Block 3,SIU SAI WAN RD|富怡花園1期,3座,小西灣道",3254.574356438919,716,592,"{'bay_window': '', 'flat_roof': '', 'roof': '', 'ac_platform': '', 'plant_room': '', 'garden': '', 'yard': ''}",4.25,4.25,7179,7179.054054054054,23021501720024,6238602,ASP,HSSW,小西灣,1995/05,1995,31,A,11,3,1,CHEERFUL GARDEN,富怡花園,False
3903,2023-02-13,"HARMONY GARDEN(Phase 1),Block 8,SIU SAI WAN RD|富欣花園1期,8座,小西灣道",5861.245772393445,504,431,"{'bay_window': '', 'flat_roof': '', 'roof': '', 'ac_platform': '', 'plant_room': '', 'garden': '', 'yard': ''}",5.66,5.66,13132,13132.250580046404,23022100080124,6240572,ASP,HSSW,小西灣,1997/03,1997,29,A,11,8,1,HARMONY GARDEN,富欣花園,False
3904,2023-02-15,"HARMONY GARDEN(Phase 2),Block 5,SIU SAI WAN RD|富欣花園2期,5座,小西灣道",3504.2009775815436,567,484,"{'bay_window': '', 'flat_roof': '', 'roof': '', 'ac_platform': '', 'plant_room': '', 'garden': '', 'yard': ''}",3.8,3.8,7851,7851.239669421488,23022100080143,6240573,ASP,HSSW,小西灣,1997/03,1997,29,B,10,5,2,HARMONY GARDEN,富欣花園,False
3905,2023-02-13,"HARMONY GARDEN(Phase 1),Block 7,SIU SAI WAN RD|富欣花園1期,7座,小西灣道",3354.973357714762,695,592,"{'bay_window': '', 'flat_roof': '', 'roof': '', 'ac_platform': '', 'plant_room': '', 'garden': '', 'yard': ''}",4.45,4.45,7517,7516.891891891892,23022300120117,6241796,ASP,HSSW,小西灣,1997/03,1997,29,D,16,7,1,HARMONY GARDEN,富欣花園,False
3906,2023-02-06,"CHEERFUL GARDEN(Phase 1),Block 3,SIU SAI WAN RD|富怡花園1期,3座,小西灣道",3427.6896654809716,521,431,"{'bay_window': '', 'flat_roof': '', 'roof': '', 'ac_platform': '', 'plant_room': '', 'garden': '', 'yard': ''}",3.31,3.31,7680,7679.814385150812,23022300540064,6242015,ASP,HSSW,小西灣,1995/05,1995,31,K,10,3,1,CHEERFUL GARDEN,富怡花園,False
3908,2023-03-01,"HARMONY GARDEN(Phase 2),Block 5,SIU SAI WAN RD|富欣花園2期,5座,小西灣道",3561.407722059103,693,592,"{'bay_window': '', 'flat_roof': '', 'roof': '', 'ac_platform': '', 'plant_room': '', 'garden': '', 'yard': ''}",4.8,4.8,8108,8108.108108108108,23031502160112,6253130,PRO-ASP,HSSW,小西灣,1997/03,1997,29,G,6,5,2,HARMONY GARDEN,富欣花園,False
3909,2023-03-02,"CHEERFUL GARDEN(Phase 1),Block 2,SIU SAI WAN RD|富怡花園1期,2座,小西灣道",3501.1906832803256,584,483,"{'bay_window': '', 'flat_roof': '', 'roof': '', 'ac_platform': '', 'plant_room': '', 'garden': '', 'yard': ''}",3.85,3.85,7971,7971.014492753623,23031502160124,6253131,PRO-ASP,HSSW,小西灣,1995/05,1995,31,J,15,2,1,CHEERFUL GARDEN,富怡花園,False
3910,2023-03-14,"CHEERFUL GARDEN(Phase 1),Block 2,SIU SAI WAN RD|富怡花園1期,2座,小西灣道",3249.7845463789313,716,592,"{'bay_window': '', 'flat_roof': '', 'roof': '', 'ac_platform': '', 'plant_room': '', 'garden': '', 'yard': ''}",4.38,4.38,7399,7398.648648648648,23032201340322,6257076,ASP,HSSW,小西灣,1995/05,1995,31,D,30,2,1,CHEERFUL GARDEN,富怡花園,False
3911,2023-03-09,"YIU TSUI HSE(Block B,KAI TSUI COURT),SIU SAI WAN RD|佳翠苑,B座(耀翠閣),小西灣道",2922.825693085184,740,538,"{'bay_window': '4', 'flat_roof': '', 'roof': '', 'ac_platform': '', 'plant_room': '', 'garden': '', 'yard': ''}",3.58,3.58,6654,6654.275092936803,23032400700048,6258596,ASP,HSSW,小西灣,1993/08,1993,33,13,23,B,blank,KAI TSUI COURT,佳翠苑,False
3912,2023-03-22,"CHEERFUL GARDEN(Phase 1),Block 2,SIU SAI WAN RD|富怡花園1期,2座,小西灣道",3004.937765487368,716,592,"{'bay_window': '', 'flat_roof': '', 'roof': '', 'ac_platform': '', 'plant_room': '', 'garden': '', 'yard': ''}",4.05,4.05,6841,6841.216216216216,23032700260020,6259195,ASP,HSSW,小西灣,1995/05,1995,31,H,14,2,1,CHEERFUL GARDEN,富怡花園,False
3913,2023-03-15,"HARMONY GARDEN(Phase 1),Block 1,SIU SAI WAN RD|富欣花園1期,1座,小西灣道",3227.5257481160615,693,592,"{'bay_window': '', 'flat_roof': '', 'roof': '', 'ac_platform': '', 'plant_room': '', 'garden': '', 'yard': ''}",4.35,4.35,7348,7347.972972972973,23032701620060,6259584,ASP,HSSW,小西灣,1997/03,1997,29,A,2,1,1,HARMONY GARDEN,富欣花園,False
3916,2023-04-12,"CHEERFUL GARDEN(Phase 1),Block 3,SIU SAI WAN RD|富怡花園1期,3座,小西灣道",2775.3276580968327,716,592,"{'bay_window': '', 'flat_roof': '', 'roof': '', 'ac_platform': '', 'plant_room': '', 'garden': '', 'yard': ''}",3.8,3.8,6419,6418.918918918919,23041402270096,6267577,ASP,HSSW,小西灣,1995/05,1995,31,H,2,3,1,CHEERFUL GARDEN,富怡花園,False
3918,2023-04-11,"HARMONY GARDEN(Phase 2),Block 3,SIU SAI WAN RD|富欣花園2期,3座,小西灣道",3637.1399308742693,693,592,"{'bay_window': '', 'flat_roof': '', 'roof': '', 'ac_platform': '', 'plant_room': '', 'garden': '', 'yard': ''}",4.98,4.98,8412,8412.162162162162,23041800670035,6268588,PRO-ASP,HSSW,小西灣,1997/05,1997,29,C,28,3,2,HARMONY GARDEN,富欣花園,False
3919,2023-04-24,"HARMONY GARDEN(Phase 2),Block 2,SIU SAI WAN RD|富欣花園2期,2座,小西灣道",3198.085268303666,567,484,"{'bay_window': '', 'flat_roof': '', 'roof': '', 'ac_platform': '', 'plant_room': '', 'garden': '', 'yard': ''}",3.58,3.58,7397,7396.694214876033,23050300200057,6276769,ASP,HSSW,小西灣,1997/03,1997,29,B,1,2,2,HARMONY GARDEN,富欣花園,False
3920,2023-05-02,"HARMONY GARDEN(Phase 2),Block 5,SIU SAI WAN RD|富欣花園2期,5座,小西灣道",3746.201236667151,567,484,"{'bay_window': '', 'flat_roof': '', 'roof': '', 'ac_platform': '', 'plant_room': '', 'garden': '', 'yard': ''}",4.02,4.02,8306,8305.785123966942,23050400220118,6277445,ASP,HSSW,小西灣,1997/03,1997,29,B,25,5,2,HARMONY GARDEN,富欣花園,False
3921,2023-04-15,"HIN TSUI HSE(Block A,KAI TSUI COURT),SIU SAI WAN RD|佳翠苑,A座(顯翠閣),小西灣道",4942.761741392341,596,433,"{'bay_window': '', 'flat_roof': '', 'roof': '', 'ac_platform': '', 'plant_room': '', 'garden': '', 'yard': ''}",4.95,4.95,11432,11431.870669745958,23050500920064,6278442,PRO-ASP,HSSW,小西灣,1993/08,1993,33,15,10,A,blank,KAI TSUI COURT,佳翠苑,False
3924,2023-05-05,"HARMONY GARDEN(Phase 1),Block 1,SIU SAI WAN RD|富欣花園1期,1座,小西灣道",3429.3583460037603,567,484,"{'bay_window': '', 'flat_roof': '', 'roof': '', 'ac_platform': '', 'plant_room': '', 'garden': '', 'yard': ''}",3.68,3.68,7603,7603.305785123967,23051200160101,6282281,ASP,HSSW,小西灣,1997/03,1997,29,F,4,1,1,HARMONY GARDEN,富欣花園,False
3925,2023-04-26,"HARMONY GARDEN(Phase 2),Block 2,SIU SAI WAN RD|富欣花園2期,2座,小西灣道",4466.599536736964,567,484,"{'bay_window': '', 'flat_roof': '', 'roof': '', 'ac_platform': '', 'plant_room': '', 'garden': '', 'yard': ''}",5.0,5.0,10331,10330.578512396694,23051500280199,6283222,MEM-ASP,HSSW,小西灣,1997/03,1997,29,E,28,2,2,HARMONY GARDEN,富欣花園,False
3926,2023-05-15,"HARMONY GARDEN(Phase 2),Block 5,SIU SAI WAN RD|富欣花園2期,5座,小西灣道",3087.131699803395,504,431,"{'bay_window': '', 'flat_roof': '', 'roof': '', 'ac_platform': '', 'plant_room': '', 'garden': '', 'yard': ''}",2.95,2.95,6845,6844.547563805105,23052500140072,6289023,ASP,HSSW,小西灣,1997/03,1997,29,A,1,5,2,HARMONY GARDEN,富欣花園,False
3928,2023-05-18,"CHEERFUL GARDEN(Phase 2),Block 4,SIU SAI WAN RD|富怡花園2期,4座,小西灣道",3453.4015624919334,521,431,"{'bay_window': '', 'flat_roof': '', 'roof': '', 'ac_platform': '', 'plant_room': '', 'garden': '', 'yard': ''}",3.3,3.3,7657,7656.61252900232,23052502400055,6289759,ASP,HSSW,小西灣,1995/05,1995,31,E,36,4,2,CHEERFUL GARDEN,富怡花園,False
3929,2023-05-24,"HARMONY GARDEN(Phase 1),Block 8,SIU SAI WAN RD|富欣花園1期,8座,小西灣道",3717.992648627167,693,592,"{'bay_window': '', 'flat_roof': '', 'roof': '', 'ac_platform': '', 'plant_room': '', 'garden': '', 'yard': ''}",4.88,4.88,8243,8243.243243243243,23053001650132,6290871,ASP,HSSW,小西灣,1997/03,1997,29,H,25,8,1,HARMONY GARDEN,富欣花園,False
3930,2023-05-25,"CHEERFUL GARDEN(Phase 1),Block 1,SIU SAI WAN RD|富怡花園1期,1座,小西灣道",3446.660452876261,581,480,"{'bay_window': '', 'flat_roof': '', 'roof': '', 'ac_platform': '', 'plant_room': '', 'garden': '', 'yard': ''}",3.668,3.668,7642,7641.666666666667,23060100170101,6291681,ASP,HSSW,小西灣,1995/05,1995,31,E,23,1,1,CHEERFUL GARDEN,富怡花園,False
3931,2023-05-29,"HARMONY GARDEN(Phase 1),Block 8,SIU SAI WAN RD|富欣花園1期,8座,小西灣道",3530.0025583321312,567,484,"{'bay_window': '', 'flat_roof': '', 'roof': '', 'ac_platform': '', 'plant_room': '', 'garden': '', 'yard': ''}",3.788,3.788,7826,7826.446280991736,23060100260042,6291702,ASP,HSSW,小西灣,1997/03,1997,29,B,17,8,1,HARMONY GARDEN,富欣花園,False
3932,2023-05-18,"HARMONY GARDEN(Phase 2),Block 2,SIU SAI WAN RD|富欣花園2期,2座,小西灣道",3946.5577704690013,693,592,"{'bay_window': '', 'flat_roof': '', 'roof': '', 'ac_platform': '', 'plant_room': '', 'garden': '', 'yard': ''}",5.18,5.18,8750,8750.0,23060201340086,6292585,PRO-ASP,HSSW,小西灣,1997/03,1997,29,J,24,2,2,HARMONY GARDEN,富欣花園,False
3933,2023-05-30,"YIU TSUI HSE(Block B,KAI TSUI COURT),SIU SAI WAN RD|佳翠苑,B座(耀翠閣),小西灣道",2917.972473544548,742,541,"{'bay_window': '', 'flat_roof': '', 'roof': '', 'ac_platform': '', 'plant_room': '', 'garden': '', 'yard': ''}",3.5,3.5,6470,6469.500924214418,23060500110424,6292897,ASP,HSSW,小西灣,1993/08,1993,33,12,18,B,blank,KAI TSUI COURT,佳翠苑,False
3934,2023-05-30,"CHEERFUL GARDEN(Phase 2),Block 4,SIU SAI WAN RD|富怡花園2期,4座,小西灣道",2855.5402555439796,716,592,"{'bay_window': '', 'flat_roof': '', 'roof': '', 'ac_platform': '', 'plant_room': '', 'garden': '', 'yard': ''}",3.748,3.748,6331,6331.081081081081,23060500250048,6292986,ASP,HSSW,小西灣,1995/05,1995,31,G,2,4,2,CHEERFUL GARDEN,富怡花園,False
3935,2023-05-25,"HARMONY GARDEN(Phase 2),Block 3,SIU SAI WAN RD|富欣花園2期,3座,小西灣道",3123.7233318383983,693,592,"{'bay_window': '', 'flat_roof': '', 'roof': '', 'ac_platform': '', 'plant_room': '', 'garden': '', 'yard': ''}",4.1,4.1,6926,6925.675675675675,23060702030283,6294669,PRO-ASP,HSSW,小西灣,1997/05,1997,29,D,2,3,2,HARMONY GARDEN,富欣花園,False
3936,2023-06-09,"YIU TSUI HSE(Block B,KAI TSUI COURT),SIU SAI WAN RD|佳翠苑,B座(耀翠閣),小西灣道",3006.2272790831607,883,645,"{'bay_window': '', 'flat_roof': '', 'roof': '', 'ac_platform': '', 'plant_room': '', 'garden': '', 'yard': ''}",4.23,4.23,6558,6558.139534883721,23061400200022,6297548,ASP,HSSW,小西灣,1993/08,1993,33,1,27,B,blank,KAI TSUI COURT,佳翠苑,False
3937,2023-05-23,"CHEERFUL GARDEN(Phase 1),Block 2,SIU SAI WAN RD|富怡花園1期,2座,小西灣道",3716.604537466223,584,483,"{'bay_window': '', 'flat_roof': '', 'roof': '', 'ac_platform': '', 'plant_room': '', 'garden': '', 'yard': ''}",3.98,3.98,8240,8240.16563146998,23061600720064,6299405,PRO-ASP,HSSW,小西灣,1995/05,1995,31,J,21,2,1,CHEERFUL GARDEN,富怡花園,False
3938,2023-06-02,"YIU TSUI HSE(Block B,KAI TSUI COURT),SIU SAI WAN RD|佳翠苑,B座(耀翠閣),小西灣道",3063.5400173930457,829,606,"{'bay_window': '', 'flat_roof': '', 'roof': '', 'ac_platform': '', 'plant_room': '', 'garden': '', 'yard': ''}",4.05,4.05,6683,6683.168316831683,23062000470214,6300925,PRO-ASP,HSSW,小西灣,1993/08,1993,33,10,13,B,blank,KAI TSUI COURT,佳翠苑,False
3939,2023-06-03,"HARMONY GARDEN(Phase 1),Block 7,SIU SAI WAN RD|富欣花園1期,7座,小西灣道",4026.454497334403,693,592,"{'bay_window': '', 'flat_roof': '', 'roof': '', 'ac_platform': '', 'plant_room': '', 'garden': '', 'yard': ''}",5.2,5.2,8784,8783.783783783783,23062600760134,6303464,PRO-ASP,HSSW,小西灣,1997/03,1997,29,G,27,7,1,HARMONY GARDEN,富欣花園,False
3943,2023-06-12,"CHEERFUL GARDEN(Phase 2),Block 4,SIU SAI WAN RD|富怡花園2期,4座,小西灣道",3352.797687203455,716,592,"{'bay_window': '', 'flat_roof': '', 'roof': '', 'ac_platform': '', 'plant_room': '', 'garden': '', 'yard': ''}",4.33,4.33,7314,7314.189189189189,23070601190012,6309348,PRO-ASP,HSSW,小西灣,1995/05,1995,31,H,24,4,2,CHEERFUL GARDEN,富怡花園,False
3946,2023-06-15,"HIN TSUI HSE(Block A,KAI TSUI COURT),SIU SAI WAN RD|佳翠苑,A座(顯翠閣),小西灣道",4686.208122433807,740,538,"{'bay_window': '4', 'flat_roof': '', 'roof': '', 'ac_platform': '', 'plant_room': '', 'garden': '', 'yard': ''}",5.5,5.5,10223,10223.048327137547,23070700860136,6310023,PRO-ASP,HSSW,小西灣,1993/08,1993,33,4,6,A,blank,KAI TSUI COURT,佳翠苑,False
3949,2023-06-27,"CHEERFUL GARDEN(Phase 2),Block 4,SIU SAI WAN RD|富怡花園2期,4座,小西灣道",3290.8522333983105,716,592,"{'bay_window': '', 'flat_roof': '', 'roof': '', 'ac_platform': '', 'plant_room': '', 'garden': '', 'yard': ''}",4.25,4.25,7179,7179.054054054054,23071801460026,6314276,ASP,HSSW,小西灣,1995/05,1995,31,D,8,4,2,CHEERFUL GARDEN,富怡花園,False
3950,2023-07-13,"YIU TSUI HSE(Block B,KAI TSUI COURT),SIU SAI WAN RD|佳翠苑,B座(耀翠閣),小西灣道",2917.6642816331755,740,538,"{'bay_window': '4', 'flat_roof': '', 'roof': '', 'ac_platform': '', 'plant_room': '', 'garden': '', 'yard': ''}",3.33,3.33,6190,6189.591078066915,23072400360055,6316644,ASP,HSSW,小西灣,1993/08,1993,33,5,6,B,blank,KAI TSUI COURT,佳翠苑,False
3952,2023-07-28,"CHEERFUL GARDEN(Phase 1),Block 1,SIU SAI WAN RD|富怡花園1期,1座,小西灣道",3372.7530993233386,709,587,"{'bay_window': '', 'flat_roof': '', 'roof': '', 'ac_platform': '', 'plant_room': '', 'garden': '', 'yard': ''}",4.2,4.2,7155,7155.025553662692,23080802130035,6325182,ASP,HSSW,小西灣,1995/05,1995,31,C,29,1,1,CHEERFUL GARDEN,富怡花園,False
3953,2023-09-11,"CHEERFUL GARDEN(Phase 1),Block 3,SIU SAI WAN RD|富怡花園1期,3座,小西灣道",3234.750747976121,586,484,"{'bay_window': '', 'flat_roof': '', 'roof': '', 'ac_platform': '', 'plant_room': '', 'garden': '', 'yard': ''}",3.18,3.18,6570,6570.247933884298,23092500350080,6343183,ASP,HSSW,小西灣,1995/05,1995,31,F,16,3,1,CHEERFUL GARDEN,富怡花園,False
3954,2023-10-12,"CHEERFUL GARDEN(Phase 1),Block 1,SIU SAI WAN RD|富怡花園1期,1座,小西灣道",2829.9596989436814,581,480,"{'bay_window': '', 'flat_roof': '', 'roof': '', 'ac_platform': '', 'plant_room': '', 'garden': '', 'yard': ''}",2.8,2.8,5833,5833.333333333333,23101800650022,6349919,ASP,HSSW,小西灣,1995/05,1995,31,E,22,1,1,CHEERFUL GARDEN,富怡花園,False
3955,2023-10-13,"CHEERFUL GARDEN(Phase 1),Block 1,SIU SAI WAN RD|富怡花園1期,1座,小西灣道",5356.709430143397,580,480,"{'bay_window': '', 'flat_roof': '', 'roof': '', 'ac_platform': '', 'plant_room': '', 'garden': '', 'yard': ''}",5.3,5.3,11042,11041.666666666666,23101900310120,6350252,ASP,HSSW,小西灣,1995/05,1995,31,B,6,1,1,CHEERFUL GARDEN,富怡花園,False
3956,2023-10-31,"HARMONY GARDEN(Phase 2),Block 4,SIU SAI WAN RD|富欣花園2期,4座,小西灣道",4164.740160195542,504,431,"{'bay_window': '', 'flat_roof': '', 'roof': '', 'ac_platform': '', 'plant_room': '', 'garden': '', 'yard': ''}",3.7,3.7,8585,8584.686774941996,23110700380063,6355089,ASP,HSSW,小西灣,1997/03,1997,29,K,27,4,2,HARMONY GARDEN,富欣花園,False
3957,2023-11-01,"HARMONY GARDEN(Phase 1),Block 7,SIU SAI WAN RD|富欣花園1期,7座,小西灣道",6508.175904162037,504,431,"{'bay_window': '', 'flat_roof': '', 'roof': '', 'ac_platform': '', 'plant_room': '', 'garden': '', 'yard': ''}",5.56,5.56,12900,12900.232018561484,23112001340016,6358951,PRE-ASP,HSSW,小西灣,1997/03,1997,29,A,28,7,1,HARMONY GARDEN,富欣花園,False
3958,2023-11-23,"HARMONY GARDEN(Phase 1),Block 1,SIU SAI WAN RD|富欣花園1期,1座,小西灣道",3834.886972013621,693,592,"{'bay_window': '', 'flat_roof': '', 'roof': '', 'ac_platform': '', 'plant_room': '', 'garden': '', 'yard': ''}",4.5,4.5,7601,7601.351351351352,23112902040023,6361869,ASP,HSSW,小西灣,1997/03,1997,29,D,18,1,1,HARMONY GARDEN,富欣花園,False
3960,2023-12-04,"HARMONY GARDEN(Phase 2),Block 3,SIU SAI WAN RD|富欣花園2期,3座,小西灣道",4117.419924114784,504,414,"{'bay_window': '', 'flat_roof': '', 'roof': '', 'ac_platform': '', 'plant_room': '', 'garden': '', 'yard': ''}",3.368,3.368,8135,8135.265700483092,23120701000031,6364039,ASP,HSSW,小西灣,1997/05,1997,29,A,13,3,2,HARMONY GARDEN,富欣花園,False
3961,2023-12-11,"YIU TSUI HSE(Block B,KAI TSUI COURT),SIU SAI WAN RD|佳翠苑,B座(耀翠閣),小西灣道",4792.359401617475,596,433,"{'bay_window': '', 'flat_roof': '', 'roof': '', 'ac_platform': '', 'plant_room': '', 'garden': '', 'yard': ''}",4.1,4.1,9469,9468.822170900692,24010200650057,6370574,ASP,HSSW,小西灣,1993/08,1993,33,15,4,B,blank,KAI TSUI COURT,佳翠苑,False
3962,2023-12-21,"HARMONY GARDEN(Phase 2),Block 3,SIU SAI WAN RD|富欣花園2期,3座,小西灣道",3376.982491165313,693,592,"{'bay_window': '', 'flat_roof': '', 'roof': '', 'ac_platform': '', 'plant_room': '', 'garden': '', 'yard': ''}",3.95,3.95,6672,6672.2972972972975,24010500210025,6371878,ASP,HSSW,小西灣,1997/05,1997,29,J,4,3,2,HARMONY GARDEN,富欣花園,False
3963,2023-12-20,"YIU TSUI HSE(Block B,KAI TSUI COURT),SIU SAI WAN RD|佳翠苑,B座(耀翠閣),小西灣道",4675.472586943878,596,433,"{'bay_window': '', 'flat_roof': '', 'roof': '', 'ac_platform': '', 'plant_room': '', 'garden': '', 'yard': ''}",4.0,4.0,9238,9237.875288683603,24010501880060,6372331,ASP,HSSW,小西灣,1993/08,1993,33,7,6,B,blank,KAI TSUI COURT,佳翠苑,False
3964,2024-01-16,"CHEERFUL GARDEN(Phase 1),Block 1,SIU SAI WAN RD|富怡花園1期,1座,小西灣道",3891.8745610160195,709,587,"{'bay_window': '', 'flat_roof': '', 'roof': '', 'ac_platform': '', 'plant_room': '', 'garden': '', 'yard': ''}",4.33,4.33,7376,7376.490630323679,24012301630084,6377575,ASP,HSSW,小西灣,1995/05,1995,31,J,29,1,1,CHEERFUL GARDEN,富怡花園,False
3965,2024-02-02,"CHEERFUL GARDEN(Phase 1),Block 3,SIU SAI WAN RD|富怡花園1期,3座,小西灣道",3383.534452855703,716,592,"{'bay_window': '', 'flat_roof': '', 'roof': '', 'ac_platform': '', 'plant_room': '', 'garden': '', 'yard': ''}",4.0,4.0,6757,6756.756756756757,24021400030064,6383277,ASP,HSSW,小西灣,1995/05,1995,31,H,29,3,1,CHEERFUL GARDEN,富怡花園,False
3966,2024-02-20,"YIU TSUI HSE(Block B,KAI TSUI COURT),SIU SAI WAN RD|佳翠苑,B座(耀翠閣),小西灣道",3240.685694753629,889,649,"{'bay_window': '', 'flat_roof': '', 'roof': '', 'ac_platform': '', 'plant_room': '', 'garden': '', 'yard': ''}",4.2,4.2,6471,6471.494607087828,24022701510425,6387184,ASP,HSSW,小西灣,1993/08,1993,33,1,8,B,blank,KAI TSUI COURT,佳翠苑,False
3967,2024-02-23,"CHEERFUL GARDEN(Phase 1),Block 1,SIU SAI WAN RD|富怡花園1期,1座,小西灣道",2608.1411407429378,580,480,"{'bay_window': '', 'flat_roof': '', 'roof': '', 'ac_platform': '', 'plant_room': '', 'garden': '', 'yard': ''}",2.5,2.5,5208,5208.333333333333,24022801660044,6387648,ASP,HSSW,小西灣,1995/05,1995,31,B,30,1,1,CHEERFUL GARDEN,富怡花園,False
3968,2024-02-24,"HIN TSUI HSE(Block A,KAI TSUI COURT),SIU SAI WAN RD|佳翠苑,A座(顯翠閣),小西灣道",3573.575002263211,596,433,"{'bay_window': '', 'flat_roof': '', 'roof': '', 'ac_platform': '', 'plant_room': '', 'garden': '', 'yard': ''}",3.09,3.09,7136,7136.258660508083,24030800620050,6389907,PRO-ASP,HSSW,小西灣,1993/08,1993,33,6,18,A,blank,KAI TSUI COURT,佳翠苑,False
3970,2024-03-18,"CHEERFUL GARDEN(Phase 1),Block 1,SIU SAI WAN RD|富怡花園1期,1座,小西灣道",4923.625786728987,701,579,"{'bay_window': '', 'flat_roof': '', 'roof': '', 'ac_platform': '', 'plant_room': '', 'garden': '', 'yard': ''}",5.6,5.6,9672,9671.848013816925,24032600140065,6396460,ASP,HSSW,小西灣,1995/05,1995,31,G,27,1,1,CHEERFUL GARDEN,富怡花園,False
3971,2024-03-18,"HARMONY GARDEN(Phase 2),Block 3,SIU SAI WAN RD|富欣花園2期,3座,小西灣道",3482.642461567971,693,592,"{'bay_window': '', 'flat_roof': '', 'roof': '', 'ac_platform': '', 'plant_room': '', 'garden': '', 'yard': ''}",4.05,4.05,6841,6841.216216216216,24032700830095,6397701,PRO-ASP,HSSW,小西灣,1997/05,1997,29,J,7,3,2,HARMONY GARDEN,富欣花園,False
3972,2024-03-26,"CHEERFUL GARDEN(Phase 2),Block 5,SIU SAI WAN RD|富怡花園2期,5座,小西灣道",3525.6380475132546,716,592,"{'bay_window': '', 'flat_roof': '', 'roof': '', 'ac_platform': '', 'plant_room': '', 'garden': '', 'yard': ''}",4.1,4.1,6926,6925.675675675675,24040201290183,6399885,ASP,HSSW,小西灣,1995/05,1995,31,G,26,5,2,CHEERFUL GARDEN,富怡花園,False
3973,2024-03-16,"HARMONY GARDEN(Phase 2),Block 5,SIU SAI WAN RD|富欣花園2期,5座,小西灣道",3525.6380475132546,693,592,"{'bay_window': '', 'flat_roof': '', 'roof': '', 'ac_platform': '', 'plant_room': '', 'garden': '', 'yard': ''}",4.1,4.1,6926,6925.675675675675,24040300620087,6400387,PRO-ASP,HSSW,小西灣,1997/03,1997,29,K,8,5,2,HARMONY GARDEN,富欣花園,False
3974,2024-04-05,"HIN TSUI HSE(Block A,KAI TSUI COURT),SIU SAI WAN RD|佳翠苑,A座(顯翠閣),小西灣道",4521.69622951761,740,538,"{'bay_window': '4', 'flat_roof': '', 'roof': '', 'ac_platform': '', 'plant_room': '', 'garden': '', 'yard': ''}",4.768,4.768,8862,8862.453531598512,24041100140053,6404573,ASP,HSSW,小西灣,1993/08,1993,33,5,24,A,blank,KAI TSUI COURT,佳翠苑,False
3975,2024-03-27,"CHEERFUL GARDEN(Phase 1),Block 2,SIU SAI WAN RD|富怡花園1期,2座,小西灣道",3826.60714913024,716,592,"{'bay_window': '', 'flat_roof': '', 'roof': '', 'ac_platform': '', 'plant_room': '', 'garden': '', 'yard': ''}",4.45,4.45,7517,7516.891891891892,24041600730058,6407591,PRO-ASP,HSSW,小西灣,1995/05,1995,31,B,27,2,1,CHEERFUL GARDEN,富怡花園,False
3976,2024-04-12,"CHEERFUL GARDEN(Phase 2),Block 4,SIU SAI WAN RD|富怡花園2期,4座,小西灣道",3774.8510137560074,716,592,"{'bay_window': '', 'flat_roof': '', 'roof': '', 'ac_platform': '', 'plant_room': '', 'garden': '', 'yard': ''}",4.38,4.38,7399,7398.648648648648,24041700170021,6408281,ASP,HSSW,小西灣,1995/05,1995,31,H,35,4,2,CHEERFUL GARDEN,富怡花園,False
3977,2024-04-05,"HARMONY GARDEN(Phase 2),Block 4,SIU SAI WAN RD|富欣花園2期,4座,小西灣道",3361.168710878637,693,592,"{'bay_window': '', 'flat_roof': '', 'roof': '', 'ac_platform': '', 'plant_room': '', 'garden': '', 'yard': ''}",3.9,3.9,6588,6587.8378378378375,24041700590046,6408538,ASP,HSSW,小西灣,1997/03,1997,29,A,3,4,2,HARMONY GARDEN,富欣花園,False
3978,2024-04-02,"HARMONY GARDEN(Phase 2),Block 5,SIU SAI WAN RD|富欣花園2期,5座,小西灣道",3531.39954832301,567,484,"{'bay_window': '', 'flat_roof': '', 'roof': '', 'ac_platform': '', 'plant_room': '', 'garden': '', 'yard': ''}",3.35,3.35,6921,6921.487603305785,24041800540107,6409399,PRO-ASP,HSSW,小西灣,1997/03,1997,29,E,22,5,2,HARMONY GARDEN,富欣花園,False
3980,2024-04-15,"HIN TSUI HSE(Block A,KAI TSUI COURT),SIU SAI WAN RD|佳翠苑,A座(顯翠閣),小西灣道",3268.5211117967256,877,640,"{'bay_window': '', 'flat_roof': '', 'roof': '', 'ac_platform': '', 'plant_room': '', 'garden': '', 'yard': ''}",4.1,4.1,6406,6406.249999999999,24042200240051,6411140,ASP,HSSW,小西灣,1993/08,1993,33,1,38,A,blank,KAI TSUI COURT,佳翠苑,False
3981,2024-04-19,"CHEERFUL GARDEN(Phase 2),Block 4,SIU SAI WAN RD|富怡花園2期,4座,小西灣道",3619.720150176994,716,592,"{'bay_window': '', 'flat_roof': '', 'roof': '', 'ac_platform': '', 'plant_room': '', 'garden': '', 'yard': ''}",4.2,4.2,7095,7094.594594594595,24042301980190,6412473,ASP,HSSW,小西灣,1995/05,1995,31,H,10,4,2,CHEERFUL GARDEN,富怡花園,False
3983,2024-04-14,"HARMONY GARDEN(Phase 2),Block 5,SIU SAI WAN RD|富欣花園2期,5座,小西灣道",3878.271589475351,693,592,"{'bay_window': '', 'flat_roof': '', 'roof': '', 'ac_platform': '', 'plant_room': '', 'garden': '', 'yard': ''}",4.5,4.5,7601,7601.351351351352,24042400720057,6412821,PRO-ASP,HSSW,小西灣,1997/03,1997,29,D,13,5,2,HARMONY GARDEN,富欣花園,False
3984,2024-04-23,"CHEERFUL GARDEN(Phase 2),Block 5,SIU SAI WAN RD|富怡花園2期,5座,小西灣道",3335.313566948802,716,592,"{'bay_window': '', 'flat_roof': '', 'roof': '', 'ac_platform': '', 'plant_room': '', 'garden': '', 'yard': ''}",3.87,3.87,6537,6537.1621621621625,24042601470024,6414605,ASP,HSSW,小西灣,1995/05,1995,31,H,8,5,2,CHEERFUL GARDEN,富怡花園,False
3985,2024-04-15,"YIU TSUI HSE(Block B,KAI TSUI COURT),SIU SAI WAN RD|佳翠苑,B座(耀翠閣),小西灣道",3017.8672002883977,741,541,"{'bay_window': '', 'flat_roof': '', 'roof': '', 'ac_platform': '', 'plant_room': '', 'garden': '', 'yard': ''}",3.2,3.2,5915,5914.972273567468,24043000630077,6415963,PRO-ASP,HSSW,小西灣,1993/08,1993,33,5,21,B,blank,KAI TSUI COURT,佳翠苑,False
3986,2024-04-24,"CHEERFUL GARDEN(Phase 1),Block 3,SIU SAI WAN RD|富怡花園1期,3座,小西灣道",3385.300178546484,716,592,"{'bay_window': '', 'flat_roof': '', 'roof': '', 'ac_platform': '', 'plant_room': '', 'garden': '', 'yard': ''}",3.928,3.928,6635,6635.135135135135,24050200170023,6416578,ASP,HSSW,小西灣,1995/05,1995,31,G,23,3,1,CHEERFUL GARDEN,富怡花園,False
3988,2024-04-18,"HARMONY GARDEN(Phase 2),Block 5,SIU SAI WAN RD|富欣花園2期,5座,小西灣道",3861.0348268554603,693,592,"{'bay_window': '', 'flat_roof': '', 'roof': '', 'ac_platform': '', 'plant_room': '', 'garden': '', 'yard': ''}",4.48,4.48,7568,7567.5675675675675,24050301100059,6417487,PRO-ASP,HSSW,小西灣,1997/03,1997,29,C,18,5,2,HARMONY GARDEN,富欣花園,False
3989,2024-04-20,"HARMONY GARDEN(Phase 2),Block 3,SIU SAI WAN RD|富欣花園2期,3座,小西灣道",4309.190654972613,693,592,"{'bay_window': '', 'flat_roof': '', 'roof': '', 'ac_platform': '', 'plant_room': '', 'garden': '', 'yard': ''}",5.0,5.0,8446,8445.945945945947,24050301100064,6417488,PRO-ASP,HSSW,小西灣,1997/05,1997,29,K,16,3,2,HARMONY GARDEN,富欣花園,False
3990,2024-04-29,"CHEERFUL GARDEN(Phase 2),Block 5,SIU SAI WAN RD|富怡花園2期,5座,小西灣道",3792.0877763758986,716,592,"{'bay_window': '', 'flat_roof': '', 'roof': '', 'ac_platform': '', 'plant_room': '', 'garden': '', 'yard': ''}",4.4,4.4,7432,7432.4324324324325,24050701250103,6418954,ASP,HSSW,小西灣,1995/05,1995,31,A,36,5,2,CHEERFUL GARDEN,富怡花園,False
3991,2024-05-06,"CHEERFUL GARDEN(Phase 1),Block 2,SIU SAI WAN RD|富怡花園1期,2座,小西灣道",3289.095058446307,521,431,"{'bay_window': '', 'flat_roof': '', 'roof': '', 'ac_platform': '', 'plant_room': '', 'garden': '', 'yard': ''}",2.78,2.78,6450,6450.116009280742,24050801650217,6419877,ASP,HSSW,小西灣,1995/05,1995,31,E,17,2,1,CHEERFUL GARDEN,富怡花園,False
3992,2024-05-07,"HARMONY GARDEN(Phase 1),Block 7,SIU SAI WAN RD|富欣花園1期,7座,小西灣道",3502.058047842111,504,431,"{'bay_window': '', 'flat_roof': '', 'roof': '', 'ac_platform': '', 'plant_room': '', 'garden': '', 'yard': ''}",2.96,2.96,6868,6867.749419953596,24050801650253,6419880,ASP,HSSW,小西灣,1997/03,1997,29,A,16,7,1,HARMONY GARDEN,富欣花園,False
3993,2024-05-06,"HARMONY GARDEN(Phase 1),Block 8,SIU SAI WAN RD|富欣花園1期,8座,小西灣道",4003.567309830669,567,484,"{'bay_window': '', 'flat_roof': '', 'roof': '', 'ac_platform': '', 'plant_room': '', 'garden': '', 'yard': ''}",3.8,3.8,7851,7851.239669421488,24050900130150,6420114,ASP,HSSW,小西灣,1997/03,1997,29,B,23,8,1,HARMONY GARDEN,富欣花園,False
3994,2024-05-06,"CHEERFUL GARDEN(Phase 1),Block 2,SIU SAI WAN RD|富怡花園1期,2座,小西灣道",3557.43721860185,716,592,"{'bay_window': '', 'flat_roof': '', 'roof': '', 'ac_platform': '', 'plant_room': '', 'garden': '', 'yard': ''}",4.13,4.13,6976,6976.351351351352,24050902050401,6420664,ASP,HSSW,小西灣,1995/05,1995,31,B,7,2,1,CHEERFUL GARDEN,富怡花園,False
3997,2024-05-03,"CHEERFUL GARDEN(Phase 2),Block 5,SIU SAI WAN RD|富怡花園2期,5座,小西灣道",3312.7576128236187,521,431,"{'bay_window': '', 'flat_roof': '', 'roof': '', 'ac_platform': '', 'plant_room': '', 'garden': '', 'yard': ''}",2.8,2.8,6497,6496.519721577726,24051301720136,6422017,ASP,HSSW,小西灣,1995/05,1995,31,K,29,5,2,CHEERFUL GARDEN,富怡花園,False
3999,2024-05-06,"CHEERFUL GARDEN(Phase 1),Block 1,SIU SAI WAN RD|富怡花園1期,1座,小西灣道",3257.632326433544,709,587,"{'bay_window': '', 'flat_roof': '', 'roof': '', 'ac_platform': '', 'plant_room': '', 'garden': '', 'yard': ''}",3.75,3.75,6388,6388.415672913117,24051401050230,6422398,ASP,HSSW,小西灣,1995/05,1995,31,H,25,1,1,CHEERFUL GARDEN,富怡花園,False
4000,2024-05-08,"HARMONY GARDEN(Phase 1),Block 1,SIU SAI WAN RD|富欣花園1期,1座,小西灣道",3645.3533926352934,567,484,"{'bay_window': '', 'flat_roof': '', 'roof': '', 'ac_platform': '', 'plant_room': '', 'garden': '', 'yard': ''}",3.46,3.46,7149,7148.760330578512,24051700250155,6423498,ASP,HSSW,小西灣,1997/03,1997,29,F,13,1,1,HARMONY GARDEN,富欣花園,False
4001,2024-05-06,"HARMONY GARDEN(Phase 2),Block 2,SIU SAI WAN RD|富欣花園2期,2座,小西灣道",3772.7784545946975,693,592,"{'bay_window': '', 'flat_roof': '', 'roof': '', 'ac_platform': '', 'plant_room': '', 'garden': '', 'yard': ''}",4.38,4.38,7399,7398.648648648648,24051700490100,6423568,ASP,HSSW,小西灣,1997/03,1997,29,G,10,2,2,HARMONY GARDEN,富欣花園,False
4002,2024-05-10,"CHEERFUL GARDEN(Phase 1),Block 1,SIU SAI WAN RD|富怡花園1期,1座,小西灣道",3378.2733102558,581,480,"{'bay_window': '', 'flat_roof': '', 'roof': '', 'ac_platform': '', 'plant_room': '', 'garden': '', 'yard': ''}",3.18,3.18,6625,6625.0,24051700490128,6423569,ASP,HSSW,小西灣,1995/05,1995,31,E,1,1,1,CHEERFUL GARDEN,富怡花園,False
4004,2024-04-25,"CHEERFUL GARDEN(Phase 1),Block 3,SIU SAI WAN RD|富怡花園1期,3座,小西灣道",3602.4833875571035,716,592,"{'bay_window': '', 'flat_roof': '', 'roof': '', 'ac_platform': '', 'plant_room': '', 'garden': '', 'yard': ''}",4.18,4.18,7061,7060.81081081081,24051701000071,6423663,PRO-ASP,HSSW,小西灣,1995/05,1995,31,H,17,3,1,CHEERFUL GARDEN,富怡花園,False
4005,2024-04-29,"CHEERFUL GARDEN(Phase 2),Block 4,SIU SAI WAN RD|富怡花園2期,4座,小西灣道",3464.5892865979795,716,592,"{'bay_window': '', 'flat_roof': '', 'roof': '', 'ac_platform': '', 'plant_room': '', 'garden': '', 'yard': ''}",4.02,4.02,6791,6790.54054054054,24052000350047,6424367,ASP,HSSW,小西灣,1995/05,1995,31,C,38,4,2,CHEERFUL GARDEN,富怡花園,False
4006,2024-05-04,"CHEERFUL GARDEN(Phase 1),Block 3,SIU SAI WAN RD|富怡花園1期,3座,小西灣道",3807.2330523535534,716,592,"{'bay_window': '', 'flat_roof': '', 'roof': '', 'ac_platform': '', 'plant_room': '', 'garden': '', 'yard': ''}",4.42,4.42,7466,7466.216216216216,24052100500064,6425071,PRO-ASP,HSSW,小西灣,1995/05,1995,31,A,32,3,1,CHEERFUL GARDEN,富怡花園,False
4007,2024-05-08,"HARMONY GARDEN(Phase 1),Block 7,SIU SAI WAN RD|富欣花園1期,7座,小西灣道",3963.477858199687,504,431,"{'bay_window': '', 'flat_roof': '', 'roof': '', 'ac_platform': '', 'plant_room': '', 'garden': '', 'yard': ''}",3.35,3.35,7773,7772.62180974478,24052100500095,6425074,PRO-ASP,HSSW,小西灣,1997/03,1997,29,F,3,7,1,HARMONY GARDEN,富欣花園,False
4008,2024-05-16,"CHEERFUL GARDEN(Phase 2),Block 5,SIU SAI WAN RD|富怡花園2期,5座,小西灣道",3342.095982609002,716,592,"{'bay_window': '', 'flat_roof': '', 'roof': '', 'ac_platform': '', 'plant_room': '', 'garden': '', 'yard': ''}",3.88,3.88,6554,6554.054054054054,24052101880033,6425476,ASP,HSSW,小西灣,1995/05,1995,31,A,2,5,2,CHEERFUL GARDEN,富怡花園,False
4009,2024-05-09,"CHEERFUL GARDEN(Phase 1),Block 3,SIU SAI WAN RD|富怡花園1期,3座,小西灣道",3703.869259076986,716,592,"{'bay_window': '', 'flat_roof': '', 'roof': '', 'ac_platform': '', 'plant_room': '', 'garden': '', 'yard': ''}",4.3,4.3,7264,7263.513513513513,24052201110024,6425884,ASP,HSSW,小西灣,1995/05,1995,31,B,22,3,1,CHEERFUL GARDEN,富怡花園,False
4010,2024-05-17,"CHEERFUL GARDEN(Phase 2),Block 5,SIU SAI WAN RD|富怡花園2期,5座,小西灣道",3273.1867870912906,716,592,"{'bay_window': '', 'flat_roof': '', 'roof': '', 'ac_platform': '', 'plant_room': '', 'garden': '', 'yard': ''}",3.8,3.8,6419,6418.918918918919,24052300370067,6426360,ASP,HSSW,小西灣,1995/05,1995,31,D,39,5,2,CHEERFUL GARDEN,富怡花園,False
4011,2024-05-17,"CHEERFUL GARDEN(Phase 2),Block 5,SIU SAI WAN RD|富怡花園2期,5座,小西灣道",3514.3689714032803,716,592,"{'bay_window': '', 'flat_roof': '', 'roof': '', 'ac_platform': '', 'plant_room': '', 'garden': '', 'yard': ''}",4.08,4.08,6892,6891.891891891892,24052300410302,6426379,ASP,HSSW,小西灣,1995/05,1995,31,A,8,5,2,CHEERFUL GARDEN,富怡花園,False
4014,2024-05-23,"CHEERFUL GARDEN(Phase 1),Block 2,SIU SAI WAN RD|富怡花園1期,2座,小西灣道",3772.7784545946975,716,592,"{'bay_window': '', 'flat_roof': '', 'roof': '', 'ac_platform': '', 'plant_room': '', 'garden': '', 'yard': ''}",4.38,4.38,7399,7398.648648648648,24053000130206,6429747,ASP,HSSW,小西灣,1995/05,1995,31,D,33,2,1,CHEERFUL GARDEN,富怡花園,False
4015,2024-05-24,"HIN TSUI HSE(Block A,KAI TSUI COURT),SIU SAI WAN RD|佳翠苑,A座(顯翠閣),小西灣道",3308.5632469975403,823,598,"{'bay_window': '', 'flat_roof': '', 'roof': '', 'ac_platform': '', 'plant_room': '', 'garden': '', 'yard': ''}",3.88,3.88,6488,6488.294314381271,24053001400035,6430097,ASP,HSSW,小西灣,1993/08,1993,33,11,28,A,blank,KAI TSUI COURT,佳翠苑,False
4016,2024-05-21,"CHEERFUL GARDEN(Phase 2),Block 5,SIU SAI WAN RD|富怡花園2期,5座,小西灣道",3402.391528686999,716,592,"{'bay_window': '', 'flat_roof': '', 'roof': '', 'ac_platform': '', 'plant_room': '', 'garden': '', 'yard': ''}",3.95,3.95,6672,6672.2972972972975,24053102040316,6430874,ASP,HSSW,小西灣,1995/05,1995,31,B,3,5,2,CHEERFUL GARDEN,富怡花園,False
4019,2024-05-26,"HARMONY GARDEN(Phase 2),Block 5,SIU SAI WAN RD|富欣花園2期,5座,小西灣道",3890.123939630021,504,431,"{'bay_window': '', 'flat_roof': '', 'roof': '', 'ac_platform': '', 'plant_room': '', 'garden': '', 'yard': ''}",3.288,3.288,7629,7628.77030162413,24060700850031,6433631,PRO-ASP,HSSW,小西灣,1997/03,1997,29,A,17,5,2,HARMONY GARDEN,富欣花園,False
4020,2024-05-31,"YIU TSUI HSE(Block B,KAI TSUI COURT),SIU SAI WAN RD|佳翠苑,B座(耀翠閣),小西灣道",3203.6371715408864,737,538,"{'bay_window': '', 'flat_roof': '', 'roof': '', 'ac_platform': '', 'plant_room': '', 'garden': '', 'yard': ''}",3.38,3.38,6283,6282.527881040892,24060702160142,6433981,ASP,HSSW,小西灣,1993/08,1993,33,5,35,B,blank,KAI TSUI COURT,佳翠苑,False
4021,2024-06-06,"CHEERFUL GARDEN(Phase 2),Block 5,SIU SAI WAN RD|富怡花園2期,5座,小西灣道",3370.8712149535577,716,592,"{'bay_window': '', 'flat_roof': '', 'roof': '', 'ac_platform': '', 'plant_room': '', 'garden': '', 'yard': ''}",3.8,3.8,6419,6418.918918918919,24061100160028,6434145,ASP,HSSW,小西灣,1995/05,1995,31,B,5,5,2,CHEERFUL GARDEN,富怡花園,False
4022,2024-05-24,"HIN TSUI HSE(Block A,KAI TSUI COURT),SIU SAI WAN RD|佳翠苑,A座(顯翠閣),小西灣道",3201.6030337566817,600,438,"{'bay_window': '', 'flat_roof': '', 'roof': '', 'ac_platform': '', 'plant_room': '', 'garden': '', 'yard': ''}",2.75,2.75,6279,6278.5388127853885,24061100220188,6434197,ASP,HSSW,小西灣,1993/08,1993,33,15,7,A,blank,KAI TSUI COURT,佳翠苑,False
4023,2024-06-03,"HARMONY GARDEN(Phase 2),Block 2,SIU SAI WAN RD|富欣花園2期,2座,小西灣道",4417.615434333872,693,592,"{'bay_window': '', 'flat_roof': '', 'roof': '', 'ac_platform': '', 'plant_room': '', 'garden': '', 'yard': ''}",4.98,4.98,8412,8412.162162162162,24061202060035,6435311,ASP,HSSW,小西灣,1997/03,1997,29,J,18,2,2,HARMONY GARDEN,富欣花園,False
4024,2024-05-29,"HARMONY GARDEN(Phase 2),Block 5,SIU SAI WAN RD|富欣花園2期,5座,小西灣道",3644.0333741059803,504,431,"{'bay_window': '', 'flat_roof': '', 'roof': '', 'ac_platform': '', 'plant_room': '', 'garden': '', 'yard': ''}",3.08,3.08,7146,7146.171693735499,24061300520027,6435573,PRO-ASP,HSSW,小西灣,1997/03,1997,29,A,15,5,2,HARMONY GARDEN,富欣花園,False
4025,2024-05-27,"HARMONY GARDEN(Phase 2),Block 6,SIU SAI WAN RD|富欣花園2期,6座,小西灣道",3809.671254747162,504,431,"{'bay_window': '', 'flat_roof': '', 'roof': '', 'ac_platform': '', 'plant_room': '', 'garden': '', 'yard': ''}",3.22,3.22,7471,7470.997679814385,24061301950046,6435961,ASP,HSSW,小西灣,1997/03,1997,29,F,20,6,2,HARMONY GARDEN,富欣花園,False
4026,2024-06-06,"CHEERFUL GARDEN(Phase 1),Block 3,SIU SAI WAN RD|富怡花園1期,3座,小西灣道",4022.859490701903,584,483,"{'bay_window': '', 'flat_roof': '', 'roof': '', 'ac_platform': '', 'plant_room': '', 'garden': '', 'yard': ''}",3.7,3.7,7660,7660.455486542443,24061800360036,6437620,ASP,HSSW,小西灣,1995/05,1995,31,J,8,3,1,CHEERFUL GARDEN,富怡花園,False
4027,2024-05-22,"CHEERFUL GARDEN(Phase 1),Block 2,SIU SAI WAN RD|富怡花園1期,2座,小西灣道",2366.2554377311562,521,431,"{'bay_window': '', 'flat_roof': '', 'roof': '', 'ac_platform': '', 'plant_room': '', 'garden': '', 'yard': ''}",2.0,2.0,4640,4640.371229698376,24062000970024,6439272,PRO-ASP,HSSW,小西灣,1995/05,1995,31,E,7,2,1,CHEERFUL GARDEN,富怡花園,False
4028,2024-06-08,"HARMONY GARDEN(Phase 1),Block 7,SIU SAI WAN RD|富欣花園1期,7座,小西灣道",4101.348830999605,567,484,"{'bay_window': '', 'flat_roof': '', 'roof': '', 'ac_platform': '', 'plant_room': '', 'garden': '', 'yard': ''}",3.78,3.78,7810,7809.917355371901,24062100860089,6439935,PRO-ASP,HSSW,小西灣,1997/03,1997,29,B,30,7,1,HARMONY GARDEN,富欣花園,False
4029,2024-06-18,"CHEERFUL GARDEN(Phase 1),Block 3,SIU SAI WAN RD|富怡花園1期,3座,小西灣道",3417.7906924996705,586,484,"{'bay_window': '', 'flat_roof': '', 'roof': '', 'ac_platform': '', 'plant_room': '', 'garden': '', 'yard': ''}",3.15,3.15,6508,6508.264462809917,24062101610051,6440141,ASP,HSSW,小西灣,1995/05,1995,31,F,3,3,1,CHEERFUL GARDEN,富怡花園,False
4031,2024-06-19,"CHEERFUL GARDEN(Phase 2),Block 4,SIU SAI WAN RD|富怡花園2期,4座,小西灣道",3353.1297875064333,716,592,"{'bay_window': '', 'flat_roof': '', 'roof': '', 'ac_platform': '', 'plant_room': '', 'garden': '', 'yard': ''}",3.78,3.78,6385,6385.135135135135,24062401690028,6441105,ASP,HSSW,小西灣,1995/05,1995,31,B,6,4,2,CHEERFUL GARDEN,富怡花園,False
4034,2024-06-24,"HARMONY GARDEN(Phase 2),Block 4,SIU SAI WAN RD|富欣花園2期,4座,小西灣道",4068.7984434519885,567,484,"{'bay_window': '', 'flat_roof': '', 'roof': '', 'ac_platform': '', 'plant_room': '', 'garden': '', 'yard': ''}",3.75,3.75,7748,7747.93388429752,24070200760082,6444869,ASP,HSSW,小西灣,1997/03,1997,29,J,14,4,2,HARMONY GARDEN,富欣花園,False
4035,2024-06-26,"CHEERFUL GARDEN(Phase 1),Block 1,SIU SAI WAN RD|富怡花園1期,1座,小西灣道",3471.154104680231,709,587,"{'bay_window': '', 'flat_roof': '', 'roof': '', 'ac_platform': '', 'plant_room': '', 'garden': '', 'yard': ''}",3.88,3.88,6610,6609.880749574106,24070400680064,6446252,ASP,HSSW,小西灣,1995/05,1995,31,J,6,1,1,CHEERFUL GARDEN,富怡花園,False
4038,2024-06-18,"HARMONY GARDEN(Phase 1),Block 1,SIU SAI WAN RD|富欣花園1期,1座,小西灣道",4683.7368460407315,693,592,"{'bay_window': '', 'flat_roof': '', 'roof': '', 'ac_platform': '', 'plant_room': '', 'garden': '', 'yard': ''}",5.28,5.28,8919,8918.918918918918,24070502100125,6447190,ASP,HSSW,小西灣,1997/03,1997,29,B,24,1,1,HARMONY GARDEN,富欣花園,False
4039,2024-06-25,"HARMONY GARDEN(Phase 1),Block 1,SIU SAI WAN RD|富欣花園1期,1座,小西灣道",3991.8211756028973,693,592,"{'bay_window': '', 'flat_roof': '', 'roof': '', 'ac_platform': '', 'plant_room': '', 'garden': '', 'yard': ''}",4.5,4.5,7601,7601.351351351352,24071200510187,6450294,ASP,HSSW,小西灣,1997/03,1997,29,G,25,1,1,HARMONY GARDEN,富欣花園,False
4040,2024-07-08,"HARMONY GARDEN(Phase 2),Block 4,SIU SAI WAN RD|富欣花園2期,4座,小西灣道",3990.1499402296636,504,431,"{'bay_window': '', 'flat_roof': '', 'roof': '', 'ac_platform': '', 'plant_room': '', 'garden': '', 'yard': ''}",3.188,3.188,7397,7396.7517401392115,24071201820153,6450638,ASP,HSSW,小西灣,1997/03,1997,29,E,24,4,2,HARMONY GARDEN,富欣花園,False
4041,2024-07-05,"HARMONY GARDEN(Phase 2),Block 4,SIU SAI WAN RD|富欣花園2期,4座,小西灣道",4282.765784446758,693,592,"{'bay_window': '', 'flat_roof': '', 'roof': '', 'ac_platform': '', 'plant_room': '', 'garden': '', 'yard': ''}",4.7,4.7,7939,7939.189189189189,24071802010195,6453779,ASP,HSSW,小西灣,1997/03,1997,29,D,28,4,2,HARMONY GARDEN,富欣花園,False
4042,2024-07-08,"CHEERFUL GARDEN(Phase 1),Block 1,SIU SAI WAN RD|富怡花園1期,1座,小西灣道",4208.967283090204,709,587,"{'bay_window': '', 'flat_roof': '', 'roof': '', 'ac_platform': '', 'plant_room': '', 'garden': '', 'yard': ''}",4.58,4.58,7802,7802.385008517887,24072600440047,6457393,PRO-ASP,HSSW,小西灣,1995/05,1995,31,J,17,1,1,CHEERFUL GARDEN,富怡花園,False
4043,2024-07-10,"YIU TSUI HSE(Block B,KAI TSUI COURT),SIU SAI WAN RD|佳翠苑,B座(耀翠閣),小西灣道",3609.6774657173655,740,538,"{'bay_window': '4', 'flat_roof': '', 'roof': '', 'ac_platform': '', 'plant_room': '', 'garden': '', 'yard': ''}",3.6,3.6,6691,6691.449814126394,24073100650093,6459184,PRO-ASP,HSSW,小西灣,1993/08,1993,33,16,37,B,blank,KAI TSUI COURT,佳翠苑,False
4044,2024-07-21,"HARMONY GARDEN(Phase 2),Block 2,SIU SAI WAN RD|富欣花園2期,2座,小西灣道",4068.1379932444847,567,484,"{'bay_window': '', 'flat_roof': '', 'roof': '', 'ac_platform': '', 'plant_room': '', 'garden': '', 'yard': ''}",3.65,3.65,7541,7541.322314049587,24080200460142,6460314,PRO-ASP,HSSW,小西灣,1997/03,1997,29,E,3,2,2,HARMONY GARDEN,富欣花園,False
4045,2024-08-01,"CHEERFUL GARDEN(Phase 2),Block 4,SIU SAI WAN RD|富怡花園2期,4座,小西灣道",3788.8607644305557,521,431,"{'bay_window': '', 'flat_roof': '', 'roof': '', 'ac_platform': '', 'plant_room': '', 'garden': '', 'yard': ''}",3.05,3.05,7077,7076.566125290024,24081301600407,6465008,ASP,HSSW,小西灣,1995/05,1995,31,K,35,4,2,CHEERFUL GARDEN,富怡花園,False
4047,2024-08-16,"HARMONY GARDEN(Phase 2),Block 2,SIU SAI WAN RD|富欣花園2期,2座,小西灣道",6186.402166184973,504,431,"{'bay_window': '', 'flat_roof': '', 'roof': '', 'ac_platform': '', 'plant_room': '', 'garden': '', 'yard': ''}",4.98,4.98,11555,11554.524361948956,24082300200552,6469375,ASP,HSSW,小西灣,1997/03,1997,29,A,20,2,2,HARMONY GARDEN,富欣花園,False
4049,2024-08-15,"CHEERFUL GARDEN(Phase 2),Block 5,SIU SAI WAN RD|富怡花園2期,5座,小西灣道",3780.4252193081525,716,592,"{'bay_window': '', 'flat_roof': '', 'roof': '', 'ac_platform': '', 'plant_room': '', 'garden': '', 'yard': ''}",4.18,4.18,7061,7060.81081081081,24082302080226,6469938,ASP,HSSW,小西灣,1995/05,1995,31,C,21,5,2,CHEERFUL GARDEN,富怡花園,False
4050,2024-08-19,"CHEERFUL GARDEN(Phase 2),Block 5,SIU SAI WAN RD|富怡花園2期,5座,小西灣道",3924.1193515407635,584,483,"{'bay_window': '', 'flat_roof': '', 'roof': '', 'ac_platform': '', 'plant_room': '', 'garden': '', 'yard': ''}",3.54,3.54,7329,7329.192546583851,24082601490107,6470362,ASP,HSSW,小西灣,1995/05,1995,31,J,5,5,2,CHEERFUL GARDEN,富怡花園,False
4052,2024-09-03,"CHEERFUL GARDEN(Phase 2),Block 5,SIU SAI WAN RD|富怡花園2期,5座,小西灣道",3941.155529982894,716,592,"{'bay_window': '', 'flat_roof': '', 'roof': '', 'ac_platform': '', 'plant_room': '', 'garden': '', 'yard': ''}",4.2,4.2,7095,7094.594594594595,24091201740041,6477338,ASP,HSSW,小西灣,1995/05,1995,31,B,39,5,2,CHEERFUL GARDEN,富怡花園,False
4054,2024-09-11,"HARMONY GARDEN(Phase 1),Block 8,SIU SAI WAN RD|富欣花園1期,8座,小西灣道",4297.736268409918,693,592,"{'bay_window': '', 'flat_roof': '', 'roof': '', 'ac_platform': '', 'plant_room': '', 'garden': '', 'yard': ''}",4.58,4.58,7736,7736.486486486487,24092600470033,6482017,PRO-ASP,HSSW,小西灣,1997/03,1997,29,D,28,8,1,HARMONY GARDEN,富欣花園,False
4055,2024-09-17,"CHEERFUL GARDEN(Phase 1),Block 2,SIU SAI WAN RD|富怡花園1期,2座,小西灣道",4579.24737769441,716,592,"{'bay_window': '', 'flat_roof': '', 'roof': '', 'ac_platform': '', 'plant_room': '', 'garden': '', 'yard': ''}",4.88,4.88,8243,8243.243243243243,24100400990061,6484981,PRO-ASP,HSSW,小西灣,1995/05,1995,31,C,39,2,1,CHEERFUL GARDEN,富怡花園,False
4056,2024-09-25,"HARMONY GARDEN(Phase 1),Block 8,SIU SAI WAN RD|富欣花園1期,8座,小西灣道",4227.587096397958,504,431,"{'bay_window': '', 'flat_roof': '', 'roof': '', 'ac_platform': '', 'plant_room': '', 'garden': '', 'yard': ''}",3.28,3.28,7610,7610.208816705336,24100800510056,6486064,ASP,HSSW,小西灣,1997/03,1997,29,F,31,8,1,HARMONY GARDEN,富欣花園,False
4057,2024-09-23,"HIN TSUI HSE(Block A,KAI TSUI COURT),SIU SAI WAN RD|佳翠苑,A座(顯翠閣),小西灣道",3799.8069531773467,740,538,"{'bay_window': '4', 'flat_roof': '', 'roof': '', 'ac_platform': '', 'plant_room': '', 'garden': '', 'yard': ''}",3.68,3.68,6840,6840.148698884758,24101001150048,6487414,PRO-ASP,HSSW,小西灣,1993/08,1993,33,13,16,A,blank,KAI TSUI COURT,佳翠苑,False
4059,2024-09-28,"HARMONY GARDEN(Phase 1),Block 8,SIU SAI WAN RD|富欣花園1期,8座,小西灣道",3319.954348828447,693,592,"{'bay_window': '', 'flat_roof': '', 'roof': '', 'ac_platform': '', 'plant_room': '', 'garden': '', 'yard': ''}",3.538,3.538,5976,5976.351351351352,24101800680102,6490248,PRO-ASP,HSSW,小西灣,1997/03,1997,29,C,1,8,1,HARMONY GARDEN,富欣花園,False
4060,2024-10-16,"CHEERFUL GARDEN(Phase 2),Block 5,SIU SAI WAN RD|富怡花園2期,5座,小西灣道",5803.821716162601,521,431,"{'bay_window': '', 'flat_roof': '', 'roof': '', 'ac_platform': '', 'plant_room': '', 'garden': '', 'yard': ''}",4.55,4.55,10557,10556.844547563805,24102200140082,6491290,ASP,HSSW,小西灣,1995/05,1995,31,K,23,5,2,CHEERFUL GARDEN,富怡花園,False
4064,2024-10-28,"HIN TSUI HSE(Block A,KAI TSUI COURT),SIU SAI WAN RD|佳翠苑,A座(顯翠閣),小西灣道",3388.404354514747,889,649,"{'bay_window': '', 'flat_roof': '', 'roof': '', 'ac_platform': '', 'plant_room': '', 'garden': '', 'yard': ''}",4.0,4.0,6163,6163.328197226502,24111100570142,6501263,ASP,HSSW,小西灣,1993/08,1993,33,1,10,A,blank,KAI TSUI COURT,佳翠苑,False
4065,2024-10-31,"CHEERFUL GARDEN(Phase 2),Block 4,SIU SAI WAN RD|富怡花園2期,4座,小西灣道",3853.9522247602604,716,592,"{'bay_window': '', 'flat_roof': '', 'roof': '', 'ac_platform': '', 'plant_room': '', 'garden': '', 'yard': ''}",4.15,4.15,7010,7010.135135135136,24111200480187,6501844,ASP,HSSW,小西灣,1995/05,1995,31,H,14,4,2,CHEERFUL GARDEN,富怡花園,False
4066,2024-10-26,"CHEERFUL GARDEN(Phase 1),Block 3,SIU SAI WAN RD|富怡花園1期,3座,小西灣道",3384.9389409703567,586,484,"{'bay_window': '', 'flat_roof': '', 'roof': '', 'ac_platform': '', 'plant_room': '', 'garden': '', 'yard': ''}",2.98,2.98,6157,6157.024793388429,24111300720066,6502649,PRO-ASP,HSSW,小西灣,1995/05,1995,31,F,2,3,1,CHEERFUL GARDEN,富怡花園,False
4067,2024-11-05,"HIN TSUI HSE(Block A,KAI TSUI COURT),SIU SAI WAN RD|佳翠苑,A座(顯翠閣),小西灣道",3302.6271940155552,740,538,"{'bay_window': '', 'flat_roof': '', 'roof': '', 'ac_platform': '', 'plant_room': '', 'garden': '', 'yard': ''}",3.3,3.3,6134,6133.828996282527,24111801040036,6504763,PRO-ASP,HSSW,小西灣,1993/08,1993,33,8,17,A,blank,KAI TSUI COURT,佳翠苑,False
4068,2024-11-01,"HARMONY GARDEN(Phase 1),Block 8,SIU SAI WAN RD|富欣花園1期,8座,小西灣道",3672.5904135319056,693,592,"{'bay_window': '', 'flat_roof': '', 'roof': '', 'ac_platform': '', 'plant_room': '', 'garden': '', 'yard': ''}",4.038,4.038,6821,6820.945945945947,24112000500084,6506009,PRO-ASP,HSSW,小西灣,1997/03,1997,29,C,5,8,1,HARMONY GARDEN,富欣花園,False
4069,2024-11-15,"HIN TSUI HSE(Block A,KAI TSUI COURT),SIU SAI WAN RD|佳翠苑,A座(顯翠閣),小西灣道",3564.7667568759757,595,435,"{'bay_window': '', 'flat_roof': '', 'roof': '', 'ac_platform': '', 'plant_room': '', 'garden': '', 'yard': ''}",2.88,2.88,6621,6620.689655172414,24112101340065,6506832,ASP,HSSW,小西灣,1993/08,1993,33,6,19,A,blank,KAI TSUI COURT,佳翠苑,False
4072,2024-11-21,"HARMONY GARDEN(Phase 2),Block 6,SIU SAI WAN RD|富欣花園2期,6座,小西灣道",4711.2477320691605,693,592,"{'bay_window': '', 'flat_roof': '', 'roof': '', 'ac_platform': '', 'plant_room': '', 'garden': '', 'yard': ''}",5.18,5.18,8750,8750.0,24112901900058,6511220,ASP,HSSW,小西灣,1997/03,1997,29,D,27,6,2,HARMONY GARDEN,富欣花園,False
4074,2024-11-07,"YIU TSUI HSE(Block B,KAI TSUI COURT),SIU SAI WAN RD|佳翠苑,B座(耀翠閣),小西灣道",5993.589988406032,596,433,"{'bay_window': '', 'flat_roof': '', 'roof': '', 'ac_platform': '', 'plant_room': '', 'garden': '', 'yard': ''}",4.82,4.82,11132,11131.639722863742,24120300830163,6512148,ASP,HSSW,小西灣,1993/08,1993,33,15,10,B,blank,KAI TSUI COURT,佳翠苑,False
4075,2024-11-20,"HARMONY GARDEN(Phase 2),Block 2,SIU SAI WAN RD|富欣花園2期,2座,小西灣道",4116.084205113551,567,484,"{'bay_window': '', 'flat_roof': '', 'roof': '', 'ac_platform': '', 'plant_room': '', 'garden': '', 'yard': ''}",3.7,3.7,7645,7644.628099173554,24120400330528,6512620,ASP,HSSW,小西灣,1997/03,1997,29,E,27,2,2,HARMONY GARDEN,富欣花園,False
4076,2024-11-21,"CHEERFUL GARDEN(Phase 2),Block 5,SIU SAI WAN RD|富怡花園2期,5座,小西灣道",4997.0144987143885,521,431,"{'bay_window': '', 'flat_roof': '', 'roof': '', 'ac_platform': '', 'plant_room': '', 'garden': '', 'yard': ''}",4.0,4.0,9281,9280.742459396752,24121901500124,6520280,ASP,HSSW,小西灣,1995/05,1995,31,E,13,5,2,CHEERFUL GARDEN,富怡花園,False
4077,2024-12-03,"HARMONY GARDEN(Phase 1),Block 1,SIU SAI WAN RD|富欣花園1期,1座,小西灣道",4449.951285341472,693,592,"{'bay_window': '', 'flat_roof': '', 'roof': '', 'ac_platform': '', 'plant_room': '', 'garden': '', 'yard': ''}",4.8,4.8,8108,8108.108108108108,24122000590105,6520764,PRO-ASP,HSSW,小西灣,1997/03,1997,29,A,23,1,1,HARMONY GARDEN,富欣花園,False
4078,2024-12-17,"CHEERFUL GARDEN(Phase 1),Block 2,SIU SAI WAN RD|富怡花園1期,2座,小西灣道",4264.536648452244,716,592,"{'bay_window': '', 'flat_roof': '', 'roof': '', 'ac_platform': '', 'plant_room': '', 'garden': '', 'yard': ''}",4.6,4.6,7770,7770.27027027027,24122400570106,6522077,ASP,HSSW,小西灣,1995/05,1995,31,C,22,2,1,CHEERFUL GARDEN,富怡花園,False
4079,2024-12-08,"HARMONY GARDEN(Phase 2),Block 6,SIU SAI WAN RD|富欣花園2期,6座,小西灣道",6748.920704218583,504,431,"{'bay_window': '', 'flat_roof': '', 'roof': '', 'ac_platform': '', 'plant_room': '', 'garden': '', 'yard': ''}",5.3,5.3,12297,12296.983758700697,24123100210713,6523963,PRO-ASP,HSSW,小西灣,1997/03,1997,29,F,8,6,2,HARMONY GARDEN,富欣花園,False
4080,2024-12-03,"HARMONY GARDEN(Phase 2),Block 4,SIU SAI WAN RD|富欣花園2期,4座,小西灣道",3820.143794840707,504,431,"{'bay_window': '', 'flat_roof': '', 'roof': '', 'ac_platform': '', 'plant_room': '', 'garden': '', 'yard': ''}",3.0,3.0,6961,6960.556844547564,25010200740094,6524740,ASP,HSSW,小西灣,1997/03,1997,29,K,4,4,2,HARMONY GARDEN,富欣花園,False
4081,2024-12-19,"HARMONY GARDEN(Phase 1),Block 8,SIU SAI WAN RD|富欣花園1期,8座,小西灣道",3689.751274095637,693,592,"{'bay_window': '', 'flat_roof': '', 'roof': '', 'ac_platform': '', 'plant_room': '', 'garden': '', 'yard': ''}",3.98,3.98,6723,6722.972972972973,25010301870027,6525538,ASP,HSSW,小西灣,1997/03,1997,29,G,1,8,1,HARMONY GARDEN,富欣花園,False
4082,2024-12-24,"CHEERFUL GARDEN(Phase 2),Block 4,SIU SAI WAN RD|富怡花園2期,4座,小西灣道",3801.0000562291734,716,592,"{'bay_window': '', 'flat_roof': '', 'roof': '', 'ac_platform': '', 'plant_room': '', 'garden': '', 'yard': ''}",4.1,4.1,6926,6925.675675675675,25010701990116,6526839,ASP,HSSW,小西灣,1995/05,1995,31,G,35,4,2,CHEERFUL GARDEN,富怡花園,False
4083,2024-12-15,"HIN TSUI HSE(Block A,KAI TSUI COURT),SIU SAI WAN RD|佳翠苑,A座(顯翠閣),小西灣道",3568.382792000014,748,546,"{'bay_window': '', 'flat_roof': '', 'roof': '', 'ac_platform': '', 'plant_room': '', 'garden': '', 'yard': ''}",3.55,3.55,6502,6501.831501831502,25010800540052,6527190,PRO-ASP,HSSW,小西灣,1993/08,1993,33,13,6,A,blank,KAI TSUI COURT,佳翠苑,False
4087,2025-01-06,"CHEERFUL GARDEN(Phase 2),Block 5,SIU SAI WAN RD|富怡花園2期,5座,小西灣道",3265.5280920206756,716,592,"{'bay_window': '', 'flat_roof': '', 'roof': '', 'ac_platform': '', 'plant_room': '', 'garden': '', 'yard': ''}",3.5,3.5,5912,5912.1621621621625,25012201910209,6534322,ASP,HSSW,小西灣,1995/05,1995,31,A,10,5,2,CHEERFUL GARDEN,富怡花園,False
4088,2025-01-02,"HIN TSUI HSE(Block A,KAI TSUI COURT),SIU SAI WAN RD|佳翠苑,A座(顯翠閣),小西灣道",5102.454979811916,593,433,"{'bay_window': '', 'flat_roof': '', 'roof': '', 'ac_platform': '', 'plant_room': '', 'garden': '', 'yard': ''}",4.0,4.0,9238,9237.875288683603,25012701530091,6536409,ASP,HSSW,小西灣,1993/08,1993,33,6,31,A,blank,KAI TSUI COURT,佳翠苑,False
4089,2025-02-07,"HARMONY GARDEN(Phase 1),Block 8,SIU SAI WAN RD|富欣花園1期,8座,小西灣道",3823.364653415205,693,592,"{'bay_window': '', 'flat_roof': '', 'roof': '', 'ac_platform': '', 'plant_room': '', 'garden': '', 'yard': ''}",4.08,4.08,6892,6891.891891891892,25021400920022,6543373,ASP,HSSW,小西灣,1997/03,1997,29,J,8,8,1,HARMONY GARDEN,富欣花園,False
4090,2025-02-05,"YIU TSUI HSE(Block B,KAI TSUI COURT),SIU SAI WAN RD|佳翠苑,B座(耀翠閣),小西灣道",1691.193494296958,596,433,"{'bay_window': '', 'flat_roof': '', 'roof': '', 'ac_platform': '', 'plant_room': '', 'garden': '', 'yard': ''}",1.32,1.32,3049,3048.498845265589,25021401870094,6543633,ASP,HSSW,小西灣,1993/08,1993,33,7,32,B,blank,KAI TSUI COURT,佳翠苑,False
4091,2025-01-26,"HARMONY GARDEN(Phase 2),Block 4,SIU SAI WAN RD|富欣花園2期,4座,小西灣道",4168.679861470965,693,592,"{'bay_window': '', 'flat_roof': '', 'roof': '', 'ac_platform': '', 'plant_room': '', 'garden': '', 'yard': ''}",4.468,4.468,7547,7547.2972972972975,25021900370023,6545404,PRO-ASP,HSSW,小西灣,1997/03,1997,29,B,7,4,2,HARMONY GARDEN,富欣花園,False
4092,2025-02-06,"CHEERFUL GARDEN(Phase 1),Block 3,SIU SAI WAN RD|富怡花園1期,3座,小西灣道",3861.457408935788,521,431,"{'bay_window': '', 'flat_roof': '', 'roof': '', 'ac_platform': '', 'plant_room': '', 'garden': '', 'yard': ''}",3.0,3.0,6961,6960.556844547564,25022502020059,6548256,PRO-ASP,HSSW,小西灣,1995/05,1995,31,K,31,3,1,CHEERFUL GARDEN,富怡花園,False
4093,2025-02-09,"HARMONY GARDEN(Phase 2),Block 5,SIU SAI WAN RD|富欣花園2期,5座,小西灣道",3917.074571391068,693,592,"{'bay_window': '', 'flat_roof': '', 'roof': '', 'ac_platform': '', 'plant_room': '', 'garden': '', 'yard': ''}",4.18,4.18,7061,7060.81081081081,25022600680054,6548612,PRO-ASP,HSSW,小西灣,1997/03,1997,29,C,1,5,2,HARMONY GARDEN,富欣花園,False
4095,2025-02-25,"HARMONY GARDEN(Phase 2),Block 5,SIU SAI WAN RD|富欣花園2期,5座,小西灣道",6023.87355793983,504,431,"{'bay_window': '', 'flat_roof': '', 'roof': '', 'ac_platform': '', 'plant_room': '', 'garden': '', 'yard': ''}",4.68,4.68,10858,10858.4686774942,25030501870074,6551505,ASP,HSSW,小西灣,1997/03,1997,29,A,26,5,2,HARMONY GARDEN,富欣花園,False
4096,2025-02-28,"HARMONY GARDEN(Phase 2),Block 3,SIU SAI WAN RD|富欣花園2期,3座,小西灣道",4298.264832777181,567,484,"{'bay_window': '', 'flat_roof': '', 'roof': '', 'ac_platform': '', 'plant_room': '', 'garden': '', 'yard': ''}",3.75,3.75,7748,7747.93388429752,25030701820037,6552674,ASP,HSSW,小西灣,1997/05,1997,29,B,5,3,2,HARMONY GARDEN,富欣花園,False
4097,2025-03-05,"HARMONY GARDEN(Phase 2),Block 4,SIU SAI WAN RD|富欣花園2期,4座,小西灣道",4393.02070112393,504,431,"{'bay_window': '', 'flat_roof': '', 'roof': '', 'ac_platform': '', 'plant_room': '', 'garden': '', 'yard': ''}",3.35,3.35,7773,7772.62180974478,25031001580049,6553318,ASP,HSSW,小西灣,1997/03,1997,29,K,14,4,2,HARMONY GARDEN,富欣花園,False
4098,2025-02-23,"HARMONY GARDEN(Phase 2),Block 3,SIU SAI WAN RD|富欣花園2期,3座,小西灣道",3839.7832506142818,567,484,"{'bay_window': '', 'flat_roof': '', 'roof': '', 'ac_platform': '', 'plant_room': '', 'garden': '', 'yard': ''}",3.35,3.35,6921,6921.487603305785,25031100880035,6553702,PRO-ASP,HSSW,小西灣,1997/05,1997,29,E,20,3,2,HARMONY GARDEN,富欣花園,False
4099,2025-02-26,"CHEERFUL GARDEN(Phase 2),Block 5,SIU SAI WAN RD|富怡花園2期,5座,小西灣道",3732.742161971262,521,431,"{'bay_window': '', 'flat_roof': '', 'roof': '', 'ac_platform': '', 'plant_room': '', 'garden': '', 'yard': ''}",2.9,2.9,6729,6728.538283062645,25031102080011,6554013,PRO-ASP,HSSW,小西灣,1995/05,1995,31,K,37,5,2,CHEERFUL GARDEN,富怡花園,False
4102,2025-03-18,"CHEERFUL GARDEN(Phase 1),Block 2,SIU SAI WAN RD|富怡花園1期,2座,小西灣道",3830.224191911235,586,484,"{'bay_window': '', 'flat_roof': '', 'roof': '', 'ac_platform': '', 'plant_room': '', 'garden': '', 'yard': ''}",3.28,3.28,6777,6776.859504132231,25032401630338,6559987,ASP,HSSW,小西灣,1995/05,1995,31,F,31,2,1,CHEERFUL GARDEN,富怡花園,False
4105,2025-03-23,"CHEERFUL GARDEN(Phase 1),Block 1,SIU SAI WAN RD|富怡花園1期,1座,小西灣道",3885.692377617266,581,480,"{'bay_window': '', 'flat_roof': '', 'roof': '', 'ac_platform': '', 'plant_room': '', 'garden': '', 'yard': ''}",3.3,3.3,6875,6875.0,25041000720037,6568406,PRO-ASP,HSSW,小西灣,1995/05,1995,31,E,9,1,1,CHEERFUL GARDEN,富怡花園,False
4106,2025-03-25,"HARMONY GARDEN(Phase 2),Block 3,SIU SAI WAN RD|富欣花園2期,3座,小西灣道",4582.634745101445,693,592,"{'bay_window': '', 'flat_roof': '', 'roof': '', 'ac_platform': '', 'plant_room': '', 'garden': '', 'yard': ''}",4.8,4.8,8108,8108.108108108108,25041501820160,6571028,ASP,HSSW,小西灣,1997/05,1997,29,G,19,3,2,HARMONY GARDEN,富欣花園,False
4107,2025-04-16,"HIN TSUI HSE(Block A,KAI TSUI COURT),SIU SAI WAN RD|佳翠苑,A座(顯翠閣),小西灣道",3978.879827261691,825,603,"{'bay_window': '', 'flat_roof': '', 'roof': '', 'ac_platform': '', 'plant_room': '', 'garden': '', 'yard': ''}",4.3,4.3,7131,7131.011608623549,25042201540337,6573412,ASP,HSSW,小西灣,1993/08,1993,33,3,19,A,blank,KAI TSUI COURT,佳翠苑,False
4108,2025-04-16,"CHEERFUL GARDEN(Phase 2),Block 5,SIU SAI WAN RD|富怡花園2期,5座,小西灣道",4242.405098926957,586,484,"{'bay_window': '', 'flat_roof': '', 'roof': '', 'ac_platform': '', 'plant_room': '', 'garden': '', 'yard': ''}",3.68,3.68,7603,7603.305785123967,25042801780305,6576490,ASP,HSSW,小西灣,1995/05,1995,31,F,19,5,2,CHEERFUL GARDEN,富怡花園,False
4111,2025-04-14,"CHEERFUL GARDEN(Phase 1),Block 3,SIU SAI WAN RD|富怡花園1期,3座,小西灣道",4128.2128641475265,716,592,"{'bay_window': '', 'flat_roof': '', 'roof': '', 'ac_platform': '', 'plant_room': '', 'garden': '', 'yard': ''}",4.38,4.38,7399,7398.648648648648,25050700650061,6579658,PRO-ASP,HSSW,小西灣,1995/05,1995,31,G,39,3,1,CHEERFUL GARDEN,富怡花園,False
4112,2025-04-30,"HIN TSUI HSE(Block A,KAI TSUI COURT),SIU SAI WAN RD|佳翠苑,A座(顯翠閣),小西灣道",3517.2271574580604,829,606,"{'bay_window': '', 'flat_roof': '', 'roof': '', 'ac_platform': '', 'plant_room': '', 'garden': '', 'yard': ''}",3.82,3.82,6304,6303.630363036304,25050901780033,6581469,ASP,HSSW,小西灣,1993/08,1993,33,2,5,A,blank,KAI TSUI COURT,佳翠苑,False
4113,2025-05-07,"HARMONY GARDEN(Phase 1),Block 7,SIU SAI WAN RD|富欣花園1期,7座,小西灣道",4455.0766801273585,693,592,"{'bay_window': '', 'flat_roof': '', 'roof': '', 'ac_platform': '', 'plant_room': '', 'garden': '', 'yard': ''}",4.728,4.728,7986,7986.486486486487,25051300200061,6582520,ASP,HSSW,小西灣,1997/03,1997,29,J,15,7,1,HARMONY GARDEN,富欣花園,False
4115,2025-05-06,"CHEERFUL GARDEN(Phase 2),Block 4,SIU SAI WAN RD|富怡花園2期,4座,小西灣道",3769.100406199119,716,592,"{'bay_window': '', 'flat_roof': '', 'roof': '', 'ac_platform': '', 'plant_room': '', 'garden': '', 'yard': ''}",4.0,4.0,6757,6756.756756756757,25051401690149,6583830,ASP,HSSW,小西灣,1995/05,1995,31,C,39,4,2,CHEERFUL GARDEN,富怡花園,False
4116,2025-04-29,"HARMONY GARDEN(Phase 1),Block 7,SIU SAI WAN RD|富欣花園1期,7座,小西灣道",4077.960010733405,504,431,"{'bay_window': '', 'flat_roof': '', 'roof': '', 'ac_platform': '', 'plant_room': '', 'garden': '', 'yard': ''}",3.15,3.15,7309,7308.584686774942,25052000830032,6586465,ASP,HSSW,小西灣,1997/03,1997,29,A,11,7,1,HARMONY GARDEN,富欣花園,False
4117,2025-05-09,"HARMONY GARDEN(Phase 1),Block 7,SIU SAI WAN RD|富欣花園1期,7座,小西灣道",3882.7855692631288,504,431,"{'bay_window': '', 'flat_roof': '', 'roof': '', 'ac_platform': '', 'plant_room': '', 'garden': '', 'yard': ''}",3.0,3.0,6961,6960.556844547564,25052201360060,6588259,ASP,HSSW,小西灣,1997/03,1997,29,A,18,7,1,HARMONY GARDEN,富欣花園,False
4118,2025-05-15,"HIN TSUI HSE(Block A,KAI TSUI COURT),SIU SAI WAN RD|佳翠苑,A座(顯翠閣),小西灣道",3993.6795989934303,593,433,"{'bay_window': '', 'flat_roof': '', 'roof': '', 'ac_platform': '', 'plant_room': '', 'garden': '', 'yard': ''}",3.1,3.1,7159,7159.353348729792,25053001720140,6593333,ASP,HSSW,小西灣,1993/08,1993,33,14,38,A,blank,KAI TSUI COURT,佳翠苑,False
4120,2025-06-06,"CHEERFUL GARDEN(Phase 2),Block 5,SIU SAI WAN RD|富怡花園2期,5座,小西灣道",3816.6285684043964,716,592,"{'bay_window': '', 'flat_roof': '', 'roof': '', 'ac_platform': '', 'plant_room': '', 'garden': '', 'yard': ''}",4.05,4.05,6841,6841.216216216216,25061200160055,6600685,ASP,HSSW,小西灣,1995/05,1995,31,G,19,5,2,CHEERFUL GARDEN,富怡花園,False
4121,2025-06-06,"HARMONY GARDEN(Phase 2),Block 3,SIU SAI WAN RD|富欣花園2期,3座,小西灣道",5322.839055499995,504,414,"{'bay_window': '', 'flat_roof': '', 'roof': '', 'ac_platform': '', 'plant_room': '', 'garden': '', 'yard': ''}",3.95,3.95,9541,9541.062801932367,25061702220028,6604373,ASP,HSSW,小西灣,1997/05,1997,29,A,27,3,2,HARMONY GARDEN,富欣花園,False
4122,2025-06-04,"HARMONY GARDEN(Phase 1),Block 1,SIU SAI WAN RD|富欣花園1期,1座,小西灣道",4763.400838694442,504,431,"{'bay_window': '', 'flat_roof': '', 'roof': '', 'ac_platform': '', 'plant_room': '', 'garden': '', 'yard': ''}",3.68,3.68,8538,8538.283062645012,25061800510094,6604649,PRO-ASP,HSSW,小西灣,1997/03,1997,29,K,20,1,1,HARMONY GARDEN,富欣花園,False
4123,2025-06-03,"HARMONY GARDEN(Phase 1),Block 8,SIU SAI WAN RD|富欣花園1期,8座,小西灣道",4587.586760397768,567,484,"{'bay_window': '', 'flat_roof': '', 'roof': '', 'ac_platform': '', 'plant_room': '', 'garden': '', 'yard': ''}",3.98,3.98,8223,8223.140495867769,25062002240117,6606878,PRO-ASP,HSSW,小西灣,1997/03,1997,29,E,16,8,1,HARMONY GARDEN,富欣花園,False
4125,2025-07-02,"HARMONY GARDEN(Phase 2),Block 4,SIU SAI WAN RD|富欣花園2期,4座,小西灣道",4470.230179228756,693,592,"{'bay_window': '', 'flat_roof': '', 'roof': '', 'ac_platform': '', 'plant_room': '', 'garden': '', 'yard': ''}",4.85,4.85,8193,8192.567567567568,25070801490051,6615577,ASP,HSSW,小西灣,1997/03,1997,29,H,20,4,2,HARMONY GARDEN,富欣花園,False
4127,2025-06-29,"YIU TSUI HSE(Block B,KAI TSUI COURT),SIU SAI WAN RD|佳翠苑,B座(耀翠閣),小西灣道",3443.2115140265596,877,640,"{'bay_window': '', 'flat_roof': '', 'roof': '', 'ac_platform': '', 'plant_room': '', 'garden': '', 'yard': ''}",3.95,3.95,6172,6171.875,25072100540021,6622764,PRO-ASP,HSSW,小西灣,1993/08,1993,33,9,32,B,blank,KAI TSUI COURT,佳翠苑,False
4128,2025-06-26,"HIN TSUI HSE(Block A,KAI TSUI COURT),SIU SAI WAN RD|佳翠苑,A座(顯翠閣),小西灣道",3556.7916406715462,737,538,"{'bay_window': '', 'flat_roof': '', 'roof': '', 'ac_platform': '', 'plant_room': '', 'garden': '', 'yard': ''}",3.43,3.43,6375,6375.46468401487,25072100540047,6622765,PRO-ASP,HSSW,小西灣,1993/08,1993,33,8,30,A,blank,KAI TSUI COURT,佳翠苑,False
4129,2025-07-14,"HIN TSUI HSE(Block A,KAI TSUI COURT),SIU SAI WAN RD|佳翠苑,A座(顯翠閣),小西灣道",3428.0273557772466,737,538,"{'bay_window': '', 'flat_roof': '', 'roof': '', 'ac_platform': '', 'plant_room': '', 'garden': '', 'yard': ''}",3.38,3.38,6283,6282.527881040892,25072200270052,6623140,ASP,HSSW,小西灣,1993/08,1993,33,13,31,A,blank,KAI TSUI COURT,佳翠苑,False
4130,2025-07-23,"HIN TSUI HSE(Block A,KAI TSUI COURT),SIU SAI WAN RD|佳翠苑,A座(顯翠閣),小西灣道",4034.340783357926,741,541,"{'bay_window': '', 'flat_roof': '', 'roof': '', 'ac_platform': '', 'plant_room': '', 'garden': '', 'yard': ''}",4.0,4.0,7394,7393.715341959334,25073000110010,6627657,ASP,HSSW,小西灣,1993/08,1993,33,16,18,A,blank,KAI TSUI COURT,佳翠苑,False
4133,2025-07-30,"CHEERFUL GARDEN(Phase 2),Block 4,SIU SAI WAN RD|富怡花園2期,4座,小西灣道",4285.89079039458,716,592,"{'bay_window': '', 'flat_roof': '', 'roof': '', 'ac_platform': '', 'plant_room': '', 'garden': '', 'yard': ''}",4.65,4.65,7855,7854.72972972973,25081502190941,6638107,PRO-ASP,HSSW,小西灣,1995/05,1995,31,B,40,4,2,CHEERFUL GARDEN,富怡花園,False
4134,2025-08-08,"CHEERFUL GARDEN(Phase 2),Block 4,SIU SAI WAN RD|富怡花園2期,4座,小西灣道",3772.024933260473,716,592,"{'bay_window': '', 'flat_roof': '', 'roof': '', 'ac_platform': '', 'plant_room': '', 'garden': '', 'yard': ''}",4.18,4.18,7061,7060.81081081081,25082100370109,6641111,ASP,HSSW,小西灣,1995/05,1995,31,C,26,4,2,CHEERFUL GARDEN,富怡花園,False
4135,2025-08-01,"CHEERFUL GARDEN(Phase 1),Block 2,SIU SAI WAN RD|富怡花園1期,2座,小西灣道",3474.2334911609623,716,592,"{'bay_window': '', 'flat_roof': '', 'roof': '', 'ac_platform': '', 'plant_room': '', 'garden': '', 'yard': ''}",3.85,3.85,6503,6503.378378378378,25082901400113,6647000,ASP,HSSW,小西灣,1995/05,1995,31,D,5,2,1,CHEERFUL GARDEN,富怡花園,False
4136,2025-08-08,"YIU TSUI HSE(Block B,KAI TSUI COURT),SIU SAI WAN RD|佳翠苑,B座(耀翠閣),小西灣道",3377.251603887176,595,435,"{'bay_window': '', 'flat_roof': '', 'roof': '', 'ac_platform': '', 'plant_room': '', 'garden': '', 'yard': ''}",2.75,2.75,6322,6321.83908045977,25090301250048,6649390,ASP,HSSW,小西灣,1993/08,1993,33,6,24,B,blank,KAI TSUI COURT,佳翠苑,False
4137,2025-08-19,"CHEERFUL GARDEN(Phase 1),Block 3,SIU SAI WAN RD|富怡花園1期,3座,小西灣道",3790.072899448323,716,592,"{'bay_window': '', 'flat_roof': '', 'roof': '', 'ac_platform': '', 'plant_room': '', 'garden': '', 'yard': ''}",4.2,4.2,7095,7094.594594594595,25090501940082,6651408,PRO-ASP,HSSW,小西灣,1995/05,1995,31,D,32,3,1,CHEERFUL GARDEN,富怡花園,False
4138,2025-08-27,"HIN TSUI HSE(Block A,KAI TSUI COURT),SIU SAI WAN RD|佳翠苑,A座(顯翠閣),小西灣道",3216.0389247110465,823,598,"{'bay_window': '', 'flat_roof': '', 'roof': '', 'ac_platform': '', 'plant_room': '', 'garden': '', 'yard': ''}",3.6,3.6,6020,6020.066889632107,25090902280102,6652634,PRO-ASP,HSSW,小西灣,1993/08,1993,33,11,30,A,blank,KAI TSUI COURT,佳翠苑,False
4141,2025-09-17,"CHEERFUL GARDEN(Phase 2),Block 5,SIU SAI WAN RD|富怡花園2期,5座,小西灣道",3611.79874587106,716,592,"{'bay_window': '', 'flat_roof': '', 'roof': '', 'ac_platform': '', 'plant_room': '', 'garden': '', 'yard': ''}",3.9,3.9,6588,6587.8378378378375,25092600420028,6662089,ASP,HSSW,小西灣,1995/05,1995,31,C,9,5,2,CHEERFUL GARDEN,富怡花園,False
4142,2025-09-05,"HIN TSUI HSE(Block A,KAI TSUI COURT),SIU SAI WAN RD|佳翠苑,A座(顯翠閣),小西灣道",3773.2139128528397,825,603,"{'bay_window': '', 'flat_roof': '', 'roof': '', 'ac_platform': '', 'plant_room': '', 'garden': '', 'yard': ''}",4.15,4.15,6882,6882.255389718077,25092600760056,6662224,PRO-ASP,HSSW,小西灣,1993/08,1993,33,2,24,A,blank,KAI TSUI COURT,佳翠苑,False
4143,2025-09-04,"HARMONY GARDEN(Phase 2),Block 3,SIU SAI WAN RD|富欣花園2期,3座,小西灣道",4260.070315642789,693,592,"{'bay_window': '', 'flat_roof': '', 'roof': '', 'ac_platform': '', 'plant_room': '', 'garden': '', 'yard': ''}",4.6,4.6,7770,7770.27027027027,25093001050662,6664281,PRO-ASP,HSSW,小西灣,1997/05,1997,29,G,6,3,2,HARMONY GARDEN,富欣花園,False
4146,2025-10-02,"CHEERFUL GARDEN(Phase 2),Block 5,SIU SAI WAN RD|富怡花園2期,5座,小西灣道",5543.934522428099,521,431,"{'bay_window': '', 'flat_roof': '', 'roof': '', 'ac_platform': '', 'plant_room': '', 'garden': '', 'yard': ''}",4.47,4.47,10371,10371.22969837587,25100801930178,6668454,ASP,HSSW,小西灣,1995/05,1995,31,K,24,5,2,CHEERFUL GARDEN,富怡花園,False
4147,2025-09-21,"HARMONY GARDEN(Phase 2),Block 6,SIU SAI WAN RD|富欣花園2期,6座,小西灣道",4398.985652022446,693,592,"{'bay_window': '', 'flat_roof': '', 'roof': '', 'ac_platform': '', 'plant_room': '', 'garden': '', 'yard': ''}",4.75,4.75,8024,8023.648648648648,25101000700075,6669894,PRO-ASP,HSSW,小西灣,1997/03,1997,29,K,8,6,2,HARMONY GARDEN,富欣花園,False
4148,2025-09-27,"HARMONY GARDEN(Phase 2),Block 4,SIU SAI WAN RD|富欣花園2期,4座,小西灣道",4723.121436908311,693,592,"{'bay_window': '', 'flat_roof': '', 'roof': '', 'ac_platform': '', 'plant_room': '', 'garden': '', 'yard': ''}",5.1,5.1,8615,8614.864864864865,25101401160037,6671935,PRO-ASP,HSSW,小西灣,1997/03,1997,29,A,9,4,2,HARMONY GARDEN,富欣花園,False
4150,2025-10-15,"HARMONY GARDEN(Phase 1),Block 7,SIU SAI WAN RD|富欣花園1期,7座,小西灣道",4514.7752644629945,693,592,"{'bay_window': '', 'flat_roof': '', 'roof': '', 'ac_platform': '', 'plant_room': '', 'garden': '', 'yard': ''}",5.0,5.0,8446,8445.945945945947,25102101050023,6676251,ASP,HSSW,小西灣,1997/03,1997,29,G,32,7,1,HARMONY GARDEN,富欣花園,False
4151,2025-10-28,"CHEERFUL GARDEN(Phase 1),Block 3,SIU SAI WAN RD|富怡花園1期,3座,小西灣道",3236.011811044186,586,484,"{'bay_window': '', 'flat_roof': '', 'roof': '', 'ac_platform': '', 'plant_room': '', 'garden': '', 'yard': ''}",2.93,2.93,6054,6053.719008264463,25103101860197,6682614,ASP,HSSW,小西灣,1995/05,1995,31,F,1,3,1,CHEERFUL GARDEN,富怡花園,False
4152,2025-10-16,"HARMONY GARDEN(Phase 1),Block 1,SIU SAI WAN RD|富欣花園1期,1座,小西灣道",4153.593243305954,693,592,"{'bay_window': '', 'flat_roof': '', 'roof': '', 'ac_platform': '', 'plant_room': '', 'garden': '', 'yard': ''}",4.6,4.6,7770,7770.27027027027,25110400370183,6683653,ASP,HSSW,小西灣,1997/03,1997,29,A,4,1,1,HARMONY GARDEN,富欣花園,False
4154,2025-10-31,"YIU TSUI HSE(Block B,KAI TSUI COURT),SIU SAI WAN RD|佳翠苑,B座(耀翠閣),小西灣道",3211.2124606313782,748,546,"{'bay_window': '', 'flat_roof': '', 'roof': '', 'ac_platform': '', 'plant_room': '', 'garden': '', 'yard': ''}",3.28,3.28,6007,6007.326007326007,25111202160035,6689047,PRO-ASP,HSSW,小西灣,1993/08,1993,33,13,2,B,blank,KAI TSUI COURT,佳翠苑,False
4155,2025-10-29,"HIN TSUI HSE(Block A,KAI TSUI COURT),SIU SAI WAN RD|佳翠苑,A座(顯翠閣),小西灣道",4829.377259443229,595,435,"{'bay_window': '', 'flat_roof': '', 'roof': '', 'ac_platform': '', 'plant_room': '', 'garden': '', 'yard': ''}",3.93,3.93,9034,9034.48275862069,25111400700027,6690274,PRO-ASP,HSSW,小西灣,1993/08,1993,33,14,20,A,blank,KAI TSUI COURT,佳翠苑,False
4158,2025-11-06,"CHEERFUL GARDEN(Phase 1),Block 3,SIU SAI WAN RD|富怡花園1期,3座,小西灣道",4434.500449164146,584,483,"{'bay_window': '', 'flat_roof': '', 'roof': '', 'ac_platform': '', 'plant_room': '', 'garden': '', 'yard': ''}",4.0,4.0,8282,8281.573498964803,25120300670077,6700868,PRO-ASP,HSSW,小西灣,1995/05,1995,31,J,27,3,1,CHEERFUL GARDEN,富怡花園,False
4159,2025-11-18,"HARMONY GARDEN(Phase 2),Block 3,SIU SAI WAN RD|富欣花園2期,3座,小西灣道",4348.331211897905,504,431,"{'bay_window': '', 'flat_roof': '', 'roof': '', 'ac_platform': '', 'plant_room': '', 'garden': '', 'yard': ''}",3.5,3.5,8121,8120.649651972158,25120400800050,6701665,PRO-ASP,HSSW,小西灣,1997/05,1997,29,F,15,3,2,HARMONY GARDEN,富欣花園,False
4162,2025-12-05,"CHEERFUL GARDEN(Phase 1),Block 3,SIU SAI WAN RD|富怡花園1期,3座,小西灣道",4168.939570774459,584,483,"{'bay_window': '', 'flat_roof': '', 'roof': '', 'ac_platform': '', 'plant_room': '', 'garden': '', 'yard': ''}",3.8,3.8,7867,7867.494824016563,25121201890049,6707598,ASP,HSSW,小西灣,1995/05,1995,31,J,18,3,1,CHEERFUL GARDEN,富怡花園,False
4163,2025-12-03,"HARMONY GARDEN(Phase 1),Block 1,SIU SAI WAN RD|富欣花園1期,1座,小西灣道",4564.966591700179,693,592,"{'bay_window': '', 'flat_roof': '', 'roof': '', 'ac_platform': '', 'plant_room': '', 'garden': '', 'yard': ''}",5.1,5.1,8615,8614.864864864865,25121701610095,6709780,ASP,HSSW,小西灣,1997/03,1997,29,B,10,1,1,HARMONY GARDEN,富欣花園,False
4165,2025-12-15,"HARMONY GARDEN(Phase 2),Block 2,SIU SAI WAN RD|富欣花園2期,2座,小西灣道",4529.162932157433,693,592,"{'bay_window': '', 'flat_roof': '', 'roof': '', 'ac_platform': '', 'plant_room': '', 'garden': '', 'yard': ''}",5.06,5.06,8547,8547.297297297297,25121900340050,6711102,ASP,HSSW,小西灣,1997/03,1997,29,K,28,2,2,HARMONY GARDEN,富欣花園,False
4167,2025-12-18,"HIN TSUI HSE(Block A,KAI TSUI COURT),SIU SAI WAN RD|佳翠苑,A座(顯翠閣),小西灣道",3929.8842069112766,737,538,"{'bay_window': '', 'flat_roof': '', 'roof': '', 'ac_platform': '', 'plant_room': '', 'garden': '', 'yard': ''}",3.99,3.99,7416,7416.35687732342,25123000200176,6715505,ASP,HSSW,小西灣,1993/08,1993,33,4,33,A,blank,KAI TSUI COURT,佳翠苑,False
4168,2025-12-24,"YIU TSUI HSE(Block B,KAI TSUI COURT),SIU SAI WAN RD|佳翠苑,B座(耀翠閣),小西灣道",3134.309271616404,742,541,"{'bay_window': '', 'flat_roof': '', 'roof': '', 'ac_platform': '', 'plant_room': '', 'garden': '', 'yard': ''}",3.2,3.2,5915,5914.972273567468,26010500440130,6718365,ASP,HSSW,小西灣,1993/08,1993,33,12,24,B,blank,KAI TSUI COURT,佳翠苑,False
4169,2025-12-16,"CHEERFUL GARDEN(Phase 2),Block 5,SIU SAI WAN RD|富怡花園2期,5座,小西灣道",3641.232175497319,716,592,"{'bay_window': '', 'flat_roof': '', 'roof': '', 'ac_platform': '', 'plant_room': '', 'garden': '', 'yard': ''}",4.068,4.068,6872,6871.621621621621,26010500760353,6718450,ASP,HSSW,小西灣,1995/05,1995,31,A,15,5,2,CHEERFUL GARDEN,富怡花園,False
4170,2025-12-23,"HARMONY GARDEN(Phase 1),Block 8,SIU SAI WAN RD|富欣花園1期,8座,小西灣道",4376.852004613058,504,431,"{'bay_window': '', 'flat_roof': '', 'roof': '', 'ac_platform': '', 'plant_room': '', 'garden': '', 'yard': ''}",3.56,3.56,8260,8259.860788863109,26010501020040,6718519,ASP,HSSW,小西灣,1997/03,1997,29,F,7,8,1,HARMONY GARDEN,富欣花園,False
4171,2026-01-05,"HIN TSUI HSE(Block A,KAI TSUI COURT),SIU SAI WAN RD|佳翠苑,A座(顯翠閣),小西灣道",3658.9004755773226,600,438,"{'bay_window': '', 'flat_roof': '', 'roof': '', 'ac_platform': '', 'plant_room': '', 'garden': '', 'yard': ''}",3.09,3.09,7055,7054.7945205479455,26010902230049,6722989,ASP,HSSW,小西灣,1993/08,1993,33,15,14,A,blank,KAI TSUI COURT,佳翠苑,False
4172,2025-12-16,"CHEERFUL GARDEN(Phase 2),Block 5,SIU SAI WAN RD|富怡花園2期,5座,小西灣道",3804.1388264168163,716,592,"{'bay_window': '', 'flat_roof': '', 'roof': '', 'ac_platform': '', 'plant_room': '', 'garden': '', 'yard': ''}",4.25,4.25,7179,7179.054054054054,26011300660025,6724680,PRO-ASP,HSSW,小西灣,1995/05,1995,31,H,30,5,2,CHEERFUL GARDEN,富怡花園,False
4173,2026-01-12,"CHEERFUL GARDEN(Phase 1),Block 1,SIU SAI WAN RD|富怡花園1期,1座,小西灣道",3622.5299361250813,709,587,"{'bay_window': '', 'flat_roof': '', 'roof': '', 'ac_platform': '', 'plant_room': '', 'garden': '', 'yard': ''}",4.1,4.1,6985,6984.667802385008,26011400290023,6725618,ASP,HSSW,小西灣,1995/05,1995,31,J,4,1,1,CHEERFUL GARDEN,富怡花園,False
4175,2025-12-24,"HARMONY GARDEN(Phase 2),Block 4,SIU SAI WAN RD|富欣花園2期,4座,小西灣道",4564.966591700179,693,592,"{'bay_window': '', 'flat_roof': '', 'roof': '', 'ac_platform': '', 'plant_room': '', 'garden': '', 'yard': ''}",5.1,5.1,8615,8614.864864864865,26012002160025,6730482,PRO-ASP,HSSW,小西灣,1997/03,1997,29,B,21,4,2,HARMONY GARDEN,富欣花園,False
4176,2026-01-19,"HARMONY GARDEN(Phase 1),Block 1,SIU SAI WAN RD|富欣花園1期,1座,小西灣道",4100.061527408279,693,592,"{'bay_window': '', 'flat_roof': '', 'roof': '', 'ac_platform': '', 'plant_room': '', 'garden': '', 'yard': ''}",4.68,4.68,7905,7905.405405405405,26012301570020,6733173,ASP,HSSW,小西灣,1997/03,1997,29,H,6,1,1,HARMONY GARDEN,富欣花園,False
4177,2026-01-13,"HARMONY GARDEN(Phase 2),Block 4,SIU SAI WAN RD|富欣花園2期,4座,小西灣道",4452.3641945957015,504,431,"{'bay_window': '', 'flat_roof': '', 'roof': '', 'ac_platform': '', 'plant_room': '', 'garden': '', 'yard': ''}",3.7,3.7,8585,8584.686774941996,26012301650113,6733192,ASP,HSSW,小西灣,1997/03,1997,29,K,20,4,2,HARMONY GARDEN,富欣花園,False
4179,2026-01-21,"CHEERFUL GARDEN(Phase 1),Block 3,SIU SAI WAN RD|富怡花園1期,3座,小西灣道",3767.1505486870947,716,592,"{'bay_window': '', 'flat_roof': '', 'roof': '', 'ac_platform': '', 'plant_room': '', 'garden': '', 'yard': ''}",4.3,4.3,7264,7263.513513513513,26013001650051,6737959,ASP,HSSW,小西灣,1995/05,1995,31,D,12,3,1,CHEERFUL GARDEN,富怡花園,False
4181,2026-01-28,"CHEERFUL GARDEN(Phase 1),Block 1,SIU SAI WAN RD|富怡花園1期,1座,小西灣道",3649.036252730875,709,587,"{'bay_window': '', 'flat_roof': '', 'roof': '', 'ac_platform': '', 'plant_room': '', 'garden': '', 'yard': ''}",4.13,4.13,7036,7035.775127768314,26020400480082,6740222,ASP,HSSW,小西灣,1995/05,1995,31,H,14,1,1,CHEERFUL GARDEN,富怡花園,False
4182,2026-01-28,"CHEERFUL GARDEN(Phase 1),Block 3,SIU SAI WAN RD|富怡花園1期,3座,小西灣道",3679.542396392046,716,592,"{'bay_window': '', 'flat_roof': '', 'roof': '', 'ac_platform': '', 'plant_room': '', 'garden': '', 'yard': ''}",4.2,4.2,7095,7094.594594594595,26020400980025,6740405,ASP,HSSW,小西灣,1995/05,1995,31,G,8,3,1,CHEERFUL GARDEN,富怡花園,False
4183,2026-02-02,"CHEERFUL GARDEN(Phase 2),Block 5,SIU SAI WAN RD|富怡花園2期,5座,小西灣道",2692.226785701676,716,592,"{'bay_window': '', 'flat_roof': '', 'roof': '', 'ac_platform': '', 'plant_room': '', 'garden': '', 'yard': ''}",4.08,4.08,6892,6891.891891891892,26020401560107,6740577,ASP,HSSW,小西灣,1995/05,1995,31,H,27,5,2,CHEERFUL GARDEN,富怡花園,False
